date,gps_raw_up_mm,gps_detrended_mm,gps_seasonal_mm,hydl_original_up_mm,hydl_seasonal_mm,gps_minus_hydl_mm,poroelastic_mm
2021-01-01,-937.0776119402984,-4.0677828732949255,-1.764397485117421,-2.2644348,1.1867338785712664,-2.951131363688688,-0.0648613860392999
2021-01-02,-937.1047164179104,-4.111647312268165,-1.7831901022278074,-2.386836,1.243922494087094,-3.0271125963149013,-0.0742164364718614
2021-01-03,-937.1318208955224,-4.155611029007745,-1.8012747529488249,-2.599844,1.3006671425890044,-3.101941895537829,-0.0834915110874447
2021-01-04,-937.1589253731344,-4.199639042737989,-1.818668707197916,-2.895835,1.3569480192268906,-3.1756167264248063,-0.0926826439133951
2021-01-05,-937.1860298507464,-4.243701023410783,-1.835389378972009,-2.8975022,1.412745556978727,-3.248134935950736,-0.1017859656806774
2021-01-06,-937.2131343283584,-4.2877755996139655,-1.8514543028289605,-3.0707479,1.468040434295132,-3.319494737124092,-0.1107977060503326
2021-01-07,-937.2402388059702,-4.331894597634792,-1.866881110593705,-3.052008,1.5228135825316051,-3.3896946931253105,-0.1197141957226571
2021-01-08,-937.267343283582,-4.376019167557059,-1.8816875083108184,-3.166578,1.57704619316519,-3.4587337014760084,-0.128531868427439
2021-01-09,-937.294447761194,-4.4201048636132025,-1.895891253464673,-3.0975094,1.630719724792594,-3.526610978257267,-0.1372472627937521
2021-01-10,-937.321552238806,-4.464209835864988,-1.909510132487844,-3.1164384,1.683815909907035,-3.593326042394879,-0.1458570240979394
2021-01-11,-937.348656716418,-4.5083194556515656,-1.9225619385778188,-3.0811114,1.736316761451348,-3.658878700029167,-0.1543579058885669
2021-01-12,-937.37576119403,-4.552390721491521,-1.935064449841507,-3.396638,1.7882045791451155,-3.723269028986623,-0.1627467714872739
2021-01-13,-937.4028656716418,-4.596362992288607,-1.9470354077864576,-3.6252565,1.8394619555838865,-3.786497363370344,-0.1710205953645971
2021-01-14,-937.4299701492538,-4.640312475394143,-1.9584924961770351,-3.5359244,1.890071782108752,-3.848564278285787,-0.1791764643899866
2021-01-15,-937.4570746268656,-4.6841509655730125,-1.9694533202732296,-3.48549,1.9400172544448264,-3.909470574718056,-0.1872115789553873
2021-01-16,-937.4841791044776,-4.727879568009726,-1.97993538646912,-3.3977633,1.9892818781074764,-3.969217264576596,-0.1951232539719033
2021-01-17,-937.5112835820896,-4.771531522614588,-1.9899560823473388,-3.3219244,2.0378494735752737,-4.027805555922613,-0.2029089197392133
2021-01-18,-937.5383880597014,-4.815100567876255,-1.9995326571652725,-3.2366316,2.0857041812290618,-4.085236838394334,-0.2105661226875619
2021-01-19,-937.5654925373134,-4.8585161473026925,-2.008682202788019,-3.1741002,2.1328304660566504,-4.141512668844669,-0.2180925259922836
2021-01-20,-937.5925970149252,-4.90185396624775,-2.0174216350824383,-3.0950313,2.179213122122936,-4.196634757205374,-0.2254859100609841
2021-01-21,-937.6197014925372,-4.944982601364701,-2.025767675786027,-3.0298204,2.224837276805548,-4.250604952591575,-0.2327441728936396
2021-01-22,-937.6468059701492,-4.9879701423104885,-2.0337368348635345,-2.9888954,2.269688394796266,-4.3034252296598,-0.2398653303160261
2021-01-23,-937.6739104477612,-5.030759275493806,-2.04134539336362,-2.9372733,2.3137522818687875,-4.355097675232408,-0.2468475160870412
2021-01-24,-937.7010149253732,-5.073351112360074,-2.0486093867871165,-2.9759662,2.357015088413596,-4.405624475200712,-0.2536889818806209
2021-01-25,-937.728119402985,-5.115748247586722,-2.055544588977785,-3.0061607,2.3994633127409752,-4.45500790171876,-0.2603880971430978
2021-01-26,-937.755223880597,-5.157898672345259,-2.062166496545649,-3.0122836,2.4410838041533696,-4.503250300699019,-0.2669433488270049
2021-01-27,-937.7823283582088,-5.199851383531242,-2.068490313832411,-3.3675137,2.4818637657886167,-4.550354079621028,-0.2733533410024449
2021-01-28,-937.8094328358208,-5.241514414599551,-2.074530938427591,-3.5942583,2.521790757235701,-4.596321695663292,-0.2796167943473149
2021-01-29,-937.8365373134328,-5.282999500977828,-2.080302947243444,-3.602711,2.560852696924972,-4.641155644168416,-0.2857325455177912
2021-01-30,-937.8636417910448,-5.324275790730074,-2.085820583155881,-3.6109834,2.59903786429495,-4.68485844745083,-0.2916995464006233
2021-01-31,-937.8907462686568,-5.365216383707929,-2.0910977422179764,-3.7662668,2.6363349017380635,-4.72743264395604,-0.2975168632489293
2021-02-01,-937.9178507462686,-5.405925344842661,-2.096147961451898,-3.962749,2.672732816327847,-4.768880777779745,-0.3031836757033009
2021-02-02,-937.9449552238806,-5.446267498311573,-2.100984407224383,-4.125312,2.7082209813303564,-4.809205388554739,-0.3086992757001639
2021-02-03,-937.9720597014924,-5.486356965737587,-2.105619864210176,-4.278017,2.7427891375027444,-4.848409001712921,-0.3140630662694713
2021-02-04,-937.9991641791044,-5.526053928978104,-2.1100667249471474,-4.2039795,2.7764273941821,-4.886494119129248,-0.3192745602239172
2021-02-05,-938.0262686567164,-5.565471842046004,-2.114336979986104,-4.14462,2.809126230167868,-4.923463210153972,-0.3243333787419941
2021-02-06,-938.0533731343284,-5.604554142603473,-2.1184422086375907,-4.068814,2.840876494401339,-4.95931870303893,-0.3292392498473238
2021-02-07,-938.0804776119404,-5.64328816736523,-2.122393570317352,-3.9905014,2.8716694064458417,-4.994062976763194,-0.3339920067868155
2021-02-08,-938.1075820895522,-5.681702576142419,-2.1262017964913595,-3.8956158,2.901496556771453,-5.027698353262813,-0.3385915863103026
2021-02-09,-938.1346865671642,-5.7196787138952745,-2.129877183220715,-3.7922785,2.930349906848213,-5.060227090068928,-0.3430380268544379
2021-02-10,-938.161791044776,-5.757299308259632,-2.1334295843060254,-3.7013252,2.9582217890519225,-5.091651373357948,-0.3473314666337094
2021-02-11,-938.188895522388,-5.794470118859509,-2.136868405030228,-3.785034,2.985104906386816,-5.121973311417044,-0.3514721416415544
2021-02-12,-938.216,-5.831245205438371,-2.140202596498169,-3.843126,3.010992332029476,-5.151194928527644,-0.3554603835646394
2021-02-13,-933.408,-1.059867200265106,-2.1434406505706387,-4.1738577,3.0358775086985124,-5.179318159269151,-0.3592966176134676
2021-02-14,-935.982,-3.670747756677433,-2.14659059538991,-4.2216945,3.0597542478546504,-5.20634484324456,-0.3629813602725642
2021-02-15,-935.583,-3.308795044271931,-2.149659991493268,-4.3952503,3.0826167287359527,-5.232276720229221,-0.3665152169735752
2021-02-16,-932.304,-0.0669923698107242,-2.1526559285103706,-4.389831,3.1044594972330457,-5.257115425743416,-0.3698988796946929
2021-02-17,-937.021,-4.821428830604473,-2.15558502243974,-4.315888,3.1252774646092893,-5.2808624870490295,-0.3731331244898981
2021-02-18,-935.735,-3.5729886139472997,-2.158453413499089,-4.352612,3.145065906070911,-5.30351931957,-0.3762188089515845
2021-02-19,-931.628,0.4962977601649834,-2.1612667645436594,-4.4780245,3.163820459192232,-5.325087223735892,-0.3791568696101904
2021-02-20,-935.7,-3.6136354890363744,-2.1640302600461925,-4.552812,3.181537122201161,-5.345567382247353,-0.3819483192745279
2021-02-21,-930.688,1.3603545710397893,-2.1667486056316307,-4.5343633,3.198212252130208,-5.364960857761838,-0.3845942443165613
2021-02-22,-932.761,-0.750861514701342,-2.1694260281591533,-4.505205,3.213842562838299,-5.383268590997453,-0.3870958019044331
2021-02-23,-934.384,-2.412278863013547,-2.172066276343671,-4.444209,3.228425122908779,-5.40049139925245,-0.3894542171875879
2021-02-24,-936.809,-4.875847077549496,-2.174672621908378,-4.3598833,3.241957353428948,-5.416629975337326,-0.3916707804378856
2021-02-25,-934.048,-2.153437603803721,-2.1772478612595862,-4.3176703,3.254437025656576,-5.4316848869161625,-0.3937468441506347
2021-02-26,-930.842,1.0137910644119232,-2.17979431767455,-4.3111687,3.2658622585788293,-5.445656576253379,-0.3956838201095098
2021-02-27,-929.114,2.7028438419542686,-2.1823138439926257,-4.2564673,3.276231516369051,-5.458545360361677,-0.397483176419345
2021-02-28,-928.943,2.8347256436804247,-2.184807825799685,-4.1939883,3.2855436057468723,-5.470351431546558,-0.3991464345108186
2021-03-01,-929.98,1.7584413844471558,-2.1872771850953066,-4.1096315,3.293797673247093,-5.481074858342399,-0.4006751661210644
2021-03-02,-925.85,5.848995979111636,-2.189722384431936,-4.020698,3.300993202402799,-5.490715586834735,-0.4020709902542545
2021-03-03,-927.517,4.142352872951272,-2.192143431514838,-3.9344602,3.3071300108481183,-5.499273442362956,-0.4033355701262093
2021-03-04,-934.458,-2.8384404040288835,-2.1945398842513386,-3.8532636,3.3122082473460366,-5.506748131597375,-0.4044706100970976
2021-03-05,-930.264,1.3156366731508533,-2.196910856237552,-3.9462209,3.31622838874664,-5.513139244984192,-0.4054778525962768
2021-03-06,-933.254,-1.7144417954739672,-2.199255022670504,-4.0766416,3.3191912368810765,-5.518446259551581,-0.4063590750433308
2021-03-07,-932.302,-0.8026557069702747,-2.2015706266732917,-4.0448556,3.3210979153965683,-5.52266854206986,-0.4071160867693347
2021-03-08,-934.579,-3.12016810038455,-2.203855486020645,-3.9958546,3.321949866537635,-5.52580535255828,-0.4077507259423786
2021-03-09,-936.146,-4.727642735781616,-2.2061070002520986,-4.0101457,3.321748847878712,-5.527855848130811,-0.4082648565013415
2021-03-10,-931.943,-0.5652224968504227,-2.2083221581596706,-4.018544,3.320496929013231,-5.528819087172902,-0.4086603651018914
2021-03-11,-929.034,2.303082332878994,-2.2104975456368363,-3.9628656,3.318196488204172,-5.528694033841008,-0.408939158078653
2021-03-12,-935.465,-4.168723335735439,-2.212629353875393,-3.8895314,3.3148502090009857,-5.527479562876379,-0.4091031584274484
2021-03-13,-936.477,-5.221451065542698,-2.2147133878966274,-3.8357577,3.3104610768277243,-5.525174464724351,-0.4091543028114682
2021-03-14,-936.464,-5.249257753132142,-2.2167450754031144,-3.931375,3.305032375547085,-5.5217774509502,-0.4090945385952036
2021-03-15,-933.139,-1.9649879995453183,-2.2187194759373443,-4.004153,3.2985676840049822,-5.517287159942327,-0.4089258209098897
2021-03-16,-926.527,4.606200928679659,-2.220631290333247,-3.9390924,3.2910708725601663,-5.511702162893413,-0.4086501097541831
2021-03-17,-930.794,0.2983139967477138,-2.2224748704466672,-3.8738322,3.282546099603237,-5.505020970049904,-0.4082693671337238
2021-03-18,-929.386,1.6653561698638004,-2.2242442291507696,-3.9191575,3.272997808069343,-5.497242037220113,-0.4077855542431594
2021-03-19,-933.155,-2.144667586766623,-2.225933050582272,-3.9556322,3.262430721948668,-5.488363772530939,-0.4072006286941663
2021-03-20,-940.145,-9.175752307938788,-2.2275347006244424,-3.9442933,3.250849842798708,-5.47838454342315,-0.4065165417928957
2021-03-21,-932.164,-1.235841849569319,-2.229042237612786,-3.8793597,3.238260446262173,-5.467302683874959,-0.4057352358702249
2021-03-22,-931.801,-0.9139810346009544,-2.2304484232493067,-3.9041076,3.2246680785942354,-5.455116501843542,-0.4048586416680978
2021-03-23,-936.666,-5.820164890249592,-2.2317457337113638,-3.861732,3.2100785532026546,-5.441824286914018,-0.4038886757851539
2021-03-24,-933.339,-2.534256228382182,-2.232926370941105,-3.8448882,3.1944979472041832,-5.427424318145288,-0.402827238184761
2021-03-25,-931.372,-0.6083786987553135,-2.2339822741015607,-3.8476925,3.177932598000493,-5.411914872102054,-0.4016762097684702
2021-03-26,-930.716,0.0064726909941066,-2.234905131185578,-3.788367,3.160389099876683,-5.395294231062261,-0.4004374500178188
2021-03-27,-932.877,-2.1956970667703253,-2.2356863907638598,-3.721497,3.141874300625271,-5.37756069138913,-0.3991127947073008
2021-03-28,-932.209,-1.5688829796854222,-2.236317273858496,-3.682978,3.122395298198416,-5.358712572056913,-0.3977040536912269
2021-03-29,-927.454,3.144919944612197,-2.2367887859284936,-3.6327028,3.101959437390911,-5.338748223319405,-0.3962130087670899
2021-03-30,-926.392,4.1657166984859,-2.2370917289539825,-3.5529344,3.080574306556334,-5.3176660355103165,-0.3946414116179335
2021-03-31,-929.337,1.179512274298951,-2.237216713605898,-3.476539,3.0582477343585546,-5.295464447964452,-0.3929909818361199
2021-04-01,-930.313,0.1623116644148048,-2.237154171488169,-3.3963213,3.034987786560622,-5.272141958048791,-0.3912634050307697
2021-04-02,-930.189,0.2451198611966625,-2.2368943674395534,-3.31137,3.0108027628528578,-5.247697130292411,-0.3894603310210308
2021-04-03,-935.432,-5.039058142991893,-2.236427411882541,-3.2400742,2.9857011937218,-5.222128605604341,-0.3875833721172143
2021-04-04,-930.752,-0.4001299832234426,-2.235743273206895,-3.1633396,2.959691837361471,-5.195435110568367,-0.3856341014917073
2021-04-05,-927.607,2.7038243345557387,-2.234831790175669,-3.0912416,2.9327836766282256,-5.167615466803895,-0.3836140516414549
2021-04-06,-931.331,-1.0611901843525795,-2.233682684341737,-3.02361,2.904985916040268,-5.138668600382005,-0.3815247129436657
2021-04-07,-927.826,2.4028314653539606,-2.2322855724631467,-2.991325,2.8763079788227275,-5.108593551285875,-0.3793675323062793
2021-04-08,-928.502,1.6858069164127705,-2.230629978905867,-2.966813,2.846759503998993,-5.077389482904859,-0.3771439119145869
2021-04-09,-928.355,1.791642778208775,-2.228705348022712,-2.9271379,2.8163503435288133,-5.045055691551525,-0.3748552080752791
2021-04-10,-926.051,4.054338984100314,-2.2265010564975767,-2.8923888,2.785090559493497,-5.011591615991074,-0.3725027301590525
2021-04-11,-929.616,0.4473810712863795,-2.2240064256443537,-2.8263538,2.752990421328318,-4.976996846972671,-0.3700877396427686
2021-04-12,-925.371,4.650297548311866,-2.2212107336501807,-2.7674935,2.7200604031020905,-4.941271136752271,-0.3676114492520325
2021-04-13,-925.803,4.398695807149727,-2.218103227753012,-2.7153826,2.6863111808436653,-4.904414408596677,-0.3650750222049108
2021-04-14,-926.235,3.701536097411729,-2.2146731363437704,-2.669911,2.651753629914902,-4.866426766258672,-0.3624795715573788
2021-04-15,-932.166,-2.271877603214309,-2.210909680983673,-2.614814,2.616398822429514,-4.827308503413187,-0.3598261596509385
2021-04-16,-925.86,3.991591231528197,-2.2068020883276094,-2.548452,2.5802580247169997,-4.787060113044609,-0.3571157976627249
2021-04-17,-930.966,-1.1571001749178746,-2.2023396019448214,-2.4680223,2.543342694830652,-4.745682296775474,-0.3543494452582623
2021-04-18,-928.34,1.4260916796283272,-2.1975114940283875,-2.3927083,2.5056644800985315,-4.70317597412692,-0.3515280103469013
2021-04-19,-924.993,4.730166553303482,-2.1923070769854256,-2.3228853,2.467235214716049,-4.659542291701474,-0.348652348939837
2021-04-20,-928.274,1.4055626536250827,-2.186715714900184,-2.2690635,2.4280669173786635,-4.614782632278848,-0.3457232651104479
2021-04-21,-928.834,0.8019399839860255,-2.18072683486258,-2.2020705,2.388171788953063,-4.568898623815644,-0.3427415110565819
2021-04-22,-925.443,4.149222766854465,-2.174329938155036,-2.1471171,2.3475622101849405,-4.521892148339976,-0.3397077872642545
2021-04-23,-926.172,3.376358883738824,-2.167514611290855,-2.0869253,2.306250739441448,-4.473765350732303,-0.3366227427721147
2021-04-24,-930.752,-1.2481524730472175,-2.1602705368976443,-2.1321728,2.264250110486129,-4.4245206473837735,-0.3334869755358659
2021-04-25,-932.121,-2.661567253816145,-2.152587504439699,-2.253468,2.221573230284079,-4.3741607347237785,-0.3303010328917281
2021-04-26,-925.777,3.637943561193962,-2.144455420773565,-2.2445743,2.1782331768348717,-4.322688597608437,-0.3270654121178661
2021-04-27,-929.364,0.0057515290028851,-2.1358643205313217,-2.1823409,2.1342431970306857,-4.270107517562007,-0.3237805610925973
2021-04-28,-928.22,1.1045015042759063,-2.12680437632649,-2.1270645,2.0896167045369256,-4.216421080863416,-0.3204468790480507
2021-04-29,-926.796,2.4831929195072746,-2.1172659087778065,-2.0732715,2.0443672776924693,-4.161633186470276,-0.3170647174178261
2021-04-30,-931.753,-2.519098825839007,-2.107239396346378,-2.024044,1.998508657426613,-4.105748053772992,-0.3136343807770736
2021-05-01,-933.94,-4.751342574316896,-2.096715484982133,-2.022771,1.952054745189598,-4.048770230171731,-0.3101561278732941
2021-05-02,-924.871,4.27253966992558,-2.085684997575766,-1.9651568,1.9050196008935385,-3.990704598469304,-0.3066301727460334
2021-05-03,-924.305,4.793130888748416,-2.0741389432126884,-1.9002347,1.8574174408604545,-3.931556384073143,-0.3030566859335279
2021-05-04,-931.824,-2.771430587612232,-2.0620685262258323,-1.833677,1.809262635773996,-3.871331161999828,-0.299435795764244
2021-05-05,-933.09,-4.083025520493139,-2.0494651550444543,-1.7435738,1.760569708631375,-3.810034863675829,-0.2957675897311375
2021-05-06,-928.501,0.4604688072847689,-2.03632045083638,-1.6679131,1.711353332691929,-3.7476737835283087,-0.2920521159463449
2021-05-07,-930.721,-1.8050109478967784,-2.0226262559414456,-1.6141436,1.6616283294186496,-3.684254585360095,-0.2882893846739215
2021-05-08,-929.087,-0.2163919308159636,-2.008374642094179,-1.564494,1.6114096664089623,-3.619784308503141,-0.2844793699381269
2021-05-09,-925.667,3.1582498913333734,-1.993557918434032,-1.5176375,1.5607124553109566,-3.554270373744989,-0.2806220112046562
2021-05-10,-925.332,3.4479757791389165,-1.978168639301756,-1.4555768,1.5095519497212198,-3.487720589022976,-0.2767172151321311
2021-05-11,-928.296,0.4383785824314987,-1.9621996118208247,-1.3888552,1.4579435430603822,-3.420143154881207,-0.2727648573910498
2021-05-12,-931.119,-2.430139535713999,-1.9456439032630013,-1.3163825,1.4059027664224248,-3.351546669685426,-0.2687647845473263
2021-05-13,-934.267,-5.623583624349794,-1.9284948481974395,-1.2363963,1.3534452863937887,-3.2819401345912285,-0.2647168160074423
2021-05-14,-929.014,-0.4158591711515398,-1.910746055422967,-1.1653126,1.3005869028382795,-3.2113329582612464,-0.2606207460221716
2021-05-15,-927.361,1.1920073883151652,-1.892391414683388,-1.1045578,1.2473435466437532,-3.139734961327141,-0.2564763457457383
2021-05-16,-929.629,-1.1211001685973816,-1.8734251031659188,-1.0511985,1.1937312774265567,-3.0671563805924755,-0.2522833653472133
2021-05-17,-925.886,2.576967279136202,-1.8538415917830533,-1.0059721,1.1397662811896938,-2.9936078729727478,-0.2480415361708698
2021-05-18,-926.282,2.1361793263807534,-1.833635651238377,-0.9920147,1.0854648679306949,-2.9191005191690715,-0.2437505729421616
2021-05-19,-930.065,-1.6917333521177902,-1.812802357877034,-0.9656596,1.0308434691951762,-2.8436458270722103,-0.2394101760159168
2021-05-20,-931.7,-3.371638936412974,-1.7913370993217796,-0.97901016,0.9759186355721116,-2.767255734893891,-0.2350200336632902
2021-05-21,-929.8975,-1.6138597710099996,-1.769235579895646,-0.97644925,0.920707034126849,-2.689942614022495,-0.2305798243939636
2021-05-22,-928.095,0.1441078224079874,-1.7464938258325136,-0.9449241,0.8652254457679599,-2.6117192716004736,-0.2260892193100278
2021-05-23,-932.947,-4.752232477842711,-1.7231081902769734,-0.9086639,0.8094907625440444,-2.5325989528210178,-0.2215478844879433
2021-05-24,-926.983,1.1678018162120662,-1.699075358075016,-0.8924866,0.7535199848666796,-2.452595342941696,-0.216955483384939
2021-05-25,-939.208,-11.100959567811156,-1.6743923503572409,-0.8834389,0.6973302186557512,-2.371722569012992,-0.2123116792661641
2021-05-26,-930.228,-2.164333700394642,-1.6490565289164163,-0.8149824,0.6409386724034745,-2.2899952013198908,-0.207616137648892
2021-05-27,-927.743,0.2775087687726474,-1.623065600381263,-0.7999936,0.5843626541535175,-2.2074282545347805,-0.2028685287600377
2021-05-28,-928.186,-0.2084284289729709,-1.5964176201885167,-0.75799954,0.5276195683916797,-2.1240371885801963,-0.1980685300032419
2021-05-29,-926.889,1.0458584377050482,-1.5691109963553964,-0.69615954,0.4707269128447129,-2.0398379092001093,-0.193215828431749
2021-05-30,-923.746,4.146373100143464,-1.5411444930546447,-0.6340044,0.4137022751839526,-1.9548467682385973,-0.1883101232233057
2021-05-31,-926.991,0.8589347222566959,-1.5125172339944204,-0.5697015,0.356563329630538,-1.8690805636249583,-0.1833511281532953
2021-06-01,-929.568,-1.7602632986491442,-1.4832287056053808,-0.50580984,0.2993278334591188,-1.7825565390644995,-0.1783385740623261
2021-06-02,-923.537,4.228782740671251,-1.453278760037308,-0.4562607,0.242013623397068,-1.695292383434376,-0.173272211314496
2021-06-03,-926.828,0.8954200561959857,-1.4226676179677114,-0.39401472,0.1846386119163546,-1.607306229884066,-0.1681518122425608
2021-06-04,-923.195,4.486239015320194,-1.3913958712248375,-0.3346687,0.1272207834153528,-1.5186166546401905,-0.1629771735762607
2021-06-05,-924.509,3.130078594104614,-1.359464485227544,-0.300819,0.0697781902880325,-1.4292426755155765,-0.1577481188500592
2021-06-06,-926.732,0.864757144380329,-1.3268748012445075,-0.27019748,0.0123289488780983,-1.3392037501226062,-0.1524645007865941
2021-06-07,-922.917,4.637241238132491,-1.2936285384752355,-0.24449325,-0.0451087646841703,-1.2485197737910654,-0.1471262036521535
2021-06-08,-925.987,1.5245347108172105,-1.25972779595532,-0.20052578,-0.10251671876449,-1.15721107719083,-0.1417331455805301
2021-06-09,-925.0055,2.463082740846577,-1.2251750542883588,-0.16601099,-0.1598766306284744,-1.0652984236598844,-0.1362852808616458
2021-06-10,-924.024,3.401573444204609,-1.1899731772069742,-0.15718578,-0.2171701709686235,-0.9728030062383506,-0.1307826021913824
2021-06-11,-926.978,0.7504801926085944,-1.154125412965235,-0.21240778,-0.2743789685559759,-0.8797464444092591,-0.1252251428790956
2021-06-12,-929.932,-2.5934993175547074,-1.117635395564829,-0.23582634,-0.3314846150178078,-0.7861507805470213,-0.1196129790093547
2021-06-13,-930.905,-3.60953286902776,-1.0805071458172333,-0.24610278,-0.3884686697425811,-0.6920384760746522,-0.1139462315544936
2021-06-14,-931.472,-4.219152913653417,-1.042745072244036,-0.2434881,-0.445312664913133,-0.5974324073309032,-0.1082250684346298
2021-06-15,-927.144,0.066643543087137,-1.0043539718175571,-0.19255804,-0.5019981106689193,-0.5023558611486378,-0.1024497065218689
2021-06-16,-930.303,-3.13575990995729,-0.965339030543768,-0.11985342,-0.5585065003978921,-0.4068325301458759,-0.096620413585488
2021-06-17,-922.445,4.679303862365402,-0.9257058238894776,-0.039873216,-0.6148193161584071,-0.3108865077310705,-0.0907375101749568
2021-06-18,-921.66,5.419871581793631,-0.8854603170555962,0.034761045,-0.6709180342313354,-0.2145422828242608,-0.0848013714377416
2021-06-19,-923.151,3.8848617229843816,-0.8446088650982484,0.09620424,-0.7267841308023268,-0.1178247342959215,-0.0788124288689188
2021-06-20,-926.932,0.0593209549091948,-0.8031582128993588,0.15013233,-0.7823990877739752,-0.0207591251253836,-0.0727711719897058
2021-06-21,-929.088,-2.140735413775574,-0.7611154949882248,0.20302753,-0.8377443987073874,0.0766289037191625,-0.0666781499521129
2021-06-22,-921.389,5.514539866512846,-0.7184882352154858,0.25422552,-0.8928015748924568,0.174313339676971,-0.0605339730670117
2021-06-23,-918.827,8.032258131662093,-0.6752843462807716,0.31318736,-0.9475521515458926,0.2722678052651209,-0.0543393142530132
2021-06-24,-925.213,1.6011113014002143,-0.6315121291151514,0.35660124,-1.0019776941358514,0.3704655650206999,-0.0480949104036496
2021-06-25,-914.475,12.294474932875078,-0.5871802721194407,0.40006155,-1.056059804831757,0.4688795327123164,-0.0418015636704553
2021-06-26,-922.369,4.350373462254606,-0.5422978502592106,0.4440331,-1.1097801290776854,0.5674822788184748,-0.0354601426596583
2021-06-27,-923.455,3.213449864342917,-0.4968743240172518,0.49481615,-1.1631203622874569,0.666246038270205,-0.0290715835402943
2021-06-28,-923.347,3.271361226905946,-0.4509195382041022,0.5519457,-1.2160622566593162,0.765142718455214,-0.0226368910616723
2021-06-29,-920.565,5.97080447445502,-0.404443720627073,0.6056431,-1.2685876281078874,0.8641439074808144,-0.016157139478242
2021-06-30,-929.077,-2.628198012178542,-0.3574574806180944,0.6553897,-1.3206783633108212,0.9632208826927268,-0.0096334733800238
2021-07-01,-920.592,5.771754519769993,-0.3099718074205383,0.69660914,-1.3723164268673351,1.0623446194467967,-0.0030671084268882
2021-07-02,-919.116,7.164657043319841,-0.2619980684350231,0.7354969,-1.4234838685656106,1.1614858001305874,0.0035406680149024
2021-07-03,-914.754,11.44550452990859,-0.2135480073240762,0.7776238,-1.4741628307557688,1.2606148234316925,0.010188496335359
2021-07-04,-925.028,1.0922919493733811,-0.1646337419753602,0.8219846,-1.5243355558249367,1.3597018138495764,0.0168749442439704
2021-07-05,-918.648,7.39501426993643,-0.1152677623230301,0.8576919,-1.5739843937706448,1.4587166314476143,0.0235985064346552
2021-07-06,-939.95,-13.982333541812356,-0.0654629280266417,0.8783532,-1.6230918098686296,1.557628881841988,0.0303576043535393
2021-07-07,-915.985,9.909392881657094,-0.0152324660068927,0.9073333,-1.6716403924308163,1.6564079264239238,0.0371505860704913
2021-07-08,-917.633,8.190043160883434,0.0354100321626818,0.95393413,-1.7196128606491032,1.755022892811785,0.0439757262552415
2021-07-09,-917.934,7.81961227958474,0.086450613009071,1.0087233,-1.766992072520286,1.853442685529357,0.0508312262587359
2021-07-10,-919.759,5.927095219781424,0.1378749640593331,1.0457004,-1.8137610328473024,1.9516359969066357,0.0577152143002771
2021-07-11,-920.626,4.994486961779511,0.1896684168876388,1.0805699,-1.8599029013117083,2.049571318199347,0.0646257457608432
2021-07-12,-922.33,3.226782484155671,0.2418159503112176,1.1258307,-1.9054010006121296,2.1472169509233474,0.0715608035828452
2021-07-13,-919.388,6.106976763739734,0.2943021937367078,1.1839235,-1.950238824663206,2.244541018399914,0.0785182987764468
2021-07-14,-917.994,7.441064775600661,0.3471114306586398,1.2303598,-1.9944000468493404,2.3415114775079804,0.0854960710324267
2021-07-15,-919.058,6.319041493029449,0.4002276023117761,1.2651237,-2.037868528327401,2.438096130639177,0.0924918894414277
2021-07-16,-919.997,5.323901887524012,0.4536343114792238,1.2920126,-2.080628326372276,2.5342626378515,0.0995034533192989
2021-07-17,-922.878,2.388640928773606,0.5073148264583053,1.3145306,-2.1226637027590627,2.629978529217368,0.1065283931380913
2021-07-18,-923.609,1.6052535846432503,0.5612520851862868,1.3580976,-2.163959132175433,2.72521121736172,0.1135642715621387
2021-07-19,-921.76,3.403734821158907,0.6154286995281427,1.3893692,-2.2044993106575888,2.819928010185732,0.1206085845885094
2021-07-20,-920.742,4.3730796024913365,0.6698269597286363,1.4074882,-2.244269164043029,2.914096123771665,0.1276587627909808
2021-07-21,-915.809,9.25928289094158,0.7244288390310548,1.4302467,-2.283253856433189,3.0076826954642444,0.1347121726665515
2021-07-22,-919.724,5.299339646925821,0.7792159984650174,1.4485624,-2.3214387986588774,3.100654797123895,0.1417661180833705
2021-07-23,-916.662,8.318244828960182,0.8341697918058419,1.4706835,-2.358809656741261,3.192979448547103,0.1488178418288284
2021-07-24,-918.04,6.898993393646144,0.8892712707079851,1.4958032,-2.3953523603410525,3.2846236310490378,0.1558645272564217
2021-07-25,-919.418,5.481580295655375,0.9445011900151578,1.5293204,-2.4310531111883664,3.375554301203524,0.1629033000298728
2021-07-26,-915.011,9.851000487715664,0.9998400132496904,1.5529988,-2.4658983914856365,3.465738404735327,0.1699312299628577
2021-07-27,-908.572,16.254248920595614,1.0552679182838065,1.5833766,-2.499874972275854,3.5551428905596607,0.1769453329525607
2021-07-28,-917.298,7.494320543090798,1.1107648031954425,1.6140583,-2.53296992176826,3.643734724963703,0.1839425730051609
2021-07-29,-916.955,7.805210302009001,1.1663102923112854,1.6489111,-2.5651706136135606,3.7314809059248457,0.1909198643512192
2021-07-30,-916.321,8.408913142155708,1.2218837424396458,1.681402,-2.5964647351206307,3.818348477560277,0.1978740736488222
2021-07-31,-919.557,5.1444240063208655,1.277464249295833,1.6996683,-2.626840295406572,3.904304544702405,0.2048020222722202
2021-08-01,-917.473,7.201737835263294,1.3330306541226289,1.725192,-2.656285633471954,3.989316287594583,0.2117004886835714
2021-08-02,-921.041,3.608849567698043,1.3885615505084252,1.739759,-2.68478942619298,4.073350976701406,0.2185662108853083
2021-08-03,-921.646,2.9807541402820323,1.444035291405566,1.7622898,-2.712340696222276,4.156375987627841,0.2253958889505145
2021-08-04,-922.096,2.5094464875995506,1.4994299963513436,1.7856292,-2.7389288197899604,4.238358816141304,0.2321861876286026
2021-08-05,-916.568,8.017921542149558,1.5547235588940564,1.8030636,-2.764543534396609,4.319267093290666,0.2389337390234834
2021-08-06,-920.951,3.617174234331852,1.6098936542264408,1.807089,-2.7891749463897275,4.399068600616168,0.245635145341304
2021-08-07,-916.117,8.435199492432442,1.6649177470287058,1.8052322,-2.8128135384153,4.477731285444006,0.2522869817047499
2021-08-08,-919.553,4.984992242611768,1.7197730995232736,1.8103448,-2.835450176736018,4.555223276259292,0.2588857990307961
2021-08-09,-919.499,5.0265474088904165,1.774436779743248,1.8196256,-2.8570761184077518,4.631512898151,0.265428126968726
2021-08-10,-916.595,7.919859913135595,1.828885670016484,1.8265777,-2.877683018305905,4.706568688322389,0.2719104768951249
2021-08-11,-917.368,7.137924675049162,1.883096475666984,1.854353,-2.89726293599327,4.780359411660254,0.2783293449624917
2021-08-12,-920.479,4.019736612153029,1.93704573393524,1.8926566,-2.9158083424210584,4.852854076356298,0.2846812151980281
2021-08-13,-924.734,-0.2407093602221737,1.9907098231189144,1.9300615,-2.933312126454838,4.924021949573753,0.2909625626490926
2021-08-14,-919.563,4.926581671048405,2.0440649719351502,1.9640458,-2.9497676012171654,4.993832573152316,0.2971698565717335
2021-08-15,-922.472,2.01560461687268,2.0970872691055624,1.9741787,-2.9651685102387515,5.062255779344314,0.3032995636586549
2021-08-16,-920.638,3.849354385927557,2.149752673164804,1.9953088,-2.9795090334101157,5.129261706574919,0.3093481513029091
2021-08-17,-910.26,14.228825884647163,2.2020370224933665,1.9998833,-2.9927837927257377,5.194820815219105,0.3153120908935499
2021-08-18,-919.87,4.622014017210453,2.253916045575094,2.0079238,-3.004987857812852,5.258903903387946,0.3211878611394276
2021-08-19,-923.723,0.7739136855283757,2.305365371479624,2.0038567,-3.016116751237101,5.321482122716725,0.3269719514172726
2021-08-20,-929.641,-5.137480210768448,2.356360540569759,1.9899809,-3.0261664535774533,5.382526994147213,0.3326608651401516
2021-08-21,-917.395,7.1168272256589225,2.4068770154335253,1.9911075,-3.035133408262822,5.442010423696347,0.3382511231423658
2021-08-22,-913.643,10.878830889844313,2.456890192040388,1.9969379,-3.04301452616308,5.499904718203467,0.3437392670768099
2021-08-23,-919.931,4.602525674505693,2.5063754111208785,2.0186114,-3.0498071899272383,5.556182601048117,0.3491218628207944
2021-08-24,-916.381,8.165906470032628,2.555307969768555,2.0532298,-3.0555092580617385,5.610817227830293,0.3543955038863043
2021-08-25,-919.139,5.422968164474368,2.603663133262979,2.1003842,-3.060119068742002,5.663782202004981,0.3595568148306586
2021-08-26,-923.917,0.6617056435286708,2.65141614711208,2.1210012,-3.063635443350556,5.715051590462636,0.3646024546635034
2021-08-27,-918.55,6.04711379052984,2.698542249311964,2.1315522,-3.0660576897352105,5.764599939047175,0.3695291202460941
2021-08-28,-921.224,3.3931874864369087,2.745016682821939,2.1430066,-3.067385605181035,5.812402288002974,0.3743335496787881
2021-08-29,-919.445,5.193921609823194,2.790814708252201,2.1579309,-3.067619479090032,5.858434187342233,0.3790125256726912
2021-08-30,-915.585,9.077311036863552,2.835911616761289,2.1760943,-3.0667600953626506,5.902671712123939,0.3835628789013995
2021-08-31,-919.895,4.792350641324707,2.8802827431601057,2.1784992,-3.064808734475517,5.945091477635623,0.3879814913288007
2021-09-01,-917.319,7.395035294552785,2.923903479218954,2.1670127,-3.06176717525,5.985670654468954,0.3922652995088993
2021-09-02,-913.369,11.373359865462962,2.96674928717368,2.1630769,-3.0576376963064407,6.02438698348012,0.3964112978536729
2021-09-03,-919.66,5.112319220528547,3.0087957134267214,2.184016,-3.0524230771992094,6.061218790625931,0.4004165418649735
2021-09-04,-915.302,9.501908223770087,3.050018402438403,2.1937673,-3.0461265992279176,6.09614500166632,0.4042781513265389
2021-09-05,-917.986,6.851121736743796,3.090393110803592,2.2004366,-3.0387520459204587,6.12914515672405,0.4079933134522015
2021-09-06,-920.289,4.582954618532552,3.129895721508347,2.2254393,-3.030303703183816,6.160199424692163,0.4115592859864339
2021-09-07,-922.668,2.2404017257336006,3.168502258360915,2.2524934,-3.02078635911883,6.189288617479745,0.4149734002534077
2021-09-08,-923.626,1.3204579124493945,3.206188900591,2.273191,-3.010205303495444,6.216394204086443,0.4182330641508068
2021-09-09,-915.705,9.281118030276389,3.242931997610905,2.295629,-2.998566326885254,6.241498324496158,0.421335765084678
2021-09-10,-919.114,5.913376928295388,3.278708083931746,2.2231414,-2.98587571944845,6.264583803380196,0.424279072841672
2021-09-11,-924.334,0.7362294530609175,3.3134938942275878,2.2333899,-2.972140269372597,6.285634163600184,0.4270606423950914
2021-09-12,-924.208,0.9057493322790622,3.3472663785399344,2.253298,-2.957367260961004,6.304633639500938,0.4296782166412313
2021-09-13,-920.422,4.735875541181312,3.3800027176146954,2.2680213,-2.9415644723687424,6.321567189983438,0.4321296290625691
2021-09-14,-921.027,4.1748012117429125,3.411680338363324,2.2729099,-2.924740172984732,6.336420511348056,0.4344128063144479
2021-09-15,-913.601,11.646188894765444,3.442276929439482,2.2895503,-2.906903120458612,6.349180049898094,0.4365257707319701
2021-09-16,-917.065,8.228999804331355,3.4717704569222,2.3116488,-2.888062557371484,6.3598330142936845,0.4384666427539099
2021-09-17,-921.527,3.815241420469996,3.500139180096133,2.311692,-2.8682282075499463,6.36836738764608,0.4402336432605462
2021-09-18,-918.327,7.064765923136641,3.527361667319165,2.0010755,-2.847410272023169,6.374771939342335,0.4418250958224105
2021-09-19,-924.327,1.1156206168161065,3.5534168119672507,1.8834614,-2.825619424623138,6.379036236590389,0.4432394288570351
2021-09-20,-920.507,4.987119624525824,3.5782838484459867,1.8948165,-2.8028668072285314,6.381150655674518,0.444475177690909
2021-09-21,-922.663,2.8837419296838123,3.601942368258133,1.9101858,-2.779164024653038,6.381106392911171,0.4455309865239297
2021-09-22,-919.672,5.928755208780253,3.624372336115872,1.9387984,-2.75452313917931,6.378895475295182,0.4464056102937686
2021-09-23,-925.007,0.6490942102058606,3.6455541060863177,1.9739716,-2.7289566647400827,6.374510770826401,0.4470979164376733
2021-09-24,-921.262,4.4504606060689165,3.665468437758432,1.9972281,-2.702477560748356,6.367945998506789,0.4476068865493387
2021-09-25,-920.365,5.405015049921796,3.6840965124191576,2.0363736,-2.675099225578907,6.359195737998064,0.4479316179286133
2021-09-26,-918.029,7.798941070644459,3.7014199492263087,2.0465665,-2.64683548970374,6.348255438930048,0.448071325021911
2021-09-27,-922.059,3.8276055750744034,3.7174208213654167,1.8529117,-2.6177006084844683,6.335121429849885,0.4480253407513375
2021-09-28,-922.948,2.9985698049029166,3.7320816721774177,1.7823167,-2.587709254624983,6.319790926802401,0.4477931177306613
2021-09-29,-920.096,5.911455914121139,3.74538553124384,1.7872488,-2.5568765102880864,6.302262041531926,0.4473742293663868
2021-09-30,-923.087,2.982182381559189,3.757315930415796,1.7527899,-2.5252178588801897,6.282533789295986,0.4467683708423254
2021-10-01,-920.358,5.773612704526504,3.7678569197728646,1.7553941,-2.492749176508476,6.260606096281341,0.4459753599861807
2021-10-02,-923.245,2.949544109337247,3.77699308349768,1.7576426,-2.4594867231153272,6.236479806613007,0.444995138016825
2021-10-03,-922.687,3.57163129125425,3.784709555651815,1.7908496,-2.4254471332951413,6.210156688946956,0.4438277701710511
2021-10-04,-919.754,6.569637580623147,3.7909920358382543,1.8315166,-2.390647406799029,6.181639442637284,0.4424734462087432
2021-10-05,-922.456,3.9337520380596818,3.795826804735659,1.8422315,-2.355104898733237,6.150931703468896,0.4409324807955497
2021-10-06,-922.053,4.403976616414864,3.799200739489272,1.8395225,-2.318837309457458,6.11803804894673,0.4392053137622729
2021-10-07,-929.442,-2.916754660852278,3.801101328943232,1.8525892,-2.281862674189569,6.082964003132801,0.4372925102403416
2021-10-08,-927.7193333333332,-2.2004554443568214,3.801516688698879,1.8254923,-2.244199352323648,6.045716041022526,0.4351947606728751
2021-10-09,-925.9966666666668,-0.4764468181976129,3.8004355759833945,1.8243048,-2.2058660164684523,6.006301592451846,0.4329128807009909
2021-10-10,-924.274,1.8223344858571784,3.797847404313092,1.8142403,-2.1668816412138887,5.9647290455269815,0.4304478109251565
2021-10-11,-922.5513333333332,4.263643336824456,3.793742257935469,1.7975024,-2.127265491633295,5.921007749568764,0.4278006165415236
2021-10-12,-920.8286666666668,6.415159754570661,3.788110906034031,1.7670058,-2.087037111529692,5.875148017563722,0.4249724868533409
2021-10-13,-919.106,7.844690870015506,3.780944816679861,1.6933051,-2.04621631143447,5.82716112811433,0.4219647346576777
2021-10-14,-918.457,8.567571390792473,3.7722361705137457,1.6858732,-2.0048231563672565,5.777059326881002,0.4187787955078439
2021-10-15,-920.87,6.229491567551037,3.761977874142702,1.697278,-1.9628779533660288,5.724855827508731,0.4154162268520291
2021-10-16,-915.572,11.603258621874414,3.750163573234646,1.7116998,-1.9204012387968052,5.670564812031452,0.411878707048839
2021-10-17,-920.167,7.084921671441474,3.736787665294953,1.6447213,-1.8774137654525476,5.614201430747499,0.4081680342605409
2021-10-18,-916.964,10.365540251584628,3.72184531210868,1.6034553,-1.833936489451138,5.555781801559818,0.4042861252249911
2021-10-19,-915.666,11.741374585151112,3.705332451832176,1.6392504,-1.789990556942617,5.495323008774793,0.4002350139073281
2021-10-20,-926.047,1.438819005631666,3.6872458107179313,1.5129865,-1.7455972906360475,5.432843101353979,0.3960168500327004
2021-10-21,-928.384,-0.8187884011823394,3.667582914456501,1.4220695,-1.7007781761566862,5.368361090613187,0.3916338975013952
2021-10-22,-925.228,2.4170465725065635,3.646342099119452,0.8611656,-1.655554848244317,5.301896947363769,0.3870885326879062
2021-10-23,-920.581,7.144003738421391,3.6235225216874096,0.72337127,-1.6099490768038711,5.233471598491281,0.3823832426255926
2021-10-24,-909.498,18.307832508033336,3.599124170147321,0.07775891,-1.5639827528196333,5.163106922966954,0.3775206230787302
2021-10-25,-920.34,7.5473234643231635,3.5731478731432795,-0.2408119,-1.5176778741445764,5.090825747287856,0.372503376503886
2021-10-26,-922.272,5.697623743735636,3.545595309165383,-0.39969078,-1.4710565311765118,5.016651840341895,0.3673343099026699
2021-10-27,-914.201,13.85169755146882,3.516469015261237,-0.49596635,-1.4241408924329766,4.940609907694214,0.3620163325680605
2021-10-28,-917.477,10.659622247481462,3.4857723952550157,-0.51758426,-1.376953190036899,4.862725585291914,0.3565524537266137
2021-10-29,-914.022,14.198907051079484,3.453509727459112,-0.53594935,-1.3295157051252788,4.78302543258439,0.3509457800789984
2021-10-30,-927.171,1.1348133659150044,3.4196861718637512,-0.6055532,-1.2818507531932457,4.701536925056997,0.3451995132414127
2021-10-31,-915.735,12.656193837812872,3.3843077767901213,-0.5738282,-1.2339806693859936,4.618288446176114,0.3393169470905604
2021-11-01,-918.49,9.987072823426532,3.3473814849929378,-0.69623876,-1.1859277937512265,4.533309278744165,0.3333014650149817
2021-11-02,-921.956,6.607581360310999,3.308915139198608,-0.6770938,-1.1377144564648285,4.4466295956634365,0.3271565370756318
2021-11-03,-925.518,3.1326188352160464,3.26891748706554,-0.65417594,-1.0893629630426191,4.358280450108159,0.3208857170787292
2021-11-04,-921.809,6.929136842850351,3.227398185553473,-1.0160729,-1.0408955795510717,4.268293765104544,0.3144926395639788
2021-11-05,-920.682,8.143513976900724,3.184367804689038,-1.1175616,-0.9923345178300088,4.176702322519047,0.3079810167113914
2021-11-06,-925.031,3.882214255384942,3.1398378307152317,-1.1909344,-0.9437019207403012,4.0835397514555325,0.3013546351700082
2021-11-07,-921.031,7.970222575235815,3.093820668612828,-1.1612258,-0.8950198474496602,3.988840516062489,0.2946173528119399
2021-11-08,-923.489,5.600766172140613,3.0463296439822227,-1.0967774,-0.8463102587696413,3.892639902751864,0.2877730954152085
2021-11-09,-923.061,6.117910702701497,2.997379004274612,-1.350567,-0.7975950025569964,3.794974006831608,0.2808258532789805
2021-11-10,-920.212,9.056703060095618,2.946983919361959,-1.3328165,-0.748895799192503,3.695879718554462,0.2737796777748419
2021-11-11,-924.88,4.478969649361646,2.8951604814356124,-1.3633155,-0.7002342271504144,3.595394708586027,0.2666386778378606
2021-11-12,-927.371,2.0787589787021377,2.841925704223963,-1.3954207,-0.6516317086716226,3.4935574128955853,0.259407016401237
2021-11-13,-926.195,3.3459909403299037,2.7872975215201263,-1.355935,-0.6031094955536058,3.3904070170737324,0.2520889067784265
2021-11-14,-925.491,4.1412868947546,2.7312947850110563,-1.3589411,-0.5546886550701823,3.2859834400812384,0.2446886089966659
2021-11-15,-926.089,3.634318252327521,2.673937261400187,-1.4060513,-0.5063900560340119,3.1803273174341986,0.237210426085909
2021-11-16,-920.182,9.632736101005078,2.615245628816188,-1.3946245,-0.4582343550147271,3.073479983830915,0.2296587003272124
2021-11-17,-922.596,7.310497835098641,2.5552414725010597,-1.3367118,-0.4102419827254684,2.9654834552265275,0.2220378094646835
2021-11-18,-921.497,8.501557811695413,2.493947279771373,-1.2995908,-0.3624331305905019,2.8563804103618757,0.2143521628851203
2021-11-19,-922.565,7.52541681350572,2.4313864342471607,-1.3518934,-0.3148277375064656,2.7462141717536266,0.2066061977695398
2021-11-20,-922.445,7.737302325856943,2.367583209343488,-1.2946614,-0.2674454768096772,2.635028686153165,0.1988043752207993
2021-11-21,-924.318,5.956369721195002,2.302562761020498,-1.2570018,-0.2203057434617659,2.5228685044822643,0.1909511763715632
2021-11-22,-923.504,6.862775622151987,2.236351119788361,-1.2181371,-0.1734276414657397,2.409778761254101,0.1830510984768829
2021-11-23,-927.387,3.072537886034626,2.168975181964207,-1.217389,-0.1268299715244412,2.295805153488648,0.1751086509956768
2021-11-24,-920.789,9.763722294699209,2.100462700178848,-1.1687495,-0.080531218953126,2.180993919131974,0.1671283516654128
2021-11-25,-926.478,4.167507528947013,2.030842273131843,-1.1722655,-0.0345495418577257,2.065391814989569,0.1591147225743059
2021-11-26,-925.09675,5.12395589267934,1.9601433345940744,-1.1833707,0.0110972404098697,1.949046094184205,0.151072286235341
2021-11-27,-923.7155,7.116676179488913,1.8883961416578392,-1.1681229,0.0563916585083951,1.832004483149444,0.1430055616664376
2021-11-28,-922.33425,9.109626126902716,1.8156317622351323,-1.1751193,0.1013166040647879,1.7143151581703444,0.1349190604810567
2021-11-29,-920.953,10.066667538750924,1.7418820618055753,-1.1301572,0.1458553403221388,1.5960267214834365,0.1268172829935498
2021-11-30,-924.38,6.733576194585577,1.66717968941618,-1.1072711,0.1899915124676441,1.4771881769485358,0.1187047143435198
2021-12-01,-922.58,8.62747996693364,1.591558062935923,-1.0897765,0.2337091576304895,1.3578489053054337,0.1105858206434549
2021-12-02,-926.687,4.614647909776456,1.5150513535688506,-1.0417943,0.2769927145398508,1.2380586390289998,0.1024650451538563
2021-12-03,-930.794,0.602104814276615,1.43769446963022,-0.98290884,0.3198270328335214,1.1178674367966983,0.0943468044900588
2021-12-04,-927.749,3.7418413102973274,1.3595230395909723,-0.9375382,0.3621973820079634,0.997325657583009,0.0862354848649
2021-12-05,-926.381,5.204848027702148,1.280573394396586,-0.8899659,0.4040894600009187,0.8764839343956673,0.0781354383713544
2021-12-06,-922.03,9.65111559635432,1.2008825490671784,-0.8885997,0.4454894013980281,0.7553931476691502,0.0700509793091982
2021-12-07,-926.145,5.6313615978377465,1.1204881835864902,-0.91940284,0.4863837852552602,0.6341043983312299,0.0619863805597269
2021-12-08,-923.695,8.176842290505098,1.0394286230881755,-0.9217231,0.5267596425292974,0.5126689805588781,0.0539458700124742
2021-12-09,-919.694,12.27347347294786,0.9577428173486212,-0.9549862,0.5666044631083821,0.3911383542402391,0.0459336270478426
2021-12-10,-925.939,6.124288230165329,0.8754703195963168,-0.9644982,0.6059062024365066,0.2695641171598102,0.0379537790794682
2021-12-11,-925.119,7.040036707573769,0.7926512646485229,-1.1804696,0.6446532877241891,0.1479979769243338,0.0300103981600829
2021-12-12,-918.569,13.68569765431086,0.709326346386867,-1.6031104,0.6828346237394884,0.0264917226473785,0.0221074976545621
2021-12-13,-925.708,6.641432200760439,0.6255367945841961,-2.0612707,0.7204395981732852,-0.094902803589089,0.0142490289837601
2021-12-14,-923.049,9.395297361752483,0.5413243510958181,-2.228878,0.7574580865732616,-0.2161337354774435,0.006438878442657
2021-12-15,-919.464,13.075157490968987,0.4567312454290522,-2.4378765,0.7938804568414365,-0.3371492114123843,-0.0013191359037493
2021-12-16,-925.209,7.425072277756951,0.3718001697057401,-2.6085715,0.8296975732905083,-0.4578974035847681,-0.0090212672434635
2021-12-17,-931.154,1.5748993520745531,0.2865742530331607,-2.5586228,0.864900800254696,-0.5783265472215353,-0.0166638429561854
2021-12-18,-931.161,1.66280843888363,0.20109703529951,-2.5566087,0.8994820052511856,-0.6983849699516755,-0.0242432674645207
2021-12-19,-928.829,4.089789815266874,0.1154124404108695,-2.6181283,0.9334335616887376,-0.8180211212778681,-0.0317560249946775
2021-12-20,-923.107,10.698212692357233,0.0295647489873057,-2.6340742,0.9667483511204322,-0.9371836021331263,-0.0391986822437092
2021-12-21,-917.385,15.7234894859355,-0.0564014294635385,-2.6363156,0.9994197650379943,-1.0558211945015328,-0.0465678909504839
2021-12-22,-917.856,15.347115977351985,-0.1424411848762821,-2.7429473,1.0314417062055652,-1.1738828910818473,-0.0538603903676697
2021-12-23,-919.6845,13.437482449947016,-0.2285093354413189,-3.1153145,1.062808589531264,-1.2913179249725828,-0.0610730096321483
2021-12-24,-921.513,11.879299079002884,-0.3145604568815586,-3.3711698,1.0935153424753166,-1.408075799356875,-0.0682026700313808
2021-12-25,-919.189,14.297760363783166,-0.4005489121712791,-3.5710983,1.1235574049940018,-1.5241063171652809,-0.0752463871633853
2021-12-26,-926.731,6.849678062824856,-0.4864288816753352,-3.8020644,1.152930729019115,-1.6393596106944504,-0.0822012729881039
2021-12-27,-922.715,10.959556658090971,-0.5721543936863472,-3.9848723,1.1816317774731224,-1.7537861711594696,-0.0890645377680649
2021-12-28,-928.178,5.590343624268421,-0.6576793553368206,-3.996361,1.2096575228206352,-1.867336878157456,-0.0958334918963839
2021-12-29,-940.891,-7.028929479228821,-0.7429575838626404,-4.0528626,1.2370054451572945,-1.979963029019935,-0.1025055476102763
2021-12-30,-940.8742358845672,-6.935272128087081,-0.8279428381937199,-4.0463476,1.2636735298376356,-2.091616368031356,-0.1090782205883912
2021-12-31,-940.8574717691343,-6.841693694478009,-0.9125888508470772,-4.062998,1.28966026464395,-2.2022491154910275,-0.1155491314304116
2022-01-01,-940.8407076537014,-6.748203933293563,-0.9968493600970528,-4.0460606,1.3149646364986436,-2.3118139965956965,-0.1219160070175169
2022-01-02,-940.8239435382686,-6.654812599426258,-1.0806781423968777,-4.0105276,1.3395861277230294,-2.4202642701199077,-0.1281766817524235
2022-01-03,-940.8071794228356,-6.561529447768505,-1.1640290450252997,-4.435011,1.363524711845992,-2.527553756871292,-0.1343290986778869
2022-01-04,-940.7904153074028,-6.468364233212823,-1.246856018931493,-4.7224703,1.3867808489663649,-2.6336368678978577,-0.1403713104726759
2022-01-05,-940.77365119197,-6.375326710651275,-1.3291131517510797,-4.8442893,1.4093554806733914,-2.738468632424471,-0.146301480324178
2022-01-06,-940.756887076537,-6.282426634976613,-1.4107547009655743,-4.9286194,1.4312500245300106,-2.842004725495585,-0.152117882676948
2022-01-07,-940.7401229611042,-6.1896737610809005,-1.491735127177286,-5.1396313,1.4524663681242445,-2.9442014953015305,-0.1578189038566528
2022-01-08,-940.7233588456712,-6.097077843856656,-1.572009127471232,-5.0593686,1.4730068626943316,-3.045015990165564,-0.1634030425690129
2022-01-09,-940.7065947302384,-6.004648638196292,-1.6515316688353532,-4.9893875,1.4928743163337477,-3.144405985169101,-0.1688689102734905
2022-01-10,-940.6898306148056,-5.91239589899232,-1.7302580216099306,-4.9137383,1.5120719867826675,-3.242330008392598,-0.1742152314316249
2022-01-11,-940.6730664993728,-5.820329381136812,-1.808143792936893,-4.860782,1.5306035738128665,-3.33874736674976,-0.1794408436300612
2022-01-12,-940.65630238394,-5.728458839522399,-1.8851449601793693,-4.802756,1.5484732112134416,-3.433618171392811,-0.1845446975784652
2022-01-13,-940.639538268507,-5.636794029041376,-1.961217904281668,-4.7696557,1.565685458385237,-3.5269033626669053,-0.1895258569826709
2022-01-14,-940.622774153074,-5.545344704585919,-2.036319443039596,-4.7010503,1.5822452915521694,-3.618564734591765,-0.1943834982935455
2022-01-15,-940.6060100376412,-5.454120621048781,-2.1104068642509404,-4.6243873,1.598158094598129,-3.708564958849069,-0.1991169103322178
2022-01-16,-940.5892459222084,-5.36313153332225,-2.183437958715695,-4.5514665,1.6134296495384894,-3.796867608254185,-0.2037254937924417
2022-01-17,-940.5724818067756,-5.2723871962985065,-2.255371053055613,-4.4818435,1.6280661266356615,-3.8834371796912746,-0.2082087606210331
2022-01-18,-940.5557176913426,-5.181897364870183,-2.3261650423224407,-4.4074383,1.6420740741684967,-3.9682391164909374,-0.2125663332774466
2022-01-19,-940.5389535759098,-5.09167179392958,-2.3957794223643165,-4.340774,1.655460407865729,-4.051239830230045,-0.2167979438737063
2022-01-20,-940.5221894604769,-5.001720238369092,-2.464174321919619,-4.327357,1.6682324000139908,-4.132406721933609,-0.2209034331960477
2022-01-21,-940.505425345044,-4.91205245308091,-2.5313105344076856,-4.2669644,1.6803976682512896,-4.211708202658976,-0.2248827496097612
2022-01-22,-940.4886612296112,-4.822678192957657,-2.5971495493858496,-4.1900144,1.69196416405719,-4.28911371344304,-0.2287359478488775
2022-01-23,-940.4718971141782,-4.733607212891633,-2.661653583642233,-4.1148105,1.7029401609512471,-4.364593744593481,-0.2324631876924456
2022-01-24,-940.4551329987454,-4.64484926777513,-2.724785611893977,-4.049772,1.7133342424115807,-4.438119854305558,-0.2360647325293212
2022-01-25,-940.4383688833124,-4.556414112500782,-2.7865093970606254,-3.9748914,1.7231552895257718,-4.509664686586397,-0.2395409478134824
2022-01-26,-940.4216047678796,-4.468311501960655,-2.846789520082614,-3.889181,1.7324124683865498,-4.579201988469164,-0.2428922994120365
2022-01-27,-940.4048406524468,-4.380551191047264,-2.905591409254983,-3.8006668,1.7411152172450606,-4.646706626500044,-0.2461193518482007
2022-01-28,-940.3880765370138,-4.293142934653251,-2.962881369046723,-3.720941,1.7492732334347127,-4.712154602481435,-0.2492227664416651
2022-01-29,-940.371312421581,-4.20609648767056,-3.018626608376383,-3.6444225,1.7568964600789196,-4.775523068455303,-0.2522032993488594
2022-01-30,-940.354548306148,-4.119421604991946,-3.0727952683149047,-3.598725,1.7639950725962457,-4.836790340911151,-0.2550617995057706
2022-01-31,-940.3377841907152,-4.033128041509469,-3.125356449187009,-3.606896,1.770579465016745,-4.895935914203754,-0.2577992064760635
2022-02-01,-940.3210200752824,-3.947225552115652,-3.1762802370427616,-3.5553744,1.7766602361234476,-4.952940473166209,-0.2604165482073744
2022-02-02,-940.3042559598496,-3.861723891703011,-3.2255377294714336,-3.529753,1.7822481754331885,-5.007785904904622,-0.2629149386987404
2022-02-03,-940.2874918444166,-3.7766328151638495,-3.2731010607301454,-3.510075,1.7873542490311478,-5.060455309761293,-0.265295575582253
2022-02-04,-940.2707277289836,-3.691962077390219,-3.3189434261602733,-3.4910233,1.791989585273645,-5.110933011433918,-0.2675597376220935
2022-02-05,-940.2539636135508,-3.607721433275105,-3.363039105865102,-3.4379363,1.7961654603738852,-5.159204566238987,-0.2697087821342303
2022-02-06,-940.237199498118,-3.5239206377104564,-3.405363487622742,-3.3677378,1.7998932838855108,-5.205256771508253,-0.2717441423301283
2022-02-07,-940.2204353826852,-3.44056944558879,-3.445893089008845,-3.3142264,1.8031845840989336,-5.249077673107779,-0.2736673245879251
2022-02-08,-940.2036712672524,-3.357677611802633,-3.484605578704323,-3.2644677,1.806050993365528,-5.290656572069851,-0.2754799056545902
2022-02-09,-940.1869071518194,-3.275254891244044,-3.521479796963826,-3.2262943,1.808504233364884,-5.32998403032871,-0.2771835297826863
2022-02-10,-940.1701430363864,-3.1933110388056587,-3.556495775221416,-3.1833506,1.8105561003303872,-5.367051875551804,-0.2787799058054019
2022-02-11,-940.1533789209536,-3.1118558093797706,-3.5896347548105574,-3.129241,1.8122184502484515,-5.401853205059009,-0.2802708041536096
2022-02-12,-940.1366148055208,-3.0308989578589056,-3.620879204776255,-3.0636759,1.8135031840468103,-5.434382388823066,-0.2816580538187652
2022-02-13,-940.119850690088,-2.95045023913512,-3.650212838757864,-2.9960709,1.8144222327872783,-5.464635071545142,-0.2829435392655138
2022-02-14,-940.103086574655,-2.870519408101054,-3.677620630921947,-2.9885714,1.814987542878428,-5.492608173800375,-0.2841291972979413
2022-02-15,-940.0863224592222,-2.791116219649224,-3.7030888309252536,-2.9672685,1.815211061323619,-5.518299892248873,-0.2852170138834412
2022-02-16,-940.0695583437893,-2.7122504286716973,-3.726604977888763,-2.9309409,1.8151047210198423,-5.541709698908606,-0.2862090209382268
2022-02-17,-940.0527942283564,-2.6339317900608794,-3.748157913364569,-2.9033997,1.8146804261227316,-5.5628383394873,-0.2871072930785538
2022-02-18,-940.0360301129236,-2.5561700587092906,-3.7677377932782337,-2.8517334,1.8139500374931496,-5.581687830771384,-0.2879139443417464
2022-02-19,-940.0192659974906,-2.478974989509457,-3.785336098830151,-2.8065038,1.8129253582406308,-5.598261457070782,-0.2886311248811676
2022-02-20,-940.0025018820578,-2.402356337353321,-3.800945646340341,-2.791017,1.811618119378867,-5.612563765719207,-0.2892610176392848
2022-02-21,-939.9857377666248,-2.3263238571337546,-3.8145605960220736,-2.8330224,1.8100399656084267,-5.6246005616305,-0.2898058350030045
2022-02-22,-939.968973651192,-2.250887303742812,-3.826176459670628,-2.8567545,1.808202441241668,-5.634378900912296,-0.2902678154454728
2022-02-23,-939.9522095357592,-2.176056432073022,-3.8357901072544975,-2.836315,1.806116976284764,-5.641907083539262,-0.2906492201585422
2022-02-24,-939.9354454203263,-2.101840997016785,-3.843399772397368,-2.7959514,1.803794872691584,-5.647194645088952,-0.2909523296801101
2022-02-25,-939.9186813048934,-2.0282507534663985,-3.8490050567401153,-2.7508855,1.8012472908040442,-5.65025234754416,-0.2911794405205349
2022-02-26,-939.9019171894604,-1.955295456314154,-3.8526069331732566,-2.7104204,1.7984852359933106,-5.651092169166567,-0.2913328617923325
2022-02-27,-939.8851530740276,-1.8829848604525647,-3.8542077479311647,-2.7447133,1.7955195455161277,-5.649727293447292,-0.2914149118473451
2022-02-28,-939.8683889585948,-1.811328720774167,-3.853811221540532,-2.8164039,1.7923608756002951,-5.646172097140827,-0.2914279149255507
2022-03-01,-939.851624843162,-1.7403367921711317,-3.851422448616612,-2.8454556,1.7890196887730907,-5.640442137389703,-0.2913741978196784
2022-03-02,-939.834860727729,-1.6700188295358576,-3.8470478965018513,-2.8564842,1.7855062414462464,-5.632554137948098,-0.2912560865597434
2022-03-03,-939.818096612296,-1.6003419663014569,-3.840695402742607,-2.8923411,1.7818305717707963,-5.622525974513403,-0.2910759031216168
2022-03-04,-939.8013324968632,-1.5313574206279306,-3.832374171400813,-2.88274,1.7780024877748772,-5.61037665917569,-0.2908359621636741
2022-03-05,-939.7845683814304,-1.4630749410957744,-3.8220947681985153,-2.8673747,1.7740315557972797,-5.596126323995796,-0.290538567795556
2022-03-06,-939.7678042659976,-1.395504276285612,-3.8098691144943793,-2.816638,1.7699270892292616,-5.579796203723641,-0.2901860103830123
2022-03-07,-939.7510401505648,-1.3286551747786302,-3.7957104800923376,-2.7597754,1.7656981375768233,-5.56140861766916,-0.2897805633927514
2022-03-08,-939.7342760351318,-1.2625373851549997,-3.779633474883808,-2.7086837,1.7613534758553406,-5.540986950739148,-0.2893244802811681
2022-03-09,-939.717511919699,-1.197160655995793,-3.761654039325919,-2.6843529,1.7569015943281197,-5.518555633654039,-0.2888199914307575
2022-03-10,-939.700747804266,-1.1325347358815223,-3.7417894337594526,-2.6353707,1.7523506886000784,-5.494140122359531,-0.2882693011379597
2022-03-11,-939.6839836888332,-1.0686693733930284,-3.720058226571276,-2.583824,1.747708650077443,-5.467766876648719,-0.2876745846561091
2022-03-12,-939.6672195734004,-1.0055743171108258,-3.6964802812072586,-2.5595236,1.7429830568039333,-5.439463338011192,-0.2870379852970933
2022-03-13,-939.6504554579676,-0.9432593156158672,-3.67107674204278,-2.720102,1.738181164683576,-5.409257906726356,-0.2863616115952399
2022-03-14,-939.6336913425346,-0.8817341174888895,-3.6438700191191273,-2.6828752,1.733309899099872,-5.377179918218999,-0.2856475345368792
2022-03-15,-939.6169272271017,-0.8210084713102965,-3.614883771755172,-2.9150095,1.728375846940652,-5.343259618695824,-0.2848977848589296
2022-03-16,-939.6001631116688,-0.761092125661035,-3.584142891044938,-2.8666863,1.7233852490375383,-5.307528140082477,-0.2841143504197747
2022-03-17,-939.583398996236,-0.7019948291217446,-3.5516734812527746,-2.8404737,1.718343993028524,-5.270017474281299,-0.2832991736456019
2022-03-18,-939.5666348808032,-0.6437263302731413,-3.5175028401189605,-2.792842,1.713257606651732,-5.2307604467706925,-0.2824541490552675
2022-03-19,-939.5498707653702,-0.586296377695966,-3.481659438089764,-2.8669734,1.7081312514780005,-5.189790689567765,-0.2815811208666639
2022-03-20,-939.5331066499372,-0.5297147199707233,-3.444172896487029,-2.8183532,1.7029697170894655,-5.147142613576495,-0.2806818806874498
2022-03-21,-939.5163425345044,-0.4739911056786123,-3.4050739646335195,-2.8072124,1.6977774157108887,-5.102851380344408,-0.2797581652928921
2022-03-22,-939.4995784190716,-0.4191352833998998,-3.364394495951328,-2.7957144,1.6925583772999813,-5.056952873251309,-0.2788116544934699
2022-03-23,-939.4828143036387,-0.3651570017154473,-3.322167423051751,-2.7552958,1.6873162451025294,-5.00948366815428,-0.2778439690947579
2022-03-24,-939.4660501882058,-0.3120660092059868,-3.2784267318360856,-2.6734312,1.6820542716776437,-4.9604810035137294,-0.2768566689520014
2022-03-25,-939.449286072773,-0.259872054452229,-3.233207434627899,-2.5829344,1.6767753153979483,-4.909982750025847,-0.2758512511216653
2022-03-26,-939.43252195734,-0.2085848860348331,-3.1865455423583224,-2.498831,1.67148183742908,-4.858027379787402,-0.2748291481121197
2022-03-27,-939.4157578419072,-0.1582142525346199,-3.138478035826953,-2.4300368,1.666175899192327,-4.804653935019281,-0.2737917262354927
2022-03-28,-939.3989937264744,-0.1087699025321029,-3.089042836061989,-2.4612055,1.6608591603137652,-4.749901996375755,-0.2727402840626032
2022-03-29,-939.3822296110416,-0.0602615846081331,-3.0382787738041435,-2.4300935,1.6555328770627364,-4.69381165086688,-0.2716760509827318
2022-03-30,-939.3654654956086,-0.0126990473434531,-2.9862255581399086,-2.4068153,1.6501979012820067,-4.636423459421915,-0.2706001858698868
2022-03-31,-939.3487013801756,0.0339079606813292,-2.932923744310641,-2.3531997,1.6448546798114234,-4.577778424122064,-0.2695137758570535
2022-04-01,-939.3319372647428,0.0795496908854804,-2.87841470072488,-2.2875636,1.6395032544063968,-4.517917955131276,-0.2684178352198018
2022-04-02,-939.31517314931,0.1242163946882559,-2.822740575202194,-2.235668,1.6341432621519938,-4.456883837354187,-0.2673133043704751
2022-04-03,-939.2984090338772,0.167898323508826,-2.7659442604777285,-2.2011054,1.6287739363729117,-4.39471819685064,-0.2662010489640476
2022-04-04,-939.2816449184444,0.2105857287666612,-2.7080693589974585,-2.4741201,1.623394108039118,-4.331463467036577,-0.2650818591165955
2022-04-05,-939.2648808030114,0.2522688618810296,-2.6491601470349697,-2.475899,1.618002207666369,-4.267162354701338,-0.2639564487371809
2022-04-06,-939.2481166875784,0.2929379742712079,-2.589261538161398,-2.4205062,1.6125962677103418,-4.20185780587174,-0.2628254549738108
2022-04-07,-939.2313525721456,0.3325833173563453,-2.5284190461008658,-2.351976,1.607173925452581,-4.135592971553447,-0.2616894377739813
2022-04-08,-939.2145884567128,0.3711951425559316,-2.4666787470045297,-2.3114092,1.6017324263759418,-4.068411173380472,-0.2605488795601747
2022-04-09,-939.19782434128,0.4087637012892298,-2.4040872411770344,-2.2672367,1.596268628026691,-4.000355869203725,-0.2594041850205361
2022-04-10,-939.181060225847,0.4452792449755183,-2.340691614289806,-2.268062,1.5907790043599273,-3.931470618649733,-0.2582556810148049
2022-04-11,-939.1642961104142,0.4812606986932373,-2.2765393981162827,-2.551354,1.5852596505644747,-3.8617990486807576,-0.2571036165954318
2022-04-12,-939.1475319949813,0.5161840063345018,-2.211678530824761,-2.642499,1.5797062883628443,-3.7913848191876056,-0.2559481631436681
2022-04-13,-939.1307678795484,0.5501569410742047,-2.146157316865088,-2.8218539,1.5741142717814482,-3.720271588646536,-0.2547894146202735
2022-04-14,-939.1140037641156,0.583086121759619,-2.0800243864859818,-2.965117,1.568478593385647,-3.648502979871629,-0.2536273879303306
2022-04-15,-939.0972396486826,0.6149321842094562,-2.0133286549202247,-2.9306972,1.562793890973798,-3.5761225458940227,-0.2524620234015256
2022-04-16,-939.0804755332498,0.645698996357126,-1.946119281275448,-3.113774,1.5570544547239369,-3.5031737359993853,-0.2512931853751037
2022-04-17,-939.0637114178168,0.6754204595611366,-1.878445627168618,-3.0632243,1.5512542347862537,-3.429699861954872,-0.2501206629085647
2022-04-18,-939.046947302384,0.7040441867034506,-1.81035721514276,-3.1585634,1.5453868493140577,-3.3557440644568173,-0.2489441705890295
2022-04-19,-939.0301831869511,0.7315603434650679,-1.741903686904723,-3.309053,1.5394455929254207,-3.281349279830144,-0.2477633494560647
2022-04-20,-939.0134190715182,0.7586449562982978,-1.67313476142316,-3.3932455,1.5334234455872908,-3.206558207010451,-0.2465777680326139
2022-04-21,-938.9966549560854,0.78462096043455,-1.6041001929261147,-3.562108,1.52731308191332,-3.131413274839435,-0.2453869234625526
2022-04-22,-938.9798908406524,0.8094786158796587,-1.534849728837842,-3.544331,1.5211068808663053,-3.0559566097041477,-0.2441902427532483
2022-04-23,-938.9631267252196,0.833261375779033,-1.465433067694658,-3.503977,1.5147969358556126,-2.9802300035502705,-0.2429870841213675
2022-04-24,-938.9463626097868,0.8564846156235717,-1.3958998170798005,-3.4276025,1.5083750652195949,-2.904274882299396,-0.2417767384400607
2022-04-25,-938.929598494354,0.8785774017196335,-1.3262994516172826,-3.3614962,1.50183282308255,-2.8281322746998327,-0.2405584307855039
2022-04-26,-938.912834378921,0.8995300778789179,-1.256681271064903,-3.295153,1.4951615105753808,-2.751842781640284,-0.2393313220806746
2022-04-27,-938.896070263488,0.9199784052121398,-1.1870943585464877,-3.2096484,1.488352187408714,-2.675446545955202,-0.2380945108340995
2022-04-28,-938.8793061480552,0.9392848417840868,-1.1175875389634848,-3.1762269,1.4813956837868378,-2.5989832227503227,-0.2368470349712054
2022-04-29,-938.8625420326224,0.9574398199829766,-1.048209337625902,-3.1154234,1.4742826126504789,-2.5224919502763807,-0.2355878737557794
2022-04-30,-938.8457779171896,0.9744337698867972,-0.979007939142538,-3.1961312,1.4670033822360118,-2.44601132137855,-0.2343159497989389
2022-05-01,-938.8290138017568,0.9902571192757694,-0.9100311466102524,-3.1543233,1.45954820893841,-2.3695793555486624,-0.2330301311528946
2022-05-02,-938.8122496863238,1.0049002936442069,-0.8413263411418341,-3.2296805,1.4519071304648796,-2.293233471606713,-0.2317292334866906
2022-05-03,-938.795485570891,1.0186280809098438,-0.7729404417718405,-3.1977053,1.444070019265765,-2.2170104610376056,-0.2304120223410005
2022-05-04,-938.778721455458,1.0314338663789933,-0.7049198657794266,-3.1225564,1.436026596229066,-2.140946462008493,-0.229077215458956
2022-05-05,-938.7619573400252,1.0430455694282337,-0.6373104894669254,-3.2117107,1.4277664446245475,-2.065076934091473,-0.2277234851898949
2022-05-06,-938.7451932245924,1.0534536871263445,-0.5701576094325729,-3.3623495,1.4192790242831697,-1.9894366337157423,-0.2263494609628222
2022-05-07,-938.7284291091594,1.062648714317806,-0.5035059043753308,-3.4933603,1.4105536859972974,-1.914059590372628,-0.224953731826286
2022-05-08,-938.7116649937266,1.0706211436366502,-0.437399397469371,-3.6135483,1.401579686126878,-1.8389790835962487,-0.2235348490512984
2022-05-09,-938.6949008782937,1.077361465518134,-0.3718814193452844,-3.6442153,1.3923462013965462,-1.7642276207418306,-0.2220913287938367
2022-05-10,-938.6781367628608,1.082890431119063,-0.306994571714522,-3.6115077,1.3828423438683846,-1.6898369155829065,-0.2206216548134051
2022-05-11,-938.661372647428,1.087516925089286,-0.2427806916730824,-3.5370731,1.37305717607487,-1.6158378677479523,-0.2191242812440427
2022-05-12,-938.644608531995,1.0908930488621262,-0.1792808167198008,-3.5461988,1.3629797262963186,-1.5422605430161194,-0.2175976354141303
2022-05-13,-938.6278444165622,1.09300934020243,-0.11653515052398,-3.5482183,1.3525990039670002,-1.4691341544909802,-0.2160401207112495
2022-05-14,-938.6110803011292,1.093856334741666,-0.0545830294764254,-3.5617676,1.3419040151938852,-1.3964870446703106,-0.2144501194883275
2022-05-15,-938.5943161856964,1.0934245659930362,0.0065371099427614,-3.4818263,1.330883778371888,-1.3243466684291263,-0.2128259960072233
2022-05-16,-938.5775520702636,1.091704565362981,0.0667877629470453,-3.4051442,1.3195273398793006,-1.2527395769322551,-0.2111660994158799
2022-05-17,-938.5607879548306,1.0886868621661776,0.1261323873451754,-3.298951,1.3078237898370364,-1.181691402491861,-0.2094687667551143
2022-05-18,-938.5440238393978,1.084397093819078,0.1845354335307316,-3.2316515,1.2957622779151647,-1.111226844384433,-0.2077323259910931
2022-05-19,-938.5272597239648,1.0789241731763326,0.2419623735294293,-3.1774244,1.2833320291701835,-1.0413696556407543,-0.2059550990694936
2022-05-20,-938.510495608532,1.072129686507992,0.298379729074904,-3.101586,1.2705223598963764,-0.9721426308214725,-0.2041354049873378
2022-05-21,-938.4937314930992,1.0640041797246909,0.3537550986846576,-3.0115159,1.2573226934745751,-0.9035675947899175,-0.2022715628784584
2022-05-22,-938.4769673776664,1.0545381967140468,0.4080571837088354,-2.9114943,1.2437225762016204,-0.835665392492785,-0.2003618951085349
2022-05-23,-938.4602032622334,1.0437222793553929,0.4612558133254418,-2.833081,1.2297116930837972,-0.7684558797583554,-0.1984047303756368
2022-05-24,-938.4434391468004,1.0315469675331066,0.5133219684566328,-2.776818,1.2152798835775205,-0.7019579151208877,-0.1963984068121925
2022-05-25,-938.4266750313676,1.0180027991513114,0.5642278045817885,-2.7081468,1.2004171572605846,-0.6361893526787962,-0.1943412750843128
2022-05-26,-938.4099109159348,1.0030803101489791,0.613946673424121,-2.6243174,1.1851137094173263,-0.5711670359932055,-0.192231701484388
2022-05-27,-938.393146800502,0.9867700345134676,0.6624531434886716,-2.5906672,1.1693599365210905,-0.5069067930324187,-0.1900680710128985
2022-05-28,-938.3763826850692,0.969062504295719,0.7097230194307119,-2.670239,1.153146451597491,-0.443423432166779,-0.187848790445386
2022-05-29,-938.3596185696362,0.9499482496249724,0.7557333602346477,-2.7329016,1.1364640994520303,-0.3807307392173826,-0.1855722913805506
2022-05-30,-938.3428544542032,0.9294177987231632,0.8004624961847829,-2.704768,1.1193039717457456,-0.3188414755609626,-0.1832370332654683
2022-05-31,-938.3260903387704,0.9076513719815438,0.8438900446104222,-2.626382,1.1016574219026996,-0.2577673772922774,-0.1808415063939436
2022-06-01,-938.3093262233376,0.8844549545221625,0.885996924389053,-2.5398242,1.0835160798332404,-0.1975191554441874,-0.1783842348740548
2022-06-02,-938.2925621079048,0.8598190970273105,0.9267653691925644,-2.4528759,1.0648718664571444,-0.13810649726458,-0.175863779560983
2022-06-03,-938.2757979924718,0.8344090705248011,0.9661789394627398,-2.3950326,1.0457170080109095,-0.0795380685481697,-0.173278740951259
2022-06-04,-938.259033877039,0.8076494359636026,1.004222533103491,-2.4484808,1.026044050123661,-0.0218215170201698,-0.1706277620346107
2022-06-05,-938.242269761606,0.7797049923172779,1.0408823948786372,-2.7033188,1.0058458716463523,0.0350365232322849,-0.1679095310996554
2022-06-06,-938.2255056461732,0.7507711421940471,1.0761461245053066,-2.6704993,0.9851156982191372,0.0910304262861693,-0.1651227844897216
2022-06-07,-938.2087415307404,0.720901777571477,1.1100026834343588,-2.5907087,0.9638471155620574,0.1461555678723014,-0.1622663093051628
2022-06-08,-938.1919774153074,0.6901152668357504,1.1424424003105518,-2.524492,0.9420340824744212,0.2004083178361305,-0.1593389460485904
2022-06-09,-938.1752132998746,0.6584910136704689,1.173456975106553,-2.426622,0.9196709435285289,0.2537860315780238,-0.1563395912095143
2022-06-10,-938.1584491844416,0.6258628052790502,1.203039481926154,-2.3775668,0.8967524414436696,0.3062870404824844,-0.1532671997849685
2022-06-11,-938.1416850690088,0.5928259517457253,1.2311843704735126,-2.4103668,0.8732737291266379,0.3579106413468746,-0.1501207877327695
2022-06-12,-938.124920953576,0.558604186098254,1.2578874661865236,-2.5687518,0.8492303813652916,0.408657084821232,-0.1468994343541445
2022-06-13,-938.1081568381431,0.5229718882501775,1.2831459690338054,-2.5508747,0.8246184061620326,0.4585275628717727,-0.1436022846025541
2022-06-14,-938.0913927227102,0.4859202964809768,1.3069584509761991,-2.5217037,0.7994342556944132,0.5075241952817859,-0.1402285513156238
2022-06-15,-938.0746286072772,0.4474406474132752,1.329324852094979,-2.4612286,0.7736748368904237,0.5556500152045553,-0.1367775173671992
2022-06-16,-938.0578644918444,0.4091885631366825,1.350246475390397,-2.396525,0.7473375216063874,0.6029089537840099,-0.1332485377366323
2022-06-17,-938.0411003764116,0.3695361178134106,1.3697259802555222,-2.3833642,0.7204201563957637,0.6493058238597584,-0.1296410414925193
2022-06-18,-938.0243362609788,0.3304954253237042,1.387767374631726,-2.3400981,0.692921071857542,0.694846302774184,-0.1259545336882116
2022-06-19,-938.007572145546,0.2901997507344465,1.404376005853503,-2.2736235,0.6648390915533272,0.7395369143001759,-0.1221885971665271
2022-06-20,-937.9908080301128,0.2496290880674525,1.4195585501916683,-2.1887746,0.6361735404826171,0.7833850097090512,-0.1183428942712142
2022-06-21,-937.97404391468,0.2077941003072823,1.4333230011053792,-2.101584,0.6069242531061887,0.8263987479991906,-0.1144171684628274
2022-06-22,-937.9572797992472,0.1648505568491316,1.4456786562146653,-2.0184739,0.577091580907967,0.8685870753066983,-0.1104112458367973
2022-06-23,-937.9405156838144,0.1217194350142332,1.4566361030065846,-1.9300348,0.5466763994861689,0.9099597035204158,-0.1063250365415959
2022-06-24,-937.9237515683816,0.0787755449878968,1.4662072032893831,-1.8302107,0.515680115164985,0.950527088124398,-0.1021585360950308
2022-06-25,-937.9069874529486,0.0346825290757895,1.4744050764103345,-1.7289262,0.4841046711185162,0.9903004052918184,-0.0979118265968173
2022-06-26,-937.8902233375156,-0.0044157284730914,1.4812440812542769,-1.6298046,0.4519525529991504,1.0292915282551265,-0.0935850778357202
2022-06-27,-937.8734592220828,-0.0429519584517823,1.486739797041079,-1.5185649,0.4192267940630551,1.067513002978024,-0.0891785482896748
2022-06-28,-937.85669510665,-0.0825419577711663,1.490909002941566,-1.4235226,0.3859309797859327,1.1049780231556332,-0.0846925860174425
2022-06-29,-937.8399309912172,-0.0889610044548678,1.493769656532654,-1.3664858,0.3520692519626929,1.141700404569961,-0.0801276294404838
2022-06-30,-937.8231668757844,-0.0891375009196355,1.4953408711136704,-1.2935957,0.3176463122851887,1.1776945588284815,-0.0754842080138709
2022-07-01,-937.8064027603514,-0.0893041038963691,1.4956428919070155,-1.2219814,0.2826674253926631,1.2129754665143524,-0.0707629427852015
2022-07-02,-937.7896386449185,-0.0894608133852088,1.4946970711675238,-1.1613339,0.2471384213900928,1.247558649777431,-0.0659645468406136
2022-07-03,-937.7728745294856,-0.0896076293860606,1.4925258422259955,-1.1121473,0.211065697830087,1.2814601443959084,-0.0610898256371408
2022-07-04,-937.7561104140528,-0.0897445518990629,1.489152692493549,-1.0839785,0.1744562211545654,1.3146964713389837,-0.0561396772207944
2022-07-05,-937.73934629862,-0.0898715809240116,1.4846021354544452,-1.0860652,0.1373175275929404,1.3472846078615048,-0.0511150923298942
2022-07-06,-937.722582183187,-0.0899887164609314,1.478899681676234,-1.0432104,0.0996577235140595,1.3792419581621742,-0.0460171543833182
2022-07-07,-937.705818067754,-0.0900959585100693,1.4720718088669995,-0.99440205,0.0614854852297015,1.410586323637298,-0.0408470393534821
2022-07-08,-937.6890539523212,-0.0901933070711091,1.4641459310105345,-0.92517954,0.022810058247957,1.4413358727625774,-0.0356060155240042
2022-07-09,-937.6722898368884,-0.0902807621443013,1.4551503666112855,-0.84905,-0.0163587440246513,1.471509110635937,-0.0302954431321565
2022-07-10,-937.6555257214555,-0.0903583237295553,1.445114306081784,-0.7909917,-0.0560105421329123,1.5011248482146962,-0.0249167738963412
2022-07-11,-937.6387616060226,-0.0904259918268923,1.4340677783062603,-0.7176439,-0.0961343929745786,1.530202171280839,-0.0194715504289831
2022-07-12,-937.6219974905896,-0.0904837664361117,1.4220416164149592,-0.6405723,-0.1367187927534799,1.558760409168439,-0.0139614055353621
2022-07-13,-937.6052333751568,-0.0905316475575759,1.4090674228045703,-0.5654789,-0.1777516804830538,1.5868191032876244,-0.0083880613990614
2022-07-14,-937.588469259724,-0.0905696351909668,1.395177533440929,-0.49989107,-0.2192204420387641,1.614397975479693,-0.0027533286548402
2022-07-15,-937.5717051442912,-0.0905977293364177,1.3804049814809778,-0.44851634,-0.2611119147573114,1.6415168962382891,0.0029408946501144
2022-07-16,-937.5549410288584,-0.0906159299939588,1.364783460251651,-0.40447518,-0.303412392580016,1.6681958528316674,0.0086926242054681
2022-07-17,-937.5381769134254,-0.0906242371636079,1.3483472856240644,-0.34814468,-0.3461076317372237,1.6944549173612882,0.0144997906963182
2022-07-18,-937.5214127979924,-0.0906226508451624,1.331131357822044,-0.29513758,-0.3891828569700452,1.7203142147920891,0.0203602411697109
2022-07-19,-937.5046486825596,-0.090611171038871,1.3131711227046126,-0.23589365,-0.432622768285241,1.7457938909898536,0.0262717405075917
2022-07-20,-937.4878845671268,-0.0905897977446468,1.2945025325626265,-0.1664263,-0.4764115482385108,1.770914080801137,0.0322319730045636
2022-07-21,-937.471120451694,-0.0905585309623955,1.275162006470318,-0.10071044,-0.5205328697409578,1.7956948762112757,0.0382385440486818
2022-07-22,-937.4543563362612,-0.0905173706922557,1.255186390232922,-0.046930436,-0.564969904382964,1.8201562946158856,0.0442889819034023
2022-07-23,-937.4375922208282,-0.0904663169341351,1.234612915972013,0.00881739,-0.6097053312692313,1.8443182472412445,0.0503807395886607
2022-07-24,-937.4208281053952,-0.0904053696880584,1.2134791613906375,0.050129533,-0.6547213463582281,1.8682005077488653,0.0565111968589455
2022-07-25,-937.4040639899624,-0.0903345289540489,1.1918230087605872,0.0773927,-0.6999996722987945,1.8918226810593817,0.0626776622761012
2022-07-26,-937.3872998745296,-0.0902537947320158,1.16968260367451,0.123072945,-0.7455215687561643,1.9152041724306743,0.0688773753744859
2022-07-27,-937.3705357590968,-0.0901631670220961,1.1470963136058236,0.17385063,-0.7912678432192121,1.938364156825036,0.0751075089159858
2022-07-28,-937.3537716436638,-0.0900626458240836,1.1241026863195651,0.20867783,-0.8372188622802285,1.9613215485997932,0.0813651712322833
2022-07-29,-937.337007528231,-0.0899522311383442,1.1007404081775338,0.23549935,-0.883354563378089,1.9840949715556229,0.0876474086516645
2022-07-30,-937.320243412798,-0.0898319229645601,1.0770482623811612,0.26689312,-0.9296544669952304,2.006702729376392,0.0939512080075444
2022-07-31,-937.3034792973652,-0.0897017213028661,1.053065087195619,0.29873505,-0.9760976892983908,2.02916277649401,0.1002734992257908
2022-08-01,-937.2867151819324,-0.0895616261531717,1.0288297341987531,0.32802823,-1.0226629552126547,2.051492689411408,0.1066111579878297
2022-08-02,-937.2699510664994,-0.0894116375155018,1.004381026598339,0.33611712,-1.0693286119179155,2.073709638516255,0.1129610084664115
2022-08-03,-937.2531869510666,-0.089251755389883,0.9797577176611504,0.37093526,-1.1160726427564462,2.0958303604175965,0.1193198261308452
2022-08-04,-937.2364228356336,-0.0890819797764432,0.9549984492971724,0.40470457,-1.1628726815398966,2.117871130837069,0.1256843406183999
2022-08-05,-937.2196587202008,-0.0889023106748698,0.9301417108421912,0.42520344,-1.2097060272436089,2.1398477380858,0.1320512386685106
2022-08-06,-937.202894604768,-0.0887127480855287,0.9052257980817098,0.4507897,-1.2565496590758185,2.1617754571575283,0.1384171671163306
2022-08-07,-937.186130489335,-0.0885132920082121,0.8802887725589629,0.4922609,-1.3033802519088715,2.1836690244678345,0.1447787359421113
2022-08-08,-937.1693663739022,-0.0883039424428275,0.8553684212094521,0.52942044,-1.3501741920593229,2.2055426132687748,0.151132521372816
2022-08-09,-937.1526022584692,-0.0880846993896327,0.8305022163641154,0.56874365,-1.3969075934033657,2.2274098097674813,0.1574750690323049
2022-08-10,-937.1358381430364,-0.0878555628483024,0.8057272761628217,0.595475,-1.4435563138137686,2.2492835899765904,0.1638028971363796
2022-08-11,-937.1190740276036,-0.0876165328192062,0.7810803254194943,0.6288998,-1.4900959719041615,2.271176297323656,0.1701124997289075
2022-08-12,-937.1023099121708,-0.0873676093020225,0.7565976569796279,0.6690379,-1.5365019640662207,2.2930996210458487,0.176400349955205
2022-08-13,-937.0855457967378,-0.0871087922970055,0.732315093610502,0.7042056,-1.5827494817850123,2.3150645753955144,0.1826629033688042
2022-08-14,-937.0687816813048,-0.0868400818039418,0.7082679504637864,0.73691404,-1.6288135292175083,2.337081479681294,0.1888966012676963
2022-08-15,-937.052017565872,-0.086561477822979,0.6844909981496363,0.7519847,-1.6746689410190012,2.359159939168637,0.1950978740560945
2022-08-16,-937.0352534504392,-0.0862729803541348,0.6610184264607264,0.77121645,-1.7202904004019273,2.3813088268626537,0.2012631446277462
2022-08-17,-937.0184893350064,-0.0859745893972032,0.6378838087839871,0.7877028,-1.765652457411394,2.403536266195381,0.2073888317667762
2022-08-18,-937.0017252195736,-0.0856663049522143,0.6151200672370467,0.81300306,-1.810729547401456,2.4258496146385027,0.2134713535620419
2022-08-19,-936.9849611041406,-0.0853481270195235,0.5927594385656318,0.84946203,-1.855496009696049,2.448255448261681,0.2195071308309464
2022-08-20,-936.9681969887076,-0.0850200555987079,0.5708334408373616,0.8766566,-1.8999261064182589,2.4707595472556205,0.2254925905486611
2022-08-21,-936.9514328732748,-0.0846820906900092,0.5493728409664952,0.9037222,-1.943994041471496,2.4933668824379907,0.2314241692786864
2022-08-22,-936.934668757842,-0.0843342322934592,0.5284076231033462,0.92994183,-1.987673979655938,2.516081602759284,0.2372983166006899
2022-08-23,-936.9179046424092,-0.0839764804088467,0.5079669579210904,0.94577813,-2.030940065903537,2.538907023824628,0.2431114985315604
2022-08-24,-936.9011405269762,-0.0836088350363084,0.4880791728317947,0.96932024,-2.073766444614743,2.5618456174465374,0.2488602009356231
2022-08-25,-936.8843764115434,-0.0832312961758745,0.4687717231624476,0.9908584,-2.116127279079975,2.5848990022424227,0.2545409329199801
2022-08-26,-936.8676122961105,-0.082843863827561,0.4500711643207533,1.0141069,-2.157996770968867,2.608067935289621,0.2601502302109504
2022-08-27,-936.8508481806776,-0.0824465379910517,0.432003124979414,1.0288501,-2.1993491798701563,2.63135230484957,0.2656846585076217
2022-08-28,-936.8340840652448,-0.0820393186667143,0.4145922813064887,1.0398164,-2.2401588428651222,2.654751124171611,0.2711408168085326
2022-08-29,-936.8173199498118,-0.0816222058545683,0.397862332268314,1.0648547,-2.280400194117387,2.678262526385701,0.2765153407075678
2022-08-30,-936.800555834379,-0.0811951995542958,0.3818359760303233,1.0868578,-2.32004778446193,2.701883760492253,0.2818049056551537
2022-08-31,-936.783791718946,-0.0807582997661473,0.3665348874799063,1.109778,-2.3590763009761115,2.7256111884560177,0.2870062301809163
2022-09-01,-936.7670276035132,-0.0803115064899202,0.3519796968942326,1.1373326,-2.397460586515588,2.749440283409821,0.2921160790739825
2022-09-02,-936.7502634880803,-0.0798548197258615,0.338189969774762,1.1730442,-2.4351756591979807,2.773365628972743,0.2971312665171897
2022-09-03,-936.7334993726474,-0.0793882394738858,0.3251841878688659,1.1988753,-2.4721967318172378,2.797380919686104,0.302048659171494
2022-09-04,-936.7167352572146,-0.0789117657338973,0.312979731397749,1.2108527,-2.508499231171703,2.821478962569452,0.3068651792069564
2022-09-05,-936.6999711417816,-0.0784253985059226,0.3015928625085014,1.2271116,-2.5440588172889647,2.845651679797466,0.3115778072767361
2022-09-06,-936.6832070263488,-0.0779291377901003,0.2910387099668627,1.255692,-2.578851402530692,2.869890112497554,0.3161835854305944
2022-09-07,-936.666442910916,-0.077422983586219,0.2813312551058541,1.2738403,-2.612853170560752,2.894184425666606,0.320679619964501
2022-09-08,-936.649678795483,-0.0769069358945326,0.2724833190441779,1.2844132,-2.646040595160056,2.9185239142042336,0.3250630842029872
2022-09-09,-936.6329146800502,-0.0763809947147269,0.2645065511868149,1.2813634,-2.678390458871713,2.942897010058528,0.3293312212110034
2022-09-10,-936.6161505646172,-0.0758451600469349,0.2574114190189416,1.2982249,-2.7098798714602474,2.967291290479189,0.3334813464321092
2022-09-11,-936.5993864491844,-0.0752994318914037,0.2512071992028396,1.3221068,-2.74048628816882,2.991693487371659,0.3375108502499142
2022-09-12,-936.5826223337516,-0.0747438102478241,0.2459019699861063,1.3320054,-2.7701875277585533,3.01608949774466,0.341417200469798
2022-09-13,-936.5658582183188,-0.0741782951162104,0.2415026049280065,1.340149,-2.798961790314312,3.040464395242318,0.34519794471802
2022-09-14,-936.549094102886,-0.0736028864968201,0.2380147679494489,1.3523954,-2.8267876748014955,3.0648024427509446,0.3488507127554421
2022-09-15,-936.532329987453,-0.0730175843893317,0.2354429097105539,1.379055,-2.853644196358625,3.089087106069179,0.3523732187031946
2022-09-16,-936.51556587202,-0.0724223887939921,0.2337902653184431,1.4048461,-2.879510803310778,3.1133010686292213,0.3557632631777182
2022-09-17,-936.4988017565872,-0.0718172997107213,0.2330588533663476,1.4190768,-2.904367393889184,3.137426247255531,0.3590187353327287
2022-09-18,-936.4820376411544,-0.0712023171394147,0.2332494763037669,1.3730953,-2.9281943326425584,3.1614438089463253,0.3621376148057785
2022-09-19,-936.4652735257216,-0.0705774410802231,0.2343617221359267,1.3449564,-2.950972466526086,3.185334188662013,0.3651179735671879
2022-09-20,-936.4485094102886,-0.0699426715330471,0.2363939674493667,1.2978725,-2.972683140654204,3.2090771081035707,0.3679579776692544
2022-09-21,-936.4317452948558,-0.0692980084979115,0.2393433817590579,1.2628073,-2.993308213703717,3.2326515954627757,0.3706558888937699
2022-09-22,-936.4149811794229,-0.0686434519748377,0.2432059331709969,1.2720178,-3.012830072954076,3.256036006125073,0.3732100662959986
2022-09-23,-936.39821706399,-0.0679790019637405,0.2479763953528347,1.3136506,-3.031231648951984,3.2792080443048186,0.3756189676433956
2022-09-24,-936.3814529485572,-0.0673046584648648,0.2536483558036717,1.3649702,-3.048496429787876,3.302144785591547,0.3778811507474843
2022-09-25,-936.3646888331242,-0.0666204214778947,0.2602142254127276,1.4109526,-3.0646084749721547,3.3248227003848823,0.3799952746874331
2022-09-26,-936.3479247176914,-0.0659262910030804,0.2676652492952318,1.445474,-3.0795524288994605,3.347217678194692,0.3819601009240153
2022-09-27,-936.3311606022584,-0.065222267040216,0.2759915188924876,1.4780717,-3.093313533889618,3.3693050527821056,0.3837744943027659
2022-09-28,-936.3143964868256,-0.0645083495893299,0.285181985321694,1.4932303,-3.1058776427943235,3.3910596281160177,0.3854374239452866
2022-09-29,-936.2976323713928,-0.0637845386506672,0.2952244739597643,1.5004568,-3.11723123115901,3.4124557051187745,0.3869479640277934
2022-09-30,-936.28086825596,-0.0630508342240236,0.3061057002440485,1.523151,-3.1273614089297737,3.4334671091738223,0.3883052944461341
2022-10-01,-936.264104140527,-0.0623072363093193,0.3178112866715609,1.532246,-3.1362559316956373,3.4540672183671983,0.3895087013666515
2022-10-02,-936.247340025094,-0.0615537449066785,0.3303257809769963,1.5575475,-3.143903211456881,3.474228992433877,0.3905575776623967
2022-10-03,-936.2305759096612,-0.0607903600161279,0.343632675468592,1.5829285,-3.150292326910584,3.4939250023791755,0.3914514232343563
2022-10-04,-936.2138117942284,-0.0600170816377971,0.3577144274995908,1.6060143,-3.155413033244993,3.513127460744584,0.3921898452174816
2022-10-05,-936.1970476787956,-0.0592339097712688,0.3725524810518795,1.6320181,-3.159255771434775,3.5318082524866545,0.3927725580714618
2022-10-06,-936.1802835633628,-0.0584408444168964,0.3881272894071726,1.6722072,-3.1618116770296387,3.5499389664368115,0.3931993835563202
2022-10-07,-936.1635194479296,-0.0576378855745929,0.4044183388799138,1.7052819,-3.163072588429334,3.5674909273092474,0.3934702505930579
2022-10-08,-936.1467553324968,-0.0568250332442659,0.4214041735849633,1.7286102,-3.1630310546384743,3.584435228223437,0.3935851950097073
2022-10-09,-936.129991217064,-0.0560022874261711,0.4390624212120061,1.7508024,-3.1616803424950626,3.6007427637070686,0.3935443591732993
2022-10-10,-936.1132271016312,-0.05516964811987,0.4573698197775375,1.769701,-3.159014443367177,3.6163842631447145,0.3933479915083986
2022-10-11,-936.0964629861984,-0.0543271153258562,0.4763022453242427,1.7901293,-3.155028079312656,3.6313303246368975,0.3929964459029771
2022-10-12,-936.0796988707654,-0.0534746890436714,0.4958347405365639,1.8026154,-3.1497167086971607,3.6455514492337247,0.3924901810025677
2022-10-13,-936.0629347553324,-0.0526123692737012,0.5159415442402736,1.8036616,-3.1430765312664986,3.659018075506772,0.391829759393745
2022-10-14,-936.0461706398996,-0.0517401560156152,0.5365961217529245,1.8320783,-3.13510449266951,3.6717006144224342,0.3910158466781401
2022-10-15,-936.0294065244668,-0.0508662739953464,0.557771196051144,1.8492836,-3.1257982884284004,3.683569484479544,0.3900492104383128
2022-10-16,-936.012642409034,-0.0499928203387778,0.5794387797198639,1.8543025,-3.1151563673538303,3.694595147073694,0.3889307190969561
2022-10-17,-935.9958782936012,-0.0491199974062901,0.601570207647751,1.8674926,-3.103177934402616,3.7047481420503674,0.3876613406710129
2022-10-18,-935.9791141781682,-0.0482480064155463,0.6241361704323091,1.8970621,-3.089862952976346,3.713999123408655,0.3862421414224458
2022-10-19,-935.9623500627353,-0.0473770474136241,0.6471067484573779,1.9214108,-3.0752121466597666,3.722318895117144,0.3846742844074951
2022-10-20,-935.9455859473024,-0.0465073192476044,0.670451446605024,1.9488611,-3.0592270003982307,3.729678447003255,0.3829590279264059
2022-10-21,-935.9288218318696,-0.0456390195369618,0.6941392295631965,1.9499059,-3.04190976111404,3.736048990677237,0.3810977238757193
2022-10-22,-935.9120577164368,-0.0447723446441674,0.7181385576898252,1.7860104,-3.023263437761997,3.741401995451822,0.3790918160053388
2022-10-23,-935.8952936010038,-0.0439074896464433,0.742417423393533,1.7610091,-3.0032918008249445,3.745709224218477,0.3769428380827026
2022-10-24,-935.8785294855708,-0.0430446483060666,0.7669433879905442,1.6703756,-2.981999381250608,3.748942769241152,0.3746524119665065
2022-10-25,-935.861765370138,-0.0421840130419184,0.7916836189968995,1.6455342,-2.9593914688314933,3.7510750878283927,0.3722222455925248
2022-10-26,-935.8450012547052,-0.0413257749007591,0.8166049278146364,1.5768073,-2.935474110030113,3.7520790378447497,0.3696541308741918
2022-10-27,-935.8282371392723,-0.0404701235267275,0.8416738077701965,1.5520861,-2.9102541052522715,3.751927913022468,0.3669499415207044
2022-10-28,-935.8114730238394,-0.0396172471336946,0.8668564724629609,1.5463,-2.883739005571616,3.750595478034577,0.3641116307755043
2022-10-29,-935.7947089084064,-0.0387673324743644,0.8921188943815099,1.537086,-2.8559371089091448,3.748056003290655,0.3611412290780998
2022-10-30,-935.7779447929736,-0.0379205648120724,0.9174268437449498,1.500599,-2.826857455671804,3.744284299416753,0.3580408416522729
2022-10-31,-935.7611806775408,-0.0370771278903614,0.9427459275264046,1.4756112,-2.796509823854783,3.739255751381188,0.3548126460238094
2022-11-01,-935.744416562108,-0.0362372039033669,0.9680416286156532,1.2483242,-2.7649047236125743,3.732946352228228,0.3514588894709741
2022-11-02,-935.727652446675,-0.035400973466352,0.9932793450777287,1.1327543,-2.7320533913042704,3.7253327363819992,0.3479818864110295
2022-11-03,-935.7108883312422,-0.034568615586064,1.0184244294642597,1.1101917,-2.6979677830190787,3.7163922124833375,0.3443840157261715
2022-11-04,-935.6941242158092,-0.033740307630353,1.0434422281342672,0.947302,-2.6626605675883925,3.70610279572266,0.3406677180323389
2022-11-05,-935.6773601003764,-0.0329162252976225,1.0682981205412256,0.4894746,-2.62614511909124,3.6944432396324656,0.3368354928943998
2022-11-06,-935.6605959849436,-0.0320965425880483,1.0929575584431823,0.316164,-2.588435508860313,3.681393067303495,0.3328898959912992
2022-11-07,-935.6438318695108,-0.0312814317720011,1.1173861049929252,-0.028434133,-2.549546496996192,3.666932601989117,0.3288335362348006
2022-11-08,-935.627067754078,-0.0304710633604301,1.141549473665318,-0.22132562,-2.5094935233978086,3.651042997063127,0.3246690728455065
2022-11-09,-935.610303638645,-0.0296656060742552,1.1654135669791374,-0.2949478,-2.468292698317527,3.633706265296664,0.3203992123899012
2022-11-10,-935.593539523212,-0.0288652268139344,1.1889445149710276,-0.2939565,-2.4259607924496613,3.614905307420689,0.3160267057821855
2022-11-11,-935.5767754077792,-0.0280700906283239,1.21210871337949,-0.31444126,-2.382515226561566,3.594623939941056,0.3115543452547345
2022-11-12,-935.5600112923464,-0.0272803606847151,1.2348728614971682,-0.3353479,-2.337974060676832,3.5728469221740005,0.3069849613010212
2022-11-13,-935.5432471769136,-0.0264961982371474,1.25720399965011,-0.30966514,-2.2923559828204607,3.5495599824705706,0.3023214195948916
2022-11-14,-935.5264830614806,-0.0257177625968836,1.2790695462631383,-0.28744242,-2.2456802973362064,3.524749843599345,0.2975666178901024
2022-11-15,-935.5097189460478,-0.0249452110994514,1.300437334470927,-0.24724253,-2.197966912786648,3.4984042472575747,0.2927234829040349
2022-11-16,-935.4929548306148,-0.0241786990750334,1.3212756482349342,-0.20232487,-2.149236329446824,3.4705119776817583,0.2877949671895369
2022-11-17,-935.476190715182,-0.0234183798169915,1.3415532579269616,-0.16923788,-2.099509626402588,3.4410628843295497,0.2827840459988333
2022-11-18,-935.4594265997492,-0.0226644045497934,1.3612394553406602,-0.13333502,-2.048808448265143,3.410047903605803,0.2776937141434595
2022-11-19,-935.4426624843162,-0.0219169223987645,1.3803040880930115,-0.099686004,-1.997154991513484,3.377459079606496,0.27252698285417
2022-11-20,-935.4258983688834,-0.0211760803576428,1.3987175933785718,-0.0727202,-1.944571990476735,3.3432895838553067,0.2672868766447685
2022-11-21,-935.4091342534504,-0.0204420232573845,1.4164510310398797,-0.04324516,-1.8910827029686543,3.3075337340085342,0.2619764301837875
2022-11-22,-935.3923701380176,-0.0197148937346458,1.4334761159183964,-0.055185083,-1.8367108955867872,3.2701870115051834,0.2565986851779451
2022-11-23,-935.3756060225847,-0.018994832199473,1.449765249451016,-0.04120769,-1.7814808286890096,3.2312460781400256,0.2511566872712675
2022-11-24,-935.3588419071518,-0.0182819768043227,1.465291550478155,-0.04534327,-1.7254172410603938,3.190708791538549,0.2456534829637528
2022-11-25,-935.342077791719,-0.0175764634107338,1.4800288852303012,-0.05278815,-1.6685453342835603,3.1485742195138613,0.2400921165534124
2022-11-26,-935.325313676286,-0.0168784255588203,1.493951896460822,-0.09373498,-1.6108907568258448,3.104842653286667,0.2344756271054975
2022-11-27,-935.3085495608532,-0.0161879944337854,1.5070360316938696,-0.12267243,-1.5524795878568067,3.0595156195506763,0.2288070454526699
2022-11-28,-935.2917854454204,-0.0155052988345278,1.5192575705571476,-0.2032162,-1.4933383208097493,3.012595891366897,0.223089391229835
2022-11-29,-935.2750213299876,-0.0148304651406387,1.5305936511704377,-0.19806081,-1.433493846701098,2.964087497871536,0.2173256699473063
2022-11-30,-935.2582572145546,-0.0141636172807046,1.5410222955617816,-0.4112483,-1.3729734372215932,2.9139957327833748,0.2115188701059109
2022-12-01,-935.2414930991216,-0.0135048766987893,1.5505224340843788,-0.8144517,-1.311804727613393,2.862327161697772,0.2056719603575855
2022-12-02,-935.2247289836888,-0.0128543623230932,1.559073928808363,-0.8144234,-1.2500156993472884,2.809089628155651,0.1997878867149568
2022-12-03,-935.207964868256,-0.0122121905314624,1.5666575958627873,-0.81356496,-1.1876346626143213,2.754292258477109,0.1938695698133189
2022-12-04,-935.1912007528232,-0.0115784751205243,1.5732552267043542,-0.982747,-1.1246902386461828,2.697945465350537,0.1879199022283578
2022-12-05,-935.1744366373904,-0.0109533272707871,1.5788496082906436,-1.0904523,-1.0612113418788398,2.640060950169484,0.1819417458528891
2022-12-06,-935.1576725219574,-0.0103368555156961,1.5834245421367827,-1.0959703,-0.9972271619738792,2.580651704110662,0.1759379293357955
2022-12-07,-935.1409084065244,-0.0097291657065294,1.586964862235841,-1.0934359,-0.9327671457121116,2.519732007947953,0.1699112455862698
2022-12-08,-935.1241442910916,-0.0091303609802775,1.5894564518244645,-1.308753,-0.8678609787740009,2.457317430598465,0.1638644493463665
2022-12-09,-935.1073801756588,-0.008540541726461,1.590886258976571,-1.4111854,-0.8025385674214862,2.393424826398057,0.1578002548347905
2022-12-10,-935.090616060226,-0.007959805553007,1.5912423110092695,-1.9517673,-0.7368300200957719,2.3280723311050413,0.1517213334647336
2022-12-11,-935.073851944793,-0.0073882472532602,1.5905137276864925,-2.1498678,-0.6707656289456552,2.261279356632148,0.1456303116384888
2022-12-12,-935.0570878293602,-0.006825958772092,1.5886907332071716,-2.177204,-0.6043758513008995,2.1930665845080712,0.1395297686214483
2022-12-13,-935.0403237139273,-0.0062730291724406,1.585764666966189,-2.1748319,-0.5376912911051703,2.123455958071359,0.133422234498003
2022-12-14,-935.0235595984944,-0.0057295446015519,1.581727993077675,-2.167876,-0.4707426803229351,2.0524706734006104,0.1273101882117336
2022-12-15,-935.0067954830616,-0.0051955882566048,1.5765743086516253,-2.1514852,-0.4035608603347242,1.9801351689863496,0.1211960556921782
2022-12-16,-934.9900313676286,-0.0046712403513016,1.5702983508162445,-2.1060038,-0.3361767633350068,1.9064751141512517,0.115082208070347
2022-12-17,-934.9732672521958,-0.0041565780817833,1.5628960024797576,-2.061421,-0.2686213937468967,1.8315173962266544,0.1089709599850258
2022-12-18,-934.9565031367628,-0.0036516755916764,1.554364296826922,-2.0194442,-0.2009258096677588,1.7552901064946809,0.1028645679817928
2022-12-19,-934.93973902133,-0.0031566039389279,1.5447014205468133,-1.973859,-0.1331211043596754,1.6778225249064886,0.0967652290065555
2022-12-20,-934.9229749058971,-0.0026714310604294,1.5339067157899549,-2.016897,-0.0652383877986247,1.5991451035885795,0.090675078995269
2022-12-21,-934.9062107904642,-0.0021962217383553,1.5219806808541894,-2.0454552,0.0026912317039562,1.5192894491502331,0.0845961915613898
2022-12-22,-934.8894466750314,-0.001731037565138,1.5089249696002076,-2.0280337,0.0706366657936804,1.438288303806527,0.0785305767824707
2022-12-23,-934.8726825595984,-0.0012759369085841,1.4947423895989844,-2.0990899,0.1385668642664272,1.3561755253325571,0.0724801800871771
2022-12-24,-934.8559184441656,-0.0008309748782551,1.479436899014828,-2.171337,0.2064508331490616,1.2729860658657663,0.0664468812438714
2022-12-25,-934.8391543287328,-0.0003962032890711,1.4630136022291569,-2.1930661,0.2742576526546796,1.188755949574477,0.0604324934517728
2022-12-26,-934.8223902133,2.832937247276845e-05,1.4454787442114898,-2.3049312,0.3419564949995506,1.1035222492119392,0.0544387625355589
2022-12-27,-934.805626097867,0.0004425779839252,1.4268397036455622,-3.2250645,0.4095166420691795,1.0173230615763829,0.0484673662441506
2022-12-28,-934.788861982434,0.000846500821737,1.4071049848198245,-3.3167984,0.4769075029211143,0.93019748189871,0.0425199136542622
2022-12-29,-934.7720978670012,0.0012400595964692,1.3862842082930058,-3.4183583,0.5440986311123532,0.8421855771806526,0.0365979446791766
2022-12-30,-934.7553337515684,0.001623219488593,1.3643881003467178,-4.108474,0.6110597418394543,0.7533283585072634,0.0307029296830546
2022-12-31,-934.7385696361356,0.0019959491832945,1.3414284812384492,-4.363918,0.6777607288796899,0.6636677523587593,0.0248362692009471
2023-01-01,-934.7218055207028,0.002358220906073,1.3174182522696445,-4.3632765,0.7441716813218577,0.5732465709477865,0.0189992937645395
2023-01-02,-934.7050414052698,0.0027100104590704,1.292371381684826,-4.345453,0.8102629000756151,0.482108481609211,0.0131932638335158
2023-01-03,-934.688277289837,0.0030512972556788,1.266302889419047,-4.3177676,0.8760049141484909,0.3902979752705557,0.0074193698322864
2023-01-04,-934.671513174404,0.0033820643573942,1.239228830712195,-4.3558226,0.9413684966799986,0.2978603340321964,0.0016787322916856
2023-01-05,-934.6547490589712,0.0037022985088608,1.2111662786099586,-4.68716,1.006324680722576,0.2048415978873827,-0.0040275979049024
2023-01-06,-934.6379849435384,0.0040119901745026,1.1821333053724437,-4.677528,1.070844774759381,0.1112885306130626,-0.0096986391716576
2023-01-07,-934.6212208281054,0.0043111335743386,1.1521489628126451,-4.7916465,1.1349003779492504,0.0172485848633947,-0.0153334787675018
2023-01-08,-934.6044567126726,0.0045997267197517,1.121233261588171,-5.028174,1.1984633950894767,-0.0772301335013057,-0.0209312722412918
2023-01-09,-934.5876925972397,0.0048777714509782,1.0894071494707285,-5.2556176,1.2615060512873475,-0.172098901816619,-0.0264912427761145
2023-01-10,-934.5709284818068,0.0051452734718502,1.0566924886189992,-5.3362136,1.3240009063317322,-0.2673084177127329,-0.0320126804339163
2023-01-11,-934.554164366374,0.005402242388131,1.0231120318816578,-5.428251,1.385920868756325,-0.3628088368746671,-0.0374949413018232
2023-01-12,-934.537400250941,0.0056486917422127,0.9886893981582792,-5.5011926,1.447239209586482,-0.4585498114282027,-0.0429374465416466
2023-01-13,-934.5206361355082,0.0058846390511213,0.9534490468469564,-5.7046437,1.5079295757619418,-0.5544805289149854,-0.0483396813441952
2023-01-14,-934.5038720200752,0.0061101058426977,0.9174162514084088,-5.9833174,1.5679660032280498,-0.650549751819641,-0.0537011937901462
2023-01-15,-934.4871079046424,0.0063251176928247,0.8806170720773198,-6.1325054,1.6273229296884633,-0.7467058576111435,-0.0590215936193524
2023-01-16,-934.4703437892096,0.0065297042615952,0.8430783277525835,-6.0930824,1.6859752070126597,-0.8428968792600762,-0.064300550910585
2023-01-17,-934.4535796737767,0.0067238993315559,0.8048275670989625,-5.98655,1.7438981132919256,-0.939070546192963,-0.0695377946738348
2023-01-18,-934.4368155583438,0.0069077408436726,0.7658930388935971,-6.0748634,1.8010673645378674,-1.0351743256442705,-0.0747331113574141
2023-01-19,-934.4200514429108,0.0070812709355525,0.7263036616515097,-6.0043497,1.8574591260178293,-1.1311554643663195,-0.0798863432722077
2023-01-20,-934.403287327478,0.0072445359779997,0.6860889925650788,-5.872908,1.913050023221985,-1.226961030656906,-0.0849973869355517
2023-01-21,-934.3865232120452,0.0073975866130187,0.6452791957931789,-5.7715745,1.9678171524572137,-1.3225379566640347,-0.0900661913373059
2023-01-22,-934.3697590966124,0.0075404777909948,0.6039050101363265,-5.673158,2.021738091063253,-1.4178330809269264,-0.0950927561308147
2023-01-23,-934.3529949811794,0.0076732688084462,0.5619977161348609,-5.5709815,2.074790907246965,-1.5127931911121038,-0.1000771297515295
2023-01-24,-934.3362308657464,0.0077960233457385,0.5195891026277588,-5.4762573,2.126954169530945,-1.607365066903186,-0.1050194074661895
2023-01-25,-934.3194667503136,0.0079088095049009,0.4767114328102533,-5.3842144,2.178206955813038,-1.7014955230027846,-0.1099197293555318
2023-01-26,-934.3027026348808,0.0080116998477457,0.433397409828936,-5.284369,2.2285288620337185,-1.7951314522047823,-0.1147782782336063
2023-01-27,-934.285938519448,0.0081047714332687,0.3896801419534842,-5.210268,2.2779000104486435,-1.8882198684951592,-0.1195952775068516
2023-01-28,-934.2691744040152,0.0081881058564388,0.3455931073645915,-5.127149,2.326301057504038,-1.9807079501394464,-0.1243709889761764
2023-01-29,-934.2524102885822,0.0082617892860383,0.3011701185980476,-5.054046,2.373713201312972,-2.0725430827149243,-0.1291057105853636
2023-01-30,-934.2356461731492,0.0083259125032491,0.2564452866852427,-4.9491377,2.420118188730907,-2.163672902045664,-0.1337997741191972
2023-01-31,-934.2188820577164,0.0083805709393747,0.2114529850306891,-4.8651843,2.4654983220292697,-2.2540453369985807,-0.1384535428547725
2023-02-01,-934.2021179422836,0.0084258647151465,0.1662278130673379,-4.787481,2.509836465166177,-2.3436086520988395,-0.1430674091695287
2023-02-02,-934.1853538268508,0.0084618986786928,0.1208045597307174,-4.711465,2.5531160496537524,-2.432311489923035,-0.1476417921095899
2023-02-03,-934.168589711418,0.0084887824448181,0.0752181667930388,-4.7099624,2.5953210800218707,-2.520102913228832,-0.152177134922071
2023-02-04,-934.151825595985,0.0085066304332226,0.0295036920985141,-4.6553097,2.636436138878476,-2.606932446779961,-0.1566739025550454
2023-02-05,-934.135061480552,0.0085155619074281,-0.0163037272587983,-4.861802,2.67644639156698,-2.692750118825778,-0.1611325791289284
2023-02-06,-934.1182973651192,0.0085157010142822,-0.0621689117733148,-4.833272,2.7153375904215857,-2.7775065021949006,-0.165553665383063
2023-02-07,-934.1015332496864,0.0085071768221567,-0.1080566763411512,-4.811853,2.753096078621699,-2.86115275496285,-0.1699376761013409
2023-02-08,-934.0847691342536,0.0084901233611489,-0.1539318670070427,-4.7573614,2.789708793646951,-2.943640660653993,-0.1742851375207185
2023-02-09,-934.0680050188206,0.0084646796611203,-0.1997593976039419,-4.6956697,2.825163270334635,-3.024922667938577,-0.1785965847265152
2023-02-10,-934.0512409033876,0.0084309897922363,-0.2455042862443849,-4.6496143,2.859447643541733,-3.1049519297861186,-0.1828725590384054
2023-02-11,-934.0344767879548,0.008389202903654,-0.2911316916230361,-4.6249676,2.8925506504139653,-3.183682342037001,-0.1871136053910348
2023-02-12,-934.017712672522,0.0083394732634101,-0.3366069490899687,-4.5646462,2.924461632264642,-3.2610685813546105,-0.1913202697131958
2023-02-13,-934.0009485570891,0.0082819602975607,-0.3818956064547056,-4.552135,2.9551705360663907,-3.3370661425210963,-0.195493096309514
2023-02-14,-933.9841844416562,0.0082168286307915,-0.4269634594812664,-4.6147366,2.984667915559109,-3.4116313750403755,-0.1996326252485885
2023-02-15,-933.9674203262232,0.0081442481254416,-0.4717765870349749,-4.5610504,3.0129449319777937,-3.4847215190127687,-0.2037393897615382
2023-02-16,-933.9506562107904,0.0080643939217903,-0.51630138584219,-4.504599,3.039993354404193,-3.556294740246384,-0.2078139136548833
2023-02-17,-933.9338920953576,0.0079774464778772,-0.5605046048246114,-4.431292,3.065805559746469,-3.626310164571081,-0.2118567087416888
2023-02-18,-933.9171279799248,0.0078835916101933,-0.6043533789703915,-4.355425,3.0903745323513387,-3.6947279113217295,-0.2158682722948722
2023-02-19,-933.900363864492,0.0077830205329068,-0.647815262704804,-4.2927575,3.113693863253442,-3.7615091259582463,-0.2198490845265525
2023-02-20,-933.883599749059,0.0076759298989461,-0.6908582627239181,-4.2430496,3.135757749066907,-3.826616011790825,-0.2237996060972966
2023-02-21,-933.866835633626,0.0075625218405086,-0.7334508702553122,-4.322167,3.156560990524322,-3.890011860779634,-0.22772027565907
2023-02-22,-933.8500715181932,0.0074430040084294,-0.7755620927106296,-4.411909,3.176098990668592,-3.951661083379222,-0.2316115074356759
2023-02-23,-933.8333074027604,0.0073175896143791,-0.8171614846954801,-4.4748693,3.194367752703364,-4.011529237398844,-0.2354736888444095
2023-02-24,-933.8165432873276,0.007186497470407,-0.8582191783430007,-4.587923,3.211363877507897,-4.069583055850898,-0.2393071781626118
2023-02-25,-933.7997791718948,0.0070499520299556,-0.8987059129381898,-4.597512,3.227084560822528,-4.125790473760718,-0.2431123022427521
2023-02-26,-933.7830150564616,0.0069081834292052,-0.9385930638009776,-4.7569394,3.2415275901110085,-4.180120653911986,-0.2468893542796035
2023-02-27,-933.7662509410288,0.0067614275273495,-0.9778526703969252,-4.962213,3.254691341106238,-4.232544011503164,-0.2506385916330251
2023-02-28,-933.749486825596,0.0066099259481564,-1.0164574636453247,-5.2657723,3.266574774046081,-4.283032237691406,-0.2543602337097749
2023-03-01,-933.7327227101632,0.0064539261211145,-1.0543808923954512,-5.2925887,3.2771774296061102,-4.331558322001562,-0.2580544599077331
2023-03-02,-933.7159585947304,0.0062936813224823,-1.0915971490427163,-5.293298,3.2864994245363177,-4.378096573579034,-0.2617214076258033
2023-03-03,-933.6991944792974,0.0061294507166369,-1.1280811942574942,-5.2835994,3.294541447008972,-4.422622641266466,-0.2653611703427101
2023-03-04,-933.6824303638646,0.0059614993980083,-1.1638087808003992,-5.4230776,3.3013047516849303,-4.465113532485329,-0.2689737957678023
2023-03-05,-933.6656662484316,0.0057900984319232,-1.1987564763989624,-5.5748086,3.306791154505893,-4.505547630904855,-0.2725592840668903
2023-03-06,-933.6489021329988,0.0056155248968448,-1.232901685661672,-5.5800753,3.311003027220167,-4.543904712881838,-0.2761175861660465
2023-03-07,-933.632138017566,0.0054380619256573,-1.2662226710065156,-5.633456,3.313943291649664,-4.58016596265618,-0.2796486021362088
2023-03-08,-933.615373902133,0.0052579987479575,-1.2986985725823563,-5.737717,3.3156154137059257,-4.614313986288282,-0.2831521796613059
2023-03-09,-933.5986097867002,0.005075630731854,-1.3303094271625766,-5.805272,3.3160233971631152,-4.646332824325691,-0.2866281125925394
2023-03-10,-933.5818456712672,0.0048912594252605,-1.3610361859916822,-6.257154,3.315171777195958,-4.6762079631876405,-0.2900761395913275
2023-03-11,-933.5650815558344,0.0047051925996868,-1.390860731566799,-6.2565293,3.313065613690725,-4.703926345257523,-0.2934959428633152
2023-03-12,-933.5483174404015,0.0045177442905348,-1.419765893337175,-6.378057,3.309710484337401,-4.729476377674576,-0.2968871469857325
2023-03-13,-933.5315533249686,0.0043292348406662,-1.4477354623061174,-6.797323,3.305112477511269,-4.752847939817387,-0.3002493178302622
2023-03-14,-933.5147892095358,0.004139990942729,-1.474754204521047,-7.177812,3.29927818495215,-4.774032389473197,-0.3035819615834594
2023-03-15,-933.4980250941028,0.0039503456810674,-1.5008078734386483,-7.2019324,3.2922146942496378,-4.793022567688286,-0.3068845238666334
2023-03-16,-933.48126097867,0.0037606385749207,-1.5258832211534017,-7.116069,3.283929581142634,-4.809812802296036,-0.3101563889569791
2023-03-17,-933.4644968632372,0.0035712156207701,-1.5499680084791017,-7.0024676,3.274430901641572,-4.824398910120673,-0.3133968791116115
2023-03-18,-933.4477327478044,0.0033824293352555,-1.573051013874288,-6.864699,3.2637271839817044,-4.836778197855993,-0.3166052539960186
2023-03-19,-933.4309686323714,0.0031946387980799,-1.5951220412038478,-6.9019976,3.251827420415828,-4.846949461619676,-0.319780710218321
2023-03-20,-933.4142045169384,0.0030082096950945,-1.6161719263304108,-6.954045,3.238741058854837,-4.854912985185248,-0.32292238097058
2023-03-21,-933.3974404015056,0.0028235143610633,-1.6361925425304849,-6.8852987,3.2244779943644675,-4.860670536894952,-0.3260293357782619
2023-03-22,-933.3806762860728,0.0026409318232882,-1.655176804731639,-6.8357935,3.2090485605265853,-4.864225365258225,-0.3291005803588157
2023-03-23,-933.36391217064,0.0024608478446488,-1.673118672568414,-6.857006,3.192463520673334,-4.865582193241748,-0.3321350565901937
2023-03-24,-933.3471480552072,0.0022836549667832,-1.6900131522559552,-6.8491445,3.1747340590024336,-4.864747211258389,-0.3351316425899775
2023-03-25,-933.3303839397742,0.0021097525537374,-1.7058562972817712,-6.793545,3.1558717715818414,-4.861728068863613,-0.3380891529056488
2023-03-26,-933.3136198243412,0.0019395468360201,-1.7206452079173271,-6.679787,3.135888657251993,-4.85653386516932,-0.3410063388163811
2023-03-27,-933.2968557089084,0.0017734509533475,-1.7343780295525622,-6.561827,3.1147971084337085,-4.84917513798627,-0.343881888746584
2023-03-28,-933.2800915934756,0.0016118849988409,-1.747053949857749,-6.912122,3.0926099018498427,-4.839663851707591,-0.3467144287912921
2023-03-29,-933.2633274780428,0.0014552760632344,-1.7586731947784546,-6.9075336,3.0693401891686287,-4.828013383947083,-0.3495025233533296
2023-03-30,-933.2465633626098,0.0013040582781371,-1.769237023370697,-6.827074,3.0450014875766285,-4.814238510947326,-0.3522446758920344
2023-03-31,-933.229799247177,0.0011586728606349,-1.7787477214846934,-6.7600355,3.019607670289074,-4.798355391773768,-0.3549393297831889
2023-04-01,-933.213035131744,0.0010195681571172,-1.787208594306934,-6.848173,2.993172957005291,-4.7803815513122245,-0.3575848692896349
2023-04-02,-933.1962710163112,0.0008871996875772,-1.7946239577715648,-6.8730536,2.9657119043168225,-4.760335862088388,-0.3601796206419173
2023-04-03,-933.1795069008784,0.0007620301899962,-1.8009991288533886,-6.8524394,2.937239396075721,-4.73823852492911,-0.362721853228148
2023-04-04,-933.1627427854454,0.0006445296648607,-1.8063404147560411,-6.7949834,2.9077706337303626,-4.714111048486404,-0.3652097808921274
2023-04-05,-933.1459786700126,0.0005351754193227,-1.8106551010101228,-6.708011,2.87732112663605,-4.687976227646173,-0.3676415633386247
2023-04-06,-933.1292145545796,0.000434452112449,-1.8139514384973292,-6.7040424,2.845906682347492,-4.659858120844821,-0.3700153076445634
2023-04-07,-933.1124504391468,0.0003428517990542,-1.8162386294178243,-6.8734245,2.813543396900145,-4.62978202631797,-0.3723290698747158
2023-04-08,-933.095686323714,0.0002608739754865,-1.8175268122192605,-6.782723,2.780247645087246,-4.597774457306507,-0.3745808568003741
2023-04-09,-933.078922208281,0.0001890256237242,-1.8178270455070529,-6.7244654,2.7460360707392364,-4.5638631162462895,-0.3767686277193097
2023-04-10,-933.0621580928482,0.0001278212569211,-1.817151290956626,-6.696805,2.710925577012083,-4.528076867968709,-0.3788902963752064
2023-04-11,-933.0453939774152,7.778296421356856e-05,-1.8155123952494765,-6.7692385,2.674933316690919,-4.490445711940396,-0.3809437329746068
2023-04-12,-933.0286298619824,3.944045582748856e-05,-1.8129240710559813,-6.69413,2.6380766825151967,-4.451000753571178,-0.3829267662992793
2023-04-13,-933.0118657465496,1.3331109158798428e-05,-1.80940087708895,-6.59327,2.6003732975314096,-4.40977417462036,-0.3848371859117769
2023-04-14,-932.9951016311168,1.2589040920829575e-11,-1.8049581972529256,-6.473069,2.5618410054792946,-4.366799202732221,-0.38667274445183
2023-04-15,-932.9783375156838,1.261390991658118e-11,-1.799612218915265,-6.3647714,2.5224978612172047,-4.32211008013247,-0.3884311600210836
2023-04-16,-932.9615734002508,1.2644107982850984e-11,-1.7933799103259989,-6.3075686,2.482362121192215,-4.275742031518214,-0.3901101186535732
2023-04-17,-932.944809284818,1.2541079286165768e-11,-1.7862789972143744,-6.3165183,2.4414522339603173,-4.227731231174692,-0.3917072768691935
2023-04-18,-932.9280451693852,1.2516210290414163e-11,-1.7783279385909283,-6.3384247,2.3997868307618875,-4.178114769352816,-0.3932202643073152
2023-04-19,-932.9112810539524,1.2539302929326368e-11,-1.769545901784797,-6.330725,2.3573847161574286,-4.126930617942225,-0.3946466864375726
2023-04-20,-932.8945169385196,1.2484235867304959e-11,-1.7599527367467644,-6.269045,2.314264858728404,-4.074217595475169,-0.3959841273447401
2023-04-21,-932.8777528230866,1.2434497875801752e-11,-1.749568949649409,-6.2098117,2.270446381847788,-4.020015331497197,-0.3972301525845059
2023-04-22,-932.8609887076536,1.2363443602225743e-11,-1.738415675816428,-6.1005445,2.225948554524772,-3.9643642303412,-0.3983823121068442
2023-04-23,-932.8442245922208,1.2366996315904544e-11,-1.7265146520139432,-6.0450807,2.180790782327877,-3.90730543434182,-0.3994381432435824
2023-04-24,-932.827460476788,1.2308376540204335e-11,-1.7138881881372896,-5.963596,2.1349925983905185,-3.848880786527808,-0.4003951737566747
2023-04-25,-932.8106963613552,1.2386536241137946e-11,-1.70055913832741,-5.8408184,2.088573654502905,-3.7891327928303142,-0.4012509249435788
2023-04-26,-932.7939322459222,1.2242651337146526e-11,-1.6865508715516222,-5.7430005,2.041553712293913,-3.728104583845536,-0.4020029147960702
2023-04-27,-932.7771681304894,1.219824241616152e-11,-1.6718872416840227,-5.639052,1.9939526345064496,-3.665839876190472,-0.4026486612087188
2023-04-28,-932.7604040150565,1.2223111411913123e-11,-1.6565925571213866,-5.5091724,1.945790376369543,-3.6023829334909294,-0.4031856852331859
2023-04-29,-932.7436398996236,1.2297718399167934e-11,-1.6406915499708268,-5.3694277,1.897086977070288,-3.537778527041115,-0.4036115143744266
2023-04-30,-932.7268757841908,1.2173373420409916e-11,-1.6242093448459702,-5.2655025,1.847862551328514,-3.4720718961744845,-0.4039236859247974
2023-05-01,-932.7101116687578,1.2157386208855314e-11,-1.6071714273087792,-5.203564,1.7981372810768896,-3.405308708385669,-0.4041197503320212
2023-05-02,-932.693347553325,1.212718814258551e-11,-1.5896036119944752,-5.1895785,1.7479314072489682,-3.337535019243443,-0.4041972745968832
2023-05-03,-932.676583437892,1.2166267993052315e-11,-1.571532010457371,-5.121986,1.6972652216774968,-3.2687972321348675,-0.4041538456964898
2023-05-04,-932.6598193224592,1.2134293569943113e-11,-1.5529829987756285,-5.0704293,1.6461590591051165,-3.199142057880745,-0.4039870740288594
2023-05-05,-932.6430552070264,1.212896449942491e-11,-1.5339831849532304,-5.0811596,1.5946332893093929,-3.128616474262623,-0.403694596874579
2023-05-06,-932.6262910915934,1.212718814258551e-11,-1.5145593761575635,-5.135212,1.5427083093439355,-3.057267685501499,-0.403274081871208
2023-05-07,-932.6095269761606,1.2096990076315706e-11,-1.4947385458312052,-5.083483,1.4904045358971738,-2.985143081728379,-0.4027232304960887
2023-05-08,-932.5927628607276,-0.0001324490427503,-1.4745478007165318,-5.1651044,1.4377423977701853,-2.9122901984867173,-0.4020397815531797
2023-05-09,-932.5759987452948,-0.0002616687099123,-1.4540143478318337,-5.0654163,1.3847423284747755,-2.838756676306609,-0.4012215146595109
2023-05-10,-932.559234629862,-0.0003876679153282,-1.4331654614376186,-4.949917,1.3314247589528556,-2.764590220390474,-0.4002662537268401
2023-05-11,-932.5424705144292,-0.0005104556322148,-1.4120284500317068,-4.8577924,1.2778101104179662,-2.6898385604496733,-0.3991718704340744
2023-05-12,-932.5257063989962,-0.0006300408823172,-1.390630623411658,-4.757844,1.2239187873196469,-2.6145494107313048,-0.3979362876860098
2023-05-13,-932.5089422835632,-0.0007464327354274,-1.3689992598429055,-4.654698,1.16977117043116,-2.5387704302740657,-0.3965574830539463
2023-05-14,-932.4921781681304,-0.0008596403094731,-1.3471615733707856,-4.5266423,1.115387610060945,-2.4625491834317303,-0.3950334921937267
2023-05-15,-932.4754140526976,-0.0009696727707488,-1.325144681314448,-4.4088063,1.060788419387986,-2.385933100702434,-0.3933624122367726
2023-05-16,-932.4586499372648,-0.0010765393344627,-1.302975571980335,-4.270344,1.0059938679211349,-2.30896943990147,-0.3915424051496831
2023-05-17,-932.441885821832,-0.0011802492635553,-1.280681072632608,-4.1323056,0.9510241750822936,-2.2317052477149013,-0.3895717010580032
2023-05-18,-932.425121706399,-0.0012808118705223,-1.258287817757524,-4.012442,0.8958995039131789,-2.154187321670703,-0.3874486015297734
2023-05-19,-932.408357590966,-0.0013782365155794,-1.2358222176584237,-3.8915935,0.840639954905278,-2.0764621725637014,-0.3851714828145189
2023-05-20,-932.3915934755332,-0.0014725326086857,-1.2133104274174575,-3.764606,0.7852655599524475,-1.9985759873699047,-0.3827387990333618
2023-05-21,-932.3748293601004,-0.0015637096082681,-1.1907783162597698,-3.6449847,0.729796276425482,-1.920574592685252,-0.3801490853159809
2023-05-22,-932.3580652446676,-0.0016517770217898,-1.1682514373552948,-3.5544896,0.6742519813678441,-1.842503418723139,-0.3774009608802006
2023-05-23,-932.3413011292348,-0.0017367444061715,-1.1457549980927624,-3.467043,0.6186524658116174,-1.7644074639043796,-0.3744931320500271
2023-05-24,-932.3245370138018,-0.00195287007935,-1.1233138308599084,-3.366285,0.563017429212643,-1.6863312600725515,-0.3714243952080187
2023-05-25,-932.3077728983689,-0.0021673531470209,-1.1009523643632464,-3.2580109,0.5073664740036536,-1.6083188383669,-0.3681936396779345
2023-05-26,-932.291008782936,-0.0023753743785537,-1.0786945955200558,-3.164116,0.4517191002641455,-1.5304136957842012,-0.3647998505336737
2023-05-27,-932.2742446675032,-0.0025769532329213,-1.0565640619545418,-3.085925,0.3960947005055853,-1.452658762460127,-0.3612421113305918
2023-05-28,-932.2574805520704,-0.0027721092679744,-1.0345838151293794,-3.020417,0.3405125545704874,-1.3750963696998668,-0.3575196067553511
2023-05-29,-932.2407164366374,-0.0029608621407213,-1.0127763941430077,-2.9200988,0.2849918246437706,-1.297768218786778,-0.3536316251905573
2023-05-30,-932.2239523212044,-0.0031432316078081,-0.9911638002223055,-2.8303018,0.2295515503747363,-1.220715350597042,-0.3495775611905106
2023-05-31,-932.2071882057716,-0.0033192375256536,-0.9697674719393377,-2.744284,0.1742106441079104,-1.143978116047248,-0.3453569178644949
2023-06-01,-932.1904240903388,-0.0034888998502076,-0.948608261180012,-2.6645014,0.1189878862209359,-1.067596147400948,-0.3409693091641259
2023-06-02,-932.173659974906,-0.0036522386378283,-0.9277064098915808,-2.5953364,0.0639019205676008,-0.9916083304591816,-0.3364144620713825
2023-06-03,-932.156895859473,-0.0038092740448956,-0.9070815276349384,-2.5260284,0.0089712500240443,-0.9160527776589829,-0.3316922186840445
2023-06-04,-932.14013174404,-0.0039600263283485,-0.8867525699666894,-2.4535322,-0.0457857678638837,-0.8409668021028057,-0.326802538195378
2023-06-05,-932.1233676286072,-0.0041045158457642,-0.866737817674991,-2.3728392,-0.1003509251341989,-0.7663868925407921,-0.3217454987650172
2023-06-06,-932.1066035131744,-0.0042427630555597,-0.8470548568920971,-2.3001795,-0.1547061675654193,-0.6923486893266778,-0.3165212992781089
2023-06-07,-932.0898393977416,-0.0043747885170386,-0.8277205601054899,-2.2550392,-0.2088335987384391,-0.6188869613670507,-0.3111302609899199
2023-06-08,-932.0730752823088,-0.0046338917842669,-0.8087510680884149,-2.1973104,-0.262715484005861,-0.5460355840825539,-0.3055728290532099
2023-06-09,-932.0563111668758,-0.004895459729596,-0.7901617727695072,-2.1714091,-0.3163342543710165,-0.4738275183984907,-0.29984957392583
2023-06-10,-932.0395470514428,-0.0051473145513689,-0.7719673010600819,-2.1239736,-0.3696725102789696,-0.4022947907811123,-0.2939611926561128
2023-06-11,-932.02278293601,-0.0053894876214855,-0.7541814996565146,-2.0672722,-0.4227130253217755,-0.3314684743347391,-0.2879085100437797
2023-06-12,-932.0060188205772,-0.0056220104645836,-0.736817420833977,-2.013548,-0.4754387498603226,-0.2613786709736544,-0.2816924796742058
2023-06-13,-931.9892547051444,-0.0058449147582981,-0.7198873092466008,-1.9450982,-0.527832814565069,-0.1920544946815318,-0.2753141848240516
2023-06-14,-931.9724905897116,-0.0061319191586726,-0.7034025897479228,-1.8794304,-0.579878533878002,-0.1235240558699207,-0.2687748392363912
2023-06-15,-931.9557264742784,-0.0064814999245523,-0.6873738562443312,-1.8027655,-0.6315594093981511,-0.05581444684618,-0.2620757877636301
2023-06-16,-931.9389623588456,-0.0068179364165779,-0.6718108615928989,-1.749393,-0.6828591331929593,0.0110482716000603,-0.2552185068766471
2023-06-17,-931.9221982434128,-0.0071412715892522,-0.6567225085538141,-1.6930339,-0.7337615910378459,0.0770390824840318,-0.2482046050387553
2023-06-18,-931.90543412798,-0.0074515486029795,-0.6421168418064049,-1.6745567,-0.7842508655862266,0.1421340237798216,-0.2410358229432171
2023-06-19,-931.8886700125472,-0.0077488108248484,-0.6280010410363714,-1.7252464,-0.8343112394722872,0.2063101984359158,-0.2337140336132238
2023-06-20,-931.8719058971142,-0.0080638319438044,-0.6143814151007357,-1.699719,-0.8839271983487375,0.2695457832480017,-0.2262412423633919
2023-06-21,-931.8551417816814,-0.0084844636542618,-0.6012633972756309,-1.6438588,-0.933083433861775,0.331820036586144,-0.2186195866219935
2023-06-22,-931.8383776662484,-0.0088885243143543,-0.58865154159081,-1.573773,-0.9817648465654302,0.3931133049746201,-0.2108513356133038
2023-06-23,-931.8216135508156,-0.0092760690389637,-0.5765495202535162,-1.5245187,-1.0299565487774325,0.453407028523916,-0.2029388898995994
2023-06-24,-931.8048494353828,-0.0096471532027191,-0.5649601221630136,-1.4942213,-1.077643867378704,0.5126837452156903,-0.1948847807825185
2023-06-25,-931.7880853199498,-0.0100018324408095,-0.5538852525158585,-1.4427352,-1.1248123465585058,0.5709270940426473,-0.1866916695636435
2023-06-26,-931.771321204517,-0.0103401626493653,-0.5433259335006605,-1.3842924,-1.1714477505072527,0.6281218170065922,-0.1783623466643398
2023-06-27,-931.754557089084,-0.0106621999856972,-0.5332823060798769,-1.324297,-1.2175360660589165,0.6842537599790394,-0.1698997306050476
2023-06-28,-931.7377929736512,-0.0110827286725321,-0.5237536328548308,-1.2662759,-1.2630635052849015,0.739309872430071,-0.1613068668443842
2023-06-29,-931.7210288582183,-0.0115224929898261,-0.514738302008966,-1.1982794,-1.3080165080411976,0.7932782060322316,-0.1525869264785868
2023-06-30,-931.7042647427854,-0.0119423757995775,-0.5062338323230264,-1.1340445,-1.352381744470553,0.8461479121475266,-0.1437432048019788
2023-07-01,-931.6875006273526,-0.0123424455936635,-0.4982368792546553,-1.0795962,-1.3961461174613414,0.8979092382066861,-0.1347791197293212
2023-07-02,-931.6707365119196,-0.0127227711800177,-0.4907432420736213,-1.0154214,-1.4392967650647108,0.9485535229910896,-0.1256982100810603
2023-07-03,-931.6539723964868,-0.0132381130782723,-0.4837478720427333,-0.95009345,-1.4818210628715358,0.9980731908288024,-0.116504133732653
2023-07-04,-931.637208281054,-0.0137300369899309,-0.4772448816331939,-0.8835749,-1.5237066263506056,1.0464617447174116,-0.107200665629314
2023-07-05,-931.620444165621,-0.0141986241169522,-0.4712275547620179,-0.8267922,-1.564941313149398,1.0937137583873802,-0.0977916956676827
2023-07-06,-931.6036800501882,-0.0146439560322804,-0.4656883580379686,-0.7773543,-1.6055132253587057,1.139824867320737,-0.0882812264460719
2023-07-07,-931.5869159347552,-0.0150661146812014,-0.4606189530012309,-0.7227308,-1.6454107117422898,1.184791758741059,-0.0786733708851196
2023-07-08,-931.5701518193224,-0.0154651823813631,-0.4560102093409749,-0.66700226,-1.6846223699326413,1.2286121605916662,-0.0689723497208083
2023-07-09,-931.5533877038896,-0.015841241823983,-0.4518522190738068,-0.6257126,-1.7231370485938426,1.271284829520036,-0.059182488871991
2023-07-10,-931.5366235884568,-0.0161943760746439,-0.4481343116649726,-0.57931936,-1.76094384955243,1.3128095378874574,-0.049308216684693
2023-07-11,-931.519859473024,-0.0166186381490902,-0.4448450700731715,-0.5411702,-1.79803212989704,1.3531870598238682,-0.0393540610556186
2023-07-12,-931.503095357591,-0.0170819730589562,-0.4419723476987112,-0.4917136,-1.8343915040475585,1.392419156348847,-0.0293246464374401
2023-07-13,-931.486331242158,-0.0175187388721234,-0.4395032862137322,-0.446783,-1.8700118457943569,1.4305085595806244,-0.019224690728581
2023-07-14,-931.4695671267252,-0.0179290320226783,-0.4374243342522512,-0.38991386,-1.904883290308124,1.4674589560558726,-0.0090590020503567
2023-07-15,-931.4528030112924,-0.0184654124389975,-0.4357212669367444,-0.33876318,-1.9389962361206825,1.503274969183938,0.0011675245855368
2023-07-16,-931.4360388958596,-0.0190299544908905,-0.434379206217062,-0.30244547,-1.972341347077098,1.537962140860036,0.0114499107160521
2023-07-17,-931.4192747804266,-0.0196714517642551,-0.4333826419965925,-0.2823168,-2.004909554259256,1.5715269122626634,0.0217830979690782
2023-07-18,-931.4025106649938,-0.0202790166111652,-0.4327154540196215,-0.25393638,-2.0366920578810057,1.6039766038613843,0.0321619517055977
2023-07-19,-931.3857465495608,-0.0208527717360853,-0.4323609344930272,-0.21520644,-2.067680329154856,1.6353193946618287,0.0425812647582023
2023-07-20,-931.368982434128,-0.0213928403859648,-0.4323018114146367,-0.1756947,-2.097866112130099,1.6655643007154626,0.0530357612623348
2023-07-21,-931.3522183186952,-0.0218993463512848,-0.4325202725797321,-0.14152236,-2.127241425502145,1.6947211529224129,0.0635201005765079
2023-07-22,-931.3354542032622,-0.0223724139671137,-0.4329979902364733,-0.09202867,-2.1557985643927347,1.7228005741562613,0.0740288812876425
2023-07-23,-931.3186900878294,-0.0228121681133117,-0.4337161463602661,-0.053284917,-2.1835301021006224,1.7498139557403565,0.0845566452975604
2023-07-24,-931.3019259723964,-0.0232187342165817,-0.4346554585164319,-0.024844341,-2.21042889182217,1.7757734333057382,0.0950978819865583
2023-07-25,-931.2851618569636,-0.0235922382504369,-0.4357962062798514,-0.017155709,-2.23648806834126,1.800691862061408,0.1056470324499013
2023-07-26,-931.2683977415307,-0.0239328067369353,-0.4371182581796901,0.002212461,-2.26170104968776,1.82458279150807,0.1161984938029697
2023-07-27,-931.2516336260978,-0.0243714777649932,-0.438601099136704,0.03962067,-2.28606153876376,1.847460439627056,0.1267466235507156
2023-07-28,-931.234869510665,-0.0248074429996192,-0.4402238583600784,0.092164166,-2.309563524936602,1.869339666576524,0.1372857440169909
2023-07-29,-931.218105395232,-0.0252068053252187,-0.4419653376703057,0.14520527,-2.3322012855977423,1.8902359479274369,0.1478101468292411
2023-07-30,-931.2013412797992,-0.0255697060358706,-0.4438040402140943,0.18501216,-2.3539693876862966,1.9101653474722025,0.1583140974539746
2023-07-31,-931.1845771643664,-0.0260001633028057,-0.4457181995369154,0.21065561,-2.374862689176088,1.9291444896391725,0.1687918397783591
2023-08-01,-931.1678130489336,-0.0264536242252972,-0.4476858089784071,0.23944788,-2.3948763405248954,1.9471905315464884,0.1792376007332261
2023-08-02,-931.1510489335006,-0.026866959269383,-0.4496846513555296,0.26565328,-2.4140057860845374,1.964321134729008,0.1896455949527132
2023-08-03,-931.1342848180676,-0.0272403249007604,-0.4516923288980427,0.27900583,-2.4322467654703286,1.9805544365722856,0.200010029465715
2023-08-04,-931.1175207026348,-0.027573878252074,-0.4536862934006771,0.27953443,-2.44959531488836,1.9959090214876825,0.2103251084142779
2023-08-05,-931.100756587202,-0.0278677771240527,-0.4556438765560901,0.2917466,-2.4660477684189948,2.0104038918629046,0.2205850377940181
2023-08-06,-931.0839924717692,-0.0281312772699751,-0.4575423204325866,0.30163583,-2.48160075925489,2.024058438822303,0.2307840302116228
2023-08-07,-931.0672283563364,-0.0285144049044969,-0.4593588080604311,0.3110417,-2.4962512208917524,2.036892412831321,0.2409163096544538
2023-08-08,-931.0504642409034,-0.0288541864882576,-0.4610704940904983,0.31248397,-2.5099963882700287,2.0489258941795305,0.2509761162672578
2023-08-09,-931.0337001254704,-0.0291507955170731,-0.4626545354889581,0.31376478,-2.522833798865592,2.060179263376633,0.2609577111309585
2023-08-10,-931.0169360100376,-0.0294044062160212,-0.4640881222317051,0.3251481,-2.534761293727492,2.070673171495787,0.2708553810385081
2023-08-11,-931.0001718946048,-0.0296470520170473,-0.4653485079622875,0.34362462,-2.545777018460732,2.080428510498444,0.2806634432627604
2023-08-12,-930.983407779172,-0.029984544909297,-0.4664130405771368,0.3741594,-2.555879424151989,2.089466383574852,0.2903762503113244
2023-08-13,-930.966643663739,-0.0302753504746267,-0.4672591927020938,0.39901203,-2.5650672682361666,2.097808075534073,0.2999881946633785
2023-08-14,-930.9498795483062,-0.0305919570361759,-0.4678645920243118,0.43284687,-2.573339615301591,2.105475023277279,0.3094937134834148
2023-08-15,-930.9331154328733,-0.0309591600113474,-0.4682070514439087,0.4681371,-2.580695837831632,2.1124887863877237,0.318887293306923
2023-08-16,-930.9163513174404,-0.0312760139250825,-0.4682645990099204,0.4914166,-2.587135616880507,2.1188710178705867,0.3281634746930271
2023-08-17,-930.8995872020076,-0.0316594107053678,-0.4680155076054497,0.50271845,-2.592658942680946,2.1246434350754964,0.3373168568391342
2023-08-18,-930.8828230865746,-0.0320451260899803,-0.4674383243472144,0.52246696,-2.5972661151814203,2.129827790834206,0.3463421021526747
2023-08-19,-930.8660589711418,-0.032376859347627,-0.4665118996650555,0.54575825,-2.6009577445105783,2.134445844845523,0.3552339407750634
2023-08-20,-930.8492948557088,-0.0326548326083866,-0.4652154160274248,0.5149305,-2.6037347513664995,2.138519335339075,0.3639871750530568
2023-08-21,-930.832530740276,-0.0328792689141588,-0.4635284162792586,0.40670472,-2.6055983673284016,2.1420699510491428,0.3725966839527284
2023-08-22,-930.8157666248431,-0.0330503922211073,-0.461430831559197,0.37458348,-2.6065501350883755,2.1451193035291785,0.3810574274113462
2023-08-23,-930.7990025094102,-0.0331957881882836,-0.4589030087635747,0.39205652,-2.6065919086007527,2.147688899837178,0.3893644506224998
2023-08-24,-930.7822383939774,-0.0334347961959231,-0.4559257375252252,0.42602742,-2.605725853146679,2.1498001156214537,0.3975128882498891
2023-08-25,-930.7654742785444,-0.0337914281019644,-0.4524802766756922,0.45845953,-2.603954445311477,2.151474168635785,0.4054979685652677
2023-08-26,-930.7487101631116,-0.0342422810764198,-0.448548380160131,0.5036328,-2.601280472872398,2.152732092712267,0.4133150175061053
2023-08-27,-930.7319460476788,-0.034647835126659,-0.4441123223747901,0.5509628,-2.5977070345943525,2.1535947122195624,0.4209594626486242
2023-08-28,-930.715181932246,-0.0349885162161909,-0.4391549228977224,0.5994789,-2.5932375399312284,2.154082617033506,0.428426837091953
2023-08-29,-930.698417816813,-0.0352645963023947,-0.4336595705841001,0.6281181,-2.587875708630447,2.154216138046347,0.4357127832492345
2023-08-30,-930.68165370138,-0.0354763484396496,-0.4276102469982211,0.6413809,-2.581625570238389,2.154015323240168,0.4428130565416244
2023-08-31,-930.6648895859472,-0.035687389283697,-0.4209915491552113,0.61885905,-2.5744914635043923,2.153499914349181,0.4497235289912265
2023-09-01,-930.6481254705144,-0.0359465932364031,-0.4137887115461279,0.5176277,-2.566478035681025,2.1526893241348968,0.4564401927091077
2023-09-02,-930.6313613550816,-0.0361598535151488,-0.4059876274211269,0.4520581,-2.5575902417183984,2.151602614297272,0.4629591632746683
2023-09-03,-930.6145972396488,-0.0364604820471434,-0.3975748693062005,0.42194596,-2.547833343350306,2.1502584740441057,0.4692766830027408
2023-09-04,-930.5978331242158,-0.0366893926700528,-0.3885377087299196,0.4258356,-2.5372129080700367,2.148675199340117,0.47538912409493
2023-09-05,-930.581069008783,-0.0368844826331251,-0.3788641351375426,0.44521266,-2.525734807993744,2.1468706728562013,0.4812929916718219
2023-09-06,-930.56430489335,-0.0371483512443076,-0.3685428739708561,0.47873345,-2.513405218609336,2.14486234463848,0.4869849266828257
2023-09-07,-930.5475407779172,-0.0373797224221279,-0.3575634038930631,0.5268286,-2.500230617408877,2.1426672135158142,0.4924617086905505
2023-09-08,-930.5307766624844,-0.0376712889782382,-0.3459159731390571,0.5732356,-2.48621778240258,2.140301809263523,0.4977202585267425
2023-09-09,-930.5140125470516,-0.0378838395357394,-0.3335916149724875,0.61733043,-2.471373790512521,2.1377821755400337,0.5027576408169704
2023-09-10,-930.4972484316186,-0.0380187287512088,-0.3205821622320321,0.6529923,-2.4557060158442985,2.1351238536122663,0.5075710663713725
2023-09-11,-930.4804843161857,-0.0382542347875833,-0.3068802609503791,0.67326814,-2.4392221278349133,2.132341866884534,0.5121578944389437
2023-09-12,-930.4637202007528,-0.0384072791127145,-0.2924793830305474,0.68679297,-2.4219300892752487,2.129450706244701,0.5165156348229745
2023-09-13,-930.44695608532,-0.0385449190709525,-0.2773738379652259,0.7108584,-2.4038381542055767,2.1264643162403507,0.5206419498554283
2023-09-14,-930.4301919698872,-0.0387132574536863,-0.2615587835859705,0.7377846,-2.3849548656826665,2.123396082096696,0.5245346562281804
2023-09-15,-930.4134278544542,-0.0388390619238441,-0.2450302358302345,0.7571117,-2.365289053417092,2.120258817586857,0.5281917266792151
2023-09-16,-930.3966637390212,-0.039016317883445,-0.2277850775153341,0.78422785,-2.344849831279486,2.117064753764152,0.5316112915320306
2023-09-17,-930.3798996235884,-0.0391039565757553,-0.2098210661096335,0.8036529,-2.323646594674557,2.1138255285649232,0.534791640086673
2023-09-18,-930.3631355081556,-0.039148889135542,-0.1911368404923912,0.8237175,-2.301689017781787,2.110552177289396,0.5377312218609736
2023-09-19,-930.3463713927227,-0.0392396655826949,-0.1717319266948876,0.8510717,-2.2789870506618555,2.107255123966968,0.540428647680746
2023-09-20,-930.3296072772898,-0.0392374852624559,-0.1516067426166391,0.8645529,-2.255550916227929,2.10394417361129,0.5428826906178554
2023-09-21,-930.3128431618568,-0.0391827522047725,-0.1307626017117025,0.8610543,-2.231391107081049,2.1006285053693463,0.5450922867752499
2023-09-22,-930.296079046424,-0.0391782643121745,-0.1092017156412428,0.85600245,-2.2065183822089955,2.0973166665677527,0.5470565359182084
2023-09-23,-930.2793149309912,-0.0390775110014374,-0.0869271958897701,0.8596008,-2.180943763548115,2.094016567658345,0.5487747019512434
2023-09-24,-930.2625508155584,-0.0388809284514728,-0.0639430543436087,0.8548934,-2.1546785324076967,2.090735478064088,0.5502462132402521
2023-09-25,-930.2457867001254,-0.0385889545158812,-0.0402542028314028,0.649112,-2.127734225756621,2.0874800229252184,0.551470662779695
2023-09-26,-930.2290225846926,-0.0382020287251911,-0.0158664516276013,0.51939505,-2.1001226323721403,2.0842561807445388,0.5524478082047538
2023-09-27,-930.2122584692596,-0.0377205922898795,0.0092134930788586,0.4652501,-2.0718557888507494,2.081069281929608,0.5531775716485887
2023-09-28,-930.1954943538268,-0.0371450881027097,0.0349780327473686,0.47289497,-2.042945975481246,2.0779240082286146,0.5536600394449879
2023-09-29,-930.178730238394,-0.0364759607422122,0.0614186810753706,0.4052234,-2.013405711980212,2.074824393055582,0.5538954616768843
2023-09-30,-930.1619661229612,-0.0357953534983472,0.088526069609299,0.3505581,-1.983247753090284,2.071773822699583,0.5538842515713719
2023-10-01,-930.1452020075284,-0.0351255296432633,0.1162899543698497,0.34054124,-1.952485084041689,2.068775038411539,0.5536269847420446
2023-10-02,-930.1284378920952,-0.0345354176665306,0.14469922348352,0.32600296,-1.921130915877676,2.0658301393611955,0.5531243982796288
2023-10-03,-930.1116737766624,-0.0338581580813253,0.1737419058112426,0.277741,-1.889198680644626,2.0629405864558685,0.5523773896920716
2023-10-04,-930.0949096612296,-0.0332652290208477,0.2034051805637859,0.3041462,-1.8567020264477,2.0601072070114856,0.5513870156954008
2023-10-05,-930.0781455457968,-0.0325846636966247,0.2336753878924576,0.32259497,-1.823654812373089,2.0573302002655467,0.550154490856843
2023-10-06,-930.061381430364,-0.0319704942560887,0.2645380404425841,0.35628924,-1.790071103278026,2.05460914372061,0.548681186091855
2023-10-07,-930.044617314931,-0.0314190833442387,0.2959778358561077,0.399345,-1.7559651644498662,2.051943000305974,0.5469686270168783
2023-10-08,-930.027853199498,-0.0309422054918346,0.3279786702085852,0.4411605,-1.721351456135688,2.049330126344273,0.5450184921597964
2023-10-09,-930.0110890840652,-0.0304999826476271,0.3605236523648233,0.36885992,-1.6862446279439935,2.0467682803088167,0.5428326110302242
2023-10-10,-929.9943249686324,-0.0299945163604817,0.3935951192363637,0.22831813,-1.6506595131202324,2.044254632356596,0.5404129620519215
2023-10-11,-929.9775608531996,-0.0295445794020965,0.4271746519229659,0.082036465,-1.6146111226980189,2.0417857746209847,0.5377616703597713
2023-10-12,-929.9607967377666,-0.0290318959984539,0.4612430927193215,0.07177371,-1.578114639528014,2.0393577322473355,0.5348810054639117
2023-10-13,-929.9440326223338,-0.0280382823849851,0.4957805629672068,0.07058779,-1.5411854121866393,2.036965975153846,0.531773378783772
2023-10-14,-929.9272685069008,-0.0268444376782719,0.5307664817323551,0.087813415,-1.503838948766859,2.034605430499214,0.528441341054876
2023-10-15,-929.910504391468,-0.025399752626857,0.5661795852844248,0.11511409,-1.466090910553466,2.0322704958378908,0.5248875796114558
2023-10-16,-929.8937402760351,-0.0239453937120011,0.6019979473575462,-0.032245886,-1.4279571055853708,2.029955052942917,0.5211149155480224
2023-10-17,-929.8769761606022,-0.0223609684801076,0.6381990001680306,-0.026272198,-1.3894534821076043,2.0276524822756348,0.5171263007631917
2023-10-18,-929.8602120451694,-0.0208346684700675,0.6747595561650476,-0.022669764,-1.3505961219158005,2.025355678080848,0.5129248148891847
2023-10-19,-929.8434479297364,-0.0192371169067344,0.7116558304892295,0.00062473444,-1.311401233596107,2.0230570640853367,0.5085136621105504
2023-10-20,-929.8266838143036,-0.017719190044338,0.7488634641134015,0.046973404,-1.2718851456635738,2.020748609776976,0.5038961678757738
2023-10-21,-929.8099196988708,-0.01627663987166,0.786357547638877,0.08480821,-1.232064299602197,2.018421847241074,0.4990757755055623
2023-10-22,-929.793155583438,-0.0149052365150561,0.8241126457200749,0.03815506,-1.1919552428099325,2.0160678885300074,0.4940560427016905
2023-10-23,-929.776391468005,-0.0136007683010941,0.8621028220894988,0.04508083,-1.151574621452087,2.013677443541586,0.488840637960423
2023-10-24,-929.759627352572,-0.0123590418214449,0.9003016651545026,0.035099674,-1.1109391732266558,2.011240838381158,0.4834333368946041
2023-10-25,-929.7428632371392,-0.0111758819964169,0.9386823141366304,-0.14917484,-1.0700657200452337,2.008748034181864,0.4778380184686243
2023-10-26,-929.7260991217064,-0.0100031925859784,0.977217485723758,-0.15636909,-1.028971160633294,2.006188646357052,0.4720586611505598
2023-10-27,-929.7093350062736,-0.008825569679411,1.015879501204703,-0.12789051,-0.987672463053713,2.003551964258416,0.4660993389858615
2023-10-28,-929.6925708908408,-0.007416473044282,1.054640314055496,-0.09713168,-0.9461866571575132,2.0008269712130096,0.4599642175970567
2023-10-29,-929.6758067754078,-0.0060541515773646,1.093471537945981,-0.071622156,-0.9045308269659376,1.9980023649119183,0.4536575501140135
2023-10-30,-929.659042659975,-0.0047013065477985,1.1323444751350409,-0.039021898,-0.8627221029880274,1.9950665781230683,0.4471836730393646
2023-10-31,-929.642278544542,-0.0033745004514296,1.1712301452223035,0.0025256095,-0.8207776544780072,1.992007799700311,0.440547002053784
2023-11-01,-929.6255144291092,-0.0016653290741031,1.2100993142238372,0.043655768,-0.7787146816368443,1.9888139958606812,0.4337520277658422
2023-11-02,-929.6087503136764,-4.410668411836127e-06,1.2489225239390414,-0.068995476,-0.7365504077624689,1.9854729317015103,0.4268033114112388
2023-11-03,-929.5919861982434,0.0017576540493067,1.287670121575629,-0.058368098,-0.6943020713531918,1.9819721929288208,0.4197054805062537
2023-11-04,-929.5752220828106,0.0035899834985171,1.326312289599366,-0.19399506,-0.6519869181689799,1.978299207768346,0.4124632244602984
2023-11-05,-929.5584579673776,0.0058908197516442,1.3648190757750471,-0.3042461,-0.6096221932552871,1.974441269030334,0.4050812901524928
2023-11-06,-929.5416938519448,0.008204610425901,1.4031604233649717,-0.7078096,-0.5672251329342298,1.9703855562992008,0.3975644774772185
2023-11-07,-929.524929736512,0.010503097654233,1.4413062014511204,-0.7600306,-0.5248129567679822,1.9661191582191029,0.389917634863627
2023-11-08,-929.508165621079,0.012794879984626,1.479226235347101,-0.752221,-0.4824028594992958,1.9616290948463968,0.3821456547741069
2023-11-09,-929.4914015056462,0.0151760167757935,1.516890337065885,-0.75112325,-0.4400120029741226,1.956902340040008,0.3742534691867117
2023-11-10,-929.4746373902132,0.0178714791538716,1.554268335809391,-0.7699199,-0.3976575080514051,1.951925843860796,0.3662460450665808
2023-11-11,-929.4578732747804,0.0207121054995313,1.5913301084459257,-0.8101444,-0.3553564465050943,1.94668655495102,0.3581283798313642
2023-11-12,-929.4411091593475,0.0236886597211145,1.6280456099416585,-0.80422395,-0.3131258329235455,1.941171442865204,0.3499054968156761
2023-11-13,-929.4243450439146,0.026669926510924,1.6643849037123173,-0.9024566,-0.2709826166114688,1.935367520323786,0.341582440739579
2023-11-14,-929.4075809284818,0.0297213166075183,1.7003181918615005,-0.9203005,-0.2289436734996438,1.929261865361144,0.3331642731860941
2023-11-15,-929.3908168130488,0.0327369211654575,1.73581584527219,-0.9258544,-0.1870257980676463,1.9228416433398363,0.3246560680927046
2023-11-16,-929.374052697616,0.0360619809135749,1.7708484335182082,-0.94693434,-0.1452456952848585,1.9160941288030664,0.3160629072617918
2023-11-17,-929.3572885821832,0.0394190483197767,1.805386754562721,-0.9279616,-0.103619972575064,1.9090067271377849,0.307389875894914
2023-11-18,-929.3405244667504,0.0429443898206289,1.8394018642110803,-1.0898492,-0.0621651318099276,1.901566996021008,0.2986420581557945
2023-11-19,-929.3237603513174,0.0468900372803098,1.8728651052857348,-1.2638747,-0.0208975613366891,1.893762666622424,0.2898245327668383
2023-11-20,-929.3069962358844,0.0507884183902498,1.9057481364912352,-1.2394769,0.0201664719545865,1.8855816645366483,0.2809423686439549
2023-11-21,-929.2902321204516,0.0552486406313659,1.93802296093781,-1.2317693,0.061010830518899,1.877012130418911,0.2720006205743948
2023-11-22,-929.2734680050188,0.0597281424733222,1.9696619542924063,-1.2209237,0.1016195139939799,1.8680424402984264,0.2630043249422537
2023-11-23,-929.256703889586,0.0642168444018422,2.0006378925266004,-1.1955,0.1419766669824412,1.8586612255441592,0.2539584955062329
2023-11-24,-929.2399397741532,0.068957746017797,2.03092397923126,-1.1569768,0.1820665867730898,1.8488573924581704,0.2448681192341593
2023-11-25,-929.2231756587202,0.0736282701624828,2.0604938724684025,-1.1171504,0.2218737309961165,1.838620141472286,0.2357381521987016
2023-11-26,-929.2064115432872,0.0783419404287095,2.089321711131279,-1.0788125,0.2613827252068992,1.82793898592438,0.2265735155386338
2023-11-27,-929.1896474278544,0.0829908621391237,2.117382140784325,-1.0456308,0.3005783703931853,1.81680377039114,0.2173790914898979
2023-11-28,-929.1728833124216,0.0876514347089432,2.144650338955237,-1.015686,0.3394456504004464,1.8052046885547908,0.2081597194906397
2023-11-29,-929.1561191969888,0.0922969763018981,2.17110203985214,-0.99103725,0.3779697392702436,1.7931323005818969,0.1989201923642805
2023-11-30,-929.1393550815558,0.0972210018471302,2.1967135584795043,-1.0637321,0.4161360084864942,1.78057754999301,0.1896652525845866
2023-12-01,-929.122590966123,0.1021844618222718,2.221461814127184,-1.2096577,0.4539300341245484,1.7675317800026356,0.180399588626597
2023-12-02,-929.10582685069,0.1072547403846591,2.245324353207727,-1.5061677,0.4913376038980843,1.7539867493096428,0.1711278314071462
2023-12-03,-929.0890627352572,0.1124580815307596,2.2682793714179024,-2.1039596,0.5283447240988437,1.739934647319059,0.1618545508186112
2023-12-04,-929.0722986198244,0.1177171991462024,2.290305735201178,-2.1955066,0.564937626424322,1.7253681087768566,0.1525842523593878
2023-12-05,-929.0555345043914,0.122979315612179,2.311383002488734,-2.2510774,0.601102774688589,1.710280227800145,0.1433213738644699
2023-12-06,-929.0387703889586,0.128185392046161,2.331491442697462,-2.460673,0.6368268714114799,1.694664571285982,0.1340702823393857
2023-12-07,-929.0220062735256,0.1334398778537959,2.350612055964282,-2.7123466,0.6720968642814892,1.6785151916827927,0.124835270900609
2023-12-08,-929.0052421580928,0.1386737313715342,2.3687265915970124,-2.6999102,0.7068999524877595,1.6618266391092529,0.1156205558254185
2023-12-09,-928.98847804266,0.1439112334669277,2.385817565722959,-2.6794214,0.7412235929166764,1.6445939728062826,0.1064302737140563
2023-12-10,-928.971713927227,0.149272258307695,2.4018682781173326,-2.7333534,0.7750555062086352,1.6268127719086976,0.0972684787668683
2023-12-11,-928.9549498117942,0.1546106401205178,2.416862828194578,-2.7274497,0.808383682670665,1.608479145523913,0.0881391401789911
2023-12-12,-928.9381856963612,0.160042637076859,2.43078613014668,-2.6869905,0.8411963880406965,1.5895897421059837,0.0790461396549769
2023-12-13,-928.9214215809284,0.1655729706017203,2.4436239272135,-2.6512418,0.873482169099329,1.570141758114171,0.0699932690456093
2023-12-14,-928.9046574654956,0.1711575852479407,2.455362805071205,-2.6090403,0.905229859125112,1.550132945946093,0.0609842281090073
2023-12-15,-928.8878933500628,0.1767204407135678,2.4659902043259447,-2.5568416,0.9364285831894252,1.5295616211365195,0.0520226223979506
2023-12-16,-928.8711292346298,0.1822975323864217,2.4754944321008336,-2.5012717,0.9670677632871708,1.5084266688136627,0.0431119612752082
2023-12-17,-928.8543651191968,0.188083242611579,2.483864672705525,-2.4641817,0.997137123299612,1.4867275494059131,0.0342556560584914
2023-12-18,-928.837601003764,0.1938348260504416,2.4910909973785698,-2.5386307,1.0266266937858108,1.464464303592759,0.0254570182964841
2023-12-19,-928.8208368883312,0.1995564670034957,2.4971643730939164,-2.806176,1.0555268165992515,1.4416375564946646,0.0167192581772393
2023-12-20,-928.8040727728984,0.2052523277075422,2.5020766704239388,-2.8565254,1.0838281493263382,1.4182485210976006,0.0080454830700774
2023-12-21,-928.7873086574656,0.2109265482657787,2.505820670452528,-2.8149514,1.111521669543625,1.3942990009089031,-0.0005613037980623
2023-12-22,-928.7705445420326,0.216583246579209,2.508390070732755,-2.820751,1.1385986788907432,1.369791391842012,-0.0090982045310204
2023-12-23,-928.7537804265996,0.2222265182759883,2.5097794902848363,-2.7992866,1.1650508069561305,1.3447286833287058,-0.0175624276159433
2023-12-24,-928.7370163111668,0.2279120190496208,2.5099844736311603,-2.7884293,1.190870014972823,1.3191144586583372,-0.02595128883948
2023-12-25,-928.720252195734,0.2339768331567677,2.509001493866204,-2.8102028,1.2160485993217025,1.2929528945445017,-0.0342622120673626
2023-12-26,-928.7034880803012,0.2400537287714832,2.5068279547603565,-2.8261082,1.2405791948397182,1.2662487599206382,-0.0424927298872564
2023-12-27,-928.6867239648684,0.2463989210552042,2.503462191897659,-2.9586556,1.2644547779307986,1.2390074139668603,-0.0506404841149241
2023-12-28,-928.6699598494354,0.2527940255740613,2.4989034728486383,-2.9719505,1.2876686694772592,1.2112348033713791,-0.058703226163933
2023-12-29,-928.6531957340025,0.2591778293103282,2.493151996380448,-3.0325484,1.3102145375497027,1.1829374588307453,-0.066678817279285
2023-12-30,-928.6364316185696,0.2655543925299524,2.486208890707667,-3.115081,1.3320863999135553,1.154122490794112,-0.0745652286355324
2023-12-31,-928.6196675031368,0.2719277526658357,2.4780762107881373,-3.0647154,1.3532786263305183,1.124797584457619,-0.0823605413000941
