date,gps_raw_up_mm,gps_detrended_mm,gps_seasonal_mm,hydl_original_up_mm,hydl_seasonal_mm,gps_minus_hydl_mm,poroelastic_mm
2021-01-01,-109.923,-0.0516786393562579,-0.1842190666610905,-2.0474496,0.9506119506325356,-1.1348310172936262,-0.0038549086274158
2021-01-02,-113.142,-3.2788357144873017,-0.2722932716452393,-2.1519203,1.0033822162489598,-1.2756754878941992,-0.0108223673141189
2021-01-03,-111.511,-1.6561783132852888,-0.3606794838276462,-2.3078454,1.0558302298936568,-1.416509713721303,-0.017782653932877
2021-01-04,-106.66,3.1862311783466275,-0.4493326167005679,-2.640409,1.107934584410786,-1.5572672011113535,-0.0247327964945485
2021-01-05,-109.567,0.2702923040923585,-0.5382069752261059,-2.6391501,1.1596740284011713,-1.6978810036272771,-0.0316698402636899
2021-01-06,-112.073,-2.245013354109463,-0.6272562925195473,-2.788318,1.2110274777326635,-1.838283770252211,-0.0385908496289627
2021-01-07,-111.91,-2.0915012408882614,-0.716433767342078,-2.7647715,1.2619740269094868,-1.9784077942515648,-0.045492909943633
2021-01-08,-120.336,-10.527031170910568,-0.8056921023626674,-2.8883898,1.3124929602919446,-2.118185062654612,-0.0523731293344693
2021-01-09,-114.147,-4.347501060853824,-0.8949835431479516,-2.832979,1.3625637631580552,-2.257547306306007,-0.059228640477386
2021-01-10,-112.798,-3.0081424502152108,-0.9842599178380264,-2.8536835,1.4121661325988537,-2.39642605043688,-0.0660566023382358
2021-01-11,-112.121,-2.34069882733126,-1.0734726774651888,-2.8266304,1.4612799882393115,-2.5347526657045005,-0.0728542018771872
2021-01-12,-108.189,1.581582912347133,-1.1625729368718467,-3.0371726,1.5098854827770172,-2.672458419648864,-0.0796186557151877
2021-01-13,-118.451,-8.6904619372134,-1.2515115161830492,-3.2315784,1.5579630123309698,-2.809474528514019,-0.0863472117610578
2021-01-14,-115.951,-6.20066580054106,-1.3402389827883745,-3.1568015,1.605493226593072,-2.9457322093814464,-0.0930371507978145
2021-01-15,-113.755,-4.015024979418681,-1.428705693787251,-3.1161983,1.6524570387751103,-3.081162732562362,-0.0996857880268767
2021-01-16,-114.341,-4.611367346436338,-1.5168618388511894,-3.0456378,1.6988356353442589,-3.2156974741954483,-0.1062904745688673
2021-01-17,-112.204,-2.484853055689323,-1.6046574834558367,-2.9840167,1.744610485540379,-3.349267968996216,-0.1128485989197731
2021-01-18,-116.072,-6.363412306840754,-1.692042612435294,-2.9142854,1.7897633506686257,-3.48180596310392,-0.1193575883612976
2021-01-19,-117.279,-7.581105658333386,-1.7789671738106707,-2.8661723,1.8342762931611207,-3.613243466971792,-0.125814910324283
2021-01-20,-116.456,-6.768929377222715,-1.8653811228444968,-2.803326,1.878131685401724,-3.743512808246221,-0.1322180737041587
2021-01-21,-108.447,1.2293011027775371,-1.951234466272278,-2.7538848,1.9213122183081688,-3.872546684580447,-0.1385646301274194
2021-01-22,-109.667,-0.0015864047804625,-2.0364773066622117,-2.7379997,1.963800909666117,-4.000278216328328,-0.144852175168209
2021-01-23,-109.368,0.2864118598267834,-2.1210598868538795,-2.7009354,2.005581112209951,-4.126640999063831,-0.1510783495141477
2021-01-24,-111.03,-1.3867003436772365,-2.2049326344265934,-2.7490027,2.0466365214453828,-4.251569155871977,-0.1572408400806039
2021-01-25,-105.4,4.231899911089147,-2.2880462061479654,-2.790652,2.0869511832092664,-4.374997389357231,-0.1633373810726769
2021-01-26,-106.576,3.0442418289653745,-2.3703515323532485,-2.809116,2.126509500962246,-4.496861033315494,-0.1693657549942312
2021-01-27,-107.563,2.045311723815698,-2.4517998612060503,-3.2490246,2.165296242810192,-4.617096104016243,-0.1753237936033726
2021-01-28,-113.796,-4.199908793596419,-2.532342802791044,-3.471132,2.2032965482506417,-4.735639351041685,-0.1812093788138482
2021-01-29,-111.8,-2.2162351390757133,-2.611932372989536,-3.4942687,2.240495934640758,-4.852428307630294,-0.187020443541896
2021-01-30,-111.192,-1.6206636547872353,-2.6905210370888777,-3.504361,2.276880303383623,-4.967401340472501,-0.1927549724981507
2021-01-31,-115.881,-6.322420230794252,-2.768061753077013,-3.6685786,2.312435945829954,-5.080497698906967,-0.1984110029242868
2021-02-01,-112.335,-2.789277899078197,-2.84450801457377,-3.824308,2.347149548892665,-5.191657563466436,-0.2039866252741282
2021-02-02,-111.181,-1.648233035797121,-2.919813893350873,-3.9954333,2.3810082003719293,-5.300822093722802,-0.2094799838390415
2021-02-03,-114.963,-5.443323926185277,-2.9939340813930966,-4.1099434,2.413999393988785,-5.407933475381881,-0.2148892773174926
2021-02-04,-113.209,-3.7025061761581055,-3.0668239324534734,-4.041397,2.4461110341255354,-5.512934966579008,-0.2202127593287069
2021-02-05,-115.154,-5.660776168079799,-3.138439503056022,-3.983826,2.477331440271556,-5.615770943327578,-0.2254487388704547
2021-02-06,-115.365,-5.885130284314582,-3.208737592900056,-3.9150825,2.5076493511733893,-5.716386944073445,-0.2305955807210409
2021-02-07,-114.664,-5.197564907226706,-3.277675784620796,-3.8446057,2.537053928688309,-5.814729713309105,-0.2356517057856505
2021-02-08,-110.143,-0.6900764191803463,-3.345212482861724,-3.7604766,2.5655347613408472,-5.910747244202571,-0.2406155913872654
2021-02-09,-112.871,-3.4318276976468134,-3.4113069526148965,-3.668801,2.593081867582049,-6.0043888201969455,-0.2454857715024397
2021-02-10,-114.127,-4.70165315420684,-3.4759193567862146,-3.5867224,2.619685698751533,-6.095605055537748,-0.2502608369422805
2021-02-11,-114.933,-5.521549195880294,-3.5390107929435555,-3.7013261,2.6453371417427087,-6.184347934686264,-0.2549394354790474
2021-02-12,-115.176,-5.778512229687193,-3.600543329206573,-3.7769775,2.6700275213718188,-6.270570850578392,-0.2595202719188552
2021-02-13,-110.888,-1.5045386626474284,-3.660480039237934,-4.072596,2.6937486024517248,-6.354228641689659,-0.2640021081210147
2021-02-14,-116.465,-7.095738101602454,-3.7187850362967994,-4.1208963,2.716492591571667,-6.435277627868466,-0.2683837629646231
2021-02-15,-112.139,-2.7839968298328035,-3.775423506316375,-4.2804675,2.738252138584491,-6.513675644900866,-0.272664112263066
2021-02-16,-110.393,-1.052311271121805,-3.8303617399685272,-4.252623,2.7590203378031246,-6.589382077771652,-0.2768420886271608
2021-02-17,-111.323,-1.9966980406414148,-3.8835671636795386,-4.180768,2.7787907289083367,-6.662357892587876,-0.2809166812777204
2021-02-18,-118.755,-9.443235529489598,-3.9350083695623312,-4.1812606,2.7975572975701204,-6.732565667132452,-0.2848869358083933
2021-02-19,-113.628,-4.330821315557489,-3.984655144231685,-4.3003173,2.815314475785248,-6.799969620016933,-0.2887519538996645
2021-02-20,-116.033,-6.750451840665562,-4.032478496470265,-4.40632,2.832057141933854,-6.864535638404119,-0.2925108929849864
2021-02-21,-115.396,-6.128123546634303,-4.078450683714568,-4.3796167,2.847780620558132,-6.9262313042727,-0.2961629658700382
2021-02-22,-115.234,-5.980832875284244,-4.122545237331291,-4.3461037,2.862480681866477,-6.985025919197769,-0.29970744030618
2021-02-23,-115.952,-6.71357626843584,-4.164736986655928,-4.28563,2.876153540966658,-7.040890527622587,-0.3031436385192137
2021-02-24,-119.789,-10.565350167909608,-4.2050020817669,-4.2073383,2.8887958568318286,-7.093797938598729,-0.3064709366946053
2021-02-25,-120.984,-11.775151015526044,-4.243318014969921,-4.1619005,2.9004047310034298,-7.143722745973351,-0.3096887644203813
2021-02-26,-110.177,-0.9829752531056454,-4.2796636409687885,-4.138587,2.9109777060352355,-7.190641347004024,-0.3127966040889509
2021-02-27,-108.693,0.4860606722293761,-4.3140191957002925,-4.078529,2.920512763683045,-7.234531959383338,-0.3157939902591476
2021-02-28,-111.237,-2.0730684846752143,-4.3463663138124895,-4.0190544,2.9290083228446853,-7.275374636657174,-0.3186805089798293
2021-03-01,-115.861,-6.712470311022207,-4.376688044767093,-3.9394712,2.936463237255249,-7.313151282022342,-0.3214557970764172
2021-03-02,-114.401,-5.267895435217392,-4.4049688675483525,-3.8558242,2.94287679294263,-7.347845660490982,-0.3241195414017824
2021-03-03,-114.18,-5.062340375830671,-4.431194703962391,-3.7750099,2.9482487054486475,-7.379443409411039,-0.3266714780529351
2021-03-04,-112.688,-3.585801651431852,-4.455352930512543,-3.6991274,2.952579116821193,-7.407932047333736,-0.3291113915550029
2021-03-05,-111.268,-2.181275780590802,-4.477432388837916,-3.7481751,2.95586859238306,-7.433300981220976,-0.3314391140140074
2021-03-06,-116.31,-7.238801096517841,-4.497423394704017,-3.908035,2.958118117283188,-7.455541511987205,-0.3336545242399896
2021-03-07,-120.417,-11.361333439409773,-4.515317745535962,-3.8587945,2.9593290928363296,-7.474646838372292,-0.3357575468420544
2021-03-08,-123.376,-14.335869334028626,-4.53110872648643,-3.8208623,2.959503332657159,-7.490612059143588,-0.3377481512969308
2021-03-09,-117.576,-8.551405305136422,-4.544791115032238,-3.846979,2.9586430585951065,-7.503434173627344,-0.3396263509926695
2021-03-10,-111.56,-2.550937877495268,-4.556361184095076,-3.8830745,2.9567508964762244,-7.5131120805713,-0.3413922022491155
2021-03-11,-112.428,-3.434536444419198,-4.565816703683615,-3.8338509,2.953829871658589,-7.519646575342204,-0.3430458033168174
2021-03-12,-121.718,-12.740126642241927,-4.573156941055945,-3.7649546,2.949883404407805,-7.52304034546375,-0.3445872933560446
2021-03-13,-117.63,-8.667705006516371,-4.578382659402927,-3.7156239,2.9449153050992907,-7.523297964502218,-0.3460168513976006
2021-03-14,-119.522,-10.575268072795456,-4.581496115054795,-3.8341079,2.9389297692541496,-7.520425884308944,-0.347334695287136
2021-03-15,-115.295,-6.363812376632049,-4.58250105321498,-3.9153466,2.9319313724154474,-7.514432425630427,-0.3485410806146581
2021-03-16,-111.717,-2.801334453579101,-4.581402702226855,-3.8525553,2.9239250648718587,-7.505327767098714,-0.3496362996309669
2021-03-17,-115.033,-6.132900777180064,-4.578207766380735,-3.7901635,2.9149161662356757,-7.49312393261641,-0.3506206801527203
2021-03-18,-109.245,-0.3604398454861508,-4.572924417270153,-3.8545585,2.904910359882209,-7.477834777152362,-0.3514945844578588
2021-03-19,-118.385,-9.516157605066304,-4.565562283708095,-3.8966963,2.893913687257725,-7.45947597096582,-0.3522584081731064
2021-03-20,-120.015,-11.161843149253937,-4.556132440215477,-3.8800106,2.881932542062993,-7.438064982278471,-0.3529125791552631
2021-03-21,-115.611,-6.773496900495246,-4.544647394095827,-3.8103926,2.868973664319675,-7.413621058415503,-0.3534575563679998
2021-03-22,-114.126,-5.304115435139914,-4.53112107111168,-3.8069053,2.855044134326674,-7.386165205438354,-0.3538938287558648
2021-03-23,-114.806,-5.999695329537672,-4.5155687997798415,-3.7642808,2.8401513665136746,-7.355720166293516,-0.3542219141171892
2021-03-24,-114.145,-5.354233160038178,-4.498007294304196,-3.7377012,2.8243031031990378,-7.322310397503234,-0.3544423579775754
2021-03-25,-111.016,-2.2406448480449006,-4.478454636166293,-3.7269847,2.8075074082592413,-7.285962044425535,-0.3545557324656374
2021-03-26,-112.575,-3.8144439751640986,-4.456930254395472,-3.6682093,2.7897726607170177,-7.24670291511249,-0.3545626351926416
2021-03-27,-116.338,-7.592212270768401,-4.433454904541773,-3.600374,2.771107548255319,-7.204562452797092,-0.3544636881376803
2021-03-28,-117.523,-8.791946212530759,-4.408050646376322,-3.5557747,2.751521060664212,-7.159571707040533,-0.3542595365399868
2021-03-29,-113.747,-5.030514833748964,-4.380740820345348,-3.4990394,2.731022483227729,-7.111763303573077,-0.3539508477999834
2021-03-30,-116.179,-7.47695288180865,-4.351550022805358,-3.4195504,2.7096213900577,-7.061171412863058,-0.3535383103906193
2021-03-31,-114.376,-5.688352070852785,-4.320504080068389,-3.3443525,2.6873276373814483,-7.007831717449838,-0.3530226327805333
2021-04-01,-109.124,-0.4507088450490741,-4.287630021287554,-3.265477,2.6641513567902617,-6.951781378077816,-0.3524045423705509
2021-04-02,-109.814,-1.1552479528609674,-4.252956050214414,-3.1822002,2.6401029484553544,-6.893058998669769,-0.3516847844449827
2021-04-03,-114.982,-6.337811124475193,-4.216511515861004,-3.1131396,2.61519307431807,-6.831704590179074,-0.350864121139164
2021-04-04,-112.896,-4.266329282626693,-4.178326882100445,-3.038436,2.5894326512608585,-6.767759533361303,-0.3499433304246477
2021-04-05,-105.369,3.2462524796533865,-4.1384336962413855,-2.9703135,2.562832844265556,-6.701266540506941,-0.3489232051134046
2021-04-06,-113.456,-4.855386136709949,-4.0968645566125375,-2.9065762,2.535405059565317,-6.632269616177855,-0.3478045518823715
2021-04-07,-113.026,-4.439975163087678,-4.053653079194738,-2.875169,2.5071609377964705,-6.560814016991208,-0.3465881903196244
2021-04-08,-112.056,-3.4845111199555143,-4.008833863338961,-2.8480299,2.478112347156406,-6.486946210495368,-0.3452749519934279
2021-04-09,-111.593,-3.0359905277891066,-3.96244245660972,-2.8100345,2.448271376573513,-6.410713833183233,-0.3438656795453537
2021-04-10,-108.516,0.0264980803680532,-3.9145153187942423,-2.7727618,2.4176503288949966,-6.332165647689239,-0.3423612258086335
2021-04-11,-111.82,-3.2920184827049246,-3.865089785118735,-2.7089765,2.386261714098296,-6.251351499217032,-0.3407624529528405
2021-04-12,-112.969,-4.455472370479612,-3.814204028713833,-2.6527257,2.3541182425316505,-6.168322271245483,-0.3390702316559705
2021-04-13,-111.004,-2.5048087319332963,-3.761897022372213,-2.6045742,2.321232818189202,-6.083129840561414,-0.3372854403049209
2021-04-14,-113.044,-4.559095262663674,-3.708208499642023,-2.564698,2.2876185320258657,-5.995827031667888,-0.335408964225332
2021-04-15,-115.382,-6.91131066001661,-3.6531789153005554,-2.5142426,2.25328865531703,-5.906467570617585,-0.3334416949416892
2021-04-16,-110.871,-2.41445146278699,-3.596849405253129,-2.4531987,2.2182566330679445,-5.815106038321073,-0.3313845294685461
2021-04-17,-110.757,-2.3145980064581506,-3.5392617459028437,-2.3781695,2.182536077477518,-5.721797823380362,-0.3292383696336524
2021-04-18,-111.356,-2.92767825216174,-3.480458313037344,-2.3067653,2.1461407614610226,-5.626599074498367,-0.3270041214337346
2021-04-19,-108.724,-0.309726809485771,-3.420482040279195,-2.2411351,2.1090846122360234,-5.529566652515218,-0.3246826944236159
2021-04-20,-106.627,1.7732390224488477,-3.35937637714694,-2.1938806,2.0713817049756744,-5.430758082122615,-0.3222750011392904
2021-04-21,-106.507,1.879095387324861,-3.2971852467742555,-2.1328733,2.0330462565332885,-5.3302315033075445,-0.3197819565555307
2021-04-22,-106.353,2.019035815406661,-3.233953003334919,-2.0822923,1.9940926192419208,-5.22804562257684,-0.3172044775785288
2021-04-23,-109.889,-1.5311454608714428,-3.169724389221556,-2.026713,1.954535274792475,-5.124259664014031,-0.3145434825740257
2021-04-24,-108.154,0.1897521457875131,-3.104544492026374,-2.0553246,1.9143888281936472,-5.018933320220022,-0.3117998909313124
2021-04-25,-106.425,1.9047337092105556,-3.038458701372156,-2.1940532,1.8736680018168148,-4.912126703188971,-0.3089746226634353
2021-04-26,-104.26,4.055529631525895,-2.9715126656419213,-2.1849055,1.832387629528737,-4.803900295170658,-0.306068598043872
2021-04-27,-108.84,-0.5386806552225951,-2.903752248655674,-2.1241128,1.7905626509147583,-4.694314899570433,-0.3030827372798786
2021-04-28,-109.423,-1.1357998859119238,-2.835223486342605,-2.0698845,1.7482081055949574,-4.583431591937562,-0.3000179602226617
2021-04-29,-108.877,-0.6040181671776694,-2.765972543457039,-2.0175884,1.7053391276354803,-4.471311671092519,-0.2968751861144499
2021-04-30,-111.89,-3.631357655455102,-2.696045670386274,-1.9694179,1.6619709400570786,-4.358016610443352,-0.2936553333724898
2021-05-01,-110.056,-1.8116072403752248,-2.6254891600982275,-1.9539763,1.6181188494426375,-4.243608009540865,-0.2903593194099265
2021-05-02,-107.145,1.0849280170087925,-2.554349305276573,-1.9007894,1.5737982406452844,-4.128147545921857,-0.2869880604934667
2021-05-03,-112.412,-4.196471875739504,-2.482672355690709,-1.8402269,1.529024571598422,-4.011696927289131,-0.2835424716376595
2021-05-04,-106.391,1.81021883752671,-2.410504475847528,-1.7777199,1.483813368228834,-3.8943178440763617,-0.2800234665355758
2021-05-05,-110.213,-2.026018365238267,-2.3378917029715502,-1.6940231,1.4381802194737612,-3.776071922445311,-0.2764319575255993
2021-05-06,-109.339,-1.1662225701296904,-2.2648799053594417,-1.6218588,1.3921407724026724,-3.657020677762114,-0.2727688555939845
2021-05-07,-110.565,-2.406304202435241,-2.191514741154479,-1.5693022,1.3457107274441835,-3.5372254685986624,-0.2690350704127833
2021-05-08,-112.278,-4.133327848974194,-2.117841617585841,-1.5227741,1.2989058337184165,-3.416747451304258,-0.2652315104126729
2021-05-09,-110.051,-1.9202504716957691,-2.0439056507170354,-1.4797212,1.2517418844748214,-3.295647535191857,-0.2613590828901698
2021-05-10,-107.807,0.3099311175908967,-1.9697516257470291,-1.4229037,1.204234712635337,-3.1739863383823663,-0.2574186941486497
2021-05-11,-111.72,-3.616884949226421,-1.89542395790691,-1.3619893,1.1564001864424902,-3.0518241443494003,-0.2534112496725418
2021-05-12,-111.223,-3.1335932824446187,-1.8209666539941156,-1.2956147,1.1082542052118776,-2.929220859205993,-0.2493376543340109
2021-05-13,-114.145,-6.069419130236416,-1.7464232745854082,-1.221846,1.0598126951882476,-2.806235969773656,-0.2451988126313793
2021-05-14,-110.076,-2.0141371062493767,-1.6718368969688977,-1.1572381,1.0110916055042116,-2.6829285024731093,-0.2409956289584997
2021-05-15,-113.659,-5.61074407167615,-1.597250078834432,-1.1056873,0.962106904240401,-2.559356983074833,-0.2367290079042252
2021-05-16,-109.497,-1.4622368877093963,-1.5227048227607385,-1.0595496,0.9128745745857249,-2.435579397346463,-0.2323998545810827
2021-05-17,-108.234,-0.2129474342772552,-1.4482425415366218,-1.0189465,0.8634106110961608,-2.3116531526327826,-0.2280090749821987
2021-05-18,-108.464,-0.4566498601543816,-1.3739040243524687,-1.004474,0.8137310160503548,-2.1876350404028235,-0.2235575763654845
2021-05-19,-104.122,3.871673569747148,-1.2997294038972036,-0.9770868,0.7638517959001204,-2.063581199797324,-0.2190462676640365
2021-05-20,-110.26,-2.2800400766996467,-1.225758124394646,-0.982488,0.7137889578137506,-1.9395470822083969,-0.2144760599216662
2021-05-21,-115.578,-7.612002056921127,-1.1520289106120674,-0.98128515,0.6635585063098912,-1.8155874169219584,-0.2098478667524293
2021-05-22,-114.327,-6.374856680155105,-1.0785797378724726,-0.95330375,0.6131764399795682,-1.691756177852041,-0.2051626048229808
2021-05-23,-112.314,-4.375600961209287,-1.0054478031008878,-0.92092335,0.5626587482937978,-1.5681065513946857,-0.200421194356547
2021-05-24,-107.71,0.2147680851085893,-0.9326694969336156,-0.90039307,0.5120214084940612,-1.4446909054276769,-0.1956245596572598
2021-05-25,-111.188,-3.276914963127067,-0.8602803769181017,-0.88210565,0.4612803825627858,-1.3215607594808874,-0.1907736296535712
2021-05-26,-111.736,-3.83848328988644,-0.7883151418296526,-0.8199727,0.4104516142708311,-1.1987667561004838,-0.1858693384594263
2021-05-27,-110.312,-2.427765527798156,-0.7168076071298968,-0.79972047,0.3595510262988592,-1.076358633428756,-0.1809126259518384
2021-05-28,-110.782,-2.9110909545642585,-0.6457906815904159,-0.7634345,0.3085945174293248,-0.9543851990197408,-0.1759044383634854
2021-05-29,-105.27,2.587705704218917,-0.5752963451035364,-0.7110059,0.2575979598057346,-0.8328943049092711,-0.1708457288889139
2021-05-30,-105.893,1.95153621331352,-0.5053556277008049,-0.65732205,0.2065771962556862,-0.7119328239564912,-0.1657374583029126
2021-05-31,-110.84,-3.0087942347247085,-0.4359985897981656,-0.6022464,0.1555480376741143,-0.59154662747228,-0.1605805955895893
2021-06-01,-106.241,1.576993261050423,-0.3672543036853424,-0.5472629,0.1045262604630735,-0.471780564148416,-0.1553761185806697
2021-06-02,-105.983,1.821742139218525,-0.2991508362753851,-0.5065027,0.0535276040242976,-0.3526784402996828,-0.1501250146015089
2021-06-03,-106.211,1.5798115577416052,-0.2317152331288162,-0.45221317,0.0025677683007003,-0.2342830014295165,-0.1448282811232926
2021-06-04,-106.943,0.8339658114242412,-0.1649735037652027,-0.40007272,-0.0483375886370877,-0.1166359151281149,-0.1394869264198923
2021-06-05,-106.055,1.7083231551155291,-0.0989506082734396,-0.36927047,-0.0991728529631198,0.0002222446896801,-0.1341019702278146
2021-06-06,-102.961,4.7888375135820365,-0.0336704452304192,-0.3417984,-0.1499224574314842,0.116252012201065,-0.1286744444076883
2021-06-07,-103.014,4.722464131091484,0.0308441590638354,-0.31725627,-0.2005708836786869,0.2314150427425222,-0.123205393605713
2021-06-08,-109.185,-1.4619928594582312,0.0945714600280994,-0.27540866,-0.2511026644971628,0.3456741245252622,-0.1176958759134891
2021-06-09,-109.264,-1.5543989823593387,0.1574908029140649,-0.24384394,-0.3015023860840566,0.4589931889981216,-0.1121469635246473
2021-06-10,-108.419,-0.7226490363640794,0.2195826295894161,-0.2340244,-0.3517546902694266,0.5713373198588427,-0.1065597433866924
2021-06-11,-98.71,8.97316060260302,0.2808284839882116,-0.26568004,-0.4018442767280395,0.682672760716251,-0.1009353178464761
2021-06-12,-106.111,1.5590114878451886,0.3412110162285637,-0.30349725,-0.4517559051789363,0.7929669214075001,-0.0952748052877154
2021-06-13,-98.276,9.380807010126867,0.4007139853991988,-0.28983447,-0.5014743975769255,0.9021883829761244,-0.0895793407589807
2021-06-14,-111.72,-4.0762559218041705,0.4593222610181013,-0.27888617,-0.5509846403001687,1.0103069013182702,-0.0838500765905843
2021-06-15,-109.333,-1.7020918177124988,0.5170218231680335,-0.22707285,-0.6002715863379865,1.11729340950602,-0.0780881829988076
2021-06-16,-108.003,-0.384591175896293,0.5737997613153212,-0.16217813,-0.6493202574829916,1.223120018798313,-0.0722948486759207
2021-06-17,-103.85,3.756084630955692,0.6296442718198656,-0.09304927,-0.6981157465316083,1.327760018351474,-0.0664712813644598
2021-06-18,-106.373,1.2208064581381524,0.6845446541459265,-0.029797232,-0.7466432194970053,1.4311878736429318,-0.0606187084142452
2021-06-19,-108.132,-0.5503768249953285,0.7384913057847529,0.021101734,-0.794887917838396,1.533379223623149,-0.0547383773206439
2021-06-20,-104.88,2.689582346140389,0.7914757159016869,0.06450478,-0.8428351607106134,1.6343108766123002,-0.0488315562425966
2021-06-21,-103.498,4.059715694688077,0.8434904577218808,0.10710122,-0.8904703472377826,1.7339608049596635,-0.0428995344989581
2021-06-22,-103.675,3.8709717320237593,0.8945291796702739,0.14947274,-0.9377789588148449,1.8323081384851188,-0.0369436230417218
2021-06-23,-103.08,4.454210285461928,0.9445865952829232,0.19909866,-0.9847465614405876,1.9293331567235108,-0.0309651549047289
2021-06-24,-103.864,3.6585289271900985,0.9936584719082812,0.23443188,-1.031358808085759,2.02501727999404,-0.0249654856264916
2021-06-25,-98.42,9.091026502437629,1.0417416182183905,0.2691777,-1.0776014410997157,2.1193430593181057,-0.0189459936457895
2021-06-26,-102.081,5.418561491789102,1.0888338705514025,0.30396187,-1.123460294658972,2.2122941652103743,-0.0129080806687387
2021-06-27,-103.087,4.401127523187739,1.1349340781081727,0.34509754,-1.1689212972608742,2.303855375369047,-0.0068531720060634
2021-06-28,-107.034,0.442692825364777,1.1800420870270478,0.39156604,-1.2139704742655195,2.394012561292567,-0.0007827168793357
2021-06-29,-102.436,5.029179479244035,1.2241587233622473,0.43489605,-1.2585939504888937,2.4827526738511407,0.0053018113049996
2021-06-30,-110.354,-2.900624395588826,1.267285774992529,0.47583324,-1.3027779528500694,2.5700637278425984,0.0113989147149726
2021-07-01,-97.736,9.705494853194631,1.3094259724880604,0.5095571,-1.346508813075162,2.6559347855632223,0.0175070708869066
2021-07-02,-94.038,13.3917972111555,1.3505829689646327,0.5413133,-1.3897729704605823,2.740355939425215,0.0236247325547717
2021-07-03,-93.781,13.637285016221592,1.3907613189554968,0.5758802,-1.4325569746979774,2.8233182936534744,0.0297503275160858
2021-07-04,-102.688,4.718720697511323,1.4299664563322505,0.6133401,-1.4748474887630745,2.9048139450953245,0.0358822585353254
2021-07-05,-105.091,2.3043325153597456,1.4682046713072698,0.6423968,-1.516631291870483,2.984835963177753,0.0420189032857648
2021-07-06,-100.497,6.8867682507059484,1.5054830865512316,0.6561402,-1.5578952824963386,3.0633783690475704,0.0481586143306025
2021-07-07,-100.664,6.707913348978909,1.5418096324602737,0.6782025,-1.5986264814704685,3.140436113930742,0.0542997191441824
2021-07-08,-103.945,3.4151194450499425,1.577193021608274,0.71846783,-1.6388120351396114,3.216005056747885,0.060440520174074
2021-07-09,-98.981,8.367521372400706,1.6116427224206782,0.7668221,-1.6784392186029944,3.290081941023673,0.0665792949446968
2021-07-10,-100.862,6.475099093004118,1.6451689321071157,0.79747486,-1.7174954390214072,3.362664371128523,0.0727142962031439
2021-07-11,-108.378,-1.0521644519960645,1.6777825488909075,0.82590216,-1.7559682390006932,3.4337507878916007,0.0788437521077771
2021-07-12,-100.123,7.19171911826264,1.709495143574295,0.86427516,-1.793845300050394,3.503340443624689,0.0849658664601264
2021-07-13,-102.779,4.524781701445773,1.7403189304789703,0.91577405,-1.8311144461180584,3.5714333765970285,0.0910788189805539
2021-07-14,-103.65,3.642996639154735,1.7702667378021169,0.9565469,-1.8677636471995296,3.638030385001646,0.0971807656280819
2021-07-15,-104.303,2.979419090150294,1.79935197742882,0.9865158,-1.9037810230253187,3.7031330004541383,0.103269838964732
2021-07-16,-110.968,-3.695948820249064,1.827588614242244,1.0097278,-1.9391548468229407,3.7667434610651847,0.1093441485646474
2021-07-17,-100.965,6.296946633444826,1.8549911349734949,1.0287157,-1.9738735491548836,3.828864684128378,0.1154017814682124
2021-07-18,-101.823,5.42892928260458,1.881574516633543,1.0673603,-2.0079257218316617,3.889500238465205,0.1214408026813252
2021-07-19,-104.018,3.224125952325402,1.9073541945699803,1.0931817,-2.0413001218991886,3.948654316469169,0.1274592557198983
2021-07-20,-108.275,-1.0426997768939592,1.932346030191742,1.1078917,-2.073985675699466,4.006331705891208,0.1334551631996157
2021-07-21,-104.199,3.023686980101309,1.956566278405219,1.1276231,-2.105971483003386,4.0625377614086045,0.1394265274708963
2021-07-22,-104.816,2.3972883023427687,1.9800315548054075,1.1427689,-2.1372468212142004,4.117278376019608,0.1453713312989533
2021-07-23,-107.743,-0.5388937311380451,2.0027588026659853,1.161453,-2.1678011496400056,4.170559952305991,0.1512875385887724
2021-07-24,-103.43,3.7651429586903937,2.0247652597722428,1.1826181,-2.197624113833351,4.222389373605594,0.1571730951547654
2021-07-25,-101.688,5.498400450859574,2.046068425140973,1.2118412,-2.2267055499958723,4.272773975136845,0.1630259295347883
2021-07-26,-96.159,11.01888082440107,2.0666860256713737,1.231584,-2.2550354894456133,4.321721515116987,0.1688439538481522
2021-07-27,-106.454,0.7154504841298928,2.0866359827710146,1.2598805,-2.282604163144497,4.369240145915512,0.1746250646971814
2021-07-28,-103.552,3.609226330103229,2.1059363790008248,1.2880365,-2.30940200628317,4.415338385283995,0.1803671441118159
2021-07-29,-105.73,1.4232271211745204,2.1246054247829105,1.3187368,-2.335419662920233,4.460025087703143,0.1860680605366855
2021-07-30,-97.214,9.93145491374163,2.142661425214816,1.3466611,-2.3606479906726734,4.50330941588749,0.1917256698600182
2021-07-31,-105.584,1.55389693640282,2.160122747033588,1.3614757,-2.3850780654540573,4.545200812487645,0.1973378164836836
2021-08-01,-107.573,-0.4424970775852603,2.1770077857727075,1.3838173,-2.408701186256889,4.585708972029597,0.2029023344336084
2021-08-02,-107.952,-0.828665098107721,2.1933349331545675,1.3952717,-2.4315088799752864,4.6248438131298535,0.2084170485097352
2021-08-03,-110.872,-3.755601457684053,2.2091225447607794,1.4141688,-2.453492906263943,4.662615451024722,0.2138797754746383
2021-08-04,-106.36,0.7497621662529914,2.224388908022149,1.4339962,-2.474645262429158,4.6990341704513074,0.2192883252798432
2021-08-05,-98.841,8.262360906565004,2.2391522105695825,1.4495757,-2.4949581883474887,4.734110398917071,0.2246405023288447
2021-08-06,-105.296,1.8011825438264246,2.253430508986685,1.4519584,-2.514424171407416,4.767854680394102,0.2299341067757506
2021-08-07,-101.378,5.71324301601134,2.2672416980041525,1.4499822,-2.533035951469228,4.800277649473381,0.2351669358584272
2021-08-08,-100.669,6.416544374201885,2.2806034801753983,1.455058,-2.5507865258381237,4.831390006013521,0.240336785264956
2021-08-09,-104.927,2.153037069310514,2.2935333360721546,1.4624959,-2.5676691542453898,4.861202490317544,0.2454414505321736
2021-08-10,-99.861,7.213763061981402,2.306048495038006,1.4667146,-2.583677363832315,4.889725858870321,0.2504787284749902
2021-08-11,-105.319,1.7507230459915348,2.3181659065370184,1.4905418,-2.598804954131366,4.916970860668384,0.2554464186451459
2021-08-12,-102.825,4.239934299980556,2.329902212133749,1.5251935,-2.613046002038957,4.942948214172706,0.2603423248180078
2021-08-13,-102.447,4.613398862924002,2.3412737181400622,1.5592241,-2.6263948667740404,4.967668584914103,0.265164256505958
2021-08-14,-105.829,1.2269521528956089,2.352296368963174,1.5897326,-2.63884619481656,4.991142563779734,0.2699100304968788
2021-08-15,-104.938,2.1137439582601063,2.362985721188431,1.5984209,-2.6503949248197,5.01338064600813,0.274577472416195
2021-08-16,-102.468,4.57968258124918,2.37335691842924,1.6176424,-2.661036292489732,5.034393210918972,0.2791644183108843
2021-08-17,-102.525,4.518881881931847,2.383424666975543,1.6225543,-2.670765835427128,5.054190502402671,0.2836687162538324
2021-08-18,-102.239,4.801269276807793,2.3932032122711155,1.6290625,-2.679579397922501,5.072782610193617,0.2880882279668571
2021-08-19,-103.635,3.4019193097782203,2.40270631624881,1.6236451,-2.687473135700853,5.090179451949663,0.2924208304606989
2021-08-20,-99.514,7.519833963273903,2.411947235551716,1.6101646,-2.69444352060746,5.106390756159176,0.2966644176902321
2021-08-21,-98.035,8.996015219725583,2.4209387006669854,1.6119261,-2.7004873452287117,5.121426045895697,0.3008169022231156
2021-08-22,-101.855,5.173465061563913,2.429692895997836,1.6181068,-2.705601727441068,5.135294623438904,0.3048762169200732
2021-08-23,-105.173,1.8531854712196576,2.4382214408979634,1.639072,-2.70978411488129,5.148005555779253,0.3088403166249612
2021-08-24,-104.838,2.18588500872406,2.446535371691309,1.6713319,-2.7130322893309904,5.159567661022299,0.3127071798627537
2021-08-25,-103.269,3.7528511054725335,2.4546451246987897,1.7159746,-2.715344371008546,5.169989495707336,0.3164748105435492
2021-08-26,-101.435,5.585085700443845,2.4625605202922487,1.7356278,-2.716718822761329,5.179279343053578,0.3201412396706761
2021-08-27,-102.579,4.439066226590523,2.470290747994509,1.7462435,-2.71715445415122,5.187445202145728,0.3237045270509641
2021-08-28,-100.519,6.497309348096277,2.4778443526429976,1.7564123,-2.716650425426307,5.194494778069305,0.327162763005216
2021-08-29,-105.544,1.4707885260219289,2.4852292216330376,1.768635,-2.715206251371719,5.200435473004756,0.3305140700769063
2021-08-30,-101.974,5.039533249511346,2.492452573255376,1.7846084,-2.7128218050324557,5.205274378287831,0.3337566047371162
2021-08-31,-103.342,3.67054537532956,2.499520946141175,1.7858746,-2.7094973213011806,5.209018267442356,0.3368885590837081
2021-09-01,-102.508,4.50381086444819,2.5064401898261237,1.7726195,-2.705233400363888,5.211673590190012,0.3399081625327244
2021-09-02,-104.763,2.2480678067987894,2.513215456443911,1.7672253,-2.7000310109964207,5.213246467440332,0.3428136835000004
2021-09-03,-108.7,-1.6893941039186506,2.519851193557768,1.7863963,-2.6938914937048413,5.213742687262609,0.3456034310709664
2021-09-04,-102.206,4.804707045747309,2.526351138137325,1.7957247,-2.6868165637027266,5.213167701840051,0.3482757566566217
2021-09-05,-104.045,2.9660852281565946,2.532718311686448,1.8020037,-2.6788083137184846,5.211526625404932,0.3508290556336584
2021-09-06,-104.552,2.459742297654916,2.5389550165263097,1.8253238,-2.6698692166258966,5.208824233152207,0.353261768966722
2021-09-07,-104.202,2.810680108587973,2.54506283323632,1.8504174,-2.66000212789114,5.20506496112746,0.3555723848107958
2021-09-08,-103.119,3.894620413564224,2.5510426192540963,1.8715601,-2.649210287829673,5.200252907083769,0.3577594400917106
2021-09-09,-101.681,5.333852906283674,2.556894508634109,1.893827,-2.6374973236664188,5.194391832300528,0.3598215220627931
2021-09-10,-108.747,-1.7306206015394654,2.562617912963104,1.8350688,-2.6248672513928377,5.187485164355941,0.3617572698356738
2021-09-11,-108.319,-1.3005181964537744,2.5682115234289205,1.8454679,-2.6113244774145903,5.179536000843511,0.3635653758832988
2021-09-12,-102.382,4.638412409716003,2.573673314037789,1.8656486,-2.5968737999836047,5.170547114021394,0.3652445875132105
2021-09-13,-106.946,0.0766222097343858,2.579000545973705,1.8791816,-2.581520410408535,5.16052095638224,0.3667937083091711
2021-09-14,-103.359,3.666002589090661,2.584189773091988,1.8832841,-2.5652698940377263,5.1494596671297135,0.3682115995392469
2021-09-15,-106.983,0.0446527731415375,2.58923684853764,1.8986895,-2.548128231008988,5.137365079546628,0.3694971815284816
2021-09-16,-101.801,5.22950084713023,2.59413693247768,1.9181564,-2.530101796760617,5.1242387292382965,0.3706494349943195
2021-09-17,-100.162,6.871349586648517,2.5988845009351427,1.9202114,-2.511197362298338,5.11008186323348,0.3716674023429833
2021-09-18,-102.859,4.177133762444289,2.603473355711037,1.6710517,-2.4914220942129703,5.094895449924008,0.3725501889250255
2021-09-19,-107.592,-0.5530809443437779,2.607896635379124,1.5663092,-2.470783554443881,5.078680189823006,0.3732969642483248
2021-09-20,-104.879,2.162882368543042,2.612146827336973,1.5776182,-2.449289699783458,5.061436527120431,0.3739069631468306
2021-09-21,-106.105,0.9400785758712588,2.616215780895416,1.5922866,-2.4269488811180646,5.0431646620134805,0.3743794869033999
2021-09-22,-103.951,3.09728566252324,2.620094721387132,1.619433,-2.403769842401187,5.023864563788319,0.3747139043251173
2021-09-23,-104.559,2.4927257429483074,2.623774265273811,1.6512228,-2.379761719354684,5.003535984628496,0.3749096527695302
2021-09-24,-104.988,2.0673467081904557,2.627244436230036,1.6714587,-2.354934037894331,4.982178474124367,0.374966239120284
2021-09-25,-105.482,1.5772539723212926,2.6304946821807405,1.7061436,-2.329296712276077,4.959791394456818,0.3748832407106845
2021-09-26,-104.717,2.3464490694970657,2.6335138932679154,1.7148354,-2.302860042959707,4.936373936227622,0.3746603061937768
2021-09-27,-99.56,7.507631503135696,2.6362904207209703,1.5819864,-2.2756347141868583,4.911925134907829,0.3742971563575687
2021-09-28,-104.224,2.848074018405282,2.638812096604064,1.5237339,-2.2476317912706425,4.886443887874707,0.3737935848841041
2021-09-29,-101.623,5.453800102638188,2.641066254412506,1.5277337,-2.218862717594372,4.859928972006879,0.373149459051123
2021-09-30,-107.304,-0.2221887580847115,2.6430397504893053,1.4993976,-2.1893393113171906,4.832379061806496,0.37236472037513
2021-10-01,-103.041,4.045983165655862,2.6447189862318417,1.5002307,-2.159073761784731,4.803792748016573,0.3714393851947288
2021-10-02,-106.618,0.4735930529392824,2.646089931057634,1.5016,-2.1280786256431754,4.774168556700809,0.3703735451931707
2021-10-03,-109.07,-1.9735618217931328,2.647138146097191,1.5318927,-2.096366822655445,4.743504968752635,0.3691673678591022
2021-10-04,-103.47,3.631524591887727,2.647848808581013,1.5688121,-2.0639516312185253,4.711800439799538,0.3678210968845798
2021-10-05,-100.118,6.988808810007487,2.6482067368868982,1.5859252,-2.0308466835812866,4.679053420468184,0.3663350524994831
2021-10-06,-102.79,4.322340858050644,2.6481964162128717,1.5889419,-1.9970659607624328,4.645262376975304,0.3647096317415266
2021-10-07,-105.717,1.400844171449557,2.64780202484024,1.5991395,-1.9626237871685952,4.610425812008835,0.3629453086611303
2021-10-08,-107.641,-0.5173969745568634,2.647007460950532,1.5691938,-1.927534824912862,4.574542285863394,0.3610426344604998
2021-10-09,-104.732,2.397618700404731,2.64579636995936,1.5658581,-1.8918140678344215,4.537610437793782,0.359002237566321
2021-10-10,-103.785,3.350892476707604,2.644152172329572,1.5639261,-1.8554768352202893,4.499629007549862,0.3568248236355554
2021-10-11,-100.313,6.829425634725072,2.642058091825476,1.5512075,-1.818538765230456,4.460596857055932,0.3545111754938935
2021-10-12,-97.948,9.201010417808558,2.6394971841693056,1.5211141,-1.7810158080281278,4.420512992197433,0.352062153006504
2021-10-13,-100.265,6.890849834295684,2.636452366060629,1.4582126,-1.7429242186170724,4.3793765846777015,0.3494786928807828
2021-10-14,-103.863,3.2998720466389777,2.632906444518905,1.4514982,-1.7042805493884363,4.337186993907341,0.346761808400889
2021-10-15,-102.752,4.418046689643441,2.628842146508998,1.4640104,-1.6651016423797378,4.293943788888736,0.3439125890939318
2021-10-16,-100.264,6.913383590755863,2.6242421488090857,1.479389,-1.6254046212490851,4.24964677005817,0.3409322003277449
2021-10-17,-100.938,6.246974284263297,2.6190891080800967,1.398096,-1.5852068829680452,4.204295991048141,0.337821882840266
2021-10-18,-94.213,12.979819979097822,2.6133656910955505,1.3473935,-1.5445260892368822,4.157891780332433,0.3345829522006182
2021-10-19,-98.592,8.608921884191597,2.607054605090464,1.3781561,-1.5033801576262935,4.110434762716758,0.331216798202061
2021-10-20,-93.047,14.162090334322052,2.600138628187873,1.21152,-1.4617872524500666,4.06192588063794,0.3277248841870702
2021-10-21,-103.532,3.685450379798402,2.59260063986135,1.0863698,-1.4197657753734505,4.0123664152348,0.3241087463048668
2021-10-22,-101.475,5.751063366669432,2.584423651391934,0.5378657,-1.3773343557623845,3.961758007154319,0.3203699927018083
2021-10-23,-103.375,3.859815034511887,2.575590836277844,0.4095784,-1.3345118407790306,3.9101026770568743,0.3165103026451254
2021-10-24,-99.87,7.373774999506922,2.566085560555433,-0.4490865,-1.2913172852294437,3.857402845784877,0.3125314255805662
2021-10-25,-99.579,7.673566151333625,2.5558914129899417,-0.80991566,-1.2477699411695031,3.803661354159445,0.3084351801245898
2021-10-26,-104.002,3.258622546855989,2.5449922350948126,-0.9422639,-1.2038892472755882,3.748881482370401,0.3042234529918218
2021-10-27,-97.66,9.608707286908068,2.533372150938489,-1.0314802,-1.1596948179867952,3.693066968925285,0.2998981978585692
2021-10-28,-99.953,7.323521137293232,2.521015596697969,-1.0387225,-1.11520643242581,3.636222029123779,0.2954614341632575
2021-10-29,-99.687,7.597388494956439,2.5079073499186557,-1.0430338,-1.0704440231058905,3.578351373024546,0.2909152458447377
2021-10-30,-100.906,6.38641449126158,2.494032558440441,-1.0773499,-1.025427664431689,3.5194602228721306,0.2862617800194759
2021-10-31,-101.798,5.50261208279577,2.47937676895042,-1.0447181,-0.9801775610019856,3.459554329952405,0.2815032455987134
2021-11-01,-94.856,12.452938003735625,2.463925955123054,-1.2029423,-0.9347140357226776,3.398639990845732,0.2766419118467653
2021-11-02,-101.625,5.692303009719887,2.4476665453091955,-1.1828285,-0.8890575177386805,3.336724063047876,0.2716801068816791
2021-11-03,-102.616,4.709844866313299,2.430585449735917,-1.1569854,-0.843228530193665,3.273813979929582,0.2666202161195621
2021-11-04,-98.738,8.596579339117365,2.412670087179756,-1.4605596,-0.7972476778268553,3.209917765006611,0.2614646806639428
2021-11-05,-103.384,3.959455776237423,2.3939084110766338,-1.5244925,-0.7511356344163563,3.14504404549299,0.256215995641603
2021-11-06,-104.801,2.550819899126198,2.374288935032453,-1.5800374,-0.7049131300787683,3.0792020651112217,0.2508767084863805
2021-11-07,-104.446,2.9143427947382827,2.3538007576991364,-1.5403658,-0.658600938435082,3.0124016961342184,0.2454494171725061
2021-11-08,-106.322,1.047040305261885,2.332433586981681,-1.4843128,-0.6122198636530951,2.9446534506347763,0.239936768399105
2021-11-09,-106.94,0.4379130912761422,2.310177763542696,-1.8013966,-0.56579072737684,2.8759684909195355,0.2343414557275429
2021-11-10,-109.498,-2.1110381866398558,2.287024283571729,-1.7768862,-0.5193343555537157,2.8063586391254445,0.2286662176733659
2021-11-11,-106.134,1.26245200269961,2.2629648207877118,-1.7840343,-0.4728715651702537,2.735836385957965,0.2229138357546358
2021-11-12,-105.781,1.6251121323994244,2.2379917476437683,-1.8030311,-0.4264231509076428,2.664414898551411,0.217087132498512
2021-11-13,-104.965,2.4509373193996016,2.2120981557047066,-1.7602469,-0.3800098717283343,2.592108027433041,0.2111889694079945
2021-11-14,-106.417,1.008933696807155,2.1852778751685373,-1.7552145,-0.3336524374052271,2.5189303125737643,0.2052222448907799
2021-11-15,-108.521,-1.0848980353124364,2.1575254935045005,-1.7704831,-0.287371495005122,2.4448969885096226,0.1991898921522461
2021-11-16,-103.436,4.010442823106348,2.1288363731811795,-1.7595305,-0.2411876153382723,2.370023988519452,0.1930948770546056
2021-11-17,-107.097,0.3596921015224357,2.099206668459487,-1.7032622,-0.1951212793860293,2.2943279478455163,0.1869401959443397
2021-11-18,-103.601,3.866122687475485,2.068633341226472,-1.670145,-0.1491928647186942,2.217826205945166,0.1807288734500357
2021-11-19,-101.798,5.679683569548358,2.037114175847152,-1.7203225,-0.1034226319158403,2.140536807762992,0.1744639602528186
2021-11-20,-112.305,-4.817041975962767,2.004647793012838,-1.6650935,-0.0578307110014523,2.0624785040142903,0.1681485308315775
2021-11-21,-112.764,-5.265595600001439,1.9712336625657016,-1.6276398,-0.0124370879063559,1.9836707504720577,0.1617856811852418
2021-11-22,-109.57,-2.0609250491825835,1.9368721152806303,-1.5889642,0.0327384090295278,1.9041337062511023,0.1553785265343854
2021-11-23,-105.371,2.1489171601597805,1.901564353586803,-1.5703449,0.0776761225024767,1.8238882310843263,0.1489301990044623
2021-11-24,-106.012,1.5189316181056904,1.8653124612127352,-1.5216701,0.1223565796251348,1.7429558815876005,0.1424438452930088
2021-11-25,-107.431,0.1111189147351963,1.828119411739945,-1.5198214,0.1667605052288324,1.6613589065111127,0.1359226243231733
2021-11-26,-110.09,-2.5365203598716324,1.789989076051809,-1.5155804,0.2108688350752963,1.5791202409765124,0.1293697048859435
2021-11-27,-108.224,-0.6587207450281332,1.7509262286655496,-1.4940815,0.254662728964985,1.4962634997005646,0.122788263273474
2021-11-28,-107.704,-0.1266258266411997,1.7109365529368064,-1.4926602,0.2981235837292639,1.4128129692075424,0.1161814809059211
2021-11-29,-106.264,1.3255951447506549,1.6700266451276085,-1.447254,0.3412330460936603,1.328793599033948,0.1095525419542104
2021-11-30,-104.345,3.256972258343348,1.628204017330095,-1.41931,0.3839730253994468,1.244230991930648,0.1029046309611664
2021-12-01,-106.091,1.5235061601382398,1.5854770992397682,-1.3980099,0.4263257061708596,1.1591513930689086,0.0962409304634506
2021-12-02,-110.207,-2.579802503863224,1.5418552387735485,-1.3499987,0.4682735605152905,1.073581678258258,0.0895646186167441
2021-12-03,-112.317,-4.676932409168781,1.4973487015293978,-1.2937226,0.5097993603438764,0.9875493411855214,0.0828788668266242
2021-12-04,-109.109,-1.4558225499185182,1.4519686690857498,-1.2486751,0.5508861893999795,0.9010824796857704,0.0761868373875773
2021-12-05,-104.718,2.9485809529495173,1.4057272361405129,-1.2012483,0.5915174550831556,0.8142097810573573,0.0694916811325847
2021-12-06,-106.487,1.1929592861064848,1.3586374064908515,-1.1881567,0.6316769000563157,0.726960506434536,0.0627965350957123
2021-12-07,-101.027,6.666380434887429,1.310713087856513,-1.2047472,0.6713486136239079,0.6393644742326051,0.0561045201901262
2021-12-08,-106.006,1.7003016699785904,1.2619690855508965,-1.200044,0.7105170428690946,0.5514520426818017,0.049418738903939
2021-12-09,-105.227,2.492146105537868,1.2124210950055845,-1.2355238,0.7491670035380416,0.4632540914675429,0.042742273016278
2021-12-10,-107.865,-0.1334156010405114,1.162085693155516,-1.2398046,0.7872836906596189,0.374802002495897,0.036078181335948
2021-12-11,-106.336,1.407989766839814,1.1109803286934663,-1.3708013,0.8248526888889771,0.2861276398044894,0.029429497465037
2021-12-12,-99.913,7.8433979505937454,1.0591233112039409,-1.7512003,0.8618599825636776,0.197263328640263,0.0227992275897917
2021-12-13,-102.255,5.513538825345414,1.006533799188042,-2.213784,0.8982919654612467,0.1082418337267954,0.0161903483010607
2021-12-14,-103.792,3.988353633036805,0.9532317869923266,-2.419653,0.9341354502472646,0.0190963367450619,0.0096058044465705
2021-12-15,-108.44,-0.6477715016468779,0.8992380906560312,-2.68981,0.9693776776033256,-0.0701395869472943,0.0030485070172732
2021-12-16,-106.037,1.7669345659051356,0.8445743326925083,-2.8912952,1.0040063250244564,-0.1594319923319481,-0.0034786689300377
2021-12-17,-107.871,-0.0553429519461055,0.789262925822042,-2.8453135,1.0380095152758524,-0.2487465894538103,-0.009972886311681
2021-12-18,-108.2,-0.3727045724456208,0.7333270556746003,-2.8366392,1.0713758244990614,-0.3380487688244611,-0.01643134801549
2021-12-19,-104.211,3.627790888268637,0.6767906624824059,-2.851568,1.1040942899580284,-0.4273036274756224,-0.0228512988565894
2021-12-20,-100.122,7.72772698372031,0.6196784217835124,-2.8431423,1.136154417415734,-0.5164759956322215,-0.0292300274885089
2021-12-21,-102.98,4.880422915242397,0.5620157241588681,-2.8667731,1.1675461881324531,-0.605530463973585,-0.0355648682676597
2021-12-22,-101.385,6.486124215853947,0.5038286540265909,-2.9721189,1.198260065477001,-0.6944314114504101,-0.041853203069234
2021-12-23,-102.323,5.558653172079024,0.4451439675184211,-3.38522,1.228287001142662,-0.7831430336242408,-0.0480924630526523
2021-12-24,-100.694,7.198190804018354,0.3859890694644871,-3.6324894,1.2576184409598576,-0.8716293714953705,-0.0542801303747335
2021-12-25,-106.231,1.671731602930505,0.3263919895137158,-3.863057,1.2862463302979543,-0.9598543407842386,-0.0604137398488231
2021-12-26,-108.876,-0.9633146715743952,0.2663813574183035,-4.095331,1.31416311904899,-1.0477817616306866,-0.0664908805481719
2021-12-27,-102.623,5.29966331471823,0.2059863775118019,-4.3411202,1.3413617661864932,-1.1353753886746911,-0.0725091973519191
2021-12-28,-105.987,1.945510676275839,0.1452368024113862,-4.354589,1.3678357438929252,-1.222598941481539,-0.078466392432105
2021-12-29,-102.536,5.406228272207732,0.084162905975915,-4.431289,1.3935790412497198,-1.3094161352738047,-0.0843602266801893
2021-12-30,-111.627,-3.675175453884527,0.0227954555523541,-4.410372,1.4185861674842624,-1.3957907119319082,-0.0901885210716379
2021-12-31,-107.678,0.2835697248649396,-0.0388343164559179,-4.412873,1.442852154768608,-1.481686471224526,-0.0959491579671927
2022-01-01,-110.29,-2.318899106405817,-0.1006947416645217,-4.3928237,1.466372560565127,-1.5670673022296489,-0.1016400823495223
2022-01-02,-112.537,-4.556358733816165,-0.1627537453919524,-4.3516684,1.4891434695147383,-1.6518972149066906,-0.1072593029940179
2022-01-03,-111.356,-3.365672238121283,-0.2249788769158597,-4.700295,1.511161494863806,-1.7361403717796655,-0.1128048935725761
2022-01-04,-114.374,-6.373965847201106,-0.2873373402649061,-4.9378858,1.5324237794262328,-1.819761119691139,-0.1182749936892857
2022-01-05,-112.053,-4.0432374646128855,-0.3497960255086822,-5.0181584,1.552927996077749,-1.902724021586431,-0.1236678098470099
2022-01-06,-113.594,-5.5744579840557895,-0.4123215405074742,-5.0760427,1.5726723477798383,-1.9849938882873128,-0.1289816163439386
2022-01-07,-105.667,2.362346104563722,-0.4748802430830682,-5.234146,1.59165556713124,-2.066535810214308,-0.134214756099263
2022-01-08,-106.792,1.2469893127820946,-0.5374382735712172,-5.150018,1.6098769154453951,-2.1473151890166124,-0.1393656414072011
2022-01-09,-110.527,-2.478470684010823,-0.5999615877158522,-5.0803294,1.6273361813527354,-2.227297769068588,-0.1444327546186935
2022-01-10,-107.242,0.8160673079373484,-0.6624159898646849,-5.005527,1.6440336789271472,-2.3064496687918323,-0.1494146487501628
2022-01-11,-113.705,-5.637483630424834,-0.7247671664254047,-4.9498825,1.659970245336466,-2.3847374117618707,-0.1543099480188199
2022-01-12,-110.459,-2.3820392925396874,-0.7869807195413175,-4.8880577,1.6751472380173122,-2.46212795755863,-0.1591173483040786
2022-01-13,-111.897,-3.810552640391242,-0.8490222009449716,-4.845985,1.6895665313751047,-2.5385887323200764,-0.1638356175347311
2022-01-14,-111.32,-3.224072397733896,-0.9108571459480286,-4.7804856,1.7032305130105507,-2.6140876589585798,-0.1684635960016151
2022-01-15,-108.433,-0.3275987479205224,-0.9724511075254628,-4.708359,1.716142079474421,-2.688593186999884,-0.173000196595597
2022-01-16,-113.64,-5.525131874304019,-1.0337696904519886,-4.640593,1.7283046315529207,-2.762074322004909,-0.1774444049707738
2022-01-17,-117.028,-8.903671960237281,-1.094778585448533,-4.575878,1.7397220690864423,-2.834500654534976,-0.1817952796328854
2022-01-18,-115.228,-7.094219189073206,-1.15544360329652,-4.5062437,1.750398785325006,-2.905842388621526,-0.1860519519530215
2022-01-19,-118.323,-10.1797737441647,-1.2157307088777267,-4.442647,1.7603396608241682,-2.976070369701895,-0.1902136261067785
2022-01-20,-108.251,-0.0983358088646566,-1.275606055097556,-4.42307,1.7695500568856883,-3.0451561119832444,-0.1942795789391248
2022-01-21,-117.522,-9.359952795082949,-1.3350360166496562,-4.3643064,1.7780358085477297,-3.1130718251973857,-0.1982491597553058
2022-01-22,-116.632,-8.460576352959224,-1.3939872235800077,-4.289462,1.7858032171298517,-3.1797904407098594,-0.2021217900382153
2022-01-23,-113.453,-5.272206673034555,-1.4524265946088035,-4.217794,1.792859042338557,-3.2452856369473606,-0.2058969630927321
2022-01-24,-111.932,-3.7418439458500137,-1.5103213701687397,-4.1567707,1.799210493939634,-3.309531864108373,-0.2095742436176242
2022-01-25,-110.536,-2.3364883619467123,-1.5676391451186231,-4.085501,1.8048652230039848,-3.372504368122608,-0.2131532672056876
2022-01-26,-108.064,0.144946629489918,-1.6243479010916433,-4.0034375,1.809831312734167,-3.4341792138258103,-0.2166337397728788
2022-01-27,-109.289,-1.0706410339742436,-1.6804160384380165,-3.9186454,1.81411726887928,-3.4945333073172966,-0.220015436917286
2022-01-28,-115.07,-6.842233559311632,-1.7358124077222508,-3.8421826,1.817732009746338,-3.553544417468589,-0.2232982032088591
2022-01-29,-113.0,-4.762831126879685,-1.7905063407357693,-3.7679725,1.8206848558167048,-3.6111911965524737,-0.2264819514108985
2022-01-30,-110.738,-2.491433917035881,-1.8444676809862608,-3.7215505,1.8229855189766295,-3.6674531999628903,-0.229566661634387
2022-01-31,-108.228,0.0279578898623307,-1.897666813625692,-3.7121942,1.824644091371364,-3.722310904997056,-0.232552380426325
2022-02-01,-112.617,-4.351670714342061,-1.9500746947796808,-3.6614187,1.82567103389276,-3.7757457286724407,-0.2354392197933019
2022-02-02,-108.617,-0.3423046725992837,-2.0016628802415783,-3.635852,1.826077164310723,-3.827740044552301,-0.2382273561616167
2022-02-03,-113.559,-5.27494416752352,-2.052403553495453,-3.6174717,1.825873645059244,-3.878277198554697,-0.2409170292753361
2022-02-04,-117.984,-9.690574553929537,-2.102269553032936,-3.5967698,1.8250719706882068,-3.927341523721142,-0.2435085410337388
2022-02-05,-117.059,-8.756211251838803,-2.1512343989298004,-3.5456145,1.8236839549925423,-3.974918353922343,-0.2460022542696839
2022-02-06,-116.319,-8.006854441608809,-2.199272318649029,-3.4784913,1.8217217178306704,-4.020994036479699,-0.2483985914704885
2022-02-07,-115.848,-7.526504303597036,-2.2463582720380906,-3.4258742,1.8191976716445928,-4.065555943682683,-0.2506980334429882
2022-02-08,-118.757,-10.426161018160904,-2.2924679754891493,-3.3767695,1.8161245076943269,-4.108592483183476,-0.2529011179244961
2022-02-09,-114.067,-5.726824765657887,-2.337577925231949,-3.3376403,1.8125151820197465,-4.150093107251696,-0.2550084381414617
2022-02-10,-112.259,-3.909495726445457,-2.381665419730211,-3.2948723,1.8083829011432475,-4.1900483208734585,-0.2570206413176722
2022-02-11,-112.475,-4.116174080881084,-2.424708581153483,-3.242099,1.8037411075269507,-4.228449688680434,-0.2589384271339082
2022-02-12,-113.137,-4.7688600093221964,-2.4666863758975417,-3.1777513,1.798603464798521,-4.265289840696063,-0.260762546141021
2022-02-13,-112.992,-4.6145536921262575,-2.5075786341276096,-3.1123178,1.7929838427599434,-4.300562476887553,-0.2624937981284452
2022-02-14,-111.84,-3.453255309650765,-2.54736606831992,-3.0884058,1.7868963021939153,-4.3342623705138354,-0.2641330304502238
2022-02-15,-115.094,-6.697965042253175,-2.586030290778332,-3.0659752,1.7803550794827756,-4.366385370261108,-0.2656811363106591
2022-02-16,-110.521,-2.1156830702908924,-2.6235538301040777,-3.0279133,1.77337457105515,-4.396928401159228,-0.2671390530117593
2022-02-17,-117.956,-9.541409574121438,-2.6599201465979485,-2.9999382,1.7659693176757634,-4.425889464273712,-0.2685077601646895
2022-02-18,-118.082,-9.658144734102256,-2.695113646575607,-2.9486122,1.7581539885940594,-4.4532676351696665,-0.2697882778674755
2022-02-19,-113.574,-5.140888730590769,-2.729119695578093,-2.903461,1.7499433655675272,-4.47906306114562,-0.2709816648512547
2022-02-20,-110.401,-1.9586417439444967,-2.76192463046092,-2.879192,1.7413523267757978,-4.503276957236718,-0.2720890165973956
2022-02-21,-109.497,-1.0454039545208773,-2.7935157703466227,-2.904456,1.7323958306417848,-4.525911600988407,-0.2731114634278447
2022-02-22,-108.939,-0.4781755426773419,-2.8238814264270307,-2.9383926,1.7230888995762812,-4.546970326003311,-0.2740501685710889
2022-02-23,-116.179,-7.708956688771408,-2.853010910602973,-2.9201314,1.7134466036626117,-4.5664575142655845,-0.274906326206153
2022-02-24,-114.965,-6.485747573160498,-2.880894542950613,-2.8806684,1.7034840442980286,-4.584378587248642,-0.2756811594870667
2022-02-25,-116.102,-7.613548376202079,-2.9075236580050667,-2.8375235,1.693216337808694,-4.600739995813761,-0.2763759185502655
2022-02-26,-113.879,-5.381359278253585,-2.932890609853476,-2.7974365,1.6826585990551657,-4.615549208908641,-0.2769918785074061
2022-02-27,-109.383,-0.876180459672538,-2.956988776031185,-2.8249083,1.6718259250453875,-4.628814701076573,-0.2775303374260927
2022-02-28,-115.683,-7.166994613176905,-2.9798125602162244,-2.8635774,1.6607333785722602,-4.640545938788485,-0.2779926143010167
2022-03-01,-115.647,-7.12181988984757,-3.0013573937187585,-2.8673306,1.649395971892892,-4.650753365611651,-0.2783800470180357
2022-03-02,-114.207,-5.672587046645493,-3.0216197357637737,-2.8519678,1.637828650466679,-4.659448386230453,-0.278693990313709
2022-03-03,-113.149,-4.605367599701244,-3.0405970725667246,-2.8838599,1.62604627676935,-4.666643349336074,-0.2789358137328218
2022-03-04,-108.503,0.0498382838551729,-3.058287915203446,-2.8728452,1.614063614200123,-4.672351529403569,-0.27910689958642
2022-03-05,-111.916,-3.3540389838411526,-3.074691796277146,-2.8601985,1.6018953110990604,-4.676587107376206,-0.2792086409128884
2022-03-06,-114.191,-5.619928231485472,-3.0898092653868385,-2.8122447,1.5895558848917093,-4.679365150278548,-0.2792424394445839
2022-03-07,-119.718,-11.137829636773596,-3.1036418834030672,-2.7588708,1.5770597063779974,-4.680701589781065,-0.2792097035825382
2022-03-08,-116.753,-8.163743377401403,-3.1161922155583635,-2.7089942,1.5644209841823122,-4.680613199740676,-0.2791118463817288
2022-03-09,-111.754,-3.155669631064721,-3.127463823361288,-2.6779191,1.5516537493815548,-4.679117572742842,-0.2789502835493974
2022-03-10,-112.618,-4.010608575459362,-3.1374612553445145,-2.6327784,1.5387718403278738,-4.676233095672388,-0.278726431458886
2022-03-11,-114.932,-6.315560388281224,-3.14619003665882,-2.5838501,1.5257888876826062,-4.671978924341426,-0.2784417051814339
2022-03-12,-108.576,0.0494747527738841,-3.153656657526373,-2.5524006,1.512718299677839,-4.666374957204212,-0.2780975165383513
2022-03-13,-115.927,-7.292503329989875,-3.15986856056816,-2.6614058,1.4995732476217796,-4.659441808189939,-0.2776952721759718
2022-03-14,-113.43,-4.786494814268334,-3.1648341270217983,-2.6214123,1.4863666516639775,-4.651200778685776,-0.2772363716657396
2022-03-15,-112.017,-3.364499877757366,-3.168562661867484,-2.845461,1.473111166836196,-4.64167382870368,-0.2767222056317674
2022-03-16,-115.394,-6.732518698152771,-3.1710643778811254,-2.7974396,1.4598191693845068,-4.630883547265633,-0.276154153908155
2022-03-17,-113.035,-4.364551453150424,-3.172350378635193,-2.7719805,1.4465027434079505,-4.618853122043143,-0.2755335837283345
2022-03-18,-113.116,-4.436598320446167,-3.172432640469091,-2.7264867,1.4331736678188205,-4.605606308287911,-0.2748618479486479
2022-03-19,-108.321,0.3673405222641737,-3.171323993452233,-2.789062,1.4198434036393617,-4.591167397091596,-0.274140283308335
2022-03-20,-108.981,-0.2837564364511693,-3.1690381013642948,-2.7410564,1.4065230816493608,-4.575561183013655,-0.2733702087280577
2022-03-21,-113.293,-4.586867661981672,-3.165589440718358,-2.7199845,1.393223490398802,-4.55881293111716,-0.2725529236490313
2022-03-22,-112.601,-3.885993335254316,-3.1609932788539448,-2.7077482,1.3799550645994296,-4.540948343453374,-0.2716897064147941
2022-03-23,-112.761,-4.037133637196087,-3.155265651128121,-2.6675384,1.366727873908697,-4.521993525036818,-0.2707818126975811
2022-03-24,-108.108,0.6247112512659356,-3.1484233372340182,-2.590372,1.3535516121192308,-4.501974949353249,-0.2698304739712168
2022-03-25,-105.588,3.1533063322460597,-3.14048383667726,-2.5044868,1.3404355867665576,-4.480919423443817,-0.2688368960323828
2022-03-26,-114.144,-5.39484358248143,-3.131465343441893,-2.4249313,1.327388709167437,-4.458854052609331,-0.2678022575720516
2022-03-27,-109.426,-0.6690223537919602,-3.121386719878464,-2.3611271,1.314419484900743,-4.435806204779207,-0.2667277087988179
2022-03-28,-101.583,7.18176969328844,-3.1102674698479023,-2.4192398,1.3015360047424045,-4.4118034745903065,-0.2656143701157931
2022-03-29,-107.199,1.5733805709077129,-3.0981277111558496,-2.3915014,1.2887459360654958,-4.386873647221345,-0.2644633308526532
2022-03-30,-109.496,-0.7167285020530842,-3.0849881473130307,-2.3689258,1.2760565147160785,-4.361044662029109,-0.2632756480543767
2022-03-31,-109.715,-0.9288569814850908,-3.0708700386580983,-2.316914,1.2634745373749714,-4.33434457603307,-0.2620523453281181
2022-04-01,-111.89,-3.097005319148148,-3.055795172880295,-2.2535474,1.2510063544151322,-4.306801527295427,-0.2607944117496056
2022-04-02,-111.77,-2.970173966802045,-3.0397858349800093,-2.2019455,1.238657863263823,-4.278443698243832,-0.2595028008303653
2022-04-03,-113.229,-4.422363376206668,-3.0228647767060988,-2.1657052,1.2264345022782712,-4.24929927898437,-0.2581784295470035
2022-04-04,-106.124,2.689426000878172,-3.00505518550954,-2.3649151,1.2143412451429885,-4.2193964306525285,-0.2568221774336999
2022-04-05,-112.958,-4.138512779368476,-2.986380653053601,-2.3581526,1.2023825957964016,-4.188763248850004,-0.2554348857389784
2022-04-06,-113.868,-5.042404232372864,-2.9668651433213653,-2.3044293,1.19056258389392,-4.1574277272152855,-0.2540173566477537
2022-04-07,-115.271,-6.43930030430786,-2.9465329603619432,-2.238772,1.1788847608140025,-4.125417721175946,-0.252570352569554
2022-04-08,-110.488,-1.65020154642181,-2.9254087157172664,-2.1964939,1.1673521962132574,-4.092760911930524,-0.2510945954937489
2022-04-09,-108.74,0.1038914900368612,-2.9035172955717363,-2.1526783,1.1559674751360218,-4.059484770707758,-0.2495907664125217
2022-04-10,-110.201,-1.3515214213038544,-2.8808838276674407,-2.1382878,1.1447326956833237,-4.025616523350764,-0.2480595048122398
2022-04-11,-108.447,0.4080726466115081,-2.8575336480279705,-2.397848,1.1336494672455184,-3.991183115273489,-0.2465014082337924
2022-04-12,-105.772,3.0883472433117003,-2.8334922675341607,-2.4642453,1.1227189093023568,-3.9562111768365176,-0.2449170319023724
2022-04-13,-115.467,-6.601758047151308,-2.808785338395294,-2.594773,1.1119416507935946,-3.920726989188888,-0.2433068884271019
2022-04-14,-115.157,-6.286841282887438,-2.7834386205595023,-2.80022,1.1013178300627011,-3.884756450622203,-0.2416714475708025
2022-04-15,-113.057,-4.1819032006287005,-2.757477948107199,-2.7738926,1.0908470953756084,-3.848325043482808,-0.2400111360901218
2022-04-16,-115.766,-6.88594453710712,-2.730929195671441,-3.0337036,1.0805286060158266,-3.811457801687268,-0.2383263376461539
2022-04-17,-116.81,-7.924966029054744,-2.703818244929153,-2.984356,1.0703610339566645,-3.774179278885817,-0.2366173927855806
2022-04-18,-114.476,-5.585968413203544,-2.676170951207053,-3.0464435,1.0603425661106678,-3.7365135173177215,-0.2348845989922875
2022-04-19,-111.569,-2.6739524262855903,-2.648013110246048,-3.180831,1.0504709071557654,-3.698484017401813,-0.2331282108093126
2022-04-20,-111.4,-2.4999188050328818,-2.6193704251676944,-3.2714202,1.0407432829370231,-3.660113708104718,-0.231348440030898
2022-04-21,-114.967,-6.061868286177422,-2.590268473686109,-3.4688513,1.0311564444422634,-3.6214249181283726,-0.2295454559643203
2022-04-22,-111.474,-2.563801606451276,-2.560732675608428,-3.4590995,1.0217066723491997,-3.582439347957627,-0.2277193857611014
2022-04-23,-118.859,-9.943719502586443,-2.530788260666609,-3.421195,1.0123897821411194,-3.543178042807728,-0.2258703148170921
2022-04-24,-113.492,-4.571622711314921,-2.500460236722957,-3.3489313,1.0032011297875334,-3.5036613665104905,-0.2239982872408539
2022-04-25,-115.608,-6.682511969368774,-2.469773358391369,-3.2832482,0.9941356179855864,-3.4639089763769557,-0.2221033063896626
2022-04-26,-118.272,-9.341388013480003,-2.43875209611572,-3.2166972,0.9851877029574088,-3.423939799073129,-0.2201853354723784
2022-04-27,-117.738,-8.80219875788454,-2.407420605746373,-3.1362712,0.9763514017980076,-3.3837720075443807,-0.2182442982183409
2022-04-28,-112.046,-3.104996326416576,-2.375802698655099,-3.0997472,0.96762030036764,-3.3434229990227387,-0.2162800796113604
2022-04-29,-109.353,-0.4067814479858405,-2.343921812428108,-3.0377905,0.9589875617220548,-3.3029093741501625,-0.214292526687796
2022-04-30,-113.7,-4.74855608953844,-2.311800982176175,-3.0767035,0.9504459350733624,-3.2622469172495374,-0.2122814493976295
2022-05-01,-112.905,-3.948319707747798,-2.279462812500072,-3.0373127,0.9419877652737128,-3.2214505777737847,-0.2102466215273609
2022-05-02,-112.639,-3.6770730317120455,-2.2469294501487447,-3.077574,0.9336050028133772,-3.180534452962122,-0.2081877816834721
2022-05-03,-115.955,-6.987816790529292,-2.21422255740681,-3.0416842,0.9252892143242364,-3.1395117717310463,-0.2061046343351318
2022-05-04,-113.844,-4.871551713297695,-2.181363286247041,-2.9724648,0.9170315935791244,-3.098394879826165,-0.2039968509147315
2022-05-05,-112.784,-3.806278529115415,-2.14837225328259,-3.029724,0.908822972976904,-3.0571952262594944,-0.201864070974774
2022-05-06,-106.863,2.120002032919411,-2.1152695155526664,-3.13122,0.9006538355025911,-3.0159233510552577,-0.1997059033995575
2022-05-07,-117.135,-8.14682240908989,-2.0820745471743995,-3.2156687,0.8925143271513066,-2.9745888743257063,-0.1975219276700337
2022-05-08,-111.454,-2.4606407416903213,-2.0488062168924976,-3.3328776,0.884394269804305,-2.9332004866968027,-0.1953116951801423
2022-05-09,-112.423,-3.424453710756377,-2.015482766557211,-3.3850753,0.8762831745447842,-2.891765941101996,-0.1930747306028635
2022-05-10,-119.327,-10.323262062162437,-1.982121790559953,-3.3594384,0.8681702554006854,-2.8502920459606385,-0.1908105333041602
2022-05-11,-117.165,-8.156066541782934,-1.948740216254708,-3.2923567,0.8600444435011875,-2.808784659755895,-0.188518578802922
2022-05-12,-116.991,-7.976867895492299,-1.9153542853921413,-3.2838178,0.851894401633097,-2.7672486870252384,-0.1861983202749639
2022-05-13,-113.052,-4.032666869164972,-1.881979536592044,-3.2753768,0.8437085391828834,-2.725688075774928,-0.1838491900990685
2022-05-14,-112.315,-3.2904642086753357,-1.8486307888784077,-3.255222,0.8354750274496132,-2.6841058163280205,-0.1814706014430123
2022-05-15,-114.499,-5.469260659897875,-1.815322126300143,-3.1805418,0.8271818153136206,-2.6425039416137635,-0.1790619498874581
2022-05-16,-116.401,-7.366056968706978,-1.7820668836590146,-3.1111367,0.818816645245295,-2.6008835289043093,-0.1766226150855502
2022-05-17,-115.961,-6.920853880977054,-1.7488776333649958,-3.017747,0.8103670696379559,-2.5592447030029515,-0.1741519624559933
2022-05-18,-115.088,-6.04265214258257,-1.7157661734378116,-2.9496248,0.8018204674483727,-2.517586640886184,-0.1716493449073607
2022-05-19,-117.591,-8.540452499397958,-1.6827435166719755,-2.901142,0.7931640611281191,-2.4759075778000947,-0.1691141045913249
2022-05-20,-111.995,-2.9392028748014973,-1.6498198809811306,-2.8364527,0.7843849338285526,-2.434204814809683,-0.166545574682476
2022-05-21,-116.041,-6.979955401769848,-1.6170046809360186,-2.7594016,0.7754700468618763,-2.392474727797895,-0.1639430811823401
2022-05-22,-113.126,-4.059710818355086,-1.5843065205088536,-2.6738098,0.7664062574003924,-2.350712777909246,-0.1613059447451951
2022-05-23,-113.935,-4.863469862609332,-1.551733187035347,-2.6081328,0.7571803363957499,-2.308913523431097,-0.1586334825232342
2022-05-24,-112.072,-2.99523327258473,-1.5192916464040465,-2.5647123,0.7477789866996564,-2.2670706331037027,-0.1559250100286082
2022-05-25,-113.236,-4.154001786333378,-1.486988039481094,-2.506978,0.7381888613672908,-2.225176900848385,-0.1531798430098534
2022-05-26,-110.684,-1.5967761419073816,-1.4548276797769004,-2.4329605,0.7283965821243424,-2.183224261901243,-0.1503972993401812
2022-05-27,-113.435,-4.342557077358852,-1.4228150523596248,-2.3973775,0.718388757978386,-2.141203810338011,-0.1475767009150999
2022-05-28,-115.298,-6.200345330739955,-1.390953814018753,-2.4748147,0.7081520039550648,-2.099105817973818,-0.1447173755568108
2022-05-29,-109.097,0.0058583598972501,-1.359246794680434,-2.5037236,0.6976729599393565,-2.0569197546197904,-0.1418186589228185
2022-05-30,-109.619,-0.5109780688752057,-1.3276960000746012,-2.478722,0.6869383096020031,-2.0146343096766044,-0.1388798964161777
2022-05-31,-108.431,0.6822633430982141,-1.296302615652296,-2.409924,0.6759347993910308,-1.9722374150433264,-0.1359004450948004
2022-06-01,-113.88,-4.761625486378755,-1.265067011749958,-2.3351443,0.664649257568136,-1.929716269318094,-0.1328796755772362
2022-06-02,-109.963,-0.8393868793714385,-1.2339887499958304,-2.2584748,0.6530686132695865,-1.8870573632654168,-0.129816973942346
2022-06-03,-110.916,-1.7864647812606496,-1.2030665909519938,-2.2059002,0.6411799155712031,-1.8442465065231968,-0.1267117436202892
2022-06-04,-104.546,4.589523263127188,-1.172298502983923,-2.2502768,0.6289703525368787,-1.8012688555208016,-0.1235634072722502
2022-06-05,-107.141,2.000480303052872,-1.1416816723478456,-2.531278,0.616427270230059,-1.7581089425779046,-0.120371408656343
2022-06-06,-117.674,-8.526562619876731,-1.1112125144845653,-2.491853,0.6035381916675533,-1.7147507061521186,-0.1171352144771421
2022-06-07,-109.302,-0.1485252095480271,-1.0808866865068294,-2.419535,0.5902908356950377,-1.6711775222018672,-0.1138543162163071
2022-06-08,-111.826,-2.666483851763056,-1.0506991008657334,-2.3563664,0.5766731357636115,-1.6273722366293448,-0.1105282319417857
2022-06-09,-112.433,-3.2674108084696805,-1.020643940180074,-2.2661808,0.5626732585867994,-1.5833171987668733,-0.1071565080931026
2022-06-10,-109.965,-0.7933229742417875,-0.9907146732110276,-2.2123682,0.5482796226574419,-1.5389942958684697,-0.103738721240269
2022-06-11,-105.9,3.277779028667084,-0.9609040719630004,-2.2045186,0.533480916603982,-1.4943849885669824,-0.1002744798138723
2022-06-12,-110.129,-0.9451212545440448,-0.9312042298899506,-2.352855,0.5182661173657522,-1.449470347255703,-0.0967634258039395
2022-06-13,-112.144,-2.95379769578032,-0.9016065811850495,-2.3312855,0.50262450816698,-1.4042310893520296,-0.0932052364252065
2022-06-14,-107.277,1.9195714519311329,-0.8721019211300366,-2.3043637,0.4865456962693696,-1.3586476173994062,-0.0895996257464515
2022-06-15,-108.098,1.1049145233019084,-0.842680427479199,-2.2536092,0.4700196304832635,-1.3127000579624626,-0.0859463462816065
2022-06-16,-106.579,2.630063639730201,-0.8133316828515178,-2.1949778,0.4530366184175795,-1.2663683012690974,-0.0822451905403903
2022-06-17,-108.872,0.3431413647959966,-0.7840446981031114,-2.1638315,0.4355873434489151,-1.2196320415520263,-0.0784959925362605
2022-06-18,-108.766,0.4551136441486894,-0.7548079366507785,-2.122444,0.4176628813904265,-1.1724708180412051,-0.0746986292495329
2022-06-19,-111.215,-1.9880048596501243,-0.7256093397161318,-2.063008,0.3992547168413432,-1.124864056557475,-0.0708530220435576
2022-06-20,-105.821,3.411894612910037,-0.6964363524585166,-1.9889454,0.3803547591982321,-1.0767911116567488,-0.0669591380319079
2022-06-21,-108.267,0.9716392125143374,-0.6672759509636893,-1.9137928,0.3609553583094146,-1.028231309273104,-0.0630169913945889
2022-06-22,-112.034,-2.78960478501987,-0.6381146700540193,-1.8440466,0.3410493197542436,-0.9791639898082628,-0.0590266446413301
2022-06-23,-108.105,1.1452187405437115,-0.6089386318848037,-1.769206,0.3206299197292764,-0.92956855161408,-0.0549882098200941
2022-06-24,-108.707,0.5486858852307135,-0.5797335752901878,-1.6838051,0.2996909195237077,-0.8794244948138955,-0.050901849668993
2022-06-25,-109.859,-0.5978553246659177,-0.5504848858410839,-1.597913,0.2782265795668133,-0.8287114654078972,-0.0467677787098728
2022-06-26,-110.052,-0.7854873475080515,-0.5211776265764729,-1.5137836,0.2562316730305249,-0.7774092996069979,-0.042586264281895
2022-06-27,-111.66,-2.3880505419067832,-0.4917965693684499,-1.4173822,0.2337014989706478,-0.7254980683390977,-0.0383576275135133
2022-06-28,-109.589,-0.3113775864929176,-0.4623262268804872,-1.3343482,0.2106318949906851,-0.6729581218711724,-0.0340822442313203
2022-06-29,-109.929,-0.6464122437043511,-0.4327508850774456,-1.2870923,0.1870192494126353,-0.619770134490081,-0.0297605458043107
2022-06-30,-112.906,-3.618326967570357,-0.4030546362450609,-1.2267845,0.162860512939604,-0.565915149184665,-0.0253930199221854
2022-07-01,-105.255,4.037831148363326,-0.3732214124758292,-1.1661108,0.1381532097955464,-0.5113746222713756,-0.0209802113063996
2022-07-02,-108.311,0.9870522179803828,-0.3432350195774775,-1.1157286,0.1128954483279331,-0.4561304679054107,-0.0165227223527398
2022-07-03,-105.504,3.799196217097317,-0.3130791713595215,-1.0732353,0.087085931059652,-0.4001651024191736,-0.0120212137042921
2022-07-04,-105.39,3.918279155201423,-0.2827375242527891,-1.063663,0.060723964176966,-0.3434614884297551,-0.0074764047537549
2022-07-05,-110.276,-0.9633373495775376,-0.2521937122161998,-1.0623593,0.0338094664408998,-0.2860031786570997,-0.0028890740741257
2022-07-06,-111.389,-2.071640662000964,-0.2214313818845938,-1.022474,0.0063429775099657,-0.2277743593945596,0.0017399402231147
2022-07-07,-102.507,6.815506348751312,-0.1904342279109083,-0.9796782,-0.0216743343372883,-0.16875989357362,0.0064097402031166
2022-07-08,-108.961,0.3664749875060855,-0.1591860284556309,-0.91854566,-0.0502406650908491,-0.1089453633647818,0.0111193678967764
2022-07-09,-112.725,-3.3924379442631167,-0.1276706807760809,-0.8512482,-0.0793535685192686,-0.0483171122568123,0.0158678051644676
2022-07-10,-105.786,3.552079115834394,-0.0958722368677996,-0.8012242,-0.1090099503109039,0.0131377134431042,0.0206539736349126
2022-07-11,-109.26,0.0834155398533247,-0.0637749391100985,-0.7370357,-0.1392060628554886,0.0754311237453901,0.0254767347196296
2022-07-12,-112.211,-2.862394637862209,-0.0313632558676248,-0.6689467,-0.1699375006745325,0.1385742448069077,0.0303348897032975
2022-07-13,-113.166,-3.8120608018374975,0.0013780830002708,-0.60257775,-0.2011991965084121,0.2025772795086829,0.0352271799102831
2022-07-14,-106.021,3.338446880055052,0.0344640507706697,-0.54541856,-0.2329854180673617,0.2674494688380315,0.040152286947495
2022-07-15,-108.193,1.1719014025156924,0.0679092886769923,-0.5011299,-0.2652897654529205,0.3331990541299128,0.0451088330236243
2022-07-16,-108.478,0.8923879440180458,0.1017280709658857,-0.4629741,-0.2981051692557226,0.3998332402216084,0.0500953813447418
2022-07-17,-111.913,-2.537227126485817,0.1359342702391765,-0.41244966,-0.331423889334846,0.4673581595740226,0.055110436586133
2022-07-18,-105.488,3.893339795923512,0.1705413231287663,-0.36449024,-0.3652375142832507,0.535778837412017,0.0601524454401514
2022-07-19,-114.82,-5.43317030932664,0.205562196352118,-0.310474,-0.399536961583155,0.6050991579352731,0.0652197972397848
2022-07-20,-110.009,-0.6165329784669411,0.2410093531956525,-0.24745567,-0.4343124784544975,0.6753218316501501,0.07031082465753
2022-07-21,-106.869,2.5287445208469115,0.2768947204730149,-0.18852223,-0.4695536433989458,0.7464483638719607,0.0754238044790831
2022-07-22,-104.742,4.66064999304526,0.3132296560047352,-0.14110741,-0.5052493684411908,0.818479024445926,0.0805569584512597
2022-07-23,-113.952,-4.544652380703506,0.3500249166653225,-0.09153232,-0.5413879020685851,0.8914128187339077,0.0857084542034649
2022-07-24,-109.055,0.3572129982241754,0.3872906270432799,-0.056159467,-0.5779568328694455,0.9652474599127254,0.0908764062419491
2022-07-25,-106.067,3.3501250607141824,0.4250362487589272,-0.034582,-0.6149430938696552,1.0399793426285824,0.0960588770159858
2022-07-26,-105.346,4.075770991683655,0.463270550484245,0.0042959517,-0.6523329675664646,1.1156035180507096,0.1012538780550281
2022-07-27,-109.19,0.2363249368364455,0.5020015787082451,0.048322614,-0.6901120916576973,1.1921136703659423,0.106459371175807
2022-07-28,-105.826,3.604706806876823,0.5412366292905956,0.076540396,-0.7282654654638353,1.2695020947544309,0.1116732697582484
2022-07-29,-109.074,0.3612495950214813,0.5809822198453766,0.09700992,-0.7667774570397562,1.3477596768851328,0.1168934400890031
2022-07-30,-113.675,-4.235015715988855,0.6212440629959923,0.12251138,-0.8056318109721851,1.4268758739681773,0.1221177027712957
2022-07-31,-100.832,8.612927001617471,0.6620270405412907,0.14864187,-0.8448116568581989,1.5068386973994896,0.1273438341997181
2022-08-01,-105.831,3.619060222765305,0.7033351785719767,0.17167655,-0.884299518459443,1.5876346970314197,0.1325695680985114
2022-08-02,-102.625,6.830366043129999,0.7451716235753396,0.18039957,-0.9240773235259832,1.6692489471013228,0.1377925971218015
2022-08-03,-104.174,5.286845524078358,0.7875386195652532,0.21251234,-0.9641264142830556,1.7516650338483086,0.1430105745141719
2022-08-04,-108.274,1.1921532684946277,0.8304374862732146,0.24525167,-1.0044275585732456,1.83486504484646,0.1482211158298866
2022-08-05,-109.115,0.3566192991291816,0.8738685984350616,0.26047966,-1.0449609616459792,1.9188295600810408,0.1534218007089995
2022-08-06,-104.548,4.92927542040777,0.917831366206722,0.28244436,-1.085706278585503,2.0035376447922246,0.158610174708511
2022-08-07,-107.449,2.034077214864894,0.9623242167410826,0.3193086,-1.1266426273678622,2.0889668441089446,0.1637837511866721
2022-08-08,-109.502,-0.0129345428035532,1.0073445769567548,0.35239652,-1.1677486025367387,2.1750931794934933,0.1689400132384564
2022-08-09,-110.313,-0.8177066132186499,1.0528888575281354,0.387221,-1.209002289487331,2.2618911470154663,0.1740764156801645
2022-08-10,-111.037,-1.5352786690939233,1.0989524381247389,0.4117371,-1.250381279346832,2.3493337174715707,0.1791903870810595
2022-08-11,-105.487,4.021349862316186,1.145529653926375,0.4403471,-1.2918626844394172,2.4373923383657923,0.1842793318398704
2022-08-12,-108.411,1.103814079693608,1.19261378343922,0.4758155,-1.33342315432303,2.52603693776225,0.1893406323039402
2022-08-13,-113.926,-4.404804725428518,1.2401970376363285,0.5075112,-1.375038892384643,2.6152359300209715,0.1943716509287488
2022-08-14,-106.793,2.7349156649510267,1.2882705504445913,0.5363469,-1.4166856729800774,2.7049562234246687,0.1993697324754764
2022-08-15,-106.215,3.3198365342148906,1.3368243705985496,0.54711026,-1.4583388591038549,2.7951632297024043,0.2043322062442308
2022-08-16,-106.222,3.3199562596457968,1.385847454879863,0.56201744,-1.4999734205740152,2.885820875453878,0.2092563883405136
2022-08-17,-105.65,3.8992732185263583,1.4353276627595823,0.5744633,-1.5415639527162444,2.976891615475827,0.2141395839724552
2022-08-18,-104.093,5.463785788139247,1.4852517524587463,0.59582895,-1.583084695531125,3.068336447989872,0.2189790897763021
2022-08-19,-106.901,2.663481967739353,1.5356053784410648,0.62821573,-1.6245095533277971,3.160114931768862,0.2237721961676129
2022-08-20,-107.713,1.8593528516716216,1.586373090349809,0.65091074,-1.6658121148067877,3.2521852051565965,0.2285161897155743
2022-08-21,-109.374,0.2064152590820316,1.6375383333992406,0.67390275,-1.7069656735742926,3.344504006973533,0.233208355537816
2022-08-22,-104.595,4.993667562942052,1.68908345022919,0.69684285,-1.7479432490696871,3.437026699298877,0.2378459797130807
2022-08-23,-105.619,3.978108136223215,1.7409896842296175,0.7091596,-1.7887176078876108,3.5297072921172283,0.2424263517090769
2022-08-24,-109.139,0.4667353518969888,1.7932371843402044,0.7286595,-1.8292612854754988,3.622498469815703,0.2469467668228108
2022-08-25,-109.562,0.0522199984682556,1.8458050113282407,0.74662757,-1.8695466081870264,3.715351619515267,0.2514045286306899
2022-08-26,-112.468,-2.845102917330166,1.8986711455462555,0.7671187,-1.9095457156715123,3.808216861217768,0.2557969514456544
2022-08-27,-105.778,3.854176388489055,1.951812496169045,0.7809818,-1.9492305835789585,3.9010430797480034,0.2601213627786053
2022-08-28,-105.648,3.993638008120315,2.0052049119079225,0.7910771,-1.9885730465600144,3.9937779584679367,0.2643751058013537
2022-08-29,-102.797,6.8542803269561725,2.0588231931981977,0.81543756,-2.0275448215398217,4.086368014738019,0.2685555418083441
2022-08-30,-105.908,3.75277414592242,2.1126411058540877,0.8350738,-2.066117531244371,4.178758637098458,0.2726600526743769
2022-08-31,-110.275,-0.6045455158271524,2.1666313961834165,0.85446596,-2.104262727957679,4.270894124141096,0.2766860433055668
2022-09-01,-112.122,-2.441663985435388,2.220765807552679,0.8787026,-2.141951917487842,4.362717725040521,0.2806309440807679
2022-09-02,-103.451,6.23958429710137,2.2750150983911976,0.9109602,-2.1791565833197253,4.454171681710923,0.2844922132807177
2022-09-03,-105.629,4.072025268810069,2.329349061621333,0.93464494,-2.2158482109318385,4.545197272553172,0.2882673395021428
2022-09-04,-103.577,6.134369412344789,2.383736545499904,0.9461284,-2.2519983122547056,4.63573485775461,0.2919538440540979
2022-09-05,-105.054,4.66789515145107,2.4381454758541783,0.9608837,-2.287578450247868,4.725723926102047,0.2955492833338194
2022-09-06,-108.536,1.1966008081372546,2.4925428796940645,0.9864184,-2.322560263572459,4.815103143266524,0.2990512511793899
2022-09-07,-112.587,-2.8435488490637657,2.546894910180359,1.0018301,-2.35691549133617,4.9038104015165285,0.3024573811965491
2022-09-08,-103.773,5.981800417684639,2.601166872927177,1.0095564,-2.3906159978872727,4.99178287081445,0.3057653490569849
2022-09-09,-102.547,7.219298832335748,2.655323253615016,1.0032663,-2.423633797634294,5.07895705124931,0.3089728747655028
2022-09-10,-102.963,6.814979239896408,2.709327746889152,1.0162917,-2.4559410798678174,5.16526882675697,0.3120777248934705
2022-09-11,-111.397,-1.6076495221400244,2.763143286516496,1.036925,-2.4875102335608847,5.250653520077381,0.315077714775992
2022-09-12,-104.026,5.774898175086264,2.816732076772316,1.039581,-2.518313872124376,5.335045948896692,0.3179707106702986
2022-09-13,-104.39,5.422620617787166,2.870055625026694,1.0451212,-2.5483248580938183,5.4183804831205125,0.3207546318728781
2022-09-14,-103.096,6.728516092174567,2.9230747754989723,1.0564917,-2.5775163277239925,5.500591103222964,0.3234274527929194
2022-09-15,-105.385,4.451582884460311,2.9757497441469263,1.082514,-2.605861715467852,5.581611459614779,0.3259872049796916
2022-09-16,-110.646,-0.7971807191437121,3.0280401546558817,1.1079462,-2.633334778316236,5.661374932972118,0.3284319791015244
2022-09-17,-104.521,5.340511449560157,3.079905075491536,1.1215303,-2.6599096199750267,5.7398146954665625,0.3307599268741146
2022-09-18,-100.865,9.00937761767804,3.1313030579788097,1.0114592,-2.685560714856451,5.81686377283526,0.3329692629359387
2022-09-19,-104.361,5.526416114053308,3.182192175367667,0.956284,-2.710262931861393,5.89245510722906,0.3350582666686078
2022-09-20,-104.533,5.367625267529322,3.2325300628454965,0.90238905,-2.73399155792976,5.966521620775255,0.3370252839600618
2022-09-21,-110.528,-0.6139965930505134,3.282273958454336,0.8776853,-2.7567223213360537,6.038996279790389,0.3388687289085688
2022-09-22,-111.223,-1.29517891105532,3.3313807448699797,0.893365,-2.778431414707612,6.109812159577592,0.3405870854655559
2022-09-23,-105.65,4.291864918479051,3.3798069919987923,0.9384818,-2.7990955177431087,6.178902509741901,0.3421789090153695
2022-09-24,-102.682,7.274081601404284,3.427509000346883,0.99138397,-2.8186918196092163,6.246200819956099,0.3436428278901307
2022-09-25,-106.895,3.075469514741417,3.4744428451152087,1.0379796,-2.837198040993594,6.311640886108803,0.3449775448179315
2022-09-26,-108.41,1.5750270355115146,3.520564420973072,1.0725086,-2.854592455792644,6.3751568767657165,0.3461818383026842
2022-09-27,-102.115,7.884752540735629,3.5658294874615355,1.1048305,-2.8708539124128127,6.436683399874348,0.3472545639340184
2022-09-28,-104.7,5.314644407434781,3.6101937149772585,1.1302943,-2.885961854664556,6.496155569641815,0.3481946556257004
2022-09-29,-103.086,6.943701012630022,3.653612731286436,1.1434826,-2.8998963422284145,6.55350907351485,0.3490011267811275
2022-09-30,-99.053,10.991920733342411,3.6960421685176033,1.1670309,-2.912638070673096,6.608680239190699,0.3496730713845325
2022-10-01,-103.329,6.731301946592959,3.7374377105813696,1.1772232,-2.924168391005768,6.661606101587138,0.3502096650166221
2022-10-02,-99.32,10.755843029402744,3.777755140964344,1.2013907,-2.934469328735278,6.712224469699622,0.3506101657934563
2022-10-03,-104.541,5.550542358792812,3.816950390843961,1.2250955,-2.9435236024294027,6.760473993273363,0.3508739152274623
2022-10-04,-105.27,4.837345205370118,3.8549795874701696,1.2468948,-2.951314641747719,6.806294229217889,0.3510003390095662
2022-10-05,-101.266,8.857301609460698,3.8917991027595673,1.2722038,-2.9578266049321367,6.849625707691704,0.3509889477115196
2022-10-06,-101.498,8.641409940221237,3.927365602046963,1.3110145,-2.963044395737683,6.890409997784646,0.350839337407582
2022-10-07,-103.024,7.131668566808471,3.961636092939022,1.3427818,-2.9669536797865863,6.9285897727256085,0.350551190214819
2022-10-08,-103.015,7.157075858379043,3.9945679742142506,1.3647536,-2.9695409003292954,6.964108874543546,0.3501242747513652
2022-10-09,-106.682,3.506630184089659,4.026119084713304,1.3862147,-2.9707932933965733,6.996912378109877,0.3495584465120974
2022-10-10,-100.329,9.876329913097006,4.056247752163426,1.4049113,-2.9706989023274093,7.026946654490835,0.3488536481612577
2022-10-11,-104.707,5.515173414557816,4.084912841880624,1.4258301,-2.969246591658054,7.054159433538678,0.3480099097416571
2022-10-12,-101.924,8.315159057628701,4.11207380529309,1.4380752,-2.966426060358088,7.078499865651177,0.3470273488001943
2022-10-13,-103.865,6.391285211466435,4.137690728229447,1.4404058,-2.962227854400035,7.099918582629481,0.345906170429515
2022-10-14,-99.247,11.026550245227636,4.16172437891533,1.4683577,-2.956643378649692,7.1183677575650215,0.3446466672257289
2022-10-15,-96.303,13.98795252806903,4.184136255622007,1.4851968,-2.9496649080649244,7.133801163686931,0.3432492191622103
2022-10-16,-98.24,12.068490429147309,4.204888633910892,1.4883969,-2.941285598191405,7.146174232102297,0.3417142933795933
2022-10-17,-104.227,6.099162317619155,4.223944613418052,1.5006223,-2.9314994949443567,7.155444108362408,0.3400424438921713
2022-10-18,-99.804,10.53996656264126,4.24126816412311,1.5298994,-2.9203015436661204,7.16156970778923,0.3382343112110151
2022-10-19,-100.671,9.690901533370322,4.256824172047367,1.5548834,-2.9076875974499607,7.164511769497328,0.3362906218842024
2022-10-20,-98.673,11.706965598963023,4.270578484326351,1.582717,-2.8936544247213107,7.164232909047662,0.3342121879546655
2022-10-21,-99.026,11.372157128576054,4.282497953602545,1.5900826,-2.8781997160682846,7.16069766967083,0.3319999063362471
2022-10-22,-98.466,11.950474491366109,4.292550481684628,1.478197,-2.861322090314052,7.153872571998679,0.3296547581086484
2022-10-23,-99.229,11.205916056489862,4.300705062420165,1.4588615,-2.843021099824355,7.143726162244519,0.3271778077320535
2022-10-24,-102.472,7.981480193104044,4.3069318237294185,1.3928498,-2.8232972350441945,7.1302290587736135,0.3245702021822971
2022-10-25,-103.18,7.292165270365306,4.311202068748712,1.3747528,-2.8021519282584446,7.113353997007157,0.321833170007544
2022-10-26,-102.26,8.230969657430348,4.313488316032569,1.3334168,-2.779587556571871,7.093075872604441,0.3189680203075291
2022-10-27,-100.508,10.001891723455874,4.313764338764806,1.312726,-2.7556074441048177,7.069371782869624,0.3159761416365023
2022-10-28,-95.153,15.375929837598544,4.312005202929639,1.3094242,-2.730215863401512,7.042221066331152,0.3128590008311036
2022-10-29,-107.614,2.934082369015083,4.308187304394923,1.3057101,-2.7034180360487494,7.011605340443673,0.3096181417644905
2022-10-30,-99.889,10.678347686862177,4.302288404860659,1.2749162,-2.67522013250343,6.977508537364089,0.3062551840281082
2022-10-31,-100.066,10.5207241602965,4.294287666627107,1.2584655,-2.64562927112819,6.939916937755298,0.3027718215425907
2022-11-01,-103.039,7.567210158474747,4.284165686137935,1.0420743,-2.614653516435125,6.89881920257306,0.299169821099354
2022-11-02,-103.207,7.418804050553632,4.271904526255112,0.9417519,-2.5823018765383496,6.854206402793461,0.2954510208345233
2022-11-03,-98.947,11.698504205689808,4.257487747223582,0.9202923,-2.548584299816907,6.806072047040489,0.2916173286369095
2022-11-04,-99.643,11.022308993039964,4.240900436284999,0.78967804,-2.5135116707902743,6.754412107075273,0.2876707204918363
2022-11-05,-101.021,9.664216781760835,4.222129235901304,0.40978265,-2.477095805209484,6.699225041110788,0.2836132387626766
2022-11-06,-106.673,4.03222594100907,4.201162370550273,0.30496195,-2.4393494443675983,6.640511814917872,0.2794469904120405
2022-11-07,-107.01,3.715334839941389,4.177989672056731,-0.058113668,-2.4002862486340524,6.578275920690784,0.2751741451646175
2022-11-08,-106.549,4.196541847714453,4.152602603424596,-0.30344987,-2.359920790218081,6.512523393642677,0.2707969336137445
2022-11-09,-101.989,8.776845333484985,4.124994281136556,-0.3803679,-2.318268545167224,6.44326282630378,0.266317645273837
2022-11-10,-105.357,5.429243666409634,4.0951594958897415,-0.3801992,-2.2753458846075785,6.37050538049732,0.2617386265808721
2022-11-11,-108.855,1.9514629878576024,4.063094731737485,-0.38568276,-2.2311700652332376,6.294264796970722,0.2570622788431864
2022-11-12,-107.767,3.059766497278865,4.0287981836089,-0.43221322,-2.185759219053029,6.21455740266193,0.252291056144885
2022-11-13,-105.611,5.236152523516792,3.992269773179789,-0.4071014,-2.1391323424033915,6.13140211558318,0.2474274632042362
2022-11-14,-107.498,3.3696193954147486,3.953511163070148,-0.3858715,-2.0913092842369214,6.044820447307069,0.2424740531894546
2022-11-15,-111.072,-0.1838345581838849,3.9125257693453386,-0.34711292,-2.042310733696792,5.954836503042131,0.2374334254943314
2022-11-16,-111.683,-0.7742110084357483,3.869318772299843,-0.30355814,-1.992158206987945,5.861476979287788,0.2323082234762164
2022-11-17,-110.132,0.7977606012900869,3.823897125504391,-0.27197367,-1.940874033556598,5.764771159060988,0.2271011321588955
2022-11-18,-111.738,-0.787186230456344,3.776269563099097,-0.23748307,-1.8884813415902697,5.664750904689367,0.2218148759029388
2022-11-19,-105.84,5.131999971895732,3.726446605317239,-0.20522699,-1.835004042851172,5.561450648168411,0.2164522160461406
2022-11-20,-110.861,0.1322659141980158,3.674440562226164,-0.1793569,-1.780466816856435,5.454907379082599,0.211015948516697
2022-11-21,-108.371,2.6436099734715706,3.620265535673835,-0.1502522,-1.7248950944192376,5.345160630093073,0.2055089014217934
2022-11-22,-112.602,-1.5660225796766785,3.5639374194314604,-0.14765511,-1.6683150405655338,5.232252459996994,0.1999339326143054
2022-11-23,-108.621,2.436418295079321,3.505473897524696,-0.1290211,-1.6107535368416204,5.116227434366316,0.1942939272403374
2022-11-24,-107.486,3.5929309668962697,3.444894440747825,-0.13098398,-1.552238163028394,4.997132603776219,0.1885917952703347
2022-11-25,-107.831,3.269513804930884,3.382220301357464,-0.13483958,-1.4927971782786542,4.875017479636118,0.1828304690165295
2022-11-26,-106.305,4.817165178339826,3.31747450594424,-0.16373129,-1.4324595016943762,4.7499340076386165,0.1770129006394903
2022-11-27,-108.539,2.6046112284922405,3.250681846483021,-0.18035416,-1.3712546923613849,4.621936538844406,0.1711420596465487
2022-11-28,-103.907,7.257832188396501,3.1818688695642448,-0.2291202,-1.3092129288593504,4.491081798423595,0.1652209303848864
2022-11-29,-102.542,8.644101664032124,3.111063863810977,-0.22019811,-1.2463649882655174,4.357428852076495,0.1592525095320706
2022-11-30,-99.092,12.115417942338906,3.038296845488341,-0.33804384,-1.1827422246710393,4.221039070159381,0.1532398035868188
2022-12-01,-101.658,9.570779310256682,2.963599542314,-0.80244535,-1.1183765472292286,4.081976089543229,0.1471858263627684
2022-12-02,-104.741,6.509184054725223,2.887005375480411,-0.80383986,-1.0533003977554578,3.9403057732358686,0.1410935964880272
2022-12-03,-106.765,4.506609209817135,2.808549439901586,-0.81216633,-0.987546727898853,3.796096167800439,0.1349661349132607
2022-12-04,-101.896,9.396989861408215,2.7282684826990966,-1.022143,-0.9211489759062956,3.649417458605393,0.12880646243106
2022-12-05,-96.628,14.68626498855842,2.646200879944076,-1.191306,-0.8541410429996182,3.500341922943694,0.1226175972093201
2022-12-06,-104.417,6.918569935673592,2.5623866116739245,-1.2011626,-0.7865572693872132,3.3489438810611376,0.1164025523413265
2022-12-07,-108.198,3.158902953259576,2.476867235204449,-1.1993766,-0.7184324099315936,3.1952996451360427,0.1101643334152423
2022-12-08,-106.468,4.910262291822271,2.389685856760031,-1.367817,-0.6498016094947499,3.039487466254781,0.1039059361056345
2022-12-09,-103.738,7.661646201867443,2.30088710144642,-1.457684,-0.5807003779834023,2.881587479429822,0.0976303437896749
2022-12-10,-105.477,5.944052933900991,2.2105170815926103,-2.0296586,-0.5111645651165224,2.7216816467091327,0.091340525190592
2022-12-11,-104.339,7.103480738428784,2.118623363490124,-2.2524474,-0.4412303349377107,2.559853698427835,0.0850394320509327
2022-12-12,-108.149,3.314927865956625,2.025254932559916,-2.2846467,-0.3709341400952312,2.396189072655147,0.0787299968381391
2022-12-13,-107.887,3.5983925669903885,1.9304621569788745,-2.2870045,-0.3003126959126857,2.2307748528915603,0.0724151304849101
2022-12-14,-109.284,2.222873092035933,1.834296749799721,-2.2846673,-0.2294029542734708,2.063699704073192,0.0660977201667682
2022-12-15,-109.912,1.6163676915991037,1.736811729599825,-2.2731273,-0.1582420773422955,1.895053806942121,0.0597806271192005
2022-12-16,-107.671,3.8788593765216457,1.638061379696192,-2.232901,-0.0868674111471553,1.7249287908433475,0.0534666844966983
2022-12-17,-109.011,2.560361222852241,1.5381012059655166,-2.193064,-0.0153164590452474,1.553417665010764,0.0471586952759584
2022-12-18,-106.456,5.136871478839892,1.436987893309874,-2.1542275,0.0563731449036299,1.380614748406244,0.0408594302054486
2022-12-19,-105.582,6.032370419348631,1.334779260810146,-2.1126237,0.128163662632592,1.206615598177554,0.0345716258034964
2022-12-20,-109.884,1.7518737776053546,1.2315342156108853,-2.1360962,0.2000172788084911,1.0315169368023942,0.0282979824069735
2022-12-21,-109.194,2.4633797991975257,1.127312705581765,-2.1592262,0.2718961275944406,0.8554165779873244,0.0220411622726038
2022-12-22,-111.003,0.6758867297125528,1.0221756708022445,-2.139316,0.343762319410457,0.6784133513917873,0.0158037877328451
2022-12-23,-109.528,2.1724107881229098,0.9161849939174468,-2.193873,0.4155779676686975,0.5006070262487492,0.0095884394082237
2022-12-24,-112.32,-0.5980672649617689,0.8094034494146283,-2.240553,0.4873052154598337,0.3220982339547945,0.0033976544779402
2022-12-25,-112.446,-0.7025339416283742,0.7018946518708628,-2.2488723,0.558906262167216,0.1429883897036468,-0.0027660749895269
2022-12-26,-111.504,0.261135082719361,0.5937230032238395,-2.318861,0.6303433899855865,-0.0366203867617469,-0.0089003036441539
2022-12-27,-102.568,9.218800985553036,0.4849536391188329,-3.2411163,0.7015789903212591,-0.2166253512024262,-0.015002634398858
2022-12-28,-109.127,2.6814620382441925,0.3756523743860303,-3.3165796,0.7725755900508394,-0.3969232156648091,-0.021070719909242
2022-12-29,-108.734,3.096116512164358,0.2658856477034501,-3.445895,0.8432958776157604,-0.5774102299123103,-0.0271022639871696
2022-12-30,-108.506,3.3457626786851025,0.1557204655017168,-4.2453694,0.9137027289301074,-0.7579822634283906,-0.0330950229468417
2022-12-31,-111.049,0.8242579072879761,0.0452243451678515,-4.527769,0.98375923307945,-0.9385348879115984,-0.0390468068821176
2023-01-01,-111.566,0.3288784442687849,-0.0655347423938435,-4.540791,1.0534287177886577,-1.1189634601825011,-0.0449554808739188
2023-01-02,-108.227,3.6894854670991215,-0.1764884307849522,-4.5283346,1.1226747746369383,-1.2991632054218905,-0.0508189661266391
2023-01-03,-110.28,1.6579363452605551,-0.2875680166605408,-4.5055037,1.1914612839986525,-1.479029300659193,-0.0566352410325703
2023-01-04,-106.261,5.698351183494816,-0.3987045187408954,-4.624333,1.2597524396887745,-1.65845695842967,-0.062402342163449
2023-01-05,-108.232,3.74872508446549,-0.5098287372264934,-5.1228228,1.3275127732922007,-1.837341510518694,-0.0681183651883161
2023-01-06,-106.306,5.696025240998027,-0.62087131355476,-5.1259575,1.3947071781564735,-2.0155784917112336,-0.0737814657169749
2023-01-07,-113.214,-1.1907256885504696,-0.7317627904366931,-5.301534,1.461300933027876,-2.193063723464569,-0.079389860068427
2023-01-08,-112.894,-0.8492828283274978,-0.842433672111018,-5.6262865,1.5272597253112326,-2.3696933974222505,-0.0849418259637599
2023-01-09,-111.684,0.3821711980686439,-0.952814484753216,-5.924979,1.5925496739341891,-2.545364158687405,-0.0904357031430481
2023-01-10,-109.177,2.910587438358053,-1.0628358369764923,-6.0793486,1.657137351797165,-2.7199731887736576,-0.0958698939059318
2023-01-11,-112.655,-0.5460358311822595,-1.172428480361561,-6.223163,1.7209898077906356,-2.893418288152197,-0.1012428635756316
2023-01-12,-109.199,2.931299665724828,-1.2815233699519957,-6.2799573,1.784074588361872,-3.065597958313868,-0.1065531408862428
2023-01-13,-112.822,-0.6704563350451382,-1.390051724651854,-6.5273056,1.84635975861374,-3.2364114832655937,-0.1117993182932628
2023-01-14,-116.445,-4.272258335846249,-1.4979450874622904,-6.8958306,1.9078139229186888,-3.405759010380979,-0.1169800522073892
2023-01-15,-112.324,-0.130074514114177,-1.6051353854939592,-6.9733305,1.9684062450315565,-3.5735416305255154,-0.1220940631517248
2023-01-16,-115.018,-2.8029410811270816,-1.7115549896922015,-6.920364,2.028106467685364,-3.7396614573775655,-0.1271401358426231
2023-01-17,-116.275,-4.038754998547086,-1.8171367742121984,-6.7861266,2.08688493165482,-3.9040217058670175,-0.1321171191944953
2023-01-18,-113.196,-0.938381366358456,-1.9218141753816227,-6.8267784,2.1447125942728174,-4.06652676965444,-0.1370239262490057
2023-01-19,-113.315,-1.0359896261290258,-2.0255212501886595,-6.7538357,2.2015610473857787,-4.227082297574438,-0.141859534029158
2023-01-20,-121.733,-9.432649104471835,-2.128192734233749,-6.601714,2.2574025347343056,-4.385595268968055,-0.1466229833188869
2023-01-21,-119.538,-7.216320986401264,-2.229764099083873,-6.475622,2.3122099687461657,-4.541974067830038,-0.1513133783688451
2023-01-22,-114.013,-1.6697895027942056,-2.3301716089688544,-6.3538027,2.3659569467292907,-4.696128555698145,-0.1559298865291797
2023-01-23,-114.506,-2.1410133192067606,-2.4293523767597462,-6.231464,2.4186177664530635,-4.84797014321281,-0.160471737810167
2023-01-24,-120.805,-8.418229282325544,-2.5272444191701138,-6.1189413,2.4701674411068013,-4.997411860276915,-0.1649382243716787
2023-01-25,-123.957,-11.54823738090884,-2.6237867111218502,-6.008774,2.520581713625004,-5.144368424746855,-0.1693286999425291
2023-01-26,-123.861,-11.430350364762807,-2.718919239217953,-5.890205,2.569837070369565,-5.288756309587519,-0.1736425791708415
2023-01-27,-120.01,-7.55716292570157,-2.812583054265677,-5.7950487,2.6179107541598112,-5.430493808425489,-0.177879336906658
2023-01-28,-113.29,-0.8149722147892946,-2.904720322794436,-5.693427,2.664780776641895,-5.56950109943633,-0.1820385074180968
2023-01-29,-115.504,-3.006784680299368,-2.9952743775138706,-5.6048675,2.7104259299897584,-5.705700307503629,-0.1861196835424453
2023-01-30,-111.256,1.2638103187014085,-3.08418976665865,-5.487329,2.754825797930513,-5.839015564589164,-0.190122515773652
2023-01-31,-119.323,-6.780739844370435,-3.171412302167705,-5.389867,2.797960766087839,-5.969373068255544,-0.1940467112877625
2023-02-01,-117.993,-5.428375862537822,-3.2568891066468755,-5.2989697,2.839812031637597,-6.096701138284473,-0.1978920329079168
2023-02-02,-114.989,-2.4008075500417467,-3.3405686590651973,-5.210889,2.88036161227064,-6.2209302713358365,-0.2016582980105963
2023-02-03,-109.955,2.65659803502712,-3.422400839136462,-5.217753,2.919592354458409,-6.341993193594872,-0.2053453773748881
2023-02-04,-112.228,0.4067992908286377,-3.5023369703390617,-5.1614375,2.957487941017666,-6.459824911356728,-0.2089531939765916
2023-02-05,-116.134,-3.4761900528994056,-3.5803298615285546,-5.4323974,2.994032897971353,-6.574362759499907,-0.2124817217290668
2023-02-06,-118.757,-6.0745200989402734,-3.656333847099014,-5.3843412,3.029212600703317,-6.685546447802332,-0.2159309841727858
2023-02-07,-118.664,-5.956883087809869,-3.730304825650655,-5.336476,3.063013279405286,-6.79331810505594,-0.2193010531156067
2023-02-08,-120.577,-7.845467319034697,-3.8022002971229503,-5.264268,3.0954220238152104,-6.897622320938161,-0.2225920472258543
2023-02-09,-121.73,-8.974146228516211,-3.87197939835405,-5.1900544,3.1264267872467646,-6.998406185600814,-0.2258041305803399
2023-02-10,-113.178,-0.3978030414115336,-3.939602937029064,-5.135843,3.156016389910492,-7.095619326939556,-0.2289375111695137
2023-02-11,-117.34,-4.53567727963019,-4.005033423981493,-5.1023474,3.1841805215277668,-7.189213945509259,-0.2319924393619886
2023-02-12,-113.01,-0.1809842892639843,-4.068235103813894,-5.029846,3.210909743239428,-7.279144847053322,-0.2349692063307225
2023-02-13,-117.24,-4.386165527563255,-4.129173983805713,-4.991167,3.236195488811622,-7.365369472617335,-0.2378681424431933
2023-02-14,-112.382,0.4968159509235583,-4.187817861078054,-5.0275187,3.260030065142057,-7.447847926220112,-0.2406896156179401
2023-02-15,-119.543,-6.639310370810932,-4.2441363479870935,-4.9647574,3.282406652070562,-7.526543000057655,-0.2434340296498829
2023-02-16,-117.583,-4.654587250805806,-4.298100895719782,-4.899484,3.303319301498443,-7.601420197218225,-0.2461018225068693
2023-02-17,-113.847,-0.8931550707331719,-4.349684816067401,-4.817078,3.322762935821884,-7.672447751889285,-0.2486934645999293
2023-02-18,-117.825,-4.845756609731235,-4.398863301354614,-4.731768,3.340733345685173,-7.739596647039787,-0.2512094570297469
2023-02-19,-119.211,-6.206566984793094,-4.445613442503606,-4.6595054,3.357227187060253,-7.8028406295638595,-0.2536503298118874
2023-02-20,-118.071,-5.040994079492066,-4.489914245214997,-4.598466,3.372241977659677,-7.862156222874675,-0.2560166400833334
2023-02-21,-111.908,1.1474170609033167,-4.531746644249267,-4.649626,3.385776092690689,-7.917522736939956,-0.2583089702929139
2023-02-22,-117.687,-4.606076190236046,-4.571093515794521,-4.73157,3.397828759958747,-7.968922275753268,-0.2605279263782158
2023-02-23,-120.68,-7.5738273014688575,-4.607939687908531,-4.8079314,3.4084000543293858,-8.016339742237918,-0.2626741359315876
2023-02-24,-120.034,-6.902781003101635,-4.642271949025117,-4.9822636,3.417490891557938,-8.059762840583055,-0.2647482463578507
2023-02-25,-118.778,-5.621966838926317,-4.674079054517044,-5.0023274,3.4251030214971614,-8.099182076014205,-0.2667509230263435
2023-02-26,-115.843,-2.6612717803720933,-4.703351731309787,-5.1471677,3.4312390206933845,-8.13459075200317,-0.2686828474199169
2023-02-27,-108.242,4.965885611189917,-4.730082680542616,-5.4070487,3.4359022843823617,-8.165984964924977,-0.2705447152835185
2023-02-28,-118.069,-4.835463663463847,-4.7542665782756695,-5.732645,3.439097017896507,-8.193363596172176,-0.272337234774972
2023-03-01,-109.419,3.840456300132212,-4.775900074243789,-5.76425,3.440828227495726,-8.216728301739515,-0.2740611246205809
2023-03-02,-118.793,-5.508204215675813,-4.79498178866006,-5.74869,3.4411017106345345,-8.236083499294594,-0.2757171122781447
2023-03-03,-114.121,-0.8102359329994839,-4.811512307074171,-5.7263985,3.439924045678689,-8.25143635275286,-0.2773059321099915
2023-03-04,-116.74,-3.402444655390725,-4.825494173292848,-5.8706927,3.437302581084936,-8.262796754377783,-0.2788283235685875
2023-03-05,-117.919,-4.5533633554683455,-4.836931880371726,-6.066288,3.433245424058033,-8.270177304429758,-0.2802850293972834
2023-03-06,-123.591,-10.197576905573072,-4.845831859690212,-6.0848536,3.4277614286995544,-8.273593288389765,-0.2816767938487198
2023-03-07,-120.185,-6.764253531006213,-4.852202468122956,-6.1286216,3.4208601836634327,-8.273062651786388,-0.2830043609233983
2023-03-08,-126.973,-13.521818170874754,-4.856053973323678,-6.2443757,3.4125519993336195,-8.268605972657298,-0.2842684726308824
2023-03-09,-119.973,-6.489144739828892,-4.8573985371391855,-6.3287582,3.402847894539568,-8.260246431678754,-0.2854698672760731
2023-03-10,-118.161,-4.645270062596718,-4.856250197173451,-6.8056383,3.391759582825642,-8.248009779999093,-0.2866092777729522
2023-03-11,-120.39,-6.840792887451178,-4.852624846523709,-6.812649,3.3792994582909,-8.231924304814608,-0.2876874299881608
2023-03-12,-116.649,-3.0666449708795485,-4.846540211712512,-6.9707856,3.3654805810159925,-8.212020792728504,-0.2887050411167309
2023-03-13,-119.561,-5.94639095665078,-4.838015828841686,-7.348431,3.350316662094251,-8.188332490935938,-0.2896628180922374
2023-03-14,-117.058,-3.412028027332286,-4.827073017996101,-7.8722277,3.333822048284312,-8.160895066280412,-0.2905614560336035
2023-03-15,-116.017,-2.340553365491532,-4.813734855927079,-7.8848934,3.316011706301879,-8.129746562228958,-0.291401636730728
2023-03-16,-119.849,-6.1429641536959725,-4.798026147047182,-7.7713966,3.29690120676849,-8.094927353815672,-0.2921840271710514
2023-03-17,-120.902,-7.16725757451302,-4.7799733927699695,-7.632012,3.276506707835356,-8.056480100605325,-0.2929092781091302
2023-03-18,-120.028,-6.265430810510102,-4.759604759230129,-7.475096,3.2548449385005425,-8.014449697730672,-0.2935780226812151
2023-03-19,-122.333,-8.543481044254712,-4.736950043421188,-7.5492406,3.231933181637988,-7.968883225059176,-0.2941908750667772
2023-03-20,-113.714,0.1016125150707801,-4.712040637789735,-7.569027,3.2077892567569366,-7.919829894546671,-0.2947484291988566
2023-03-21,-116.628,-2.787164800078904,-4.684909493326771,-7.5058413,3.1824315025105787,-7.867340995837349,-0.2952512575250451
2023-03-22,-119.045,-5.179810169609572,-4.65559108119848,-7.4549794,3.155878758972775,-7.811469840171255,-0.2956999098208374
2023-03-23,-113.905,-0.0163207734270681,-4.624121352960298,-7.44267,3.1281503497018184,-7.752271702662116,-0.2960949120570244
2023-03-24,-118.349,-4.4376937914371775,-4.590537699399676,-7.3907356,3.09926606361034,-7.689803763010016,-0.2964367653227194
2023-03-25,-122.987,-9.053770261991714,-4.5548789080545085,-7.294192,3.0692461366604027,-7.624125044714911,-0.2967259448055334
2023-03-26,-120.503,-6.548615387165867,-4.517185119455551,-7.159664,3.0381112334029905,-7.555296352858541,-0.2969628988303477
2023-03-27,-121.008,-7.033307920900414,-4.4774977821426,-7.026062,3.0058824283810166,-7.483380210523617,-0.297148047958033
2023-03-28,-116.574,-2.5798450075576627,-4.435859606505542,-7.406191,2.972581187415005,-7.408440793920547,-0.2972817841454058
2023-03-29,-119.761,-5.748202538632838,-4.392314517502578,-7.4342585,2.938229348790593,-7.330543866293171,-0.2973644699676092
2023-03-30,-121.785,-7.753790033188589,-4.34690760630926,-7.343016,2.902849104366888,-7.249756710676147,-0.2973964379040338
2023-03-31,-117.958,-3.909196403174476,-4.299685080952996,-7.259136,2.866462980624732,-7.166148061577728,-0.2973779896888034
2023-04-01,-116.504,-2.43841869972438,-4.250694215988904,-7.273417,2.829093819673745,-7.0797880356626495,-0.2973093957267604
2023-04-02,-120.794,-6.7124539739721305,-4.199983301273776,-7.2519403,2.7907647602369807,-6.990748061510757,-0.2971908945758028
2023-04-03,-121.451,-7.354299277051551,-4.147601589896008,-7.216119,2.751499218631859,-6.899100808527867,-0.2970226924963292
2023-04-04,-121.694,-7.582951660096442,-4.093599245320132,-7.13492,2.711320869765898,-6.804920115086031,-0.2968049630684602
2023-04-05,-119.722,-5.596736348016806,-4.038027287805494,-7.0347424,2.6702536281655966,-6.70828091597109,-0.2965378468776128
2023-04-06,-116.123,-1.984303962022956,-3.980937540159312,-7.000902,2.628321629056646,-6.609259169215958,-0.2962214512689087
2023-04-07,-119.637,-5.485651453760178,-3.922382572885097,-7.169841,2.585549209513419,-6.507931782398515,-0.2958558501708082
2023-04-08,-120.924,-6.760775774873774,-3.8624156487879695,-7.071982,2.5419608896954573,-6.404376538483427,-0.2954410839882658
2023-04-09,-116.69,-2.515673877009012,-3.801090667099013,-6.9909434,2.497581354188464,-6.2986720212874765,-0.2949771595656076
2023-04-10,-123.396,-9.210829157456724,-3.738462107181229,-6.9275813,2.452435433467007,-6.190897540648236,-0.2944640502192376
2023-04-11,-117.997,-3.8017381669353183,-3.6745849718800927,-6.9619894,2.4065480854958823,-6.081133057375975,-0.2939016958401852
2023-04-12,-120.482,-6.277062907636732,-3.609514730582021,-6.865718,2.3599443774867703,-5.969459108068792,-0.2932900030664117
2023-04-13,-126.504,-12.289774745040091,-3.5433072620443253,-6.7554746,2.3126494678265344,-5.85595672987086,-0.2926288455246961
2023-04-14,-122.93,-8.707212243094775,-3.476018797060401,-6.6286507,2.264688588193136,-5.740707385253537,-0.2919180641418292
2023-04-15,-120.89,-6.65937217578476,-3.407705861024029,-6.515392,2.2160870258748298,-5.623792886898858,-0.2911574675247459
2023-04-16,-120.596,-6.358251317093965,-3.338425216456653,-6.438091,2.166870106307924,-5.505295322764578,-0.2903468324091408
2023-04-17,-120.133,-5.88884644100639,-3.2682338055615525,-6.4370856,2.1170631758480143,-5.385296981409567,-0.2894859041760029
2023-04-18,-117.88,-3.6301543215059526,-3.1971886928685964,-6.4584727,2.066691584789212,-5.263880277657808,-0.2885743974354308
2023-04-19,-120.835,-6.58017173257663,-3.125347008033181,-6.4255123,2.0157806706454715,-5.141127678678652,-0.2876119966769814
2023-04-20,-122.391,-8.13189544820241,-3.052765888852637,-6.3499517,1.9643557417077164,-5.017121630560354,-0.2865983569857263
2023-04-21,-129.032,-14.76932224236722,-2.979502424563094,-6.2723966,1.912442060890023,-4.891944485453117,-0.2855331048230885
2023-04-22,-122.922,-8.656448889055,-2.9056135994793384,-6.162411,1.8600648298776652,-4.765678429357004,-0.2844158388714557
2023-04-23,-120.524,-6.256272162249736,-2.831156237039792,-6.0952024,1.8072491735893952,-4.638405410629187,-0.2832461309414633
2023-04-24,-122.37,-8.100788835935395,-2.756186944318128,-6.011653,1.754020124965833,-4.510207069283961,-0.2820235269407691
2023-04-25,-119.265,-4.994995684095915,-2.68076205706245,-5.892812,1.7004026100953904,-4.38116466715784,-0.2807475479030415
2023-04-26,-121.808,-7.5378894807152435,-2.604937585322274,-5.797017,1.646421433688641,-4.2513590190109145,-0.2794176910758146
2023-04-27,-120.574,-6.304466999777385,-2.528769159722777,-5.6961136,1.592101264911564,-4.120870424634341,-0.278033431065766
2023-04-28,-121.28,-7.011725015266268,-2.4523119784449685,-5.571901,1.5374666235875822,-3.989778602032551,-0.2765942210399064
2023-04-29,-118.961,-4.694660301165846,-2.3756207549695154,-5.439226,1.482541866777789,-3.858162621747304,-0.2750994939810803
2023-04-30,-122.235,-7.9712683590353155,-2.298749666641031,-5.341906,1.4273511757482575,-3.7261008423892887,-0.2735486639961116
2023-05-01,-113.91,0.3504527992933451,-2.22175230410857,-5.2849574,1.3719185433327603,-3.5936708474413304,-0.2719411276748419
2023-05-02,-117.772,-3.515493599975381,-2.1446816216970084,-5.2919326,1.3162677616987375,-3.4609493833957456,-0.2702762654982503
2023-05-03,-121.809,-7.5571043306370225,-2.067589888762812,-5.220688,1.2604224105237705,-3.3280122992865824,-0.268553443293756
2023-05-04,-118.222,-3.975376166487115,-1.990528642086503,-5.18018,1.2044058455892883,-3.1949344876757912,-0.2667720137357572
2023-05-05,-119.99,-5.749305881321188,-1.9135486393528367,-5.196785,1.148241187797694,-3.061789827150531,-0.2649313178893807
2023-05-06,-119.791,-5.556890248934755,-1.8366998137683717,-5.2680817,1.0919513126185172,-2.928651126386889,-0.2630306867953553
2023-05-07,-122.984,-8.75706557872046,-1.7600312298647387,-5.21268,1.0355588399686648,-2.795590069833404,-0.26106944309387
2023-05-08,-121.693,-7.473887465822311,-1.683591040534441,-5.2876205,0.9790861245312762,-2.662677165065717,-0.2590469026852113
2023-05-09,-122.254,-8.04335267508184,-1.6074264453445355,-5.188405,0.9225552465171178,-2.5299816918616536,-0.2569623764249218
2023-05-10,-117.531,-3.329457971340612,-1.5315836501719886,-5.072497,0.8659880028719087,-2.3975716530438973,-0.2548151718511767
2023-05-11,-117.664,-3.472200119440206,-1.456107828202884,-4.9844594,0.8094058989323869,-2.2655137271352705,-0.2526045949420153
2023-05-12,-118.508,-4.326575884222125,-1.381043082336025,-4.8912425,0.7528301405333747,-2.1338732228693997,-0.250329951900026
2023-05-13,-121.025,-6.854582030527969,-1.306432409029766,-4.795939,0.6962816265675446,-2.0027140355973105,-0.2479905509620388
2023-05-14,-118.908,-4.74921532319929,-1.2323176636291586,-4.6776285,0.6397809419990125,-1.872098605628171,-0.2455857042313342
2023-05-15,-122.812,-8.6654725270776,-1.1587395272087349,-4.5641794,0.5833483513313458,-1.7420878785400806,-0.2431147295298517
2023-05-16,-123.15,-9.016350407004497,-1.0857374749643904,-4.43226,0.5270037925300063,-1.6127412674943966,-0.2405769522678328
2023-05-17,-125.088,-10.96784572782154,-1.0133497461860048,-4.3020864,0.4707668713987035,-1.4841166175847085,-0.2379717073283167
2023-05-18,-120.498,-6.3919552543702265,-0.9416133158405114,-4.190084,0.4146568564085928,-1.3562701722491042,-0.2352983409638684
2023-05-19,-120.28,-6.188675751492164,-0.8705638677931927,-4.0787086,0.3586926739786944,-1.2292565417718873,-0.232556212702904
2023-05-20,-117.615,-3.539003984028886,-0.8002357696930462,-3.9611168,0.302892904205401,-1.1031286738984472,-0.2297446972629509
2023-05-21,-117.133,-3.0729367168219595,-0.7306620495460286,-3.8480756,0.2472757770383841,-0.9779378265844128,-0.226863186468166
2023-05-22,-119.866,-5.822470714712918,-0.6618743739979921,-3.7618518,0.1918591688997089,-0.8537335428977011,-0.2239110911684222
2023-05-23,-120.904,-6.877602742543335,-0.5939030283470871,-3.6799972,0.1366605997424333,-0.7305636280895205,-0.2208878431572597
2023-05-24,-120.838,-6.829329565154758,-0.526776898303311,-3.5891595,0.0816972305444808,-0.6084741288477918,-0.2177928970859958
2023-05-25,-115.449,-1.4586479473887333,-0.4605234535108365,-3.4904802,0.02698586123306,-0.4875093147438966,-0.2146257323712785
2023-05-26,-112.432,1.5394453459131632,-0.3951687328466008,-3.405813,-0.0274570709655824,-0.3677116618810184,-0.2113858550933734
2023-05-27,-116.433,-2.4810464500905947,-0.33073733150658,-3.3313951,-0.0816154927567549,-0.249121838749825,-0.2080727998824765
2023-05-28,-121.936,-8.004120100241584,-0.2672523898889757,-3.2664278,-0.1354736955944252,-0.1317786942945504,-0.2046861317903447
2023-05-29,-114.983,-1.071772369381347,-0.2047355842814668,-3.1742492,-0.1890163360914607,-0.015719248190006,-0.2012254481445575
2023-05-30,-120.458,-6.567869910623408,-0.1432071193574834,-3.0926294,-0.2422284360300565,0.099021316672573,-0.1976903803827319
2023-05-31,-111.488,2.3805150130001493,-0.082685722484343,-3.0132563,-0.2950953819798653,0.2124096594955222,-0.1940805958640223
2023-06-01,-114.223,-0.3766640339908995,-0.0231886398439108,-2.9400911,-0.3476029245317464,0.3244142846878355,-0.1903957996552729
2023-06-02,-114.764,-0.9404037896063726,0.0352683656356856,-2.8767712,-0.3997371771554784,0.435005542791164,-0.1866357362891982
2023-06-03,-115.848,-2.0477009918560154,0.0926710145409127,-2.8138525,-0.4514846146901607,0.5441556292310735,-0.1828001914920083
2023-06-04,-109.99,3.786447621250409,0.1490065094320309,-2.747297,-0.5028320714764315,0.6518385809084625,-0.1788889938779131
2023-06-05,-111.987,1.7650453117030835,0.2042635315085428,-2.6748571,-0.5537667391399848,0.7580302706485276,-0.1749020166079846
2023-06-06,-110.47,3.2571116138126577,0.2584322354909103,-2.6122937,-0.6042761640362346,0.862708399527145,-0.170839179010887
2023-06-07,-112.217,1.4846176871111685,0.3115042427306862,-2.5761552,-0.6543482443663132,0.9658524870969994,-0.1667004481630269
2023-06-08,-110.295,3.38059889845671,0.3634726325632874,-2.5186,-0.7039712269749112,1.0674438595381988,-0.1624858404257186
2023-06-09,-116.933,-3.2839735926186444,0.4143319319197218,-2.4903417,-0.753133703840788,1.1674656357605098,-0.1581954229370057
2023-06-10,-120.791,-7.1690806915771885,0.4640781032156336,-2.4446156,-0.8018246082710688,1.2659027114867023,-0.1538293150558326
2023-06-11,-113.973,-0.3787191364287141,0.5127085305380604,-2.399896,-0.8500332108107196,1.36274174134878,-0.1493876897563096
2023-06-12,-106.874,6.692130607137418,0.5602220041523164,-2.356274,-0.8977491148788663,1.4579711190311828,-0.1448707749698687
2023-06-13,-115.483,-1.9455603013467653,0.6066187033533715,-2.2930984,-0.94496225214386,1.5515809554972315,-0.1402788548731749
2023-06-14,-113.644,-0.1357727673435014,0.6519001776880741,-2.22973,-0.9916628776492162,1.6435630553372902,-0.1356122711197039
2023-06-15,-117.134,-3.65548725654224,0.6960693265764545,-2.1557853,-1.0378415647027872,1.7339108912792418,-0.1308714240129797
2023-06-16,-114.896,-1.4476997379241985,0.7391303773622446,-2.1040041,-1.0834891995416884,1.822619576903933,-0.1260567736195157
2023-06-17,-114.556,-1.13834195250475,0.7810888618245877,-2.0491374,-1.1285969757857148,1.9096858376103023,-0.1211688408195826
2023-06-18,-114.126,-0.7393640327910607,0.8219515911847203,-2.0276217,-1.17315638869211,1.9951079798768303,-0.116208208293992
2023-06-19,-118.076,-4.7207753934534304,0.8617266296431592,-2.0612392,-1.2171592292247124,2.078885858867872,-0.1111755214451676
2023-06-20,-121.131,-7.807679196736448,0.9004232664846756,-2.0329745,-1.2605975779506229,2.1610208444352983,-0.1060714892508382
2023-06-21,-118.855,-5.5638951711574105,0.938051986789972,-1.9817686,-1.3034637987776334,2.2415157855676053,-0.1008968850487826
2023-06-22,-120.957,-7.698581893104701,0.9746244407946456,-1.9180292,-1.3457505325457615,2.320374973340407,-0.0956525472511216
2023-06-23,-116.683,-3.457746003039732,1.0101534119375626,-1.8745272,-1.3874506904862924,2.397604102423855,-0.090339379986747
2023-06-24,-119.139,-5.946995757858488,1.0446527836423318,-1.8478471,-1.4285574475617888,2.4732102312041206,-0.0849583536705573
2023-06-25,-115.211,-2.0526649397523107,1.0781375048769988,-1.8030953,-1.469064235700553,2.547201740577552,-0.0795105054982545
2023-06-26,-120.108,-6.983511744228977,1.1106235545385328,-1.7498462,-1.508964736939062,2.6195882914775948,-0.073996939865552
2023-06-27,-115.477,-2.3868016709776128,1.1421279047100192,-1.6944342,-1.5482528764858636,2.690380781195883,-0.0684188287107256
2023-06-28,-116.116,-3.0605327944991982,1.1726684828397873,-1.6409353,-1.586922815720434,2.7595912985602213,-0.0627774117795367
2023-06-29,-118.334,-5.3129262325009385,1.202264132892937,-1.5773928,-1.624968945140432,2.8272330780333697,-0.0570739968116502
2023-06-30,-115.678,-2.6916335612211912,1.230934575526912,-1.5175416,-1.662385877270747,2.893320452797659,-0.0513099596477579
2023-07-01,-121.883,-8.93174786171354,1.258700367343888,-1.4669694,-1.6991684395476532,2.957868806891541,-0.0454867442567215
2023-07-02,-113.848,-0.9322562733733176,1.2855828592738066,-1.4067974,-1.7353116671913007,3.0208945264651077,-0.0396058626821423
2023-07-03,-118.945,-6.065011673961504,1.3116041541428576,-1.345369,-1.7708107960796586,3.082414950222516,-0.0336688949078588
2023-07-04,-116.496,-3.652019456759681,1.336787063483159,-1.2837857,-1.8056612556369016,3.14244831912006,-0.0276774886419806
2023-07-05,-112.115,0.6933868336160942,1.3611550636402152,-1.2325112,-1.8398586617490935,3.201013725389309,-0.0216333590191572
2023-07-06,-121.799,-9.026566011050528,1.3847322512355515,-1.1883775,-1.87339880971986,3.258131060955411,-0.0155382882208849
2023-07-07,-121.942,-9.205874251997455,1.4075432980426077,-1.1389257,-1.9062776672785549,3.3138209653211623,-0.0093941250137548
2023-07-08,-110.89,1.809763627003261,1.4296134053346452,-1.0881364,-1.938491367653265,3.36810477298791,-0.0032027842056426
2023-07-09,-109.863,2.8000616790268658,1.4509682577640015,-1.0517865,-1.9700362027207527,3.4210044604847543,0.0030337539800543
2023-07-10,-114.837,-2.211274090533503,1.4716339768324975,-1.0085297,-2.0009086162452374,3.472542593077735,0.0093134446119275
2023-07-11,-121.115,-8.526652435666131,1.491637074013279,-0.97251105,-2.031105197217675,3.5227422712309537,0.0156341788395156
2023-07-12,-118.578,-6.027112676083583,1.5110044035847032,-0.92599994,-2.060622673306933,3.571627076891636,0.0219937847632964
2023-07-13,-115.087,-2.573890954312608,1.5297631152371782,-0.88406193,-2.089457904434005,3.619221019671184,0.0283900283852159
2023-07-14,-113.62,-1.144983450972073,1.54794060651407,-0.83099496,-2.117607876480109,3.665548482994179,0.0348206146391391
2023-07-15,-115.306,-2.8692070985038534,1.565564475147943,-0.78379136,-2.145069695139241,3.710634170287184,0.0412831885005243
2023-07-16,-114.187,-1.7886368285750351,1.5826624713534378,-0.7507509,-2.171840579925428,3.754503051278866,0.047775336174513
2023-07-17,-114.186,-1.8261817751626523,1.59926245013812,-0.73194975,-2.1979178583446046,3.7971803084827247,0.0542945863615339
2023-07-18,-114.981,-2.6600132333888187,1.6153923236924987,-0.7063647,-2.22329896024073,3.838691283933229,0.0608384115994208
2023-07-19,-120.251,-7.968915233021274,1.6310800139203032,-0.67174965,-2.2479814123253683,3.879061426245672,0.0674042296809509
2023-07-20,-121.957,-9.71409020765586,1.6463534051698427,-0.63609064,-2.271962832899653,3.918316238069496,0.0739894051456111
2023-07-21,-117.933,-5.72902749026237,1.661240297226979,-0.60504013,-2.295240926777133,3.956481224004112,0.0805912508443085
2023-07-22,-118.32,-6.154683987989433,1.6757683586298622,-0.5584877,-2.317813480415684,3.9935818390455458,0.0872070295756478
2023-07-23,-116.143,-4.016196493825228,1.6899650803651205,-0.5228178,-2.339678357266195,4.029643437631315,0.0938339557923121
2023-07-24,-116.089,-4.000927600093661,1.7038577300046844,-0.4954351,-2.360833493345444,4.064691223350128,0.1004691973759816
2023-07-25,-114.061,-2.01175009103304,1.717473306341812,-0.48643246,-2.381276893040066,4.098750199381878,0.107109877479158
2023-07-26,-125.087,-13.076332933878763,1.730838494584231,-0.46864474,-2.401006625148198,4.131845119732429,0.1137530764321511
2023-07-27,-118.631,-6.658827852708194,1.743979622161556,-0.43362665,-2.4200208191648755,4.164000441326431,0.1203958337134253
2023-07-28,-118.186,-6.25213448317685,1.7569226152033532,-0.38380826,-2.4383176618168942,4.195240277020248,0.1270351499814024
2023-07-29,-117.879,-5.983572164540975,1.7696929557433403,-0.33376765,-2.4558953938523755,4.225588349595716,0.1336679891657485
2023-07-30,-113.727,-1.870168117422267,1.7823156397042557,-0.29660594,-2.472752307089833,4.255067946794089,0.140291280616093
2023-07-31,-109.47,2.3480795901658857,1.7948151357169433,-0.2731198,-2.4888867417311134,4.283701877448056,0.1469019213060475
2023-08-01,-117.587,-5.8078235547649815,1.8072153448261052,-0.24716939,-2.5042970839421,4.311512428768205,0.1534967780903278
2023-08-02,-113.4,-1.6598720325883236,1.819539561134061,-0.22435953,-2.5189817637046303,4.338521324838691,0.1600726900127073
2023-08-03,-116.246,-4.545062704506257,1.8318104334326075,-0.21346594,-2.532939252942617,4.364749686375225,0.1666264706624614
2023-08-04,-115.211,-3.5490788290839315,1.8440499278718792,-0.21308915,-2.54616806392488,4.390217991796759,0.1731549105769013
2023-08-05,-112.258,-0.6351866734830103,1.856279291713716,-0.20284209,-2.5586667479467504,4.4149460396604665,0.1796547796875313
2023-08-06,-118.061,-6.477414330347036,1.868519018215728,-0.19387391,-2.570433894292034,4.438952912507762,0.1861228298073038
2023-08-07,-115.643,-4.098713381367476,1.8807888126907613,-0.18529163,-2.5814681294764315,4.462256942167192,0.192555797156392
2023-08-08,-112.02,-0.5151205526512288,1.893107559785037,-0.18434118,-2.591768116773076,4.484875676558113,0.1989504049238458
2023-08-09,-111.721,-0.2556331921446273,1.90549329201661,-0.18236339,-2.60133255602035,4.50682584803696,0.2053033658624456
2023-08-10,-109.488,1.9377530711382904,1.9179631596143176,-0.1718275,-2.6101601837116832,4.528123343326001,0.2116113849140221
2023-08-11,-116.281,-4.894957391816543,1.9305334016956144,-0.15544495,-2.6182497733665677,4.548783175062182,0.2178711618624667
2023-08-12,-118.93,-7.583402004334944,1.9432193188201163,-0.12664627,-2.62560013618155,4.568819455001666,0.2240793940116171
2023-08-13,-114.88,-3.5726419075748,1.9560352469538709,-0.103652075,-2.6322101219595053,4.588245368913376,0.2302327788851608
2023-08-14,-113.979,-2.710947948076785,1.9689945328776173,-0.07320902,-2.638078620315031,4.6070731531926485,0.2363280169456735
2023-08-15,-107.859,3.369684340093092,1.9821095110704907,-0.0401961,-2.643204562153332,4.625314073223823,0.2423618143298699
2023-08-16,-111.546,-0.3567405771311804,1.9953914820987535,-0.018827394,-2.6475869214195398,4.642978403518293,0.2483308855971238
2023-08-17,-111.994,-0.8442182338155648,2.008850692537252,-0.009036292,-2.6512247171149173,4.660075409652169,0.2542319564882868
2023-08-18,-116.045,-4.934744164026068,2.0224963164493683,0.011298878,-2.654117015576014,4.676613332025383,0.2600617666918168
2023-08-19,-114.938,-3.86730323553551,2.0363364384492835,0.032407068,-2.6562629330123357,4.692599371461618,0.2658170726142105
2023-08-20,-111.73,-0.6988829126836666,2.050378038368367,-0.0056963568,-2.6576616382977023,4.708039676666069,0.2714946501517199
2023-08-21,-107.89,3.101503327123253,2.064626977545513,-0.13014904,-2.6583123560100548,4.722939333555567,0.2770912974603254
2023-08-22,-112.89,-1.9381400458695743,2.0790879867591805,-0.16071235,-2.6582143697139853,4.737302356473165,0.2826038377209287
2023-08-23,-113.011,-2.098808561416964,2.0937646558168503,-0.13983582,-2.657367025479957,4.751131681296807,0.2880291218967346
2023-08-24,-120.027,-9.15449774927375,2.108659424815537,-0.10392397,-2.655769735633688,4.764429160449225,0.2933640314797763
2023-08-25,-111.638,-0.8048664555751337,2.123773577084845,-0.068543434,-2.6534219827288408,4.777195559813686,0.2986054812235645
2023-08-26,-114.021,-3.227237744684153,2.139107233822044,-0.02365594,-2.650323323735757,4.789430557557801,0.3037504218588334
2023-08-27,-113.087,-2.332943780116894,2.154659350426376,0.022260074,-2.646473394438602,4.801132744864978,0.3087958427893718
2023-08-28,-112.914,-2.1996525071616304,2.1704277145378232,0.068776235,-2.641871914032944,4.812299628570767,0.313738774764951
2023-08-29,-115.961,-5.286359455573137,2.186408945783284,0.098398596,-2.636518689915407,4.822927635698691,0.3185762925283728
2023-08-30,-114.477,-3.841723471486612,2.2025984972310626,0.114015065,-2.6304136226567567,4.833012119887819,0.3233055174336846
2023-08-31,-112.623,-2.027067619265135,2.2189906585523667,0.10475708,-2.6235567111493765,4.842547369701743,0.3279236200326411
2023-09-01,-115.673,-5.116387378805147,2.2355785608863905,-0.0018127874,-2.6159480579198666,4.851526618806258,0.3324278226265129
2023-09-02,-101.95,8.567429444121258,2.2523541834034013,-0.06601431,-2.6075878745971104,4.859942058000511,0.3368154017803859
2023-09-03,-111.601,-1.1227365851284574,2.269308361558119,-0.09973572,-2.5984764875259443,4.867784849084064,0.3410836907971234
2023-09-04,-107.183,3.256138806611001,2.28643079702354,-0.09057227,-2.5886143435162308,4.87504514053977,0.345230082148211
2023-09-05,-109.767,0.6330406383243501,2.3037100692932464,-0.070840694,-2.5780020157169248,4.881712085010172,0.3492520298587395
2023-09-06,-119.946,-9.58500650365758,2.3211336489381287,-0.037621684,-2.566640209604448,4.887773858542577,0.3531470518438375
2023-09-07,-108.731,1.5910363962943874,2.338687912501359,0.009738517,-2.554529769074456,4.893217681575815,0.3569127321939119
2023-09-08,-116.686,-6.402894165506828,2.3563581590134084,0.05477818,-2.541671682625899,4.898029841639307,0.3605467234060993
2023-09-09,-111.59,-1.3457256199565384,2.374128628106799,0.09682962,-2.528067089626039,4.9021957177328375,0.3640467485594069
2023-09-10,-116.129,-5.923486985268017,2.391982519708327,0.13010564,-2.513717286644924,4.905699806353251,0.3674106034310625
2023-09-11,-114.373,-4.205966485268315,2.409902015284416,0.14937359,-2.498623733847643,4.908525749132059,0.3706361585516676
2023-09-12,-106.991,3.1376388059405524,2.427868300613372,0.16243249,-2.4827880614325477,4.910656362045919,0.3737213611968077
2023-09-13,-106.997,3.0933136297755075,2.445861590056289,0.18585855,-2.4662120761034583,4.912073666159747,0.3766642373128458
2023-09-14,-106.997,3.046781880024876,2.463861152296533,0.21190293,-2.4488977675638006,4.912758919860334,0.3794628933746932
2023-09-15,-106.997,3.0003771375942723,2.481845337515777,0.22979046,-2.430847315020456,4.912692652536233,0.3821155181734289
2023-09-16,-106.997,2.954103517218879,2.499791605972795,0.25435063,-2.412063093685082,4.911854699657877,0.3846203845317127
2023-09-17,-106.997,2.907965136524965,2.5176765579494047,0.27299428,-2.392547681260546,4.910224239209951,0.3869758509450201
2023-09-18,-106.997,2.861966116058923,2.535475965026188,0.29258054,-2.3723038644000884,4.907779829426277,0.3891803631468014
2023-09-19,-106.997,2.816110579315633,2.5531648026489324,0.32006216,-2.3513346451267654,4.904499447775698,0.3912324555957609
2023-09-20,-106.997,2.770402652766454,2.5707172839450845,0.33575365,-2.329643247200757,4.900360531145841,0.3931307528835311
2023-09-21,-106.997,2.7248464658869818,2.5881068947478503,0.33415002,-2.307233122422056,4.895340017169906,0.3948739710611061
2023-09-22,-106.997,2.6794461511841963,2.6053064297840947,0.3294889,-2.28410795685612,4.889414386640215,0.3964609188824928
2023-09-23,-106.997,2.6342058442230805,2.6222880299806213,0.33416185,-2.2602716769700875,4.882559706950708,0.397890498964124
2023-09-24,-106.997,2.589129683653147,2.639023220841972,0.33341375,-2.235728455667194,4.874751676509167,0.3991617088586789
2023-09-25,-106.997,2.544221811234276,2.655482951851546,0.16384666,-2.210482718207116,4.865965670058662,0.4002736420420443
2023-09-26,-106.997,2.4994863718621705,2.671637636846408,0.05585243,-2.1845391480000216,4.856176784846429,0.4012254888122571
2023-09-27,-106.997,2.454927513593409,2.687457195314974,0.02147142,-2.1579026922622515,4.845359887577226,0.4020165370993516
2023-09-28,-106.997,2.410549387670131,2.702911094565458,0.029708628,-2.130578567521637,4.833489662087095,0.402646173185158
2023-09-29,-106.997,2.3663561485441607,2.717968392711884,-0.0066926884,-2.1025722649605814,4.820540657672465,0.4031138823321737
2023-09-30,-106.997,2.3223519539009043,2.7325977824233365,-0.06473782,-2.073889555585257,4.806487338008594,0.4034192493207543
2023-10-01,-106.997,2.278540964682569,2.746767635381091,-0.077719264,-2.044536495209333,4.791304130590424,0.4035619588939595
2023-10-02,-106.997,2.2349273451111324,2.760446047387356,-0.088003725,-2.0145194292409268,4.7749654766282825,0.4035417961094993
2023-10-03,-106.997,2.191515262710899,2.7736008840684034,-0.12076817,-1.9838449972615988,4.7574458813300025,0.4033586465983316
2023-10-04,-106.997,2.148308888330452,2.786199827114117,-0.096075214,-1.9525201373864831,4.738719964500601,0.4030124967295637
2023-10-05,-106.997,2.1053123961644493,2.79821042099517,-0.08068979,-1.9205520903948263,4.718762511389997,0.4025034336814223
2023-10-06,-106.997,2.0625299637746632,2.8096001200984047,-0.050855245,-1.8879484036204952,4.6975485237189,0.4018316454181555
2023-10-07,-106.997,2.019965772110913,2.820336336220391,-0.011675188,-1.854716934592234,4.675053270812625,0.4009974205728441
2023-10-08,-106.997,1.9776240055313623,2.830386486358546,0.027132526,-1.820865854413782,4.651252340772328,0.4000011482362002
2023-10-09,-106.997,1.935508851822544,2.839718040738831,-0.04785671,-1.7864036508741727,4.626121691613004,0.3988433176515448
2023-10-10,-106.997,1.893624502218672,2.848298571018552,-0.17698036,-1.7513391312789268,4.599637702297479,0.3975245178162521
2023-10-11,-106.997,1.8519751514209395,2.8560957986025706,-0.2749395,-1.7156814249930952,4.5717772235956655,0.3960454369900682
2023-10-12,-106.997,1.810564997616072,2.863077643010931,-0.28280854,-1.6794399856874884,4.54251762869842,0.3944068621108007
2023-10-13,-106.997,1.7693982424945869,2.869212270235792,-0.28169638,-1.6426245932797354,4.511836863515527,0.3926096781180031
2023-10-14,-106.997,1.728479091268552,2.874468141025432,-0.26439106,-1.6052453555622013,4.479713496587633,0.3906548671853562
2023-10-15,-106.997,1.6878117526890888,2.8788140590331204,-0.23840241,-1.5673127095091322,4.4461267685422525,0.3885435078625767
2023-10-16,-106.997,1.6474004390630776,2.882219218768689,-0.36168423,-1.5288374222557986,4.411056641024488,0.3862767741277678
2023-10-17,-106.997,1.607249366270012,2.8846532532908014,-0.3537746,-1.4898305917427823,4.374483845033584,0.3838559343512449
2023-10-18,-106.997,1.567362753777859,2.8860862815781085,-0.34787595,-1.450303647018954,4.336389928597063,0.3812823501719501
2023-10-19,-106.997,1.5277448246587229,2.886488955517829,-0.32453454,-1.4102683481971077,4.296757303714936,0.3785574752876908
2023-10-20,-106.997,1.4883998056042955,2.8858325064505816,-0.28084278,-1.3697367860566343,4.255569292507216,0.3756828541605156
2023-10-21,-106.997,1.4493319269404434,2.884088791210829,-0.24523887,-1.32872138128804,4.21281017249887,0.3726601206386538
2023-10-22,-106.997,1.4105454226417642,2.8812303376027497,-0.3101326,-1.2872348833745555,4.168465220977305,0.3694909964965248
2023-10-23,-106.997,1.3720445303454731,2.8772303892519666,-0.30633935,-1.2452903691065405,4.122520758358507,0.3661772898944305
2023-10-24,-106.997,1.3338334913649632,2.8720629497742607,-0.3126683,-1.202901240724814,4.074964190499075,0.3627208937596242
2023-10-25,-106.997,1.29591655070287,2.8657028262030773,-0.4397104,-1.160081223689538,4.025784049892615,0.3591237840905393
2023-10-26,-106.997,1.258297957063875,2.858125671618506,-0.44276154,-1.1168443640717074,3.974970035690213,0.3553880181860621
2023-10-27,-106.997,1.2209819628668628,2.849308026921252,-0.4154264,-1.0732050255648125,3.9225130524860647,0.3515157328017981
2023-10-28,-106.997,1.1839728242567746,2.8392273616960977,-0.38602164,-1.029177886114681,3.868405247810778,0.3475091422353715
2023-10-29,-106.997,1.1472748011160083,2.8278621141103693,-0.36214748,-0.9847779341660176,3.812640048276387,0.3433705363428909
2023-10-30,-106.997,1.110892157075484,2.815191729794003,-0.33145195,-0.9400204645246316,3.7552121943186343,0.3391022784887639
2023-10-31,-106.997,1.0748291595250512,2.801196699648972,-0.29228118,-0.8949210738348343,3.696117773483806,0.3347068034311495
2023-11-01,-106.997,1.039090079623743,2.7858585965370537,-0.25197387,-0.84949565567198,3.6353542522090336,0.3301866151453834
2023-11-02,-106.997,1.0036791923094022,2.7691601107962103,-0.352492,-0.8037603952506278,3.572920506046838,0.325544284587798
2023-11-03,-106.997,0.9686007763079818,2.7510850845371766,-0.3400675,-0.7577317637492859,3.5088168482864623,0.3207824474024164
2023-11-04,-106.997,0.9338591141424456,2.731618544673295,-0.41129866,-0.7114265122532093,3.443045056926504,0.3159038015730702
2023-11-05,-106.997,0.8994584921410338,2.7107467346380782,-0.5166258,-0.6648616653172085,3.375608399955287,0.3109111050235438
2023-11-06,-106.997,0.8654032004454484,2.688457144746513,-0.91012985,-0.6180545141509363,3.306511658897449,0.3058071731684118
2023-11-07,-106.997,0.8316975330182537,2.6647385411576945,-0.95681316,-0.5710226094296087,3.235761150587303,0.3005948764172901
2023-11-08,-106.997,0.7983457876501712,2.639580993398036,-0.9475416,-0.5237837537336187,3.163364747131655,0.2952771376352684
2023-11-09,-106.997,0.7653522659666852,2.6129759004059383,-0.944423,-0.4763559936209849,3.089331894026923,0.2898569295623436
2023-11-10,-106.997,0.732721273434354,2.584916015060611,-0.9564917,-0.4287576113370783,3.013673626397689,0.2843372721947179
2023-11-11,-106.997,0.7004571193666482,2.5553954671594363,-0.9868997,-0.3810071161665597,2.936402583325996,0.2787212301308625
2023-11-12,-106.997,0.6685641169295371,2.524409784810173,-0.9820845,-0.3331232354329314,2.8575330202431046,0.2730119098852948
2023-11-13,-106.997,0.6370465831462626,2.491955914206122,-1.039342,-0.2851249051515947,2.777080819357717,0.2672124571730382
2023-11-14,-106.997,0.605908838902038,2.4580322377543142,-1.0937432,-0.2370312603427867,2.695063498097101,0.2613260541677747
2023-11-15,-106.997,0.5751552089483072,2.422638590528721,-1.1034691,-0.1888616250112211,2.6115002155399427,0.2553559167367268
2023-11-16,-106.997,0.5447900219062793,2.385776275022496,-1.1365726,-0.140635501799737,2.526411776822233,0.2493052916553211
2023-11-17,-106.997,0.514817610270323,2.347448074175257,-1.1204457,-0.0923725613247043,2.439820635499961,0.2431774538047135
2023-11-18,-106.997,0.4852423104109027,2.307658262653513,-1.3426858,-0.0440926312013808,2.351750893854894,0.2369757033552701
2023-11-19,-106.997,0.4560684625769458,2.266412616364382,-1.5102994,0.004184315232118,2.262228301132264,0.230703362939107
2023-11-20,-106.997,0.4273004108978089,2.2237184201849,-1.4839871,0.0524381704831934,2.1712802497017067,0.2243637748148074
2023-11-21,-106.997,0.3989425033850562,2.17958447389134,-1.4741441,0.1006487047559619,2.078935769135378,0.2179602980274335
2023-11-22,-106.997,0.3709990919334913,2.134021096275132,-1.4571046,0.1487955780753809,1.985225518199751,0.2114963055669531
2023-11-23,-106.997,0.3434745323219008,2.08704012743414,-1.4329846,0.1968583526739906,1.8901817747601493,0.2049751815282036
2023-11-24,-106.997,0.3163731842134325,2.038654929230284,-1.3956432,0.2448165056305683,1.7938384235997151,0.1984003182755012
2023-11-25,-106.997,0.2896994111554569,1.9888803839066571,-1.3573124,0.2926494417496074,1.6962309421570498,0.1917751136150031
2023-11-26,-106.997,0.2634575805790469,1.9377328908595803,-1.3201205,0.3403365066701718,1.5973963841894083,0.1851029679779077
2023-11-27,-106.997,0.2376520637979418,1.8852303615631871,-1.2871919,0.3878570001923159,1.4973733613708713,0.1783872816175669
2023-11-28,-106.997,0.21228723600729,1.831392212646474,-1.2573425,0.4351901898089123,1.3962020228375618,0.171631451823562
2023-11-29,-106.997,0.187367476281695,1.7762393571248738,-1.23793,0.4823153244304027,1.2939240326944712,0.1648388701557697
2023-11-30,-106.997,0.1628971675730852,1.7197941937907917,-1.2950954,0.529211648289669,1.1905825455011223,0.158012919701414
2023-12-01,-106.997,0.1388806967079485,1.6620805947696546,-1.4122574,0.5758584150139143,1.0862221797557403,0.1511569723580754
2023-12-02,-106.997,0.1153224543843443,1.603123891250377,-1.6773835,0.6222349018501562,0.9808889894002204,0.1442743861455857
2023-12-03,-106.997,0.0922268351682795,1.542950857401291,-2.109773,0.6683204240306622,0.8746304333706285,0.1373685025497013
2023-12-04,-106.997,0.069598237489787,1.4815896924848742,-2.1616416,0.7140943492643915,0.7674953432204826,0.1304426439004083
2023-12-05,-106.997,0.0474410636386029,1.4190700011867894,-2.2062554,0.7595361123402702,0.6595338888465192,0.1235001107876596
2023-12-06,-106.997,0.0257597197593515,1.3554227721769465,-2.4191854,0.8046252298278894,0.5507975423490569,0.1165441795173039
2023-12-07,-106.997,0.0045586158461841,1.2906803549224852,-2.660598,0.8493413148610124,0.4413390400614728,0.10957809960991
2023-12-08,-106.997,-0.0161578342626764,1.2248764347747352,-2.6470554,0.8936640919890771,0.331212342785658,0.1026050913451314
2023-12-09,-106.997,-0.0363852128910657,1.1580460063543394,-2.634429,0.937573412081696,0.2204725942726433,0.0956283433542065
2023-12-10,-106.997,-0.0561190985315871,1.0902253452608313,-2.6697636,0.981049267271002,0.1091760779898292,0.0886510102631144
2023-12-11,-106.997,-0.0753550658522232,1.0214519781350615,-2.6533525,1.024071805916539,-0.0026198277814772,0.0816762103888579
2023-12-12,-106.997,-0.0940886857039107,0.951764651104889,-2.6263516,1.0666213475772637,-0.1148566964723745,0.0747070234912642
2023-12-13,-106.997,-0.1123155251283716,0.8812032966466038,-2.602894,1.1086783979751251,-0.2274751013285213,0.0677464885826287
2023-12-14,-106.997,-0.1300311473660773,0.8098089988964967,-2.5728948,1.1502236639345875,-0.3404146650380908,0.0607976017974551
2023-12-15,-106.997,-0.1472311118651443,0.7376239574489739,-2.5322175,1.1912380682823878,-0.4536141108334138,0.0538633143244686
2023-12-16,-106.997,-0.1639109742902977,0.6646914496794794,-2.4872618,1.2317027646917704,-0.5670113150122911,0.0469465304029956
2023-12-17,-106.997,-0.1800662865323214,0.591055791632389,-2.4782505,1.271599152455394,-0.680543360823005,0.0400501053857304
2023-12-18,-106.997,-0.1956925967180716,0.5167622975158319,-2.6229973,1.3109088911710916,-0.7941465936552596,0.0331768438698216
2023-12-19,-106.997,-0.2107854492207277,0.4418572378471709,-2.9677055,1.349613915324662,-0.9077566774774912,0.0263294978981207
2023-12-20,-106.997,-0.2253403846706803,0.3663877962945999,-3.101057,1.3876964487538836,-1.0213086524592838,0.019510765232361
2023-12-21,-106.997,-0.2393529399666292,0.2904020252619882,-3.0675452,1.4251390189779856,-1.1347369937159972,0.0127232876999265
2023-12-22,-106.997,-0.2528186482872101,0.2139488002657021,-3.0687747,1.461924471376857,-1.2479756711111551,0.0059696496157994
2023-12-23,-106.997,-0.265733039103134,0.1370777731537194,-3.0522728,1.4980359832043504,-1.360958210050631,-0.0007476237188409
2023-12-24,-106.997,-0.2780916381896521,0.0598393242188309,-3.0439045,1.5334570774201266,-1.4736177532012955,-0.0074260674399703
2023-12-25,-106.997,-0.2898899676392865,-0.0177154867408121,-3.0584862,1.5681716363245977,-1.58588712306541,-0.0140632784647347
2023-12-26,-106.997,-0.3011235458754733,-0.0955349703591735,-3.0683894,1.6021639149816485,-1.697698885340822,-0.0206569167549365
2023-12-27,-106.997,-0.3117878876660338,-0.173566858581879,-3.245312,1.6354185544139728,-1.808985412995852,-0.0272047064988966
2023-12-28,-106.997,-0.3218785041374907,-0.2517583564306201,-3.2743318,1.667920594556003,-1.919678950986623,-0.0337044372107011
2023-12-29,-106.997,-0.3313909027897068,-0.3300561945940138,-3.4001331,1.6996554869496237,-2.0297116815436373,-0.0401539647459438
2023-12-30,-106.997,-0.3403205875108863,-0.4084066827854026,-3.5053163,1.7306091071680327,-2.139015789953435,-0.0465512122331781
2023-12-31,-106.997,-0.3486630585929458,-0.4867557638070101,-3.4591198,1.76076776695334,-2.2475235307603505,-0.0528941709203935
