date,gps_raw_up_mm,gps_detrended_mm,gps_seasonal_mm,hydl_original_up_mm,hydl_seasonal_mm,gps_minus_hydl_mm,poroelastic_mm
2021-01-01,867.97,-3.027701203765736,-0.3198602179670146,-6.373407,0.2974335874312924,-0.617293805398307,0.0272110085076793
2021-01-02,873.0369999999999,2.028411141279601,-0.3791151501788712,-6.3990026,0.3519462252527721,-0.7310613754316433,0.0137386652784233
2021-01-03,876.097,5.077413862322786,-0.4384618866647922,-6.411188,0.4064936032662828,-0.8449554899310752,0.0002485649761659
2021-01-04,878.916,7.885023514797073,-0.4978875578949055,-6.5269547,0.4610528085427443,-0.9589403664376498,-0.0132534695237689
2021-01-05,869.669,-1.3735981583314372,-0.5573788434872532,-6.5366244,0.5156007750489651,-1.0729796185362184,-0.0267615923178146
2021-01-06,867.086,-3.968372088619789,-0.6169219736335414,-6.533416,0.5701142989680357,-1.187036272601577,-0.0402699370315119
2021-01-07,867.231,-3.834397791663015,-0.6765027312586016,-6.506276,0.6245700542234813,-1.301072785482083,-0.0537726194092931
2021-01-08,866.6740000000001,-4.4030263056324825,-0.7361064549140945,-6.49313,0.6789446081919561,-1.4150510631060509,-0.0672637399358163
2021-01-09,867.093,-3.9957877332466696,-0.7957180424060232,-6.461597,0.733214437588985,-1.528932479995008,-0.080737386487951
2021-01-10,865.756,-5.344625218597643,-0.85532195515461,-6.451845,0.7873559445120623,-1.6426778996666722,-0.0941876370164598
2021-01-11,867.727,-3.3853602090350083,-0.9149022232840746,-6.435685,0.8413454726251974,-1.756247695909272,-0.1076085622563788
2021-01-12,867.451,-3.6732915459575626,-0.9744424514388844,-6.46431,0.8951593234688376,-1.8696017749077225,-0.1209942284650561
2021-01-13,872.104,0.9673331151878904,-1.033925825322036,-6.483647,0.9487737728788896,-1.9826995982009257,-0.1343387001867739
2021-01-14,866.367,-4.782161491062519,-1.0933351189499312,-6.432783,1.0021650874984638,-2.0955002064483947,-0.1476360430428173
2021-01-15,869.5319999999999,-1.6296807491050505,-1.152652702617448,-6.401357,1.055309541365797,-2.2079622439832445,-0.1608803265458271
2021-01-16,876.51,5.335801942763306,-1.2118605515658172,-6.3544354,1.1081834325617237,-2.3200439841275404,-0.1740656269372261
2021-01-17,868.19,-2.997164016646176,-1.2709402553449616,-6.31142,1.160763099899969,-2.4317033552449305,-0.1871860300464553
2021-01-18,871.6819999999999,0.4817829731549405,-1.329873027860992,-6.265357,1.2130249396434722,-2.542897967504464,-0.2002356341707329
2021-01-19,873.3910000000001,2.177409080510774,-1.3886397180986056,-6.2428784,1.2649454222298817,-2.653585140328487,-0.2132085529739851
2021-01-20,877.948,6.720778105066513,-1.4472208215072273,-6.216944,1.316501108989365,-2.763721930496592,-0.226098918403575
2021-01-21,874.7080000000001,3.4667058664855945,-1.50559649203878,-6.1981044,1.367668668837832,-2.8732651608766124,-0.2389008836233991
2021-01-22,874.908,3.652285816647468,-1.5637465548241063,-6.2309923,1.4184248949287015,-2.982171449752808,-0.2516086259618886
2021-01-23,877.9240000000001,6.653727175517974,-1.6216505194741495,-6.2613177,1.4687467212463636,-3.090397240720513,-0.2642163498734114
2021-01-24,869.4490000000001,-1.835851561916776,-1.679287593991149,-6.271543,1.5186112391245343,-3.1978988331156835,-0.2767182899115256
2021-01-25,817.354,-53.94572596689613,-1.7366366992742566,-6.5529113,1.56799571367278,-3.3046324129470364,-0.2891087137125003
2021-01-26,879.177,7.862590776552153,-1.7936764842031496,-6.5687313,1.616877600094556,-3.4105540842977056,-0.3013819249874833
2021-01-27,871.464,0.1344420051400296,-1.850385341282407,-7.389892,1.6652345598802456,-3.5156199011626525,-0.3135322665216469
2021-01-28,868.208,-3.136839427788084,-1.9067414228286157,-8.302467,1.7130444768587665,-3.6197858996873817,-0.3255541231786216
2021-01-29,865.7080000000001,-5.65229081838809,-1.962722657681446,-8.7894745,1.7602854730915003,-3.7230081307729455,-0.3374419249084779
2021-01-30,870.724,-0.6518697791404078,-2.018306768419161,-8.764788,1.8069359245924528,-3.8252426930116137,-0.3491901497574869
2021-01-31,864.8639999999999,-6.527690733155999,-2.073471289058317,-8.740588,1.8529744768587075,-3.926445765917024,-0.3607933268778588
2021-02-01,874.803,3.3955089388433537,-2.128193583216758,-8.728365,1.8983800601954983,-4.026573643412257,-0.3722460395356237
2021-02-02,872.93,1.5068607716115805,-2.1824508627182704,-8.787042,1.9431319048203863,-4.125582767538656,-0.3835429281147754
2021-02-03,871.0790000000001,-0.3600064862767009,-2.236220206616728,-8.780962,1.987209555731307,-4.223429762348035,-0.3946786931158008
2021-02-04,865.911,-5.544417995364615,-2.289478580616863,-8.738223,2.030592887323483,-4.3200714679403465,-0.405648098146645
2021-02-05,862.996,-8.475890955137057,-2.3422028568682816,-8.697792,2.073262117740509,-4.41546497460879,-0.4164459729041695
2021-02-06,863.56,-7.928361796769176,-2.394369834108765,-8.6514435,2.11519782294516,-4.509567657053925,-0.4270672161441174
2021-02-07,867.877,-3.627823341518913,-2.445956258132385,-8.605505,2.1563809504958207,-4.602337208628206,-0.4375067986375776
2021-02-08,869.231,-2.290314007347793,-2.4969388425575176,-8.544379,2.1967928330147504,-4.693731675572268,-0.4477597661119155
2021-02-09,875.067,3.5291695200987805,-2.547294289869304,-8.491277,2.2364152013347134,-4.783709491204018,-0.4578212421741255
2021-02-10,868.265,-3.289458772086172,-2.596999312710789,-8.434713,2.27523019731092,-4.872229510021709,-0.4676864312145173
2021-02-11,871.275,-0.296256147471583,-2.6460306553964923,-8.428675,2.3132203862855154,-4.959251041682007,-0.4773506212886561
2021-02-12,866.417,-5.171058358995356,-2.6943651156218857,-8.712558,2.350368769192329,-5.044733884814215,-0.486809186975445
2021-02-13,879.669,8.064196829620478,-2.7419795663418736,-8.8842745,2.386658794289916,-5.12863836063179,-0.4960575922092189
2021-02-14,865.165,-6.456929769853626,-2.788850977791149,-8.867033,2.422074368511403,-5.210925346302552,-0.505091393083716
2021-02-15,873.694,2.054982891041762,-2.8349564396189844,-8.916769,2.456599868420048,-5.291556308039032,-0.5139062406257813
2021-02-16,871.362,-0.2942818960405589,-2.880273183110868,-8.901793,2.4902201507598467,-5.370493333870715,-0.5224978835366332
2021-02-17,870.133,-1.5404781858718772,-2.9247786034691776,-8.859628,2.522920562591036,-5.447699166060214,-0.53086217089853
2021-02-18,858.125,-13.565712990421614,-2.968450282124946,-8.8215475,2.5546869510007406,-5.523137233125686,-0.5389950548446678
2021-02-19,868.98,-2.7278523295948016,-3.011266009052697,-8.830792,2.585505672379516,-5.596771681432212,-0.546892593190122
2021-02-20,869.134,-2.5907448345938846,-3.053203805060236,-8.84788,2.6153636012550443,-5.66856740631528,-0.5545509520216614
2021-02-21,862.5690000000001,-9.172505710026158,-3.094241944025236,-8.822029,2.6442481386747114,-5.738490082699947,-0.5619664082442516
2021-02-22,866.643,-5.11506842803454,-3.134358975050516,-8.796416,2.672147220129303,-5.806506195179819,-0.5691353520820736
2021-02-23,871.746,-0.0292366160872692,-3.1735337445098835,-8.75703,2.6990493230105885,-5.872583067520472,-0.5760542895318811
2021-02-24,861.765,-10.0274034266757,-3.2117454179565503,-8.70473,2.72494347359608,-5.936688891552631,-0.582719844766534
2021-02-25,862.1,-9.709463596199653,-3.248973501866207,-8.666754,2.749819253554767,-5.998792755420974,-0.5891287624865515
2021-02-26,868.198,-3.628453856348149,-3.2851978651869995,-8.637229,2.773666805968192,-6.058864671155192,-0.5952779102175327
2021-02-27,869.407,-2.436367881529404,-3.3203987606688465,-8.59172,2.796476840861764,-6.1168756015306105,-0.6011642805513213
2021-02-28,869.0649999999999,-2.794953745901797,-3.3545568459447725,-8.551383,2.818240640241753,-6.172797486186526,-0.6067849933287817
2021-03-01,874.106,2.2293197159750777,-3.3876532043371337,-8.493211,2.8389500626339683,-6.226603266971102,-0.6121372977621087
2021-03-02,870.7629999999999,-1.130517927121164,-3.4196693653619845,-8.429325,2.8585975471206857,-6.27826691248267,-0.6172185744945651
2021-03-03,874.41,2.499568844630364,-3.4505873249050936,-8.373402,2.8771761168729504,-6.327763441778044,-0.6220263375956099
2021-03-04,872.675,0.7476621694712247,-3.480389565043549,-8.318074,2.8946793821759367,-6.375068947219486,-0.6265582364893707
2021-03-05,866.93,-5.014155656758431,-3.509059073487175,-8.270323,2.911101542945629,-6.4201606164328044,-0.6308120578144615
2021-03-06,868.27,-3.690972134832252,-3.5365793626145945,-8.255422,2.926437390735652,-6.463016753350246,-0.6347857272131608
2021-03-07,864.568,-7.409718655994927,-3.562934488079052,-8.195097,2.9406823102336404,-6.5036167983126925,-0.6384773110480119
2021-03-08,868.71,-3.284391271870149,-3.588109066959694,-8.145087,2.953832280247118,-6.541941347206812,-0.6418850180439273
2021-03-09,871.459,-0.5521477721324599,-3.612088295434583,-8.117465,2.965883874179432,-6.577972169614014,-0.6450072008539189
2021-03-10,860.279,-11.748927112780176,-3.634857965952148,-8.371537,2.976834259996823,-6.611692225948971,-0.6478423575466205
2021-03-11,845.244,-26.800534633172788,-3.6564044838784935,-8.403474,2.9866811996883293,-6.643085683566823,-0.6503891330138019
2021-03-12,864.12,-7.941051247334738,-3.6767148835985433,-8.391574,2.995423048220743,-6.672137931819286,-0.652646320296116
2021-03-13,867.3539999999999,-4.723461311678827,-3.695776844049637,-8.368397,3.0030587519914107,-6.698835596041048,-0.6546128618253747
2021-03-14,869.527,-2.566990240991931,-3.713578703666927,-8.389401,3.009587846782241,-6.723166550449168,-0.6562878505816871
2021-03-15,867.1450000000001,-4.965860606977378,-3.73010947472057,-8.596418,3.0150104552188086,-6.745119929939379,-0.657670531163837
2021-03-16,870.265,-1.862679922889102,-3.7453588570254817,-8.565607,3.0193272837390115,-6.764686140764493,-0.6587603007713582
2021-03-17,870.644,-1.5003062292931055,-3.759317251005147,-8.521066,3.0225396190762623,-6.781856870081409,-0.6595567100967759
2021-03-18,874.8430000000001,2.6822932404354862,-3.771975770091799,-8.503509,3.024649324262738,-6.796625094354537,-0.6600594641265716
2021-03-19,870.645,-1.53208854902823,-3.7833262524460216,-8.70061,3.025658834158737,-6.808985086604759,-0.6602684228494806
2021-03-20,868.0250000000001,-4.168408985966323,-3.7933612719797503,-8.803326,3.025571150514703,-6.818932422494454,-0.6601836018707732
2021-03-21,865.495,-6.714733892326285,-3.802074148667383,-8.729615,3.024389836572994,-6.826463985240377,-0.6598051729312561
2021-03-22,864.112,-8.11394296161265,-3.8094589581306857,-8.692684,3.0221190112169705,-6.831577969347656,-0.6591334643297816
2021-03-23,869.623,-2.6187852008436163,-3.815510540484,-8.684701,3.0187633426754656,-6.834273883159466,-0.6581689612481166
2021-03-24,867.768,-4.489189328299713,-3.820224508427178,-8.649402,3.0143280417911797,-6.8345525502183575,-0.6569123059771
2021-03-25,876.715,4.442408870704979,-3.8235972545746337,-8.639076,3.00881885486202,-6.832416109436654,-0.6553642980430726
2021-03-26,867.706,-4.582000626575735,-3.8256259580097542,-8.605254,3.002242056064852,-6.827868014074607,-0.6535258942336544
2021-03-27,864.906,-7.39734053619734,-3.826308590054999,-8.538446,2.9946044394715705,-6.82091302952657,-0.651398208521995
2021-03-28,866.5169999999999,-5.801557597492694,-3.825643919248797,-8.483557,2.9859133106678533,-6.81155722991665,-0.6489825118887128
2021-03-29,870.093,-2.24034088947381,-3.823631515521563,-8.414626,2.976176477985349,-6.799807993506913,-0.6462802320408123
2021-03-30,867.617,-4.7308823157961015,-3.820271753563913,-8.338605,2.965402243358493,-6.785673996922406,-0.6432929530269377
2021-03-31,867.6310000000001,-4.731445355771651,-3.8155658153813214,-8.269719,2.953599392817488,-6.76916520819881,-0.6400224147484128
2021-04-01,865.702,-6.674903895613193,-3.809515692030411,-8.190236,2.9407771866294152,-6.750292878659826,-0.6364705123655863
2021-04-02,869.955,-2.435874210975123,-3.802124184533061,-8.104323,2.9269453490997703,-6.729069533632831,-0.632639295599092
2021-04-03,871.452,-0.9527686346674332,-3.793394903965588,-8.028432,2.912114058047069,-6.705508962012658,-0.6285309679257105
2021-04-04,867.491,-4.927492840461466,-3.7833322707212367,-7.948771,2.8962939339635074,-6.6796262046847446,-0.6241478856686088
2021-04-05,871.466,-0.966168598449996,-3.771941512945287,-7.8839765,2.879496028874967,-6.651437541820254,-0.6194925569818117
2021-04-06,863.862,-8.583887562482062,-3.759228664143055,-7.8268614,2.861731814913958,-6.620960479057013,-0.6145676407288543
2021-04-07,871.533,-0.9264311316303422,-3.74520055996216,-7.791009,2.843013172619373,-6.588213732581534,-0.6093759452556463
2021-04-08,872.5939999999999,0.1205672106877333,-3.729864834151434,-7.7554526,2.823352378977176,-6.553217213128611,-0.6039204270576712
2021-04-09,871.454,-1.0332159359658108,-3.713229913699833,-7.7099986,2.8027620952164107,-6.515992008916244,-0.5982041893417238
2021-04-10,873.077,0.5766682459794756,-3.6953050131598175,-7.6675344,2.7812553543751406,-6.476560367534959,-0.5922304804824957
2021-04-11,871.74,-0.7733724307408965,-3.676100128160625,-7.6046762,2.758845548651124,-6.434945676811749,-0.5860026923743901
2021-04-12,872.0759999999999,-0.4502961849323981,-3.6556260281178727,-7.552722,2.735546416552224,-6.391172444670097,-0.5795243586790506
2021-04-13,880.5319999999999,7.993077060349016,-3.633894248146979,-7.507405,2.71137202986176,-6.345266278008739,-0.5727991529691782
2021-04-14,875.1949999999999,2.6434838975306345,-3.6109170801888286,-7.5043583,2.6863367804340816,-6.29725386062291,-0.5658308867692953
2021-04-15,872.8979999999999,0.3341340219934059,-3.5867075633571237,-7.464284,2.660455366835873,-6.247162930192996,-0.5586235074942222
2021-04-16,871.2090000000001,-1.3671975492381705,-3.561279473517857,-7.41801,2.6337427808487384,-6.195022254366595,-0.551181096286104
2021-04-17,873.5849999999999,0.9966204652494844,-3.5346473121122477,-7.3506985,2.606214293848745,-6.140861605960993,-0.5435078657509357
2021-04-18,872.414,-0.1865579928798535,-3.506826294235484,-7.27597,2.577885443078679,-6.084711737314163,-0.53560815759562
2021-04-19,875.6800000000001,3.067237819602288,-3.477832335984509,-7.2059283,2.548772017828803,-6.026604353813312,-0.5274864401666782
2021-04-20,872.184,-0.4407371909357485,-3.4476820410890348,-7.1481996,2.5188900455419776,-5.966572086631013,-0.519147305891834
2021-04-21,878.0179999999999,5.381161141020071,-3.4163926868408288,-7.1136026,2.488255777858976,-5.904648464699804,-0.5105954686257839
2021-04-22,876.529,3.8800982730318183,-3.383982209337236,-7.0687485,2.456885676619866,-5.840867885957102,-0.5018357609015479
2021-04-23,873.715,1.054483136251494,-3.350469188055746,-7.017986,2.4247963998372937,-5.77526558789304,-0.4928731310888986
2021-04-24,876.4549999999999,3.782843733255645,-3.3158728297772044,-7.0036955,2.392004787657431,-5.707877617434635,-0.4837126404614481
2021-04-25,877.364,4.680026874502595,-3.2802129518762064,-7.1026063,2.358527848324351,-5.638740800200557,-0.4743594601740638
2021-04-26,877.803,5.10721546892942,-3.243509964997817,-7.166005,2.324382744163456,-5.567892709161272,-0.4648188681523775
2021-04-27,873.801,1.092955431143542,-3.2057848551407515,-7.1290035,2.2895867775995127,-5.495371632740264,-0.4550962458962341
2021-04-28,875.889,3.1691579402676187,-3.1670591651676774,-7.079536,2.2541573772247268,-5.421216542392404,-0.4451970751990161
2021-04-29,871.632,-1.0996183663308703,-3.127354975764192,-7.0262885,2.218112083932137,-5.345467059696329,-0.4351269347848663
2021-04-30,875.0559999999999,2.312691484636512,-3.0866948858685963,-6.971673,2.1814685371294766,-5.268163422998073,-0.4248914968659199
2021-05-01,876.109,3.353956704687131,-3.0451019925953164,-6.9295235,2.144244461048456,-5.189346453643772,-0.4144965236217281
2021-05-02,877.841,5.074510693935433,-3.002599870675433,-6.8841567,2.106457651164222,-5.109057521839655,-0.4039478636031534
2021-05-03,870.385,-2.392905408919281,-2.9592125514383816,-6.8322706,2.068125960739565,-5.027338512177947,-0.3932514480630927
2021-05-04,872.069,-0.7201863203204013,-2.914964501359451,-6.772175,2.029267287508186,-4.944231788867637,-0.3824132872164488
2021-05-05,868.5880000000001,-4.212394458866843,-2.8698806001982824,-6.693633,1.989899560511103,-4.859780160709385,-0.3714394664318801
2021-05-06,871.796,-1.0156811150557763,-2.823986118754024,-6.617418,1.9500407271000129,-4.774026845854037,-0.360336142357896
2021-05-07,872.46,-0.3627925374118392,-2.777306696263332,-6.5561237,1.909708740121151,-4.687015436384483,-0.3491095389859778
2021-05-08,871.014,-1.820082796753248,-2.729868317467788,-6.5078535,1.8689215452928587,-4.598789862760647,-0.3377659436534422
2021-05-09,871.067,-1.778214707149917,-2.6816972893777877,-6.4670987,1.8276970687898169,-4.509394358167604,-0.3263117029888648
2021-05-10,875.3199999999999,2.4637541932838016,-2.6328202177602424,-6.4186616,1.7860532050465052,-4.418873422806747,-0.3147532188029285
2021-05-11,872.59,-0.2776067621991265,-2.5832639833778512,-6.3714952,1.7440078047921728,-4.327271788170024,-0.3030969439276328
2021-05-12,866.0219999999999,-6.856691449521794,-2.5330557180079567,-6.313659,1.7015786633291827,-4.234634381337139,-0.2913493780068781
2021-05-13,865.1370000000001,-7.75255829902078,-2.482222780269273,-6.2431192,1.6587835090662708,-4.141006289335544,-0.2795170632414736
2021-05-14,865.059,-7.841268399557514,-2.430792731285023,-6.178176,1.615639992317844,-4.046432723602867,-0.2676065800917045
2021-05-15,873.881,0.9702055949024108,-2.378793310211209,-6.1427407,1.5721656743800492,-3.9509589845912574,-0.2556245429406292
2021-05-16,871.032,-1.889319129293002,-2.3262524096588653,-6.138225,1.5283780168939478,-3.854630426552813,-0.2435775957213454
2021-05-17,870.865,-2.0669779029338637,-2.273198051039333,-6.1165347,1.4842943715056776,-3.7574924225450106,-0.2314724075115114
2021-05-18,869.742,-3.200383982966861,-2.2196583598615867,-6.0993004,1.4399319698330706,-3.659590329694657,-0.2193156680984485
2021-05-19,871.48,-1.4727237050322608,-2.165661541010797,-6.0691366,1.3953079137477526,-3.56096945475855,-0.2071140835182177
2021-05-20,873.97,1.0071837646798016,-2.111235854037207,-6.055982,1.350439165981246,-3.461675020018453,-0.1948743715720806
2021-05-21,876.205,3.232023522682405,-2.0564095884844567,-6.0960464,1.3053425410632118,-3.3617521295476687,-0.182603257323819
2021-05-22,874.889,1.905994769914514,-2.00121103928641,-6.105455,1.2600346965994058,-3.2612457358858165,-0.1703074685814066
2021-05-23,875.866,2.873085581866196,-1.9456684822613608,-6.08686,1.2145321248964929,-3.160200607157853,-0.157993731366575
2021-05-24,869.167,-3.835646845858831,-1.8898101497324704,-6.052828,1.1688511449403494,-3.0586612946728198,-0.1456687653758336
2021-05-25,868.794,-4.217927330593111,-1.833664206303022,-6.010879,1.1230078947339863,-2.9566721010370083,-0.1333392794365451
2021-05-26,874.346,1.3250310139482404,-1.7772587248148766,-5.9498754,1.077018324000714,-2.8542770488155904,-0.1210119669616715
2021-05-27,874.99,1.960143620201578,-1.7206216625183126,-5.9172196,1.0308981872576706,-2.751519849775983,-0.1086935014068341
2021-05-28,868.7439999999999,-4.294617939341357,-1.6637808374810663,-5.8839397,0.984663037264288,-2.6484438747453547,-0.0963905317333501
2021-05-29,867.846,-5.201062933172607,-1.6067639052641296,-5.8470097,0.9383282188497888,-2.5450921241139186,-0.0841096778809149
2021-05-30,873.2339999999999,0.1786931338463002,-1.5495983358914671,-5.80392,0.8919088631232284,-2.441507199014696,-0.0718575262536255
2021-05-31,874.7589999999999,1.695402892958653,-1.4923113911404429,-5.762589,0.8454198820691122,-2.337731273209555,-0.059640625223032
2021-06-01,875.303,2.231379177155584,-1.4349301021792724,-5.716974,0.7988759635310482,-2.2338060657103207,-0.0474654806519277
2021-06-02,868.587,-4.492498588066736,-1.377481247577425,-5.6854773,0.7522915665853909,-2.129772814162816,-0.0353385514425705
2021-06-03,874.79,1.7027979456232498,-1.319991331714329,-5.64258,0.7056809173062575,-2.0256722490205865,-0.0232662451130407
2021-06-04,870.839,-2.255879930089086,-1.262486563611234,-5.595595,0.6590580049228026,-1.9215445685340369,-0.0112549134054376
2021-06-05,872.669,-0.4333898341034166,-1.2049928362105728,-5.561193,0.6124365783690672,-1.81742941457964,0.0006891520704169
2021-06-06,876.4680000000001,3.358201351082612,-1.1475357061264395,-5.531031,0.5658301432261834,-1.7133658493526231,0.0125597241540736
2021-06-07,872.42,-0.6973049660454049,-1.090140373889337,-5.5052123,0.519251959056214,-1.6093923329455508,0.0243506444087004
2021-06-08,874.73,1.6053350498033303,-1.0328316647075588,-5.4643264,0.47271503712632,-1.5055467018338788,0.036055827348844
2021-06-09,877.326,4.194209741540304,-0.9756340097669812,-5.430102,0.4262321385214679,-1.4018661482884491,0.047669264618075
2021-06-10,871.013,-2.1257765743895614,-0.9185714280902676,-5.4205394,0.379815772643332,-1.2983872007335997,0.0591850291129472
2021-06-11,875.229,2.0831184053185807,-0.8616675089757809,-5.4054413,0.3334781960925302,-1.1951457050683112,0.0705972790496926
2021-06-12,876.826,3.6731322419951904,-0.8049453950357077,-5.3748717,0.2872314119308296,-1.0921768069665374,0.0819002619701384
2021-06-13,873.653,0.4934976369656887,-0.7484277658521775,-5.3401017,0.2410871693194161,-0.9895149351715936,0.093088318683351
2021-06-14,872.404,-0.761993892915303,-0.692136822269225,-5.300096,0.1950569635288533,-0.8871937857980784,0.1041558871395596
2021-06-15,868.711,-4.461083477332411,-0.6360942713377306,-5.2536,0.1491520363158213,-0.7852463076535519,0.1150975062329514
2021-06-16,873.853,0.6747316262101126,-0.5803213119295261,-5.2053466,0.1033833766612614,-0.6837046885907876,0.1259078195299857
2021-06-17,878.2410000000001,5.056396337524546,-0.5248386210360323,-5.1600957,0.0577617218640673,-0.5826003429000997,0.1365815789199149
2021-06-18,872.125,-1.0658142214397248,-0.4696663407658364,-5.123058,0.0122975589839503,-0.4819638997497867,0.1471136481842621
2021-06-19,870.732,-2.4647731349033664,-0.4148240660547553,-5.098623,-0.0329988733732821,-0.3818251926814732,0.1574990064820575
2021-06-20,874.247,1.0445546009956672,-0.3603308331009693,-5.0826,-0.0781175829353326,-0.2822132501656366,0.1677327517477039
2021-06-21,874.469,1.2609287726427216,-0.3062051085368159,-5.061266,-0.1230488213155906,-0.1831562872212253,0.1778101039983945
2021-06-22,880.356,7.142066508876034,-0.2524647793479774,-5.035223,-0.1677830812460181,-0.0846816981019592,0.1877264085480824
2021-06-23,869.574,-3.645751963671304,-0.1991271435496732,-5.0024533,-0.2123110934993082,0.013183949949635,0.19747713912507
2021-06-24,870.0400000000001,-3.1854578657541186,-0.1462089016285911,-4.985987,-0.256623823509282,0.1104149218806908,0.2070579008903582
2021-06-25,870.838,-2.393065753772159,-0.0937261487582217,-4.9752407,-0.3007124676988759,0.2069863189406542,0.2164644333539731
2021-06-26,874.8059999999999,1.5694316459707935,-0.0416943677942717,-4.966278,-0.3445684495254813,0.3028740817312095,0.2256926131865651
2021-06-27,873.303,0.0602981569386797,0.0098715769442103,-4.955236,-0.3881834152537346,0.398054992197945,0.2347384569236626
2021-06-28,873.5690000000001,0.3203256551236455,0.0609574451033658,-4.9420495,-0.4315492294662308,0.4925066745695967,0.2435981235600468
2021-06-29,881.068,7.813471289185713,0.1115496249291451,-4.9381676,-0.4746579703229648,0.5862075952521101,0.2522679170317953
2021-06-30,881.815,8.554642925233168,0.1616351371054819,-4.947725,-0.5175019245806337,0.6791370616861157,0.2607442885836472
2021-07-01,879.229,5.962824204913007,0.2112016377945036,-4.936748,-0.5600735823832299,0.7712752201777335,0.2690238390194193
2021-07-02,871.0609999999999,-2.2108509916267307,0.2602374208783622,-4.9215813,-0.602365631835664,0.8626030527140263,0.2771033208333155
2021-07-03,873.5840000000001,0.3064797725768016,0.3087314194032566,-4.9029865,-0.6443709533724159,0.9531023727756724,0.2849796402200579
2021-07-04,870.9780000000001,-2.305021299398998,0.3566732062272896,-4.8755364,-0.6860826139334734,1.042755820160763,0.2926498589618745
2021-07-05,871.604,-1.6842951772014552,0.4040529938748434,-4.854752,-0.7274938609600778,1.1315468548349212,0.3001111961904847
2021-07-06,877.674,4.380256766092774,0.4508616336012039,-4.858027,-0.7685981162229878,1.2194597498241917,0.3073610300223238
2021-07-07,875.05,1.7508489773778546,0.4970906136721661,-4.850343,-0.8093889694962042,1.3064795831683704,0.3143968990653539
2021-07-08,873.213,-0.0910480502200616,0.5427320568644091,-4.82402,-0.849860172089273,1.392592228953682,0.3212165037959357
2021-07-09,876.949,3.640150006642923,0.5877787171934331,-4.78854,-0.8900056302514605,1.4777843474448935,0.327817707804317
2021-07-10,869.163,-4.150508002399667,0.632223975876864,-4.7714925,-0.9298193984612404,1.5620433743381046,0.3341985389074403
2021-07-11,882.722,9.40415354369584,0.6760618365419393,-4.75955,-0.9692956726146572,1.6453575091565966,0.3403571901278624
2021-07-12,875.59,2.267724079720621,0.7192869196869279,-4.7378044,-1.0084287831262724,1.7277157028132004,0.3462920205377092
2021-07-13,872.356,-0.970947907972462,0.7618944564072887,-4.7017245,-1.04721318795644,1.8091076443637288,0.3520015559667042
2021-07-14,874.7289999999999,1.3969789572551563,0.8038802813982555,-4.6730146,-1.085643465578799,1.8895237469770545,0.3574844895734267
2021-07-15,869.267,-4.070273547605238,0.8452408252465173,-4.6474047,-1.1237143079018603,1.9689551331483777,0.3627396822790816
2021-07-16,873.487,0.1443182295933656,0.8859731060245835,-4.626813,-1.1614205131586544,2.0473936191832376,0.3677661630631791
2021-07-17,879.366,6.018046825873093,0.9260747202023272,-4.6119537,-1.1987569787783774,2.1248316989807043,0.3725631291206537
2021-07-18,877.455,4.101767876612715,0.9655438328910594,-4.587629,-1.2357186942540077,2.201262527145067,0.3771299458800704
2021-07-19,871.746,-1.61243427575512,1.004379167436424,-4.595148,-1.2723007340198158,2.27667990145624,0.3814661468826906
2021-07-20,875.811,2.4476984622787006,1.0425799943771588,-4.5812583,-1.308498250352652,2.351078244729811,0.3855714335223048
2021-07-21,878.332,4.963760105564957,1.080146119787652,-4.5575104,-1.3443064663108424,2.4244525860984947,0.389445674645853
2021-07-22,882.0210000000001,8.647550511020416,1.117077873023001,-4.541831,-1.3797206687244357,2.496798541747437,0.393088906014994
2021-07-23,874.664,1.285389325341015,1.1533760938860471,-4.528792,-1.4147362012504392,2.568112295136486,0.3965013296289004
2021-07-24,876.486,3.102575064408005,1.1890421192365894,-4.52162,-1.4493484575065656,2.638390576743155,0.3996833129086909
2021-07-25,874.318,0.9299391735047328,1.2240777690637668,-4.5103135,-1.4835528742968749,2.7076306433606416,0.4026353877440394
2021-07-26,877.476,4.083516843805174,1.2584853320431724,-4.5050435,-1.517344924942523,2.7758302569856954,0.4053582494026219
2021-07-27,879.6899999999999,6.293165549395915,1.292267550601046,-4.469147,-1.550720112730678,2.842987663331724,0.407852755303198
2021-07-28,873.604,0.202635774818368,1.3254276055084229,-4.436861,-1.5836739644944309,2.909101570002853,0.4101199236532413
2021-07-29,875.336,1.930268735124166,1.3579691000287857,-4.4242797,-1.616202024336349,2.9741711243651348,0.412160931952172
2021-07-30,872.684,-0.7256847498856371,1.389896043643282,-4.4274564,-1.648299847508074,3.038195891151356,0.413977115361357
2021-07-31,878.15,4.736387825094496,1.4212128353781448,-4.43802,-1.679962994458103,3.101175829836248,0.41556996494218
2021-08-01,872.3969999999999,-1.020420570658754,1.4519242467594204,-4.4253006,-1.7111870250596426,3.163111271819063,0.4169411257636055
2021-08-02,872.644,-0.7772199125849959,1.482035404420593,-4.409983,-1.7419674930301403,3.2240028974507333,0.4180923948807757
2021-08-03,876.126,2.7012139322534225,1.511551772389153,-4.388131,-1.772299940553779,3.283851712942932,0.4190257191863222
2021-08-04,873.077,-0.3511345021218202,1.54047913407847,-4.3663526,-1.8021798931179165,3.3426590271963867,0.4197431931361685
2021-08-05,875.245,1.81373976219082,1.5688235740118068,-4.347622,-1.8316028545741243,3.400426428585932,0.4202470563517474
2021-08-06,872.3760000000001,-1.058210012597271,1.5965914593055346,-4.339422,-1.860564302434104,3.4571557617396382,0.4205396911006525
2021-08-07,878.792,5.355047793242671,1.6237894209389692,-4.332107,-1.889059683410428,3.512849104349397,0.4206236196578793
2021-08-08,876.974,3.534478230527417,1.6504243348384349,-4.3211064,-1.9170844092116577,3.5675087440500928,0.4205015015499123
2021-08-09,873.262,-0.1799130526773721,1.6765033028034528,-4.3125343,-1.9446338526009777,3.621137155404431,0.4201761306840335
2021-08-10,875.61,2.165879591694448,1.7020336333030444,-4.3138733,-1.9717033437271283,3.6737369770301727,0.4196504323653502
2021-08-11,872.0949999999999,-1.351138188291952,1.7270228221703372,-4.2998943,-1.998288166735949,3.725310988906286,0.4189274602041243
2021-08-12,870.593,-2.854864418802632,1.7514785332237388,-4.26993,-2.024383556670435,3.775862089894174,0.4180103929161209
2021-08-13,875.0649999999999,1.6155762613535545,1.775408578842981,-4.241499,-2.049984696666776,3.825393275509757,0.4169025310187809
2021-08-14,870.549,-2.901795345997176,1.7988209005284166,-4.220871,-2.075086715453361,3.8739076159817776,0.4156072934261322
2021-08-15,870.707,-2.744981000220279,1.8217235494718695,-4.2107663,-2.099684685159303,3.9214082346311727,0.4141282139454513
2021-08-16,880.615,7.162060205306492,1.844124667167308,-4.1947412,-2.1237736194385106,3.967898286605818,0.412468937678792
2021-08-17,876.242,2.788313072858722,1.866032466089556,-4.1900845,-2.1473484719149174,4.013380938004473,0.4106332173325825
2021-08-18,882.759,9.304948572092808,1.8874552104690367,-4.1986666,-2.17040413495391,4.057859345422947,0.4086249094385898
2021-08-19,879.718,6.263093340790759,1.9084011971904649,-4.218879,-2.192935438764542,4.101336635955007,0.4064479704896465
2021-08-20,881.073,7.6174003672464865,1.9288787368431128,-4.2304997,-2.2149371508366005,4.143815887679713,0.4041064529936037
2021-08-21,875.5840000000001,2.1275203710499704,1.9488961349501064,-4.228871,-2.2364039757160508,4.185300110666157,0.401604501449079
2021-08-22,877.669,4.211998374792781,1.968461673403838,-4.2168694,-2.25733055512189,4.225792228525728,0.3989463482466271
2021-08-23,877.36,3.9026804899538137,1.9875835921343343,-4.189748,-2.277711468406894,4.265295060541229,0.3961363094990566
2021-08-24,872.326,-1.131841678972858,2.0062700710370085,-4.156813,-2.2975412333642136,4.303811304401222,0.393178780804672
2021-08-25,873.047,-0.4110504351912337,2.0245292121858487,-4.110594,-2.3168143073812155,4.341343519567064,0.390078232947307
2021-08-26,876.112,2.653879692110777,2.042369022357656,-4.088238,-2.3355250889414694,4.377894111299125,0.3868392075370642
2021-08-27,877.185,3.726460233342647,2.0597973958925007,-4.074484,-2.3536679194751766,4.413465315367677,0.383466312595755
2021-08-28,875.658,2.1991745521984667,2.0768220979150125,-4.062396,-2.371237085557835,4.448059183472847,0.3799642180910834
2021-08-29,875.67,2.210799833437672,2.0934507479406363,-4.0563107,-2.3882268214563576,4.481677569396994,0.3763376514236691
2021-08-30,871.394,-2.0651532417147216,2.109690803890384,-4.0489078,-2.4046313120213325,4.514322115911717,0.3725913928710682
2021-08-31,875.2959999999999,1.8370835490978037,2.1255495465370187,-4.0586123,-2.420444695923546,4.545994242460565,0.3687302709929896
2021-09-01,876.363,2.9045961494730883,2.141034064404971,-4.0926943,-2.435661069232355,4.576695133637326,0.3647591580019451
2021-09-02,874.989,1.531288530182041,2.15615123914562,-4.1033015,-2.4502744893329336,4.606425728478554,0.3606829651036241
2021-09-03,874.266,0.8092361510409317,2.17090773140888,-4.085392,-2.464278979178892,4.635186710587772,0.3565066378113027
2021-09-04,876.75,3.29439770356393,2.1853099672313085,-4.072989,-2.477668531876212,4.6629784991075205,0.3522351512386388
2021-09-05,874.2299999999999,0.7749995455252272,2.1993641249601703,-4.0633903,-2.4904371155939047,4.689801240554075,0.3478735053752299
2021-09-06,870.801,-2.653254211422553,2.2130761227321614,-4.039034,-2.502578678796273,4.7156548015284345,0.3434267203493359
2021-09-07,872.788,-0.6653812458377584,2.226451606524644,-4.013683,-2.5140871557911177,4.7405387623157615,0.3388998316821765
2021-09-08,874.775,1.3225086366842744,2.239495938796429,-3.9873471,-2.52495647258773,4.764452411384159,0.33429788553824
2021-09-09,864.808,-8.64340451438313,2.252214187734273,-3.9599454,-2.5351805530579585,4.787394740792232,0.3296259339760501
2021-09-10,872.856,-0.5938193053739808,2.2646111171204137,-3.9661536,-2.544753325393183,4.809364442513597,0.3248890302038304
2021-09-11,876.719,3.270480675044642,2.276691176835484,-3.9538445,-2.5536687288494666,4.830359905684951,0.3200922238445213
2021-09-12,874.035,0.5878103671944767,2.2884584940103405,-3.9317505,-2.561920720772726,4.850379214783066,0.3152405562145944
2021-09-13,869.1410000000001,-4.303864754484868,2.299916864839272,-3.920539,-2.569503283895239,4.869420148734511,0.3103390556211058
2021-09-14,875.228,1.7855974363590736,2.311069747066183,-3.9185266,-2.576410433894344,4.887480180960527,0.3053927326814156
2021-09-15,881.439,7.999153978040974,2.321920253154351,-3.905016,-2.582636227203744,4.904556480358095,0.3004065756699831
2021-09-16,881.8580000000001,8.420727312533371,2.3324711441493085,-3.8865545,-2.5881747690673613,4.92064591321667,0.2953855458966317
2021-09-17,878.815,5.380448045662736,2.342724824243493,-3.8798704,-2.5930202218252405,4.9357450460687335,0.2903345731206556
2021-09-18,875.289,1.857309597820426,2.352683336050165,-3.9157982,-2.597166813420622,4.949850149470787,0.2852585510050954
2021-09-19,874.831,1.4024735339701853,2.362348356593193,-3.9488752,-2.600608846116826,4.96295720271002,0.2801623326155024
2021-09-20,875.522,2.0963165885783384,2.371721194018151,-3.949937,-2.603340705412259,4.975061899430409,0.2750507259674449
2021-09-21,876.07,2.6472559465694023,2.3808027850291738,-3.9444962,-2.6053568691414224,4.986159654170596,0.2699284896269928
2021-09-22,874.262,0.8423683424404305,2.389593693054977,-3.9285076,-2.6066519167494677,4.996245609804445,0.2648003283683577
2021-09-23,877.075,3.658636808900808,2.398094107146333,-3.9102883,-2.607220538727461,5.005314645873794,0.2596708888928167
2021-09-24,868.287,-5.126042873365609,2.406303841606249,-3.897843,-2.607057546195219,5.013361387801468,0.2545447556129972
2021-09-25,876.319,2.909262231014391,2.414222336353052,-3.8737776,-2.606157880618222,5.020380216971274,0.2494264465065398
2021-09-26,874.152,0.745811452779702,2.421848658015459,-3.871487,-2.604516623644839,5.026365281660298,0.2443204090430957
2021-09-27,878.676,5.273536554200312,2.429181501757665,-3.8908029,-2.6021290070497987,5.031310508807463,0.2392310161885394
2021-09-28,875.303,1.904326848851961,2.4362191938314224,-3.9191263,-2.598990422769561,5.035209616600984,0.2341625624902303
2021-09-29,877.0949999999999,3.700229860207896,2.4429596948509893,-3.9260564,-2.595096433015044,5.038056127866033,0.2291192602470474
2021-09-30,875.362,1.971050474837867,2.449400603785774,-3.9527624,-2.590442780446861,5.039843384232634,0.2241052357678796
2021-10-01,877.439,4.052275928363361,2.45553916266445,-3.965479,-2.5850253983980727,5.0405645610625225,0.2191245257221434
2021-10-02,877.289,3.906271592037435,2.461372261983245,-3.96831,-2.578840421129235,5.040212683112481,0.2141810735858344
2021-10-03,874.2379999999999,0.8593007616086406,2.466896446810098,-3.9467778,-2.571884194100372,5.03878064091047,0.2092787261865178
2021-10-04,880.487,7.1124500821537096,2.472107923575303,-3.9194818,-2.5641532842443246,5.036261207819628,0.2044212303505747
2021-10-05,878.487,5.11667130163702,2.47700256753827,-3.9071114,-2.5556444902258355,5.032647057764105,0.1996122296559251
2021-10-06,880.448,7.081847800766924,2.4815759309190293,-3.898895,-2.546354852670571,5.0279307835896,0.194855261293352
2021-10-07,872.216,-1.1463344320722693,2.485823251682082,-3.897796,-2.536281664348245,5.022104916030328,0.1901537530394377
2021-10-08,875.819,2.4606786550381727,2.489739462959242,-4.0479913,-2.525422480293896,5.015161943253139,0.1855110203440355
2021-10-09,872.331,-1.023274108054369,2.4933192030971747,-4.046021,-2.513775127851352,5.007094330948527,0.1809302635350691
2021-10-10,876.6030000000001,3.2530066743840145,2.496556826314336,-4.029033,-2.5013377166228707,4.997894542937207,0.1764145651433653
2021-10-11,876.93,3.5843392619826364,2.499446413951183,-4.0667896,-2.4881086483089643,4.987555062260148,0.1719668873500855
2021-10-12,875.654,2.3126583762399564,2.501981786296533,-4.1053033,-2.4740866264224004,4.9760684127189325,0.1675900695592242
2021-10-13,880.611,7.273872217066215,2.5041565149721405,-4.158283,-2.459270665860449,4.963427180832589,0.1632868260975136
2021-10-14,880.4055,7.171583527092328,2.50596393585668,-4.161012,-2.4436601023194817,4.949624038176162,0.1590597440439508
2021-10-15,880.1999999999999,6.871442494864626,2.507397162529485,-4.1377664,-2.427254601536104,4.934651764065589,0.1549112811910431
2021-10-16,878.669,5.3448408678831045,2.508449100213621,-4.1149163,-2.410054168339144,4.918503268552765,0.1508437641397388
2021-10-17,879.019,5.699334289555288,2.50911246019706,-4.094264,-2.3920591554969017,4.901171615693961,0.146859386529875
2021-10-18,874.058,0.7429058898699492,2.509379774710006,-4.160546,-2.3732702723442407,4.882650047054247,0.14296020740786
2021-10-19,878.605,5.294665860677826,2.5092434122356884,-4.1323543,-2.353688593174268,4.862932005409956,0.1391481497331503
2021-10-20,883.174,9.868300452906087,2.5086955932312507,-4.13334,-2.3333155653795186,4.842011158610769,0.1354249990249707
2021-10-21,875.4340000000001,2.1331020730586503,2.507728406234739,-4.1395864,-2.312153017327806,4.819881423562546,0.1317924021505752
2021-10-22,876.116,2.8202772905594906,2.5063338243335185,-4.2786555,-2.290203165958109,4.796536990291627,0.1282518662562153
2021-10-23,874.893,1.601987768235889,2.504503721968906,-4.321355,-2.2674686240821056,4.771972346051012,0.1248047578418364
2021-10-24,879.626,6.339695090665474,2.502229892051225,-4.8911943,-2.2439524073772965,4.746182299428522,0.1214523019803935
2021-10-25,877.1949999999999,3.912970607542653,2.499504063358996,-6.2585936,-2.219657941057872,4.719162004416868,0.118195581682524
2021-10-26,875.2860000000001,2.0083919439980025,2.4963179181954485,-6.289667,-2.1945890662098653,4.690906984405314,0.1150355374071834
2021-10-27,873.5690000000001,0.296064999832842,2.4926631102751564,-6.2891974,-2.1687500457774185,4.661413156052575,0.1119729667186943
2021-10-28,867.991,-5.277199749333562,2.488531282813128,-6.2739177,-2.142145570187379,4.630676853000507,0.1090085240905325
2021-10-29,878.396,5.133007073834819,2.4839140867883582,-6.248313,-2.1147807625997657,4.598694849388124,0.1061427208560117
2021-10-30,876.973,3.715221888846234,2.4788031993535014,-6.205807,-2.0866611837721,4.565464383125601,0.1033759253058987
2021-10-31,877.533,4.280271622662673,2.473190342362011,-6.149036,-2.057792836525948,4.53098317888796,0.1007083629328306
2021-11-01,878.21,4.962176904015955,2.467067300983901,-6.1255145,-2.0281821698044804,4.495249470788382,0.0981401168222803
2021-11-02,875.682,2.439135772750174,2.4604259423809944,-6.096356,-1.9978360823102856,4.45826202469128,0.0956711281896532
2021-11-03,868.906,-4.331713376237831,2.453258234412404,-6.059733,-1.9667619257131368,4.42002016012554,0.0933011970629635
2021-11-04,873.5509999999999,0.3187754200023128,2.4455562643408606,-6.0690346,-1.9349675074178916,4.380523771758752,0.0910299831103937
2021-11-05,873.364,0.137450797303322,2.4373122575103814,-6.027514,-1.9024610928831909,4.339773350393572,0.0888570066118945
2021-11-06,871.977,-1.243935428737444,2.428518595965768,-5.9893947,-1.8692514074821365,4.297770003447905,0.0867816495738393
2021-11-07,874.359,1.143926536304379,2.4191678369843763,-5.942011,-1.8353476378966391,4.254515474881016,0.084803156985611
2021-11-08,870.712,-2.4971707572759585,2.4092527314906635,-5.8842416,-1.8007594330376784,4.210012164528342,0.0829206382168469
2021-11-09,871.484,-1.7187441994239774,2.398766242324101,-6.098472,-1.765496904484262,4.164263146808363,0.0811330685539419
2021-11-10,874.799,1.6026562040404055,2.3877015623311304,-6.061699,-1.7295706264344046,4.117272188765535,0.0794392908742571
2021-11-11,865.287,-7.902592397216599,2.3760521322520427,-6.0471215,-1.6929916351620895,4.069043767414132,0.0778380174563529
2021-11-12,871.2299999999999,-1.9525802426945105,2.363811658373822,-6.0431275,-1.6557714279746705,4.019583086348492,0.0763278319244259
2021-11-13,869.812,-3.363916585833372,2.350974129920297,-6.006607,-1.617921961665849,3.968896091586146,0.0749071913249988
2021-11-14,869.851,-3.3182587769137357,2.33753383615118,-5.990917,-1.5794556504599175,3.916989486611097,0.0735744283337723
2021-11-15,877.0120000000001,3.849344360524583,2.323485383141885,-5.9733806,-1.5403853634435976,3.8638707465854822,0.0723277535904281
2021-11-16,874.521,1.3647915547661558,2.308823710216513,-5.932222,-1.5007244214824058,3.8095481316989184,0.0711652581590311
2021-11-17,872.011,-1.1387689582992424,2.293544106006605,-5.8863816,-1.4604865936191456,3.7540306996257504,0.0700849161115711
2021-11-18,872.497,-0.6457935149951108,2.2776422241088943,-5.8473344,-1.4196860929527193,3.6973283170616136,0.0690845872320353
2021-11-19,875.795,2.6597616274486,2.261114098315663,-5.838431,-1.3783375719961348,3.639451670311797,0.0681620198383118
2021-11-20,872.247,-0.8807309396075585,2.243956157391893,-5.797985,-1.3364561175132077,3.580412274905101,0.0673148537190745
2021-11-21,868.875,-4.245434905602113,2.2261652393739597,-5.770507,-1.2940572448341312,3.5202224842080905,0.0665406231827104
2021-11-22,869.144,-3.9690630307458936,2.207738605365172,-5.7405643,-1.2511568916507292,3.458895497015901,0.0658367602152223
2021-11-23,878.111,5.005621334978059,2.188673952804208,-5.7089515,-1.207771411292884,3.3964453640970915,0.065200597743933
2021-11-24,872.677,-0.4209822762121598,2.168969428183047,-5.6705174,-1.1639175654882865,3.332886993671333,0.064629373003709
2021-11-25,871.285,-1.805509468036686,2.148623639191819,-5.666727,-1.1196125166083146,3.2682361558001336,0.0641202310023271
2021-11-26,878.317,5.234023516502006,2.127635666268677,-5.6535187,-1.0748738194035352,3.202509485672212,0.0636702280814916
2021-11-27,872.0649999999999,-1.010413091846156,2.106005073533581,-5.6299543,-1.0297194122329536,3.1357244857665347,0.0632763355699211
2021-11-28,874.2330000000001,1.164690588451336,2.0837319190857637,-5.614483,-0.9841676077918404,3.0678995268776035,0.0629354435248384
2021-11-29,871.4499999999999,-1.6116786040507582,2.06081676464537,-5.5702744,-0.9382370833435904,2.9990538479889604,0.0626443645580867
2021-11-30,874.319,1.2639285265246878,2.037260684520781,-5.5367146,-0.8919468704617607,2.929207554982542,0.0623998377430264
2021-12-01,872.0790000000001,-0.9693355950093204,2.013065273883913,-5.510882,-0.8453163442890544,2.858381618172968,0.0621985325982854
2021-12-02,876.352,3.3102912200619565,1.988232656336807,-5.4662004,-0.7983652123207128,2.78659786865752,0.0620370531443342
2021-12-03,870.6519999999999,-2.383354852757137,1.9627654907537229,-5.417708,-0.7511135027203806,2.713878993474103,0.0619119420288145
2021-12-04,872.313,-0.7160674967468525,1.9366669773839893,-5.3769207,-0.7035815521771769,2.640248529561166,0.061819684716457
2021-12-05,875.47,2.4470839121722965,1.909940863201833,-5.3376036,-0.6557899933133329,2.5657308565151657,0.0617567137393649
2021-12-06,868.057,-4.959621687056709,1.8825914464904516,-5.3170877,-0.6077597416523728,2.4903511881428244,0.0617194130033743
2021-12-07,879.426,6.415847354640045,1.854623580648698,-5.3161926,-0.5595119821584427,2.414135562807141,0.0617041221461564
2021-12-08,871.809,-1.1948872123897245,1.826042677209745,-5.2969923,-0.5110681553579951,2.33711083256774,0.0617071409426501
2021-12-09,879.635,6.63713004015563,1.7968547080622346,-5.616332,-0.4624499430556225,2.259304651117857,0.0617247337533909
2021-12-10,872.465,-0.52716548730888,1.7670662068655818,-5.6315255,-0.4136792536564512,2.180745460522033,0.0617531340112363
2021-12-11,874.3610000000001,1.3745954822745332,1.736684269652126,-5.649647,-0.3647782071080409,2.1014624767601666,0.0617885487419565
2021-12-12,871.559,-1.4218505697693824,1.7057165546100466,-5.711731,-0.3157691194753252,2.021485674085372,0.0618271631141234
2021-12-13,881.7049999999999,8.729483420945847,1.6741712810421203,-6.17288,-0.2666744871626656,1.9408457682047864,0.0618651450136992
2021-12-14,873.389,0.4186206226873872,1.6420572274965128,-7.2773533,-0.2175169707976399,1.859574198294153,0.0618986496386954
2021-12-15,877.994,5.028627982115801,1.6093837290670336,-7.3505387,-0.1683193787916714,1.7777031078587051,0.061923824109257
2021-12-16,867.895,-5.065473864949642,1.5761606738614464,-7.677337,-0.1191046505931566,1.695265324454603,0.0619368120885035
2021-12-17,864.267,-8.688262092670932,1.542398498637633,-7.6432185,-0.0698958396491998,1.6122943382868329,0.0619337584094487
2021-12-18,876.184,3.2339502978371177,1.5081081836086023,-7.634128,-0.0207160960925522,1.5288242797011549,0.0619108137033178
2021-12-19,872.38,-0.564513749938313,1.4733012464185569,-7.6107426,0.0284113508291978,1.444889895589359,0.0618641390245627
2021-12-20,879.583,6.643639843091191,1.437989735293422,-7.5778728,0.0774632105647039,1.3605265247287182,0.0617899104678965
2021-12-21,880.733,7.798721789739497,1.402186221370455,-7.543776,0.1264161492923015,1.2757700720781535,0.0616843237726565
2021-12-22,881.496,8.566762234281,1.36590379021278,-7.617478,0.1752468081575251,1.1906569820552548,0.0615435989098339
2021-12-23,882.1750000000001,9.250702294219842,1.329156032515873,-8.415247,0.2239318216960129,1.1052242108198604,0.0613639846471022
2021-12-24,881.82,8.900605694975365,1.2919570340142128,-8.958792,0.2724478364227871,1.0195091975914257,0.0611417630872208
2021-12-25,878.571,5.656328981823084,1.2543213645975742,-9.128422,0.320771529568514,0.93354983502906,0.0608732541751937
2021-12-26,881.4159999999999,8.505781273609616,1.2162640666475255,-9.564491,0.3688796279430984,0.8473844387044274,0.0605548201696053
2021-12-27,865.663,-7.243148836243622,1.1778006426059764,-9.966683,0.4167489269066032,0.7610517156993731,0.0601828700735878
2021-12-28,864.77,-8.13196289802066,1.1389470417886824,-10.002305,0.4643563094272741,0.6745907323614083,0.0597538640209083
2021-12-29,875.518,2.6210367873722444,1.099719646457881,-10.215675,0.5116787652061694,0.5880408812517115,0.059264317612712
2021-12-30,868.775,-4.117084381495947,1.0601352571692482,-10.263722,0.5586934098476829,0.5014418473215653,0.058710806200503
2021-12-31,872.1659999999999,-0.721076263319733,1.0202110774096194,-10.302788,0.6053775040550431,0.4148335733545762,0.0580899691109996
2022-01-01,878.267,5.385152176609903,0.979964697542891,-10.316533,0.6517084728297048,0.3282562247131861,0.0573985138085535
2022-01-02,866.011,-6.865691270371352,0.9394140780827316,-10.282448,0.6976639246533901,0.2417501534293415,0.0566332199908834
2022-01-03,867.9839999999999,-4.88757613953314,0.8985775323117074,-10.290322,0.7432216706314108,0.1553558616802967,0.0557909436139446
2022-01-04,872.0790000000001,-0.7875158884842535,0.8574737082674926,-10.312987,0.7883597435758051,0.0691139646916875,0.0548686208418214
2022-01-05,868.497,-4.36448526644198,0.8161215701179143,-10.319244,0.833056417006749,-0.0169348468888347,0.0538632719175976
2022-01-06,871.961,-0.8952220509288409,0.7745403789474727,-10.339876,0.8772902240506362,-0.1027498451031634,0.0527720049512505
2022-01-07,876.7479999999999,3.8962735814135776,0.7327496729790184,-10.3565,0.9210399762132252,-0.1882903032342069,0.051592019620685
2022-01-08,874.615,1.767681472956813,0.6907692472552237,-10.3186,0.9642847820062131,-0.2735155347509895,0.0503206107821135
2022-01-09,869.07,-3.772995881093437,0.6486191328053199,-10.288362,1.0070040654056662,-0.3583849326003463,0.0489551719860797
2022-01-10,870.725,-2.1137443211721907,0.6063195753235144,-10.248782,1.0491775841207505,-0.442858008797236,0.0474931988955126
2022-01-11,868.907,-3.927775070821987,0.5638910133863408,-10.221487,1.090785447651315,-0.5268944342649742,0.0459322926022958
2022-01-12,870.413,-2.41787755321398,0.5213540562369793,-10.1852665,1.1318081351129698,-0.6104540788759906,0.0442701628389431
2022-01-13,869.62,-3.207098255173652,0.4787294611654052,-10.150993,1.172226512808424,-0.6934970516430188,0.0425046310820635
2022-01-14,871.793,-1.030383937505588,0.4360381105139284,-10.122265,1.2120218515240448,-0.7759837410101165,0.040633633544417
2022-01-15,877.1360000000001,4.316245939442871,0.3933009883384251,-10.092965,1.2511758435307256,-0.8578748551923006,0.0386552240524736
2022-01-16,873.272,0.4557192782354591,0.3505391567562048,-10.065153,1.2896706192684049,-0.9391314625122,0.0365675768064825
2022-01-17,865.005,-7.808090052277166,0.3077737320121094,-10.038898,1.327488763693806,-1.0197150316816963,0.0343689890202096
2022-01-18,869.422,-3.387957648254639,0.2650258602950035,-10.00648,1.364613332271197,-1.0995874719761936,0.0320578834375825
2022-01-19,864.741,-8.065879505872054,0.2223166933373859,-9.97321,1.401027866586306,-1.1787111732489202,0.0296328107236374
2022-01-20,868.923,-3.88046411643688,0.1796673638313373,-9.963258,1.4367164095637954,-1.257049045732458,0.027092451727261
2022-01-21,863.186,-9.613879163587368,0.1370989606944942,-9.933288,1.4716635202690591,-1.334564559574565,0.0244356196133719
2022-01-22,868.636,-4.160340950989954,0.094632504220151,-9.886351,1.5058542882754642,-1.4112217840553132,0.0216612618622929
2022-01-23,869.811,-2.981845382295851,0.0522889211459727,-9.843488,1.539274347578533,-1.4869854264325604,0.018768462134217
2022-01-24,869.359,-3.430388361157048,0.0100890196760968,-9.808968,1.5719098900389898,-1.561820870362893,0.0157564419967899
2022-01-25,869.679,-3.1069657912249955,-0.0319465355082601,-9.768085,1.6037476783370117,-1.635694213845272,0.0126245625139788
2022-01-26,874.683,1.900216712137764,-0.0737972482144019,-9.712116,1.634775058420496,-1.708572306634898,0.0093723256945276
2022-01-27,867.1600000000001,-5.619632741697137,-0.1154428156444307,-9.649939,1.6649799714306173,-1.780422787075048,0.005999375798446
2022-01-28,870.09,-2.686510087436873,-0.1568631532065774,-9.5942135,1.6943509650884756,-1.851214118295053,0.0025055005001052
2022-01-29,875.293,2.519571929965025,-0.1980384191958389,-9.536394,1.7228772045271252,-1.920915623722964,-0.0011093680933132
2022-01-30,866.024,-6.746383696032407,-0.2389490393081547,-9.499524,1.750548482553855,-1.9894975218620097,-0.0048451525691647
2022-01-31,873.637,0.869644049141558,-0.279575730952347,-9.485122,1.7773552293281425,-2.0569309602804897,-0.0087016294834535
2022-02-01,871.0799999999999,-1.684367709064341,-0.319899527324099,-9.450189,1.8032885214412704,-2.1231880487653694,-0.012678428782557
2022-02-02,872.875,0.1134548484948734,-0.3599018012063928,-9.4416,1.8283400903842375,-2.1882418915906303,-0.0167750333732411
2022-02-03,871.681,-1.0777333782634797,-0.3995642884609108,-9.443016,1.852502330391196,-2.252066618852107,-0.0209907788415265
2022-02-04,864.896,-7.859946089348624,-0.4388691111751788,-9.424214,1.8757683056462864,-2.314637416821465,-0.0253248533207802
2022-02-05,866.0815,-6.686736922386976,-0.4777988004304472,-9.385105,1.898131756842433,-2.37593055727288,-0.0297762975092982
2022-02-06,867.267,-5.482548837290306,-0.5163363186555902,-9.328085,1.919587107081297,-2.435923425736888,-0.0343440048374581
2022-02-07,867.302,-5.444255593208387,-0.5544650815327125,-9.280211,1.9401294671043177,-2.4945945486370302,-0.039026721784407
2022-02-08,866.128,-6.614966492173683,-0.5921689794204905,-9.2366495,1.9597546398454584,-2.551923619265949,-0.043823048344068
2022-02-09,867.486,-5.253677424599614,-0.629432398261767,-9.196902,1.978459124297008,-2.6078915225587758,-0.0487314386401311
2022-02-10,865.986,-6.750384280899684,-0.6662402399423879,-9.158637,1.996240118680524,-2.662480358622912,-0.0537502016895214
2022-02-11,869.513,-3.220082951487192,-0.7025779420688477,-9.113197,2.0130955229157537,-2.7156734649846013,-0.0588775023137019
2022-02-12,874.308,1.578502156030268,-0.7384314971328475,-9.051541,2.029023940381142,-2.767455437513989,-0.0641113621970217
2022-02-13,865.3610000000001,-7.3646785783968785,-0.7737874710315792,-8.988869,2.0440246789602967,-2.817812149991876,-0.0694496610911703
2022-02-14,868.379,-4.342605455316864,-0.8086330209131797,-8.939451,2.0580977513695786,-2.866730772282758,-0.0748901381646523
2022-02-15,867.764,-4.953308427937795,-0.8429559123175399,-8.939887,2.0712438747627746,-2.9141997870803147,-0.0804303934960595
2022-02-16,874.8240000000001,2.1109870857657134,-0.8767445355834665,-8.906313,2.083464469609625,-2.960209005193092,-0.0860678897097693
2022-02-17,864.122,-8.586743382729782,-0.9099879214939436,-8.887221,2.094761657845771,-3.0047495793397143,-0.0917999537525558
2022-02-18,869.348,-3.35646762874528,-0.9426757561321926,-8.8341675,2.1051382602925197,-3.047814016424712,-0.0976237788094639
2022-02-19,869.587,-3.1131466808322013,-0.9747983949220496,-8.77929,2.114597793345669,-3.0893961882677186,-0.1035364263571624
2022-02-20,873.444,0.7479775120968322,-1.0063468758271763,-8.734266,2.1231444649334152,-3.1294913407605915,-0.1095348283528436
2022-02-21,871.1170000000001,-1.5749425822014835,-1.0373129316845917,-8.741491,2.130783169744256,-3.168096101428848,-0.115615789556612
2022-02-22,871.597,-1.0909829165115346,-1.0676890016490526,-8.844056,2.1375194837266016,-3.205208485375654,-0.1217759899851747
2022-02-23,865.9069999999999,-6.77706705598262,-1.0974682417258308,-8.884023,2.1433596578626744,-3.2408278995885054,-0.1280119874945085
2022-02-24,871.274,-1.4061359941238911,-1.1266445343705889,-8.842637,2.148310611220088,-3.2749551455906767,-0.1343202204890561
2022-02-25,867.3539999999999,-5.322229236868548,-1.155212497136165,-8.797831,2.152379923285378,-3.3075924204215434,-0.140697010754878
2022-02-26,867.3389999999999,-5.333300080128399,-1.1831674903472351,-8.748309,2.15557582558457,-3.338743315931805,-0.1471385664140621
2022-02-27,869.337,-3.331344337564601,-1.2105056237850538,-8.71475,2.1579071925967037,-3.368412816381757,-0.1536409849975818
2022-02-28,868.084,-4.5806645209226895,-1.237223762365686,-8.701719,2.159383531967108,-3.3966072943327936,-0.1602002566336637
2022-03-01,870.6270000000001,-2.033958079965599,-1.2633195307964034,-8.66853,2.160014974028021,-3.423334504824424,-0.1668122673486203
2022-03-02,867.394,-5.263341422289107,-1.2887913171962495,-8.619467,2.1598122606349834,-3.448603577831233,-0.1734728024769989
2022-03-03,872.9350000000001,0.2813068657699258,-1.3136382756680218,-8.575053,2.1587867333282644,-3.4724250089962863,-0.1801775501777727
2022-03-04,871.636,-1.014046972014702,-1.337860327810354,-8.60543,2.156950320829405,-3.494810648639759,-0.186922105053214
2022-03-05,869.9879999999999,-2.658426722195951,-1.3614581631598737,-8.72432,2.1543155258837428,-3.515773689043616,-0.193701971866982
2022-03-06,870.163,-2.4799482959148684,-1.3844332385548437,-8.69178,2.1508954114606245,-3.535328650015468,-0.2005125693578545
2022-03-07,867.976,-4.663581473659611,-1.4067877764130874,-8.646541,2.146703586323755,-3.5534913627368425,-0.2073492341454511
2022-03-08,866.3729999999999,-6.263181392931585,-1.428524761918441,-8.594297,2.14175418998497,-3.5702789519034117,-0.2142072247241999
2022-03-09,870.301,-2.33174399273579,-1.4496479391113906,-8.554192,2.136061877055427,-3.5857098161668177,-0.2210817255417103
2022-03-10,872.1320000000001,-0.4972805939307769,-1.470161805881069,-8.512763,2.129641801009017,-3.599803606890086,-0.2279678511576413
2022-03-11,868.854,-3.771859959314865,-1.4900716078571703,-8.456849,2.122509597373514,-3.612581205230685,-0.2348606504790707
2022-03-12,871.9259999999999,-0.696392628044253,-1.509383331201945,-8.401802,2.1146813663657213,-3.6240646975676665,-0.241755111068294
2022-03-13,876.89,4.271116432048457,-1.5281036943037996,-8.366005,2.10617365498758,-3.6342773492913794,-0.2486461635189253
2022-03-14,873.907,1.2913701216919002,-1.5462401383756397,-8.304756,2.0970034386009058,-3.643243576976545,-0.2555286858960914
2022-03-15,864.7810000000001,-7.83140104043842,-1.5638008169625297,-8.342804,2.087188101999108,-3.650988918961637,-0.2623975082364552
2022-03-16,871.6800000000001,-0.92911284593428,-1.5807945843647828,-8.301365,2.076745419994898,-3.6575400043596806,-0.2692474171037519
2022-03-17,870.227,-2.3788833256817403,-1.5972309829841025,-8.276613,2.065693537543647,-3.662924520527749,-0.2760731601954661
2022-03-18,868.22,-4.3827651898149895,-1.6131202296018865,-8.234885,2.054050949422662,-3.6671711790245487,-0.2828694509962225
2022-03-19,875.813,3.213416159891319,-1.6284732006003746,-8.261477,2.041836479487287,-3.670309680087662,-0.2896309734734333
2022-03-20,869.1640000000001,-3.43238544165066,-1.6433014161387305,-8.2603,2.029069259525285,-3.6723706756640153,-0.2963523868106931
2022-03-21,874.459,1.8657280122084767,-1.6576170232977334,-8.225295,2.0157687077315267,-3.67338573102926,-0.3030283301743851
2022-03-22,871.491,-1.099103647721925,-1.671432778208206,-8.216036,2.0019545068255806,-3.6733872850337863,-0.3096534275089344
2022-03-23,869.586,-3.001128368713318,-1.6847620271797743,-8.168119,1.9876465818352669,-3.6724086090150414,-0.3162222923561051
2022-03-24,871.278,-1.3064242265272048,-1.697618686848059,-8.088742,1.9728650775697676,-3.6704837644178254,-0.3227295326937363
2022-03-25,870.971,-1.61076654717818,-1.7100172233598,-7.999456,1.9576303358063316,-3.667647559166132,-0.329169755789282
2022-03-26,869.753,-2.8260591087962044,-1.721972630616911,-7.9163384,1.94196287221508,-3.663935502831991,-0.3355375730635149
2022-03-27,876.772,4.195698168375978,-1.7335004076018308,-7.8416333,1.9258833530467867,-3.6593837606486175,-0.3418276049597419
2022-03-28,885.4060000000001,12.832441676278828,-1.7446165348079623,-8.114743,1.909412571608956,-3.6540291064169184,-0.3480344858138828
2022-03-29,874.097,1.5256821540810672,-1.7553374498003549,-8.13278,1.8925714245558365,-3.647908874356191,-0.3541528687207652
2022-03-30,873.648,1.0788669929600951,-1.7656800219331412,-8.098547,1.8753808880183664,-3.641060909951507,-0.3601774303919903
2022-03-31,869.048,-3.518811945783169,-1.775661526251581,-8.038725,1.857861993600349,-3.6335235198519302,-0.3661028760007421
2022-04-01,874.731,2.1665805395399658,-1.78529961660782,-7.959619,1.8400358042674336,-3.6253354208752535,-0.3719239440089265
2022-04-02,871.407,-1.1553331178883726,-1.794612298020805,-7.8899994,1.821923390155712,-3.616535688176517,-0.3776354109720502
2022-04-03,879.1229999999999,6.562746821848522,-1.8036178983119715,-7.8307467,1.8035458043269963,-3.607163702638968,-0.3832320963172639
2022-04-04,875.457,2.8985547539605854,-1.8123350390495476,-7.823166,1.784924058497991,-3.5972590975475383,-0.3887088670900485
2022-04-05,876.713,4.156207209959208,-1.820782605835533,-7.80016,1.7660790987707546,-3.586861704606288,-0.3940606426650243
2022-04-06,871.933,-0.6223145609966396,-1.828979717970448,-7.749002,1.7470317813919745,-3.576011499362422,-0.3992823994164338
2022-04-07,868.516,-4.037791671599714,-1.83694569753212,-7.6829963,1.7278028485686712,-3.564748546100791,-0.4043691753438734
2022-04-08,873.522,0.9698299748510002,-1.844700037905832,-7.6203947,1.7084129043680096,-3.553112942273841,-0.4093160746488981
2022-04-09,876.5690000000001,4.018316932127631,-1.8522623718040836,-7.5614605,1.688882390728944,-3.541144762533027,-0.4141182722581867
2022-04-10,878.919,6.3689979964492425,-1.85965243881532,-7.514774,1.669231563613414,-3.5288840024287342,-0.418771018289001
2022-04-11,878.8249999999999,6.275550533370259,-1.8668900525217529,-7.6895266,1.649480469324793,-3.5163705218465457,-0.4232696424527309
2022-04-12,878.7230000000001,6.174010722742199,-1.873995067227436,-7.703967,1.6296489210212175,-3.503643988248654,-0.4276095583923952
2022-04-13,878.2330000000001,5.684112778150382,-1.8809873443384568,-7.7087536,1.6097564754513505,-3.490743819789807,-0.4317862679500251
2022-04-14,876.4495000000001,3.719669724108944,-1.887886718437967,-7.7581935,1.5898224099399916,-3.477709128377959,-0.4357953653599308
2022-04-15,874.666,2.116635619366781,-1.8947129630994923,-7.7418,1.569865699650813,-3.464578662750305,-0.4396325413639331
2022-04-16,874.924,2.37433539215638,-1.901485756482597,-7.931672,1.5499049951532884,-3.451390751635886,-0.4432935872447215
2022-04-17,863.6460000000001,-8.904245424666856,-1.9082246467557085,-7.878939,1.5299586003206886,-3.438183247076397,-0.4467743987735755
2022-04-18,866.656,-5.894687371317003,-1.914949017391343,-7.828076,1.510044450585755,-3.424993467977098,-0.4500709800687926
2022-04-19,874.0590000000001,1.5082971816927109,-1.9216780523796444,-7.8419194,1.490180091580374,-3.411858143960018,-0.4531794473612328
2022-04-20,871.199,-1.3517634876109894,-1.928430701406492,-7.802608,1.4703826581852852,-3.3988133595917773,-0.4560960326635029
2022-04-21,876.968,4.417310830090425,-1.9352256450428929,-7.948582,1.450668854015488,-3.385894499058381,-0.4588170873393976
2022-04-22,872.152,-0.3987613577510602,-1.94208125999276,-8.18745,1.4310549313666634,-3.373136191359423,-0.4613390855703119
2022-04-23,869.1765,-4.318961384570182,-1.949015584446382,-8.167317,1.411556671647488,-3.36057225609387,-0.463658627715438
2022-04-24,866.201,-6.35026210321655,-1.9560462835871968,-8.110136,1.392189366322322,-3.3482356499095185,-0.4657724435626893
2022-04-25,873.666,1.114702194419428,-1.9631906152996497,-8.050613,1.3729677983882642,-3.3361584136879143,-0.4676773954673759
2022-04-26,866.462,-6.0891865057089145,-1.970465396125983,-7.9879174,1.3539062244100757,-3.3243716205360583,-0.4693704813757866
2022-04-27,873.2710000000001,0.7204724852939073,-1.9778869675198971,-7.919442,1.3350183571359595,-3.312905324655857,-0.4708488377309487
2022-04-28,871.8439999999999,-0.7061026518534881,-1.9854711624450327,-7.869186,1.3163173487166262,-3.301788511161659,-0.4721097422579397
2022-04-29,878.308,5.758462851356749,-1.9932332723660915,-7.822352,1.297815774549499,-3.29104904691559,-0.473150616626265
2022-04-30,869.9599999999999,-2.5888588243179838,-2.00118801468034,-7.811073,1.2795256177693035,-3.2807136324496438,-0.4739690289869233
2022-05-01,872.992,0.4437765606641539,-2.0093495006370303,-7.7985997,1.2614582544056587,-3.2708077550426893,-0.4745626963819134
2022-05-02,872.015,-0.5326024588825979,-2.017731203792001,-7.7937465,1.2436244392276217,-3.2613556430196238,-0.47492948702406
2022-05-03,872.8249999999999,0.2782013032491766,-2.0263459290444272,-7.7714415,1.2260342922944538,-3.252380221338881,-0.4750674224451717
2022-05-04,868.835,-3.710613324407356,-2.035205782302296,-7.7248764,1.2086972862311711,-3.243903068533467,-0.4749746795106594
2022-05-05,865.152,-7.392181671857043,-2.0443221408227563,-7.7136297,1.1916222342467049,-3.2359443750694608,-0.4746495922988936
2022-05-06,872.9590000000001,0.4165043226741272,-2.053705624272961,-7.698647,1.174817278911735,-3.2285229031846963,-0.4740906538437007
2022-05-07,866.1020000000001,-6.4387765561771015,-2.0633660665565,-7.676302,1.1582898817124985,-3.221655948268998,-0.4732965177385361
2022-05-08,876.064,3.525095002304308,-2.073312488449844,-7.6706266,1.1420468133960373,-3.215359301845881,-0.4722659996010098
2022-05-09,876.625,4.087916585910821,-2.083553071092588,-7.6717143,1.1260941451215711,-3.209647216214159,-0.4709980783965734
2022-05-10,868.228,-4.307226173843405,-2.094095130374485,-7.655322,1.1104372404318057,-3.204532370806291,-0.4694918976203238
2022-05-11,869.433,-3.100206015425636,-2.1049450922614934,-7.619904,1.095080748057123,-3.2000258403186166,-0.4677467663359979
2022-05-12,871.6859999999999,-0.845154502593763,-2.1161084691021816,-7.588532,1.0800285955647568,-3.1961370646669387,-0.4657621600714047
2022-05-13,867.8860000000001,-4.643005710466246,-2.1275898369549027,-7.5668254,1.0652839838640973,-3.192873820819,-0.4635377215696406
2022-05-14,871.3149999999999,-1.2116909553705328,-2.139392813975192,-7.5248513,1.0508493825784162,-3.1902421965536085,-0.4610732613956123
2022-05-15,870.0740000000001,-2.450228735328749,-2.1515200399017687,-7.4615808,1.0367265262923238,-3.1882465661940924,-0.4583687583975018
2022-05-16,868.383,-4.138604136850024,-2.163973156678481,-7.4018373,1.0229164116833471,-3.186889568361828,-0.4554243600229686
2022-05-17,871.4340000000001,-1.0848059260205032,-2.1767527902483224,-7.3363276,1.009419295545067,-3.1861720857933893,-0.4522403824900073
2022-05-18,866.904,-5.611924158052812,-2.189858533554512,-7.2796044,0.9962346937082396,-3.186093227262752,-0.4488173108125395
2022-05-19,869.5580000000001,-2.954865665705229,-2.203288930782327,-7.2462373,0.9833613808654128,-3.18665031164774,-0.4451557986809361
2022-05-20,877.319,4.809239645307189,-2.217041462874094,-7.2121215,0.9707973913034694,-3.1878388541775635,-0.441256668197817
2022-05-21,868.758,-3.748803618122884,-2.231112534348387,-7.1704645,0.958540020547601,-3.189652554895988,-0.4371209094696189
2022-05-22,872.281,-0.2226586676862076,-2.245497461453088,-7.119077,0.9465858279191524,-3.1920832893722406,-0.432749680054541
2022-05-23,874.6460000000001,2.1456641575266984,-2.2601904616804847,-7.086341,0.9349306400087928,-3.1951211016892778,-0.4281443042676344
2022-05-24,872.743,0.2461784725838889,-2.275184644671147,-7.0871153,0.9235695550654138,-3.1987541997365607,-0.4233062723439211
2022-05-25,869.852,-2.641144302655073,-2.290472004531693,-7.0665617,0.9124969483001492,-3.202968952831842,-0.4182372394605778
2022-05-26,870.341,-2.1482735383476026,-2.3060434135900727,-7.017502,0.9017064781038568,-3.207749891693929,-0.41293902461933
2022-05-27,867.908,-4.577246410473939,-2.3218886176103077,-6.9841366,0.8911910931753807,-3.213079710785688,-0.4074136093903635
2022-05-28,872.0,-0.4810370603229357,-2.337996232486987,-6.9912796,0.8809430405568666,-3.218939273043853,-0.4016631365191555
2022-05-29,871.942,-0.5348105655192414,-2.3543537424381538,-7.000578,0.8709538745713672,-3.2253076170095207,-0.3956899083977872
2022-05-30,875.429,2.956684082935494,-2.370947499713401,-7.002228,0.8612144666569127,-3.232161966370313,-0.3894963854024049
2022-05-31,876.326,3.858338502298693,-2.3877627258323435,-6.9704576,0.8517150160902459,-3.239477741922589,-0.3830851840986229
2022-06-01,868.639,-3.824235305569791,-2.4047835143667537,-6.928379,0.8424450615922986,-3.247228575959052,-0.376459075316797
2022-06-02,878.968,6.509474274195265,-2.421992835277825,-6.881828,0.8333934938065408,-3.2553863290843656,-0.3696209820991974
2022-06-03,877.571,5.117161629356138,-2.4393725408182725,-6.8395734,0.82454856864026,-3.2639211094585328,-0.3625739775212402
2022-06-04,872.7570000000001,0.3077808830061359,-2.4569033730069254,-6.8159676,0.8158979214578178,-3.272801294464743,-0.3553212823890497
2022-06-05,879.3,6.855671393629804,-2.474564972681796,-6.8652472,0.8074285821139424,-3.281993554795738,-0.3478662628157283
2022-06-06,868.593,-3.84637834767047,-2.492335890135456,-6.841813,0.7991269908140894,-3.2914628809495454,-0.3402124276788268
2022-06-07,871.8000000000001,-0.6342387594698602,-2.5101935973348093,-6.803796,0.7909790147879232,-3.3011726121227323,-0.3323634259616163
2022-06-08,879.879,7.449972747829265,-2.528114501725258,-6.767145,0.7829699657609939,-3.311084467486252,-0.3243230439808547
2022-06-09,872.208,-0.2158014373635044,-2.5460739616173838,-6.7154465,0.7750846182087128,-3.321158579826096,-0.3160952025038574
2022-06-10,873.537,1.1187100585874772,-2.564046303152223,-6.6752157,0.7673072283757758,-3.331353531527999,-0.3076839537577659
2022-06-11,869.322,-3.090632829047551,-2.5820048388392816,-6.6380367,0.7596215540432456,-3.341626392882527,-0.2990934783340086
2022-06-12,870.255,-2.151553732907016,-2.599921887659394,-6.652724,0.7520108750245785,-3.351932762683973,-0.2903280819910345
2022-06-13,868.931,-3.4693182905417137,-2.6177687967225665,-6.659178,0.7444580143709769,-3.362226811093543,-0.2813921923585008
2022-06-14,874.2860000000001,1.892080953941008,-2.635515964468933,-6.658437,0.7369453602655553,-3.372461324734489,-0.2722903555461543
2022-06-15,873.0029999999999,0.6151406409109441,-2.6531328653989448,-6.6417646,0.7294548885849379,-3.3825877539838825,-0.2630272326607576
2022-06-16,871.208,-1.1734934924570366,-2.670588076316948,-6.599569,0.7219681861060598,-3.392556262423008,-0.2536075962344616
2022-06-17,871.073,-1.3021528450019382,-2.687849304070268,-6.5565395,0.7144664743351118,-3.4023157784053795,-0.2440363265681169
2022-06-18,876.8249999999999,4.456449568008192,-2.7048834147639926,-6.5329156,0.7069306339347499,-3.4118140486987425,-0.2343184079930755
2022-06-19,870.0759999999999,-2.2859513739643296,-2.721656464429621,-6.509086,0.6993412297249227,-3.4209976941545435,-0.2244589250551068
2022-06-20,876.4960000000001,4.141165041932387,-2.73813373112382,-6.4708385,0.6916785362319144,-3.4298122673557345,-0.214463058624109
2022-06-21,868.965,-3.3826264236318737,-2.7542797484315966,-6.438394,0.6839225637594187,-3.4382023121910152,-0.2043360819333562
2022-06-22,871.355,-0.9850526625763808,-2.7700583403462304,-6.430993,0.6760530849548125,-3.446111425301043,-0.194083356552079
2022-06-23,870.565,-1.7673438853325942,-2.7854326574964454,-6.396543,0.6680496618430766,-3.453482319339522,-0.1837103282952212
2022-06-24,872.212,-0.1127563311390362,-2.8003652146893794,-6.344737,0.659891673300152,-3.4602568879895315,-0.1732225230742619
2022-06-25,873.719,1.401824230987731,-2.8148179297361136,-6.304702,0.6515583429369024,-3.466376272673016,-0.162625542693039
2022-06-26,866.4920000000001,-5.817476118358972,-2.8287521635246318,-6.2630186,0.6430287673642686,-3.4717809308889,-0.1519250605925469
2022-06-27,870.8050000000001,-1.4964189011695028,-2.8421287613033064,-6.2068005,0.634281944809594,-3.4764107061129,-0.1411268175487013
2022-06-28,869.847,-2.4460311280929306,-2.854908095136271,-6.1494884,0.6252968040536012,-3.480204899189872,-0.1302366173271205
2022-06-29,870.7629999999999,-1.5215335983050595,-2.867050107490245,-6.1238613,0.6160522336569709,-3.483102341147216,-0.1192603222989684
2022-06-30,871.924,-0.3518343768703733,-2.878514355910755,-6.091169,0.6065271114449863,-3.485041467355741,-0.1082038490219513
2022-07-01,873.664,1.3971493796531655,-2.889260058743973,-6.0540156,0.5967003342183151,-3.485960392962288,-0.0970731637905563
2022-07-02,871.703,-0.5548953194834585,-2.8992461418588404,-6.026546,0.586550847657518,-3.4857969895163583,-0.0858742781596478
2022-07-03,876.0250000000001,3.776103165127598,-2.908431286322523,-6.0006485,0.5760576763885671,-3.4844889627110898,-0.0746132444455374
2022-07-04,870.932,-1.3077746302410445,-2.916773976980761,-5.980517,0.5651999541762645,-3.481973931157025,-0.0632961512086549
2022-07-05,875.145,2.914578009026891,-2.9242325518931733,-5.96772,0.5539569542121775,-3.478189506105351,-0.05192911872194
2022-07-06,876.938,4.716915394231092,-2.93076525257217,-5.940263,0.5423081194634244,-3.473073372035594,-0.0405182944290758
2022-07-07,877.0409999999999,4.829228848962193,-2.936330274972748,-5.9177246,0.530233093048398,-3.466563368021146,-0.0290698483966786
2022-07-08,871.54,-0.6626855710873345,-2.9408858211790934,-5.8811173,0.517711748605344,-3.4585975697844376,-0.0175899687645436
2022-07-09,864.701,-7.4924314855522045,-2.944390151732726,-5.8375754,0.5047242206195162,-3.449114372352242,-0.0060848571980245
2022-07-10,871.3530000000001,-0.8310114651711444,-2.946801638545622,-5.81278,0.4912509346745273,-3.438052573220149,0.0054392756533791
2022-07-11,868.796,-3.378582243035216,-2.9480788183406785,-5.7777414,0.4772726375934259,-3.4253514559341043,0.0169762146871923
2022-07-12,870.152,-2.01280954674431,-2.948180446560763,-5.739262,0.4627704274349491,-3.410950873995712,0.0285197448648849
2022-07-13,873.989,1.8338705661215604,-2.947065551686572,-5.6955037,0.4477257833104413,-3.394791334997013,0.0400636557105557
2022-07-14,870.6800000000001,-1.4655314280829934,-2.944693489902565,-5.6594005,0.4321205949868905,-3.376814084889456,0.0516017457874366
2022-07-15,875.1949999999999,3.059069764219473,-2.941024000049376,-5.6396,0.4159371922416513,-3.356961192291028,0.0631278271483206
2022-07-16,870.116,-2.0102575803161447,-2.9360172588002103,-5.617711,0.399158373934484,-3.3351756327346944,0.0746357297560438
2022-07-17,869.593,-2.523463350344337,-2.929633935998087,-5.586396,0.3817674367626993,-3.3114013727607863,0.0861193058702149
2022-07-18,876.557,4.450461756419996,-2.9218352500899645,-5.5612793,0.3637482036653637,-3.2855834537553283,0.0975724343964266
2022-07-19,869.1529999999999,-2.9434798253047045,-2.9125830235933163,-5.530566,0.3450850518427424,-3.257668075436059,0.1089890251942391
2022-07-20,868.85,-3.2363859172531955,-2.9018397385300725,-5.484413,0.3257629403573915,-3.227602678887464,0.1203630233402916
2022-07-21,867.269,-4.807162247253945,-2.889568591762422,-5.443212,0.3057674372836243,-3.195336029046046,0.1316884133429484
2022-07-22,878.948,6.882504333360598,-2.8757335501645795,-5.412714,0.2850847463723858,-3.1608182965369656,0.1429592233049541
2022-07-23,874.375,2.320308121381084,-2.860299405564278,-5.3827825,0.2637017331989327,-3.124001138763211,0.1541695290306468
2022-07-24,871.873,-0.1709525930559126,-2.8432318293875345,-5.369733,0.2416059507611213,-3.084837780148656,0.1653134580743396
2022-07-25,872.737,0.7045411677044333,-2.824497426940037,-5.377723,0.2187856644965569,-3.043283091436594,0.1763851937265637
2022-07-26,874.306,2.285107149212162,-2.8040637912584687,-5.376461,0.1952298766873003,-2.999293667945769,0.187378978934934
2022-07-27,869.856,-2.153208833454916,-2.7818995564649827,-5.3555117,0.1709283502213619,-2.9528279066863448,0.1982891201564896
2022-07-28,870.692,-1.3052803256611245,-2.7579744505582298,-5.352425,0.1458716316807607,-2.9038460822389904,0.2091099911384345
2022-07-29,872.038,0.0527968788097679,-2.732259347574376,-5.3561106,0.1200510737264745,-2.8523104213008503,0.2198360366242949
2022-07-30,867.6819999999999,-4.29126559395423,-2.7047263190518493,-5.3522954,0.0934588567512677,-2.798185175803117,0.2304617759825947
2022-07-31,872.9010000000001,0.9400085661249076,-2.6753486847338257,-5.362493,0.0660880097719948,-2.7414366945058206,0.2409818067552485
2022-08-01,875.487,3.538395557687667,-2.644101062442865,-5.392171,0.0379324305336719,-2.682033492976537,0.2513908081229519
2022-08-02,876.1210000000001,4.184820768830742,-2.610959417062558,-5.3814616,0.0089869047983364,-2.6199463218608945,0.2616835442849558
2022-08-03,869.942,-1.9817192632249812,-2.575901108561611,-5.3653083,-0.0207528752075645,-2.5551482333540463,0.2718548677507044
2022-08-04,879.746,7.83500080155022,-2.5389049389963856,-5.3704705,-0.051290293212707,-2.4876146457836783,0.2818997225409163
2022-08-05,871.893,-0.0055076812608447,-2.499951198428665,-5.516625,-0.0826277922120196,-2.4173234062166453,0.2918131472957916
2022-08-06,873.125,1.2391868064947262,-2.459021709696127,-5.5001717,-0.1147668586932114,-2.3442548510029155,0.3015902782881255
2022-08-07,869.952,-1.9210506526107425,-2.416099871973936,-5.4473596,-0.1477080078016535,-2.2683918641722824,0.3112263523392212
2022-08-08,869.73,-2.129872252220994,-2.3711707030667504,-5.4101295,-0.1814507694656717,-2.189719933601079,0.3207167096356045
2022-08-09,867.126,-4.720589751285534,-2.3242208803714743,-5.3842106,-0.2159936755033764,-2.108227204868098,0.3300567964446317
2022-08-10,865.826,-6.0069225802217785,-2.275238780452172,-5.365102,-0.251334247731198,-2.023904532720974,0.3392421677272167
2022-08-11,871.888,0.0688756069357712,-2.2242145171697145,-5.3339763,-0.2874689870933545,-1.93674553007636,0.3482684896460018
2022-08-12,868.429,-3.3756480721059203,-2.171139978309991,-5.2980185,-0.3243933638304297,-1.8467466144795608,0.3571315419673999
2022-08-13,867.567,-4.223088409796523,-2.116008860655784,-5.266499,-0.3621018087042462,-1.7539070519515376,0.3658272203560714
2022-08-14,871.798,0.0226715328114845,-2.058816703448839,-5.2389297,-0.4005877052951757,-1.658228998153663,0.3743515385604895
2022-08-15,870.0550000000001,-1.705008606381421,-1.9995609201900832,-5.2346525,-0.4398433833869317,-1.5597175368031515,0.3827006304883774
2022-08-16,877.398,5.653859444470344,-1.9382408287274624,-5.229734,-0.4798601134528299,-1.4583807152746326,0.3908707521709087
2022-08-17,874.444,2.7157854531616827,-1.8748576795824876,-5.2366643,-0.5206281022563731,-1.3542295773261142,0.3988582836146838
2022-08-18,869.5110000000001,-2.201424409931124,-1.8094146824682045,-5.232538,-0.5621364895779064,-1.247278192890298,0.406659730540599
2022-08-19,875.057,3.3608202591498,-1.7419170309530507,-5.211144,-0.6043733460779337,-1.137543684875117,0.41427172600886
2022-08-20,867.846,-3.8338849094366942,-1.6723719252268223,-5.2061167,-0.6473256723065257,-1.0250462529202966,0.4216910319294902
2022-08-21,870.536,-1.127331126339114,-1.600788592926835,-5.195057,-0.6909793988670931,-0.909809194059742,0.4289145404578096
2022-08-22,871.312,-0.3348985273952172,-1.5271783079842711,-5.178669,-0.7353193877415842,-0.7918589202426871,0.4359392752744718
2022-08-23,873.327,1.696702656947422,-1.4515544074526492,-5.168917,-0.7803294347829911,-0.6712249726696581,0.4427623927497714
2022-08-24,873.8000000000001,2.1863618211203164,-1.373932306282404,-5.1565948,-0.8259922733798116,-0.5479400329025924,0.4493811829920342
2022-08-25,875.8580000000001,4.260977174021807,-1.2943295100075942,-5.1444964,-0.8722895792959325,-0.4220399307116617,0.4557930707800328
2022-08-26,871.659,0.078442631297892,-1.212765625312923,-5.1273665,-0.9192019766881137,-0.2935636486248097,0.4619956163794739
2022-08-27,876.655,5.090929932456815,-1.1292623684513965,-5.10943,-0.9667090453020784,-0.162553323149318,0.4679865162437259
2022-08-28,875.9559999999999,4.4084685606628895,-1.043843571485189,-5.0952053,-1.0147893288469192,-0.0290542426382698,0.4737636035990554
2022-08-29,878.36,6.8289615833063015,-0.9565351863245304,-5.0686736,-1.0634203445463184,0.1068851582217881,0.4793248489147719
2022-08-30,864.323,-7.191791215925719,-0.8673652865417595,-5.0528593,-1.112578593863811,0.2452133073220516,0.4846683602587696
2022-08-31,873.645,2.146533525495137,-0.776364066940001,-5.0400963,-1.162239574398079,0.3858755074580778,0.4897923835390813
2022-09-01,876.016,4.533840882146516,-0.6835638408583672,-5.0191402,-1.2123777929429935,0.5288139520846263,0.4946953026321555
2022-09-02,879.5509999999999,8.08518612877326,-0.5889990351979218,-4.991155,-1.262966779705903,0.6739677445079811,0.499375639398687
2022-09-03,874.9350000000001,3.485544371338116,-0.492706183155197,-4.9731107,-1.3139791036763713,0.8212729205211742,0.5038320535879208
2022-09-04,871.968,0.5348666633661647,-0.3947239146524228,-4.9613137,-1.3653863891363658,0.9706624744839428,0.5080633426314664
2022-09-05,870.2370000000001,-1.1796315039855667,-0.2950929444562449,-4.948495,-1.417159333301617,1.122066388845372,0.5120684413277578
2022-09-06,867.399,-4.001031653150607,-0.1938560579791615,-4.9277444,-1.4692677250826702,1.2754116671035087,0.5158464214183818
2022-09-07,868.7370714285714,-3.711243977741749,-0.0910580947604971,-4.914291,-1.5216804649528843,1.4306223701923872,0.5193964910576221
2022-09-08,870.0751428571429,-2.929838277116926,0.0132540703736895,-4.9133105,-1.5743655859094448,1.5876196562831344,0.5227179941766312
2022-09-09,871.4132142857143,-1.7387433884866264,0.1190315484698243,-4.936422,-1.6272902755122285,1.7463218239820528,0.5258104097437576
2022-09-10,872.7512857142857,-0.2201829387773131,0.2262234599205394,-4.955009,-1.680420898984175,1.9066443589047144,0.5286733509226421
2022-09-11,874.0893571428571,1.5446329105958885,0.3347769602457718,-4.9672666,-1.7337230233556091,2.068499983601381,0.5313065641297816
2022-09-12,875.4274285714285,3.4733540690886637,0.4446372681714016,-4.9685245,-1.7871614426338238,2.2317987108052253,0.5337099279933504
2022-09-13,876.7655,5.482754824310949,0.5557476959930242,-5.0084996,-1.8407002039780351,2.3964478999710592,0.5358834522151503
2022-09-14,878.1035714285715,7.4921886001972675,0.668049682209817,-4.9960485,-1.8943026348587264,2.562352317068544,0.5378272763376428
2022-09-15,879.4416428571429,9.419520192920244,0.7814828264108368,-4.9598393,-1.947931371179222,2.7294141975900588,0.5395416684181051
2022-09-16,880.7797142857144,11.183059290531908,0.8959849263934784,-4.923425,-2.0015483863362937,2.897533312729772,0.5410270236120064
2022-09-17,882.1177857142858,12.700883000956914,1.0114920174912176,-4.8962193,-2.0551150211954528,3.06660703868667,0.5422838626678008
2022-09-18,883.4558571428572,13.891073911538404,1.1279384140851496,-4.897026,-2.108592014955582,3.2365304290407315,0.5433128303353865
2022-09-19,884.7939285714286,14.671581972540436,1.2452567532713013,-5.020545,-2.1619395368764693,3.4071962901477706,0.5441146936905499
2022-09-20,886.1320000000001,14.960527382035409,1.3633780406530631,-5.2119017,-2.2151172188418347,3.5784952594948978,0.5446903403777908
2022-09-21,874.456,3.300449228951819,1.4822316982256194,-5.2473693,-2.2680841887294187,3.750315886955038,0.5450407767739719
2022-09-22,866.069,-5.070678126973772,1.6017456143166744,-5.2183833,-2.3207991045587666,3.922544718875441,0.5451671260753049
2022-09-23,878.955,7.831258948052453,1.721846195545313,-5.156896,-2.37322018938638,4.095066384931693,0.545070626310233
2022-09-24,878.944,7.836260177817309,1.8424584207583792,-5.0926733,-2.425305266917016,4.267763687675395,0.544752628280835
2022-09-25,873.039,1.9472365593659688,1.963505896901272,-5.0359426,-2.47701179779904,4.440517694700311,0.5442145934354113
2022-09-26,875.075,3.9992026824796376,2.084910916777746,-4.9914894,-2.5282969165708677,4.613207833348613,0.5434580916749652
2022-09-27,877.345,6.285231065831931,2.206594518650873,-4.948487,-2.579117469224744,4.785711987875617,0.5424847990963418
2022-09-28,876.3689999999999,5.325328862728989,2.328476547635024,-4.89858,-2.6294300513532964,4.957906598988321,0.5412964956748132
2022-09-29,878.117,7.089470959297211,2.450475718826504,-4.8699403,-2.679191046843575,5.129666765670079,0.5398950628889488
2022-09-30,879.865,8.85368667085444,2.572509682118153,-4.845051,-2.728356667082544,5.300866349200697,0.5382824812906316
2022-10-01,877.016,6.020633223569172,2.6944950886411805,-4.831675,-2.776882990637337,5.471378079278518,0.536460828023121
2022-10-02,877.5840000000001,6.604648952593005,2.816347658775208,-4.807911,-2.8247260033729296,5.641073662148138,0.5344322742900794
2022-10-03,869.922,-1.041263721707265,2.937982251665596,-4.7865815,-2.871841638969261,5.809823890634856,0.5321990827785149
2022-10-04,872.417,1.4703413451557914,3.05931293618502,-4.763893,-2.9181858197992896,5.97749875598431,0.5297636050385954
2022-10-05,873.726,2.796092150506472,3.180253063274291,-4.736379,-2.9637144981289194,6.14396756140321,0.5271282788233268
2022-10-06,877.653,6.739906759917571,3.300715339595619,-4.6983266,-3.0083836975992204,6.309099037194839,0.5242956253910837
2022-10-07,872.78,1.8837876738391524,3.4206119024295902,-4.668033,-3.052149554950961,6.472761457380551,0.5212682467739949
2022-10-08,877.536,6.656521967384345,3.539854395745456,-4.6496744,-3.09496836195099,6.634822757696446,0.5180488230152049
2022-10-09,872.151,1.288300107700736,3.6583540473725673,-4.6305337,-3.136796607479676,6.795150654852243,0.5146401093780126
2022-10-10,877.374,6.528554458305247,3.776021747199247,-4.616852,-3.177591019738274,6.953612766937521,0.5110449335299101
2022-10-11,880.977,10.148860915116147,3.8927681263237783,-4.5901136,-3.21730860853476,7.110076734858539,0.5072661927045284
2022-10-12,881.061,10.250222006194312,4.008503637080764,-4.574225,-3.255906707606459,7.264410344687223,0.5033068508444968
2022-10-13,878.6239999999999,7.830561571410734,4.123138633864733,-4.560836,-3.293343016937579,7.416481650802313,0.4991699357281978
2022-10-14,876.672,5.895958688749282,4.236583454671496,-4.528056,-3.3295756450295686,7.566159099701064,0.4948585360834207
2022-10-15,884.952,14.193415874617312,4.348748503276611,-4.51034,-3.3645631510821348,7.713311654358746,0.4903757986908501
2022-10-16,880.595,9.853935645422885,4.459544331969119,-4.5178022,-3.398264587042621,7.85780891901174,0.4857249254803567
2022-10-17,882.477,11.753520517573383,4.568881724757656,-4.506093,-3.4306395394814784,7.999521264239134,0.4809091706229991
2022-10-18,880.936,10.230173007476974,4.676671780965089,-4.4744186,-3.4616481712514946,8.138319952216584,0.4759318376216358
2022-10-19,883.983,13.294867757736045,4.782825999126955,-4.44076,-3.4912512628885493,8.274077262015505,0.4707962764030186
2022-10-20,878.28,7.609634401123236,4.88725636110814,-4.403692,-3.5194102537117367,8.406666614819876,0.4655058804141975
2022-10-21,883.846,13.19347544991856,4.989875416351586,-4.376905,-3.546087282580827,8.535962698932412,0.4600640837260438
2022-10-22,883.4499999999999,12.815169195741577,5.090596366172156,-4.4507904,-3.571245228269224,8.66184159444138,0.4544743581466535
2022-10-23,883.426,12.808928686842489,5.189333148008314,-4.4838247,-3.594847749410813,8.784180897419127,0.4487402103473529
2022-10-24,874.297,3.6977584576528777,5.286000519543794,-4.5167384,-3.616859323979334,8.902859843523128,0.4428651790039939
2022-10-25,875.465,4.883666171369584,5.380514142611183,-4.5231576,-3.637245288259241,9.017759430870424,0.4368528319561698
2022-10-26,872.203,1.6396543051549868,5.472790666789016,-4.530282,-3.655971875267376,9.128762542056393,0.4307067633869426
2022-10-27,877.9590000000001,7.413062453169511,5.562747812603941,-4.533709,-3.673006252585136,9.235754065189075,0.4244305910256191
2022-10-28,883.4920000000001,12.96349437272544,5.650304454249376,-4.5248137,-3.688316559561307,9.338621013810684,0.4180279533760621
2022-10-29,878.696,8.184691025340705,5.735380701732223,-4.514861,-3.701871943846175,9.437252645578395,0.411502506972963
2022-10-30,877.927,7.432977600441342,5.817897982359302,-4.525484,-3.713642597218058,9.53154057957736,0.4048579236684552
2022-10-31,880.061,9.584356415001997,5.897779121475441,-4.517975,-3.723599790664,9.62137891213944,0.398097887951374
2022-11-01,887.503,17.043829785997314,5.974948422365523,-4.597481,-3.7317159086769065,9.706664331042427,0.3912260943014178
2022-11-02,880.949,10.507400030401543,6.049331745233215,-4.724331,-3.7379644827320897,9.787296227965305,0.3842462445804032
2022-11-03,879.591,9.166929024728734,6.120856585169648,-4.787625,-3.742320223906895,9.863176809076542,0.3771620454627241
2022-11-04,879.186,8.779287797327076,6.189452149026027,-4.8419166,-3.7447590546077305,9.934211203633758,0.3699772059070811
2022-11-05,877.819,7.429682596795755,6.255049431104787,-4.9434943,-3.745258139369666,10.000307570474453,0.3626954346714634
2022-11-06,879.8969999999999,9.203996213561132,6.317581287584849,-5.0203743,-3.743795914694507,10.061377202279356,0.3553204378732937
2022-11-07,881.9749999999999,11.620573731331008,6.3769825095974015,-5.3993464,-3.740352117894098,10.1173346274915,0.3478559165965827
2022-11-08,882.9590000000001,12.62196955317011,6.433189894869709,-6.048087,-3.7349078149065247,10.168097709776234,0.3403055645478621
2022-11-09,881.413,11.09305414801279,6.486142317855546,-6.355231,-3.727445427053712,10.213587744909258,0.3326730657625882
2022-11-10,881.3910000000001,11.088078534411483,6.535780798272089,-6.3524404,-3.717948756709924,10.253729554982014,0.3249620923636312
2022-11-11,875.8209999999999,5.5349030608541225,6.582048567964411,-6.3279305,-3.70640301185164,10.288451579816051,0.3171763023733927
2022-11-12,871.513,1.243652543207057,6.624891136020142,-6.29759,-3.6927948294602215,10.317685965480363,0.3093193375810104
2022-11-13,875.2579999999999,5.006128577644648,6.664256352058352,-6.276961,-3.6771122977499378,10.34136864980829,0.3013948214660306
2022-11-14,871.98,1.7456420891808797,6.700094467618271,-6.253075,-3.65934497719487,10.35943944481314,0.2934063571798517
2022-11-15,873.974,3.7571319988395953,6.732358195575182,-6.215594,-3.6394839203294143,10.371842115904595,0.2853575255861502
2022-11-16,875.7660000000001,5.566679240423989,6.7610027675125695,-6.170789,-3.617521690298152,10.37852445781072,0.2772518833614383
2022-11-17,872.8059999999999,2.6242562741252646,6.785985988981431,-6.139379,-3.593452378132065,10.379438367113496,0.2690929611567958
2022-11-18,871.429,1.2644433295087154,6.807268292579627,-6.1053205,-3.5672716187292317,10.374539911308858,0.2608842618217538
2022-11-19,877.351,7.203277191799884,6.824812788786113,-6.072848,-3.538976605519355,10.363789394305469,0.2526292586912194
2022-11-20,872.1640000000001,2.033099657816308,6.83858531448704,-6.0451217,-3.5085661037926905,10.347151418279733,0.2443313939362421
2022-11-21,876.479,6.36495709533526,6.848554479132842,-6.010573,-3.476040462675225,10.324594941808067,0.2359940769793425
2022-11-22,876.0740000000001,5.97685347950764,6.854691708467669,-5.9821343,-3.4414016257331923,10.296093334200862,0.2276206829750461
2022-11-23,880.288,10.207427445023251,6.85697128577489,-5.9510255,-3.404653140191344,10.261624425966234,0.2192145513561658
2022-11-24,869.788,-0.2759654384164109,6.855370390584698,-5.945431,-3.3658001647506937,10.22117055533539,0.2107789844463106
2022-11-25,868.585,-1.4622890762762957,6.849869134792407,-5.9423323,-3.324849475992764,10.17471861078517,0.2023172461389996
2022-11-26,874.331,4.300415237931681,6.84045059613845,-5.961082,-3.28180947335876,10.12226006949721,0.19383256064369
2022-11-27,879.242,9.228151044900429,6.827100849003753,-5.962807,-3.236690182693408,10.06379103169716,0.1853281112989316
2022-11-28,881.5600000000001,11.56289213866365,6.809808992476756,-5.9546876,-3.189503258344605,9.999312250821362,0.1768070394527911
2022-11-29,887.379,17.398586643293022,6.788567175651108,-5.943365,-3.1402619838114,9.928829159462508,0.1682724434106014
2022-11-30,878.305,8.341262259187713,6.7633706201157295,-5.969277,-3.08898127093424,9.85235189104997,0.1597273774500066
2022-12-01,882.55,12.602887884151473,6.734217639601896,-6.293233,-3.035677657622793,9.76989529722469,0.151174850903201
2022-12-02,880.073,10.142517664096449,6.7011096567546895,-6.5750566,-2.98036930411812,9.68147896087281,0.1426178273061788
2022-12-03,878.7375999999999,8.275028068945886,6.664051216999186,-6.873706,-2.923075987787351,9.587127204786537,0.1340592236147281
2022-12-04,877.4022,6.487053080244196,6.623049999474699,-7.4441895,-2.8638190964504737,9.486869095925172,0.1255019094868313
2022-12-05,876.0668,4.973414750597995,6.578116825013308,-7.486907,-2.8026216202402576,9.380738445253566,0.1169487066310576
2022-12-06,874.7314,3.928618388537795,6.529265661141976,-7.5076323,-2.739508141997784,9.26877380313976,0.1084023882204515
2022-12-07,873.396,3.5477434682961304,6.476513624090688,-7.5201216,-2.6745048262074733,9.151018450298162,0.099865678371363
2022-12-08,876.034,6.201865594695959,6.419880977792011,-7.5348983,-2.6076394064769546,9.027520384268966,0.0913412516865683
2022-12-09,881.39,11.574014150036936,6.359391129860664,-7.5623655,-2.5389411715685117,8.898332301429175,0.0828317328619912
2022-12-10,883.047,13.247192091954464,6.295070624544852,-7.9631267,-2.4684409499903226,8.763511574535174,0.0743396963562331
2022-12-11,875.323,5.539326036271207,6.226949132644232,-8.936675,-2.396171093157092,8.623120225801324,0.0658676661220827
2022-12-12,873.221,3.453343306442396,6.155059438392574,-9.014664,-2.32216545713109,8.477224895523664,0.057418115399078
2022-12-13,875.524,5.772355455272522,6.079437423306391,-9.030909,-2.2464593829560404,8.325896806262431,0.0489934665661718
2022-12-14,881.952,12.216397219911457,6.000122047004015,-9.034499,-2.169089675597696,8.16921172260171,0.0405960910534383
2022-12-15,878.604,8.884395938666064,5.917155325002765,-9.02593,-2.090094581506287,8.007249906509053,0.0322283093117432
2022-12-16,871.7510000000001,2.047425799164832,5.830582303505148,-8.984614,-2.009513764817458,7.840096068322605,0.0238923908392166
2022-12-17,876.518,6.830161961467339,5.740451031188123,-8.942273,-1.9273882822096184,7.667839313397741,0.0155905542633183
2022-12-18,872.413,2.7409141364014333,5.646812528012849,-8.899358,-1.84376055643702,7.490573084449869,0.0073249674772272
2022-12-19,874.544,4.887235860866438,5.549720751075317,-8.853093,-1.7586743485591454,7.308395099634462,-0.0009022521707569
2022-12-20,878.755,9.113393238175608,5.449232557521653,-8.829118,-1.672174728888379,7.121407286410032,-0.0090890376361719
2022-12-21,871.072,1.445563864971568,5.34540766455493,-8.812718,-1.5843080466791268,6.929715711234056,-0.0172333718871249
2022-12-22,872.7479999999999,3.136799425342452,5.238308606563551,-8.77989,-1.4951218985829118,6.733430505146462,-0.0253332875642611
2022-12-23,874.943,5.347050090039764,5.128000689404338,-8.77457,-1.4046650958951492,6.532665785299487,-0.033386866593472
2022-12-24,873.0830000000001,3.502317485611014,5.014551941876652,-8.774242,-1.312987630620568,6.32753957249722,-0.0413922397528893
2022-12-25,869.371,-0.194396761396467,4.898033064426863,-8.753217,-1.220140640385422,6.118173704812285,-0.0493475861957531
2022-12-26,873.97,4.4199219599629895,4.778517375125609,-8.7478285,-1.126176372225822,5.904693747351431,-0.0572511329307668
2022-12-27,880.9200000000001,11.38526193315372,4.656080752963213,-9.604313,-1.0311481452826556,5.687228898245868,-0.0651011542616052
2022-12-28,877.274,7.754476423870981,4.530801578511732,-9.739538,-0.9351103124346762,5.465911890946408,-0.0728959711872545
2022-12-29,876.12,6.615215779984138,4.402760672004869,-9.854311,-0.8381182209024308,5.2408788929073005,-0.0806339507648977
2022-12-30,878.0360000000001,8.545686488633581,4.272041228889994,-10.2838545,-0.7402281718567658,5.01226940074676,-0.0883135054371012
2022-12-31,875.885,6.4089846667219375,4.138728752909314,-11.341591,-0.6414973790666469,4.780226131975961,-0.0959330923250506
2023-01-01,880.97,11.50759640370217,4.00291098677,-11.945045,-0.5419839266220466,4.544894913392047,-0.1034912124896406
2023-01-02,871.351,1.9021903189360323,3.864677840465791,-11.943358,-0.4417467257685939,4.3064245662343845,-0.110986410162215
2023-01-03,868.702,-0.7332544590089931,3.72412131731532,-12.071861,-0.3408454708916079,4.064966788206928,-0.1184172719467865
2023-01-04,873.951,4.529311990624642,3.581335437784944,-12.099125,-0.2393405946880191,3.820676032472963,-0.1257824259955739
2023-01-05,874.3069999999999,4.898836536204866,3.436416161166429,-12.8694105,-0.1372932225655425,3.573709383731972,-0.1330805411597033
2023-01-06,869.932,0.5370538527202964,3.289461305182313,-12.906207,-0.0347651263092637,3.3242264314915766,-0.1403103261169372
2023-01-07,870.741,1.3592397490651908,3.1405704635941603,-12.86415,0.06818132294343,3.07238914065073,-0.1474705284782918
2023-01-08,871.789,2.420626945723628,2.9898449218912377,-13.160789,0.1714832023778804,2.818361719513357,-0.1545599338754179
2023-01-09,867.923,-1.4320642718667471,2.837387571139401,-14.261593,0.2750770857848151,2.562310485354586,-0.1615773650306105
2023-01-10,876.655,7.31330004478132,2.68330282007216,-15.07412,0.3788990924075879,2.304403727664572,-0.1685216808113229
2023-01-11,865.1189999999999,-4.209422513859195,2.527696505507917,-15.140964,0.4828849363104038,2.0448115691975137,-0.1753917752710498
2023-01-12,864.853,-4.462010192323021,2.3706758011794795,-15.112566,0.5869699762233094,1.78370582495617,-0.1821865766784413
2023-01-13,866.7810000000001,-2.5203652457354684,2.2123491250637315,-15.136997,0.6910892658192586,1.521259859244473,-0.1889050465365035
2023-01-14,865.9050000000001,-3.382756089055597,2.052826045301292,-15.686016,0.7951776043780486,1.2576484409232431,-0.1955461785937255
2023-01-15,869.038,-0.235989323185084,1.8922171847976337,-16.007576,0.8991695877914827,0.993047597006151,-0.202108997848965
2023-01-16,865.602,-3.657123979398601,1.7306341245988135,-16.58521,1.0029996598637578,0.7276344647350559,-0.20859255955191
2023-01-17,865.663,-3.581076966169605,1.568189306136518,-16.557137,1.1066021638606978,0.4615871422758202,-0.2149959482009089
2023-01-18,868.177,-1.052097709598014,1.4049959324385275,-16.481974,1.2099113942611552,0.1950845381773722,-0.2213182765399558
2023-01-19,872.707,3.49319615720219,1.2411678684020833,-16.497316,1.3128616486636768,-0.0716937802615935,-0.227558684556578
2023-01-20,860.943,-8.255994567712893,1.0768195402288894,-16.38795,1.41538727980128,-0.3385677395723905,-0.2337163384823662
2023-01-21,857.581,-11.60299181330681,0.9120658341215728,-16.289452,1.5174227476170552,-0.6053569134954825,-0.2397904297978533
2023-01-22,859.368,-9.801004927571142,0.7470219943425177,-16.196972,1.6189026713531818,-0.8718806770106641,-0.2457801742434148
2023-01-23,866.6460000000001,-2.5075992283325705,0.5818035207368836,-16.102388,1.7197618816058835,-1.1379583608690005,-0.2516848108378473
2023-01-24,860.476,-8.662300717745143,0.4165260658224434,-16.024708,1.819935472298804,-1.4034094064763607,-0.2575036009062367
2023-01-25,865.9,-3.222984028361884,0.25130533154958,-15.944117,1.9193588525273488,-1.6680535209777687,-0.2632358271187022
2023-01-26,856.332,-12.775504800478974,0.0862569658354376,-15.848351,2.0179677982265654,-1.931710832391128,-0.2688807925415615
2023-01-27,860.829,-8.262884322310764,-0.0785035410233798,-15.766968,2.1156985036153024,-2.1942020446386823,-0.2744378197024267
2023-01-28,864.0830000000001,-4.993234786826714,-0.2428609599547213,-15.684517,2.212487632369494,-2.4553485923242158,-0.2799062496707039
2023-01-29,861.039,-8.021643500863732,-0.4067004266262892,-15.688041,2.308272368477693,-2.714972795103982,-0.2852854411549242
2023-01-30,867.0759999999999,-1.9691297658503428,-0.5699075447673176,-15.628698,2.402990466732174,-2.972898011499492,-0.290574769618294
2023-01-31,864.832,-4.197679814848351,-0.7323684891912235,-15.551565,2.49658030280929,-3.228948792000513,-0.2957736264138086
2023-02-01,860.395,-8.619219460947653,-0.8939701084140101,-15.473898,2.588980922893055,-3.4829510313070653,-0.3008814179402276
2023-02-02,867.896,-1.102493567841143,-1.0546000267633815,-15.3959465,2.680132092796391,-3.734732119559773,-0.3058975648201588
2023-02-03,864.913,-4.069212737745875,-1.2141467458738526,-15.333386,2.7699743465348425,-3.984121092408695,-0.3108215011014634
2023-02-04,868.557,-0.4087851625624257,-1.37249974546351,-15.257175,2.858449034308133,-4.230948779771643,-0.3156526734831263
2023-02-05,868.407,-0.542428840725222,-1.5295495832886403,-15.622537,2.945498369845386,-4.475047953134027,-0.3203905405666998
2023-02-06,867.649,-1.2842360882409114,-1.685187994173067,-15.582647,3.0310654770704595,-4.716253471243526,-0.3250345721343727
2023-02-07,862.337,-6.580129035306432,-1.839307988009783,-15.522849,3.115094436044462,-4.954402424054244,-0.3295842484546638
2023-02-08,856.294,-12.60717852281503,-1.9918039466333533,-15.460946,3.197530328143138,-5.189334274776492,-0.3340390596166818
2023-02-09,854.135,-14.750182123426413,-2.142571719462512,-15.397755,3.278319280427559,-5.420890999890071,-0.3383985048938508
2023-02-10,867.3570000000001,-1.5116307636325264,-2.291508717813465,-15.31663,3.357408509167275,-5.648917226980741,-0.3426620921379255
2023-02-11,874.922,6.069883077401642,-2.438514007785661,-15.313292,3.434746362475856,-5.873260370261518,-0.3468293372040911
2023-02-12,871.116,2.279836609847852,-2.583488401622995,-15.253627,3.510282362019633,-6.093770763642628,-0.3508997634078573
2023-02-13,869.262,0.4413032602109519,-2.7263345474549268,-15.1992035,3.583967243761219,-6.310301791216146,-0.3548729010144218
2023-02-14,868.379,-0.426496117859914,-2.8669570173234726,-15.217558,3.6557529977003766,-6.522710015023849,-0.3587482867611095
2023-02-15,866.5070000000001,-2.283351558224912,-3.005262393403599,-15.173647,3.725592906575709,-6.730855299979308,-0.3625254634134385
2023-02-16,866.2115000000001,-2.702581387852871,-3.141159352326397,-15.1108265,3.793441583491592,-6.934600935817988,-0.3662039793553041
2023-02-17,865.916,-2.8430633981706475,-3.2745587475161235,-15.029205,3.859255008435831,-7.133813755951954,-0.3697833882137165
2023-02-18,870.797,2.0539757003802146,-3.4053736894542,-14.939408,3.922990563654534,-7.3283642531087345,-0.373263248518471
2023-02-19,867.88,-0.8472382247991055,-3.533519623785242,-14.864625,3.9846070678517793,-7.518126691637022,-0.3766431233970566
2023-02-20,869.8770000000001,1.165563172026019,-3.658914407182362,-14.794858,4.044064809182766,-7.702979216365128,-0.3799225803050761
2023-02-21,866.795,-1.900731020266572,-3.781478380891144,-14.784049,4.101325577010288,-7.882803957901431,-0.3831011907923617
2023-02-22,866.527,-2.15314158382461,-3.901134441874052,-14.930766,4.156352692395505,-8.057487134269557,-0.3861785303049392
2023-02-23,862.611,-6.053642760807645,-4.017808111479407,-15.054287,4.209111037295247,-8.226919148774654,-0.3891541780229154
2023-02-24,856.105,-12.544453269711257,-4.131427601561535,-15.609558,4.259567082439244,-8.390994684000779,-0.3920277167343161
2023-02-25,858.063,-10.57106425169135,-4.241923877981285,-16.307467,4.30768891386198,-8.549612791843265,-0.3947987327448412
2023-02-26,863.032,-5.586884164241165,-4.349230721418764,-16.394728,4.353446258065128,-8.702676979483893,-0.3974668158234457
2023-02-27,864.347,-4.256994356521641,-4.453284785432831,-16.773369,4.396810505787808,-8.85009529122064,-0.4000315591836018
2023-02-28,866.733,-1.856199484073981,-4.554025651704731,-17.09451,4.437754734363271,-8.991780386068001,-0.4024925595000339
2023-03-01,855.217,-13.357507642668818,-4.6513958824061294,-17.539999,4.476253728641924,-9.127649611048051,-0.4048494169606777
2023-03-02,862.887,-5.672940318172758,-4.745341069634698,-17.49816,4.512284000461991,-9.257625070096688,-0.4071017353535359
2023-03-03,862.36,-6.185496450484552,-4.83580988186351,-17.448872,4.545823806650482,-9.381633688513991,-0.4092491221880808
2023-03-04,871.191,2.660144110444393,-4.922754107353498,-17.479326,4.576853165538562,-9.49960727289206,-0.4112911888507682
2023-03-05,847.6479999999999,-20.86819108542679,-5.006128694481402,-17.756577,4.605353871976775,-9.611482566458175,-0.4132275507942027
2023-03-06,860.253,-8.248287496972987,-5.085891788938831,-17.751068,4.63130951083707,-9.7172012997759,-0.4150578277594243
2023-03-07,856.887,-11.599750861061311,-5.162004767761304,-17.694374,4.654705468989994,-9.816710236751298,-0.4167816440307473
2023-03-08,856.975,-11.49722676684668,-5.234432270149437,-17.667025,4.67552894574683,-9.909961215896269,-0.418398628722529
2023-03-09,857.846,-10.612072949621908,-5.3031422250477895,-17.668783,4.693768961757995,-9.996911186805786,-0.4199084160972003
2023-03-10,863.697,-4.747265577328069,-5.36810587545026,-19.00837,4.709416366360425,-10.077522241810684,-0.4213106459138387
2023-03-11,863.472,-4.958822566072308,-5.429297799404387,-19.50171,4.722463843368164,-10.151761642772552,-0.4226049638065318
2023-03-12,859.5390000000001,-8.878687169269842,-5.4866959276903176,-19.64913,4.7329059153018775,-10.219601842992194,-0.4237910216917176
2023-03-13,858.866,-9.538871337245409,-5.540281558153772,-19.698862,4.740738946054482,-10.281020504208254,-0.4248684782036604
2023-03-14,866.918,-1.474116769080128,-5.59003936667577,-20.210546,4.745961141991547,-10.336000508667317,-0.4258369991571779
2023-03-15,866.458,-1.921348345390169,-5.635957414765542,-20.57002,4.748572551486672,-10.384529966252211,-0.4266962580366842
2023-03-16,862.776,-5.590581230529557,-5.678027153766516,-20.464367,4.748575062893461,-10.426602216659976,-0.4274459365105946
2023-03-17,861.5205,-7.32855015550949,-5.716243425668902,-20.320343,4.745972400957266,-10.462215826626167,-0.4280857249700833
2023-03-18,860.265,-8.076444902338773,-5.75060446052604,-20.152658,4.740770121671296,-10.491374582197334,-0.4286153230911656
2023-03-19,861.176,-7.153195222974032,-5.781111870475168,-20.26017,4.732975605583209,-10.514087476058377,-0.4290344404190302
2023-03-20,863.859,-4.458032064989332,-5.80777064036702,-20.318188,4.722598049559751,-10.530368689926773,-0.4293427969735294
2023-03-21,859.315,-8.990013702363372,-5.83058911501215,-20.558092,4.709648457018455,-10.540237572030604,-0.4295401238746929
2023-03-22,866.8439999999999,-1.449375551043766,-5.849578983055599,-20.72917,4.69413962663691,-10.543718609692508,-0.4296261639871084
2023-03-23,861.8280000000001,-6.453999714740662,-5.864755257495023,-20.683397,4.676086139551497,-10.54084139704652,-0.4296006725819964
2023-03-24,857.039,-11.232000078027248,-5.876136252861087,-20.582499,4.655504345058936,-10.531640597920022,-0.4294634180157571
2023-03-25,852.656,-15.60437303875772,-5.883743559082434,-20.44634,4.63241234483542,-10.516155903917854,-0.4292141824237735
2023-03-26,856.555,-11.695003758853389,-5.887602012061135,-20.292952,4.606829975689487,-10.49443198775062,-0.4288527624282175
2023-03-27,855.577,-12.663002944918151,-5.887739660988061,-20.127737,4.578778790866148,-10.466518451854208,-0.428378969858588
2023-03-28,855.472,-12.7582915763451,-5.884187732431115,-20.1681,4.548282039921194,-10.43246977235231,-0.4277926324837022
2023-03-29,860.927,-7.2937097102721555,-5.876980591232722,-20.54968,4.515364647185903,-10.392345238418624,-0.4270935947538354
2023-03-30,867.7040000000001,-0.5069255209974228,-5.866155698256486,-20.539145,4.480053188843721,-10.346208887100207,-0.4262817185517036
2023-03-31,854.899,-13.30273188966403,-5.851753565026233,-20.416874,4.442375868641755,-10.294129433667988,-0.4253568839509601
2023-04-01,857.973,-10.219901632902475,-5.833817705304108,-20.297806,4.4023624922612274,-10.236180197565336,-0.4243189899808745
2023-04-02,864.721,-3.46343103651291,-5.812394583657658,-20.177431,4.360044440372266,-10.172439024029924,-0.4231679553958627
2023-04-03,863.5310000000001,-4.645316386295624,-5.787533561069114,-20.138588,4.315454640399635,-10.102988201468747,-0.4219037194485132
2023-04-04,865.9559999999999,-2.2123242916879624,-5.759286837643316,-20.03287,4.268627537027196,-10.027914374670512,-0.4205262426647678
2023-04-05,860.501,-7.659444777435974,-5.727709392473838,-19.915968,4.219599061470081,-9.947308453943918,-0.4190355076199107
2023-04-06,852.579,-15.573278689759938,-5.692858920730036,-19.795025,4.168406599544671,-9.861265520274706,-0.4174315197140084
2023-04-07,864.582,-3.5624436995575293,-5.654795768030683,-19.746271,4.115088958567579,-9.769884726598262,-0.4157143079454662
2023-04-08,858.485,-9.65193593150015,-5.613582862172913,-19.630386,4.059686333115939,-9.673269195288851,-0.4138839256813509
2023-04-09,858.894,-9.235751510259464,-5.569285642288017,-19.51843,4.002240269682301,-9.57152591197032,-0.4119404514231498
2023-04-10,863.359,-4.763541506978122,-5.521971985498488,-19.401966,3.942793630258472,-9.46476561575696,-0.4098839895666367
2023-04-11,864.478,-3.637419619807624,-5.471712131153441,-19.307217,3.8813905548836014,-9.353102686037042,-0.4077146711545258
2023-04-12,859.8280000000001,-8.280488496071941,-5.418578602722221,-19.184366,3.818076423192736,-9.236655025914956,-0.4054326546206169
2023-04-13,865.309,-2.792633502121248,-5.362646127428541,-19.06584,3.7528978150029833,-9.115543942431524,-0.4030381265241248
2023-04-14,862.718,-5.376660004442471,-5.303991553710035,-18.931002,3.6859024699752574,-8.989894023685293,-0.4005313022729327
2023-04-15,862.91,-5.177846950821617,-5.24269376659046,-18.803608,3.6171392463904537,-8.859833012980914,-0.397912426834498
2023-04-16,862.7139999999999,-5.367195418765792,-5.178833601054151,-18.679432,3.546658079079593,-8.725491680133743,-0.3951817754331755
2023-04-17,861.7869999999999,-6.287502682489538,-5.112493753514503,-18.55605,3.474509936548311,-8.587003690062815,-0.3923396542327328
2023-04-18,868.8209999999999,0.7529507689524184,-5.043758691470364,-18.48407,3.400746777336713,-8.444505468807076,-0.3893864010028673
2023-04-19,863.437,-4.625123459441605,-4.972714561446294,-18.37853,3.3254215056562684,-8.298136067102561,-0.3863223857685363
2023-04-20,861.701,-6.355436645876435,-4.899449095314482,-18.267159,3.248587926346073,-8.148037021660555,-0.3831480114409656
2023-04-21,860.572,-7.47898469564217,-4.8240515150980245,-18.154696,3.170300699191351,-7.994352214289376,-0.3798637144292012
2023-04-22,865.998,-2.047470980996313,-4.746612436356847,-18.018805,3.090615292647592,-7.8372277290044385,-0.3764699652311125
2023-04-23,862.6890000000001,-5.351175990994027,-4.667223770259263,-17.902332,3.009587937014238,-7.676811707273501,-0.372967269002784
2023-04-24,865.351,-2.6840955876049657,-4.585978624443585,-17.77672,2.927275577102243,-7.513254201545828,-0.3693561661052546
2023-04-25,860.249,-7.781225632798471,-4.502971202775566,-17.632572,2.843735824440225,-7.346707027215791,-0.3656372326276069
2023-04-26,858.3340000000001,-9.691561988544535,-4.41829670410876,-17.510717,2.759026909064321,-7.1773236131730815,-0.3618110808854319
2023-04-27,861.6790000000001,-6.342100516812849,-4.332051220155995,-17.382975,2.67320763093709,-7.005258851093084,-0.3578783598937405
2023-04-28,865.024,-2.9925100377010665,-4.244331632581151,-17.232788,2.5863373110411567,-6.830668943622308,-0.353839755813414
2023-04-29,857.461,-10.551122489356729,-4.155235509421432,-17.067896,2.498475742193416,-6.653711251614848,-0.3496959923703414
2023-04-30,854.831,-13.1769071195252,-4.06486100095102,-16.921982,2.409683139625848,-6.474544140576867,-0.3454478312464067
2023-05-01,861.518,-6.485885582988615,-3.9733067350976663,-16.805964,2.3200200913790767,-6.293326826476744,-0.3410960724415577
2023-05-02,867.872,-0.1276230541222682,-3.8806717125244496,-16.824205,2.229547508554931,-6.11021922107938,-0.3366415546061918
2023-05-03,868.2339999999999,0.2384155645169956,-3.787055201489145,-16.72629,2.1383265754742,-5.925381776963345,-0.332085155343171
2023-05-04,869.011,1.019140407321558,-3.692556632594161,-16.694782,2.046418699785884,-5.738975332380045,-0.3274277914787906
2023-05-05,870.999,3.0107261333729047,-3.5972754935399966,-16.635695,1.953885462574066,-5.551160956114063,-0.3226704193020887
2023-05-06,861.281,-6.7039042256999695,-3.5013112239954016,-16.629799,1.8607885685084904,-5.3620997925038925,-0.3178140347719152
2023-05-07,861.105,-6.87674083046312,-3.404763110697174,-16.497637,1.7671897960847451,-5.171952906781919,-0.3128596736912272
2023-05-08,863.572,-4.406779435861086,-3.3077301828925005,-16.374044,1.6731509479997602,-4.980881130892261,-0.3078084118481236
2023-05-09,859.9069999999999,-8.068911304700778,-3.2103111082362847,-16.223963,1.578733801708079,-4.789044909944364,-0.3026613651231676
2023-05-10,861.812,-6.160799360648726,-3.112604089255629,-16.071815,1.4840000602040644,-4.596604149459694,-0.2974196895626044
2023-05-11,857.355,-10.614770289371332,-3.0147067604928584,-15.952168,1.3890113030748854,-4.403718063567744,-0.2920845814171163
2023-05-12,861.441,-6.525857877073522,-2.9167160864380457,-15.832813,1.2938289378687269,-4.210545024306772,-0.2866572771458094
2023-05-13,859.7399999999999,-8.22408841945134,-2.8187282603609547,-15.724057,1.1985141518222433,-4.017242412183198,-0.2811390533851662
2023-05-14,858.653,-9.308485140433625,-2.7208386041515364,-15.606929,1.1031278639908386,-3.823966468142375,-0.2755312268827523
2023-05-15,857.894,-10.064712597704457,-2.623141469277014,-15.464071,1.007730677824795,-3.630872147101809,-0.2698351543955068
2023-05-16,856.097,-11.858370216992732,-2.5257301389624254,-15.306193,0.9123828342337672,-3.438112973196193,-0.2640522325524926
2023-05-17,860.8919999999999,-7.060232424117647,-2.4286967317002035,-15.147239,0.8171441651815419,-3.245840896881745,-0.2581838976820341
2023-05-18,864.159,-3.790294685479578,-2.3321321061929785,-15.007707,0.7220740478523194,-3.054206154045298,-0.252231625603207
2023-05-19,862.752,-5.194504319727913,-2.236125767832269,-14.873126,0.6272313594291298,-2.8633571272613985,-0.2461969313817034
2023-05-20,865.239,-2.704906271062818,-2.140765776814075,-14.73608,0.532674432524251,-2.6734402093383256,-0.2400813690501312
2023-05-21,860.721,-7.220203465525147,-2.046138657990689,-14.600722,0.4384610113007534,-2.4845996692914425,-0.2338865312928581
2023-05-22,864.9689999999999,-2.969595768290927,-1.9523293125560968,-14.471254,0.3446482083235248,-2.296977520879622,-0.2276140490955525
2023-05-23,868.0139999999999,0.0780098683933623,-1.859420931660497,-14.344601,0.2512924621772547,-2.110713393837752,-0.2212655913596265
2023-05-24,867.529,-0.4045575348204675,-1.7674949120472818,-14.222163,0.158449495888057,-1.925944407935339,-0.2148428644818174
2023-05-25,867.348,-0.5832484359454693,-1.6766307738037187,-14.094987,0.0661742761844532,-1.742805049988172,-0.2083476118992035
2023-05-26,863.39,-4.539153123938713,-1.5869060803142692,-13.985509,-0.0254790263674546,-1.5614270539468145,-0.2017816135999818
2023-05-27,863.625,-4.302164715210456,-1.4983963605031136,-13.858226,-0.1164570763207824,-1.3819392841823313,-0.1951466856003884
2023-05-28,864.454,-3.4713545428340105,-1.4111750334499695,-13.732887,-0.2067074113637659,-1.2044676220862036,-0.1884446793881703
2023-05-29,875.244,7.320282030353126,-1.325313335460726,-13.603538,-0.296178479362958,-1.029134856097768,-0.1816774813330764
2023-05-30,867.597,-0.3254287677014496,-1.2408802496717557,-13.478306,-0.384819674402947,-0.8560605752688086,-0.1748470120648683
2023-05-31,859.092,-8.829230771095972,-1.157942438264043,-13.364438,-0.4725813717928993,-0.6853610664711438,-0.1679552258193836
2023-06-01,866.0989999999999,-1.8209068671456183,-1.076564177360379,-13.254406,-0.5594149620113991,-0.5171492153489796,-0.1610041097532376
2023-06-02,863.991,-3.9268541892315207,-0.9968072946760154,-13.142521,-0.645272883562108,-0.3515344111139074,-0.1539956832277815
2023-06-03,861.733,-6.182882811354115,-0.918731109990137,-13.034707,-0.7301086547140181,-0.1886224552761188,-0.1469319970629681
2023-06-04,865.776,-2.137993075074575,-0.8423923785024503,-12.929217,-0.8138769041012062,-0.0285154744012441,-0.1398151327618181
2023-06-05,863.913,-3.999254139950673,-0.7678452371360586,-12.807248,-0.8965334001582355,0.1286881630221769,-0.1326472017062164
2023-06-06,861.096,-6.814095219973617,-0.6951411538445336,-12.732957,-0.9780350793685548,0.2828939255240212,-0.1254303443247929
2023-06-07,869.034,1.125923326141811,-0.6243288799778632,-12.666934,-1.0583400733045374,0.4340111933266741,-0.1181667292336884
2023-06-08,867.9989999999999,0.0927053416396255,-0.555454405758592,-12.5563345,-1.137407734439035,0.581953328680443,-0.1108585523510187
2023-06-09,867.356,-0.5486853339848103,-0.4885609189160494,-12.464962,-1.2151986607096206,0.7266377417935711,-0.1035080359859093
2023-06-10,873.722,5.818692012531185,-0.4236887665231329,-12.390354,-1.291674718818012,0.8679859522948791,-0.0961174279029667
2023-06-11,867.537,-0.3650974436804226,-0.3608754200765904,-12.366656,-1.366799066248464,1.0059236461718737,-0.0886890003631138
2023-06-12,871.086,3.184646964219628,-0.3001554438582016,-12.330856,-1.4405361719902503,1.1403807281320488,-0.0812250491417152
2023-06-13,864.115,-3.785433348871985,-0.2415604666106121,-12.242348,-1.5128518359507286,1.2712913693401164,-0.0737278925249671
2023-06-14,861.0020000000001,-6.897584892870215,-0.1851191565580444,-12.155337,-1.5837132070467714,1.398594050488727,-0.0661998702855305
2023-06-15,869.4889999999999,1.5903453712606446,-0.1308571997982635,-12.043251,-1.6530887999637778,1.5222316001655145,-0.0586433426384215
2023-06-16,859.48,-8.418104758548079,-0.0787972820886616,-11.945079,-1.7209485105727953,1.6421512284841338,-0.0510606891781891
2023-06-17,870.991,3.0934619522029703,-0.0289590740454344,-11.835851,-1.7872636299976792,1.7583045559522448,-0.0434543077984274
2023-06-18,872.4699999999999,4.572792301613996,0.0186407802288522,-11.751993,-1.852006857325593,1.8706476375544447,-0.0358266135946913
2023-06-19,871.446,3.54921265171121,0.0639886710777937,-11.689044,-1.91515231095552,1.979140982033314,-0.0281800377518991
2023-06-20,870.675,2.7779345513244813,0.1070740277760911,-11.606667,-1.9766755385808636,2.0837495663569547,-0.0205170264173206
2023-06-21,866.368,-1.5295356211050084,0.1478893195629809,-11.518963,-2.0365535258035674,2.184442845366548,-0.0128400395602592
2023-06-22,862.68,-5.218237097594603,0.186430053224069,-11.42854,-2.0947647033785946,2.281194756602664,-0.0051515498195561
2023-06-23,862.699,-5.199915168884836,0.222694767225269,-11.353546,-2.1512889530889576,2.373983720314227,0.0025459586599562
2023-06-24,863.8169999999999,-4.082604018466904,0.2566850224063839,-11.295072,-2.206107612252884,2.462792634659268,0.0102499914009035
2023-06-25,867.301,-0.599264798848699,0.28840538924566,-11.211351,-2.259203476866066,2.547608866111726,0.01795804477558
2023-06-26,865.9839999999999,-1.9167877049930429,0.3178634317104185,-11.132919,-2.31056080338329,2.6284242350937084,0.0256676071957619
2023-06-27,867.75,-0.1517406293375813,0.3450696877126956,-11.054507,-2.3601653091451205,2.705234996857816,0.0333761603089671
2023-06-28,863.063,-4.840078703967476,0.3700376461925351,-10.986074,-2.4080041714566187,2.7780418176491537,0.0410811802000053
2023-06-29,868.743,0.8386052526760785,0.3927837208553412,-10.900202,-2.454066025326452,2.846849746181793,0.0487801385966504
2023-06-30,865.822,-2.083892103585523,0.4133272205933996,-10.819477,-2.4983409598760185,2.911668180469418,0.0564705040782883
2023-07-01,860.066,-7.841566434829286,0.4316903166253824,-10.750723,-2.5408205134295705,2.972510830054953,0.064149743286372
2023-07-02,864.701,-3.2081019071939423,0.4478980063912341,-10.6738615,-2.581497667297548,3.0293956736887817,0.0718153221355382
2023-07-03,865.639,-2.2718426158137905,0.4619780742435234,-10.593896,-2.620366838266662,3.0823449125101856,0.0794647070242386
2023-07-04,869.128,1.21521654569578,0.4739610489798415,-10.518603,-2.6574238698114927,3.1313849187913343,0.0870953660437456
2023-07-05,866.484,-1.4310792849421237,0.4838801582643635,-10.454878,-2.692666022043588,3.1765461803079518,0.0947047701844012
2023-07-06,862.85,-5.067569379656611,0.4917712799901821,-10.397681,-2.7260919604153013,3.2178632404054834,0.1022903945379901
2023-07-07,865.6160000000001,-2.3040818152880966,0.4976728906373769,-10.336867,-2.7577017431967823,3.255374633834159,0.1098497194951282
2023-07-08,867.836,-0.0863903487063257,0.5016260106851607,-10.275358,-2.7874968077456668,3.2891228184308274,0.1173802319365723
2023-07-09,865.463,-2.4620101029522505,0.503674147139774,-10.231117,-2.815479955590237,3.319154102730011,0.1248794264173666
2023-07-10,867.942,0.0141561424801199,0.5038632332429029,-10.172941,-2.84165533634786,3.3455185695907623,0.1323448063427657
2023-07-11,857.8050000000001,-10.125965928058797,0.5022415654286774,-10.120645,-2.866028430501658,3.3682699959303357,0.139773885134882
2023-07-12,864.269,-3.664951031826599,0.4988597376002996,-10.05778,-2.8886060310594197,3.3874657686597187,0.1471641873890348
2023-07-13,863.673,-4.26396355445846,0.4937705728003767,-10.000969,-2.909396224119782,3.403166796920159,0.1545132500187865
2023-07-14,862.6239999999999,-5.31596835224215,0.4870290523519521,-9.939266,-2.9284083683717386,3.415437420723691,0.1618186233886786
2023-07-15,856.0219999999999,-11.921149736109404,0.478692242550065,-9.881557,-2.9456530735545043,3.4243453161045694,0.1690778724337089
2023-07-16,868.6700000000001,0.7236129957140971,0.468819218986403,-9.837601,-2.961142177905696,3.4299613968920992,0.1762885777646002
2023-07-17,857.1959999999999,-10.753453660404569,0.4574709885923069,-9.804455,-2.9748887246267324,3.4323597132190398,0.183448336757949
2023-07-18,868.072,0.1197211948502303,0.4447104094878951,-9.775423,-2.9869069373951973,3.4316173468830926,0.1905547646303622
2023-07-19,866.127,-1.8282675163056687,0.4306021087275996,-9.743186,-2.997212194954801,3.4278143036824007,0.1976054954957184
2023-07-20,863.538,-4.420272579856443,0.4152123980347344,-9.697687,-3.005821004814333,3.421033402849067,0.2045981834047174
2023-07-21,867.134,-0.8274571572617209,0.3986091876200287,-9.659087,-3.0127509760878226,3.4113601637078514,0.2115305033659135
2023-07-22,867.432,-0.5328168581689798,0.3808618981811674,-9.601147,-3.0180207915088384,3.398882689690006,0.2184001523474528
2023-07-23,866.4889999999999,-1.4793512725610345,0.3620413711824827,-9.555612,-3.0216501786525414,3.383691549835024,0.2252048502587729
2023-07-24,867.2370000000001,-0.7350550132040645,0.342219777515898,-9.521227,-3.023659880399824,3.365879657915722,0.2319423409115472
2023-07-25,869.1999999999999,1.2234293599604449,0.3214705246460002,-9.493103,-3.0240716246784176,3.3455421493244177,0.2386103929591964
2023-07-26,867.63,-0.3512936859940208,0.2998681623439119,-9.463506,-3.02290809351651,3.322776255860422,0.2452068008143137
2023-07-27,867.706,-0.2798598750350987,0.2774882871162242,-9.419525,-3.0201928914448994,3.2976811785611235,0.2517293855433957
2023-07-28,866.479,-1.5116073316757834,0.2544074454367045,-9.361958,-3.015950513284268,3.270357958720973,0.2581759957382949
2023-07-29,862.8820000000001,-5.11355642144555,0.2307030358899318,-9.308021,-3.0102063113545787,3.2409093472445107,0.2645445083638515
2023-07-30,869.316,1.315337740460761,0.2064532103372097,-9.265944,-3.0029864621440483,3.209439672481258,0.2708328295811945
2023-07-31,864.847,-3.1591658717439426,0.1817367742162819,-9.236194,-2.994317932475546,3.176054706691828,0.2770388955462414
2023-08-01,868.889,0.8773922999974317,0.1566330860873477,-9.211541,-2.984228445208565,3.1408615312959123,0.283160673182957
2023-08-02,870.0440000000001,2.0269115048278934,0.131221956538785,-9.193869,-2.9727464445152587,3.103968401054044,0.2891961609309796
2023-08-03,870.8320000000001,2.8094159850255096,0.105583546566732,-9.183588,-2.959901060769268,3.0654846073360003,0.295143389467242
2023-08-04,862.78,-5.248477442639205,0.0797982655433196,-9.176625,-2.9457220750862847,3.0255203406296043,0.3010004224012748
2023-08-05,865.187,-2.84709814144834,0.0539466688888616,-9.1622,-2.930239883555468,2.984186552444329,0.3067653569438964
2023-08-06,868.7470000000001,0.7069371524393606,0.0281093555636346,-9.147501,-2.913485461200976,2.9415948167646104,0.3124363245490492
2023-08-07,865.151,-2.895195688901623,0.0023668654952342,-9.132051,-2.895490325712947,2.897857191208181,0.318011491528562
2023-08-08,862.109,-5.943674659307495,-0.0232004229425273,-9.121821,-2.8762865009873124,2.853086078044785,0.3234890596396771
2023-08-09,869.469,1.409858190275374,-0.0485123952830868,-9.110029,-2.8559064805138314,2.8073940852307446,0.3288672666451986
2023-08-10,872.174,4.107988349940385,-0.073489303037081,-9.100067,-2.834383190651718,2.7608938876146367,0.3341443868461708
2023-08-11,867.165,-0.90804489021129,-0.0980518653631739,-9.095954,-2.811749953832102,2.713698088468928,0.3393187315870238
2023-08-12,862.0550000000001,-6.0258445695415706,-0.1221213702244925,-9.066543,-2.788040451726501,2.665919081502009,0.3443886497331713
2023-08-13,867.836,-0.2528311514763501,-0.1456197749159676,-9.053361,-2.7632886884202743,2.6176689135043065,0.3493525281210666
2023-08-14,865.621,-2.476065807042924,-0.1684698058485285,-9.033708,-2.73752895362984,2.569059147781311,0.354208791980782
2023-08-15,867.147,-0.9589510356856524,-0.1905950574768357,-8.995715,-2.7107957860022074,2.520200728525372,0.3589559053311908
2023-08-16,865.691,-2.4245023845955007,-0.2119200902582008,-8.971924,-2.683123936535041,2.47120384627684,0.3635923713478854
2023-08-17,872.732,4.606767448600966,-0.2323705275313059,-8.951257,-2.6545483321552226,2.4221778046239164,0.3681167327039878
2023-08-18,865.903,-2.2320923062969538,-0.2518731512045492,-8.918822,-2.6251040394934124,2.3732308882888637,0.3725275718840538
2023-08-19,870.592,2.4465400520260108,-0.270355996145058,-8.90851,-2.594826228891818,2.32447023274676,0.3768235114712987
2023-08-20,868.582,0.4263644835705982,-0.2877484431608676,-9.183878,-2.563750138681823,2.2760016955209554,0.3810032144084159
2023-08-21,869.0799999999999,0.91411842249118,-0.3039813104702381,-9.66765,-2.531911039767741,2.227929729297503,0.3850653842322801
2023-08-22,868.852,0.6756696460355869,-0.3189869435537267,-9.642521,-2.4993442005523656,2.1803572569986387,0.3890087652828724
2023-08-23,874.462,6.275038083050378,-0.3326993032864004,-9.575905,-2.4660848522394883,2.133385548953088,0.3928321428867913
2023-08-24,871.9209999999999,3.723197844976621,-0.3450540522494337,-9.502372,-2.432168154547917,2.087114102298484,0.3965343435157403
2023-08-25,863.742,-4.466632586203284,-0.3559886391222945,-9.427082,-2.397629161870939,2.0416405227486445,0.4001142349204213
2023-08-26,864.61,-3.609431695846773,-0.3654423810588532,-9.346393,-2.362502789914478,1.9970604088556247,0.4035707262402859
2023-08-27,864.9839999999999,-3.24634342062833,-0.3733565439529104,-9.267808,-2.3268237828465206,1.95346723889361,0.4069027680896309
2023-08-28,869.808,1.5665707598181662,-0.379674420500959,-9.194371,-2.2906266809896434,1.9109522604886844,0.4101093526205415
2023-08-29,870.564,2.311377458265202,-0.3843414059724261,-9.13228,-2.253945789087726,1.8696043831153,0.4131895135632272
2023-08-30,865.688,-2.575948067986552,-0.3873050716000904,-9.085559,-2.216815145177121,1.8295100735770309,0.4161423262443086
2023-08-31,873.2180000000001,4.942806247475316,-0.3885152355060525,-9.052732,-2.1792684900917525,1.7907532545857,0.4189669075836405
2023-09-01,879.8580000000001,11.571414034619348,-0.387924031081278,-9.077466,-2.1413392376307536,1.7534152065494757,0.4216624160702814
2023-09-02,867.345,-0.9531610838129404,-0.3854859727395577,-9.162916,-2.1030604454163613,1.7175744726768036,0.4242280517182434
2023-09-03,870.4830000000001,2.173120955440037,-0.3811580189695983,-9.31362,-2.0644647864689083,1.68330676749931,0.4266630560026733
2023-09-04,875.108,6.786250149653329,-0.3748996326119591,-9.280062,-2.0255845215247867,1.6506848889128276,0.4289667117771347
2023-09-05,872.178,3.844097416249845,-0.3666728382905281,-9.236562,-1.986451472122328,1.6197786338317997,0.4311383431726838
2023-09-06,869.248,0.9017333148160116,-0.3564422769314714,-9.180727,-1.94709699447954,1.5906547175480688,0.4331773154794475
2023-09-07,872.2860000000001,3.92717971308592,-0.344175257305693,-9.111418,-1.9075519541866568,1.563376696880964,0.4350830350114216
2023-09-08,866.071,-2.300456887393679,-0.3298418045341782,-9.047171,-1.8678467017354137,1.5380048972012357,0.4368549489552334
2023-09-09,871.322,2.9377922822211104,-0.3134147054989453,-9.014433,-1.8280110489059191,1.5145963434069738,0.4384925452036118
2023-09-10,868.4340000000001,0.0371863044914952,-0.2948695511057131,-9.007261,-1.7880742460309478,1.4932046949252349,0.4399953521743341
2023-09-11,864.413,-3.9967885414576503,-0.2741847753478977,-8.978634,-1.7480649601563654,1.4738801848084675,0.4413629386154175
2023-09-12,860.6859999999999,-7.736818376848307,-0.2513416911250452,-8.954668,-1.7080112541153043,1.4566695629902593,0.442594913397339
2023-09-13,867.0725,-1.3624506808832333,-0.2263245227724616,-8.922828,-1.667940566532628,1.4416160437601662,0.4436909252930737
2023-09-14,873.459,5.011946980320145,-0.1991204352623452,-8.885984,-1.6278796927750292,1.428759257512684,0.4446506627467407
2023-09-15,873.403,4.943755957404807,-0.169719560040494,-8.856879,-1.58785476686103,1.4181352068205355,0.4454738536316692
2023-09-16,864.6080000000001,-3.8635661493825246,-0.1381150174663246,-8.821174,-1.5478912443439432,1.4097762268776186,0.4461602649986743
2023-09-17,878.608,10.124410332382205,-0.104302935827728,-8.788724,-1.5080138861797334,1.403710950352005,0.4467097028153592
2023-09-18,874.626,6.130222392182256,-0.0682824669060704,-8.754535,-1.468246743590513,1.399964276684443,0.4471220116972413
2023-09-19,871.078,2.5698756678251744,-0.0300557980704786,-8.715131,-1.42861314393324,1.3985573458627616,0.4473970746315139
2023-09-20,872.966,4.446215400644151,0.0103718391156188,-8.689821,-1.3891356775820003,1.3995075166976192,0.447534812694243
2023-09-21,874.892,6.360384431453635,0.0529921637888493,-8.700541,-1.3498361858310557,1.402828349619905,0.4475351847617979
2023-09-22,874.894,6.349548922322818,0.0977938441903992,-8.693994,-1.310735749824652,1.4085295940150515,0.4473981872173104
2023-09-23,872.925,4.367574658394346,0.1447624995860666,-8.676918,-1.2718546805183684,1.416617180104435,0.4471238536529522
2023-09-24,871.815,3.2444699794480663,0.1938807057033189,-8.6558275,-1.2332125096756263,1.4270932153789453,0.4467122545688051
2023-09-25,870.826,2.2422405228800866,0.2451280036829075,-8.653864,-1.194827981901721,1.4399559855846285,0.4461634970690978
2023-09-26,874.128,5.531731529612422,0.2984809125387251,-8.655499,-1.1567190477165912,1.4551999602553165,0.4454777245565681
2023-09-27,870.754,2.14508584004815,0.3539129451156404,-8.647396,-1.1189028576663334,1.4728158027819738,0.4446551164256996
2023-09-28,872.702,4.080441952247897,0.4113946275311922,-8.633064,-1.0813957574722608,1.492790385003453,0.4436958877555619
2023-09-29,876.7009999999999,8.066876576738842,0.470893522083131,-8.624309,-1.0442132842151477,1.5151068062982784,0.4426002890029814
2023-09-30,869.049,0.401975081400252,0.532374253600951,-8.771515,-1.0073701635511036,1.539744417152055,0.4413686056967415
2023-10-01,873.6089999999999,4.949163700682471,0.5957985392156975,-8.826669,-0.970880307954372,1.5666788471700694,0.4400011581334998
2023-10-02,877.4380000000001,8.76523514733891,0.6611252215185617,-8.846756,-0.934756815981166,1.5958820374997276,0.4384983010760936
2023-10-03,875.845,7.158987893439015,0.7283103050749692,-8.849456,-0.8990119725475227,1.627322277622492,0.4368604234548779
2023-10-04,875.732,7.032040899877865,0.7973069962571365,-8.819774,-0.8636572502130153,1.6609642464701515,0.4350879480727302
2023-10-05,873.097,4.382906416961726,0.8680657463543721,-8.80138,-0.8287033114610391,1.696769057815411,0.4331813313143226
2023-10-06,869.279,0.5506722811406171,0.9405342979167368,-8.763737,-0.7941600119652782,1.734694309882015,0.4311410628602508
2023-10-07,873.092,4.349476908785894,1.014657734284066,-8.716502,-0.760036404830867,1.7746941391149331,0.4289676654065738
2023-10-08,872.33,3.5731895838618133,1.0903785322488238,-8.668854,-0.7263407457976824,1.8167192780465065,0.4266616943903045
2023-10-09,874.894,6.123023354938773,1.1676366177976778,-8.652874,-0.6930804993921518,1.8607171171898296,0.4242237377213591
2023-10-10,886.1179999999999,17.33202329161189,1.2463694248733534,-8.665351,-0.6602623460129182,1.906631770886272,0.4216544155214417
2023-10-11,881.0400000000001,12.238801005688362,1.3265119570948805,-8.695727,-0.6278921899346745,1.954404147029555,0.4189543798703295
2023-10-12,875.4549999999999,6.638498520396203,1.4079968523709805,-8.711729,-0.5959751682135055,2.0039720205844858,0.4161243145599715
2023-10-13,874.512,5.679899462814209,1.490754450338262,-8.700242,-0.5645156604760778,2.05527011081434,0.4131649348568116
2023-10-14,874.466,5.617619917693096,1.574712862552533,-8.671888,-0.5335172995740897,2.1082301621266226,0.4100769872726865
2023-10-15,869.8829999999999,1.017966454884908,1.6597980453585877,-8.640583,-0.5029829830844303,2.162781028443018,0.4068612493446483
2023-10-16,870.97,2.0882874565013854,1.7459338753607767,-8.629406,-0.4729148856346477,2.2188487609954244,0.4035185294240046
2023-10-17,875.7289999999999,6.830588347463067,1.8330422274137093,-8.60792,-0.4433144720323949,2.2763566994461044,0.4000496664748575
2023-10-18,873.655,4.739723726578077,1.9210430550496584,-8.590568,-0.4141825111767245,2.335225566226383,0.3964555298823726
2023-10-19,869.377,0.4447770251148508,2.009854473256469,-8.561599,-0.3855190907282452,2.3953735639847142,0.3927370192709887
2023-10-20,869.501,0.5518327579624263,2.0993928435171187,-8.520571,-0.3573236325143862,2.456716476031505,0.3888950643327369
2023-10-21,871.789,2.822896315368256,2.189572861019521,-8.483863,-0.3295949086452455,2.519167769664767,0.3849306246658139
2023-10-22,878.773,9.789973087580249,2.2803076439427565,-8.489093,-0.3023310583147716,2.5826387022575283,0.3808446896235037
2023-10-23,884.833,15.83287271458016,2.371508824723495,-8.50602,-0.2755296052613357,2.64703842998483,0.3766382781735274
2023-10-24,878.414,9.396204076403247,2.463086643204174,-8.513409,-0.2491874758610584,2.7122741190652326,0.3723124387678458
2023-10-25,871.367,2.3314721877418325,2.554950041562396,-8.563413,-0.2233010178266726,2.778251059389069,0.3678682492229193
2023-10-26,860.4209999999999,-8.632085470530246,2.6470067609188783,-8.580327,-0.1978660194840459,2.844872780402924,0.3633068166103895
2023-10-27,865.331,-3.739041117272725,2.739163439519476,-8.556719,-0.1728777295979645,2.9120411691174404,0.3586292771581089
2023-10-28,868.008,-1.0783173518479463,2.831325712384983,-8.535396,-0.1483308777182275,2.9796565901032106,0.3538367961614085
2023-10-29,872.268,3.165672747389724,2.9233983123206606,-8.52186,-0.1242196950166147,3.047618007337275,0.3489305679044717
2023-10-30,870.408,1.2897334631619692,3.0152851721759952,-8.495597,-0.1005379355848206,3.115823107760816,0.3439118155916243
2023-10-31,872.027,2.8928702657156027,3.1068895282436366,-8.4574375,-0.0772788981630293,3.184168426406666,0.3387817912883403
2023-11-01,875.478,6.328165611529146,3.198114024685242,-8.41513,-0.0544354482684264,3.2525494729536693,0.3335417758717043
2023-11-02,874.015,4.849545857925833,3.2888608188706647,-8.406637,-0.032000040692571,3.320860859563236,0.328193078990063
2023-11-03,876.802,7.620939500637386,3.379031687515928,-8.378841,-0.0099647423362526,3.3889964298521806,0.3227370390315349
2023-11-04,878.464,9.267235384285277,3.4685281335044333,-8.382907,0.0116787446498073,3.456849388854626,0.3171750231010407
2023-11-05,874.032,4.819640136848243,3.557251493275066,-8.394141,0.0329390594503312,3.524312433824735,0.3115084270054655
2023-11-06,880.6070000000001,11.378561530835308,3.645103044660117,-8.499273,0.053825158929003,3.591277885731114,0.3057386752465362
2023-11-07,877.538,8.293504660937497,3.731984115055458,-8.580139,0.0743462937624015,3.657637821293056,0.2998672210209682
2023-11-08,871.103,1.8423390468753205,3.817796189804868,-8.571985,0.0945119843967276,3.72328420540814,0.2938955462274016
2023-11-09,875.865,6.58833054122834,3.902441020680235,-8.568923,0.1143319968597942,3.7881090238204407,0.287825161479615
2023-11-10,877.983,8.690484437468559,3.9858207343390433,-8.569775,0.1338163184607917,3.8520044158782514,0.2816576061254714
2023-11-11,875.0799999999999,5.771806029068856,4.067837940640636,-8.582291,0.1529751334103657,3.9148628072302696,0.2753944482710334
2023-11-12,871.4340000000001,2.1103006095016053,4.148395840702736,-8.577497,0.1718187983934904,3.976577042309245,0.2690372848092422
2023-11-13,866.03,-3.309494740932285,4.227398334579992,-8.572228,0.1903578181275952,4.037040516452397,0.262587741452529
2023-11-14,880.202,10.846981392801894,4.304750128446634,-8.554233,0.2086028209382513,4.096147307508383,0.2560474727687157
2023-11-15,882.864,13.493502024498332,4.3803568411657805,-8.595175,0.22656453438462,4.153792306781161,0.2494181622195119
2023-11-16,876.1569999999999,6.771190084280356,4.4541251101286,-8.795217,0.2442537609666767,4.209871349161923,0.2427015222009075
2023-11-17,868.687,-0.7139492026724508,4.525962696247206,-8.7877865,0.2616813539459922,4.264281342301215,0.2358992940847334
2023-11-18,876.1529999999999,6.737203912689285,4.595778587986071,-9.016141,0.2788581933116298,4.31692039467444,0.2290132482606326
2023-11-19,878.177,8.746434466410513,4.66348310431769,-9.184477,0.2957951619224017,4.367687942395288,0.2220451841776668
2023-11-20,868.917,-0.528152582648465,4.728987996489392,-9.150379,0.3125031218564194,4.416484874632973,0.2149969303847724
2023-11-21,872.086,2.627045660887076,4.7922065484894105,-9.133837,0.3289928909985015,4.463213657490909,0.2078703445692393
2023-11-22,873.553,4.080420246339381,4.853053676101618,-9.10288,0.3452752198956195,4.507778456205999,0.200667313592385
2023-11-23,870.76,1.2739764921038503,4.911446024439983,-9.082513,0.3613607689101172,4.550085255529866,0.1933897535215797
2023-11-24,873.1560000000001,3.656915466842296,4.96730206385521,-9.056195,0.3772600856999946,4.590041978155216,0.186039609657748
2023-11-25,875.02,5.507988625558639,5.020542184107886,-9.022055,0.3929835830550179,4.627558601052868,0.1786188565574756
2023-11-26,871.739,2.2139546686256644,5.071088786704242,-8.986235,0.4085415171169321,4.66254726958731,0.1711294980488269
2023-11-27,875.0830000000001,5.545119488764126,5.118866375292584,-8.950218,0.4239439660114409,4.694922409281143,0.1635735672399669
2023-11-28,873.316,3.7654883814345776,5.163801644020515,-8.917442,0.4392008089190667,4.724600835101448,0.1559531265196843
2023-11-29,875.78,6.2170666420973575,5.20582356375525,-8.897487,0.4543217056113519,4.751501858143898,0.1482702675488837
2023-11-30,882.289,12.7138595662131,5.244863466071633,-8.911929,0.4693160764782163,4.775547389593417,0.1405271112421239
2023-12-01,880.454,10.86627478129793,5.280855124914736,-8.963049,0.484193083071609,4.796662041843128,0.1327258077382719
2023-12-02,876.228,6.627817237049815,5.313734835846588,-9.013547,0.4989616091898693,4.814773226656718,0.1248685363593292
2023-12-03,867.562,-2.050643691803751,5.3434414927889975,-9.094485,0.5136302425264759,4.829811250262521,0.1169575055564949
2023-12-04,866.656,-2.968842297676474,5.369916662177188,-9.089032,0.5282072569061024,4.841709405271085,0.1089949528425285
2023-12-05,868.068,-1.5687734320888875,5.393104654441771,-9.101074,0.5427005951301076,4.850404059311663,0.1009831447094636
2023-12-06,877.669,8.02056805343846,5.412952592739382,-9.125084,0.5571178524527441,4.855834740286638,0.0929243765307462
2023-12-07,871.467,1.806843555663722,5.429410478855277,-9.193441,0.5714662607085845,4.8579442181466925,0.0848209724468609
2023-12-08,873.611,3.939411470691528,5.442431256204274,-9.185418,0.5857526731107426,4.856678583093531,0.0766752852335173
2023-12-09,868.414,-1.2688231777535464,5.451970869859439,-9.183317,0.5999835497386136,4.851987320120825,0.068489696151479
2023-12-10,864.585,-5.108752456643195,5.457988323541226,-9.195383,0.6141649437329677,4.843823379808258,0.0602666147771246
2023-12-11,877.22,7.515728787388106,5.460445733502952,-9.174986,0.6283024882152568,4.832143245287695,0.0520084788128413
2023-12-12,873.565,3.850522798401835,5.4593083792518815,-9.158826,0.6424013839471026,4.8169069953047785,0.0437177538763607
2023-12-13,870.439,0.714634672558395,5.454544751048571,-9.148798,0.6564663877449437,4.798078363303628,0.0353969332681693
2023-12-14,871.757,2.02341325773968,5.446126594130619,-9.137129,0.6705018016638548,4.775624792466764,0.0270485377161294
2023-12-15,877.211,7.46851040248098,5.434028949610435,-9.113596,0.6845114629635541,4.749517486646881,0.0186751150964712
2023-12-16,877.728,7.976931255261336,5.418230192000293,-9.084887,0.6984987348686141,4.71973145713168,0.0102792401303347
2023-12-17,875.682,5.922337212839109,5.398712063321505,-9.077625,0.7124664981338682,4.686245565187637,0.001863514055059
2023-12-18,876.272,6.503986598883026,5.375459703758267,-9.217527,0.7264171434249751,4.649042560333292,-0.0065694357305637
2023-12-19,876.771,6.994984090653386,5.348461678820402,-9.523296,0.7403525645230725,4.60810911429733,-0.0150169560478267
2023-12-20,882.048,12.264309874717217,5.317710002983049,-9.716568,0.7542741523613905,4.563435850621659,-0.0234763683471665
2023-12-21,876.487,6.695963319396684,5.283200159775071,-9.806544,0.7681827899006407,4.515017369874431,-0.0319449691454579
2023-12-22,867.9689999999999,-1.8290757730679523,5.244931118291821,-9.830141,0.7820788478489357,4.462852270442886,-0.0404200304922104
2023-12-23,876.732,6.927257498264563,5.202905346111734,-9.84148,0.7959621812309329,4.4069431648808015,-0.0488988004653303
2023-12-24,870.625,0.8139681951764626,5.15712881860009,-9.845341,0.8098321268097909,4.347296691790299,-0.0573785036970526
2023-12-25,875.399,5.582061379449646,5.1076110245871895,-9.845954,0.8236875013645056,4.283923523222684,-0.0658563419306414
2023-12-26,869.534,-0.288502303372903,5.054364968412041,-9.84178,0.8375266008240402,4.216838367588001,-0.0743294946084052
2023-12-27,874.229,4.401358191592818,4.99740716832664,-9.85261,0.8513472002586653,4.146059968067974,-0.0827951194915488
2023-12-28,882.244,12.411615989923682,4.936757651259761,-9.876091,0.865146554727791,4.07161109653197,-0.0912503533123435
2023-12-29,873.95,4.1132761514258505,4.872439943943166,-9.859175,0.8789214009824979,3.993518542960668,-0.0996923124590606
2023-12-30,875.5889999999999,5.748312664724766,4.804481060406953,-10.106878,0.8926679600199476,3.911813100387006,-0.1081180936940798
2023-12-31,873.9200000000001,4.0754277110611135,4.732911485854797,-10.068438,0.906381940485736,3.826529545369061,-0.1165247749055326
