date,gps_raw_up_mm,gps_detrended_mm,gps_seasonal_mm,hydl_original_up_mm,hydl_seasonal_mm,gps_minus_hydl_mm,poroelastic_mm
2021-01-01,94.709,1.479599352923815,1.7619846124762313,-2.7015061,0.8969351665087391,0.8650494459674922,0.6665105210313683
2021-01-02,95.545,2.304180039219518,1.6313549124367157,-2.7983425,0.9688121417545662,0.6625427706821495,0.6457120368751017
2021-01-03,95.739,2.486177041169179,1.4999924550374872,-2.940008,1.0405229788286046,0.4594694762088827,0.6245428185016236
2021-01-04,98.3,5.034645573848159,1.3679558959239706,-3.3478863,1.1120404183298538,0.2559154775941168,0.6030098555343464
2021-01-05,95.966,2.6876894981199246,1.2353042979129276,-3.380951,1.1833371563335588,0.0519671415793687,0.5811204176003515
2021-01-06,92.278,-1.0142783718221304,1.1020970895157065,-3.4517481,1.2543858587373942,-0.1522887692216876,0.5588820511398187
2021-01-07,89.654,-3.652236872108012,0.96839402319651,-3.4344456,1.3251591757002636,-0.3567651525037536,0.5363025759510369
2021-01-08,89.942,-3.377916077012033,0.834255133407305,-3.5373888,1.3956297561621482,-0.5613746227548433,0.5133900814734763
2021-01-09,89.108,-4.225506557401072,0.6997406944411287,-3.4892545,1.4657702624336018,-0.766029567992473,0.4901529228116602
2021-01-10,90.996,-2.351006024185497,0.5649111781455953,-3.4940627,1.5355533848431846,-0.9706422066975892,0.4665997165028304
2021-01-11,91.161,-2.199412188275632,0.4298272115386451,-3.473892,1.6049518564312026,-1.1751246448925574,0.4427393360317447
2021-01-12,96.643,3.2691992718576266,0.2945495343684508,-3.6173897,1.6739384676780114,-1.3793889333095606,0.4185809070961281
2021-01-13,93.228,-0.1594570974801845,0.1591389566594986,-3.7761552,1.742486081255073,-1.5833471245955746,0.3941338026266269
2021-01-14,84.15,-9.251127133238509,0.0236563162866635,-3.7072065,1.8105676467869776,-1.7869113305003144,0.3694076375653578
2021-01-15,87.35900000000001,-6.055703484667862,-0.1118375633808202,-3.67277,1.878156215612568,-1.989993778993388,0.3444122634074183
2021-01-16,89.01599999999999,-4.412183944538777,-0.2472819157239443,-3.6100326,1.945224955533336,-2.19250687125728,0.3191577625099396
2021-01-17,87.759,-5.682566305621674,-0.3826160729656793,-3.554342,2.011747165537245,-2.3943632385029243,0.293654442173578
2021-01-18,87.75099999999999,-5.703848360687105,-0.5177795080685755,-3.4871802,2.077696290486155,-2.5954757985547308,0.2679128285015007
2021-01-19,90.164,-3.304027902505552,-0.6527118763975573,-3.4423578,2.14304593575504,-2.795757812152597,0.2419436600412668
2021-01-20,90.863,-2.618102723847466,-0.7873530571071938,-3.38662,2.207769881811252,-2.995122938918445,0.2157578812151161
2021-01-21,94.244,0.7500374465565463,-0.921643194213469,-3.3455267,2.271842098722145,-3.193485292935614,0.189366635544523
2021-01-22,95.072,1.5651816243789671,-1.0555227373102845,-3.3422306,2.3352367605794,-3.390759497889684,0.1627812586750045
2021-01-23,94.315,0.7950273956673479,-1.1889324818914877,-3.3378499,2.397928259828477,-3.5868607417199643,0.1360132712074303
2021-01-24,93.755,0.2218665106555315,-1.3218136092397867,-3.3690715,2.4598912214917856,-3.781704830731573,0.1090743713422936
2021-01-25,98.14,4.593214047377848,-1.4541077258444308,-3.5182695,2.521100517274128,-3.9752082431185594,0.0819764273435707
2021-01-26,99.985,6.424590488751236,-1.5857569023101092,-3.527721,2.581531279539222,-4.167288181849331,0.0547314698290223
2021-01-27,92.265,-1.309231214849464,-1.7167037117203,-4.121448,2.641158915146141,-4.35786262686644,0.027351683893965
2021-01-28,91.833,-1.7550067074423588,-1.8468912674188809,-4.6281476,2.699959119134673,-4.546850386553554,-0.0001505989242884
2021-01-29,94.38,0.7780082323015254,-1.976263260174565,-4.7299576,2.7579078882487726,-4.7341711484233375,-0.0277629088339383
2021-01-30,98.882,5.2656519738672,-2.104763994693588,-4.755188,2.814981534287407,-4.919745528980995,-0.0554726461206139
2021-01-31,97.126,3.495259003789262,-2.2323384254467755,-4.8169193,2.871156697272268,-5.103495122719044,-0.0832670896160016
2021-02-01,84.011,-9.63476408516732,-2.3589321917780057,-4.874472,2.9264103584220065,-5.285342550200012,-0.111133405295362
2021-02-02,89.226,-4.434711779506193,-2.4844916522620206,-5.2016068,2.9807198529228667,-5.465211505184888,-0.1390586549959107
2021-02-03,86.21,-7.465582339487825,-2.6089639182804065,-5.3164034,3.034062882485739,-5.643026800766146,-0.1670298052480193
2021-02-04,84.929,-8.76137402537258,-2.732296886785478,-5.25937,3.086417527679896,-5.818714414465374,-0.1950337362109394
2021-02-05,87.607,-6.098085097420917,-2.8544392722229697,-5.217661,3.137762260033925,-5.992201532256895,-0.2230572507047671
2021-02-06,87.217,-6.502713815893248,-2.975340637585146,-5.1599865,3.188075953894516,-6.1634165914796615,-0.2510870833301608
2021-02-07,89.306,-4.42825844104996,-3.094951424567389,-5.099412,3.237337898034084,-6.332289322601473,-0.27910990966731
2021-02-08,90.05499999999999,-3.693717233151509,-3.2132229828020087,-5.021836,3.2855278069984344,-6.498750789800443,-0.3071123555455009
2021-02-09,92.5,-1.2630884524582626,-3.3301075981444326,-4.938553,3.33262583218587,-6.662733430330302,-0.3350810063746144
2021-02-10,89.24799999999999,-4.52953960487644,-3.445558519987884,-4.8643966,3.378612572649531,-6.824171092637415,-0.3630024165297774
2021-02-11,89.34100000000001,-4.450904304087128,-3.559529987583883,-4.9579554,3.423469085614881,-6.982999073198764,-0.3908631187803498
2021-02-12,89.957,-3.849180835413805,-3.671977255347081,-5.146826,3.467176896704651,-7.139154152051732,-0.418649633754403
2021-02-13,94.633,0.8126325158201011,-3.782856617124202,-5.506184,3.5097180098638083,-7.292574626988011,-0.4463484794297593
2021-02-14,89.445,-4.389740709235895,-3.892125429407912,-5.5257754,3.551074916977333,-7.443200346385245,-0.4739461806426986
2021-02-15,94.33,0.4809731423088186,-3.9997421334778966,-5.6934977,3.5912306071740496,-7.590972740651946,-0.5014292786053607
2021-02-16,94.028,0.1647485182990191,-4.10566627645258,-5.677061,3.630168575809865,-7.735834852262445,-0.5287843404229174
2021-02-17,85.615,-8.262473357350707,-4.209858531236153,-5.614399,3.667872833124271,-7.877731364360424,-0.5559979686015274
2021-02-18,82.521,-11.37060624247484,-4.312280715347018,-5.6323338,3.704327912564141,-8.01660862791116,-0.5830568105381871
2021-02-19,91.644,-2.261648480595703,-4.412895808614905,-5.7383084,3.739518878769266,-8.152414687384171,-0.6099475679835057
2021-02-20,85.19699999999999,-8.722598415235609,-4.511667969735301,-5.8400235,3.773431335214339,-8.28509930494964,-0.6366570064685665
2021-02-21,83.342,-10.59145438991683,-4.608562551671243,-5.816306,3.806051431502491,-8.414613983173734,-0.6631719646869842
2021-02-22,83.698,-10.249214748161696,-4.703546115893671,-5.7876105,3.837365870305753,-8.540911986199424,-0.6894793638234025
2021-02-23,84.008,-9.952877833492495,-4.7965864454530855,-5.731137,3.867361913948232,-8.663948359401317,-0.7155662168196709
2021-02-24,85.902,-8.072441989431555,-4.887652556876432,-5.656673,3.896027390628034,-8.783679947504467,-0.7414196375700361
2021-02-25,84.95700000000001,-9.030905559501154,-4.976714710884614,-5.6113853,3.923350700274439,-8.900065411159051,-0.7670268500367632
2021-02-26,90.08,-3.921266887223644,-5.063744421927334,-5.598161,3.949320820037069,-9.013065241964403,-0.792375197277688
2021-02-27,90.366,-3.648524316121271,-5.148714466533269,-5.551883,3.97392730940418,-9.12264177593745,-0.817452150377282
2021-02-28,88.338,-5.689676189716376,-5.231598890475045,-5.495273,3.997160314947598,-9.228759205422644,-0.842245317272935
2021-03-01,89.804,-4.236720851531253,-5.312373014749732,-5.4162235,4.019010574692112,-9.331383589441844,-0.8667424514682822
2021-03-02,91.674,-2.3796566450881995,-5.391013440377016,-5.3301854,4.039469422107543,-9.43048286248456,-0.8909314606254788
2021-03-03,92.146,-1.9204819139095413,-5.467498052018369,-5.2444606,4.058528789721988,-9.526026841740356,-0.9148004150285318
2021-03-04,87.342,-6.737363933216817,-5.541806020422147,-5.163216,4.076181212355219,-9.617987232777368,-0.9383375559098568
2021-03-05,85.16600000000001,-8.92613670536836,-5.613917803700579,-5.1292424,4.092419829971417,-9.706337633671996,-0.9615313036324484
2021-03-06,90.018,-4.08679859890309,-5.6838151474461,-5.2889295,4.1072383901508935,-9.791053537596994,-0.9843702657201548
2021-03-07,87.435,-6.682347982359785,-5.7514810836957535,-5.2185225,4.120631250180745,-9.872112333876498,-1.0068432447287303
2021-03-08,91.882,-2.247783224277316,-5.816899928753584,-5.200606,4.132593378764765,-9.949493307518347,-1.028939245950541
2021-03-09,91.82,-2.32210269319456,-5.880057279882308,-5.2255583,4.143120357353243,-10.023177637235552,-1.050647484945915
2021-03-10,88.272,-5.8823047576502985,-5.940940010876794,-5.37827,4.1522083810936845,-10.09314839197048,-1.071957394894372
2021-03-11,88.714,-5.452387786183442,-5.999536266533,-5.348992,4.159854259403768,-10.159390525936768,-1.0928586337591368
2021-03-12,84.77600000000001,-9.402350147332784,-6.055835456027374,-5.2792554,4.166055416168262,-10.221890872195637,-1.1133410912585366
2021-03-13,81.336,-12.854190209637212,-6.109828245222904,-5.22758,4.170809889561874,-10.280638134784777,-1.1333948956381057
2021-03-14,88.698,-5.5039063416355605,-6.161506547918949,-5.2815976,4.174116331500424,-10.335622879419372,-1.1530104202374154
2021-03-15,84.455,-9.758496911866652,-6.210863516063518,-5.5686526,4.175974006723006,-10.386837522786523,-1.1721782898458857
2021-03-16,89.237,-4.987960288869376,-6.257893528947356,-5.5082426,4.176382791508129,-10.434276320455483,-1.1908893868420525
2021-03-17,87.05499999999999,-7.181294841182532,-6.302592181400669,-5.445532,4.175343172027174,-10.477935353427842,-1.209134857110982
2021-03-18,91.879,-2.368498937344981,-6.344956271014016,-5.514283,4.172856242338793,-10.517812513352808,-1.2269061157347785
2021-03-19,102.492,8.233429054104406,-6.384983784406328,-5.598042,4.168923702028168,-10.553907486434497,-1.2441948524513846
2021-03-20,85.756,-8.513787359396677,-6.422673882563594,-5.6016655,4.1635478534954125,-10.586221736059006,-1.26099303687707
2021-03-21,83.938,-10.342874207323508,-6.458026885273119,-5.5186253,4.156731598897595,-10.614758484170714,-1.2772929234883077
2021-03-22,85.18100000000001,-9.110829899534489,-6.49104425467886,-5.5211945,4.148478436749233,-10.639522691428091,-1.2930870563589754
2021-03-23,81.099,-13.203652845888003,-6.521728577984485,-5.498746,4.138792458186343,-10.660521036170827,-1.3083682736490618
2021-03-24,83.775,-10.538341456242446,-6.55008354933159,-5.4611945,4.127678342899433,-10.677761892231022,-1.3231297118413383
2021-03-25,88.026,-6.297648367082706,-6.576113950881255,-5.463492,4.115141354741077,-10.691255305622333,-1.337364809722719
2021-03-26,89.061,-5.272811083016364,-6.599825633128073,-5.3966446,4.101187337013896,-10.701012970141967,-1.3510673121072967
2021-03-27,82.178,-12.165827977506098,-6.621225494476416,-5.31487,4.085822707445206,-10.707048201921625,-1.36423127329832
2021-03-28,83.23700000000001,-11.116697424014449,-6.640321460109484,-5.255356,4.069054452854626,-10.70937591296411,-1.3768510602866442
2021-03-29,89.082,-5.28138544535413,-6.657122460182307,-5.1835437,4.0508901235212615,-10.708012583703567,-1.388921355683468
2021-03-30,81.576,-12.796923659302042,-6.671638407370588,-5.0874166,4.031337827257375,-10.702976234627965,-1.4004371603854529
2021-03-31,80.95700000000001,-13.425310434397035,-6.683880173807786,-4.9960566,4.0104062231955,-10.694286397003284,-1.4113937959705818
2021-04-01,87.998,-6.393544139178009,-6.69385956744344,-4.8976617,3.9881045152963286,-10.681964082739768,-1.4217869068234272
2021-04-02,88.863,-5.537623142183763,-6.701589307856212,-4.7920732,3.964442445584773,-10.666031753440985,-1.4316124619887385
2021-04-03,89.687,-4.722545811953152,-6.707083001555676,-4.698315,3.939430287121878,-10.646513288677554,-1.440866756752573
2021-04-04,84.79100000000001,-9.62731051702502,-6.710355116807172,-4.6018305,3.9130788367203615,-10.623433953527536,-1.449546413950484
2021-04-05,86.987,-7.439891469128244,-6.71142095801455,-4.5217204,3.885399407411779,-10.596820365426328,-1.4576483850025064
2021-04-06,89.453,-4.982311860926828,-6.710296639695854,-4.443707,3.856403820673441,-10.566700460369294,-1.4651699506750318
2021-04-07,93.196,-1.247570057282957,-6.706999060087446,-4.395845,3.82610439842336,-10.533103458510803,-1.472108721569912
2021-04-08,89.151,-5.300910196432309,-6.701545874412081,-4.353447,3.79451395479163,-10.49605982920371,-1.4784626383413897
2021-04-09,89.651,-4.809091548487857,-6.6939554678469,-4.296391,3.7616457876767946,-10.455601255523694,-1.484229971641781
2021-04-10,89.177,-5.291112514707519,-6.684246928227234,-4.243778,3.7275136700958207,-10.411760598323054,-1.4894093217970787
2021-04-11,89.573,-4.902971496349308,-6.672440018522445,-4.1642427,3.692131841336474,-10.36457185985892,-1.493999618213924
2021-04-12,90.131,-4.352466162641937,-6.6585551491198425,-4.0925283,3.65551499792089,-10.314070147040733,-1.4980001185196732
2021-04-13,93.216,-1.2748011919562448,-6.6426133499529705,-4.0400863,3.617678284389295,-10.260291634342266,-1.5014104074375607
2021-04-14,88.562,-5.935951916828832,-6.624636242510391,-4.0001006,3.578637283912864,-10.203273526423256,-1.5042303953992149
2021-04-15,91.404,-3.100942777499744,-6.604646011761025,-3.9400558,3.538408008744784,-10.143054020505808,-1.5064603168970452
2021-04-16,89.938,-4.573772140989336,-6.58266537803204,-3.869012,3.4970068905185854,-10.079672268550626,-1.5081007285793124
2021-04-17,88.703,-5.815438374317935,-6.558717568875136,-3.7757125,3.454450770402921,-10.013168339278057,-1.509152507090897
2021-04-18,89.068,-5.456939844505899,-6.532826290956715,-3.684575,3.4107568891219437,-9.943583180078658,-1.5096168466630764
2021-04-19,90.307,-4.2242749185735695,-6.505015702007364,-3.6008492,3.365942876850452,-9.870958578857817,-1.5094952564558572
2021-04-20,89.354,-5.18344196354128,-6.475310382865692,-3.5540974,3.32002674299303,-9.795337125858724,-1.5087895576566488
2021-04-21,90.518,-4.025435504510266,-6.443735309651149,-3.4763577,3.2730268658563006,-9.71676217550745,-1.5075018803393043
2021-04-22,95.397,0.8477421434496311,-6.410315826100208,-3.4070067,3.22496198222351,-9.635277808323718,-1.505634660087794
2021-04-23,91.912,-2.6436071914089023,-6.375077616099768,-3.3348668,3.175851176840572,-9.55092879294034,-1.5031906343889931
2021-04-24,94.59,0.0281991238718992,-6.338046676451231,-3.4025273,3.125713871822649,-9.46376054827388,-1.5001728387993185
2021-04-25,98.702,4.1341093596605685,-6.299249289898049,-3.580602,3.07456981599033,-9.37381910588838,-1.4965846028901142
2021-04-26,96.078,1.503752418815921,-6.25871199844926,-3.6199005,3.022439074144431,-9.28115107259369,-1.4924295459769554
2021-04-27,90.297,-4.2837731397935945,-6.216461577030608,-3.5483682,2.969342016288303,-9.18580359331891,-1.4877115726382029
2021-04-28,86.18599999999999,-8.401144041024345,-6.172525007494448,-3.4716578,2.915299306806512,-9.08782431430096,-1.4824348680283486
2021-04-29,85.179,-9.41435887426478,-6.126929453018919,-3.3927379,2.8603318936086586,-8.987261346627577,-1.4766038929919036
2021-04-30,87.634,-6.9654162289033685,-6.079702232926056,-3.3163774,2.8044609972469954,-8.884163230173051,-1.4702233789837305
2021-05-01,92.068,-2.537314694328553,-6.030870797947872,-3.2801023,2.7477081000163914,-8.778578897964262,-1.4632983228019305
2021-05-02,93.04,-1.5710528599288065,-5.980462705968682,-3.2146719,2.690094935045096,-8.670557641013778,-1.455833981139554
2021-05-03,87.446,-7.170629315092534,-5.928505598270967,-3.1369169,2.631643475384606,-8.560149073655573,-1.4478358649615484
2021-05-04,87.30300000000001,-7.3190426492082095,-5.875027176311436,-3.0578742,2.5723759231068186,-8.447403099418255,-1.4393097337135474
2021-05-05,87.245,-7.382291451664319,-5.820055179052892,-2.952883,2.51231469841654,-8.332369877469432,-1.43026158936923
2021-05-06,90.062,-4.570374311849274,-5.763617360876691,-2.8544233,2.451482428787161,-8.215099789663853,-1.420697670323103
2021-05-07,88.675,-5.9621071414350055,-5.70574147009962,-2.7857494,2.38990193812733,-8.09564340822695,-1.4106244451357326
2021-05-08,87.504,-7.137676253872235,-5.646455228118028,-2.7243516,2.32759623598611,-7.974051464104138,-1.40004860613854
2021-05-09,89.157,-5.489080210745894,-5.58578630920105,-2.6698072,2.264588506804039,-7.85037481600509,-1.388977062905394
2021-05-10,92.06,-2.5903175736408564,-5.523762320953753,-2.5994277,2.200902099217295,-7.724664420171048,-1.377416935598354
2021-05-11,89.197,-5.457386904142015,-5.460410785470015,-2.5246723,2.1365605154219804,-7.596971300891996,-1.365375548195006
2021-05-12,89.742,-4.916286763834273,-5.395759121193791,-2.4410944,2.0715874006053925,-7.467346521799183,-1.352860421604917
2021-05-13,86.84899999999999,-7.813015714302522,-5.3298346255063285,-2.347898,2.006006532450814,-7.335841157957143,-1.3398792666828188
2021-05-14,89.74799999999999,-4.917572317131632,-5.262664458055973,-2.263588,1.9398418107223403,-7.202506268778313,-1.3264399771462163
2021-05-15,87.348,-7.320955133906527,-5.19427562484572,-2.2229524,1.873117246935868,-7.067392871781588,-1.3125506224051404
2021-05-16,86.68599999999999,-7.986162726212085,-5.124694963092873,-2.1676252,1.8058569541222893,-6.930551917215162,-1.2982194403118683
2021-05-17,93.407,-1.2681088582643891,-5.053949126873709,-2.1091785,1.7380851366886136,-6.792034263562323,-1.2834548298384374
2021-05-18,91.131,-3.546922413589771,-4.982064573565107,-2.078148,1.6698260803825544,-6.651890653947661,-1.2682653436898352
2021-05-19,95.615,0.9344400678102068,-4.909067551093677,-2.037803,1.601104142365908,-6.510171693459585,-1.2526596808607675
2021-05-20,84.946,-9.737675624261335,-4.834984086001916,-2.0658712,1.5319437414017698,-6.366927827403686,-1.2366466791439297
2021-05-21,88.572,-6.1146255597246055,-4.75983997233953,-2.079122,1.4623693481603914,-6.222209320499921,-1.2202353075977066
2021-05-22,88.881,-5.808408391095676,-4.683660761386968,-2.0706668,1.3924054756483266,-6.076066237035295,-1.203434658981224
2021-05-23,86.773,-7.919022770890599,-4.606471752216875,-2.0520687,1.3220766697651165,-5.928548421981992,-1.1862539421646967
2021-05-24,96.115,1.4205326483746292,-4.528297983097982,-2.0133255,1.251407499991655,-5.779705483089637,-1.16870247452293
2021-05-25,87.802,-6.8950571994428005,-4.44916422374476,-1.9746896,1.1804225502140766,-5.629586773958836,-1.1507896743198964
2021-05-26,84.084,-10.615473141014416,-4.369094968414698,-1.8868804,1.1091464096866714,-5.4782413781013695,-1.1325250530921838
2021-05-27,95.037,0.3352861235356617,-4.288114429854192,-1.8378208,1.0376036641372772,-5.325718093991469,-1.1139182080391363
2021-05-28,90.945,-3.7589271682537175,-4.206246534092377,-1.7798885,0.965818887018097,-5.1720654211104735,-1.0949788144274046
2021-05-29,95.295,0.5890587757836583,-4.123514916081305,-1.7053323,0.8938166309048458,-5.017331546986151,-1.075716618017601
2021-05-30,91.582,-3.125916918274146,-4.039942916179433,-1.6308104,0.8216214190467269,-4.861564335226159,-1.056141427520645
2021-05-31,91.001,-3.708718049524237,-3.955553577474294,-1.5575426,0.7492577370695845,-4.704811314543878,-1.0362631070913442
2021-06-01,95.524,0.8126566429766244,-3.870369643938881,-1.4828618,0.6767500248342366,-4.547119668773117,-1.0160915688666317
2021-06-02,96.883,2.1701559701652924,-3.784413559415149,-1.4224443,0.6041226684518178,-4.388536227866967,-0.9956367655558154
2021-06-03,92.907,-1.807700187138873,-3.6977074674167216,-1.3494011,0.5313999924576273,-4.229107459874349,-0.974908683090068
2021-06-04,97.674,2.9579355607762423,-3.610273211741924,-1.2770967,0.458606252144801,-4.068879463886725,-0.953917333338302
2021-06-05,95.382,0.6643637028673783,-3.5221323378867004,-1.2260457,0.3857656260588005,-3.907897963945501,-0.9326727468964036
2021-06-06,97.428,2.708647893847229,-3.4333060952462517,-1.1796951,0.3129022086535405,-3.746208303899792,-0.911184965956752
2021-06-07,94.529,-0.1920304469201612,-3.343815440092744,-1.1388102,0.2400400031096585,-3.5838554432024017,-0.8894640372647354
2021-06-08,96.296,1.5732175727713038,-3.253681039315411,-1.0839456,0.1672029143152217,-3.420883953630633,-0.867520005168877
2021-06-09,93.958,-0.766446103165074,-3.162923274908456,-1.0394915,0.0944147420089429,-3.2573380169173984,-0.8453629047710366
2021-06-10,97.485,2.758946473480555,-3.0715622491906167,-1.0463406,0.0216991740856989,-3.093261423276316,-0.8230027551829802
2021-06-11,94.324,-0.4039893996333452,-2.9796177907397743,-1.0332539,-0.0509202199360737,-2.9286975708037004,-0.8004495528954538
2021-06-12,95.132,0.4021975245764215,-2.887109461024383,-1.0101701,-0.1234199952857286,-2.763689465738654,-0.7777132652657491
2021-06-13,98.542,3.810353324153756,-2.794056561712948,-0.9645642,-0.1957768381514016,-2.5982797235615465,-0.754803824129519
2021-06-14,99.227,4.493511435889781,-2.700478142641423,-0.92594546,-0.2679675717317292,-2.432510570909694,-0.7317311195425023
2021-06-15,89.797,-4.93872795356675,-2.606393010417719,-0.86357385,-0.3399691621295939,-2.2664238482881247,-0.708504993657553
2021-06-16,92.626,-2.1114358406097526,-2.511819737641358,-0.7853793,-0.4117587240894211,-2.1000610135519366,-0.6851352347422169
2021-06-17,96.02,1.2812578607214746,-2.416776672715602,-0.7030314,-0.4833135265797637,-1.9334631461358385,-0.6616315713419046
2021-06-18,98.057,3.3171238685025104,-2.321281950228366,-0.6265544,-0.5546109982230263,-1.76667095200534,-0.6380036665934709
2021-06-19,97.897,3.1560705304454686,-2.2253535018774504,-0.56624633,-0.6256287325745397,-1.5997247693029109,-0.6142611126938635
2021-06-20,97.827,3.0848452921783114,-2.1290090679148435,-0.51549876,-0.696344493253171,-1.4326645746616724,-0.5904134255282226
2021-06-21,90.728,-4.015623717735891,-2.0322662090840105,-0.46205845,-0.7667362189260242,-1.2655299901579862,-0.566470039461646
2021-06-22,98.787,4.042091427674522,-1.9351423190234849,-0.4113409,-0.836782028149818,-1.098360290873667,-0.5424403022986068
2021-06-23,99.47,4.723216628494205,-1.837654637109171,-0.34941313,-0.906460224071764,-0.9311944130374072,-0.5183334704137572
2021-06-24,98.55,3.8014716019905856,-1.7398202617073169,-0.3108153,-0.975749298992928,-0.7640709627143888,-0.4941587040576695
2021-06-25,97.086,2.3358123721084203,-1.6416561638094571,-0.26846096,-1.0446279387971251,-0.597028225012332,-0.469925062840787
2021-06-26,93.38,-1.371791804046028,-1.543179201019842,-0.22463505,-1.1130750272486742,-0.4301041737711677,-0.4456415013986711
2021-06-27,95.232,0.4787000375073829,-1.4444061318657222,-0.17482324,-1.1810696501623168,-0.2633364817034054,-0.4213168652413551
2021-06-28,104.753,9.998007077940589,-1.3453536303999205,-0.11827285,-1.248591099448878,-0.0967625309510422,-0.3969598867893967
2021-06-29,96.704,1.9473639004473544,-1.2460383010650795,-0.06605584,-1.3156188770402333,0.0695805759751535,-0.3725791815989778
2021-06-30,104.744,9.98580923175792,-1.1464766937881967,-0.017715853,-1.3821326986973497,0.2356560049091529,-0.3481832447781591
2021-07-01,98.211,3.4513642554512733,-1.0466853192739975,0.025598839,-1.448112497705216,0.4014271784312184,-0.3237804475961455
2021-07-02,93.495,-1.266200818689993,-0.9466806644651368,0.06766786,-1.513538428458573,0.5668577639934362,-0.2993790342871755
2021-07-03,97.154,2.3917341125275984,-0.8464792081371537,0.11469803,-1.578390869942452,0.7319116618052983,-0.2749871190504148
2021-07-04,96.699,1.9358387680283684,-0.7460974365956102,0.16295417,-1.6426504291116186,0.8965529925160084,-0.2506126832469693
2021-07-05,99.673,4.909114030949715,-0.645551859442917,0.20420736,-1.7062979441730002,1.0607460847300831,-0.2262635727948865
2021-07-06,100.167,5.40251215076117,-0.5448590253820521,0.22602908,-1.7693144877753475,1.2244554623932955,-0.2019474957627923
2021-07-07,97.262,2.496793887261417,-0.4440355380242946,0.2595473,-1.8316813701102956,1.3876458320860008,-0.1776720201625397
2021-07-08,97.787,3.0209435252620978,-0.343098071668045,0.31075993,-1.8933801419292071,1.5502820702611622,-0.1534445719409769
2021-07-09,95.456,0.6888959128152967,-0.2420633870158939,0.37006098,-1.9543925974799436,1.7123292104640495,-0.1292724331707863
2021-07-10,98.067,3.2990304396101147,-0.140948346796928,0.41015372,-2.014700777368016,1.873752430571088,-0.1051627404399742
2021-07-11,97.309,2.5401926403245536,-0.0397699312615853,0.44772434,-2.074286971346342,2.0345170400847565,-0.0811224834394689
2021-07-12,101.412,6.642446578525247,0.0614547464836846,0.49677488,-2.133133721038004,2.1945884675216885,-0.0571585037479555
2021-07-13,96.183,1.41281281503837,0.1627084253344079,0.5591186,-2.191223822596236,2.353932247930644,-0.0332774938128927
2021-07-14,102.007,7.236279903226177,0.2639736812710266,0.60907274,-2.248540329306008,2.5125140105770343,-0.0094859961263896
2021-07-15,98.755,3.983708381766552,0.3652329126988192,0.651321,-2.305066554131429,2.670299466830248,0.0142095974055979
2021-07-16,100.174,5.402308851705303,0.4664683260764278,0.6859027,-2.3607860722131853,2.827254398289613,0.037803045902532
2021-07-17,94.516,-0.2563384687092362,0.5676619218643985,0.7164029,-2.4156827233202174,2.983344645184616,0.0612882597590229
2021-07-18,96.115,1.3421967518789,0.6687954808246858,0.7648272,-2.469740614259732,3.138536095084418,0.0846593007072516
2021-07-19,98.912,4.138906482269567,0.769850550701576,0.79612195,-2.522944121249631,3.292794671951208,0.1079103816945354
2021-07-20,91.628,-3.1454748597660904,0.8708084333140547,0.8176018,-2.5752778922573114,3.446086325571366,0.131035866578713
2021-07-21,94.726,-0.047287862063519,0.9716501720891206,0.8508174,-2.626726849308752,3.5983770213978725,0.1540302696442057
2021-07-22,102.191,7.418063714585484,1.0723565400649224,0.8783482,-2.677276190771713,3.749632730836636,0.1768882549418807
2021-07-23,97.103,2.330580037527704,1.1729080283920592,0.9076736,-2.72691139361673,3.8998194220087896,0.1996046354559702
2021-07-24,101.229,6.457261274109975,1.2732848353606183,0.93726856,-2.775618215659533,4.048903051020151,0.2221743721015671
2021-07-25,100.559,5.787714580032205,1.3734668559799503,0.975037,-2.823382697788388,4.196849553768338,0.2445925725563617
2021-07-26,96.605,1.8338553922570064,1.4734336721373524,1.004164,-2.870191166179685,4.343624838317037,0.2668544899305137
2021-07-27,103.967,9.196162751888638,1.5731645433611567,1.0175894,-2.916030234505089,4.4891947778662455,0.2889555212786989
2021-07-28,92.704,-2.0663633061686264,1.6726383982127444,1.0618565,-2.9608868061333067,4.633525204346051,0.3108912059585728
2021-07-29,101.162,6.392699937037616,1.7718338263313789,1.1041328,-3.0047480763294225,4.776581902660801,0.3326572238400557
2021-07-30,102.285,7.516406407921888,1.870729071154691,1.1370628,-3.047601534454664,4.918330605609355,0.3542493933700111
2021-07-31,101.333,6.56530589093468,1.9693020233368173,1.1447825,-3.0894349661692058,5.058736989506024,0.3756636694970429
2021-08-01,94.305,-0.4620797805287662,2.0675302148852053,1.1683867,-3.130236455640533,5.197766670525738,0.3968961414612997
2021-08-02,103.145,8.378422105350136,2.165390814036172,1.1936209,-3.1699943877596595,5.335385201795832,0.4179430304543023
2021-08-03,97.027,2.2610159621440395,2.262860620888248,1.227501,-3.2086974503673846,5.471558071255632,0.4388006871539779
2021-08-04,97.188,2.422778874275454,2.359916063811239,1.2630106,-3.24633463649251,5.6062507003037485,0.4594655891401761
2021-08-05,95.104,0.3396766200461956,2.456533196648038,1.2932187,-3.282895246603852,5.7394284432518905,0.4799343381961117
2021-08-06,96.278,1.5147456741494416,2.5526876967249548,1.3070463,-3.318368890877603,5.871056587602558,0.5002036575012643
2021-08-07,100.574,5.8119640629841465,2.6483548636852574,1.316878,-3.352745491481441,6.001100355166699,0.5202703887213798
2021-08-08,102.829,8.068354129684256,2.743509619159524,1.3309844,-3.386015284876628,6.129524904036152,0.5401314890013297
2021-08-09,109.786,15.026890137466642,2.838126507285193,1.3477665,-3.418168824139032,6.256295331424225,0.5597840278666861
2021-08-10,101.568,6.810471329304033,2.93217969608648,1.3599852,-3.449196981299936,6.381376677386416,0.5792251840399317
2021-08-11,92.424,-2.3317816906389783,3.0256429797246867,1.3926276,-3.4790909497071314,6.5047339294318185,0.5984522421773257
2021-08-12,102.656,7.902257947311031,3.1184897816276296,1.4364207,-3.507842246406755,6.626332028034385,0.6174625895325131
2021-08-13,95.998,1.2464679551529034,3.2106931585057525,1.478654,-3.5354427145459626,6.746135873051715,0.6362537125530158
2021-08-14,91.845,-2.904151791567644,3.302225805261114,1.516853,-3.5618845257964065,6.864110331057521,0.654823193415832
2021-08-15,95.692,0.945424199033031,3.3930600607942853,1.5355188,-3.587160182798229,6.980220243592514,0.6731687065083589
2021-08-16,99.002,4.258145265921008,3.483167914712804,1.5633684,-3.611262521624076,7.09443043633688,0.6912880148609789
2021-08-17,100.92,6.179036208677209,3.5725210149436424,1.5749897,-3.634184714262429,7.206705729206071,0.7091789665375794
2021-08-18,100.622,5.884096902847387,3.661090676250711,1.5816575,-3.65592027111928,7.31701094736999,0.7268394909903902
2021-08-19,101.63,6.895327223977252,3.748847889657257,1.5749831,-3.67646304353703,7.425310933194287,0.744267595385482
2021-08-20,100.646,5.914727047612587,3.835763332771517,1.5648123,-3.6958072263292023,7.53157055910072,0.7614613609052907
2021-08-21,101.786,7.058296249299078,3.921807381012892,1.5692233,-3.7139473603293776,7.63575474134227,0.7784189390345434
2021-08-22,103.509,8.785034704582497,4.006950119734349,1.5827245,-3.730878334952519,7.737828454686868,0.7951385478359284
2021-08-23,100.539,5.818942289008573,4.091161357235626,1.6138074,-3.746595390766677,7.8377567480023025,0.8116184682218563
2021-08-24,98.825,4.109018878123022,4.174410638660365,1.655508,-3.761094122072782,7.9355047607331475,0.8278570402286178
2021-08-25,96.086,1.3742643474716054,4.256667260769053,1.7112775,-3.774370479490052,8.031037740259105,0.8438526592992284
2021-08-26,93.827,-0.8804469842237808,4.337900287578324,1.7402289,-3.786420772544388,8.124321060122712,0.8596037725811647
2021-08-27,99.077,4.37400690353623,4.418078566855836,1.7580081,-3.797241672256781,8.215320239112616,0.8751088752452209
2021-08-28,100.384,5.685625867704067,4.49717074745864,1.7769446,-3.8068302137286754,8.304000961187317,0.8903665068315807
2021-08-29,101.228,6.534273335088447,4.575145297501762,1.7952977,-3.815183798721012,8.390329096222773,0.905375247629179
2021-08-30,104.145,9.456064051302103,4.651970523342336,1.8166752,-3.8223001982233793,8.474270721565716,0.9201337150943416
2021-08-31,106.988,12.304016179892413,4.727614589363331,1.8219147,-3.82817755500964,8.55579214437297,0.9346405603146178
2021-09-01,99.414,4.735129554893975,4.802045538539856,1.8086363,-3.832814386176105,8.634859924715961,0.9488944645236058
2021-09-02,98.416,3.7424040103413674,4.875231313769606,1.8064139,-3.836209585658206,8.711440899427812,0.9628941356725362
2021-09-03,99.615,4.946334385758295,4.947139779947843,1.8330997,-3.838362426721408,8.785502206669252,0.9766383050641814
2021-09-04,97.002,2.3384117870133387,5.01773874676619,1.850387,-3.8392725644219134,8.857011311188103,0.9901257240546524
2021-09-05,98.85,4.19163597335805,5.086995992213302,1.8652103,-3.838940038032627,8.925936030245929,1.0033551608284548
2021-09-06,95.532,0.8790067040440794,5.1548792867542375,1.8978343,-3.837365273429526,8.992244560183764,1.016325397252075
2021-09-07,101.216,6.568523738323001,5.2213564181644125,1.9311148,-3.8345490854336304,9.055905503598042,1.0290352258112525
2021-09-08,101.659,7.01695427621179,5.286395216992762,1.9614055,-3.830492680103416,9.11688789709618,1.0414834466369305
2021-09-09,94.683,0.0460808498223546,5.34996358262775,1.9917314,-3.825197656972556,9.175161239600309,1.0536688646247634
2021-09-10,100.766,6.13390277169046,5.412029509938795,1.8381656,-3.818666011227577,9.230695521166371,1.0655902866528686
2021-09-11,94.389,-0.2381712156909099,5.472561116464696,1.8679357,-3.8109001358200514,9.283461252284749,1.0772465189024245
2021-09-12,97.028,2.4057094711181204,5.5315266701196215,1.9078285,-3.80190282350764,9.33342949362726,1.088636364285467
2021-09-13,98.36,3.7425648415833255,5.588894617386349,1.9379671,-3.791677268818416,9.380571886204764,1.0997586199841571
2021-09-14,99.255,4.642525764942576,5.644633611965431,1.9558692,-3.780227069932583,9.424860681898014,1.1106120751055537
2021-09-15,102.284,7.6765896357319345,5.698712543848258,1.9817511,-3.767556230475789,9.466268774324048,1.1211955084558023
2021-09-16,102.836,8.23375810069076,5.751100568780903,2.0116699,-3.753669161217984,9.504769729998888,1.1315076864374198
2021-09-17,100.824,6.227030709422807,5.801767138085101,2.0239618,-3.738570681671857,9.540337819756957,1.141547361073216
2021-09-18,99.456,4.864349344824098,5.850682028801777,1.8524677,-3.722266021584719,9.572948050386495,1.1513132681601712
2021-09-19,96.305,1.7187696561758663,5.897815374121948,1.7108736,-3.7047608223177018,9.60257619643965,1.1608041255564123
2021-09-20,97.23,2.649274334330215,5.943137694068916,1.7343398,-3.686061138105997,9.629198832174913,1.170018631604216
2021-09-21,96.924,2.3488747361496163,5.986619926395421,1.7635076,-3.666173437194023,9.652793363589444,1.1789554636917785
2021-09-22,96.121,1.551574852367971,6.028233457658443,1.8016294,-3.645104602839151,9.673338060497594,1.1876132769562942
2021-09-23,94.607,0.0430861098080344,6.06795015443407,1.8433019,-3.622861934177775,9.690812088611844,1.195990703130652
2021-09-24,97.48,2.921704116298316,6.105742394634176,1.8747343,-3.5994531469474262,9.705195541581602,1.204086349535874
2021-09-25,98.405,3.852428365879323,6.14158309888631,1.9195666,-3.5748863740586763,9.716469472944986,1.2118987982211793
2021-09-26,98.549,4.002258352591519,6.1754457619377945,1.9379904,-3.549170166010585,9.72461592794838,1.219426605253383
2021-09-27,106.211,11.670162501413309,6.20730448404456,1.8669772,-3.522313491143429,9.729617975187988,1.2266683001570575
2021-09-28,98.956,4.42117053117929,6.237134002305039,1.7764645,-3.49432573572259,9.73145973802763,1.2336223855067534
2021-09-29,99.862,5.3331181544718,6.264909721899186,1.7895875,-3.465216703847417,9.730126425746604,1.2402873366722469
2021-09-30,100.663,6.140009065333636,6.290607747192385,1.7700876,-3.4349966171790065,9.725604364371392,1.2466616017176728
2021-10-01,97.976,3.458918795889959,6.314204912663992,1.7771044,-3.40367611448094,9.717881027144932,1.2527436014550666
2021-10-02,96.382,1.8707607560715696,6.335678813619937,1.7867914,-3.3712662509669773,9.706945064586916,1.258531729652724
2021-10-03,99.81,5.304422745783581,6.355007836649021,1.8243918,-3.3377784974499867,9.692786334099008,1.264024353398472
2021-10-04,102.378,7.878129844137739,6.372171189782259,1.8686715,-3.3032247392863074,9.675395929068566,1.269219813617763
2021-10-05,104.944,10.449741784324145,6.387148932314946,1.8942196,-3.2676172751100125,9.65476620742496,1.274116425746292
2021-10-06,101.613,7.124410076269088,6.399922004250867,1.9005318,-3.230968815351532,9.6308908196024,1.2787124805565817
2021-10-07,101.777,7.294104812448235,6.410472255328626,1.8963267,-3.193292480535369,9.603764735863995,1.283006245137758
2021-10-08,102.86,8.382868126974559,6.418782473589887,1.8417804,-3.154601799351666,9.573384272941553,1.2869959640275532
2021-10-09,97.613,3.1416993488927663,6.424836413449838,1.8426613,-3.1149107064966244,9.539747119946462,1.2906798604953125
2021-10-10,100.684,6.218591300233694,6.428618823230373,1.8495214,-3.0742335402769063,9.50285236350728,1.294056137974578
2021-10-11,99.474,5.014549640234958,6.430115472116774,1.8119276,-3.0325850399733425,9.462700512090116,1.2971229816436032
2021-10-12,98.39,3.936437652377106,6.429313176499277,1.7833189,-2.989980342959443,9.41929351945872,1.2998785601519365
2021-10-13,103.8,9.352379275852268,6.426199825661128,1.7175251,-2.9464349815704645,9.372634807231591,1.3023210274910093
2021-10-14,103.728,9.286381344986191,6.420764406775426,1.7152678,-2.9019648797188937,9.32272928649432,1.304448525006414
2021-10-15,101.323,6.887443166567943,6.412997029173445,1.7382125,-2.8565863492525367,9.26958337842598,1.3062591835494206
2021-10-16,99.179,4.749277632839196,6.4028889478478535,1.7627374,-2.81031608605155,9.213205033899404,1.3077511257649892
2021-10-17,105.697,11.2731397848171,6.390432586154867,1.7587217,-2.763171165861064,9.15360375201593,1.3089224685134095
2021-10-18,103.0,8.581898154719514,6.375621557679988,1.5871437,-2.715169039856178,9.090790597536166,1.309771325422465
2021-10-19,100.077,5.66470085298702,6.358450687232846,1.6261767,-2.6663275299365536,9.0247782171694,1.3102958095668031
2021-10-20,101.223,6.816547117945317,6.338916030937379,1.4936911,-2.616664823747847,8.955580854685227,1.3104940362710713
2021-10-21,97.015,2.6140409455859626,6.317014895384471,1.3969898,-2.566199469427744,8.883214364812215,1.3103641260331251
2021-10-22,99.155,4.759566076287992,6.292745855814986,0.68593967,-2.514950370074449,8.807696225889435,1.3099042075634553
2021-10-23,105.886,11.496027878171311,6.266108773302152,0.552138,-2.4629367779359077,8.729045551238059,1.309112420936836
2021-10-24,108.789,14.404425072930756,6.237104810903133,-0.9089274,-2.4101782883182103,8.647283099221344,1.3079869208519652
2021-10-25,105.213,10.833846054609587,6.205736448750734,-1.6689346,-2.3566948332120545,8.56243128196279,1.3065258799947683
2021-10-26,101.117,6.743289975528574,6.172007498057137,-1.7782972,-2.302506674636358,8.474514172693494,1.3047274925008183
2021-10-27,103.165,8.79644092553934,6.135923114002741,-1.8333691,-2.2476343976984583,8.383557511701198,1.302589977512195
2021-10-28,94.583,0.2192334613792441,6.097489807484277,-1.8299052,-2.192098903370687,8.289588710854964,1.300111582823979
2021-10-29,96.999,2.640027701138738,6.056715455697607,-1.822342,-2.1359214009834098,8.192636856681016,1.2972905886153885
2021-10-30,108.334,13.979742226504971,6.013609311531627,-1.8327463,-2.079123400434884,8.09273271196651,1.2941253112604592
2021-10-31,100.892,6.542454370551917,5.968182011751255,-1.7955241,-2.021726704118823,7.989908715870078,1.2906141072130248
2021-11-01,101.46,7.115163172072858,5.920445583948433,-1.9390458,-1.9637533985706352,7.884198982519068,1.2867553769606463
2021-11-02,97.6,3.2596324090534567,5.870413452241672,-1.9440306,-1.9052258458338696,7.775639298075541,1.282547569042006
2021-11-03,94.042,-0.2939100118621276,5.818100441705762,-1.9025255,-1.846166674548631,7.664267116254393,1.277989184122158
2021-11-04,99.748,5.416770174088001,5.763522781514782,-2.1069272,-1.7865987707641038,7.550121552278886,1.2730787791199738
2021-11-05,101.218,6.891207842199642,5.70669810678299,-2.119351,-1.7265452684777172,7.433243375260707,1.2678149713819604
2021-11-06,111.261,16.93854247590825,5.647645459089377,-2.1654413,-1.666029539903776,7.313674998993153,1.2621964428965915
2021-11-07,96.71,2.391859099572219,5.586385285673405,-2.1201608,-1.6050751854747871,7.191460471148192,1.2562219445431666
2021-11-08,98.176,3.862156704051527,5.52293943729068,-2.050473,-1.543706023579079,7.06664546086976,1.2498903003691817
2021-11-09,104.694,10.384434280206122,5.45733116471892,-2.4277956,-1.481946080038599,6.93927724475752,1.2432004118900934
2021-11-10,92.612,-1.693309181103956,5.389585113906117,-2.4094484,-1.4198195773312663,6.809404691237384,1.236151262405308
2021-11-11,90.872,-3.428698154741852,5.31972731975423,-2.4217684,-1.35735092356246,6.677078243316689,1.2287419213241826
2021-11-12,89.012,-5.283862645239024,5.247785198533342,-2.4396393,-1.294564701190711,6.542349899724053,1.22097154849577
2021-11-13,92.528,-1.7629689138671676,5.173787538922809,-2.3927708,-1.2314856555129687,6.405273194435778,1.2128393985360255
2021-11-14,92.447,-1.838704660259325,5.09776449167743,-2.3830438,-1.1681386829151743,6.265903174592605,1.2043448251461084
2021-11-15,95.139,0.8589163015063095,5.019747557918325,-2.3854759,-1.1045488188942485,6.124296376812573,1.1954872854154732
2021-11-16,99.3,5.025474095817395,4.939769576049716,-2.3523924,-1.0407412258579125,5.980510801907628,1.186266344103358
2021-11-17,98.21,3.941003108819321,4.857864707304481,-2.2890902,-0.9767411807091708,5.834605888013652,1.1766816778923097
2021-11-18,92.532,-1.7317900592766016,4.774068419922965,-2.2513502,-0.9125740622226024,5.686642482145567,1.1667330796073832
2021-11-19,106.099,11.840737210571168,4.688417471971032,-2.3089273,-0.8482653382198978,5.53668281019093,1.156420462394664
2021-11-20,90.01,-4.242744890434302,4.600949892805052,-2.2501636,-0.783840552552558,5.38479044535761,1.1457438638527635
2021-11-21,94.151,-0.0961816612237429,4.511704963193109,-2.2078304,-0.7193253118998072,5.231030275092916,1.134703450110988
2021-11-22,95.481,1.2393690688774497,4.420723194103316,-2.1645715,-0.6547452723903265,5.075468466493643,1.1232995198479088
2021-11-23,96.207,1.9705914482749192,4.328046304171655,-2.1449678,-0.5901261260565049,4.918172430228159,1.111532508244098
2021-11-24,93.853,-0.3782088111678288,4.2337171958634725,-2.0941098,-0.5254935871304295,4.759210782993902,1.0994029908628324
2021-11-25,90.005,-4.220772981405174,4.137779930344277,-2.0883927,-0.4608733781909858,4.598653308535263,1.0869116874526696
2021-11-26,96.093,1.8727958517328436,4.040279701077038,-2.0842469,-0.3962912161718621,4.4365709172489005,1.0740594656658136
2021-11-27,91.958,-2.256649369219182,3.9412628061648087,-2.0590832,-0.3317727982404165,4.273035604405226,1.0608473446862898
2021-11-28,92.606,-1.6023179114980346,3.840776619459029,-2.0524216,-0.2673437875578353,4.108120407016864,1.0472764987620262
2021-11-29,94.513,0.3113883388555258,3.7388695604553233,-2.0032601,-0.2030297989310593,3.941899359386383,1.0333482606350333
2021-11-30,93.718,-0.4768961049518561,3.635591063000277,-1.9691095,-0.1388563843674481,3.774447447367725,1.0190641248639312
2021-12-01,91.472,-2.715907702526928,3.5309915428339465,-1.9409107,-0.0748490185432199,3.6058405613771662,1.0044257510332493
2021-12-02,91.539,-2.6417170646039034,3.425122363994598,-1.8866494,-0.0110330841971181,3.436155448191716,0.989434966843944
2021-12-03,92.734,-1.4391196094857452,3.31803580411335,-1.8249977,0.0525661425391442,3.2654696615742065,0.9740937710797818
2021-12-04,91.551,-2.6143913010909667,3.209785018628056,-1.7762886,0.1159235068617822,3.0938615117662733,0.9584043364442923
2021-12-05,94.644,0.4863120540609529,3.1004240039469493,-1.7258319,0.1790139900551386,2.9214100138918107,0.9423690122631762
2021-12-06,93.926,-0.2240099790642045,2.9900075595941185,-1.7165997,0.241812724278927,2.7481948353151915,0.9259903270471412
2021-12-07,99.048,4.905704254430751,2.878591249370068,-1.7262849,0.3042950073700474,2.5742962420000204,0.9092709909103508
2021-12-08,95.404,1.2693318268752352,2.7662313615620917,-1.7290661,0.3664363176463274,2.399795043915764,0.8922138978397313
2021-12-09,99.252,5.12493271513478,2.652984868240193,-1.8815403,0.4282123286994324,2.2247725395407607,0.8748221278106298
2021-12-10,96.061,1.9415064841751064,2.5389093836758816,-1.8910346,0.4895989241639176,2.049310459511964,0.8570989487444071
2021-12-11,101.631,7.518978744292927,2.424063121921975,-1.9851127,0.5505722124493632,1.873490909472612,0.8390478183037623
2021-12-12,103.035,8.930421005485414,2.3085048535930817,-2.4861014,0.6111085414223109,1.697396312170771,0.8206723855217327
2021-12-13,86.84,-7.257167178233329,2.192293861887161,-3.2375393,0.6711845130247318,1.5211093488624297,0.8019764922605092
2021-12-14,99.72,5.630585767141717,2.075489897890008,-3.8369741,0.7307769978154812,1.3447129000745262,0.7829641744963743
2021-12-15,98.834,4.752227196753634,1.9581531352052928,-4.0952578,0.7898631494212668,1.1682899857840263,0.7636396634272743
2021-12-16,94.864,0.7898209293397747,1.84034412395382,-4.454473,0.8484204188834824,0.9919237050703374,0.7440073863997244
2021-12-17,89.95599999999999,-4.111116286979763,1.7221237441866764,-4.413416,0.906426568887273,0.8156971752994033,0.7240719676519375
2021-12-18,91.499,-2.5606010906996675,1.60355315875785,-4.409257,0.9638596878590896,0.6396934708987605,0.7038382288702799
2021-12-19,97.407,3.3548827433846045,1.4846937657024917,-4.421538,1.020698203919013,0.463995561783479,0.683311189556362
2021-12-20,96.735,2.6901321361115738,1.3656071501682785,-4.4125443,1.0769208986740857,0.2886862514941928,0.662496067202272
2021-12-21,97.703,3.6652295850463448,1.2463550359474789,-4.3934526,1.1325069208389322,0.1138481151085466,0.6413982772716819
2021-12-22,96.604,2.5732536743235803,1.1269992366585635,-4.565772,1.18743579966989,-0.0604365630113263,0.6200234329847871
2021-12-23,92.158,-1.866224837715745,1.0076016066264275,-5.2028375,1.2416874581990216,-0.2340858515725938,0.5983773449052187
2021-12-24,106.489,12.471546815306098,0.8882239915111819,-5.5579524,1.2952422262543088,-0.4070182347431269,0.5764660203273505
2021-12-25,89.35300000000001,-4.65861702125404,0.7689281787357192,-6.1002274,1.3480808532525133,-0.5791526745167941,0.5542956624625875
2021-12-26,93.944,-0.0612647512603512,0.6497758477630022,-6.378367,1.400184520751163,-0.7504086729881607,0.5318726694234838
2021-12-27,90.445,-3.5538089616888837,0.5308285202742911,-6.7607565,1.4515348547462783,-0.9207063344719872,0.5092036330047907
2021-12-28,97.134,3.141600982408911,0.4121475102998266,-6.7929544,1.5021139377026291,-1.0899664274028025,0.4862953372606884
2021-12-29,100.057,6.070964588096443,0.2937938743539914,-6.936729,1.5519043203032763,-1.2581104459492851,0.4631547568777913
2021-12-30,96.203,2.2232813624371763,0.1758283616270166,-6.9363313,1.600889032905488,-1.4250606712784712,0.4397890553436576
2021-12-31,97.922,3.9483978052318927,0.0583113642856155,-6.9754596,1.6490515966901416,-1.590740232404526,0.4162055829108338
2022-01-01,93.106,-0.8621900336987149,-0.0586971320650498,-6.9691596,1.696376034492003,-1.7550731665570527,0.3924118743566669
2022-01-02,94.024,0.0613250337299771,-0.1751375977054709,-6.9346495,1.7428468812983944,-1.9179844790038652,0.3684156465393723
2022-01-03,96.332,2.375416796923423,-0.2909510078595188,-7.204358,1.7884491944040324,-2.0794002022635514,0.3442247957510536
2022-01-04,81.266,-12.68454991093573,-0.4060788914332379,-7.50881,1.8331685632099848,-2.2392474546432224,0.3198473948686581
2022-01-05,91.558,-2.386287542778758,-0.5204633793823731,-7.6088915,1.876991118655032,-2.3974544980374053,0.2952916903040289
2022-01-06,91.794,-2.1439411774166706,-0.6340472526564945,-7.675174,1.919903542267855,-2.5539507949243494,0.2705660987544864
2022-01-07,97.549,3.6173481806520487,-0.7467739896676627,-7.8512726,1.9618930748288552,-2.708667064496518,0.2456792037556043
2022-01-08,91.682,-2.2435629123494607,-0.8585878132320943,-7.784461,2.002947524630642,-2.861535337862736,0.2206397520380599
2022-01-09,89.572,-4.347508303214689,-0.969433736933408,-7.727712,2.0430552753265463,-3.0124890122599544,0.1954566496906924
2022-01-10,86.765,-7.148515176243558,-1.0792576108567102,-7.663049,2.082205293356828,-3.161462904213538,0.1701389581321175
2022-01-11,83.52900000000001,-10.378583973511718,-1.1880061666429518,-7.6178064,2.1203871349425865,-3.3083933015855385,0.144695889893474
2022-01-12,86.464,-7.437489786492405,-1.2956270618138432,-7.564403,2.157590952637754,-3.453218014451597,0.1191368042151195
2022-01-13,88.70100000000001,-5.194347633484807,-1.402068923317923,-7.5124574,2.193807501429851,-3.5958764247477744,0.0934712024602978
2022-01-14,89.095,-4.793658756584935,-1.507281390249244,-7.454576,2.229028144380632,-3.736309534629876,0.0677087233490312
2022-01-15,88.94000000000001,-4.942053465435533,-1.6112151556907277,-7.3891063,2.2632448577980813,-3.8744600134888088,0.041859138015704
2022-01-16,87.916,-5.9593883426239564,-1.713822007635067,-7.3290825,2.2964502359316707,-4.010272243566738,0.0159323448940112
2022-01-17,84.36399999999999,-9.504801799247112,-1.815054868936815,-7.269268,2.32863749518315,-4.143692364119965,-0.0100616355668156
2022-01-18,87.65199999999999,-6.210303945609687,-1.9148678362503084,-7.2049565,2.3598004778256065,-4.274668314075915,-0.0361126663504367
2022-01-19,83.36399999999999,-10.4918950555364,-2.013216217908874,-7.1445622,2.3899336552239894,-4.403149873132863,-0.0622104994821617
2022-01-20,89.89,-3.9595754028520016,-2.110056570701819,-7.130539,2.419032130550657,-4.529088701252476,-0.0883447817935541
2022-01-21,84.475,-9.368345261381275,-2.2053467355067404,-7.0745697,2.4470916409900827,-4.652438376496823,-0.1145050608381684
2022-01-22,83.814,-10.02320490494892,-2.299045871735874,-6.9958005,2.4741085594272163,-4.773154431163091,-0.1406807909535903
2022-01-23,86.745,-7.08596229505087,-2.3911144905561503,-6.9205985,2.500079895614596,-4.8911943861707465,-0.16686133946463
2022-01-24,87.81400000000001,-6.010804791962185,-2.4815144868440258,-6.8562045,2.525003296813662,-5.006517783657688,-0.1930359930225233
2022-01-25,91.001,-2.81773264102872,-2.5702091698373177,-6.7806277,2.548877047906339,-5.119086217743657,-0.2191939640746474
2022-01-26,89.77799999999999,-4.034738350970899,-2.657163292447546,-6.6938787,2.5717000709734275,-5.228863363420974,-0.2453243974592026
2022-01-27,85.14399999999999,-8.662755738856394,-2.7423430791976826,-6.602195,2.593471924336816,-5.335815003534498,-0.2714163771191046
2022-01-28,83.104,-10.696856993916809,-2.825716252751602,-6.517458,2.614192801063134,-5.439909053814736,-0.2974589329291995
2022-01-29,87.134,-6.661042349400569,-2.9072520590027846,-6.4371743,2.6338635269269206,-5.541115585929705,-0.3234410476307221
2022-01-30,86.75099999999999,-7.038312038556146,-2.986921290691657,-6.3844857,2.652485557831976,-5.639406848523633,-0.3493516638668285
2022-01-31,93.562,-0.2215976976866711,-3.0646963095220667,-6.3699865,2.6700609766900767,-5.734757286212144,-0.375179691312853
2022-02-01,86.75,-7.027759985274214,-3.1405510667491927,-6.313513,2.6865924897568174,-5.827143556506011,-0.4009140138948477
2022-02-02,87.15599999999999,-6.615999825886643,-3.214461122212718,-6.2879057,2.702083422424846,-5.916544544637564,-0.426543497089792
2022-02-03,83.07100000000001,-10.695317412062671,-3.286403661790686,-6.270769,2.7165377144753635,-6.002941376266049,-0.4520569953007987
2022-02-04,83.70400000000001,-10.056712936341048,-3.3563575132511727,-6.2436004,2.7299599147893474,-6.08631742804052,-0.4774433593004799
2022-02-05,83.307,-10.4481865912605,-3.424303160480497,-6.1854672,2.7423551755203874,-6.166658336000885,-0.5026914437355902
2022-02-06,86.045,-7.704738569359719,-3.490222756068617,-6.106966,2.7537292457318148,-6.243952001800432,-0.5277901146859013
2022-02-07,85.866,-7.878369063177451,-3.5541001322338257,-6.0433283,2.7640884645011408,-6.318188596734967,-0.5527282572702551
2022-02-08,83.351,-10.388078265252432,-3.615920810070872,-5.981707,2.7734397534955506,-6.389360563566422,-0.5774947832925866
2022-02-09,85.731,-8.00286636812336,-3.675672007108356,-5.928983,2.781790609022733,-6.457462616131089,-0.6020786389206984
2022-02-10,85.33200000000001,-8.396733564328965,-3.7333426431629695,-5.874457,2.789149093561845,-6.522491736724815,-0.6264688123904595
2022-02-11,86.71,-7.01368004640799,-3.788923344480211,-5.8062115,2.7955238267800446,-6.584447171260256,-0.650654341728067
2022-02-12,87.279,-6.439706006899129,-3.8424064461528182,-5.7213054,2.80092397604057,-6.643330422193388,-0.674624322482969
2022-02-13,87.132,-6.581811638341129,-3.893785992810245,-5.6337404,2.805359246408911,-6.699145239219156,-0.6983679154639799
2022-02-14,92.867,-0.841972305470847,-3.943057737574263,-5.5782275,2.8088398701641704,-6.751897607738433,-0.7218743544711079
2022-02-15,83.255,-10.449212353960348,-3.9902191392777366,-5.57085,2.8113765958233,-6.801595735101037,-0.7451329540155943
2022-02-16,88.473,-5.226531972671677,-4.035269357945582,-5.514969,2.812980676686436,-6.848250034632018,-0.7681331170206259
2022-02-17,84.19500000000001,-9.49993135046688,-4.078209248538632,-5.470098,2.8136638589121072,-6.891873107450738,-0.7908643424951943
2022-02-18,84.0,-9.690410676208051,-4.1190413529633565,-5.396441,2.813438369131657,-6.932479722095014,-0.8133162331735787
2022-02-19,87.34,-6.345970138757197,-4.157769890352116,-5.325632,2.8123169016127103,-6.970086791964826,-0.8354785031129099
2022-02-20,91.283,-2.3986099269764045,-4.194400745620542,-5.279318,2.81031260498216,-7.004713350602702,-0.8573409852413313
2022-02-21,90.076,-3.601330229727731,-4.228941456310711,-5.2974334,2.807439068519493,-7.036380524830204,-0.8788936388492646
2022-02-22,89.416,-4.25713123587323,-4.261401197730613,-5.3712573,2.803710308032005,-7.065111505762618,-0.9001265570163216
2022-02-23,90.713,-2.956013134274942,-4.291790766402327,-5.3473735,2.799140751323812,-7.090931517726139,-0.9210299739664872
2022-02-24,85.75,-7.914976113794943,-4.320122561833238,-5.2939625,2.7937452232710727,-7.113867785104311,-0.9415942723441952
2022-02-25,85.963,-7.698020363295279,-4.346410566626639,-5.236825,2.7875389305164906,-7.13394949714313,-0.9618099904039952
2022-02-26,83.385,-10.272146071638003,-4.370670324949753,-5.1771526,2.780537445796376,-7.151207770746129,-0.9816678291065948
2022-02-27,87.702,-5.951353427685189,-4.392918919379248,-5.161865,2.7727566919142577,-7.165675611293506,-1.0011586591141122
2022-02-28,85.90299999999999,-7.746642620298889,-4.413174946146209,-5.184268,2.764212925375406,-7.177387871521615,-1.0202735276774544
2022-03-01,92.304,-1.3420138383411224,-4.431458488804102,-5.168342,2.7549227196969723,-7.186381208501075,-1.0390036654088426
2022-03-02,89.87299999999999,-3.7694672706739984,-4.44779109034551,-5.123903,2.7449029484090857,-7.192694038754596,-1.057340492932589
2022-03-03,87.462,-6.177003106159541,-4.462195723794818,-5.1194925,2.7341707677624827,-7.196366491557301,-1.0752756274073518
2022-03-04,89.904,-3.73162153365982,-4.47469676130604,-5.134956,2.722743599158745,-7.197440360464785,-1.092800888913166
2022-03-05,85.309,-8.32332274203688,-4.485319941796703,-5.254494,2.7106391113195976,-7.195959053116301,-1.1099083066967326
2022-03-06,84.618,-9.011106920152802,-4.494092337150237,-5.19148,2.6978752022120776,-7.191967539362315,-1.126590125268509
2022-03-07,84.45700000000001,-9.168974256869593,-4.501042317021316,-5.120974,2.6844699807467323,-7.185512297768048,-1.1428388103453235
2022-03-08,82.668,-10.954924941049374,-4.506199512279966,-5.05423,2.6704417482664096,-7.176641260546376,-1.158647054632358
2022-03-09,88.09100000000001,-5.528959161554148,-4.509594777132,-5.011172,2.6558089798434303,-7.165403756975429,-1.17400778343849
2022-03-10,87.393,-6.224077107246003,-4.51126014995494,-4.9488688,2.640590305403361,-7.151850455358301,-1.1889141601191509
2022-03-11,85.125,-8.48927896698699,-4.51122881289007,-4.8774347,2.6248044906937733,-7.136033303583844,-1.2033595913410091
2022-03-12,91.718,-1.893564929639159,-4.509535050232811,-4.8100133,2.6084704181167657,-7.118005468349577,-1.2173377321629404
2022-03-13,85.93599999999999,-7.672935184064564,-4.506214205664978,-4.8909216,2.5916070674441705,-7.097821273109149,-1.2308424909279736
2022-03-14,83.016,-10.590389919125244,-4.501302638374044,-4.8237348,2.574233496434706,-7.07553613480875,-1.243868033961005
2022-03-15,91.752,-1.851929323683298,-4.494837678105766,-5.0325036,2.55636882137247,-7.051206499478235,-1.2564087900673189
2022-03-16,83.662,-9.939553586600754,-4.486857579197897,-4.963901,2.5380321975464284,-7.024889776744326,-1.2684594548271104
2022-03-17,85.497,-8.102262896739678,-4.477401473643979,-4.9156837,2.519242799690676,-6.996644273334654,-1.2800149946814312
2022-03-18,86.179,-7.418057442962114,-4.466509323237424,-4.850636,2.500019802405447,-6.966529125642871,-1.2910706508051395
2022-03-19,89.61099999999999,-3.983937414130157,-4.454221870847296,-4.885122,2.480382360578993,-6.934604231426289,-1.301621942762679
2022-03-20,87.012,-6.58086974986768,-4.440580590878195,-4.8405633,2.4603495898304906,-6.900930180708686,-1.3116646719427218
2022-03-21,89.47,-4.120886984763015,-4.425627638967842,-4.805076,2.4399405469943503,-6.865568185962192,-1.3211949247678767
2022-03-22,86.585,-7.00398930275441,-4.409405800976899,-4.7815986,2.419174210666269,-6.828580011643167,-1.3302090756759686
2022-03-23,83.646,-9.941176887780149,-4.39195844132646,-4.717394,2.398069461831468,-6.790027903157927,-1.3387037898695275
2022-03-24,84.834,-8.751449923778548,-4.373329450739599,-4.6173935,2.376645064595606,-6.749974515335205,-1.3466760258304278
2022-03-25,89.522,-4.061808594687864,-4.3535631934441446,-4.5048504,2.354919647038819,-6.708482840482963,-1.354123037596806
2022-03-26,88.991,-4.591253084446413,-4.332704453894557,-4.3992176,2.33291168221332,-6.665616136107877,-1.3610423767996354
2022-03-27,93.037,-0.5437835769924506,-4.310798383071615,-4.311681,2.3106394693050647,-6.62143785237668,-1.3674318944565689
2022-03-28,94.565,0.9855997437357392,-4.287890444419095,-4.375342,2.288121114979759,-6.576011559398854,-1.3732897425209198
2022-03-29,88.088,-5.490146126079209,-4.264026359477254,-4.3411536,2.26537451493356,-6.529400874410813,-1.3786143751838589
2022-03-30,85.965,-7.6119791896260445,-4.239252053273495,-4.3125,2.242417335668596,-6.48166938894209,-1.3834045499281782
2022-03-31,90.374,-3.201899637223536,-4.213613599530868,-4.2435155,2.2192669965134217,-6.43288059604429,-1.3876593283322232
2022-04-01,90.548,-3.026907659190334,-4.187157165755617,-4.1569734,2.195940651908272,-6.38309781766389,-1.3913780766228274
2022-04-02,89.237,-4.337003445845185,-4.159928958265053,-4.085059,2.1724551739748645,-6.332384132239918,-1.3945604659763284
2022-04-03,91.358,-2.215187187506798,-4.13197516721757,-4.0246973,2.148827135390309,-6.28080230260788,-1.397206472567036
2022-04-04,99.34,5.767540925506165,-4.103341911706386,-4.141588,2.1250727925844486,-6.228414704290834,-1.3993163773627222
2022-04-05,91.546,-2.025987839494327,-4.074075184979062,-4.128106,2.101208069279696,-6.175283254258758,-1.400890765667004
2022-04-06,88.795,-4.77660183511057,-4.044220799844672,-4.059701,2.0772485403922647,-6.121469340236937,-1.401930526408715
2022-04-07,85.37599999999999,-8.195301277211277,-4.013824334330431,-3.9757848,2.05320941631329,-6.06703375064372,-1.4024368511786205
2022-04-08,91.04,-2.531086381665191,-3.9829310776495466,-3.9131286,2.0291055275880887,-6.012036605237635,-1.4024112330141012
2022-04-09,91.948,-1.6229573643410324,-3.951585976541943,-3.8526692,2.004951310011541,-5.956537286553484,-1.4018554649326664
2022-04-10,93.82,0.2490855588924203,-3.919833582049004,-3.8220117,1.9807607901571185,-5.900594372206123,-1.4007716382154154
2022-04-11,97.225,3.654042172166428,-3.887717996783433,-4.0754504,1.956547571356784,-5.844265568140217,-1.3991621404418204
2022-04-12,92.186,-1.385907033931904,-3.855282822754729,-4.13346,1.932324820148607,-5.787607642903336,-1.3970296532774644
2022-04-13,94.621,1.0480683453978967,-3.822571109810457,-4.228115,1.9081052532084988,-5.730676363018956,-1.3943771500165885
2022-04-14,94.541,0.9666740228914436,-3.789625304752814,-4.545418,1.8839011247820532,-5.673526429534867,-1.391207892881594
2022-04-15,93.015,-0.5608180520063035,-3.756487201189534,-4.56418,1.8597242146320505,-5.616211415821584,-1.3875254300818367
2022-04-16,86.253,-7.324381525204653,-3.723197890177368,-5.018037,1.8355858165166783,-5.558783706694046,-1.3833335926343588
2022-04-17,88.375,-5.204016784837057,-3.6897977117157614,-4.946362,1.811496727213084,-5.501294438928845,-1.3786364909493678
2022-04-18,91.429,-2.151724219037013,-3.656326207147421,-4.9122186,1.787467236100306,-5.443793443247727,-1.3734385111836045
2022-04-19,90.409,-3.173504215938024,-3.622822072521733,-5.141811,1.7635071153152062,-5.38632918783694,-1.3677443113648622
2022-04-20,103.204,9.619642836326449,-3.5893231129758965,-5.1770687,1.739625610494334,-5.32894872347023,-1.3615588172912727
2022-04-21,73.662,-19.924329179630902,-3.555866198187761,-5.49239,1.715831432114269,-5.27169763030203,-1.3548872182091038
2022-04-22,89.70100000000001,-3.8873738758288265,-3.5224872189532435,-5.522573,1.6921327474422916,-5.214619966395535,-1.347734962273099
2022-04-23,83.603,-9.987487698710376,-3.489221044940089,-5.466686,1.6685371731086795,-5.157758218048769,-1.340107751793569
2022-04-24,82.70700000000001,-10.88567488468713,-3.45610148366847,-5.365816,1.645051768311312,-5.101153251979782,-1.3320115382747064
2022-04-25,85.927,-7.667935828251607,-3.4231612407678407,-5.2741585,1.6216830286626935,-5.044844269430534,-1.3234525172487597
2022-04-26,85.146,-8.451183771152614,-3.3904318815579257,-5.195727,1.598436880688782,-4.988868762246708,-1.3144371229109388
2022-04-27,87.798,-5.801316140479386,-3.357943794000622,-5.0866714,1.5753186769884395,-4.933262470989062,-1.3049720225601198
2022-04-28,93.532,-0.0695159677312498,-3.325726153067873,-5.0729337,1.552333192061614,-4.878059345129487,-1.2950641108506038
2022-04-29,89.313,-4.290783606691018,-3.2938068865693872,-4.993002,1.5294846188136977,-4.823291505383085,-1.284720503860405
2022-04-30,93.527,-0.0791194111414199,-3.262212642482307,-5.00393,1.5067765657428371,-4.768989208225144,-1.2739485329816709
2022-05-01,88.36,-5.248523734865263,-3.230968757823512,-4.95754,1.4842120548162618,-4.715180812639773,-1.2627557386391015
2022-05-02,84.767,-8.843996931645304,-3.2000992291035266,-4.987891,1.4617935200409446,-4.661892749144471,-1.2511498638423195
2022-05-03,89.21600000000001,-4.397539355264312,-3.169626684399336,-4.93872,1.4395228067332888,-4.609149491132625,-1.2391388475783838
2022-05-04,84.93900000000001,-8.677151359505112,-3.13957235708168,-4.8444905,1.4174011714917103,-4.556973528573391,-1.226730818050755
2022-05-05,87.324,-6.2948332981504445,-3.1099560612306902,-4.8656774,1.3954292828753074,-4.505385344105997,-1.213934085771191
2022-05-06,96.975,3.3534144750169244,-3.080796168771771,-4.921756,1.3736072227910432,-4.454403391562814,-1.2007571365112168
2022-05-07,85.75099999999999,-7.873689394083903,-3.052109588361958,-4.985463,1.3519344885911109,-4.404044076953069,-1.187208624119913
2022-05-08,94.31,0.6821332150331054,-3.023911746054922,-5.054481,1.3304099958814517,-4.354321741936373,-1.1732973632149477
2022-05-09,90.985,-2.6462912161166257,-2.996216567770986,-5.1159945,1.3090320820415269,-4.305248649812513,-1.1590323217538732
2022-05-10,90.352,-3.282785178210859,-2.9690364635964324,-5.12294,1.2877985104547955,-4.256834974051228,-1.1444226134928404
2022-05-11,82.555,-11.083349093377652,-2.942382313934487,-5.050869,1.2667064754484871,-4.209088789382975,-1.129477490339994
2022-05-12,90.496,-3.145983383745076,-2.9162634575283004,-5.0156007,1.245752607940592,-4.162016065468892,-1.1142063346109223
2022-05-13,88.77,-4.875688471441101,-2.8906876813741254,-4.980676,1.2249329817910712,-4.115620663165196,-1.098618651193625
2022-05-14,88.107,-5.542464778593806,-2.8656612125409104,-4.9373665,1.2042431208536664,-4.069904333394577,-1.0827240596305607
2022-05-15,90.506,-3.147312727331209,-2.841188711910298,-4.8357525,1.1836780067238075,-4.024866718634106,-1.0665322861254054
2022-05-16,98.267,4.609767260218645,-2.8172732698490592,-4.744132,1.163232087177425,-3.980505357026485,-1.0500531554822516
2022-05-17,85.606,-8.055504616402235,-2.7939164038236206,-4.6313925,1.1428992852945865,-3.936815689118207,-1.0332965829850098
2022-05-18,83.378,-10.287846459173917,-2.7711180579643413,-4.547003,1.1226730092612354,-3.893791067225576,-1.0162725662248635
2022-05-19,89.385,-4.285258732387369,-2.7488766045849977,-4.4870625,1.1025461628414754,-3.851422767426473,-0.9989911768836665
2022-05-20,85.43299999999999,-8.24165474758987,-2.7271888476606247,-4.41529,1.0825111565120684,-3.809700004172693,-0.9814625524812056
2022-05-21,85.81400000000001,-7.865119753534903,-2.706050028264856,-4.329356,1.0625599192500903,-3.768609947514946,-0.963696888094307
2022-05-22,84.461,-9.222654201607336,-2.685453831965416,-4.2321954,1.042683910963918,-3.728137742929334,-0.945704428055756
2022-05-23,90.06,-3.628258543191886,-2.6653923981745318,-4.1554084,1.022874135556981,-3.688266533731512,-0.9274954576410634
2022-05-24,91.208,-2.484933229673365,-2.645856331448538,-4.1062875,1.0031211546129746,-3.6489774860615127,-0.9090802947510704
2022-05-25,88.879,-4.818490960570693,-2.626834714728844,-4.040928,0.9834151016904656,-3.6102498164193095,-0.8904692815984384
2022-05-26,86.299,-7.403114837181623,-2.608315124514293,-3.955193,0.963745697214184,-3.572060821728477,-0.8716727764060057
2022-05-27,91.147,-2.559805283087398,-2.5902836479525013,-3.911113,0.9441022639494688,-3.5343859119019703,-0.8527011451250184
2022-05-28,103.319,9.607462105932632,-2.572724901835892,-3.9871058,0.9244737430457368,-3.497198644881629,-0.8335647531812167
2022-05-29,91.801,-1.9156661571652327,-2.555622053485613,-4.0276966,0.9048487106340988,-3.4604707641197114,-0.8142739572566944
2022-05-30,90.931,-2.790829028753256,-2.5389568435045464,-4.0026484,0.8852153949635395,-3.4241722384680857,-0.7948390971154438
2022-05-31,91.739,-1.988051131827353,-2.522709610378476,-3.925434,0.8655616940595547,-3.388271304438031,-0.7752704874804337
2022-06-01,91.522,-2.210332932573486,-2.506859316902137,-3.83288,0.8458751938882557,-3.3527345107903925,-0.7555784099700122
2022-06-02,93.533,-0.204641647939443,-2.4913835784049696,-3.7452254,0.8261431870085758,-3.3175267654135454,-0.7357731051013559
2022-06-03,99.956,6.2134897411066365,-2.4762586927491403,-3.6762512,0.8063526916943721,-3.2826113844435123,-0.7158647643686368
2022-06-04,94.39,0.6418738139356011,-2.4614596720703856,-3.693286,0.786490471507755,-3.247950143578141,-0.6958635224034657
2022-06-05,107.849,14.095503043354372,-2.446960276230136,-3.9278176,0.7665430553043169,-3.213503331534453,-0.675779449225114
2022-06-06,92.776,-0.9830880299245176,-2.4327330479454243,-3.8725462,0.7464967576504028,-3.1792298055958272,-0.6556225425878887
2022-06-07,91.419,-2.345575730427618,-2.418749349561006,-3.7816744,0.7263376996319734,-3.145087049192979,-0.635402720432964
2022-06-08,101.251,7.481104317548067,-2.404979401426185,-3.7101738,0.7060518300341099,-3.111031231460295,-0.6151298134518374
2022-06-09,92.814,-0.9616282010819948,-2.391392321836997,-3.6082597,0.6856249468697123,-3.077017268706709,-0.5948135577684641
2022-06-10,95.427,1.6456180477959483,-2.377956168502408,-3.545373,0.6650427192353743,-3.042998887737782,-0.5744635877470201
2022-06-11,85.67099999999999,-8.116268601646059,-2.364637981491388,-3.5158489,0.6442907094720417,-3.008928690963429,-0.5540894289320674
2022-06-12,103.806,10.012825625858058,-2.3514038276159432,-3.782743,0.6233543956075429,-2.9747582232234864,-0.5337004911278025
2022-06-13,91.673,-2.126176261714999,-2.338218846203441,-3.757181,0.6022191940576973,-2.9404380402611388,-0.5133060616228949
2022-06-14,91.38,-2.4250289450073765,-2.325047296209798,-3.7146785,0.5808704825622513,-2.905917778772049,-0.4929152985672728
2022-06-15,94.21,0.3996874425287631,-2.311852604623468,-3.6406446,0.5592936233315522,-2.8711462279550206,-0.4725372245070592
2022-06-16,95.302,1.4859334523313483,-2.298597416108654,-3.5530663,0.5374739863795119,-2.836071402488167,-0.452180720083695
2022-06-17,95.51,1.687537604125798,-2.2852436438344546,-3.5020409,0.5153969730180374,-2.800640616852492,-0.431854517903101
2022-06-18,96.555,2.725116741804201,-2.271752521435284,-3.5108156,0.4930480394878497,-2.764800560923134,-0.411567196580589
2022-06-19,90.205,-3.632732508760263,-2.258084656046402,-3.45072,0.4704127207002685,-2.7284973767466703,-0.3913271749669874
2022-06-20,93.525,-0.3203134452024061,-2.244200082357068,-3.3655837,0.4474766540643664,-2.6916767364214342,-0.3711427065613146
2022-06-21,90.74,-3.11288080208686,-2.2300583176224107,-3.2769113,0.4242256033735329,-2.6542839209959435,-0.3510218741151196
2022-06-22,91.004,-2.856384479316368,-2.215618417573969,-3.1945252,0.4006454827254572,-2.616263900299426,-0.3309725844333935
2022-06-23,86.925,-6.942361713589518,-2.2008390331675662,-3.1106877,0.376722380449179,-2.577561413616745,-0.3110025633767628
2022-06-24,95.484,1.6097794280910618,-2.1856784681060724,-3.0136304,0.3524425830128306,-2.538121051118903,-0.2911193510694795
2022-06-25,99.856,5.97468376416499,-2.170094737073637,-2.91849,0.3277925988855366,-2.4978873359591742,-0.2713302973174852
2022-06-26,92.009,-1.879400130681213,-2.154045624616795,-2.8245578,0.3027591823267888,-2.456804806943584,-0.2516425572406218
2022-06-27,88.26,-5.63539961070577,-2.1374887446070687,-2.7157428,0.2773293570766246,-2.4148181016836934,-0.2320630871228274
2022-06-28,102.264,8.362021533872749,-2.120381600218854,-2.6158154,0.2514904399198469,-2.371872040138701,-0.2125986404839503
2022-06-29,93.348,-0.5604776290335831,-2.102681644355357,-2.555214,0.2252300640974917,-2.327911708452849,-0.1932557643765639
2022-06-30,99.433,5.5179412264597785,-2.084346340455035,-2.4813898,0.1985362025388534,-2.2828825429938884,-0.1740407959109365
2022-07-01,92.888,-1.033741656435219,-2.065333223609865,-2.4074578,0.1713971908872907,-2.236730414497156,-0.1549598590110834
2022-07-02,97.441,3.5125346625982763,-2.0455999619266865,-2.342987,0.1438017502932426,-2.189401712219929,-0.1360188614045723
2022-07-03,99.697,5.761569311966276,-2.02510441806198,-2.2926369,0.1157390099478718,-2.140843428009852,-0.1172234918485284
2022-07-04,99.275,5.33157498344059,-2.003804710860265,-2.263883,0.0871985293309642,-2.091003240191229,-0.0985792175940427
2022-07-05,96.733,2.781670779487407,-1.9816592770258608,-2.2423506,0.058170320146829,-2.0398295971726896,-0.0800912820908968
2022-07-06,88.039,-5.920356766510773,-1.9586269327575367,-2.1888092,0.028644867922139,-1.987271800679676,-0.0617647029343555
2022-07-07,95.368,1.4010821072690345,-1.934666935275332,-2.136195,-0.0013868467601455,-1.9332800885151864,-0.0436042700554243
2022-07-08,92.151,-1.8234502179666217,-1.9097390441688111,-2.0651388,-0.0319333274163205,-1.8778057167524904,-0.025614544155819
2022-07-09,93.846,-0.1360937622453919,-1.883803582495896,-1.9867356,-0.0630025412323531,-1.8208010412635425,-0.0077998553885511
2022-07-10,89.362,-4.628470997725279,-1.856821497561535,-1.9291835,-0.0946018990741094,-1.7622195984874256,0.0098356977151458
2022-07-11,94.135,0.13644167301877,-1.828754421305573,-1.8575127,-0.1267382359621647,-1.7020161853434084,0.0272882490721197
2022-07-12,94.669,0.6610216337742845,-1.7995647302293871,-1.7809217,-0.1594177920355004,-1.640146938193887,0.0445541656266578
2022-07-13,100.052,6.034256670547856,-1.7692156047911267,-1.7028359,-0.1926461940280437,-1.576569410763083,0.0616300476829499
2022-07-14,96.92,2.892684697594545,-1.737671088199778,-1.6330845,-0.2264284372816359,-1.5112426509181422,0.078512728990984
2022-07-15,97.724,3.6873705890667896,-1.7048961445388038,-1.5774611,-0.2607688683184866,-1.4441272762203172,0.0951992765864515
2022-07-16,92.265,-1.780687188141668,-1.6708567161503682,-1.5265288,-0.2956711679958009,-1.3751855481545674,0.111686990385493
2022-07-17,108.145,14.090913761001548,-1.635519780212066,-1.4649782,-0.3311383352647234,-1.3043814449473423,0.1279734025353535
2022-07-18,101.284,7.221778951559596,-1.5988534044385725,-1.4099771,-0.3671726715552372,-1.2316807328833352,0.1440562765222732
2022-07-19,101.444,7.373906910242637,-1.5608268018413638,-1.3503542,-0.4037757658081063,-1.1570510360332575,0.1599336060382028
2022-07-20,97.61,3.532296163760768,-1.5214103844806188,-1.277459,-0.4409484801744272,-1.0804619043061916,0.1756036136081626
2022-07-21,101.892,7.806541310685461,-1.4805758161441511,-1.2078586,-0.4786909364026765,-1.0018848797414748,0.1910647489803047
2022-07-22,96.924,2.831033829557392,-1.4382960638893585,-1.1497505,-0.5170025029326428,-0.9212935609567156,0.2063156872809963
2022-07-23,94.361,0.2607721872702706,-1.394545448385038,-1.0910338,-0.5558817827148952,-0.8386636656701427,0.2213553269374761
2022-07-24,92.561,-1.5462451492821732,-1.3492996929912713,-1.0489749,-0.5953266017738087,-0.7539730912174626,0.236182787370859
2022-07-25,93.672,-0.4416157850675661,-1.3025359715165288,-1.0248337,-0.6353339985315373,-0.6672019729849915,0.2507974064625289
2022-07-26,96.159,2.039333540514732,-1.254232954592601,-0.9817708,-0.675900213909523,-0.5783327406830779,0.2651987377971552
2022-07-27,94.368,0.2425354495487761,-1.2043708546091776,-0.9317094,-0.7170206822235023,-0.4873501723856752,0.2793865476858114
2022-07-28,92.249,-1.8820115212231563,-1.152931469151358,-0.8978377,-0.7586900228871484,-0.3942414462642097,0.2933608119729094
2022-07-29,90.7,-3.43630883505869,-1.0998982228847969,-0.87274104,-0.8009020329387859,-0.2989961899460107,0.3071217126308677
2022-07-30,96.028,1.8872564256978144,-1.0452562078347514,-0.84184796,-0.8436496804047707,-0.2016065274299806,0.320669634146638
2022-07-31,92.979,-1.1659184286439055,-0.9889922220069036,-0.81202185,-0.8869250985123903,-0.1020671234945131,0.33400515970445
2022-08-01,95.436,1.28722227010599,-0.931094806299396,-0.78690356,-0.9307195807642624,-0.0003752255351336,0.3471290671693288
2022-08-02,95.094,0.9416216597426246,-0.871554279657373,-0.8173509,-0.9750235768854136,0.1034692972280407,0.3600423248761292
2022-08-03,95.813,1.6572783767026775,-0.8103627724229446,-0.7728958,-1.0198266896533466,0.2094639172304019,0.3727460872290471
2022-08-04,94.698,0.5391910574228129,-0.7475142578354762,-0.73395866,-1.0651176726205764,0.3176034147851002,0.3852416901167425
2022-08-05,96.163,2.0013583383396503,-0.6830045816388063,-0.73604345,-1.1108844287381614,0.4278798470993551,0.3975306461484202
2022-08-06,90.408,-3.7562211441101008,-0.6168314897541282,-0.71043444,-1.157114009887961,0.5402825201338332,0.4096146397163423
2022-08-07,94.809,0.6426945349988431,-0.54899465397907,-0.65208006,-1.2037926173303546,0.6547979633512846,0.4214955218904858
2022-08-08,94.871,0.7028552339021976,-0.4794956956757268,-0.60198694,-1.2509056030733163,0.7714099073975895,0.4331753051511928
2022-08-09,96.188,2.0182596259727825,-0.408338207412266,-0.57877797,-1.2984374721677687,0.8900992647555027,0.4446561579657962
2022-08-10,92.806,-1.3650936154166784,-0.3355277725251077,-0.5386348,-1.34637188593319,1.010844113408082,0.455940399215427
2022-08-11,93.443,-0.7292043609962304,-0.2610719825705658,-0.48771548,-1.3946916661165705,1.1336196835460046,0.4670304924782995
2022-08-12,95.415,1.2419246462721842,-0.1849804526373573,-0.43284848,-1.443378799986801,1.2583983473494438,0.4779290401759334
2022-08-13,96.127,1.953292079976916,-0.1072648344932491,-0.3855557,-1.4924144463656417,1.3851496118723925,0.4886387775889253
2022-08-14,92.671,-1.503103386293632,-0.0279388275418086,-0.34258217,-1.541778942595443,1.513840115053634,0.4991625667489811
2022-08-15,94.408,0.2337369210488882,0.0529818124327813,-0.31974918,-1.5914518124428514,1.6444336248756328,0.5095033902140518
2022-08-16,95.753,1.5788116755928945,0.1354792667524543,-0.2931455,-1.6414117749367367,1.7768910416891912,0.5196643447335645
2022-08-17,96.543,2.369119550926748,0.2195336495806742,-0.27434322,-1.691636754137601,1.9111704037182755,0.5296486348107794
2022-08-18,93.917,-0.2563407793612056,0.3051230059214049,-0.2683253,-1.7421038898347465,2.0472268957561512,0.5394595661694847
2022-08-19,94.981,0.8084293583174498,0.3922233118940696,-0.21902509,-1.7927895491665715,2.185012861060641,0.5491005391322563
2022-08-20,96.616,2.444428637551087,0.4808084772944448,-0.18432273,-1.843669339158281,2.3244778164527258,0.558575041917662
2022-08-21,97.483,3.3126557319280563,0.5708503504489899,-0.14914635,-1.8947181201703864,2.465568470619376,0.5678866438638277
2022-08-22,101.966,7.7971093150367645,0.6623187253677442,-0.113356166,-1.9459100202504087,2.608228745618153,0.577038988585849
2022-08-23,95.115,0.947788060465558,0.7551813511982995,-0.08732112,-1.9972184503792023,2.752399801577502,0.5860357870746483
2022-08-24,98.687,4.52169064180283,0.8494039439809637,-0.05518281,-2.048616120602348,2.898020064583312,0.594880810744841
2022-08-25,98.298,4.134815732636974,0.9449502007027284,-0.025666375,-2.1000750570361304,3.045025257738859,0.60357788443933
2022-08-26,98.734,4.573162006556337,1.0417818156451253,0.0064590285,-2.151566619736653,3.193348435381778,0.6121308793982766
2022-08-27,95.606,1.4477281371493005,1.139858499018534,0.03349786,-2.20306152141969,3.342920020438224,0.6205437062002347
2022-08-28,98.719,4.563512798004246,1.2391379978731305,0.05468118,-2.2545298470179747,3.493667844891105,0.6288203076831546
2022-08-29,92.786,-1.3664853372904373,1.3395761192740048,0.08937071,-2.305941074061621,3.6455171933356256,0.6369646518530714
2022-08-30,100.11,5.960750734366445,1.441126755725603,0.11922016,-2.3572640938665783,3.798390849592181,0.6449807247882241
2022-08-31,100.034,5.888201855134995,1.5437419128281575,0.14923733,-2.408467233514995,3.952209146343153,0.6528725235464198
2022-09-01,96.735,2.59286670131801,1.6473717391462452,0.18500283,-2.4595182786105663,4.106890017756811,0.660644049083374
2022-09-02,99.555,5.416743949218195,1.7519645582672905,0.22895949,-2.5103844967910147,4.262349055058305,0.6682992991898186
2022-09-03,96.114,1.979832275138258,1.857466903025224,0.26253504,-2.561032661979019,4.418499565004243,0.6758422614550852
2022-09-04,97.985,3.855130355380971,1.963823551862246,0.28451774,-2.6114290793520207,4.5752526312142665,0.6832769062648681
2022-09-05,97.559,3.433636866249059,2.07097756729927,0.3080176,-2.661539611010584,4.732517178309854,0.6906071798408383
2022-09-06,97.009,2.888350484045243,2.1788703364830484,0.34224266,-2.711329702324069,4.890200038807118,0.6978369973296841
2022-09-07,98.493,4.377269885072274,2.2874416137759868,0.3673534,-2.7607644089316854,5.048206022707673,0.7049702359491952
2022-09-08,96.256,2.145393745632872,2.396629565351992,0.38277224,-2.8098084243761434,5.206437989728135,0.7120107281988075
2022-09-09,98.503,4.397720742029791,2.506370815759776,0.38391024,-2.858426108346406,5.364796924106183,0.7189622551420938
2022-09-10,99.567,5.467249550565742,2.616600496412534,0.4031191,-2.9065815155053185,5.523182011917852,0.7258285397685096
2022-09-11,93.976,-0.1180211524565315,2.727252295960881,0.4298818,-2.9542384248771034,5.681490720837985,0.7326132404416678
2022-09-12,98.942,4.853907309265722,2.838258512503713,0.42274946,-3.001360369769162,5.839618882272875,0.7393199444412953
2022-09-13,102.887,8.80503361203519,2.9495501075896504,0.42527327,-3.047910668201828,5.997460775791478,0.7459521616059512
2022-09-14,100.494,6.418356432154655,3.061056761959484,0.44353732,-3.0938524538191063,6.15490921577859,0.7525133180834522
2022-09-15,98.28,4.210874445926821,3.1727069329782034,0.47492456,-3.13914870725289,6.3118556402310935,0.7590067501958578
2022-09-16,95.917,1.8545863296544445,3.284427913703172,0.5096112,-3.1837622879124448,6.4681902016156165,0.7654356984257412
2022-09-17,99.954,5.898490759640256,3.396145893533077,0.5291105,-3.227655966170484,6.623801859703561,0.7718033015303191
2022-09-18,106.168,12.119586412186946,3.5077860203803994,0.47600865,-3.270792455916554,6.778578476296953,0.7781125907899369
2022-09-19,98.029,3.987871963597331,3.6192724643085583,0.28585717,-3.313134447447968,6.932406911756526,0.7843664843972067
2022-09-20,97.539,3.5053460901740703,3.730528482572808,0.12492572,-3.354644640668049,7.085173123240857,0.7905677819929601
2022-09-21,94.563,0.5370074682199082,3.841476486002617,0.06770602,-3.395285778560991,7.236762264563608,0.7967191593550736
2022-09-22,92.716,-1.3021452259623558,3.952038106661445,0.09693846,-3.435020680912189,7.3870587875736335,0.8028231632459908
2022-09-23,96.394,2.384182797717946,4.0621342667184095,0.16714251,-3.473812278242576,7.535946544960986,0.8088822064246514
2022-09-24,93.607,-0.3942978516540663,4.171685248464709,0.2443886,-3.5116236459250225,7.683308894389732,0.814898562828355
2022-09-25,94.729,0.7364115460748115,4.2806107654064425,0.31472188,-3.5484180384506576,7.8290288038571,0.8208743629299052
2022-09-26,102.143,8.15930971105783,4.388830034363991,0.37135497,-3.584158923812594,7.972988958176585,0.8268115892751897
2022-09-27,95.375,1.4003953634482669,4.496261848506888,0.42403722,-3.618810017974244,8.115071866481133,0.8327120722062009
2022-09-28,100.734,6.768667223399357,4.60282465125194,0.47634712,-3.652335319389263,8.255159970641204,0.8385774857742615
2022-09-29,99.587,5.631124011064348,4.708436610951211,0.50024515,-3.6846991435399152,8.393135754491126,0.8444093438480639
2022-09-30,98.075,4.1287644465965245,4.813015696295481,0.5316769,-3.715866157460448,8.52888185375593,0.8502089964209019
2022-10-01,100.683,6.746587250149112,4.916479752357713,0.5493531,-3.745801414211988,8.6622811665697,0.8559776261212974
2022-10-02,100.39,6.463591141875377,5.018746577200332,0.58256644,-3.7744703872753207,8.793216964475652,0.8617162449309821
2022-10-03,96.921,3.0047748419285805,5.119733998969219,0.6157856,-3.801839004827908,8.921573003797127,0.8674256911140125
2022-10-04,98.225,4.319137070461962,5.219359953396519,0.6482007,-3.827873683871373,9.047233637267892,0.8731066263605566
2022-10-05,99.017,5.121676547628764,5.317542561633953,0.68409044,-3.8525413641757553,9.170083925809708,0.878759533148683
2022-10-06,95.145,1.2603919935822478,5.414200208337437,0.7329492,-3.8758095420068392,9.290009750344275,0.884384712327263
2022-10-07,99.429,5.555282128475696,5.509251619923681,0.7741586,-3.897646303602978,9.40689792352666,0.8899822809228488
2022-10-08,101.243,7.380345672462326,5.602615942918687,0.80512404,-3.918020358367775,9.520636301286462,0.8955521701731864
2022-10-09,99.268,5.416581345695405,5.694212822318075,0.8356791,-3.936901071745388,9.631113894063464,0.901094123789782
2022-10-10,99.952,6.111987868328188,5.783962479878727,0.86333674,-3.954258497745141,9.738220977623868,0.9066076964516974
2022-10-11,101.082,7.253563960513929,5.871785792261127,0.8935055,-3.9700634110824575,9.841849203343584,0.9120922525325188
2022-10-12,98.495,4.678308342405879,5.957604368941841,0.9135797,-3.9842873389033295,9.941891707845173,0.917546965062225
2022-10-13,101.076,7.271219734157282,6.041340629815465,0.9257006,-3.996902592059895,10.03824322187536,0.9229708149254008
2022-10-14,104.55,10.757296855921403,6.122917882405513,0.9631889,-4.00788229590478,10.130800178310292,0.928362590297039
2022-10-15,104.238,10.457538427851508,6.202260398604022,0.9893391,-4.017200420572521,10.219460819176543,0.933720886316913
2022-10-16,103.048,9.279943170100822,6.279293490859772,1.0000737,-4.0248318107164485,10.30412530157622,0.9390441050032724
2022-10-17,101.334,7.578509802822607,6.353943587735587,1.0202075,-4.030752214670041,10.384695802405629,0.9443304554063336
2022-10-18,101.31,7.567237046170152,6.426138308755359,1.0577866,-4.034938313002036,10.461076621757396,0.9495779540018644
2022-10-19,100.36,6.630123620296649,6.495806538462305,1.0928128,-4.037367746435172,10.533174284897475,0.9547844253248352
2022-10-20,100.261,6.544168245355412,6.5628784996104255,1.1315442,-4.0380191430989285,10.600897642709354,0.9599475028429268
2022-10-21,104.34,10.636369641499648,6.627285825411716,1.1479583,-4.036872145087002,10.664157970498715,0.9650646300694196
2022-10-22,107.07,13.37972652888261,6.688961630762751,0.98753494,-4.0339074342910965,10.722869065053848,0.9701330619147356
2022-10-23,102.637,8.960237627657605,6.7478405823749945,0.96258706,-4.029106757482957,10.776947339857951,0.9751498662756742
2022-10-24,100.642,6.978901657977825,6.803858967734057,0.9053083,-4.022452950617301,10.826311918351358,0.9801119258611573
2022-10-25,101.074,7.42471733999657,6.856954762814347,0.8870597,-4.013929962329013,10.87088472514336,0.9850159402530124
2022-10-26,104.147,10.511683393867076,6.907067698476568,0.85189325,-4.003522876598515,10.910590575075084,0.9898584282001468
2022-10-27,103.597,9.975798539742566,6.954139325476702,0.84138155,-3.991217934560043,10.945357260036744,0.9946357301441724
2022-10-28,106.213,12.605840672866863,6.998113078016465,0.8443869,-3.977002555428261,10.975115633444728,0.999344010974338
2022-10-29,101.203,7.609970825890595,7.038934335766539,0.84949976,-3.9608653565194425,10.999799692285984,1.003979263009397
2022-10-30,100.592,7.012966450221008,7.076550484295251,0.8285285,-3.942796172344148,11.0193466566394,1.0085373092037748
2022-10-31,104.417,10.85183202476412,7.110910973836968,0.8198672,-3.922786072749263,11.03369704658623,1.013013806575218
2022-11-01,108.154,14.602863963329847,7.141967376336042,0.5241453,-3.900827380088045,11.042794756424088,1.0174042498508462
2022-11-02,107.934,14.39706085474628,7.169673440703635,0.38256902,-3.876913685397665,11.0465871261013,1.0217039753283386
2022-11-03,105.267,11.744421287841424,7.193985146226707,0.3480826,-3.851039863564691,11.0450250097914,1.0259081649487154
2022-11-04,99.316,5.807943851443328,7.214860754069987,0.22495575,-3.8232020874597934,11.03806284152978,1.0300118505770457
2022-11-05,106.727,13.233627134380049,7.232260856813764,-0.08950793,-3.793397841023949,11.025658697837711,1.0340099184871143
2022-11-06,108.006,14.527469725479593,7.246148425972199,-0.19200596,-3.761625931289338,11.007774357261535,1.0378971140459263
2022-11-07,101.729,8.265470213570048,7.256488857438699,-0.6461142,-3.727886499319096,10.984375356757797,1.0416680465937127
2022-11-08,103.055,9.606627187479432,7.263250014807188,-1.1355551,-3.692181030051119,10.955431044858306,1.045317194514896
2022-11-09,104.731,11.297939236035806,7.266402270519912,-1.3391577,-3.6545123610320376,10.920914631551948,1.0488389104952944
2022-11-10,97.925,4.5074049480671805,7.265918544794733,-1.3388057,-3.6148846900286182,10.880803234823352,1.052227426960625
2022-11-11,97.529,4.1267267986135945,7.261774342287071,-1.3218597,-3.5733035815048018,10.835077923791872,1.0554768616912364
2022-11-12,95.859,2.4719223039975,7.253947786443637,-1.3639327,-3.529775971953632,10.783723758397269,1.058581223607749
2022-11-13,99.38,6.008264123396857,7.242419651507907,-1.3375623,-3.484310174074536,10.726729825582442,1.06153441872217
2022-11-14,94.209,0.852688656046829,7.22717339213898,-1.311678,-3.4369158797872554,10.664089271926237,1.0643302562488692
2022-11-15,93.479,0.1382014105757907,7.208195170608441,-1.2673222,-3.387604162075112,10.595799332683551,1.0669624548695853
2022-11-16,89.977,-3.3480865883229622,7.185473881541833,-1.2161411,-3.336387475651113,10.521861357192948,1.0694246491465562
2022-11-17,93.912,0.6028311761971556,7.159001174174059,-1.1795177,-3.2832796564417133,10.442280830615772,1.07171039607767
2022-11-18,93.707,0.4138480958705628,7.128771472090477,-1.138055,-3.22829591988408,10.357067391974557,1.0738131817873615
2022-11-19,99.097,5.819982402790633,7.094781990427862,-1.0989374,-3.17145285803385,10.266234848461712,1.0757264283469177
2022-11-20,94.761,1.5002544477384347,7.057032750512131,-1.0684606,-3.112768435481493,10.169801185993624,1.0774435007176475
2022-11-21,95.907,2.662311776836564,7.015526591912273,-1.0342814,-3.0522619840765484,10.06778857598882,1.078957713810272
2022-11-22,94.156,0.9274390430970696,6.970269181892464,-1.0259911,-2.989954196460142,9.960223378352604,1.0802623396537865
2022-11-23,94.718,1.505483479309509,6.921269022247016,-1.0031083,-2.925867118407301,9.847136140654316,1.0813506146669096
2022-11-24,93.459,0.2626742564597641,6.868537453505575,-0.9968682,-2.8600241399817694,9.728561593487346,1.0822157470251248
2022-11-25,96.869,3.688768977492836,6.812088656498507,-0.9940952,-2.792449985507149,9.604538642005656,1.082850924116248
2022-11-26,99.16,5.995959568876524,6.751939651275132,-1.0219483,-2.723170702359317,9.475110353634449,1.083249320077332
2022-11-27,98.995,5.847299880005608,6.688110293370256,-1.0372714,-2.65221364858627,9.340323941956528,1.0834041034056312
2022-11-28,106.889,13.757477406212756,6.620623267417019,-1.0940502,-2.5796074793625814,9.2002307467796,1.0833084446363053
2022-11-29,104.492,11.37655399356871,6.54950407810696,-1.0918759,-2.50538213228692,9.05488621039388,1.082955524079415
2022-11-30,112.364,19.26476036753863,6.4747810385006535,-1.187409,-2.4295688115320724,8.904349850032727,1.082338539608766
2022-12-01,102.05,8.967094797462419,6.396485255695319,-1.8583825,-2.35219997085812,8.748685226553437,1.081450714494998
2022-12-02,101.447,8.380349093097578,6.314650613858229,-1.880027,-2.2733092955005025,8.58795990935873,1.080285305275393
2022-12-03,100.53,7.47936765071643,6.2293137546376025,-1.9520413,-2.192931682945819,8.422245437583422,1.0788356096527136
2022-12-04,85.604,-7.430661579258976,6.140514054965281,-2.391283,-2.111103222609232,8.251617277574512,1.0770949744154243
2022-12-05,105.641,12.622708572180304,6.0482936022682825,-2.6317272,-2.0278611744285744,8.076154776696857,1.0750568033715877
2022-12-06,102.261,9.259170207483272,5.952697167108809,-2.6486008,-1.9432439463911355,7.895941113499944,1.0727145652886931
2022-12-07,99.718,6.732721535207999,5.853772173275161,-2.6484175,-1.857291071010322,7.711063244285483,1.0700618018317116
2022-12-08,96.597,3.628360763912648,5.751568665348447,-2.7547603,-1.770043180770334,7.521611846118781,1.0670921354915948
2022-12-09,101.344,8.392086102155297,5.6461392737726905,-2.9728956,-1.6815419825580091,7.3276812563307,1.0637992774964904
2022-12-10,101.807,8.871597925155438,5.537539177458507,-3.7265675,-1.5918302311021124,7.12936940856062,1.0601770356979332
2022-12-11,100.506,7.587200502250144,5.42582606395298,-4.1828804,-1.500951701441133,6.926777765394113,1.0562193224242808
2022-12-12,97.989,5.086891996667202,5.31106008721109,-4.242841,-1.4089511604418488,6.7200112476529394,1.0519201622936911
2022-12-13,97.627,4.74167057163451,5.193303823006256,-4.2536,-1.3158743373916733,6.50917816039793,1.0472736999789751
2022-12-14,96.483,3.6142280458439258,5.072622222020302,-4.2561245,-1.2217678936888352,6.294390115709136,1.042274207916683
2022-12-15,95.986,3.133860602479504,4.94908256065528,-4.2466655,-1.126679391655341,6.075761952310621,1.036916093952826
2022-12-16,92.164,-0.671558249629248,4.822754389612141,-4.2034082,-1.030657262498465,5.853411652110606,1.0311939089176998
2022-12-17,97.28,4.461228893674509,4.693709480283564,-4.1609263,-0.9337507734474992,5.627460253731064,1.0251023541223223
2022-12-18,99.711,6.908795713587465,4.562021769010361,-4.119432,-0.8360099940932396,5.3980317631036,1.0186362887690583
2022-12-19,97.143,4.357427981074753,4.427767299253287,-4.076071,-0.7374857619584717,5.165253061211759,1.011790737269099
2022-12-20,93.778,1.0091338532821448,4.291024161734179,-4.082438,-0.6382296473286105,4.929253809062789,1.00456089645951
2022-12-21,94.15,1.3979217675213365,4.151872432602407,-4.0992045,-0.5382939173722804,4.690166349974688,0.9969421427126784
2022-12-22,89.699,-3.0365218425013047,4.010394109684838,-4.0772767,-0.4377314995824354,4.448125609267273,0.9889300389310564
2022-12-23,95.857,3.138417322266891,3.866673046879349,-4.1523647,-0.3365959445692415,4.20326899144859,0.980520341420214
2022-12-24,93.073,0.3711329236826595,3.720794886753917,-4.1908617,-0.2349413882366649,3.9557362749905822,0.9717090066333192
2022-12-25,91.442,-1.2427726020474408,3.5728469914153056,-4.195624,-0.1328225133753492,3.705669504790655,0.9624921977802592
2022-12-26,94.857,2.189400751469344,3.4229183717130245,-4.2306886,-0.030294510704903,3.453212882417928,0.9528662912947448
2022-12-27,80.86699999999999,-11.783348944052602,3.2710996148459737,-5.2461066,0.0725869606006663,3.1985126542453077,0.94282788315288
2022-12-28,101.914,9.281277935204187,3.117482810441128,-5.3297377,0.1757658128700256,2.941716997571102,0.9323737950367672
2022-12-29,93.867,1.251969578682552,2.9621614751747942,-5.473785,0.2791855703394292,2.6829759048353647,0.9215010803369106
2022-12-30,98.651,6.053422551890128,2.8052304760089117,-6.354395,0.3827894099700921,2.42244106603882,0.9102070299872564
2022-12-31,96.355,3.77494485470924,2.646785952116037,-6.891881,0.4865202026424414,2.1602657494735955,0.8984891781269273
2023-01-01,94.198,1.6355345588543342,2.486925235568235,-6.9816933,0.5903205546910733,1.8966046808771615,0.8863453075827932
2023-01-02,97.841,5.295708470578591,2.32574677086624,-6.9671884,0.6941328497439625,1.631613921122277,0.8737734551672323
2023-01-03,94.273,1.7449494713565206,2.1633500333865974,-7.0030117,0.7978992908291527,1.3654507425574447,0.8607719167855651
2023-01-04,98.736,6.224950496116387,1.999835446825548,-7.1043835,0.9015619427117992,1.0982735041137488,0.8473392523478265
2023-01-05,94.418,1.9238842558275115,1.8353042997196247,-7.836081,1.0050627744241962,0.8302415252954285,0.8334742904797152
2023-01-06,93.889,1.4117725579881704,1.6698586611236608,-7.8647165,1.1083437019512528,0.561514959172408,0.8191761330277341
2023-01-07,92.526,0.0655037623690546,1.5036012955281262,-8.040765,1.211346631033566,0.29225466449456,0.8044441593537173
2023-01-08,95.908,3.464330999685325,1.3366355770982223,-8.465372,1.3140135000502442,0.0226220770479781,0.7892780304141127
2023-01-09,93.637,1.2101993937484945,1.1690654033180905,-9.068779,1.4162863229433906,-0.2472209196253001,0.7736776926196194
2023-01-10,92.043,-0.3668671543789625,1.0009951081240565,-9.36359,1.5181072321461409,-0.5171121240220844,0.7576433814709276
2023-01-11,99.066,6.6731292368720005,0.8325293746113753,-9.587492,1.61941852147612,-0.7868891468647448,0.7411756249665276
2023-01-12,89.209,-3.167353530823031,0.6637731473994417,-9.706727,1.7201626889561288,-1.056389541556687,0.7242752467787676
2023-01-13,94.338,1.9785329985885,0.494831544740772,-9.866526,1.8202824795239705,-1.3254509347831982,0.7069433691945206
2023-01-14,91.818,-0.525160275386281,0.325809770459394,-10.313975,1.919720927593348,-1.5939111571339537,0.689181415817047
2023-01-15,96.671,4.344177387106723,0.1568130258044207,-10.425553,2.018421399427906,-1.8616083736234847,0.67099111402585
2023-01-16,94.581,2.270087663747429,-0.0120535786952031,-10.455587,2.116327635290622,-2.128381213985825,0.6523744971915211
2023-01-17,89.854,-2.4412908920819927,-0.1806851112889421,-10.338213,2.2133837913309566,-2.3940689026198987,0.6333339066428116
2023-01-18,91.294,-0.9853225737142944,-0.3489769068899286,-10.311487,2.3095344811723795,-2.658511388062308,0.6138719933833576
2023-01-19,92.765,0.5016717482187643,-0.5168246547015553,-10.40442,2.4047248171631237,-2.9215494718646786,0.5939917195557434
2023-01-20,83.37700000000001,-8.870620187720318,-0.6841244854999797,-10.255583,2.498900451253399,-3.1830249367533785,0.5736963596507708
2023-01-21,82.91999999999999,-9.311572245505218,-0.850773058487339,-10.132307,2.5920076154625376,-3.4427806739498763,0.5529895014600654
2023-01-22,85.86399999999999,-6.351196925929897,-1.0166676476310046,-10.02196,2.683993161899953,-3.700660809530958,0.5318750467703415
2023-01-23,87.79,-4.408591102292188,-1.181706227404699,-9.9019985,2.7748046023042057,-3.956510829708905,0.5103572117979122
2023-01-24,84.52,-7.661901105486233,-1.3457875578478689,-9.791661,2.8643901470649102,-4.210177704912779,0.4884405273622302
2023-01-25,81.925,-10.239910850115065,-1.5088112688603943,-9.684951,2.952698743692665,-4.46151001255306,0.4661298387974841
2023-01-26,79.967,-12.180936050307396,-1.670677943650535,-9.567618,3.0396801147027173,-4.710358058353252,0.4434303056015204
2023-01-27,83.91600000000001,-8.21497888230201,-1.8312892012548576,-9.476178,3.125284794878651,-4.956573996133509,0.4203474008215733
2023-01-28,87.868,-4.246041522337725,-1.990547778049781,-9.377917,3.2094641678828686,-5.2000119459326495,0.3968869101765145
2023-01-29,83.481,-8.616126146653242,-2.1483576081754783,-9.355415,3.292170502181374,-5.440528110356852,0.3730549309156005
2023-01-30,90.972,-1.1082349314873745,-2.3046239027939657,-9.238297,3.3733569862508905,-5.677980889044856,0.3488578704138715
2023-01-31,83.565,-8.49837005307886,-2.4592532281043527,-9.138914,3.452977763037114,-5.912230991141467,0.3243024445046437
2023-02-01,88.13600000000001,-3.910230353655517,-2.612153582039576,-9.046916,3.530987963633529,-6.143141545673105,0.2993956755497203
2023-02-02,87.446,-4.5828281707566845,-2.763234469570232,-8.955059,3.607343740151012,-6.370578209721243,0.27414489024822
2023-02-03,84.295,-7.716300407212479,-2.9124069765426044,-8.94852,3.6820022977491855,-6.59440927429179,0.2485577171851045
2023-02-04,87.159,-4.834829093990093,-3.059583841979415,-8.884661,3.7549219258012574,-6.814505767780672,0.2226420841207579
2023-02-05,81.946,-10.030291679580133,-3.204679528773481,-9.279142,3.826062028164979,-7.030741556938461,0.1964062150231633
2023-02-06,84.977,-6.981652470414195,-3.3476102927060976,-9.226149,3.8953831525330753,-7.242993445239173,0.1698586268444761
2023-02-07,81.721,-10.220083887589036,-3.488294249723657,-9.170317,3.962847018837536,-7.451141268561193,0.1430081260439863
2023-02-08,81.77571365638767,-10.20186698006387,-3.626651441407745,-9.096547,4.028416546682886,-7.6550679880906305,0.1158638048597124
2023-02-09,81.83042731277533,-10.182291291223477,-3.7626038985760943,-9.017264,4.092055881784659,-7.854659780360754,0.0884350373310628
2023-02-10,81.885140969163,-10.161371576028834,-3.8960757029532735,-8.936978,4.153730421390064,-8.049806124343338,0.0607314750752428
2023-02-11,81.93985462555067,-10.139122589440964,-4.026993046852347,-8.945447,4.213406838658964,-8.24039988551131,0.0327630428202736
2023-02-12,81.99456828193833,-10.115559086420868,-4.155284290810581,-8.859241,4.271053105984149,-8.426337396794729,0.0045399336977256
2023-02-13,82.04928193832599,-10.090695821929536,-4.280880019124498,-8.805241,4.326638517231044,-8.607518536355542,-0.0239273957015505
2023-02-14,82.10399559471367,-10.064547550927951,-4.403713093231611,-8.831726,4.380133708877816,-8.783846802109426,-0.0526282305051717
2023-02-15,82.15870925110133,-10.037129028377183,-4.523718702888528,-8.764594,4.43151068003816,-8.955229382926689,-0.0815516029667535
2023-02-16,82.21342290748899,-10.008455009238144,-4.640834415097316,-8.691657,4.480742811349859,-9.121577226447174,-0.1106862980993304
2023-02-17,82.26813656387665,-9.978540248471894,-4.755000220734326,-8.599978,4.527804882713487,-9.282805103447814,-0.1400208595305283
2023-02-18,82.32285022026431,-9.947399501039436,-4.866158578838067,-8.503525,4.5726730898666,-9.438831668704664,-0.1695435955752484
2023-02-19,82.37756387665199,-9.915047521901746,-4.974254458515129,-8.421836,4.6153250597799484,-9.589579518295078,-0.1992425855213349
2023-02-20,82.43227753303965,-9.881499066019853,-5.079235378425627,-8.350356,4.655739864863354,-9.73497524328898,-0.2291056861236015
2023-02-21,82.48699118942731,-9.846768888354706,-5.181051443812026,-8.385198,4.693898035969986,-9.874949479782012,-0.2591205383013472
2023-02-22,82.54170484581498,-9.81087174386736,-5.279655381037959,-8.453304,4.729781574189027,-10.009436955226985,-0.2892745740343681
2023-02-23,82.59641850220265,-9.773822387518829,-5.37500256960588,-8.540004,4.7633739614177175,-10.138376531023598,-0.3195550234522635
2023-02-24,82.65113215859031,-9.735635574270043,-5.467051071625408,-8.893379,4.794660169705163,-10.26171124133057,-0.3499489221116871
2023-02-25,82.70584581497798,-9.69632605908208,-5.5557616587063405,-8.951446,4.823626669361148,-10.379388328067488,-0.3804431184560474
2023-02-26,82.76055947136564,-9.655908596915896,-5.64109783625352,-9.172244,4.85026143582477,-10.49135927207829,-0.4110242814519533
2023-02-27,82.8152731277533,-9.614397942732497,-5.72302586514289,-9.524415,4.8745539552885,-10.59757982043139,-0.4416789083966412
2023-02-28,82.86998678414098,-9.571808851492914,-5.801514780761109,-9.923755,4.896495229074762,-10.69801000983587,-0.4723933328903573
2023-03-01,82.92470044052864,-9.52815607815812,-5.876536409393695,-10.007097,4.916077776763148,-10.792614186156843,-0.5031537329676484
2023-03-02,82.9794140969163,-9.48345437768912,-5.948065381949345,-9.9835825,4.933295638067661,-10.881361020017009,-0.5339461393812791
2023-03-03,83.03412775330396,-9.437718505046911,-6.016079145010901,-9.960203,4.948144373464502,-10.964223518475404,-0.5647564440324442
2023-03-04,83.08884140969164,-9.390963215192524,-6.080557969206035,-10.112204,4.960621063572158,-11.041179032778192,-0.5955704085407548
2023-03-05,83.1435550660793,-9.343203263086949,-6.141484954893745,-10.359495,4.970724307286741,-11.112209262180484,-0.6263736729474151
2023-03-06,83.19826872246696,-9.294453403691168,-6.198846035165091,-10.405323,4.978454218676639,-11.177300253841729,-0.6571517645448482
2023-03-07,83.25298237885463,-9.244728391966175,-6.252629976159837,-10.454192,4.983812422641818,-11.236442398801657,-0.6878901068259726
2023-03-08,83.3076960352423,-9.194042982873029,-6.302828374702905,-10.659629,4.986802049344207,-11.289630424047113,-0.7185740285461676
2023-03-09,83.36240969162996,-9.142411931372678,-6.34943565326779,-10.785778,4.987427727416778,-11.336863380684568,-0.7491887728909479
2023-03-10,83.41712334801763,-9.089849992426162,-6.392449052276355,-11.599306,4.985695575960146,-11.378144628236502,-0.7797195067422057
2023-03-11,83.47183700440529,-9.036371920994434,-6.4318686197475445,-11.642533,4.981613195336559,-11.413481815084104,-0.8101513300358559
2023-03-12,83.52655066079295,-8.981860441062977,-6.467697198309893,-11.840344,4.975189656772379,-11.442886855082271,-0.840469285203608
2023-03-13,83.58126431718063,-8.926465985832863,-6.499940409595748,-12.133198,4.966435490781207,-11.466375900376956,-0.8706583666915334
2023-03-14,83.63597797356829,-8.870203290169963,-6.528606636037521,-12.935645,4.9553626744209645,-11.483969310458486,-0.9007035305480456
2023-03-15,83.69069162995595,-8.813087088940168,-6.553707000088993,-13.090803,4.941984617399271,-11.495691617488264,-0.9305897040738138
2023-03-16,83.74540528634361,-8.755132117009339,-6.575255340897468,-12.954081,4.92631614704265,-11.50157148794012,-0.960301795526143
2023-03-17,83.80011894273129,-8.69635310924339,-6.593268188454927,-12.791084,4.908373492146012,-11.501641680600938,-0.9898247038702508
2023-03-18,83.85483259911895,-8.636764800508184,-6.607764735259024,-12.605634,4.888174265720016,-11.49593900097904,-1.019143328569872
2023-03-19,83.90954625550661,-8.57638192566958,-6.618766805517326,-12.744725,4.86573744665492,-11.484504252172243,-1.0482425794095724
2023-03-20,83.96425991189427,-8.515219219593483,-6.626298821930502,-12.791661,4.841083360320449,-11.467382182250953,-1.077107386341144
2023-03-21,84.01897356828194,-8.453291417145781,-6.630387770092881,-12.740523,4.814233658122352,-11.444621428215232,-1.105722709346425
2023-03-22,84.07368722466961,-8.390613253192319,-6.631063160550918,-12.720231,4.78521129603709,-11.416274456588008,-1.1340735483088733
2023-03-23,84.12840088105727,-8.32719946259903,-6.628356988562664,-12.703415,4.754040512147208,-11.382397500709873,-1.1621449528862484
2023-03-24,84.18311453744494,-8.263064780231742,-6.622303691603595,-12.654903,4.72074680320076,-11.343050494804356,-1.189922032376708
2023-03-25,84.2378281938326,-8.198223940956364,-6.6129401046663805,-12.54072,4.685356900219058,-11.298297004885438,-1.2173899655706792
2023-03-26,84.29254185022027,-8.132691679638782,-6.600305413404345,-12.387532,4.647898743177886,-11.248204156582233,-1.2445340105808738
2023-03-27,84.34725550660794,-8.066482731144855,-6.584441105170768,-12.220225,4.60840145478822,-11.192842559958988,-1.271339514642783
2023-03-28,84.4019691629956,-7.999611830340476,-6.565390918007855,-12.742163,4.56689531340316,-11.132286231411015,-1.2977919238781197
2023-03-29,84.45668281938326,-7.932083875611603,-6.543200787641697,-12.826561,4.5234117250787405,-11.066612512720438,-1.3238767930136104
2023-03-30,84.51139647577092,-7.863923171008373,-6.517918792541132,-12.721414,4.477983194816851,-10.995901987357982,-1.3495797950476207
2023-03-31,84.5661101321586,-7.795144449940052,-6.489595097100661,-12.622307,4.430643297019434,-10.920238394120094,-1.3748867308571655
2023-04-01,84.62082378854626,-7.725762445815823,-6.458281893009112,-12.612245,4.381426645183573,-10.839708538192683,-1.399783538737866
2023-04-02,84.67553744493392,-7.655791892044945,-6.424033338867832,-12.572144,4.330368860867976,-10.754402199735807,-1.424256303869508
2023-04-03,84.73025110132158,-7.585247522036647,-6.386905498123672,-12.549281,4.2775065419618405,-10.664412040085512,-1.4482912676999011
2023-04-04,84.78496475770926,-7.514144069200134,-6.3469562753837385,-12.448088,4.22287723028773,-10.569833505671468,-1.4718748372398185
2023-04-05,84.83967841409692,-7.442348560488212,-6.304245351180567,-12.326273,4.16651937857066,-10.470764729751227,-1.4949935942618835
2023-04-06,84.89439207048459,-7.370019422004118,-6.258834115257644,-12.230581,4.108472316806092,-10.367306432063735,-1.5176343043963176
2023-04-07,84.94910572687225,-7.297171365283752,-6.210785598446942,-12.432587,4.048776218060118,-10.25956181650706,-1.5397839261166009
2023-04-08,85.00381938325991,-7.223819101862956,-6.160164403211095,-12.310585,3.987472063735393,-10.147636466946487,-1.5614296196081563
2023-04-09,85.05853303964759,-7.149977343277618,-6.107036632924462,-12.183608,3.924601608337038,-10.0316382412615,-1.5825587555132823
2023-04-10,85.11324669603525,-7.075660801063595,-6.05146981996829,-12.068168,3.860207343772928,-9.911677163741215,-1.6031589235456527
2023-04-11,85.16796035242291,-7.000884186756734,-5.993532852716393,-12.037553,3.794332463223226,-9.78786531593962,-1.6232179409678331
2023-04-12,85.22267400881057,-6.925032199404924,-5.933295901488753,-11.886509,3.727020824614329,-9.660316726103082,-1.642723860925364
2023-04-13,85.27738766519825,-6.848732443127453,-5.870830343551392,-11.71822,3.658316913732675,-9.529147257284066,-1.6616649806310786
2023-04-14,85.33210132158591,-6.771767926108028,-5.806208687241747,-11.535016,3.5882658070140883,-9.394474494255835,-1.680029849393473
2023-04-15,85.38681497797357,-6.694351840666022,-5.739504495299559,-11.363361,3.516913134044544,-9.256417629344105,-1.697807276483036
2023-04-16,85.44152863436123,-6.616524786275734,-5.670792307483852,-11.216418,3.444305039808433,-9.115097347292284,-1.7149863388306443
2023-04-17,85.49624229074891,-6.538301342917984,-5.60014756255744,-11.133539,3.370488146720536,-8.970635709277976,-1.731556388552188
2023-04-18,85.55095594713657,-6.459696090573662,-5.5276465197206,-11.163757,3.2955095164779564,-8.823156036198556,-1.7475070602938176
2023-04-19,85.60566960352423,-6.38072360922353,-5.453366179576261,-11.067503,3.219416611768388,-8.67278279134465,-1.7628282783922948
2023-04-20,85.6603832599119,-6.30139847884851,-5.377384204709177,-10.941259,3.142257257871114,-8.51964146258029,-1.777510263845118
2023-04-21,85.71509691629956,-6.221692338290046,-5.299778839961947,-10.824792,3.064079604187014,-8.363858444148962,-1.7915435410852234
2023-04-22,85.76981057268723,-6.141661541789558,-5.220628832490881,-10.663032,2.984932085733968,-8.20556091822485,-1.8049189445552527
2023-04-23,85.8245242290749,-6.061320662968853,-5.140013351684725,-10.553288,2.904863384643789,-8.044876736328515,-1.817627625076524
2023-04-24,85.87923788546256,-5.980684275449766,-5.058011909029293,-10.408647,2.8239223916968106,-7.881934300726104,-1.8296610560080115
2023-04-25,85.93395154185022,-5.899766952854149,-4.974704278001042,-10.228325,2.7421581679300187,-7.71686244593106,-1.8410110391908343
2023-04-26,85.9886651982379,-5.818583268803807,-4.890170414072227,-10.070567,2.659619906354451,-7.549790320426677,-1.8516697106739035
2023-04-27,86.04337885462556,-5.737147796920562,-4.804490374910177,-9.90878,2.576356893817314,-7.380847268727491,-1.8616295462165655
2023-04-28,86.09809251101322,-5.655475110826264,-4.717744240852889,-9.722111,2.492418473044044,-7.210162713896933,-1.870883366564281
2023-04-29,86.15280616740088,-5.573579784142718,-4.6300120357425,-9.525151,2.407854004895181,-7.037866040637681,-1.8794243424935195
2023-04-30,86.20751982378854,-5.491476390491746,-4.541373648197814,-9.355143,2.322712830872586,-6.8640864790704,-1.8872459996222972
2023-05-01,86.26223348017622,-5.4091795034952135,-4.451908753406518,-9.240768,2.237044235909195,-6.6889529893157125,-1.8943422229829256
2023-05-02,86.31694713656388,-5.3267036967749,-4.361696735516736,-9.274641,2.1508974114760187,-6.512594146992754,-1.900707261353741
2023-05-03,86.37166079295154,-5.244063543952666,-4.270816610707077,-9.214232,2.064321419039681,-6.335138029746758,-1.906335731346824
2023-05-04,86.4263744493392,-5.161273618650333,-4.179346951013281,-9.139981,1.977365153903364,-6.156712104916645,-1.9112226212488344
2023-05-05,86.48108810572688,-5.078348494489696,-4.087365808988737,-9.197832,1.8900773094633687,-5.977443118452106,-1.915363294612373
2023-05-06,86.53580176211454,-4.995302745092646,-3.994950643274977,-9.347213,1.8025063419131224,-5.7974569851881,-1.9187534935954205
2023-05-07,86.5905154185022,-4.912055105532797,-3.9021782451572258,-9.27411,1.7147004354257394,-5.616878680582965,-1.9213893420466168
2023-05-08,86.64522907488987,-4.828713383671761,-3.8091246661789513,-9.351242,1.6267074678457225,-5.435832134024674,-1.9232673483343952
2023-05-09,86.69994273127753,-4.745114207488775,-3.715865146887924,-9.202678,1.5385749769197277,-5.254440123807651,-1.9243844079181016
2023-05-10,86.75465638766521,-4.6614452327696565,-3.622474046785104,-9.032593,1.4503501270955992,-5.072824173880703,-1.9247378056595357
2023-05-11,86.80937004405287,-4.577720992594582,-3.529024775546209,-8.891752,1.3620796769182772,-4.891104452464487,-1.9243252178734704
2023-05-12,86.86408370044053,-4.49395602004363,-3.435589725584297,-8.741334,1.2738099470503397,-4.709399672634636,-1.9231447141159703
2023-05-13,86.9187973568282,-4.410164848196976,-3.3422402060201555,-8.593753,1.1855867889442966,-4.527826994964452,-1.921194758709512
2023-05-14,86.97351101321587,-4.326362010134714,-3.249046378125698,-8.435887,1.0974555541928646,-4.346501932318563,-1.918474212004125
2023-05-15,87.02822466960353,-4.24256203893699,-3.1560771923037985,-8.277157,1.009461064582742,-4.16553825688654,-1.914982331373968
2023-05-16,87.0829383259912,-4.158779467683912,-3.063400326666342,-8.088955,0.921647582876516,-3.985047909542858,-1.9107187719489909
2023-05-17,87.13765198237886,-4.074831264513566,-2.971082127270288,-7.9039817,0.8340587843464771,-3.805140911616765,-1.9056835870815056
2023-05-18,87.19236563876652,-3.990924158835564,-2.8791875500698403,-7.739514,0.7467377290832945,-3.625925279153135,-1.899877228547724
2023-05-19,87.2470792951542,-3.90707265447331,-2.787780104640728,-7.57608,0.6597268351015048,-3.447506939742233,-1.893300546484505
2023-05-20,87.30179295154186,-3.823291255250153,-2.696921799730673,-7.4081383,0.5730678522629886,-3.269989651993661,-1.885954789061795
2023-05-21,87.35650660792952,-3.739594464989497,-2.606673090688023,-7.2451487,0.486801837038507,-3.0934749277265303,-1.8778416018914
2023-05-22,87.41122026431718,-3.655996787514732,-2.517092828818534,-7.109294,0.4009691281265802,-2.9180619569451145,-1.868963027172972
2023-05-23,87.46593392070486,-3.5725127266492067,-2.428238212717883,-7.0033097,0.3156093229478556,-2.743847535665739,-1.8593215025782883
2023-05-24,87.52064757709252,-3.4891567862163533,-2.3401647416256317,-6.892884,0.2307612550322525,-2.570925996657884,-1.848919859875082
2023-05-25,87.57536123348018,-3.4059434700394924,-2.2529261708437183,-6.7744365,0.1464629723150806,-2.399389143158799,-1.8377613232919128
2023-05-26,87.63007488986784,-3.322887281942069,-2.166574469260679,-6.6685953,0.0627517163573466,-2.2293261856180258,-1.825849507625736
2023-05-27,87.6847885462555,-3.240002725747417,-2.081159779020072,-6.585625,-0.0203360974955955,-2.0608236815244765,-1.8131884160940517
2023-05-28,87.73950220264318,-3.157304305278927,-1.9967303773694896,-6.4961905,-0.1027648990038955,-1.893965478365594,-1.7997824379336844
2023-05-29,87.79421585903084,-3.0744939954815185,-1.9133326407239952,-6.3663073,-0.184499980959548,-1.7288326597644472,-1.7856363457484496
2023-05-30,87.8489295154185,-2.991890336424457,-1.8310110109754745,-6.2644897,-0.2655075161381591,-1.5655034948373152,-1.7707552926081591
2023-05-31,87.90364317180617,-2.9095077856497698,-1.7498079640767596,-6.161662,-0.345754573266267,-1.4040533908104926,-1.7551448089015889
2023-06-01,87.95835682819384,-2.827360800699469,-1.6697639809271552,-6.066403,-0.4252091319953457,-1.2445548489318097,-1.738810798946209
2023-06-02,88.0130704845815,-2.745463839115529,-1.590917520583165,-5.961294,-0.5038400968747445,-1.0870774237084204,-1.7217595373577177
2023-06-03,88.06778414096917,-2.663831358439993,-1.5133049958159712,-5.849912,-0.5816173103169138,-0.9316876854990574,-1.703997665182495
2023-06-04,88.12249779735683,-2.582271356632485,-1.4369607510344018,-5.7419806,-0.6585115645493366,-0.7784491864850652,-1.685532185796374
2023-06-05,88.17721145374449,-2.5009014518244577,-1.3619170425897489,-5.6365747,-0.7344946125487097,-0.6274224300410391,-1.6663704605732297
2023-06-06,88.23192511013217,-2.419652356963599,-1.2882040214760873,-5.563675,-0.8095391779540114,-0.4786648435220758,-1.6465202043270808
2023-06-07,88.28663876651983,-2.338714491552993,-1.215849718437183,-5.502477,-0.8836189639561984,-0.3322307544809846,-1.6259894805315689
2023-06-08,88.34135242290749,-2.2578460439556403,-1.1448800314884828,-5.4239144,-0.956708661163353,-0.1881713703251298,-1.6047866963208206
2023-06-09,88.39606607929515,-2.176932859073911,-1.0753187158600506,-5.393655,-1.028783954441233,-0.0465347614188176,-1.5829205972758886
2023-06-10,88.45077973568283,-2.096355487888159,-1.007187376363692,-5.3383884,-1.0998215287302366,0.0926341523665446,-1.560400262001079
2023-06-11,88.50549339207049,-2.016029322633838,-0.9405054621849518,-5.314934,-1.1697990738409043,0.2292936116559527,-1.5372350964946726
2023-06-12,88.56020704845815,-1.93607981748604,-0.8752902640979658,-5.2883716,-1.2386952882311608,0.363405024133195,-1.513434828318646
2023-06-13,88.61492070484582,-1.856442622917803,-0.8115569140985995,-5.2004,-1.3064898817695811,0.4949329676709816,-1.489009500572181
2023-06-14,88.66963436123348,-1.7772084907349064,-0.7493183874488007,-5.094611,-1.3731635774899908,0.6238451900411901,-1.463969465673849
2023-06-15,88.72434801762115,-1.6983916786252964,-0.6885855071222537,-4.9697437,-1.4386981123438332,0.7501126052215794,-1.4383253789575317
2023-06-16,88.77906167400882,-1.6198848930051346,-0.6293669506392046,-4.867943,-1.503076236957759,0.8737092863185545,-1.412088192087235
2023-06-17,88.83377533039648,-1.541402371646746,-0.57166925927547,-4.768092,-1.5662817144048882,0.9946124551294182,-1.3852691462960978
2023-06-18,88.88848898678414,-1.462312608075892,-0.5154968496283003,-4.710824,-1.6282993179992653,1.112802468370965,-1.357879765454994
2023-06-19,88.94320264317182,-1.3831858752524493,-0.460852027519166,-4.7208376,-1.6891148281240689,1.2282628006049028,-1.3299318489762784
2023-06-20,88.99791629955948,-1.3044914276042987,-0.4077350042111585,-4.670505,-1.748715028105017,1.3409800238938585,-1.301437464558299
2023-06-21,89.05262995594714,-1.2258484104864729,-0.3561439149160888,-4.582405,-1.8070876991414977,1.450943784225409,-1.2724089407764116
2023-06-22,89.1073436123348,-1.147654855222485,-0.3060748395641185,-4.485571,-1.864221614308896,1.558146774744777,-1.242858859526366
2023-06-23,89.16205726872248,-1.0699246559142792,-0.2575218258062436,-4.4178114,-1.9201065316464532,1.6625847058402097,-1.2128000483259715
2023-06-24,89.21677092511014,-0.9926717066638732,-0.2104769142176777,-4.373612,-1.974733186346032,1.7642562721283546,-1.1822455724810956
2023-06-25,89.2714845814978,-0.9155891848835216,-0.1649301656678048,-4.3065352,-2.028093282057981,1.8631631163901765,-1.1512087271220808
2023-06-26,89.32619823788546,-0.8389295952041498,-0.1208696908201875,-4.2474284,-2.080179481331212,1.959309790511024,-1.119703029116799
2023-06-27,89.38091189427313,-0.7624992364894627,-0.0782816817237694,-4.1693892,-2.1309853952054416,2.052703713481672,-1.087742208866588
2023-06-28,89.4356255506608,-0.6865973007193489,-0.0371504454543712,-4.0834436,-2.1805055719744324,2.143355126520061,-1.0553402019914109
2023-06-29,89.49033920704846,-0.6112261785746234,0.0025415602366973,-3.981275,-2.228735485139808,2.231277045376505,-1.0225111409106498
2023-06-30,89.54505286343613,-0.536145694709834,0.0408136893120722,-3.8852518,-2.275671520575877,2.3164852098879494,-0.9892693463259618
2023-07-01,89.59976651982379,-0.4614208898010736,0.0776870679229965,-3.8013146,-2.321310962926614,2.3989980308496106,-0.9556293186127272
2023-07-02,89.65448017621146,-0.3867984744507891,0.1131845530185075,-3.7088594,-2.365651981256748,2.4788365342752554,-0.921605729126648
2023-07-03,89.70919383259913,-0.3126901657216905,0.1473306891402117,-3.6158438,-2.408693613979494,2.5560243031197056,-0.8872134114320661
2023-07-04,89.76390748898679,-0.2379876734526229,0.1801516634555758,-3.524808,-2.4504357530843226,2.6305874165398984,-0.8524673524586714
2023-07-05,89.81862114537445,-0.163791084194111,0.2116752590846368,-3.4445875,-2.490879127688631,2.702554386773268,-0.8173826835932376
2023-07-06,89.87333480176213,-0.0898921967543469,0.2419308067765599,-3.372203,-2.530025286937976,2.771956093714535,-0.7819746717130772
2023-07-07,89.92804845814979,-0.0165772647361319,0.2709491349942683,-3.2958736,-2.567876582279957,2.8388257172742257,-0.74625871016794
2023-07-08,89.98276211453745,0.0562786225842502,0.2987625184669357,-3.216358,-2.604436149137573,2.9031986676045087,-0.7102503097170544
2023-07-09,90.03747577092511,0.128880189380796,0.3254046252717101,-3.1514916,-2.639707888008232,2.965112513279942,-0.6739650894280628
2023-07-10,90.09218942731276,0.2018062141195127,0.3509104625074545,-3.079785,-2.6736964450152785,3.024606907522733,-0.637418767544574
2023-07-11,90.14690308370044,0.274133464839756,0.3753163206247262,-3.0174422,-2.706407191939193,3.0817235125639195,-0.6006271523290588
2023-07-12,90.20161674008811,0.347145441615186,0.3986597164775494,-2.9431105,-2.737846205756222,3.136505922233772,-0.5636061328878283
2023-07-13,90.25633039647578,0.4199743965342737,0.4209793351637783,-2.874967,-2.7680202477124403,3.1889995828762188,-0.5263716699847921
2023-07-14,90.31104405286344,0.492245750268534,0.4423149707219946,-2.796915,-2.796936741961785,3.23925171268378,-0.4889397868506828
2023-07-15,90.36575770925111,0.5637705150757353,0.4627074657540814,-2.7232318,-2.824603753796775,3.2873112195508565,-0.4513265599944354
2023-07-16,90.42047136563878,0.6344217960967535,0.4821986500435422,-2.6644247,-2.851029967501073,3.3332286175446155,-0.4135481100233292
2023-07-17,90.47518502202644,0.7033155718952186,0.5008312782406309,-2.6239693,-2.876224663853208,3.3770559420938384,-0.3756205924785135
2023-07-18,90.5298986784141,0.7712810262081642,0.5186489666862616,-2.5745683,-2.9001976973110866,3.418846663997348,-0.3375601886924776
2023-07-19,90.58461233480176,0.8381052963090889,0.5356961294473588,-2.517582,-2.9229594729070745,3.4586556023544333,-0.2993830966749752
2023-07-20,90.63932599118944,0.9042707416488334,0.5520179136371577,-2.4574761,-2.944520922883617,3.4965388365207746,-0.2611055220338663
2023-07-21,90.6940396475771,0.9698406033295974,0.5676601340944833,-2.403831,-2.9648934830995164,3.532553617194,-0.2227436689372966
2023-07-22,90.74875330396476,1.0345581825779293,0.5826692074965953,-2.3325722,-2.98408906923698,3.566758276733575,-0.1843137311235575
2023-07-23,90.80346696035242,1.0982194626776414,0.5970920859807493,-2.2734468,-3.0021200528397958,3.5992121388205445,-0.1458318829649039
2023-07-24,90.8581806167401,1.161214517367399,0.6109761903499173,-2.2230167,-3.0189992372128223,3.62997542756274,-0.107314270591564
2023-07-25,90.91289427312776,1.223537010767708,0.6243693429383813,-2.1911983,-3.0347398332130804,3.659109176151462,-0.0687770030820397
2023-07-26,90.96760792951542,1.2848930297060068,0.6373197002132852,-2.1527338,-3.049355434962685,3.68667513517597,-0.0302361437258024
2023-07-27,91.02232158590309,1.3456211677426009,0.6498756851882075,-2.0976176,-3.0628599955137505,3.7127356807019583,0.0082922986356851
2023-07-28,91.07703524229076,1.4057078813479098,0.6620859197249517,-2.0272648,-3.0752678024952576,3.737353722220209,0.0467923781837161
2023-07-29,91.13174889867842,1.465139626992468,0.6739991567996892,-1.9571599,-3.086593453771797,3.760592610571487,0.0852482206070721
2023-07-30,91.18646255506609,1.523836453888035,0.6856642128095399,-1.9001834,-3.0968518331438704,3.78251604595341,0.1236440314910556
2023-07-31,91.24117621145376,1.5813326419128375,0.6971298999953641,-1.8572903,-3.106058086119213,3.803187986114578,0.1619641046052323
2023-08-01,91.2958898678414,1.6381349953211704,0.7084449590564064,-1.8149935,-3.11422759578438,3.8226725548407865,0.2001928300843976
2023-08-02,91.35060352422909,1.6940091548019147,0.7196579920319272,-1.7796593,-3.121375958805496,3.841033950837423,0.2383147024974126
2023-08-03,91.40531718061676,1.7489634600353283,0.7308173955246744,-1.759841,-3.127518961586853,3.858336357111528,0.2763143287986395
2023-08-04,91.4600308370044,1.803119450855152,0.7419712943403327,-1.756333,-3.1326725566155638,3.874643850955896,0.314176436156851
2023-08-05,91.51474449339209,1.8564865176450929,0.7531674756167434,-1.7351377,-3.136852839020204,3.890020314636947,0.3518858796566047
2023-08-06,91.56945814977972,1.9089673506916285,0.7644533235157306,-1.7107676,-3.140076023370913,3.904529346886644,0.3894276498671846
2023-08-07,91.6241718061674,1.9603478842521695,0.7758757545498061,-1.6867186,-3.142358420747964,3.91823417529777,0.4267868802743632
2023-08-08,91.67888546255509,2.010961997014596,0.7874811536151847,-1.66775,-3.1437164161054025,3.931197569720587,0.4639488545703668
2023-08-09,91.73359911894272,2.060616950292541,0.7993153108014752,-1.6482254,-3.144166445955767,3.9434817567572416,0.5008990137975469
2023-08-10,91.7883127753304,2.1091263047316637,0.8114233590475974,-1.6214532,-3.1437249764014488,3.955148335449046,0.5376229633414131
2023-08-11,91.84302643171807,2.156665127376816,0.8238497127123381,-1.588942,-3.142408481537606,3.966258194249944,0.5741064797688473
2023-08-12,91.89774008810572,2.202969729412704,0.8366380071268535,-1.5431743,-3.140233422251076,3.9768714293779297,0.6103355175074083
2023-08-13,91.9524537444934,2.248477124918742,0.849831039195171,-1.5051137,-3.137216225438942,3.987047264634113,0.6462962153618476
2023-08-14,92.00716740088106,2.293173333354867,0.8634707091075386,-1.4628913,-3.133373263669954,3.996843972777493,0.6819749028640663
2023-08-15,92.06188105726872,2.337044374180987,0.8775979632300984,-1.4135134,-3.128720835311184,4.006318798541282,0.7173581064529195
2023-08-16,92.1165947136564,2.3800762668570665,0.8922527382329389,-1.3790516,-3.12327514514168,4.015527883374619,0.7524325554804103
2023-08-17,92.17130837004406,2.421902994189083,0.9074739065171312,-1.3668605,-3.1170522854741884,4.02452619199132,0.7871851880410096
2023-08-18,92.22602202643172,2.4628723370603627,0.9232992229998144,-1.3298577,-3.1100682178051597,4.033367440804973,0.8216031566209427
2023-08-19,92.28073568281938,2.502970261350843,0.939765273314782,-1.2982247,-3.102338755012634,4.042104028327416,0.8556738335645111
2023-08-20,92.33544933920706,2.5421827329404216,0.9569074234843749,-1.3579972,-3.0938795441207225,4.050786967605097,0.8893848163546365
2023-08-21,92.39016299559472,2.580495717709052,0.9747597711168045,-1.6457382,-3.08470604964862,4.059465820765425,0.9227239327049904
2023-08-22,92.44487665198238,2.617895181536673,0.9933550981811654,-1.6883734,-3.0748335375612936,4.068188635742459,0.9556792454612516
2023-08-23,92.49959030837005,2.6543670903031806,1.0127248254106824,-1.6304592,-3.0642770598380915,4.077001885248774,0.9882390573092028
2023-08-24,92.55430396475772,2.689897409888557,1.032898968382797,-1.5566838,-3.0530514396747077,4.085950408057505,1.0203919152875218
2023-08-25,92.60901762114538,2.7244721061726995,1.0539060953227724,-1.4922919,-3.041171257333086,4.095077352655858,1.052126615103337
2023-08-26,92.66373127753305,2.7580771450355748,1.0757732866755647,-1.414805,-3.0286508366528238,4.104424123328388,1.0834322052487506
2023-08-27,92.71844493392072,2.790085819080144,1.0985260964886014,-1.3391804,-3.0155042322369425,4.114030328725544,1.1142979909167283
2023-08-28,92.77315859030836,2.8210057637572667,1.122188515646209,-1.2665644,-3.0017452173237675,4.123933732969976,1.144713537714923
2023-08-29,92.82787224669605,2.850933761527201,1.146782936994114,-1.2135783,-2.9873872723558788,4.134170209349993,1.174668675176168
2023-08-30,92.88258590308372,2.87985566859422,1.172330122390465,-1.1799515,-2.9724435742560726,4.144773696646538,1.204153500064567
2023-08-31,92.93729955947136,2.9076382920590675,1.1988491717176335,-1.1662283,-2.956926986419373,4.155776158137006,1.233158379476265
2023-09-01,92.99201321585905,2.9343898258789296,1.2263574938867332,-1.3281796,-2.9408500494291427,4.167207543315876,1.2616739537341564
2023-09-02,93.0467268722467,2.9600961081388566,1.2548707798646532,-1.4409333,-2.924224972504382,4.179095752369035,1.2896911390759946
2023-09-03,93.10144052863436,2.9844197687449063,1.284402977751156,-1.5328294,-2.9070636256843563,4.191466603435512,1.3172011301354996
2023-09-04,93.15615418502205,3.0076787823638407,1.3149662699311495,-1.501856,-2.889377532755693,4.204343802686843,1.3441954022162643
2023-09-05,93.2108678414097,3.0298589378884087,1.3465710523251326,-1.451124,-2.8711778649261293,4.217748917251262,1.3706657133584217
2023-09-06,93.26558149779736,3.050946024211357,1.3792259157582598,-1.386716,-2.852475435248056,4.231701351006316,1.3966041061981995
2023-09-07,93.32029515418505,3.070749952569817,1.4129376294662914,-1.3086325,-2.833280693794108,4.2462183232604,1.422002909620705
2023-09-08,93.3750088105727,3.089437248010912,1.4477111267542415,-1.2369821,-2.813603723586001,4.261314850340243,1.4468547402063705
2023-09-09,93.42972246696036,3.106993672658805,1.4835494928210888,-1.1712425,-2.793454237276806,4.277003730097895,1.4711525034717572
2023-09-10,93.48443612334802,3.1234049886376405,1.5204539547617046,-1.1199832,-2.7728415745859647,4.293295529347669,1.494889394905524
2023-09-11,93.53914977973568,3.138656958071578,1.5584238737545275,-1.0825266,-2.7517747004853,4.310198574239827,1.51805890080052
2023-09-12,93.59386343612336,3.1527353430847627,1.597456739441261,-1.0521805,-2.730262204133279,4.32771894357454,1.5406547988832058
2023-09-13,93.64857709251102,3.1656259058013685,1.6375481665024365,-1.0141841,-2.708312298553885,4.345860465056321,1.5626711587416884
2023-09-14,93.70329074889868,3.177314408345542,1.678691893430147,-0.97243834,-2.6859328210554687,4.364624714485616,1.5841023420538436
2023-09-15,93.75800440528634,3.1877866128414127,1.7208797834970846,-0.9382732,-2.6631312343839317,4.384011017881016,1.6049430026171982
2023-09-16,93.81271806167402,3.1970282814131847,1.764101827918357,-0.8965213,-2.6399146286037456,4.404016456522102,1.625188086182347
2023-09-17,93.86743171806168,3.205025176184946,1.80834615120034,-0.8616523,-2.616289723699297,4.424635874899636,1.644832830091868
2023-09-18,93.92214537444934,3.211763059280928,1.853599018668368,-0.8297283,-2.592262872888168,4.445861891556536,1.6638727627268457
2023-09-19,93.976859030837,3.217227692825219,1.89984484616272,-0.78687817,-2.567840066636997,4.467684912799717,1.6823037027632586
2023-09-20,94.03157268722468,3.2214048389419774,1.947066211889947,-0.7572608,-2.543026937369743,4.49009314925969,1.700121758240652
2023-09-21,94.08628634361234,3.2239280029314417,1.995243870414371,-0.7607394,-2.5178287648571827,4.513072635271554,1.717323325445642
2023-09-22,94.141,3.225144934593185,2.044356768772087,-0.7579487,-2.492250482275718,4.536607251047805,1.7339050876129427
2023-09-23,93.98,3.064766554014082,2.0943820646877107,-0.74021566,-2.4662966829225894,4.5606787476103,1.7498640134467764
2023-09-24,99.178,8.263512275706592,2.145295146871682,-0.72708166,-2.4399716275738643,4.585266774445547,1.765197355465625
2023-09-25,99.425,8.511380549819542,2.1970696573738118,-0.78362554,-2.413279252470681,4.610348909844492,1.779902648173436
2023-09-26,101.167,10.25436982650185,2.2496775159664355,-0.88691497,-2.386223177918437,4.635900693884873,1.793977706060524
2023-09-27,95.479,4.567478555902377,2.303088946528506,-0.89419794,-2.358806717482873,4.66189566401138,1.807420621437548
2023-09-28,96.888,5.977705188170004,2.357272505399697,-0.87434584,-2.331032887766158,4.688305393165855,1.8202297621060213
2023-09-29,98.136,7.227048173453621,2.412195111671511,-0.8886296,-2.3029044187454417,4.7150995304169525,1.8324037688690065
2023-09-30,97.752,6.8445059619021205,2.467822079380399,-1.1130008,-2.2744237646555576,4.742245844035956,1.843941552885692
2023-10-01,94.216,3.310077003664359,2.524117151565761,-1.1390561,-2.2455931153968822,4.769710266962644,1.8548422928737096
2023-10-02,94.931,4.026759748889255,2.581042536153828,-1.136568,-2.2164144084487067,4.797456944602535,1.865105432163115
2023-10-03,95.094,4.191552647725652,2.638558943626435,-1.1671531,-2.1868893412678325,4.825448284894268,1.874730675606121
2023-10-04,92.369,1.4684541503224748,2.6966256264317376,-1.1241441,-2.1570193841514143,4.853645010583152,1.8837179863467008
2023-10-05,94.435,3.536462706828581,2.755200420092385,-1.09017,-2.126805793542669,4.882006213635054,1.892067582454336
2023-10-06,92.239,1.342576767392842,2.8142397859644213,-1.0399181,-2.0962496257572405,4.910489411721661,1.899779933426227
2023-10-07,92.475,1.5807947821641712,2.873698855598916,-0.9807626,-2.065351751107745,4.939050606706661,1.9068557565624304
2023-10-08,99.733,8.841115201291412,2.9335314766563445,-0.92272735,-2.0341128684032994,4.967644345059644,1.9132960132183827
2023-10-09,102.432,11.542536474923487,2.99369026032226,-0.935487,-2.0025335198005085,4.996223780122769,1.9191019049394635
2023-10-10,106.319,15.432057053209263,3.054126630171227,-1.0469751,-1.970614105981868,5.024740736153095,1.9242748694822105
2023-10-11,101.679,10.79467538629761,3.114790872424449,-1.1490234,-1.9383549016371249,5.053145774061574,1.92881657672696
2023-10-12,98.334,7.452389924337437,3.1756321875451925,-1.155308,-1.90575607122279,5.081388258767983,1.9327289244866783
2023-10-13,95.35,4.471199117477602,3.236598743114567,-1.1373501,-1.8728176849746063,5.109416428089173,1.9360140342168972
2023-10-14,103.396,12.520101415867,3.2976377279291,-1.1073691,-1.839539735147468,5.1371774630765685,1.9386742466316016
2023-10-15,93.614,2.741095269654522,3.3586954072602,-1.0650495,-1.80592215245701,5.16461755971721,1.9407121172301056
2023-10-16,94.746,3.8761791289890137,3.4197171792144787,-1.0957282,-1.7719648226967877,5.191682001911266,1.9421304117398843
2023-10-17,93.274,2.4073514440194144,3.4806476321327056,-1.073989,-1.7376676035048149,5.218315235637521,1.9429321014804464
2023-10-18,94.404,3.5406106648945666,3.541430602964353,-1.0544555,-1.7030303412529542,5.244460944217307,1.943120358653323
2023-10-19,94.174,3.3139552417633498,3.6020092365534,-1.0185438,-1.6680528880325296,5.27006212458593,1.942698551563307
2023-10-20,93.944,3.087383624774689,3.66232604577054,-0.964737,-1.6327351187094574,5.295061164479997,1.941670239776089
2023-10-21,101.647,10.793894264077418,3.722322972425809,-0.91798747,-1.5970769480219889,5.319399920447799,1.9400391692174768
2023-10-22,98.82,7.970485609820452,3.781941448895057,-0.9515671,-1.561078347694205,5.343019796589262,1.9378092672193732
2023-10-23,94.218,3.372156112152641,3.841122460393074,-0.95076257,-1.524739363538328,5.365861823931401,1.934984637517721
2023-10-24,93.577,2.734859662882211,3.899806607825356,-0.9508703,-1.4880601325189318,5.387866740344288,1.9315695552076384
2023-10-25,93.081,2.24246371583996,3.95793417115024,-1.0941094,-1.4510408997521602,5.4089750709024,1.9275684616609328
2023-10-26,92.2095,1.3642246070510948,4.015445173182546,-1.1151286,-1.4136820354132074,5.429127208595753,1.9229859594112289
2023-10-27,91.338,0.206996250861855,4.072279443769392,-1.0800565,-1.3759840515253074,5.448263495294699,1.917826807011909
2023-10-28,90.4665,-0.8001027330875949,4.128376684268884,-1.0458753,-1.3379476186037484,5.466324302872632,1.9120959138720324
2023-10-29,89.595,-1.2283350678529643,4.1836765322617415,-1.0174276,-1.2995735821285113,5.483250114390253,1.90579833507544
2023-10-30,90.042,-0.7768640942560188,4.238118626426152,-0.97919774,-1.2608629788194248,5.498981605245577,1.898939266188182
2023-10-31,94.61,3.795997229883481,4.291642671505777,-0.9308028,-1.2218170526878616,5.513459724193639,1.891524038059391
2023-11-01,92.106,1.2969576552291122,4.34418850330102,-0.8813846,-1.1824372708393744,5.526625774140394,1.883558111620692
2023-11-02,96.587,5.7830157084600895,4.395696153613836,-0.9369943,-1.1427253390020184,5.538421492615855,1.8750470726892172
2023-11-03,92.547,1.7481699162555948,4.44610591507608,-0.9126234,-1.102683216755208,5.548789131831288,1.865996626779229
2023-11-04,94.869,4.07541880529485,4.4953584057922935,-0.97261864,-1.0623131324346808,5.557671538226974,1.856412593927328
2023-11-05,101.568,10.779760902257095,4.5433946337275,-1.0506754,-1.0216175976892274,5.565012231416727,1.8463009035361648
2023-11-06,104.222,13.43919473382148,4.590156060771353,-1.4673804,-0.9805994216654548,5.570755482436808,1.835667589241515
2023-11-07,98.155,7.377718826667291,4.635584666410378,-1.5464958,-0.9392617247973084,5.574846391207687,1.8245187838075243
2023-11-08,93.938,3.1663317074736703,4.679623010940378,-1.5286186,-0.897607952177457,5.5772309631178345,1.8128607140548805
2023-11-09,91.234,0.4680319029198987,4.7222142981519495,-1.5171509,-0.8556418864883102,5.577856184640259,1.8006996958265462
2023-11-10,91.152,0.3918179396851537,4.763302437422544,-1.5164554,-0.8133676604708794,5.576670097893423,1.7880421289957038
2023-11-11,90.237,-0.517311655551381,4.802832105149301,-1.5387832,-0.770789768910345,5.573621874059646,1.7748944925203862
2023-11-12,92.295,1.5468994207321978,4.840748805457725,-1.5263003,-0.727913080117732,5.568661885575457,1.7612633395492765
2023-11-13,89.546,-1.1958010768220713,4.876998930122125,-1.5390345,-0.6847428468878128,5.561741777009938,1.7471552925829994
2023-11-14,95.125,4.389627614685663,4.911529817634677,-1.542506,-0.6412847169138931,5.55281453454857,1.7325770386952033
2023-11-15,91.601,0.8721430087467179,4.944289811361057,-1.5341746,-0.5975447426409805,5.541834554002038,1.71753532481758
2023-11-16,92.889,2.1667436764625774,4.975228316721542,-1.5911644,-0.5535293905393599,5.528757707260902,1.7020369530929254
2023-11-17,89.753,-0.962614009112503,5.004295857337719,-1.5715284,-0.5092455497814762,5.513541407119195,1.6860887763001942
2023-11-18,95.238,4.529151772531479,5.0314441300862365,-1.8640476,-0.4647005403057133,5.49614467039195,1.6696976933554462
2023-11-19,91.914,1.2119985348858302,5.056626059001953,-2.0883172,-0.4199021202514267,5.47652817925338,1.6528706448924244
2023-11-20,90.487,-0.2080751509479244,5.079795847974686,-2.054388,-0.3748584927503952,5.454654340725081,1.635614608926448
2023-11-21,87.58,-3.1077686421544737,5.1009090321846,-2.0382583,-0.3295783120606836,5.430487344245283,1.617936596605135
2023-11-22,84.93100000000001,-5.7491652154043535,5.119922528223183,-2.016465,-0.2840706890297078,5.403993217252891,1.5998436480493785
2023-11-23,91.736,1.063750666718675,5.13679468284791,-2.0092754,-0.2383451958741722,5.375139878722082,1.5813428282879114
2023-11-24,90.775,0.1106144732507312,5.1514853203204405,-1.9744155,-0.1924118702654132,5.343897190585854,1.562441223288591
2023-11-25,95.849,5.1928734979960725,5.163955788279769,-1.9345655,-0.1462812187095464,5.310237006989316,1.5431459360894746
2023-11-26,91.042,0.394228613816072,5.174169002103212,-1.8952479,-0.0999642192127147,5.274133221315926,1.5234640830326305
2023-11-27,93.959,3.3196785269108053,5.1820894877101775,-1.8593776,-0.0534723232226942,5.235561810932872,1.5034027901034277
2023-11-28,93.04,2.4092219434802704,5.187683422764957,-1.8269846,-0.0068174568389409,5.194500879603898,1.482969189378006
2023-11-29,96.209,5.586857569724513,5.190918676236971,-1.8029634,0.039987978715778,5.1509306975211935,1.4621704155814153
2023-11-30,98.505,7.891514863919869,5.191764846278398,-1.84311,0.0869311073682356,5.104833738910162,1.4410136027588116
2023-12-01,98.084,7.479242517219144,5.190193296381219,-1.959973,0.1339985792170125,5.056194717164207,1.419505881061958
2023-12-02,100.059,9.4628086529583,5.186177189777462,-2.1590722,0.181176572308301,5.005000617469161,1.3976543736531142
2023-12-03,104.252,13.66431688644839,5.17969152204842,-2.5444024,0.2284507951683384,4.951240726880081,1.3754661937282706
2023-12-04,92.784,2.204887519038077,5.170713151910587,-2.5744686,0.2758064900945536,4.894906661816034,1.3529484416615405
2023-12-05,92.373,1.8021756185889,5.159220830148021,-2.6194105,0.3232284372066072,4.835992392941414,1.3301082022723472
2023-12-06,99.126,8.563321318403418,5.145195226662957,-2.794635,0.3707009592574543,4.774494267405503,1.306952542216923
2023-12-07,97.506,6.9513492890704,5.128618955618373,-3.0659578,0.4182079272036031,4.71041102841477,1.283488507505501
2023-12-08,96.137,5.59042183477816,5.1094765986484765,-3.0703933,0.4657327665327692,4.643743832115708,1.259723121146348
2023-12-09,89.035,-1.5041057137199785,5.087754726115067,-3.0636284,0.5132584643461138,4.574496261768953,1.2356633809177615
2023-12-10,90.887,0.3556152837418216,5.0634419163898245,-3.1144977,0.560767577191271,4.5026743391985535,1.2113162572688596
2023-12-11,93.081,2.5570488083189,5.036528773144844,-3.1068616,0.6082422396413869,4.4282865335034565,1.18668869134997
2023-12-12,94.013,3.4965592005119976,5.007007940635684,-3.0843647,0.6556641736144606,4.351343767021223,1.1617875931731625
2023-12-13,98.513,8.004154770240998,4.974874116963503,-3.0654683,0.7030146984262065,4.271859418537296,1.1366198399033909
2023-12-14,94.315,3.813890645503789,4.940124065305016,-3.0420942,0.7502747415687798,4.189849323736236,1.111192274280505
2023-12-15,90.229,-0.2642348522766446,4.902756623101003,-3.0068312,0.7974248502067015,4.105331772894301,1.0855117031722703
2023-12-16,88.445,-2.0400953314406003,4.862772709196623,-2.9669185,0.84444520338036,4.018327505816263,1.0595848962583596
2023-12-17,92.679,2.202362912811316,4.820175328928554,-2.9479814,0.8913156249065548,3.928859704021999,1.0334185848451265
2023-12-18,94.439,3.9709125780903873,4.774969577156485,-3.1380146,0.9380155969645744,3.83695398019191,1.0070194608108416
2023-12-19,93.155,2.6952878612601454,4.72716263923851,-3.664351,0.9845242743554238,3.7426383648830863,0.9803941756808684
2023-12-20,91.194,0.7425031176215271,4.676763789952183,-3.781141,1.0308204994208372,3.6459432905313456,0.9535493398321658
2023-12-21,90.254,-0.1893272803119028,4.623784390365152,-3.750852,1.076882817607921,3.546901572757231,0.9264915218262846
2023-12-22,89.004,-1.4314329711704832,4.5682378826614265,-3.7580156,1.1226894936642702,3.4455483889971563,0.8992272478699446
2023-12-23,93.982,3.554626418910453,4.510139782931597,-3.7532175,1.1682185284476372,3.3419212544839594,0.8717630014020598
2023-12-24,92.207,1.7878713075054906,4.449507671937199,-3.7537208,1.213447676333328,3.236059995603871,0.8441052228059803
2023-12-25,91.456,1.0452998574459202,4.386361183861832,-3.7739458,1.2583544632016852,3.1280067206601463,0.8162603092455639
2023-12-26,93.415,3.012897100345695,4.3207219930635405,-3.784644,1.302916204987206,3.0178057880763345,0.7882346146235079
2023-12-27,94.611,4.217510201772642,4.2526137988450525,-3.9079669,1.3471100267700709,2.9055037720749817,0.7600344496602833
2023-12-28,96.515,6.1299964295697,4.182062308260636,-3.9589767,1.3909128823900554,2.7911494258705805,0.7316660820918338
2023-12-29,88.88,-1.4963445742592103,4.109095216980234,-4.02014,1.4343015745620509,2.674793642418183,0.7031357369840652
2023-12-30,96.793,6.425753670676366,4.033742188233616,-4.2611775,1.4772527754717515,2.5564894127618647,0.6744495971620289
2023-12-31,90.842,0.4838895972742254,3.95603482985916,-4.2195125,1.51974304782931,2.4362917820298504,0.6456138037515661
