date,gps_raw_up_mm,gps_detrended_mm,gps_seasonal_mm,hydl_original_up_mm,hydl_seasonal_mm,gps_minus_hydl_mm,poroelastic_mm
2021-01-01,946.521,4.899015594117911,0.3926139144712011,-7.389951,0.644790668550427,-0.2521767540792258,0.0355329718011522
2021-01-02,939.834,-1.7960106375371478,0.3484745903415419,-7.3990192,0.6566796760435776,-0.3082050857020357,0.026205351915368
2021-01-03,936.591,-5.046952951223766,0.303998031318462,-7.3928585,0.6684229600239763,-0.3644249287055142,0.0168766574737884
2021-01-04,936.689,-4.956789631143849,0.2592055835715825,-7.4039774,0.6800137841005839,-0.4208082005290013,0.0075496364222058
2021-01-05,940.413,-1.2405183203309793,0.2141188839217,-7.3912454,0.6914453782893565,-0.4773264943676564,-0.0017729779948235
2021-01-06,942.882,1.2203278949170828,0.1687598392957586,-7.380253,0.702710945381178,-0.5339511060854193,-0.0110884664762445
2021-01-07,942.271,0.6010211588591541,0.1231506059783844,-7.3554273,0.7138036674264311,-0.5906530614480466,-0.0203941228812497
2021-01-08,939.86,-1.8181717458294768,0.0773135686860914,-7.3356333,0.7247167123286437,-0.6474031436425521,-0.029687253423692
2021-01-09,944.267,2.5808354157297475,0.0312713194901882,-7.310246,0.7354432405395165,-0.7041719210493282,-0.0389651758473854
2021-01-10,943.48,1.785660079827406,-0.0149533633854603,-7.3041677,0.745976411847442,-0.7609297752329024,-0.0482252185855554
2021-01-11,942.378,0.6754997887296019,-0.0613375368656622,-7.2917366,0.7563093922514822,-0.8176469291171444,-0.0574647199077054
2021-01-12,942.146,0.4353439144355833,-0.1078581143980478,-7.30427,0.7664353609126301,-0.8742934753106779,-0.0666810270572063
2021-01-13,943.11,1.391249985449253,-0.1544918873740532,-7.309617,0.776347517174028,-0.9308394045480812,-0.075871495382904
2021-01-14,939.553,-2.173876479621415,-0.2012155465708191,-7.267056,0.7860390876417136,-0.9872546342125328,-0.0850334874680751
2021-01-15,940.608,-1.1270778486289057,-0.2480057035881195,-7.240589,0.7955033333173167,-1.0435090369054365,-0.0941643722600345
2021-01-16,939.029,-2.7143634997273187,-0.2948389122547261,-7.2018595,0.8047335567740636,-1.0995724690287896,-0.1032615242037222
2021-01-17,945.068,3.3164379196565625,-0.3416916899786442,-7.1657662,0.8137231093673132,-1.1554147993459574,-0.1123223223825658
2021-01-18,946.533,4.773060114524234,-0.388540539016037,-7.130754,0.8224653984708018,-1.211005937486839,-0.1213441496699169
2021-01-19,945.333,3.564698471101709,-0.4353619676337694,-7.1306124,0.8309538947296635,-1.266315862363433,-0.130324391894332
2021-01-20,950.425,8.648190977369218,-0.4821325111409046,-7.132037,0.8391821393212767,-1.321314650462181,-0.1392604370219472
2021-01-21,942.571,0.7856208896777099,-0.5288287527646925,-7.132767,0.8471437512148869,-1.3759725039795794,-0.1481496743591628
2021-01-22,946.537,4.743028808560869,-0.5754273443470206,-7.122851,0.8548324344209645,-1.4302597787679852,-0.1569894937788239
2021-01-23,941.711,-0.0914747593762812,-0.62190502683763,-7.163158,0.8622419852211931,-1.4841470120588232,-0.1657772849730386
2021-01-24,942.418,0.606666563533564,-0.6682386505608019,-7.174879,0.8693662993700012,-1.537604949930803,-0.1745104367357312
2021-01-25,949.67,7.849641401915946,-0.7144051952326305,-7.321595,0.8761993792585019,-1.5906045744911324,-0.1831863362779744
2021-01-26,946.766,4.936655678768658,-0.7603817897065307,-7.3390684,0.8827353410317706,-1.6431171307383012,-0.1918023685790998
2021-01-27,938.731,-3.1072921326982965,-0.8061457314249857,-7.5684066,0.888968421650348,-1.6951141530753335,-0.2003559157765038
2021-01-28,942.706,0.8588408758801624,-0.8516745055561957,-7.850642,0.8948929858869423,-1.746567491443138,-0.2088443565970269
2021-01-29,941.74,-0.1159434123934941,-0.8969458037946785,-8.166323,0.900503533249307,-1.7974493370439857,-0.2172650658326931
2021-01-30,940.541,-1.3236431144169165,-0.9419375428055308,-8.147195,0.9057947048203356,-1.8477322476258664,-0.2256154138635324
2021-01-31,938.432,-3.441349078114935,-0.9866278822926076,-8.123812,0.910761290006496,-1.8973891722991036,-0.2338927662301242
2021-02-01,938.537,-3.3447765499450006,-1.0309952426714637,-8.0988865,0.915398233185786,-1.9463934758572496,-0.2420944832584214
2021-02-02,937.87,-4.020121641893608,-1.0750183223285477,-8.095651,0.9197006402464716,-1.9947189625750197,-0.2502179197393177
2021-02-03,939.223,-2.675235891723565,-1.1186761144487702,-8.075125,0.9236637850080054,-2.042339899456776,-0.2582604246653404
2021-02-04,939.891,-2.0152629315076034,-1.1619479233942442,-8.0398,0.9272831155155858,-2.08923103890983,-0.2662193410267403
2021-02-05,940.689,-1.2252935716547575,-1.204813380617686,-8.002701,0.930554260199987,-2.135367640817673,-0.2740920056691606
2021-02-06,943.057,1.1347643196165724,-1.247252460094606,-7.9621377,0.9334730338943734,-2.1807254939889797,-0.281875749214958
2021-02-07,944.541,2.6108098917648164,-1.2892454932592643,-7.924584,0.9360354437000076,-2.225280936959272,-0.28956789605014
2021-02-08,938.927,-3.011461734414222,-1.3307731834299314,-7.874117,0.9382376946928584,-2.26901087812279,-0.297165764378769
2021-02-09,942.804,0.857577499699143,-1.3718166197098958,-7.822651,0.9400761954633466,-2.3118928151732425,-0.3046666663465805
2021-02-10,936.914,-5.0402817198801575,-1.41235729035136,-7.778887,0.9415475634815644,-2.3539048538329244,-0.3120679082354227
2021-02-11,939.469,-2.4927959468384024,-1.452377095570052,-7.7636895,0.9426486302805652,-2.395025725850617,-0.3193667907300246
2021-02-12,943.717,1.7477911041625402,-1.4918583597994133,-7.8190675,0.9433764464504556,-2.435234806249869,-0.3265606092584655
2021-02-13,938.002,-3.974760252372752,-1.5307838433736778,-7.8614573,0.9437282864362682,-2.4745121298099457,-0.3336466544075886
2021-02-14,943.966,1.981797459035488,-1.569136753630318,-7.8571725,0.943701653132772,-2.5128384067630902,-0.3406222124144777
2021-02-15,940.805,-1.1866955645632369,-1.60690075542284,-7.857319,0.9432942822696344,-2.5501950376924745,-0.3474845657349819
2021-02-16,951.346,9.34687329314819,-1.6440599810359924,-7.846449,0.9425041465805646,-2.586564127616557,-0.3542309936901449
2021-02-17,951.019,9.01238699686224,-1.6805990394960306,-7.8215513,0.9413294597502904,-2.621928499246321,-0.3608587731912358
2021-02-18,943.753,1.7386610897825334,-1.7165030252697897,-7.7955647,0.9397686801335216,-2.656271705403311,-0.3673651795439814
2021-02-19,938.105,-3.917118469634904,-1.75175752634687,-7.7896323,0.9378205142402474,-2.689578040587117,-0.3737474873324158
2021-02-20,938.639,-3.390719797625938,-1.7863486317003134,-7.7828712,0.935483919982038,-2.7218325516823514,-0.380002971382656
2021-02-21,942.495,0.4579919517715822,-1.8202629381218445,-7.7664013,0.9327581096742368,-2.7530210477960813,-0.3861289078067468
2021-02-22,938.379,-3.665369015826601,-1.8534875564286757,-7.753425,0.9296425527892772,-2.783130109217953,-0.3921225751265916
2021-02-23,941.303,-0.7486186929594418,-1.88601011703966,-7.7307787,0.926136978456574,-2.812147095496234,-0.3979812554778302
2021-02-24,940.356,-1.702950759243568,-1.9178187749194533,-7.699207,0.922241377704781,-2.8400601526242344,-0.4037022358933851
2021-02-25,940.422,-1.6442229061549396,-1.948902213890181,-7.6785526,0.9179560054424964,-2.866858219332677,-0.4092828096662492
2021-02-26,945.419,3.34570315707779,-1.9792496503109016,-7.66017,0.9132813821737747,-2.892531032484676,-0.4147202777909451
2021-02-27,949.124,7.043422995178547,-2.008850836126066,-7.628098,0.908218295445172,-2.917069131571238,-0.4200119504829416
2021-02-28,954.191,12.103055114365306,-2.0376960612848825,-7.60532,0.9027678010212864,-2.940463862306169,-0.4251551487751596
2021-03-01,943.168,1.072596719677417,-2.0657761555344485,-7.5682693,0.8969312237861725,-2.962707379320621,-0.4301472061905672
2021-03-02,941.666,-0.4368103858520942,-2.093082489590157,-7.526139,0.8907101583682322,-2.9837926479583894,-0.434985470489706
2021-03-03,944.875,2.76489710619691,-2.1196069756878826,-7.5034585,0.8841064694866008,-3.003713445174484,-0.4396673054918589
2021-03-04,938.358,-3.759367960383657,-2.145342067523019,-7.467655,0.8771222920173148,-3.0224643595403338,-0.4441900929684173
2021-03-05,939.535,-2.5895176327737666,-2.170280759582424,-7.4346757,0.8697600307779277,-3.040040790360352,-0.4485512346068709
2021-03-06,938.955,-3.1765503198263656,-2.194416585875918,-7.4130816,0.8620223600295396,-3.056438945905457,-0.4527481540436982
2021-03-07,934.77,-7.3684043938707635,-2.2177436180748904,-7.3726954,0.8539122226955832,-3.071655840770473,-0.4567782989643046
2021-03-08,932.082,-10.063139958751446,-2.240256463066187,-7.3375735,0.8454328292970168,-3.085689292363204,-0.4606391432680091
2021-03-09,937.268,-4.883755414184051,-2.261950259930207,-7.306726,0.8365876566039456,-3.0985379165341524,-0.4643281892959525
2021-03-10,936.069,-6.089054345032468,-2.282820676352906,-7.4245353,0.8273804460040087,-3.1102011223569157,-0.4678429701196651
2021-03-11,939.623,-2.541073682414283,-2.3028639044820203,-7.470051,0.8178152015882505,-3.1206791060702708,-0.4711810518879073
2021-03-12,934.925,-7.244977927355741,-2.322076656238506,-7.4765735,0.8078961879554942,-3.129972844194,-0.4743400362292569
2021-03-13,932.655,-9.520765425316108,-2.3404561580948915,-7.472416,0.7976279277366228,-3.1380840858315144,-0.477317562707806
2021-03-14,937.56,-4.621434521754866,-2.35800014533284,-7.4963245,0.7870151988404857,-3.1450153441733257,-0.4801113113292045
2021-03-15,937.949,-4.237930839495487,-2.374706855792833,-7.556283,0.7760630314235044,-3.1507698872163377,-0.4827190050941567
2021-03-16,939.409,-2.7833069030595943,-2.390575023129498,-7.5498323,0.7647767045853938,-3.155351727714892,-0.4851384125963912
2021-03-17,935.926,-6.27142111324029,-2.405603869586677,-7.524551,0.7531617427937481,-3.1587656123804253,-0.4873673506619757
2021-03-18,937.245,-4.957415609767219,-2.4197930983068545,-7.490104,0.7412239120405667,-3.1610170103474213,-0.4894036870267723
2021-03-19,937.581,-4.626258646596446,-2.4331428851901378,-7.485554,0.7289692157341681,-3.162112100924306,-0.4912453430487072
2021-03-20,937.706,-4.505955662156153,-2.4456538703184703,-7.5033836,0.7164038903302083,-3.1620577606486786,-0.4928902964514373
2021-03-21,940.873,-1.3435293949826654,-2.457327148961205,-7.457644,0.7035344007059045,-3.1608615496671093,-0.4943365840958872
2021-03-22,937.042,-5.179192798641887,-2.4681642621786954,-7.4358296,0.69036743528185,-3.1585316974605453,-0.495582304776064
2021-03-23,943.254,1.0282621529287757,-2.4781671870409188,-7.4434237,0.6769099008961462,-3.155077087937065,-0.4966256220354395
2021-03-24,947.36,5.129329695883197,-2.4873383264786177,-7.43759,0.6631689174358633,-3.150507243914481,-0.4974647670001318
2021-03-25,940.886,-1.3495903296563898,-2.4956804987847736,-7.439777,0.6491518122311822,-3.144832311015956,-0.4980980412250247
2021-03-26,940.557,-1.6834441897813934,-2.503196926784608,-7.429874,0.6348661142178466,-3.1380630410024546,-0.4985238195489038
2021-03-27,937.179,-5.066245606853597,-2.5098912266926776,-7.3924103,0.6203195478738555,-3.130210774566533,-0.498740552954607
2021-03-28,937.789,-4.460858755735631,-2.515767396675787,-7.3661547,0.6055200269366169,-3.121287423612404,-0.4987467714301319
2021-03-29,940.967,-1.2873464076004573,-2.5208298051409423,-7.3269515,0.5904756479070703,-3.1113054530480126,-0.4985410868265903
2021-03-30,939.17,-3.0888741675774347,-2.525083178767586,-7.2836757,0.5751946833475462,-3.1002778621151323,-0.4981221957088352
2021-03-31,940.516,-1.7472982100057894,-2.528532590303722,-7.249518,0.5596855749804124,-3.0882181652841343,-0.4974888821945478
2021-04-01,941.76,-0.5079030199555055,-2.5311834461457043,-7.2055154,0.5439569265948039,-3.075140372740508,-0.4966400207775317
2021-04-02,936.828,-5.444363335513199,-2.533041473721536,-7.1563287,0.5280174967689983,-3.061058970490534,-0.4955745791309199
2021-04-03,937.423,-4.853725221921238,-2.534112708697806,-7.1143765,0.5118761914162084,-3.045988900114015,-0.4942916208859744
2021-04-04,937.525,-4.755682966270646,-2.534403482030389,-7.0652666,0.4955420561618586,-3.029945538192248,-0.4927903083821381
2021-04-05,942.619,0.3345120985000367,-2.5339204068791106,-7.026794,0.4790242685605448,-3.0129446754396554,-0.4910699053839692
2021-04-06,937.117,-5.1712499059885655,-2.5326703654067364,-6.998504,0.4623321301611927,-2.9950024955679293,-0.4891297797605866
2021-04-07,939.473,-2.818848389097824,-2.5306604954825174,-6.991319,0.4454750584290423,-2.9761355539115595,-0.4869694061232485
2021-04-08,937.558,-4.737362079048963,-2.527898177310641,-6.9838486,0.4284625785333465,-2.9563607558439875,-0.484588368416674
2021-04-09,939.593,-2.705683622998068,-2.524391020003814,-6.966038,0.41130431500982,-2.935695335013634,-0.4819863624597362
2021-04-10,938.734,-3.567899214854273,-2.5201468481222213,-6.9522247,0.3940099833070537,-2.914156831429275,-0.4791631984311673
2021-04-11,940.913,-1.3920118047684786,-2.515173688197924,-6.919597,0.3765893812262835,-2.891763069424208,-0.476118803295915
2021-04-12,939.944,-2.363950487191736,-2.509479755264721,-6.8972344,0.3590523802640376,-2.868532135528759,-0.4728532231678432
2021-04-13,943.983,1.6722027125443906,-2.503073439413311,-6.8842907,0.3414089168673364,-2.844482356280648,-0.4693666256044715
2021-04-14,941.159,-1.154595006127015,-2.495963292391423,-6.8859177,0.3236689836112392,-2.819632276002662,-0.4656593018295041
2021-04-15,942.159,-0.1573620973076366,-2.488158014268378,-6.8743515,0.3058426203086538,-2.794000634577032,-0.4617316688789235
2021-04-16,940.26,-2.0590964229162307,-2.4796664401833826,-6.8569703,0.2879399050624354,-2.767606345245818,-0.4575842716664974
2021-04-17,943.048,0.7262559146696201,-2.4704975271964704,-6.824558,0.2699709452698642,-2.7404684724663344,-0.4532177849645648
2021-04-18,943.369,1.0445461538579264,-2.460660341260874,-6.7874184,0.2519458685897144,-2.7126062098505885,-0.4486330152960663
2021-04-19,948.044,5.7166742200695495,-2.45016404433523,-6.7509317,0.2338748138821602,-2.68403885821739,-0.4438309027338196
2021-04-20,940.32,-2.0102313366177635,-2.4390178816536783,-6.7242575,0.2157679221318315,-2.6547858037855097,-0.4388125226031298
2021-04-21,942.422,0.0889433568340392,-2.427231169171653,-6.702615,0.1976353273643773,-2.6248664965360304,-0.4335790870838932
2021-04-22,945.51,3.1741921402526527,-2.4148132812046623,-6.6858354,0.1794871475669228,-2.594300428771585,-0.4281319467084402
2021-04-23,948.053,5.714291118856275,-2.401773638277088,-6.665107,0.161333475622816,-2.563107113899904,-0.4224725917514564
2021-04-24,946.084,3.742360103250961,-2.3881216951975075,-6.6685195,0.1431843702710767,-2.531306065468584,-0.4166026535083991
2021-04-25,939.842,-2.502508264450565,-2.373866929376692,-6.6820374,0.1250498471009457,-2.4989167764776377,-0.4105239054589506
2021-04-26,950.097,7.749701549328748,-2.359018829403887,-6.7108035,0.1069398695919001,-2.465958698995788,-0.4042382643121323
2021-04-27,943.314,0.9636494663344362,-2.343586883896564,-6.70074,0.0888643402094996,-2.432451224106064,-0.3977477909298308
2021-04-28,940.183,-2.1705928795200062,-2.3275805706383124,-6.686445,0.070833091567331,-2.398413662205644,-0.3910546911255933
2021-04-29,942.921,0.5642539689866841,-2.31100934601899,-6.669736,0.052855877665315,-2.3638652236843054,-0.3841613163356735
2021-04-30,940.789,-1.5708610914521253,-2.293882634790784,-6.6518226,0.0349423652145167,-2.328825000005301,-0.3770701641594375
2021-05-01,944.348,1.984999865334493,-2.276209820153169,-6.6442866,0.0171021250585577,-2.2933119452117268,-0.3697838787663698
2021-05-02,945.588,3.22188468402825,-2.2580002341793266,-6.628071,-0.0006553762984039,-2.2573448578809225,-0.3623052511670451
2021-05-03,946.934,4.564824835382231,-2.239263148595821,-6.613005,-0.0183207850472448,-2.2209423635485765,-0.3546372193455897
2021-05-04,942.152,-0.2203345896989743,-2.22000776592691,-6.590229,-0.0358848683032532,-2.184122897623657,-0.3467828682512832
2021-05-05,941.175,-1.2004777377682925,-2.200243211014121,-6.551707,-0.0533385221996954,-2.1469046888144256,-0.3387454296471089
2021-05-06,939.894,-2.484577766226067,-2.179978522921133,-6.514605,-0.0706727798361065,-2.1093057430850264,-0.3305282818132143
2021-05-07,941.669,-0.7126066622327158,-2.159222647233398,-6.487595,-0.087878819071993,-2.071343828161405,-0.3221349491033923
2021-05-08,944.494,2.109371624455937,-2.137984428761249,-6.4729185,-0.104947970156814,-2.0330364586044354,-0.3135691013528623
2021-05-09,938.165,-4.222578121699141,-2.116272604654565,-6.4672103,-0.121871723187279,-1.994400881467286,-0.3048345531357905
2021-05-10,943.168,0.777627613674861,-2.094095797936439,-6.4567647,-0.1386417353832023,-1.9554540625532368,-0.2959352628711531
2021-05-11,942.261,-0.1321560444117828,-2.0714625114625846,-6.449725,-0.1552498381733621,-1.9162126732892224,-0.2868753317757189
2021-05-12,940.733,-1.6628700314598306,-2.048381122312538,-6.4326487,-0.1716880440830071,-1.8766930782295308,-0.2776590026631061
2021-05-13,934.32,-8.078507483558635,-2.0248598766179984,-6.4013214,-0.1879485534149127,-1.8369113232030856,-0.2682906585880322
2021-05-14,939.05,-3.3509696972590226,-2.000906884833008,-6.3726845,-0.2040237607160971,-1.7968831241169108,-0.258774821335062
2021-05-15,939.813,-2.590349371125376,-1.9765301174499004,-6.356417,-0.2199062610225679,-1.7566238564273324,-0.2491161497513421
2021-05-16,938.817,-3.588627812089893,-1.9517374011642743,-6.364402,-0.2355888558747277,-1.7161485452895466,-0.2393194379229872
2021-05-17,941.388,-1.0198280162929634,-1.9265364154915567,-6.3653903,-0.2510645590963279,-1.6754718563952289,-0.229389613194969
2021-05-18,941.185,-1.225007871093461,-1.900934689836972,-6.3822064,-0.2663266023301384,-1.6346080875068338,-0.2193317340345484
2021-05-19,942.661,0.2486501157646459,-1.8749396010200612,-6.386017,-0.2813684403237905,-1.5935711606962708,-0.2091509877384776
2021-05-20,940.026,-2.3886536488716565,-1.8485583712541236,-6.392191,-0.2961837559595386,-1.5523746152945848,-0.19885268798439
2021-05-21,938.743,-3.6738831091838935,-1.82179806658034,-6.4170356,-0.3107664650219857,-1.511031601558354,-0.1884422722269804
2021-05-22,935.543,-6.876036999606601,-1.794665595755541,-6.418119,-0.3251107206981341,-1.469554875057407,-0.1779252989397762
2021-05-23,936.798,-5.623114054575147,-1.7671677095919138,-6.414071,-0.3392109178044409,-1.427956791787473,-0.1673074447034871
2021-05-24,940.587,-1.8361130085242152,-1.7393110007462735,-6.408032,-0.3530616967358713,-1.3862493040104025,-0.1565945011421179
2021-05-25,941.069,-1.3560325958888018,-1.711101903955761,-6.3958497,-0.3666579471322934,-1.3444439568234672,-0.145792371708213
2021-05-26,940.429,-1.9977296491998509,-1.6825466967162075,-6.369982,-0.3799948112578708,-1.3025518854583369,-0.1349070683187996
2021-05-27,937.806,-4.622351209938902,-1.6536515003987222,-6.368495,-0.3930676870894848,-1.2605838133092373,-0.1239447078437877
2021-05-28,940.49,-1.9398881359383229,-1.6244222817993097,-6.3688583,-0.4058722311105259,-1.2185500506887836,-0.112911508448774
2021-05-29,940.95,-1.481347211651709,-1.5948648551157705,-6.3605523,-0.4184043608068071,-1.1764604943089634,-0.1018137857943879
2021-05-30,944.237,1.8039852914911023,-1.5649848843454228,-6.351175,-0.4306602568616406,-1.1343246274837822,-0.0906579490945024
2021-05-31,942.614,0.179381432320965,-1.5347878860965174,-6.346768,-0.4426363650475481,-1.0921515210489692,-0.0794504970358328
2021-06-01,942.993,0.5567670591951455,-1.5042792328056886,-6.3369455,-0.4543293978124009,-1.0499498349932876,-0.0681980135616169
2021-06-02,946.525,4.0872070689862845,-1.4734641563530224,-6.339317,-0.4657363355581765,-1.007727820794846,-0.0569071635222638
2021-06-03,945.004,2.5647084728410885,-1.442347752065861,-6.3278413,-0.4768544276108813,-0.9654933244549796,-0.0455846881960397
2021-06-04,944.413,1.972191762367808,-1.410934983101782,-6.312773,-0.4876811928805739,-0.923253790221208,-0.0342374006830393
2021-06-05,943.818,1.3755131425556062,-1.3792306852006235,-6.3079734,-0.49821442021081,-0.8810162649898134,-0.0228721811758628
2021-06-06,942.555,0.1109017837141763,-1.3472395717949188,-6.306574,-0.5084521684171806,-0.8387874033777383,-0.0114959721106065
2021-06-07,944.899,2.4535841967645995,-1.3149662394675197,-6.306741,-0.5183927660150256,-0.7965734734524941,-0.0001157732019323
2021-06-08,943.754,1.3070173659011863,-1.2824151737446463,-6.291883,-0.528034810636788,-0.7543803631078583,0.0112613636338423
2021-06-09,938.389,-4.059487185242036,-1.249590755212146,-6.2784457,-0.5373771681398247,-0.7122135870723214,0.0226283394635224
2021-06-10,941.674,-0.7758214794244065,-1.2164972659422024,-6.2787232,-0.5464189714059122,-0.6700782945362902,0.0339780136254219
2021-06-11,948.269,5.818051869936131,-1.18313889621732,-6.2842855,-0.5551596188340293,-0.6279792773832906,0.0453032091169252
2021-06-12,943.961,1.5086333247387462,-1.149519751537886,-6.2791805,-0.563598772528416,-0.5859209790094702,0.0565967180766491
2021-06-13,940.496,-1.9577794646896132,-1.1156438598992735,-6.2736144,-0.5717363561842526,-0.5439075037150212,0.0678513073564757
2021-06-14,942.385,-0.0701134139344161,-1.081515179323945,-6.2617884,-0.5795725526737002,-0.5019426266502448,0.0790597241785758
2021-06-15,946.922,4.465801520655941,-1.0471376056337116,-6.242553,-0.5871078013354073,-0.4600298042983043,0.0902147018724166
2021-06-16,940.479,-1.9784415060281888,-1.0125149804468792,-6.221313,-0.5943427949709625,-0.4181721854759166,0.1013089656865968
2021-06-17,940.431,-2.027387999338467,-0.9776510993847232,-6.203754,-0.6012784765521427,-0.3763726228325804,0.1123352386702292
2021-06-18,940.803,-1.6561461178599477,-0.9425497204713263,-6.1929226,-0.6079160356431561,-0.3346336848281702,0.1232862476184635
2021-06-19,936.195,-6.264835918724046,-0.9072145727106592,-6.19713,-0.6142569045424455,-0.2929576681682135,0.1341547290766218
2021-06-20,938.169,-4.29145621279509,-0.8716493648243516,-6.2067823,-0.6203027541489862,-0.2513466106753654,0.1449334353973089
2021-06-21,940.294,-2.1670058109370016,-0.8358577941334704,-6.211067,-0.6260554895583221,-0.2098023045751482,0.1556151408447409
2021-06-22,946.257,3.795551286907537,-0.7998435555673518,-6.2112827,-0.6315172453939669,-0.1683263101733848,0.1661926477404412
2021-06-23,942.935,0.4731338963166758,-0.7636103507823435,-6.205619,-0.6366903808801015,-0.1269199699022419,0.1766587926443556
2021-06-24,942.122,-0.3402114535984148,-0.7271618973731132,-6.2065473,-0.6415774746618539,-0.0855844227112593,0.1870064525653431
2021-06-25,938.291,-4.171271265145553,-0.6905019381590759,-6.216493,-0.6461813193797357,-0.0443206187793402,0.1972285511949173
2021-06-26,939.177,-3.285232115972227,-0.6536342505283624,-6.231909,-0.6505049160051688,-0.0031293345231936,0.2073180651580358
2021-06-27,943.433,0.9710588526795734,-0.6165626558215936,-6.2479587,-0.6545514679442888,0.0379888121226951,0.2172680302746594
2021-06-28,940.935,-1.526585125400703,-0.579291028737723,-6.2645617,-0.6583243749175606,0.0790333461798376,0.2270715478257493
2021-06-29,938.638,-3.822805596723872,-0.5418233067441677,-6.2843513,-0.6618272266229909,0.1200039198788232,0.2367217908172962
2021-06-30,940.246,-2.213765055742978,-0.5041634994733185,-6.302872,-0.6650637961910283,0.1609002967177097,0.246212010235939
2021-07-01,943.219,0.7603698173338764,-0.4663156980876823,-6.3135924,-0.668038033439488,0.2017223353518056,0.2555355412896802
2021-07-02,941.855,-0.602473894491085,-0.4282840845958279,-6.3231587,-0.6707540579371284,0.2424699733413004,0.2646858096271678
2021-07-03,942.47,0.01357499706983,-0.3900729411013779,-6.329382,-0.6732161518847246,0.2831432107833467,0.2736563375289843
2021-07-04,945.403,2.947666598436629,-0.35168665896743,-6.328566,-0.67542875282275,0.3237420938553199,0.2824407500643687
2021-07-05,940.992,-1.4623343091076069,-0.3131297478788253,-6.3319607,-0.6773964461749815,0.3642666982961562,0.2910327812067648
2021-07-06,937.906,-4.547236484401851,-0.2744068447848461,-6.359174,-0.6791239576375926,0.4047171128527465,0.2994262799016069
2021-07-07,946.606,4.153907910098393,-0.235522722705126,-6.3763127,-0.6806161454234607,0.4450934227183346,0.307615216079723
2021-07-08,939.751,-2.699943592744345,-0.196482299381617,-6.372229,-0.6818779923716624,0.4853956929900453,0.3155936866097769
2021-07-09,942.06,-0.3897033426091534,-0.1572906457598275,-6.3578405,-0.6829145979322533,0.5256239521724257,0.3233559211831516
2021-07-10,942.667,0.2185873762580552,-0.1179529942826115,-6.3621435,-0.6837311700366605,0.565778175754049,0.3308962881247266
2021-07-11,942.291,-0.1560617960968162,-0.0784747469802134,-6.3707137,-0.6843330168641144,0.6058582698839009,0.3382093001230169
2021-07-12,946.139,3.6933567553597175,-0.0388614833403561,-6.369092,-0.6847255385147307,0.6458640551743745,0.3452896198731776
2021-07-13,949.119,6.674667052928779,0.0008810320573301,-6.3527308,-0.6849142185999774,0.6857952506573075,0.3521320656264332
2021-07-14,944.69,2.24695957196568,0.0407468421580932,-6.3439293,-0.6849046157613614,0.7256514579194546,0.3587316166395349
2021-07-15,936.556,-5.885729398097367,0.0807297903151301,-6.3378315,-0.6847023551282939,0.7654321454434241,0.3650834185179119
2021-07-16,947.295,4.854783061279697,0.1208235134537669,-6.3358254,-0.684313119726179,0.805136633179946,0.3711827884462473
2021-07-17,946.109,3.66986706090807,0.161021435531067,-6.339751,-0.6837426418458419,0.844764077376909,0.3770252203002899
2021-07-18,944.112,1.6738042554940455,0.2013167613048733,-6.3326063,-0.6829966943854878,0.8843134556903611,0.3826063896337932
2021-07-19,941.963,-0.4742513414629412,0.2417024704257732,-6.3419566,-0.682081082176418,0.9237835526021914,0.387922158534555
2021-07-20,940.041,-2.395333144486082,0.2821713118651134,-6.345906,-0.68100163330378,0.9631729451688936,0.3929685803436403
2021-07-21,943.61,1.1746241472015129,0.322715798691625,-6.343807,-0.6797641904336416,1.0024799891252667,0.3977419042319636
2021-07-22,944.445,2.010537627109889,0.3633282032088228,-6.3458285,-0.6783746021576892,1.041702805366512,0.4022385796285298
2021-07-23,943.394,0.960303056701993,0.4040005524647788,-6.3506675,-0.6768387143668403,1.0808392668316191,0.40645526049473
2021-07-24,941.333,-1.099948372107503,0.444724624145342,-6.362761,-0.6751623616650445,1.1198869858103866,0.4103888094392413
2021-07-25,939.716,-2.7162078066900577,0.4854919428614123,-6.370361,-0.6733513588345139,1.1588433016959263,0.4140363016681869
2021-07-26,946.215,3.783570472479171,0.5262937768401934,-6.3981624,-0.6714114923635629,1.1977052692037562,0.4173950287653686
2021-07-27,945.603,3.172192914479331,0.5671211350299306,-6.3679447,-0.669348512048189,1.2364696470781196,0.4204625022975156
2021-07-28,940.55,-1.8801471197869115,0.6079647646269347,-6.3460383,-0.6671681226784341,1.275132887305369,0.4232364572396557
2021-07-29,943.007,0.5777461410726801,0.6488151490331358,-6.3364515,-0.6648759758204904,1.313691124853626,0.4257148552158665
2021-07-30,942.248,-0.1802663361904013,0.689662506251845,-6.339149,-0.6624776617053912,1.3521401679572362,0.4278958875508302
2021-07-31,940.285,-2.142084839816361,0.7304967877287126,-6.3425345,-0.6599787012350177,1.3904754889637303,0.4297779781277851
2021-08-01,941.556,-0.8698187398595887,0.7713076776442706,-6.3414707,-0.6573845381160269,1.4286922157602977,0.4313597860486409
2021-08-02,942.632,0.2074473516391917,0.8120845926638343,-6.3504148,-0.6547005311321357,1.46678512379597,0.4326402080922132
2021-08-03,943.08,0.6566048304979213,0.8528166821498327,-6.3519206,-0.6519319465650607,1.5047486287148937,0.4336183809667077
2021-08-04,941.354,-1.068231317320426,0.8934928288409995,-6.350707,-0.6490839507742195,1.542576779615219,0.4342936833527856
2021-08-05,940.881,-1.539899927008776,0.9341016500022298,-6.350262,-0.6461616029451304,1.58026325294736,0.4346657377337415
2021-08-06,942.431,0.011472909128722,0.974631499048188,-6.357263,-0.6431698480162253,1.6178013470644133,0.4347344120095108
2021-08-07,941.454,-0.9641262017115017,1.0150704676430595,-6.36302,-0.6401135097936036,1.6551839774366632,0.4344998208914574
2021-08-08,944.07,1.6533297695963358,1.0554063882782203,-6.365253,-0.6369972842630021,1.6924036725412226,0.4339623270750696
2021-08-09,948.666,6.250620897272676,1.0956268373288849,-6.36933,-0.6338257331080406,1.7294525704369252,0.4331225421879437
2021-08-10,946.316,3.901806355789321,1.135719138590063,-6.3847094,-0.6306032774435469,1.7663224160336095,0.4319813275106259
2021-08-11,941.706,-0.7071479500112585,1.175670367291534,-6.385837,-0.6273341917724893,1.8030045590640236,0.430539794468119
2021-08-12,942.525,0.1129242708248874,1.2154673545908037,-6.3730135,-0.6240225981747949,1.8394899527655983,0.4287993048900888
2021-08-13,944.346,1.9350048207129933,1.2550966925423406,-6.3608885,-0.6206724607360377,1.8757691532783785,0.4267614710380297
2021-08-14,936.537,-5.87302757690281,1.2945447395407184,-6.3555865,-0.6172875802236688,1.9118323197643872,0.4244281553978868
2021-08-15,944.355,1.945985154592258,1.333797626234528,-6.3554797,-0.6138715890181953,1.9476692152527235,0.4218014702368613
2021-08-16,945.475,3.0669958638620063,1.3728412619073622,-6.3509593,-0.6104279463063536,1.983269208213716,0.4188837769233759
2021-08-17,947.084,4.676805696860882,1.4116613413213546,-6.358076,-0.6069599335430435,2.018621274864398,0.4156776850094124
2021-08-18,948.62,6.213601287714683,1.4502433520181983,-6.376581,-0.6034706501884021,2.0537140022066005,0.4121860510746644
2021-08-19,948.006,5.6003361615571885,1.4885725820718057,-6.4029346,-0.5999630097261117,2.0885355917979176,0.4084119773322217
2021-08-20,942.755,0.349963536651829,1.5266341282861813,-6.4193482,-0.5964397359686378,2.123073864254819,0.4043588099957238
2021-08-21,943.897,1.4926262502069862,1.564412904831375,-6.4254327,-0.5929033596547527,2.157316264486128,0.4000301374081751
2021-08-22,942.81,0.4063087087966348,1.601893652309742,-6.4201527,-0.5893562153443371,2.1912498676540797,0.395429787932872
2021-08-23,946.132,3.7290118958233305,1.639060947244117,-6.4036613,-0.5858004386150628,2.22486138585918,0.3905618276071324
2021-08-24,940.55,-1.8523647768890463,1.675899211978859,-6.383155,-0.5822379635651865,2.2581371755440456,0.3854305575597704
2021-08-25,943.594,1.1922784855449713,1.7123927249841266,-6.3491125,-0.5786705206263026,2.291063245610429,0.3800405111935097
2021-08-26,942.351,-0.0505414969866606,1.7485256315530937,-6.335982,-0.5750996346894836,2.323625266242577,0.3743964511337825
2021-08-27,944.189,1.7876482612648,1.7842819548812794,-6.3289933,-0.5715266235478809,2.35580857842916,0.3685033659456084
2021-08-28,946.642,4.240848656888014,1.8196456075165648,-6.3261657,-0.5679525966584053,2.3875982041749704,0.3623664666204937
2021-08-29,942.601,0.2000605864720692,1.8546004031678625,-6.334309,-0.5643784542247284,2.4189788573925908,0.3559911828355483
2021-08-30,945.87,3.4693036538165765,1.8891300688598949,-6.3411098,-0.5608048866034332,2.449934955463328,0.3493831589872536
2021-08-31,946.695,4.294540824314336,1.923218257421036,-6.365914,-0.5572323740347049,2.480450631455741,0.342548250002576
2021-09-01,944.021,1.6206542676258548,1.956848560290534,-6.4118366,-0.5536611866985575,2.510509746989092,0.3354925169303458
2021-09-02,937.991,-4.409249845073504,1.9900045206310848,-6.4285297,-0.5500913850971583,2.540095905728243,0.3282222223160818
2021-09-03,939.211,-3.188997185957094,2.022669646732078,-6.4214544,-0.5465228207633787,2.5691924674954567,0.3207438253636676
2021-09-04,940.205,-2.194709942263453,2.054827425688541,-6.4185467,-0.5429551372953064,2.597782562983847,0.3130639768875322
2021-09-05,944.598,2.1985935532079752,2.086461337340188,-6.4184537,-0.5393877717159897,2.625849109056178,0.3051895140592166
2021-09-06,939.669,-2.730085805510938,2.117554868454707,-6.404913,-0.5358199561572884,2.6533748246119955,0.2971274549524438
2021-09-07,938.032,-4.366504786549694,2.148091527138902,-6.387953,-0.5322507198662633,2.680342247005165,0.2888849928910308
2021-09-08,938.489,-3.908827157187368,2.178054857460969,-6.3673954,-0.5286788915321208,2.7067337489930896,0.2804694906042169
2021-09-09,941.906,-0.4911366885488939,2.207428454266809,-6.3459034,-0.5251031019312941,2.7325315561981034,0.2718884741941902
2021-09-10,945.504,3.1076446175430514,2.2361959781729683,-6.3388424,-0.5215217868878378,2.7577177650608062,0.263149626920821
2021-09-11,941.406,-0.9896750230745583,2.264341170718372,-6.3332934,-0.5179331905458697,2.782274361264241,0.2542607828088169
2021-09-12,945.878,3.4830970811263104,2.291847869656898,-6.320235,-0.514335368950405,2.8061832386073027,0.2452299200827237
2021-09-13,939.592,-2.8022954129961946,2.318700024372368,-6.3193603,-0.5107261939324852,2.829426218304853,0.2360651544354033
2021-09-14,942.082,-0.3114509219294601,2.344881711397411,-6.326202,-0.5071033572941148,2.8519850686915262,0.226774732135803
2021-09-15,945.605,3.212316424651028,2.3703771500173936,-6.321494,-0.5034643752881165,2.87384152530551,0.2173670229820458
2021-09-16,942.927,0.5348871809141134,2.395170717940368,-6.312664,-0.4998065933875854,2.894977311327953,0.2078505131060314
2021-09-17,943.012,0.6205450862839696,2.4192469670138976,-6.3122783,-0.4961271913392773,2.915374158353175,0.1982337976359434
2021-09-18,939.708,-2.682740213012317,2.4425906389693406,-6.337213,-0.4924231884948253,2.9350138274641657,0.1885255732232106
2021-09-19,940.847,-1.5429990012941488,2.465186681174188,-6.3573027,-0.4886914494133406,2.953878130587528,0.178734630440662
2021-09-20,940.025,-2.364212645559,2.487020262372817,-6.3649344,-0.4849286897285477,2.971948952101365,0.1688698460587485
2021-09-21,940.733,-1.655301617280796,2.508076788396009,-6.366422,-0.4811314822732514,2.9892082706692604,0.1589401752068921
2021-09-22,937.829,-4.558274589237861,2.528341917819563,-6.359493,-0.4772962634535773,3.0056381812731408,0.1489546434271449
2021-09-23,944.585,2.1987974555255336,2.547801577552204,-6.3506746,-0.47341933986506,3.021220917417264,0.1389223386274991
2021-09-24,942.202,-0.1831878444966799,2.566441978333072,-6.3455095,-0.4694968951423269,3.035938873475399,0.1288524029423131
2021-09-25,944.248,1.8638156540578616,2.5842496301190714,-6.3298206,-0.4655249970337845,3.049774627152856,0.1187540245074537
2021-09-26,940.45,-1.9332067903788024,2.6012113573424207,-6.33654,-0.4614996046923927,3.0627109620348136,0.1086364291578731
2021-09-27,939.152,-3.230231401528704,2.6173143140187576,-6.3514485,-0.4574165761732985,3.0747308901920563,0.0985088720554348
2021-09-28,944.54,2.158818641057097,2.6325459986863766,-6.3706093,-0.4532716761288103,3.085817674815187,0.0883806292549476
2021-09-29,945.159,2.7787918551079915,2.6468942691571837,-6.382573,-0.4490605836908741,3.0959548528480574,0.0782609892164056
2021-09-30,943.638,1.2586881711807227,2.66034735706015,-6.4109907,-0.4447789005309689,3.105126257591119,0.0681592442715765
2021-10-01,945.752,3.3735589708308287,2.6728938821582418,-6.4312267,-0.4404221590870438,3.1133160412452856,0.0580846820531185
2021-10-02,944.549,2.1714052567450204,2.684522866419988,-6.4383593,-0.4359858309468813,3.120508697366869,0.0480465768945041
2021-10-03,944.516,2.139228031610767,2.6952237478270504,-6.42455,-0.431465335377011,3.126689083204061,0.0380541812090775
2021-10-04,947.817,5.440930617640436,2.704986393899436,-6.406455,-0.4268560479860882,3.131842441885524,0.0281167168566331
2021-10-05,946.826,4.45049631623977,2.713801114920289,-6.4021754,-0.4221533095114175,3.1359544244317066,0.0182433665059486
2021-10-06,943.876,1.5009173902740498,2.721658676842462,-6.3943067,-0.4173524347171119,3.139011111559574,0.0084432650017451
2021-10-07,941.747,-0.6277294886493703,2.728550313859353,-6.3879466,-0.4124487213921737,3.140999035251527,-0.0012745092554356
2021-10-08,941.832,-0.5422578252603154,2.7344677406229523,-6.4609823,-0.4074374594366234,3.1419052000595755,-0.0109009429079055
2021-10-09,937.577,-4.79684482046877,2.7394031640923058,-6.4570518,-0.4023139400236367,3.1417171041159424,-0.0204270962095384
2021-10-10,946.2,3.826546367818652,2.7433492949960145,-6.44319,-0.3970734648254995,3.140422759821514,-0.0298441115559686
2021-10-11,944.364,1.9909010640513416,2.7462993588928617,-6.4521246,-0.3917113552910563,3.1380107141839177,-0.0391432219677663
2021-10-12,950.32,7.94719738612136,2.7482471068149947,-6.4883876,-0.3862229619622353,3.13447006877723,-0.0483157595180698
2021-10-13,946.14,3.767388619611713,2.7491868254786223,-6.540124,-0.3806036738170957,3.129790499295718,-0.0573531636961948
2021-10-14,948.302,5.92954503518258,2.749113347047616,-6.5473437,-0.3748489276267904,3.1239622746744065,-0.066246989698769
2021-10-15,949.28,6.9076776106224616,2.748022058435925,-6.5306435,-0.3689542173137448,3.11697627574967,-0.0749889166399792
2021-10-16,948.128,5.755713095399687,2.7459089101352085,-6.517747,-0.362915103298315,3.1088240134335234,-0.0835707556725767
2021-10-17,949.235,6.862724607079144,2.742770424554589,-6.505164,-0.3567272218211368,3.099497646375726,-0.0919844580113448
2021-10-18,949.627,7.254686641791138,2.738603703860115,-6.5130963,-0.350386294228373,3.088989998088488,-0.100222122850789
2021-10-19,944.704,2.3316026913496386,2.7334064373018205,-6.491868,-0.3438881362070257,3.0772945735088464,-0.1082760051689153
2021-10-20,941.518,-0.8548294354645036,2.7271769080171766,-6.481957,-0.3372286669575455,3.0644055749747223,-0.1161385234090197
2021-10-21,944.75,2.376729050763818,2.7199139993000485,-6.4667754,-0.3304039182909347,3.050317917590984,-0.1238022670315244
2021-10-22,945.784,3.410058150881067,2.711617200325066,-6.5108395,-0.3234100436376357,3.035027243962701,-0.1312600039279953
2021-10-23,941.419,-0.9557128994461608,2.7022866113178057,-6.538084,-0.3162433269555146,3.0185299382733204,-0.1385046876895888
2021-10-24,942.004,-0.3715024032233871,2.6919229481619618,-6.660818,-0.3089001915243589,3.0008231396863208,-0.1455294647222931
2021-10-25,952.625,10.248691283232567,2.680527546435193,-7.1297107,-0.3013772086143695,2.9819047550495625,-0.1523276812014641
2021-10-26,937.757,-4.620252647358337,2.668102364866082,-7.1565275,-0.2936711060162623,2.961773470882344,-0.1588928898582854
2021-10-27,946.313,3.934838339910295,2.654649988205317,-7.159902,-0.2857787764206845,2.940428764626001,-0.1652188565909368
2021-10-28,947.443,5.063892412469174,2.640173629504818,-7.153974,-0.2776972856348301,2.917870915139648,-0.1712995668934025
2021-10-29,944.84,2.45990581821152,2.6246771317993205,-7.1406136,-0.2694238806242605,2.894101012423581,-0.1771292320950054
2021-10-30,953.195,10.813883865145234,2.608164969185537,-7.11249,-0.2609559973681195,2.869120966553657,-0.1827022954039413
2021-10-31,946.675,4.292796273516658,2.590642247294785,-7.0703845,-0.2522912685161232,2.8429335158109086,-0.1880134377482407
2021-11-01,945.043,2.659674156778753,2.57211470315567,-7.04239,-0.2434275308358987,2.815542233991569,-0.1930575834077853
2021-11-02,942.421,0.0364566458620245,2.552588704444107,-7.015678,-0.2343628324394625,2.78695153688357,-0.197829905431187
2021-11-03,943.38,0.9942512428647956,2.532071248118718,-6.994936,-0.2250954397778675,2.7571666878965857,-0.2023258308315412
2021-11-04,948.755,6.36781061954019,2.5105699584403576,-6.9938054,-0.2156238443932872,2.7261938028336448,-0.2065410455552678
2021-11-05,948.618,6.229219614132257,2.488093084375274,-6.963205,-0.2059467694180685,2.6940398537933428,-0.210471499218459
2021-11-06,942.924,0.5335354977450919,2.464649496382044,-6.930084,-0.1960631758105614,2.6607126721926053,-0.2141134096053809
2021-11-07,948.105,5.713086608375137,2.4402486825833605,-6.893533,-0.1859722683178181,2.6262209509011787,-0.2174632669239903
2021-11-08,943.694,1.3005884125006255,2.4149007443242123,-6.8509007,-0.1756735011555605,2.5905742454797727,-0.2205178378135558
2021-11-09,946.275,3.880041731746109,2.388616391119005,-6.8799224,-0.1651665833961308,2.553782974515136,-0.2232741690997176
2021-11-10,935.32,-7.076552612263268,2.3614069349906446,-6.853822,-0.1544514840554602,2.5158584190461046,-0.2257295912925498
2021-11-11,945.366,2.968149510079315,2.3332842842055834,-6.8436637,-0.1435284368704476,2.476812721076031,-0.2278817218234352
2021-11-12,943.295,0.8957989400245401,2.304260936409308,-6.8432164,-0.1323979447584752,2.4366588811677827,-0.2297284680168241
2021-11-13,946.58,4.179416684333543,2.2743499711676822,-6.8198795,-0.1210607839511647,2.395410755118847,-0.2312680297931866
2021-11-14,949.161,6.758976042487127,2.243565041920124,-6.8119287,-0.1095180077948537,2.3530830497149773,-0.2324989020997432
2021-11-15,947.118,4.714481854399974,2.211920367351362,-6.8022685,-0.0977709502106529,2.309691317562015,-0.2334198770658054
2021-11-16,945.113,2.707934996409436,2.179430722189247,-6.7730684,-0.0858212288073436,2.265251950996591,-0.2340300458798483
2021-11-17,946.765,4.358336344853094,2.1461114274367006,-6.741554,-0.0736707476407939,2.219782175077494,-0.2343288003856805
2021-11-18,943.13,0.7216867760679722,2.1119783400466634,-6.7154818,-0.0613216996139689,2.1733000396606323,-0.2343158343953759
2021-11-19,946.528,4.117987166391666,2.0770478420495158,-6.702461,-0.0487765685120634,2.1258244105615787,-0.233991144716892
2021-11-20,941.581,-0.8309596185185191,2.0413368291431158,-6.6730366,-0.0360381306676873,2.0773749598108027,-0.2333550318945905
2021-11-21,946.157,3.743320766918192,2.004862698756269,-6.658512,-0.0231094562515142,2.027972155007783,-0.2324081006611549
2021-11-22,946.287,3.871540572436384,1.96764333759708,-6.641333,-0.0099939101842264,1.9776372477813065,-0.231151260099678
2021-11-23,950.177,7.759700687794286,1.929697108698256,-6.618132,0.0033048473339417,1.926392261364314,-0.2295857235149931
2021-11-24,947.605,5.185802002750474,1.891042837972026,-6.5908833,0.0167828606792937,1.8742599772927324,-0.2277130080136023
2021-11-25,949.452,7.030845407063126,1.8516998002879677,-6.5937834,0.0304358790491584,1.821263921238809,-0.2255349337918398
2021-11-26,945.725,3.3018317904906267,1.8116877050876277,-6.588713,0.0442593570970664,1.767428347990561,-0.2230536231322118
2021-11-27,943.755,1.329762042791207,1.7710266815503053,-6.5746665,0.0582484559604129,1.7127782255898922,-0.2202714991081411
2021-11-28,945.761,3.3335817259271026,1.729737263325026,-6.5629487,0.0723980446819386,1.657339218643087,-0.2171912839976227
2021-11-29,943.26,0.8303455539802251,1.6878403728441973,-6.52847,0.0867027020258599,1.6011376708183374,-0.2138159974066157
2021-11-30,948.379,5.947101274714219,1.645357305234941,-6.4997067,0.1011567186889787,1.5442005865459625,-0.2101489541032661
2021-12-01,950.068,7.633801608848861,1.602309711844668,-6.4797573,0.1157540999066289,1.4865556119380392,-0.2061937615643469
2021-12-02,943.798,1.361447445082316,1.5587195833978178,-6.444461,0.1304885684528069,1.4282310149450108,-0.201954317235615
2021-12-03,941.366,-1.0729603278875648,1.5146092328012557,-6.406821,0.1453535680333302,1.3692556647679257,-0.1974348055080405
2021-12-04,940.972,-1.469365493566433,1.4700012776161708,-6.3728037,0.1603422670703904,1.3096590105457804,-0.192639694412181
2021-12-05,945.637,3.193214384940141,1.4249186222148016,-6.3397927,0.1754475628763357,1.249471059338466,-0.187573732033237
2021-12-06,944.739,2.2926885270663746,1.379384439640604,-6.3189178,0.1906620862140587,1.1887223534265454,-0.1822419426496298
2021-12-07,942.304,-0.1449348331439339,1.3334221531909656,-6.320193,0.205978206240828,1.1274439469501376,-0.1766496225982024
2021-12-08,941.462,-0.9897215356097786,1.2870554177418378,-6.301071,0.2213880358319476,1.0656673819098903,-0.1708023358694403
2021-12-09,946.839,4.384438227558931,1.2403081008339798,-6.4275494,0.2368834372800929,1.0034246635538868,-0.164705909436379
2021-12-10,944.871,2.4135099544588354,1.1932042635408562,-6.4478784,0.252456028365712,0.9407482351751442,-0.1583664283211323
2021-12-11,946.355,3.8944839991687727,1.145768141138458,-6.4538827,0.2680971887933912,0.8776709523450668,-0.1517902304032583
2021-12-12,942.236,-0.2275906122329467,1.0980241235975925,-6.4561453,0.2837980669885799,0.8142260566090124,-0.1449839009744273
2021-12-13,949.825,7.3582869783531955,1.0499967359193936,-6.542893,0.2995495872486159,0.7504471486707776,-0.1379542670441357
2021-12-14,947.637,5.167117629027121,1.0017106183350342,-7.2707043,0.3153424572415106,0.6863681610935235,-0.1307083914014508
2021-12-15,942.892,0.4188889272075675,0.953190506390764,-7.324639,0.3311671758454772,0.6220233305452867,-0.1232535664380365
2021-12-16,942.547,0.0706286389502164,0.9044612109395792,-7.3698125,0.3470140413217528,0.5574471696178265,-0.1155973077379472
2021-12-17,940.561,-1.9186760169397077,0.855547598060918,-7.349033,0.3628731598127733,0.4926744382481446,-0.1077473474399269
2021-12-18,941.873,-0.6098653529934448,0.8064745689299354,-7.339664,0.3787344541573402,0.4277401147725951,-0.0997116273781821
2021-12-19,946.208,3.721986272425665,0.7572670396578935,-7.316193,0.394587673013995,0.3626793666438985,-0.091498292007832
2021-12-20,946.971,4.481751669744682,0.7079499211253535,-7.2849193,0.410422400283345,0.2975275208420084,-0.0831156811214575
2021-12-21,946.977,4.484476962215417,0.658548098829794,-7.255584,0.4262280648197011,0.2323200340100928,-0.0745723223634046
2021-12-22,950.961,8.465163037034591,0.6090864127693206,-7.25077,0.4419939504219788,0.1670924623473417,-0.0658769235486866
2021-12-23,947.657,5.15769881822877,0.5595896373840962,-7.5673146,0.4577092060933887,0.1018804312907074,-0.0570383647935609
2021-12-24,947.94,5.437158741167995,0.5100824615770528,-7.9775743,0.473362856559082,0.0367196050179707,-0.0480656904650347
2021-12-25,945.406,2.89955907607999,0.460589468835361,-8.008369,0.488943813030535,-0.0283543441951739,-0.0389681009567588
2021-12-26,935.501,-7.0091888089532,0.4111351174740273,-8.179526,0.5044408842050783,-0.0933057667310509,-0.0297549442989444
2021-12-27,940.714,-1.7998647136174593,0.361743721022924,-8.291106,0.519842787488646,-0.1580990664657219,-0.0204357076101218
2021-12-28,937.145,-5.372520929955142,0.31243942877822,-8.320388,0.5351381604294666,-0.2226987316512466,-0.0110200083987242
2021-12-29,942.843,0.3220133892935819,0.2632462065392393,-8.448515,0.5503155723500999,-0.2870693658108605,-0.0015175857226429
2021-12-30,937.884,-4.640487728277533,0.2141878175513321,-8.730068,0.5653635361649116,-0.3511757186135795,0.0080617087849439
2021-12-31,938.419,-4.1088752724010575,0.1652878036752691,-8.793091,0.5802705203697801,-0.4149827166945109,0.0177079200150307
2022-01-01,946.589,4.057822030245821,0.1165694668033558,-8.818721,0.5950249611905487,-0.4784554943871928,0.0274109985989402
2022-01-02,938.706,-3.828515194742151,0.0680558505421413,-8.792431,0.6096152748764732,-0.5415594243343318,0.0371608102324753
2022-01-03,939.72,-2.8178627057382086,0.0197697221813724,-8.784895,0.6240298701246535,-0.604260147943281,0.0469471450992334
2022-01-04,939.183,-3.358243497817284,-0.0282664450315615,-8.779293,0.6382571606212172,-0.6665236056527787,0.0567597273841436
2022-01-05,946.242,3.697343377618136,-0.0760304892927522,-8.772122,0.6522855776847943,-0.7283160669775466,0.066588224868186
2022-01-06,941.32,-1.228179755205732,-0.123500577299945,-8.780036,0.6661035829976183,-0.7896041602975633,0.0764222585951587
2022-01-07,943.749,1.1972658167586658,-0.1706552209495662,-8.773773,0.6796996814094172,-0.8503549023589835,0.0862514126012717
2022-01-08,946.551,3.995569847739966,-0.2174732936549426,-8.734228,0.6930624337990686,-0.9105357274540112,0.0960652436982812
2022-01-09,942.351,-0.2083685953608984,-0.2639340462683399,-8.711688,0.7061804699788626,-0.9701145162472024,0.1058532913008024
2022-01-10,943.139,0.5756647483179695,-0.3100171225900824,-8.681314,0.7190425016260692,-1.0290596242161516,0.1156050872883894
2022-01-11,938.799,-3.7683292331411904,-0.3557025744483559,-8.658496,0.7316373352264044,-1.0873399096747602,0.1253101658929224
2022-01-12,941.045,-1.5263496516570143,-0.4009708763338612,-8.627598,0.7439538850138702,-1.1449247613477314,0.1349580736018084
2022-01-13,939.997,-2.57839561914762,-0.4458029395739948,-8.605148,0.7559811858914037,-1.2017841254653985,0.1445383790674746
2022-01-14,939.95,-2.6293542843604207,-0.4901801260317894,-8.586468,0.7677084063166544,-1.257888532348444,0.1540406830136068
2022-01-15,937.815,-4.768333679906548,-0.534084261315343,-8.574788,0.7791248611372305,-1.3132091224525737,0.1634546281285957
2022-01-16,935.165,-7.42223128807273,-0.5774976474841322,-8.580395,0.7902200243596862,-1.3677176718438184,0.1727699089366365
2022-01-17,935.176,-7.415085934162882,-0.6204030752390778,-8.580765,0.8009835418365255,-1.421386617075603,0.1819762816369544
2022-01-18,937.894,-4.700893386014212,-0.6627838355839568,-8.583201,0.8114052438555462,-1.474189079439503,0.1910635739016374
2022-01-19,933.88,-8.718666555153519,-0.7046237309462662,-8.559747,0.8214751576158271,-1.5260988885620934,0.200021694622597
2022-01-20,942.34,-0.2622603148203053,-0.7459070857463542,-8.550899,0.831183519574771,-1.577090605321125,0.2088406435982143
2022-01-21,940.933,-1.6728663463717537,-0.7866187564042001,-8.528826,0.8405207876506374,-1.6271395440548375,0.2175105211502828
2022-01-22,938.33,-4.279483671887833,-0.8267441407740248,-8.495875,0.8494776532651426,-1.6762217940391673,0.2260215376619063
2022-01-23,941.142,-1.47110354924735,-0.8662691869973408,-8.466847,0.8580450532107619,-1.7243142402081026,0.2343640230271014
2022-01-24,943.463,0.8465494817373864,-0.9051804017660244,-8.443014,0.8662141813275379,-1.7713945830935622,0.2425284360029077
2022-01-25,943.015,0.3951822921382204,-0.9434648579874422,-8.414437,0.8739764999743356,-1.8174413579617776,0.2505053734549157
2022-01-26,942.167,-0.4562001330286565,-0.9811102018444774,-8.372772,0.8813237512796397,-1.8624339531241167,0.2582855794872082
2022-01-27,936.864,-5.762596772324571,-1.0181046592439678,-8.32498,0.8882479681571893,-1.906352627401157,0.2658599544478257
2022-01-28,940.204,-2.4260066043111657,-1.054437041647851,-8.281848,0.8947414850719582,-1.9491785267198087,0.2732195638009642
2022-01-29,939.795,-2.838416714631398,-1.0900967512819155,-8.2365675,0.9007969485421796,-1.990893699824095,0.2803556468572687
2022-01-30,939.998,-2.638838303298903,-1.125073785717859,-8.206999,0.9064073273633864,-2.031481113081245,0.2872596253536809
2022-01-31,943.916,1.275779215638492,-1.1593587418250906,-8.199262,0.9115659225406888,-2.0709246643657795,0.2939231118744733
2022-02-01,937.54,-5.103861639792804,-1.192942819089433,-8.175828,0.9162663769157778,-2.1092091960052106,0.3003379181052295
2022-02-02,944.092,1.4444837229927163,-1.2258178222965372,-8.181031,0.9205026844754384,-2.146320506771976,0.3064960629117046
2022-02-03,940.128,-2.523250922793313,-1.257976163578756,-8.193758,0.9242691993286964,-2.1822453629074525,0.3123897802356545
2022-02-04,940.896,-1.758998537449436,-1.2894108638247102,-8.181633,0.927560644339996,-2.216971508164706,0.3180115267999012
2022-02-05,938.594,-4.064758137053339,-1.3201155534517546,-8.152816,0.9303721194062098,-2.2504876728579646,0.3233539896150902
2022-02-06,938.623,-4.039516844764494,-1.3500844725421075,-8.108162,0.9326991093655936,-2.282783581907701,0.328410093280774
2022-02-07,936.338,-6.32818100761259,-1.379312470344274,-8.071221,0.9345374915272124,-2.3138499618714867,0.3331730070736625
2022-02-08,937.574,-5.095656385347445,-1.4077950041420373,-8.04025,0.9358835428097384,-2.343678546951776,0.3376361518160823
2022-02-09,939.13,-3.543134606454977,-1.4355281374940898,-8.011084,0.9367339464789134,-2.3722620839730038,0.341793206517901
2022-02-10,943.871,1.1943853598571117,-1.4625085378480402,-7.986161,0.937085798473444,-2.3995943363214844,0.345638114785384
2022-02-11,939.076,-3.6043430290026,-1.4887334735333055,-7.9559402,0.9369366133094568,-2.4256700868427625,0.3491650909906899
2022-02-12,940.203,-2.48107518044826,-1.514200810138091,-7.9121757,0.9362843295541676,-2.4504851396922587,0.3523686261959256
2022-02-13,938.899,-3.788612089874105,-1.5389090062763489,-7.870174,0.935127314859815,-2.474036321136164,0.3552434938259391
2022-02-14,940.606,-2.085145393308899,-1.5628571087513463,-7.837823,0.9334643705494446,-2.496321479300791,0.3577847550842494
2022-02-15,941.898,-0.7965079119372653,-1.5860447471231371,-7.841671,0.9312947357465596,-2.517339482869697,0.3599877641067845
2022-02-16,940.965,-1.7330264185476825,-1.608472127687895,-7.826232,0.9286180910412088,-2.537090218729104,0.3618481728483349
2022-02-17,938.903,-3.798372069248845,-1.630140026877809,-7.822409,0.925434561685548,-2.555574588563357,0.3633619356969041
2022-02-18,938.96,-3.744505255134137,-1.6510497840907952,-7.783589,0.9217447203124564,-2.572794504403252,0.364525313811392
2022-02-19,942.185,-0.5225580094212132,-1.6712032939600354,-7.744711,0.9175495891713288,-2.588752883131364,0.3653348791783199
2022-02-20,944.779,2.0683490138792653,-1.690602998073906,-7.714712,0.9128506418756704,-2.603453639949576,0.3657875183835806
2022-02-21,941.606,-1.1079351902503003,-1.7092518761575155,-7.716016,0.9076498046577092,-2.616901680815225,0.3658804360954772
2022-02-22,938.151,-4.566190644734213,-1.7271534367276686,-7.7506742,0.901949457125776,-2.6291028938534446,0.3656111582555841
2022-02-23,941.254,-1.4664285249801718,-1.744311707233711,-7.81783,0.8957524325207791,-2.6400641397544904,0.3649775349742652
2022-02-24,945.445,2.7213522168657267,-1.7607312236971804,-7.792257,0.8890620174686519,-2.649793241165832,0.3639777431279556
2022-02-25,942.171,-0.5560254198278711,-1.7764170198638616,-7.762166,0.8818819512262767,-2.6582989710901384,0.3626102886556169
2022-02-26,940.882,-1.848584535964613,-1.7913746158823176,-7.72784,0.8742164244188987,-2.665591040301216,0.3608740085520644
2022-02-27,935.934,-6.799933469471153,-1.805610006523531,-7.70432,0.8660700772677226,-2.6716800837912533,0.358768072556155
2022-02-28,938.787,-3.9500977026198663,-1.8191296489567617,-7.6953893,0.8574479973068918,-2.6765776462636537,0.3562919845321292
2022-03-01,940.236,-2.5040376283137684,-1.831940450097222,-7.672483,0.8483557165897136,-2.680296166686936,0.353445583542703
2022-03-02,941.505,-1.2378852815808772,-1.844049753541708,-7.6390285,0.8387992083845467,-2.6828489619262545,0.3502290446127934
2022-03-03,941.79,-0.9556877211945008,-1.8554653261086416,-7.6075683,0.8287848833614084,-2.6842502094700498,0.3466428791830693
2022-03-04,936.906,-5.842456083774152,-1.866195343999531,-7.655639,0.8183195852709273,-2.684514929270458,0.3426879352528312
2022-03-05,941.511,-1.2401892826778314,-1.8762483785991804,-7.675855,0.8074105861178962,-2.6836589647170763,0.3383653972120051
2022-03-06,944.648,1.8941137687374765,-1.885633381932428,-7.6520166,0.796065580832272,-2.6816989627647003,0.3336767853623605
2022-03-07,940.3,-2.456619439933423,-1.894359671795494,-7.6210365,0.7842926814410801,-2.6786523532365742,0.3286239551283487
2022-03-08,939.649,-3.110315573209818,-1.902436916580408,-7.583412,0.7721004107452774,-2.6745373273256847,0.3232090959582671
2022-03-09,941.816,-0.9459735553967316,-1.9098751198112789,-7.5527253,0.7594976955062325,-2.669372815317512,0.3174347299167539
2022-03-10,943.585,0.8202074630720944,-1.916684604411472,-7.526731,0.7464938591470753,-2.663178463558548,0.3113037099699232
2022-03-11,941.125,-1.6428855356437184,-1.9228759967210325,-7.4894805,0.7330986139747678,-2.6559746106958,0.3048192179647361
2022-03-12,939.484,-3.286943199231934,-1.9284602102839248,-7.4533544,0.7193220529293257,-2.64778226321325,0.2979847623045168
2022-03-13,938.424,-4.349964527976571,-1.93344842942493,-7.424214,0.705174640867234,-2.638623070292164,0.2908041753227998
2022-03-14,943.802,1.0250514778382591,-1.937852092636156,-7.378885,0.6906672053866295,-2.628519298022786,0.2832816103580026
2022-03-15,934.877,-7.903087883707746,-1.9416828757933973,-7.3766966,0.6758109272024512,-2.617493802995849,0.275421538531702
2022-03-16,943.401,0.6179539848060367,-1.9449526752226125,-7.35332,0.6606173300802808,-2.605570005302893,0.2672287452335653
2022-03-17,937.926,-4.860248652849627,-1.947673590637056,-7.3458247,0.6450982703381888,-2.5927718609752444,0.2587083263163007
2022-03-18,946.181,3.3915884789036648,-1.94985790796554,-7.325409,0.6292659259264133,-2.579123833891953,0.2498656840042376
2022-03-19,943.605,0.8124084449180424,-1.9515180820925144,-7.313268,0.613132785095283,-2.564650867187797,0.240706522519453
2022-03-20,938.859,-3.9368191361068297,-1.952666719530644,-7.3155446,0.5967116346622834,-2.549378354192928,0.231236843429606
2022-03-21,945.659,2.859996920117922,-1.9533165610465453,-7.2970343,0.5800155478897172,-2.533332108936263,0.2214629407219359
2022-03-22,939.305,-3.497290565000627,-1.953480464260476,-7.304764,0.5630578719849055,-2.516538336245381,0.2113913956081129
2022-03-23,938.969,-3.8365310152385774,-1.9531713862405655,-7.27674,0.5458522152353714,-2.4990236014759373,0.2010290710649227
2022-03-24,946.451,3.64232296662035,-1.9524023661123189,-7.221023,0.528412433791936,-2.4808147999042545,0.1903831061159843
2022-03-25,947.172,4.360112303693907,-1.951186507703864,-7.157957,0.5107526181131375,-2.4619391258170014,0.1794609098599733
2022-03-26,942.04,-0.7751260352154379,-1.949536962247493,-7.100617,0.4928870790848218,-2.442424041332315,0.1682701552510512
2022-03-27,943.044,0.2256631836352856,-1.9474669111577652,-7.051467,0.474830333829218,-2.4222972449869835,0.1568187726374455
2022-03-28,945.709,2.887422617034355,-1.9449895489064093,-7.335392,0.4565970912182279,-2.4015866401246373,0.1451149430643439
2022-03-29,938.543,-4.281832251770048,-1.9421180660140216,-7.3789616,0.4382022371060798,-2.380320303120101,0.1331670913475018
2022-03-30,933.378,-9.450032015944837,-1.9388656321784024,-7.356699,0.4196608192968868,-2.358526451475289,0.1209838789241663
2022-03-31,941.095,-1.7361758204928623,-1.935245379559109,-7.3173203,0.4009880322630481,-2.336233411822157,0.1085741964881434
2022-04-01,941.894,-0.94026281041646,-1.9312703862376277,-7.260698,0.3821992016307675,-2.313469587868395,0.0959471564160232
2022-04-02,937.569,-5.26835514242558,-1.9269536598722248,-7.212415,0.3633097684493473,-2.290263428321572,0.0831120849917858
2022-04-03,943.868,1.0276093379099065,-1.922308121566301,-7.1751328,0.344335273261211,-2.266643394827512,0.0700785144371877
2022-04-04,943.817,0.9733055581534886,-1.9173465899687612,-7.167157,0.3252913399899403,-2.242637929958702,0.0568561747555201
2022-04-05,944.583,1.7357231713311003,-1.9120817656245437,-7.154347,0.3061936596638981,-2.2182754252884416,0.0434549853964945
2022-04-06,943.266,0.4149801463726836,-1.9065262155931495,-7.121628,0.2870579739932798,-2.1935841895864296,0.0298850467501777
2022-04-07,940.531,-2.323801186396868,-1.9006923583525768,-7.0754633,0.2679000588186885,-2.168592417171266,0.0161566314780577
2022-04-08,943.52,0.6614720359063071,-1.8945924490057608,-7.033913,0.24873570744957,-2.143328156455331,0.0022801756894677
2022-04-09,945.218,2.3551357988680923,-1.8882385648060815,-6.99829,0.2295807139110461,-2.117819278717128,-0.0117337300282642
2022-04-10,946.206,3.338799772930261,-1.881642591018229,-6.971883,0.2104508561178842,-2.092093447136113,-0.0258743497174421
2022-04-11,945.797,2.925428089293847,-1.874816207130079,-7.0059137,0.1913618789945108,-2.066178086124589,-0.0401308112867793
2022-04-12,942.461,-0.4150055871184346,-1.8677708734309135,-7.0269938,0.1723294775601226,-2.0401003509910365,-0.0544921158685962
2022-04-13,948.086,5.205625468849021,-1.8605178179708013,-7.041008,0.1533692799980865,-2.013887097968888,-0.0689471472875954
2022-04-14,942.862,-0.0227697664831882,-1.8530680239153492,-7.048457,0.1344968307289173,-1.9875648546442668,-0.0834846816322745
2022-04-15,949.799,6.909881000395852,-1.8454322173096411,-7.029095,0.1157275735062058,-1.9611597908158471,-0.0980933969199558
2022-04-16,938.851,-4.042557060775018,-1.8376208552646285,-7.0682836,0.0970768345549472,-1.934697689819576,-0.1127618828463322
2022-04-17,936.876,-6.021915408871609,-1.829644114578553,-7.048532,0.0785598057717422,-1.9082039203502952,-0.1274786506103541
2022-04-18,940.422,-2.4801765894836514,-1.8215118808056248,-7.0257096,0.0601915280063682,-1.881703408811993,-0.1422321428052324
2022-04-19,942.366,-0.5403492124480582,-1.813233737783445,-7.021857,0.0419868744442159,-1.855220612227661,-0.1570107433662742
2022-04-20,939.501,-3.409439932197236,-1.804818957630102,-7.00508,0.0239605341090614,-1.8287794917391635,-0.1718027875662302
2022-04-21,940.255,-2.659448236133196,-1.7962764912213427,-7.0134974,0.0061269955055765,-1.8024034867269192,-0.1865965720488033
2022-04-22,934.125,-8.793373611658337,-1.7876149591575,-7.1262465,-0.0114994695790645,-1.7761154895784357,-0.2013803648909428
2022-04-23,943.788,0.8657907270144207,-1.778842643229322,-7.1287274,-0.0289048220952507,-1.7499378211340713,-0.2161424156845341
2022-04-24,944.546,1.6198839117187849,-1.7699674783911563,-7.1028337,-0.0460752715535251,-1.7238922068376312,-0.2308709656280998
2022-04-25,941.727,-1.2029704899304186,-1.7609970452493422,-7.077943,-0.0629972916307344,-1.6979997536186078,-0.2455542576191177
2022-04-26,939.061,-3.8727344659795886,-1.7519385630729756,-7.0454473,-0.0796576355408914,-1.672280927532084,-0.2601805463375975
2022-04-27,938.01,-4.92730741902887,-1.7427988833336088,-7.0112944,-0.096043351152133,-1.6467555321814755,-0.2747381083115611
2022-04-28,942.879,-0.0617688196986314,-1.7335844837797,-6.98989,-0.1121417958313245,-1.6214426879483756,-0.2892152519551241
2022-04-29,945.198,2.25369443345666,-1.724301463051063,-6.971107,-0.1279406509981279,-1.596360812052935,-0.3036003275699034
2022-04-30,941.465,-1.4827817509969154,-1.7149555358378077,-6.9779015,-0.1434279363705724,-1.571527599467235,-0.3178817373005405
2022-05-01,942.373,-0.5781570462561127,-1.7055520285876349,-6.9857087,-0.1585920238844704,-1.5469600047031644,-0.3320479450351868
2022-05-02,939.933,-3.0214309823479013,-1.6960958757646376,-7.0017924,-0.1734216512692938,-1.5226742244953435,-0.3460874862418613
2022-05-03,942.342,-0.6155856516551639,-1.686591616662121,-7.0029535,-0.1879059352634486,-1.4986856813986726,-0.3599889777316826
2022-05-04,936.31,-6.650637547999617,-1.6770433927712185,-6.987911,-0.2020343844522415,-1.4750090083189769,-0.3737411273400561
2022-05-05,940.348,-2.6155861988258344,-1.667454945706444,-7.001085,-0.2157969117121635,-1.4516580339942804,-0.387332743516995
2022-05-06,940.96,-2.006431131578119,-1.6578296156886192,-7.001274,-0.2291838462455219,-1.4286457694430972,-0.4007527448178646
2022-05-07,940.456,-2.5131718737014,-1.6481703405849115,-6.9897804,-0.2421859451898263,-1.4059843953950852,-0.4139901692859448
2022-05-08,943.5,0.5281920473602186,-1.6384796555050891,-6.989175,-0.2547944047867805,-1.3836852507183086,-0.4270341837183374
2022-05-09,943.185,0.2106239959749878,-1.628759692952384,-6.9912915,-0.267000871096144,-1.36175882185624,-0.439874092806864
2022-05-10,942.704,-0.2730005058913543,-1.6190121835267055,-6.974137,-0.2787974502402077,-1.3402147332864978,-0.4524993481457527
2022-05-11,938.274,-4.705544551477067,-1.609238457177225,-6.9540114,-0.2901767181650898,-1.319061739012135,-0.4648995570980372
2022-05-12,938.844,-4.137976671010743,-1.5994394450008171,-6.9426794,-0.3011317299055488,-1.2983077150952682,-0.4770644915127766
2022-05-13,946.977,3.992703573069978,-1.589615681582001,-6.9442263,-0.3116560283405419,-1.2779596532414592,-0.4889840962853264
2022-05-14,943.087,0.1002956751907362,-1.5797673078695806,-6.9264436,-0.3217436524272614,-1.2580236554423192,-0.5006484977531014
2022-05-15,945.072,2.082926306130802,-1.569894074584362,-6.8940563,-0.3313891449019352,-1.2385049296824266,-0.5120480119194086
2022-05-16,941.107,-1.8845108149582703,-1.5599953461518383,-6.863335,-0.3405875594362466,-1.2194077867155917,-0.5231731524981444
2022-05-17,937.142,-5.851828379012219,-1.5500701051529744,-6.8283777,-0.3493344672387901,-1.2007356379141845,-0.5340146387723126
2022-05-18,937.353,-5.643026017776407,-1.5401169572857794,-6.799785,-0.3576259630915695,-1.18249099419421,-0.5445634032595359
2022-05-19,937.995,-5.003103362995441,-1.5301341368295525,-6.794289,-0.3654586708121708,-1.1646754660173817,-0.5548105991779214
2022-05-20,941.659,-1.3410600464144933,-1.5201195126033038,-6.7902107,-0.3728297481328242,-1.1472897644704796,-0.5647476077058654
2022-05-21,935.138,-7.863895699778505,-1.5100705944090809,-6.780464,-0.3797368909882228,-1.130333703420858,-0.5743660450295731
2022-05-22,938.492,-4.511609954832366,-1.499984539950555,-6.761625,-0.3861783372046163,-1.1138062027459386,-0.5836577691723182
2022-05-23,938.287,-4.718202443320882,-1.489858162216493,-6.7603507,-0.3921528695833093,-1.0977052926331838,-0.5926148865996663
2022-05-24,938.529,-4.477672796989259,-1.4796879373183356,-6.7925634,-0.3976598183724147,-1.0820281189459209,-0.6012297585951333
2022-05-25,944.94,1.9319793524177653,-1.4694700127705624,-6.802173,-0.4026990631213271,-1.0667709496492352,-0.60949500740098
2022-05-26,939.022,-3.987741050996399,-1.459200216201897,-6.782542,-0.4072710339131157,-1.0519291822887813,-0.6174035221190811
2022-05-27,942.559,-0.4523350752671264,-1.4488740644851248,-6.769191,-0.411376711970693,-1.0374973525144318,-0.6249484643670601
2022-05-28,941.79,-1.2228922182055555,-1.438486773272624,-6.778056,-0.4150176296333193,-1.0234691436393046,-0.6321232736851139
2022-05-29,941.48,-1.5343203566733823,-1.4280332669243772,-6.7915297,-0.4181958697007255,-1.0098373972236516,-0.638921672689226
2022-05-30,949.541,6.525380789339131,-1.4175081888147751,-6.808676,-0.4209140641428298,-0.9965941246719454,-0.645337671966703
2022-05-31,942.961,-0.0557897930652533,-1.4069059120040344,-6.802848,-0.4231753921737414,-0.9837305198302928,-0.651365574710238
2022-06-01,946.66,3.6418017670954654,-1.3962205502597618,-6.792946,-0.4249835776894815,-0.9712369725702804,-0.6569999810869641
2022-06-02,943.759,0.7394094667598532,-1.3854459694137098,-6.776698,-0.426342886069555,-0.9591030833441548,-0.6622357923392285
2022-06-03,944.913,1.891871283467819,-1.3745757990384997,-6.760705,-0.42725812034325,-0.9473176786952496,-0.6670682146140857
2022-06-04,940.697,-2.325776802513854,-1.3636034444286578,-6.747554,-0.4277346167222616,-0.9358688277063962,-0.671492762518768
2022-06-05,943.017,-0.0070491746411578,-1.3525220988700872,-6.7677794,-0.4277782395019763,-0.924743859368111,-0.675505262399681
2022-06-06,943.623,0.5977991299600154,-1.3413247561816914,-6.767904,-0.4273953753344667,-0.9139293808472246,-0.6791018553427285
2022-06-07,939.507,-3.5204316858240663,-1.3300042235126612,-6.7625504,-0.4265929268770108,-0.9034112966356505,-0.6822789998930516
2022-06-08,940.116,-2.9132577693404977,-1.3185531343786956,-6.75477,-0.425378305820628,-0.8931748285580676,-0.6850334744925494
2022-06-09,942.708,-0.3228946169825368,-1.3069639619200764,-6.7341638,-0.4237594253039059,-0.8832045366161705,-0.6873623796338107
2022-06-10,943.341,0.3085926958969995,-1.295229032364449,-6.719052,-0.4217446917180702,-0.8734843406463788,-0.6892631397293756
2022-06-11,938.284,-4.750076817815273,-1.2833405386768624,-6.703539,-0.4193429959100067,-0.8639975427668556,-0.6907335046955135
2022-06-12,934.929,-8.10633723726502,-1.2712905543794977,-6.709358,-0.4165637037906231,-0.8547268505888743,-0.69177155124999
2022-06-13,942.661,-0.375404083003616,-1.2590710475233535,-6.7271733,-0.4134166463566844,-0.8456544011666693,-0.692375683923564
2022-06-14,943.159,0.121617797602151,-1.2466738947940543,-6.7489057,-0.4099121091349335,-0.8367617856591208,-0.6925446357852313
2022-06-15,941.394,-1.6444033541804934,-1.2340908957338,-6.76161,-0.4060608210580084,-0.8280300746757916,-0.6922774688815158
2022-06-16,942.481,-0.5580130490404898,-1.22131378706142,-6.7509055,-0.4018739427823754,-0.8194398442790447,-0.6915735743903718
2022-06-17,942.293,-0.7467148356149149,-1.2083342570724789,-6.72987,-0.3973630544591436,-0.8109712026133352,-0.6904326724905361
2022-06-18,941.777,-1.2634199101136463,-1.1951439601012654,-6.7209296,-0.3925401429693285,-0.802603817131937,-0.6888548119474429
2022-06-19,941.529,-1.5119525047982547,-1.181734531026536,-6.7204914,-0.3874175886357644,-0.7943169423907717,-0.68684036941708
2022-06-20,940.802,-2.2393010200864643,-1.1680975998028904,-6.709338,-0.3820081514245409,-0.7860894483783495,-0.6843900484694243
2022-06-21,944.149,1.107534439125362,-1.1542248059996738,-6.70671,-0.3763249566494432,-0.7778998493502306,-0.6815048783333729
2022-06-22,946.978,3.9363795264032415,-1.140107813329397,-6.7526,-0.3703814801935278,-0.7697263331358691,-0.6781862123653257
2022-06-23,948.377,5.335056675060889,-1.1257383241476493,-6.7303553,-0.3641915332625586,-0.7615467908850907,-0.6744357262438553
2022-06-24,948.301,5.258829516236768,-1.1111080939067062,-6.699518,-0.3577692466856256,-0.7533388472210805,-0.6702554158931325
2022-06-25,941.798,-1.2446856509664546,-1.0962089455450468,-6.6799703,-0.3511290547788543,-0.7450798907661924,-0.665647595138042
2022-06-26,943.427,0.3839643445857321,-1.0810327837952145,-6.6690774,-0.3442856787886747,-0.7367471050065395,-0.6606148930941593
2022-06-27,945.753,2.709522585211157,-1.0655716093925531,-6.64511,-0.337254109931664,-0.7283174994608892,-0.655160251296007
2022-06-28,950.328,7.283998993730536,-1.0498175331676058,-6.6165867,-0.3300495920485197,-0.7197679411190862,-0.6492869205672422
2022-06-29,945.375,2.330046684019602,-1.0337627900051078,-6.6150303,-0.3226876038902121,-0.7110751861148956,-0.6429984576366634
2022-06-30,946.351,3.3048019727454045,-1.0173997526527725,-6.6092534,-0.3151838410548866,-0.7022159115978859,-0.6362987215041577
2022-07-01,943.398,0.3502786089960006,-1.000720945363314,-6.5970073,-0.3075541975945399,-0.693166747768774,-0.6291918695609142
2022-07-02,944.409,1.3596259664540478,-0.9837190573533676,-6.5953226,-0.2998147473109611,-0.6839043100424065,-0.621682353468473
2022-07-03,941.826,-1.2248646392193434,-0.9663869560633456,-6.590118,-0.2919817247608631,-0.6744052313024823,-0.6137749148013739
2022-07-04,943.245,0.1924704978129661,-0.948717700202487,-6.5867763,-0.2840715059905405,-0.6646461942119465,-0.6054745804583794
2022-07-05,945.928,2.8737309961891957,-0.9307045525637084,-6.5907164,-0.2761005890207945,-0.6546039635429141,-0.5967866578474517
2022-07-06,941.791,-1.265091417641468,-0.9123409925932504,-6.582319,-0.2680855741032192,-0.6442554184900311,-0.5877167298498551
2022-07-07,943.285,0.2271653539344695,-0.8936207287003926,-6.5786114,-0.2600431437693136,-0.633577584931079,-0.5782706495689437
2022-07-08,942.08,-0.9797735424748816,-0.874537710292961,-6.5632396,-0.2519900426941922,-0.6225476675987688,-0.568454534869379
2022-07-09,936.113,-6.948464890481584,-0.8550861395246759,-6.540822,-0.2439430573969854,-0.6111430821276904,-0.5582747627126959
2022-07-10,942.655,-0.4078989393801047,-0.8352604827408849,-6.5346746,-0.2359189958002873,-0.5993414869405975,-0.5477379632953032
2022-07-11,942.492,-0.5722329035172056,-0.8150554816095347,-6.52004,-0.2279346666712667,-0.5871208149382678,-0.536851013995173
2022-07-12,941.564,-1.5017292407650782,-0.7944661639247894,-6.502024,-0.220006858967303,-0.5744593049574864,-0.5256210331336207
2022-07-13,943.454,0.3871818747286593,-0.7734878540710461,-6.4798503,-0.212152321109189,-0.5613355329618571,-0.5140553735587312
2022-07-14,948.764,5.6962574574688185,-0.7521161831356923,-6.4636955,-0.2043877402051377,-0.5477284429305546,-0.5021616160571237
2022-07-15,945.872,2.803412449798948,-0.7303470986592724,-6.459904,-0.1967297212489914,-0.5336173774102809,-0.4899475626008887
2022-07-16,942.25,-0.8194684090004287,-0.7081768740123707,-6.4555297,-0.1891947663161438,-0.5189821076962269,-0.4774212294366399
2022-07-17,941.663,-1.4071505258129031,-0.6856021173888982,-6.4419966,-0.1817992537808048,-0.5038028636080933,-0.464590840023765
2022-07-18,948.486,5.415338849394986,-0.6626197804061068,-6.434671,-0.1745594175783009,-0.4880603628278058,-0.4514648178290521
2022-07-19,939.282,-3.7890620448713968,-0.6392271663020378,-6.415436,-0.1674913265361718,-0.4717358397658659,-0.4380517789849764
2022-07-20,939.492,-3.5791813979371625,-0.6154219377217527,-6.388869,-0.1606108637978213,-0.4548110739239314,-0.4243605248190304
2022-07-21,943.089,0.0179796692635427,-0.5912021240842024,-6.3672566,-0.1539337063625165,-0.4372684177216858,-0.4104000342615669
2022-07-22,943.945,0.8739300601158488,-0.5665661285221157,-6.357428,-0.1474753047654595,-0.4190908237566562,-0.3961794561396973
2022-07-23,941.785,-1.2861413248621745,-0.541512734387896,-6.3466783,-0.1412508629216205,-0.4002618714662754,-0.3817081013648662
2022-07-24,940.333,-2.73845636638268,-0.5160411113189827,-6.350851,-0.1352753181569517,-0.3807657931620309,-0.3669954350217861
2022-07-25,939.136,-3.935530158552166,-0.4901508208568482,-6.374925,-0.1295633214504497,-0.3605874994063985,-0.3520510683664608
2022-07-26,936.146,-6.925287350613508,-0.4638418216142261,-6.383573,-0.1241292179104451,-0.3397126037037809,-0.336884750741093
2022-07-27,942.316,-0.754675815722262,-0.4371144739858453,-6.383582,-0.1189870275082974,-0.3181274464775478,-0.3215063614136842
2022-07-28,945.851,2.780936031516341,-0.4099695443984605,-6.399821,-0.1141504260925078,-0.2958191183059527,-0.3059259013501922
2022-07-29,943.669,0.5994397028371763,-0.3824082090966203,-6.4236746,-0.1096327267060282,-0.272775482390592,-0.2901534849271134
2022-07-30,942.784,-0.2850450924199599,-0.3544320574611176,-6.4394145,-0.1054468612293152,-0.2489851962318024,-0.2741993315923852
2022-07-31,941.69,-1.3784141912088694,-0.3260430948577422,-6.458704,-0.1016053623713944,-0.2244377324863477,-0.2580737574825
2022-08-01,944.872,1.804231684100218,-0.297243745014442,-6.4643245,-0.0981203460309225,-0.1991233989835194,-0.2417871670037298
2022-08-02,941.104,-1.962930881173663,-0.2680368519257095,-6.4568257,-0.0950034940488928,-0.1730333578768166,-0.2253500443853449
2022-08-03,943.144,0.0780666203712643,-0.2384256812834598,-6.440218,-0.0922660373743022,-0.1461596439091576,-0.2087729452126949
2022-08-04,944.64,1.5752885165737125,-0.2084139214343797,-6.432905,-0.0899187396637136,-0.118495181770666,-0.1920664879479894
2022-08-05,942.067,-0.9979656117358724,-0.1780056838641676,-6.47593,-0.0879718813352479,-0.0900338025289196,-0.1752413454465958
2022-08-06,939.857,-3.2080492616317,-0.1472055032098493,-6.465618,-0.086435244097141,-0.0607702591127083,-0.1583082364766139
2022-08-07,944.262,1.1968244457192512,-0.1160183368017081,-6.445995,-0.0853180959705189,-0.0307002408311891,-0.1412779172494501
2022-08-08,952.085,9.019669315006803,-0.0844495637371013,-6.433085,-0.0846291768256131,0.0001796130885117,-0.1241611729690498
2022-08-09,947.382,4.316735373959876,-0.0525049834889573,-6.4218187,-0.0843766844501123,0.0318717009611549,-0.1069688094073915
2022-08-10,943.617,0.5521210704226513,-0.0201908140522574,-6.4240513,-0.0845682611678629,0.0643774471156054,-0.0897116445137655
2022-08-11,941.418,-1.64617585454298,0.0124863103676082,-6.4202056,-0.0852109810255611,0.0976972913931694,-0.0724005000652871
2022-08-12,941.39,-1.6730614546880291,0.0455193421201721,-6.4115963,-0.0863113375645443,0.1318306796847165,-0.0550461933660059
2022-08-13,940.159,-2.902923246197483,0.0789008233239256,-6.4045925,-0.087875232194205,0.1667760555181306,-0.0376595290018826
2022-08-14,951.667,8.60652625279544,0.1126228895236401,-6.3994236,-0.0899079631829308,0.202530852706571,-0.0202512906588033
2022-08-15,942.877,-0.1827411144636874,0.1466772737848812,-6.4175024,-0.0924142152818775,0.2390914890667587,-0.0028322330106928
2022-08-16,943.493,0.4344391436349788,0.1810553112193057,-6.4314094,-0.0953980499962296,0.2764533612155353,0.0145869263153204
2022-08-17,938.613,-4.4443471572373285,0.2157479439336604,-6.447876,-0.0988628965179341,0.3146108404515945,0.0319955146898579
2022-08-18,944.844,1.7881423653845374,0.2507457263950564,-6.4587865,-0.1028115433332448,0.3535572697283012,0.0493829123416563
2022-08-19,944.593,1.5388017315463882,0.2860388312045508,-6.4651384,-0.1072461305176732,0.393284961722224,0.066738560120775
2022-08-20,945.853,2.8006114484603764,0.3216170552706157,-6.486817,-0.1121681427302877,0.4337851980009034,0.0840519671582078
2022-08-21,944.4,1.349871315623684,0.3574698263736773,-6.497522,-0.1175784029185181,0.4750482292921955,0.1013127184156063
2022-08-22,937.492,-5.5554695043936855,0.3935862101123822,-6.4991827,-0.1234770667439248,0.517063276856307,0.1185104821189768
2022-08-23,944.637,1.5926552479745535,0.4299549172219797,-6.507086,-0.1298636177386074,0.5598185349605871,0.135635017070364
2022-08-24,941.224,-1.816757005099836,0.4665643112546457,-6.51362,-0.1367368632011675,0.6033011744558132,0.152676179831686
2022-08-25,941.389,-1.6477297817336811,0.5034024166112882,-6.516265,-0.1440949308403592,0.6474973474516474,0.1696239317750725
2022-08-26,939.517,-3.51535829407101,0.5404569269140022,-6.5133443,-0.1519352661737517,0.6923921930877539,0.1864683459941967
2022-08-27,942.358,-0.6698229282536614,0.5777152137079455,-6.509942,-0.16025463068795,0.7379698443958956,0.2031996140713032
2022-08-28,943.237,0.2141780637961643,0.615164335481074,-6.5066895,-0.169049100766055,0.784213436247129,0.2198080526947729
2022-08-29,943.445,0.4276420385337349,0.6527910469898954,-6.4900975,-0.178314067387283,0.8311051143771785,0.2362841101222826
2022-08-30,940.944,-2.0676327574429934,0.6905818088790702,-6.488868,-0.1880442366027557,0.8786260454818259,0.2526183724847862
2022-08-31,941.456,-1.549651009677171,0.7285227975823968,-6.493484,-0.1982336307907123,0.9267564283731092,0.2688015699267393
2022-09-01,948.095,5.095508412778161,0.7665999154924246,-6.487404,-0.2088755906934497,0.9754755061858744,0.2848245825781798
2022-09-02,946.691,3.698147071666844,0.804798801385791,-6.4736457,-0.2199627782375509,1.0247615796233418,0.3006784463544872
2022-09-03,945.741,2.7543735649419245,0.8431048410910259,-6.470522,-0.2314871801379963,1.0745920212290223,0.3163543585798252
2022-09-04,941.567,-1.4129286526505815,0.8815031783853944,-6.4700465,-0.2434401122859731,1.1249432906713674,0.3318436834304904
2022-09-05,943.591,0.618256238945138,0.9199787261072252,-6.4685254,-0.2558122249192761,1.1757909510265012,0.3471379571945927
2022-09-06,944.855,1.8899178556589504,0.9585161774698562,-6.460501,-0.268593508573364,1.2271096860432202,0.3622288933446911
2022-09-07,947.411,4.453811945209782,0.997100017563354,-6.459477,-0.2817733008102338,1.278873318373588,0.3771083874202404
2022-09-08,942.045,-0.9040685237401576,1.0357145350298116,-6.47545,-0.2953402937214266,1.3310548287512385,0.3917685217168914
2022-09-09,949.957,7.016524078801973,1.0743438338981244,-6.5382943,-0.3092825422006099,1.3836263760987344,0.4062015697799219
2022-09-10,939.59,-3.341492404527817,1.1129718455639026,-6.65507,-0.3235874729802964,1.436559318544199,0.4204000006992778
2022-09-11,944.751,1.8289683089953923,1.1515823409001524,-6.662262,-0.3382418944264289,1.4898242353265814,0.4343564832039313
2022-09-12,944.351,1.438815850567508,1.1901589424843035,-6.6728487,-0.3532320070836577,1.5433909495679612,0.4480638895534685
2022-09-13,944.857,1.955124290347657,1.2286851369271052,-6.6813974,-0.3685434149633264,1.5972285518904317,0.4615152992250464
2022-09-14,946.385,3.4936440404541447,1.2671442872889025,-6.6626472,-0.3841611375652933,1.6513054248541958,0.474704002394075
2022-09-15,940.421,-2.4594909044173887,1.3055196455687892,-6.625871,-0.4000696226239123,1.7055892681927016,0.4876235032071966
2022-09-16,946.806,3.936730865816145,1.343794365252201,-6.5935616,-0.4162527595676188,1.76004712481982,0.5002675228463583
2022-09-17,947.112,4.254051256436047,1.3819515139024627,-6.5729995,-0.4326938936807815,1.8146454075832443,0.5126300023829831
2022-09-18,944.177,1.330639976799052,1.4199740857819505,-6.560641,-0.4493758409556337,1.869349926737584,0.5247051054214784
2022-09-19,942.508,-0.3263684016934505,1.4578450144885668,-6.5833507,-0.4662809036213119,1.9241259181098789,0.5364872205315175
2022-09-20,948.975,6.153002717687393,1.495547185593297,-6.585278,-0.4833908863362182,1.978938071929515,0.5479709634687682
2022-09-21,945.26,2.45065804693633,1.5330634492647692,-6.5930915,-0.500687113029155,2.0337505622939243,0.5591511791839306
2022-09-22,946.267,3.470583601477582,1.5703766328668776,-6.583075,-0.5181504443739025,2.08852707724078,0.5700229436201982
2022-09-23,951.181,8.397864992809499,1.6074695535156025,-6.54537,-0.5357612958811567,2.143230849396759,0.5805815652994201
2022-09-24,943.783,1.0135607361060366,1.6443250305814552,-6.5082297,-0.5534996565910075,2.1978246871724627,0.5908225866974963
2022-09-25,943.838,1.0825160886939091,1.6809258981239907,-6.476172,-0.5713451083484065,2.252271006472397,0.6007417854097202
2022-09-26,945.075,2.333443568199957,1.7172550172452523,-6.453588,-0.5892768456433802,2.3065318628886327,0.6103351751069935
2022-09-27,947.834,5.1067137360868085,1.7532952883489812,-6.4310765,-0.6072736959970347,2.360568984346016,0.6195990062840455
2022-09-28,950.202,7.489293498948809,1.7890296632928837,-6.400486,-0.62531414087374,2.414343804166624,0.628529766800991
2022-09-29,944.488,1.7902772257073751,1.8244411574213388,-6.3864183,-0.6433763370992359,2.467817494520575,0.637124182219743
2022-09-30,944.444,1.7616616048096994,1.859512861466288,-6.3747697,-0.6614381387637437,2.520951000230032,0.6453792159370155
2022-10-01,945.563,2.89642734201587,1.8942279533042763,-6.3712964,-0.6794771195885887,2.573705072892865,0.6532920691158223
2022-10-02,944.078,1.4275875499705029,1.9285697095579573,-6.3597507,-0.6974705957342207,2.626040305292178,0.6608601804175682
2022-10-03,939.451,-3.182861085311975,1.9625215170306265,-6.352341,-0.7153956490269663,2.677917166057593,0.668081225537028
2022-10-04,946.749,4.132178515879954,1.9960668839627247,-6.3432546,-0.7332291505813032,2.729296034544028,0.6749531165426649
2022-10-05,942.874,0.2746053739534249,2.029189451099577,-6.3293486,-0.7509477847939167,2.780137235893493,0.6814740010249369
2022-10-06,944.568,1.9864161897893684,2.061873002559913,-6.306801,-0.7685280736852961,2.830401076245209,0.6876422610553985
2022-10-07,942.427,-0.1363923357303393,2.0941014764952217,-6.291971,-0.7859464015641852,2.8800478780594068,0.693456511959577
2022-10-08,946.678,4.133076104578174,2.125858975530198,-6.289512,-0.8031790399897132,2.929038015519911,0.6989156009067655
2022-10-09,943.476,0.9499055015448494,2.1571297769750424,-6.280988,-0.8202021730056376,2.97733194998068,0.7040186053200276
2022-10-10,949.082,6.575099630652387,2.187898342800743,-6.276376,-0.836991922620736,3.024890265421479,0.708764831109877
2022-10-11,943.386,0.8986580989852522,2.2181493293687726,-6.263397,-0.8535243745089965,3.071673703877769,0.7131538107352166
2022-10-12,946.84,4.372577590576842,2.2478675969072524,-6.2589455,-0.8697756039029404,3.1176432008101926,0.7171853010952987
2022-10-13,945.629,3.1818547894599334,2.2770382187258367,-6.25148,-0.8857217016530737,3.1627599203789103,0.7208592812565711
2022-10-14,948.214,5.787486379667714,2.3056464901621214,-6.2269077,-0.9013388004262116,3.206985290588333,0.7241759500184402
2022-10-15,946.744,4.338469045233122,2.333677937252796,-6.2242866,-0.9166031010151168,3.250281038267913,0.7271357233220723
2022-10-16,947.354,4.969799470189213,2.361118325123209,-6.24806,-0.9314908987317292,3.2926092238549383,0.7297392315065218
2022-10-17,945.891,3.528474338569252,2.387953666089399,-6.241922,-0.9459786098560076,3.333932275945407,0.7319873164165389
2022-10-18,955.731,13.390490334406046,2.4141702274672032,-6.21664,-0.960042798112272,3.374213025579476,0.7338810283665648
2022-10-19,946.936,4.617844141732888,2.43975453908341,-6.1881986,-0.9736602011447968,3.413414740228207,0.7354216229655005
2022-10-20,950.867,8.571532444582601,2.464693400484458,-6.1574273,-0.9868077569642766,3.4515011574487344,0.7366105578069397
2022-10-21,951.684,9.411530270045386,2.488973887838601,-6.134855,-0.9994626303367375,3.4884365181753383,0.737449489029654
2022-10-22,949.883,7.633855370593562,2.512583360527951,-6.162998,-1.011602239086402,3.524185599614353,0.7379402677532009
2022-10-23,951.739,9.513504427052837,2.535509467427277,-6.1991286,-1.023204280284007,3.558713747711284,0.7380849363936031
2022-10-24,944.714,2.5124564656972845,2.5577401528668706,-6.2293615,-1.0342467562920905,3.591986909158961,0.7378857248641264
2022-10-25,942.22,0.0426526692443571,2.5792636622773384,-6.2350287,-1.0447080006388163,3.623971662916155,0.7373450466662516
2022-10-26,945.604,3.4512330869324552,2.600068547514558,-6.2379427,-1.0545667036919637,3.654635251206521,0.7364654948759914
2022-10-27,947.713,5.585051015184562,2.620143671863573,-6.2405057,-1.0638019381048471,3.68394560996842,0.7352498380307698
2022-10-28,951.909,9.806017390729766,2.639478214720629,-6.23627,-1.072393184006039,3.711871398726668,0.7337010159221171
2022-10-29,949.384,7.30628964214546,2.658061675953041,-6.230552,-1.0803203539049775,3.738382029858019,0.7318221352994922
2022-10-30,952.919,10.86686441307102,2.675883879937031,-6.242201,-1.0875638172856934,3.763447697222724,0.7296164654905642
2022-10-31,951.838,9.81173834714594,2.69293497927411,-6.234211,-1.0941044248611742,3.787039404135285,0.727087433943335
2022-11-01,953.188,11.187908088010015,2.709205458187137,-6.2343965,-1.099923532461113,3.80912899064825,0.7242386216954826
2022-11-02,949.667,7.693370279302653,2.724686135597437,-6.288535,-1.1050030245260831,3.82968916012352,0.7210737587763646
2022-11-03,952.768,10.8210736295244,2.739368167885027,-6.3423843,-1.10932533718153,3.848693505066557,0.7175967195470746
2022-11-04,951.229,9.30906141486872,2.7532430513342945,-6.382569,-1.1128734808652858,3.86611653219958,0.7138115179840128
2022-11-05,950.161,8.268330271876238,2.7663026242679023,-6.4509683,-1.1156310624827313,3.881933686750633,0.709722302911383
2022-11-06,947.105,5.239876837087881,2.778539068872228,-6.4669075,-1.117582307064108,3.896121375936336,0.7053333531880526
2022-11-07,947.255,5.417412391898095,2.7899449127179103,-6.5831265,-1.1187120788989569,3.9086569916168674,0.7006490728541762
2022-11-08,946.011,4.20118384427124,2.800513029979624,-6.9819045,-1.1190059021230907,3.919518932102715,0.6956739862429884
2022-11-09,949.174,7.392215872956954,2.8102366423594667,-7.130622,-1.1184499807340464,3.928686623093513,0.690412733063128
2022-11-10,945.664,3.910505068079659,2.8191093197188413,-7.127538,-1.11703121801144,3.9361405377302816,0.6848700634568357
2022-11-11,943.087,1.361747902789384,2.827124980424033,-7.1050158,-1.1147372353192502,3.941862215743284,0.6790508330393267
2022-11-12,946.042,4.345232928831836,2.834277891411047,-7.071272,-1.111556390267574,3.945834281678621,0.6729599979246033
2022-11-13,949.54,7.871883272658678,2.840562667975636,-7.0465307,-1.1074777942120635,3.948040462187699,0.6666026097429198
2022-11-14,944.949,3.309766904091866,2.845974273294848,-7.027167,-1.102491329069831,3.948465602364679,0.6599838106550636
2022-11-15,944.234,2.623880357939803,2.85050801768658,-6.9969335,-1.0965876634312808,3.94709568111786,0.6531088283685541
2022-11-16,949.948,8.367220169010741,2.85415955761419,-6.9581127,-1.0897582679480198,3.9439178255622096,0.6459829711607996
2022-11-17,942.599,1.047647952094215,2.856924894443293,-6.9317822,-1.0819954299776662,3.93892032442096,0.6386116229141928
2022-11-18,942.203,0.6812827750457711,2.8588003729583185,-6.9053497,-1.073292267467126,3.9320926404254446,0.6310002381680325
2022-11-19,946.744,5.252137711322458,2.859782679646564,-6.881409,-1.0636427420566337,3.9234254217031976,0.6231543371920972
2022-11-20,942.864,1.4022092727451954,2.859868840757849,-6.8600926,-1.0530416713876352,3.912910512145485,0.6150795010866115
2022-11-21,944.865,3.4332053311111856,2.8590562201480503,-6.8309155,-1.0414847405983607,3.9005409607464103,0.6067813669132467
2022-11-22,943.711,2.3094031947864693,2.857342516915004,-6.8023725,-1.0289685129917534,3.8863110299067576,0.5982656228617212
2022-11-23,945.433,4.061630979670338,2.8547257628356326,-6.772486,-1.015490439861241,3.8702162026968736,0.5895380034564563
2022-11-24,944.133,2.7920581586581443,2.851204319613109,-6.770648,-1.001048869460675,3.852253189073784,0.5806042848076457
2022-11-25,943.961,2.650681175203619,2.8467768759432897,-6.7728,-0.985643055105626,3.832419931048916,0.5714702799110006
2022-11-26,948.874,7.594496472760616,2.8414424444097004,-6.792178,-0.9692731623941084,3.810715606803809,0.5621418340003091
2022-11-27,949.523,8.27450049478318,2.8352003582165035,-6.794162,-0.9519402755356642,3.787140633752168,0.5526248199568456
2022-11-28,944.346,3.128689684725047,2.82805026776904,-6.779507,-0.9336464027786996,3.7616966705477393,0.5429251337795474
2022-11-29,945.693,4.507060486040104,2.8199921371116914,-6.7718716,-0.9143944809268116,3.7343866180385032,0.5330486901197571
2022-11-30,948.178,7.0235611742040405,2.8110262402328674,-6.7892766,-0.8941883789358552,3.7052146191687223,0.5230014178842046
2022-12-01,950.479,9.356235051736242,2.801153157246952,-6.8572493,-0.8730329005843629,3.6741860578313146,0.5127892559097752
2022-12-02,949.074,7.983078554957942,2.7903737704632805,-6.942545,-0.8509337862109428,3.641307556674224,0.5024181487134872
2022-12-03,940.276,-0.7829118798102721,2.778689260352081,-7.0396695,-0.8278977135132121,3.606586973865293,0.491894042320964
2022-12-04,946.27,5.243260183752481,2.766101101417489,-7.1646934,-0.8039322974037989,3.5700333988212885,0.4812228801765577
2022-12-05,948.347,7.352554826922107,2.752611057987648,-7.1781187,-0.7790460889199309,3.5316571469075786,0.4704105991381395
2022-12-06,944.719,3.757003853155108,2.7382211799320286,-7.1892886,-0.7532485731840942,3.4914697531161227,0.4594631255594354
2022-12-07,941.36,0.4306036933893398,2.7229337983159856,-7.204442,-0.7265501664142643,3.4494839647302498,0.4483863714626507
2022-12-08,937.686,-3.2106492214384748,2.706751521002541,-7.2158666,-0.6989622119831712,3.405713732985713,0.4371862308039683
2022-12-09,942.517,1.6532415396088416,2.689677228211452,-7.2220435,-0.6704969755270873,3.36017420373854,0.4258685758343852
2022-12-10,939.191,-1.639691237486648,2.671714068045348,-7.3234906,-0.6411676391055969,3.312881707150945,0.414439253558181
2022-12-11,943.641,2.8434626156496945,2.6528654519928474,-7.838987,-0.6109882944148358,3.2638537464076838,0.4029040822911894
2022-12-12,940.28,-0.4842455237641436,2.633135050418308,-7.9030695,-0.5799739350576576,3.213108985475966,0.391268848320869
2022-12-13,942.931,2.200180772647994,2.6125267880478344,-7.9234457,-0.5481404478752083,3.160667235923043,0.3795393026700535
2022-12-14,940.057,-0.6402620667372858,2.59104483946101,-7.9323177,-0.5155046033453697,3.10654944280638,0.3677211579660774
2022-12-15,942.578,1.914436025750581,2.56869362459763,-7.929307,-0.4820840450545278,3.050777669652158,0.3558200854168487
2022-12-16,941.978,1.3482182660503463,2.5454778042886232,-7.8953247,-0.4478972782501175,2.9933750825387406,0.3438417118952822
2022-12-17,946.49,5.894121384344688,2.521402275820127,-7.8612165,-0.4129636574823765,2.9343659333025034,0.3317916171333486
2022-12-18,947.596,7.034093637028349,2.4964721685394347,-7.8255606,-0.3773033733446966,2.873775541884131,0.3196753310268552
2022-12-19,944.455,3.927141952494966,2.4706928395114707,-7.786887,-0.3409374383229708,2.8116302778344417,0.3074983310519202
2022-12-20,944.391,3.8972981151203503,2.44406986923403,-7.7626553,-0.3038876717652447,2.7479575409992747,0.2952660397939461
2022-12-21,948.53,8.07046022016624,2.4166090574199544,-7.745322,-0.2661766839839752,2.68278574140393,0.2829838225897627
2022-12-22,944.146,3.720725712011269,2.3883164188540507,-7.7170644,-0.2278278595041083,2.616144278358159,0.2706569852834438
2022-12-23,936.694,-3.697152622530077,2.3591981793323598,-7.706429,-0.1888653394711266,2.548063518803486,0.2582907720961714
2022-12-24,948.875,8.51810830811748,2.329260771691042,-7.699563,-0.1493140032341354,2.4785747749251774,0.2458903636103621
2022-12-25,941.82,1.4974326614946114,2.2985108319319463,-7.6773667,-0.1091994491199508,2.407710281051897,0.2334608748681301
2022-12-26,943.155,2.866752193804532,2.2669551954515104,-7.6692014,-0.0685479744150296,2.33550316986654,0.2210073535840231
2022-12-27,946.338,6.083678010450058,2.234600893379445,-7.962184,-0.0273865545729861,2.261987447952432,0.2085347784718105
2022-12-28,945.707,5.486551137781049,2.201455149033237,-8.150818,0.0142571783337602,2.1871979706994766,0.1960480576849772
2022-12-29,940.034,-0.1525881938495845,2.167525374494223,-8.208525,0.056354957898773,2.11117041659545,0.1835520273704371
2022-12-30,950.229,10.075867712746836,2.1328191673106365,-8.321479,0.0988779063826158,2.0339412609280205,0.1710514503348286
2022-12-31,944.737,4.617034623636759,2.097344307332643,-8.541758,0.1417965584090614,1.9555477489235813,0.158551014822643
2023-01-01,945.795,5.708035297252517,2.061108753684081,-9.04416,0.1850808853347028,1.876027868349378,0.1460553334052861
2023-01-02,947.075,7.021117144302533,2.0241206418751645,-9.063387,0.2287003202694112,1.7954203216057532,0.1335689419800564
2023-01-03,939.3,-0.7207274808824238,1.9863882810601197,-9.148185,0.2726237837243541,1.7137644973357653,0.1210962988778871
2023-01-04,940.328,0.3405305433371,1.9479201514432865,-9.228814,0.3168197098635739,1.6311004415797126,0.1086417840785869
2023-01-05,935.906,-4.048112743569561,1.9087249018368408,-9.76205,0.361256073334451,1.54746882850239,0.0962096985321826
2023-01-06,938.523,-1.397637358460575,1.8688113473728685,-9.748868,0.4059004166517008,1.4629109307211676,0.0838042635848569
2023-01-07,937.628,-2.25907055489552,1.8281884673722175,-9.72398,0.4507198781089379,1.37746858926328,0.0714296205078559
2023-01-08,939.523,-0.3303498029193439,1.7868654033719806,-9.7851925,0.4956812201912018,1.2911841831807789,0.0590898301276299
2023-01-09,934.249,-5.570486144604068,1.744851457313242,-10.374536,0.5407508584612933,1.2041005988519484,0.0467888725553702
2023-01-10,937.448,-2.337536990377313,1.7021560898901518,-11.109892,0.5858948908921744,1.1162611989979774,0.0345306470139882
2023-01-11,940.782,1.030493720958312,1.6587889190610716,-11.114257,0.6310791276171982,1.0277097914438733,0.0223189717604949
2023-01-12,930.897,-8.820397949399874,1.6147597187220903,-11.087343,0.6762691210694031,0.9384905976526872,0.0101575841016321
2023-01-13,933.7785,-6.983589121820099,1.5700784175427704,-11.068897,0.7214301964806599,0.8486482210621106,-0.0019498594994759
2023-01-14,936.66,-2.9888622824805133,1.524755097963581,-11.306817,0.7665274827110078,0.7582276152525735,-0.0139997832279843
2023-01-15,943.831,4.216499265877508,1.47879999535411,-11.466151,0.8115259433781167,0.6672740519759933,-0.0259886916357046
2023-01-16,942.858,3.2778169635987795,1.4322234973306145,-11.726014,0.8563904082564265,0.5758330890741877,-0.0379131692756978
2023-01-17,943.436,3.8901219896555537,1.3850361432311609,-11.750186,0.9010856049151764,0.4839505383159843,-0.049769880255646
2023-01-18,940.899,1.3874511334656685,1.3372486237461354,-11.725557,0.9455761905642236,0.3916724331819117,-0.0615555677126507
2023-01-19,940.568,1.0908237310736355,1.2888717807015453,-11.7078905,0.989826784076249,0.2990449966252962,-0.0732670532121567
2023-01-20,940.012,0.5691889815844962,1.2399166069920264,-11.662169,1.0338019981537356,0.2061146088382908,-0.0849012360737898
2023-01-21,934.288,-5.120408941235338,1.1903942466602144,-11.620264,1.0774664716088511,0.1129277750513633,-0.0964550926269309
2023-01-22,946.208,6.834072835318835,1.1403159951186086,-11.581691,1.1207849017242095,0.0195310933943988,-0.1079256753989201
2023-01-23,945.648,6.308531575886743,1.0896932995097284,-11.542366,1.1637220766623169,-0.0740287771525884,-0.1193101122388291
2023-01-24,938.157,-1.1484505049722251,1.0385377591999962,-11.520349,1.2062429078914092,-0.1677051486914129,-0.1306056053797901
2023-01-25,939.307,0.0355852412114612,0.9868611264023456,-11.488511,1.2483124625952966,-0.2614513361929511,-0.1418094304429076
2023-01-26,935.874,-3.363365223462317,0.9346753069222132,-11.438419,1.2898959960347762,-0.3552206891125629,-0.1529189353858193
2023-01-27,936.667,-2.5361303650166183,0.8819923610212346,-11.396329,1.330958983828179,-0.4489666228069444,-0.1639315393990025
2023-01-28,943.591,4.422105356719689,0.8288245043925647,-11.353315,1.3714671541186123,-0.5426426497260478,-0.1748447317529569
2023-01-29,934.905,-4.229674292693519,0.7751841092414178,-11.349643,1.4113865195955326,-0.6362024103541148,-0.1856560705994098
2023-01-30,942.98,3.879585407038392,0.7210837054640924,-11.370495,1.450683409338374,-0.7295997038742816,-0.1963631817297184
2023-01-31,938.563,-0.5032186307524988,0.6665359819184518,-11.341582,1.48932450045005,-0.8227885185315982,-0.2069637572936447
2023-02-01,937.507,-1.525036757746546,0.6115537877784155,-11.300905,1.5272768494483482,-0.9157230616699328,-0.2174555544817138
2023-02-02,939.475,0.4771255917905423,0.5561501339648675,-11.257959,1.5645079233833847,-1.0083577894185174,-0.2278363941743362
2023-02-03,936.731,-2.232898943743922,0.5003381946449582,-11.210622,1.6009856306495474,-1.1006474360045893,-0.2381041595609141
2023-02-04,940.134,1.2040541534821438,0.4441313087915782,-11.15834,1.6366783514605707,-1.1925470426689926,-0.248256794732119
2023-02-05,943.922,5.02598084556873,0.3875429817945146,-11.20882,1.6715549679567383,-1.284011986162224,-0.2582923032485368
2023-02-06,945.598,6.735864871353575,0.3305868871145085,-11.201116,1.70558489391346,-1.3749980067989516,-0.2682087466888617
2023-02-07,937.418,-1.4103368553375553,0.2732768679712499,-11.166968,1.7387381040208851,-1.4654612360496353,-0.2780042431807975
2023-02-08,934.351,-4.443578819054621,0.2156269390560771,-11.134942,1.7709851627045872,-1.55535822364851,-0.2876769659178133
2023-02-09,935.796,-2.9646894951745413,0.1576512882599854,-11.100746,1.8022972524577543,-1.644645964197769,-0.2972251416648753
2023-02-10,940.336,1.6091466471204934,0.0993642784073239,-11.046329,1.8326462016558067,-1.7332819232484828,-0.3066470492562362
2023-02-11,942.26,3.566976526681413,0.0407804489853897,-11.026769,1.8620045118248276,-1.8212240628394376,-0.3159410180883519
2023-02-12,938.324,-0.3354290040602377,-0.0180854821399935,-11.004554,1.890345384335708,-1.9084308664757013,-0.3251054266109368
2023-02-13,935.841,-2.784993771452339,-0.0772186170330301,-10.98396,1.917642746496468,-1.9948613635294976,-0.3341387008191444
2023-02-14,942.473,3.880481424302051,-0.13660387603083,-11.005168,1.9438712770157696,-2.0804751530466,-0.3430393127498073
2023-02-15,938.576,0.0167892887300877,-0.1962259961309325,-10.994531,1.9690064308112647,-2.165232426942197,-0.3518057789846294
2023-02-16,940.01,1.4839720566064012,-0.2560695294339072,-10.960043,1.9930244631370264,-2.249093992570933,-0.3604366591631608
2023-02-17,939.822,1.3289850584394125,-0.3161188416514844,-10.905669,2.015902453005012,-2.332021294656496,-0.3689305545083434
2023-02-18,938.982,0.521925874366543,-0.3763581106907949,-10.842312,2.037618325876147,-2.413976436566942,-0.3772861063673518
2023-02-19,937.662,-0.7652095742666399,-0.4367713253252733,-10.792507,2.058150875597374,-2.4949222009226477,-0.3855019947703844
2023-02-20,935.055,-3.339425366114952,-0.497342283962851,-10.744104,2.077479785561734,-2.5748220695245854,-0.3935769370100084
2023-02-21,943.366,5.004286643429308,-0.5580545935220205,-10.737594,2.0955856490692963,-2.653640242591317,-0.4015096862435863
2023-02-22,939.569,1.2398951965984004,-0.6188916684264031,-10.836625,2.112449988867592,-2.7313416572939957,-0.4092990301212402
2023-02-23,932.888,-5.4085887429396005,-0.6798367297283293,-10.885835,2.128055275850952,-2.8078920055792813,-0.4169437894417364
2023-02-24,936.691,-1.5731692543058986,-0.7408728043719619,-11.501952,2.142384946899053,-2.8832577512710147,-0.4244428168386023
2023-02-25,930.586,-7.645856947072512,-0.8019827246064188,-12.231049,2.1554234218357684,-2.957406146442187,-0.4317949954986985
2023-02-26,930.976,-7.223629765984096,-0.8631491275591948,-12.286745,2.167156119490365,-3.03030524704956,-0.4389992379153941
2023-02-27,940.366,2.198492001765617,-0.924354454980173,-12.367524,2.177569472843921,-3.101923927824094,-0.4460544846784078
2023-02-28,936.626,-1.5095019352814798,-0.9855809531662866,-12.442419,2.186650943244801,-3.172231896411088,-0.4529597033022868
2023-03-01,941.828,3.7243687417212112,-1.0468106730768614,-12.749564,2.194389033677944,-3.241199706754805,-0.4597138870954163
2023-03-02,947.332,9.259921242116766,-1.1080254706493933,-12.738593,2.200773301073665,-3.3087987717230583,-0.4663160540713462
2023-03-03,939.946,1.9053427167972936,-1.1692070073254317,-12.708151,2.205794367642657,-3.3750013749680887,-0.4727652459041512
2023-03-04,936.104,-1.905359053426992,-1.2303367507959777,-12.677535,2.209443931224837,-3.4397806820208148,-0.4790605269294224
2023-03-05,940.209,2.230811819334669,-1.291395975975607,-12.698109,2.211714774640697,-3.5031107506163046,-0.4852009831924118
2023-03-06,933.663,-4.284148777026024,-1.3523657662143305,-12.659459,2.212600774034838,-3.5649665402491686,-0.4911857215447431
2023-03-07,931.983,-5.9332327313558135,-1.4132270147559127,-12.6011305,2.2120969062023463,-3.625323920958259,-0.4970138687910129
2023-03-08,929.855,-8.030258061754276,-1.4739604264510768,-12.552711,2.2101992548897447,-3.684159681340821,-0.5026845708864917
2023-03-09,930.621,-7.233432332839375,-1.5345465197338668,-12.508222,2.2069050160632853,-3.741451535797152,-0.5081969921870569
2023-03-10,938.209,0.3852403752235299,-1.5949656288689489,-12.9506,2.202212502138371,-3.79717813100732,-0.5135503147523619
2023-03-11,933.818,-3.975295315327749,-1.655197906477496,-13.049065,2.196121145164995,-3.851319051642491,-0.5187437377031692
2023-03-12,936.755,-1.007784746667896,-1.7152233263488683,-13.029552,2.1886314989651146,-3.9038548253139833,-0.5237764766336493
2023-03-13,935.956,-1.7764354616928082,-1.7750216865449566,-13.002747,2.1797452402189585,-3.954766926763915,-0.528647763079367
2023-03-14,936.388,-1.3144495039626012,-1.8345726128037505,-13.213491,2.169465168498357,-4.004037781302108,-0.5333568440415513
2023-03-15,942.8,5.12751591217658,-1.893855562248265,-13.537682,2.157795205246219,-4.051650767494484,-0.5379029815681602
2023-03-16,941.625,3.982173815055938,-1.9528498274065949,-13.500562,2.144740391702402,-4.097590219108997,-0.5422854523921379
2023-03-17,938.168,0.5547588352315496,-2.0115345405484515,-13.418021,2.1303068857772702,-4.141841426325722,-0.5465035476271598
2023-03-18,934.702,-2.882038420853754,-2.0698886783431285,-13.314598,2.114501957875317,-4.1843906362184455,-0.5505565725210635
2023-03-19,936.871,-0.6837660209285691,-2.127891066843413,-13.314424,2.097333985672333,-4.2252250525157455,-0.5544438462670551
2023-03-20,936.917,-0.6088168368902436,-2.1855203867995026,-13.309532,2.078812447850608,-4.26433283465011,-0.5581647018726783
2023-03-21,936.183,-1.314272439734436,-2.242755179306583,-13.630868,2.058947916797815,-4.301703096104398,-0.5617184860864417
2023-03-22,937.73,0.2612037368548883,-2.299573851789166,-13.796686,2.0377520502762043,-4.33732590206537,-0.565104559381887
2023-03-23,938.129,0.6884014577766691,-2.3559546843249644,-13.768745,2.0152375820698385,-4.371192266394803,-0.5683222959987893
2023-03-24,928.799,-8.614368230813115,-2.411875836310401,-13.726642,1.991418311618646,-4.403294147929048,-0.5713710840410807
2023-03-25,932.516,-4.869385153035742,-2.46731535346956,-13.6448345,1.966309092649086,-4.433624446118646,-0.5742503256309907
2023-03-26,937.498,0.1404539385585256,-2.52225117520774,-13.547857,1.9399258208122911,-4.462176996020031,-0.5769594371188028
2023-03-27,934.837,-2.4928904333901465,-2.576661142310322,-13.445265,1.912285420341532,-4.488946562651854,-0.579497849347528
2023-03-28,935.164,-2.1384223737211925,-2.6305230049871766,-13.40464,1.8834058297418852,-4.513928834729062,-0.5818650079717159
2023-03-29,934.223,-3.052097819296125,-2.68381443126224,-13.55822,1.853305986525969,-4.537120417788209,-0.5840603738295101
2023-03-30,935.257,-1.9909677340202807,-2.736513015707434,-13.574402,1.8220058110105992,-4.558518826718033,-0.5860834233669969
2023-03-31,931.188,-6.033036215600345,-2.7885962885195466,-13.506386,1.7895261891901757,-4.578122477709722,-0.587933649113777
2023-04-01,932.516,-4.6783073617428,-2.840041724938129,-13.429208,1.75588895470357,-4.5959306796416985,-0.5896105602086307
2023-04-02,928.826,-8.341785270154205,-2.8908267550020037,-13.347588,1.7211168699122152,-4.611943624914218,-0.5911136829740512
2023-04-03,935.099,-2.042474038541387,-2.940928773641332,-13.330936,1.685233606108002,-4.626162379749334,-0.5924425615383426
2023-04-04,941.355,4.2397403849517845,-2.9903251511017324,-13.2711,1.648263722870495,-4.638588873972227,-0.5935967585038993
2023-04-05,934.689,-2.4000962728737063,-3.038993243696385,-13.202835,1.6102326465938652,-4.64922589029025,-0.594575855660218
2023-04-06,932.321,-4.742074803160467,-3.086910404881441,-13.127484,1.5711666482047506,-4.658077053086192,-0.5953794547401031
2023-04-07,934.046,-2.9912566566307284,-3.134053996649635,-13.078105,1.5310928200931395,-4.665146816742775,-0.5960071782174716
2023-04-08,933.296,-3.7156595245509902,-3.180401401236345,-13.004241,1.4900390522791471,-4.670440453515492,-0.5964586701450917
2023-04-09,930.019,-6.966716005194904,-3.2259300331318577,-12.936362,1.4480340078393414,-4.6739640409712,-0.5967335970305154
2023-04-10,932.068,-4.891938120813287,-3.270617351393072,-12.867,1.4051070976170628,-4.675724449010135,-0.5968316487484165
2023-04-11,933.154,-3.780286133880416,-3.3144408722472827,-12.811869,1.3612884542418744,-4.675729326489157,-0.596752539487482
2023-04-12,930.766,-6.142816830759917,-3.357378181980226,-12.748302,1.3166089054840262,-4.673987087464252,-0.5964960087299402
2023-04-13,931.765,-5.118568233124424,-3.3994069500999937,-12.699703,1.2710999469704791,-4.670506897070473,-0.5960618222617743
2023-04-14,928.669,-8.18944387900294,-3.4405049427679364,-12.631872,1.2247937142896916,-4.665298657057628,-0.5954497732115951
2023-04-15,926.248,-10.585523502499464,-3.480650036487096,-12.566682,1.177722954512991,-4.658372991000086,-0.594659683116134
2023-04-16,927.899,-8.9096807449165,-3.5198202320383705,-12.505463,1.1299209971609674,-4.649741229199337,-0.5936914030102342
2023-04-17,930.357,-6.4270669464917205,-3.5579936686538485,-12.44245,1.0814217246438629,-4.639415393297711,-0.592544814539211
2023-04-18,936.139,-0.6206859984051238,-3.595148638416561,-12.40014,1.0322595422054934,-4.627408180622054,-0.5912198310914044
2023-04-19,935.613,-1.123334031190146,-3.631263600875189,-12.359215,0.9824693474007252,-4.6137329482759135,-0.5897163989487003
2023-04-20,934.802,-1.911236557533244,-3.6663171978619,-12.314005,0.932086499137014,-4.598403696998914,-0.5880344984527921
2023-04-21,932.15,-4.540360855811908,-3.700288268501047,-12.262738,0.8811467863109356,-4.581435054811982,-0.586174145184908
2023-04-22,932.84,-3.827710943225828,-3.7331558643959513,-12.195792,0.829686396071076,-4.562842260467027,-0.584135391156714
2023-04-23,932.507,-4.138290836974469,-3.7648992649806057,-12.14614,0.777741881738992,-4.542641146719598,-0.581918326010082
2023-04-24,931.738,-4.884944963133089,-3.7954979930227055,-12.09683,0.7253501304203063,-4.520848123443011,-0.579523078223398
2023-04-25,932.54,-4.060795065692685,-3.824931830263977,-12.034463,0.6725483303383187,-4.497480160602295,-0.5769498163220709
2023-04-26,931.539,-5.039881646064606,-3.853180833183485,-11.995609,0.6193739379227717,-4.472554771106256,-0.5741987500908887
2023-04-27,935.305,-1.2522086922572495,-3.880225348869038,-11.956816,0.5658646446866583,-4.446089993555696,-0.5712701317858788
2023-04-28,931.214,-5.32180398845029,-3.9060460309816714,-11.901241,0.5120583439241534,-4.418104374905824,-0.568164257343303
2023-04-29,927.604,-8.910430281054039,-3.930623855797652,-11.831656,0.4579930972629298,-4.388616953060581,-0.5648814675834423
2023-04-30,925.242,-11.251265864764592,-3.953940138312237,-11.777303,0.4037071011042488,-4.357647239416486,-0.5614221494068165
2023-05-01,928.776,-7.696353472628199,-3.975976548389107,-11.736811,0.349238652984308,-4.325215201373415,-0.5577867369804983
2023-05-02,932.069,-4.382697058024976,-3.99671512693899,-11.726091,0.2946261178904002,-4.291341244829391,-0.5539757129121881
2023-05-03,931.982,-4.449300574334882,-4.016138302110871,-11.691667,0.2399078945654572,-4.256046196676328,-0.5499896094097393
2023-05-04,933.703,-2.7081679749377643,-4.034228905478827,-11.746171,0.1851223818345533,-4.21935128731338,-0.5458290094238304
2023-05-05,927.074,-9.317303213213473,-4.05097018820732,-11.7275505,0.1303079449868824,-4.181278133194203,-0.5414945477715091
2023-05-06,926.753,-9.61871024254194,-4.066345837177573,-11.70074,0.0755028822466652,-4.141848719424238,-0.53698691223836
2023-05-07,925.738,-10.614393016303406,-4.080339991057455,-11.650109,0.0207453913663072,-4.101085382423762,-0.5323068446570715
2023-05-08,930.368,-5.96535548787754,-4.092937256297105,-11.601994,-0.0339264636250038,-4.059010792672102,-0.5274551419602019
2023-05-09,934.399,-1.915563471721588,-4.104122723032432,-11.547764,-0.0884747854842807,-4.015647937548151,-0.522432657204999
2023-05-10,924.45,-11.84590833199018,-4.11388198087842,-11.488147,-0.1428618765965066,-3.971020104281914,-0.5172403005681391
2023-05-11,928.979,-7.2985086082596125,-4.122201134594116,-11.45429,-0.1970502715626976,-3.925150863031418,-0.5118790403083125
2023-05-12,925.304,-10.955398415037257,-4.129066819601042,-11.420763,-0.2510027695020008,-3.878064050099041,-0.5063499036946144
2023-05-13,933.566,-2.675581673292176,-4.134466217336818,-11.39909,-0.3046824660359478,-3.82978375130087,-0.5006539778987487
2023-05-14,927.795,-8.428958673213502,-4.138387070425524,-11.352478,-0.3580527849233019,-3.780334285502222,-0.494792410849098
2023-05-15,922.828,-13.378563746132524,-4.140817697646589,-11.290641,-0.4110775093143446,-3.729740188332244,-0.4887664120447749
2023-05-16,922.102,-14.087306002544794,-4.141747008683739,-11.21529,-0.4637208125938697,-3.678026196089869,-0.482577253327805
2023-05-17,922.387,-13.785348186848491,-4.141164518635773,-11.141575,-0.5159472887826045,-3.6252172298531686,-0.4762262696116707
2023-05-18,922.446,-13.709694170059898,-4.139060362270808,-11.08632,-0.5677219824672759,-3.571338379803532,-0.4697148595644795
2023-05-19,917.944,-18.195347823195824,-4.135425308005842,-11.035881,-0.6190104182300482,-3.5164148897757936,-0.4630444862451053
2023-05-20,924.308,-11.81531301727222,-4.130250771593572,-10.97857,-0.6697786295486031,-3.4604721420449693,-0.4562166776906998
2023-05-21,923.936,-12.17159362330572,-4.123528829498356,-10.914328,-0.719993187138756,-3.4035356423595995,-0.4492330274540312
2023-05-22,924.726,-11.366193512312842,-4.115252231943613,-10.86701,-0.7696212267120451,-3.345631005231568,-0.4420951950892014
2023-05-23,931.0,-5.0771165553099,-4.105414415612953,-10.820598,-0.8186304761214278,-3.286783939491525,-0.4348049065843276
2023-05-24,926.812,-9.250366623313464,-4.094009515987492,-10.775595,-0.8669892818688644,-3.227020234118627,-0.4273639547398724
2023-05-25,935.673,-0.3749475873397645,-4.081032379302206,-10.724785,-0.9146666349492558,-3.1663657443529503,-0.4197741994913667
2023-05-26,931.189,-4.8446114759284775,-4.066478574104192,-10.682015,-0.961632196005946,-3.104846378098246,-0.4120375681753473
2023-05-27,933.259,-2.760603896226588,-4.050344402396148,-10.639801,-1.0078563197737245,-3.042488082622423,-0.4041560557374106
2023-05-28,934.31,-1.6958446938914726,-4.032626910348548,-10.598678,-1.0533100787860608,-2.979316831562487,-0.3961317248813463
2023-05-29,922.13,-13.862419408908243,-4.01332389856437,-10.552717,-1.0979652863240827,-2.9153586122402877,-0.3879667061584257
2023-05-30,932.899,-3.080331862805995,-3.992433931880504,-10.517417,-1.1417945185856408,-2.8506394132948625,-0.3796631979959592
2023-05-31,937.018,1.0514154517058745,-3.9699563486904,-10.482169,-1.1847711360536437,-2.7851852126367564,-0.3712234666643504
2023-06-01,930.72,-5.234383709507883,-3.9458912697727593,-10.453108,-1.22686930404372,-2.7190219657290395,-0.3626498461819408
2023-06-02,934.269,-1.6734040254284528,-3.9202396066116503,-10.431323,-1.2680640124121276,-2.652175594199523,-0.3539447381570246
2023-06-03,930.983,-4.947476310040872,-3.893003069193649,-10.4118395,-1.3083310944057778,-2.584671974787871,-0.3451106115665014
2023-06-04,926.272,-9.646625568926703,-3.864184173268197,-10.387062,-1.3476472446371213,-2.5165369286310764,-0.3361500024707095
2023-06-05,923.533,-12.37376143631328,-3.8337862470577497,-10.358476,-1.3859900361676152,-2.4477962108901345,-0.3270655136640801
2023-06-06,918.464,-17.431207552474778,-3.80181343740477,-10.35867,-1.42333793668445,-2.37847550072032,-0.3178598142613227
2023-06-07,921.201,-14.681968716491845,-3.768270715343179,-10.379722,-1.4596703237561632,-2.308600391587016,-0.3085356392189529
2023-06-08,930.332,-5.539051148104425,-3.733163881082273,-10.328781,-1.4949674991538031,-2.23819638192847,-0.299095788792044
2023-06-09,936.217,0.3576011488644357,-3.6964995683917934,-10.302255,-1.52921070222525,-2.1672888661665435,-0.2895431279261821
2023-06-10,936.108,0.259914417928961,-3.658285248377288,-10.287435,-1.5623821223113787,-2.095903126065909,-0.2798805855846837
2023-06-11,922.385,-13.452333135082526,-3.618529232635504,-10.303325,-1.594464910193732,-2.024064322441772,-0.2701111540112184
2023-06-12,921.63,-14.196902216988905,-3.577240675780147,-10.295212,-1.6254431885644216,-1.951797487215725,-0.2602378879280667
2023-06-13,931.919,-3.8977964017425295,-3.5344295773289485,-10.260193,-1.6553020615100362,-1.879127515818912,-0.2502639036703308
2023-06-14,933.202,-2.604927892950382,-3.490106782943544,-10.225953,-1.6840276230023623,-1.8060791599411816,-0.2401923782564905
2023-06-15,936.872,1.074612047104165,-3.44428398501442,-10.192627,-1.7116069643898215,-1.7326770206245976,-0.2300265483957888
2023-06-16,931.094,-4.694291391862411,-3.3969737225836765,-10.17744,-1.738028180884542,-1.6589455416991343,-0.2197697094330111
2023-06-17,936.379,0.5996329882149924,-3.348189380599188,-10.146255,-1.7632803770411234,-1.5849090035580649,-0.2094252142312995
2023-06-18,936.5,0.7293317419399674,-3.297945188494209,-10.134463,-1.7873536712241562,-1.5105915172700533,-0.1989964719937285
2023-06-19,931.172,-4.590297302895192,-3.2462562180873977,-10.134459,-1.8102391990626947,-1.436017019024703,-0.1884869470244512
2023-06-20,931.785,-3.9692690685290257,-3.193138380798725,-10.116821,-1.8319291158909088,-1.3612092649078156,-0.1779001574302889
2023-06-21,932.603,-3.14358708904434,-3.138608424177527,-10.096331,-1.8524165981752687,-1.2861918260022578,-0.1672396737637342
2023-06-22,927.538,-8.201112588796057,-3.082683927739714,-10.069505,-1.8716958439296385,-1.2109880838100753,-0.1565091176083945
2023-06-23,928.641,-7.0906231400859285,-3.025383298111767,-10.048681,-1.8897620721207748,-1.135621225990992,-0.1457121601079881
2023-06-24,934.194,-1.5300304604868498,-2.96672576348001,-10.043947,-1.906611521067776,-1.0601142424122345,-0.1348525204400744
2023-06-25,933.636,-2.0805488173142086,-2.9067313673442654,-10.016679,-1.9222414458400725,-0.9844899215041932,-0.1239339642357657
2023-06-26,935.028,-0.6813830616087602,-2.84542096157585,-9.990656,-1.936650114659658,-0.908770846916192,-0.1129603019467466
2023-06-27,931.789,-3.913464148277176,-2.78281619878054,-9.963032,-1.949836804314261,-0.8329793944662789,-0.1019353871609824
2023-06-28,933.837,-1.8586121366458,-2.718939523967932,-9.941984,-1.9618017945892263,-0.7571377293787054,-0.0908631148685714
2023-06-29,932.719,-2.9698358186950355,-2.653814165529392,-9.9150915,-1.9725463617269048,-0.6812678038024869,-0.0797474196792569
2023-06-30,929.833,-5.849111723350371,-2.587464125527498,-9.893735,-1.982072770923373,-0.605391354604125,-0.0685922739931719
2023-07-01,932.448,-3.2272760178250754,-2.5199141693006863,-9.881649,-1.990384267873309,-0.5295299014273773,-0.057401686126452
2023-07-02,932.221,-3.4474191711203983,-2.45118981438757,-9.8592825,-1.9974850693748607,-0.4537047450127094,-0.0461796983934071
2023-07-03,935.649,-0.0128815507911419,-2.381317318776152,-9.832047,-2.003380353007306,-0.3779369657688458,-0.034930385146995
2023-07-04,929.563,-6.092608996049181,-2.310323668483894,-9.806769,-2.008076245895305,-0.3022474225885885,-0.0236578507793948
2023-07-05,928.052,-7.597333086214405,-2.238236564475419,-9.791823,-2.011579812574467,-0.2266567519009519,-0.0123662276845225
2023-07-06,930.18,-5.463086938124166,-2.1650844089253374,-9.780722,-2.0138990419739,-0.1511853669514375,-0.0010596741843825
2023-07-07,932.836,-2.800972480086429,-2.0908962908344253,-9.763751,-2.015042833532342,-0.0758534573020832,0.0102576275788117
2023-07-08,933.381,-2.2497018458530444,-2.0157019710081787,-9.745623,-2.0150209824653578,-0.0006809885428209,0.0215814737827696
2023-07-09,936.238,0.6132905030399074,-1.9395318664074972,-9.741417,-2.0138441642019598,0.0743122977944619,0.032907641095492
2023-07-10,934.872,-0.7470087127598319,-1.862417033881942,-9.721972,-2.0115239180098707,0.1491068841279288,0.0442318888738293
2023-07-11,926.95,-8.663496796515384,-1.7843891532967613,-9.706922,-2.0080726298295146,0.2236834765327533,0.0555499613881383
2023-07-12,936.549,0.9409907879039554,-1.7054805100656725,-9.682327,-2.0035035143375595,0.2980230042718872,0.0668575900709293
2023-07-13,935.01,-0.5930316274807144,-1.6257239771019256,-9.6622925,-1.9978305962617164,0.3721066191597908,0.0781504957873571
2023-07-14,933.643,-1.9553186645037115,-1.545152996201071,-9.637455,-1.991068690969175,0.445915694768104,0.089424391125389
2023-07-15,929.454,-6.139700205085134,-1.4638015588693738,-9.615744,-1.9832333843518737,0.5194318254824999,0.100674982703466
2023-07-16,931.975,-3.614211986360722,-1.38170418661259,-9.605114,-1.9743410120324412,0.5926368254198513,0.11189797349344
2023-07-17,930.053,-5.531934363199506,-1.2988959107004576,-9.600507,-1.9644086379153975,0.6655127272149401,0.1230890651565757
2023-07-18,931.497,-4.083678705126577,-1.2154122514228711,-9.594197,-1.9534540321087976,0.7380417806859265,0.1342439603903681
2023-07-19,928.306,-7.270448672320919,-1.131289196854382,-9.58469,-1.941495648242193,0.8102064513878111,0.1453583652839376
2023-07-20,928.732,-6.839925421804817,-1.0465631811442593,-9.573845,-1.9285526002073203,0.881989419063061,0.1564279916797439
2023-07-21,937.307,1.7393611570834897,-0.961271062349946,-9.56753,-1.914644638348556,0.95337357599861,0.1674485595393629
2023-07-22,933.369,-2.194208730894481,-0.8754500998323522,-9.542056,-1.89979212513067,1.0243420252983175,0.1784157993110648
2023-07-23,931.801,-3.757744245501042,-0.7891379312319224,-9.527306,-1.884016010311946,1.0948780790800237,0.1893254542969358
2023-07-24,929.003,-6.55088890880582,-0.7023725490450861,-9.516313,-1.8673378056511971,1.1649652566061113,0.2001732830172924
2023-07-25,927.061,-8.488226047357426,-0.6151922768210434,-9.511612,-1.849779559177669,1.2345872823566253,0.210955061570136
2023-07-26,929.263,-6.281040455673391,-0.5276357449995653,-9.507264,-1.8313638290532008,1.3037280840536356,0.2216665859834173
2023-07-27,934.057,-1.4821486764295364,-0.4397418664107295,-9.489085,-1.812113657056445,1.3723717906457151,0.2323036745578853
2023-07-28,928.224,-7.310229190118683,-0.3515498114582014,-9.457741,-1.7920525417192303,1.440502730261029,0.2428621701983126
2023-07-29,930.818,-4.711211363864367,-0.2630989830079343,-9.429037,-1.7712044111455238,1.5081054281375896,0.2533379427309112
2023-07-30,933.045,-2.4792022246455128,-0.1744289910046842,-9.412098,-1.7495935955436803,1.575164604538996,0.2637268912047672
2023-07-31,931.88,-3.639404720460463,-0.0855796268390917,-9.405734,-1.7272447995029403,1.6416651726638487,0.2740249461751587
2023-08-01,934.041,-1.473559147552319,0.0034091625115611,-9.401498,-1.7041830740453277,1.7075922365568887,0.2842280719666315
2023-08-02,932.238,-3.2717333242713456,0.0924973005454439,-9.3998375,-1.6804337884842862,1.77293108902973,0.2943322689137531
2023-08-03,928.096,-7.408993231737367,0.1816446074773372,-9.404628,-1.6560226021215276,1.8376672095988649,0.3043335755774857
2023-08-04,932.397,-3.103424942850824,0.270810826634784,-9.414743,-1.630975435813662,1.901786262448446,0.3142280709351636
2023-08-05,933.712,-1.7823992726367788,0.3599556509848736,-9.420146,-1.6053184434402623,1.965274094425136,0.3240118765420804
2023-08-06,937.051,1.5629096644000875,0.4490387497671135,-9.425463,-1.579077983305044,2.028116733072157,0.3336811586627572
2023-08-07,934.009,-1.4728497429117249,0.5380197952075464,-9.429652,-1.5522805895018246,2.090300384709371,0.3432321303699719
2023-08-08,935.43,-0.0451118497970375,0.6268584892891754,-9.436296,-1.5249529432769289,2.151811432566104,0.3526610536097092
2023-08-09,930.524,-4.944388580736517,0.7155145905535201,-9.445122,-1.4971218444195842,2.2126364349731045,0.3619642412302032
2023-08-10,936.539,1.0772256762612749,0.8039479409080788,-9.475969,-1.4688141827117844,2.272762123619863,0.3711380589733176
2023-08-11,937.837,2.3814491147757453,0.8921184924142839,-9.473473,-1.4400569094689402,2.332175401883224,0.3801789274265458
2023-08-12,927.858,-7.591624322400341,0.979986334030561,-9.452579,-1.4108770092024538,2.390863343233015,0.3890833239339722
2023-08-13,931.559,-3.884492695895327,1.0675117182849558,-9.438458,-1.381301471435163,2.448813189720119,0.3978477844645823
2023-08-14,930.242,-5.195309250764721,1.1546550878518822,-9.422687,-1.3513572627003343,2.5060123505522167,0.4064689054363765
2023-08-15,937.481,2.051125216303102,1.241377102007462,-9.400232,-1.321071298754617,2.562448400762079,0.4149433454947868
2023-08-16,931.661,-3.761886715003259,1.3276386629380652,-9.386612,-1.2904704170350545,2.6181090799731197,0.4232678272439688
2023-08-17,932.745,-2.6703440696699,1.413400941876653,-9.375096,-1.259581349389905,2.6729822912665586,0.4314391389295905
2023-08-18,936.34,0.9324053490786176,1.49862540504165,-9.359899,-1.228430695112645,2.727056100154295,0.4394541360718079
2023-08-19,936.398,0.9982988314763436,1.583273839353262,-9.372909,-1.1970448943081011,2.780318733661363,0.4473097430471802
2023-08-20,937.469,2.0772134097664066,1.6673083779022302,-9.81161,-1.1654502016192614,2.832758579521492,0.455002954618345
2023-08-21,934.991,-0.3930050223037686,1.750691525146245,-10.260721,-1.1336726603427665,2.8843641854890114,0.4625308374103307
2023-08-22,931.944,-3.432133154119396,1.8333861818094748,-10.221026,-1.101738076960654,2.935124258770129,0.4698905313324621
2023-08-23,937.587,2.21864532770094,1.9153556694608933,-10.171158,-1.0696719961153405,2.985027665576234,0.4770792509448794
2023-08-24,934.496,-0.864716016292975,1.9965637547473416,-10.11356,-1.0374996760542827,3.0340634308016243,0.4840942867687532
2023-08-25,929.874,-5.47919669110889,2.076974673257646,-10.051,-1.005246064570164,3.08222073782781,0.4909330065393602
2023-08-26,930.3,-5.045464837237319,2.1565531529943485,-9.988336,-0.9729357754618242,3.1294889284561727,0.4975928564012442
2023-08-27,940.324,4.9864298922415005,2.2352644374300232,-9.927182,-0.9405930655405016,3.175857502970525,0.5040713620447664
2023-08-28,937.813,2.4831872573422413,2.313074308125548,-9.872916,-0.908241812205294,3.221316120330842,0.5103661297834126
2023-08-29,934.001,-1.3211936668619024,2.389949106888085,-9.827614,-0.8759054916110164,3.265854598499101,0.5164748475713034
2023-08-30,935.93,0.6155699856293695,2.465855757446985,-9.794189,-0.8436071574509264,3.309462914897912,0.5223952859604274
2023-08-31,936.413,1.1063279493519955,2.5407617866263035,-9.774647,-0.8113694203760342,3.352131207002338,0.5281252989971807
2023-09-01,937.341,2.04239539480548,2.614635344993057,-9.792556,-0.7792144280719248,3.3938497730649817,0.5336628250578758
2023-09-02,923.892,-11.39887237783582,2.687445226961014,-9.890886,-0.7471638460132339,3.434609072974248,0.5390058876229579
2023-09-03,936.983,1.700514171342543,2.759160890330137,-9.919722,-0.7152388389151005,3.474399729245237,0.5441525959897306
2023-09-04,938.139,2.864807457948652,2.8297524752426004,-9.893893,-0.6834600529000656,3.513212528142666,0.5491011459234758
2023-09-05,932.63,-2.6359932356347318,2.899190822536688,-9.873855,-0.6518475983980417,3.551038420934729,0.5538498202469084
2023-09-06,937.415,2.157335816958035,2.96744749148066,-9.84363,-0.6204210337960798,3.58786852527674,0.5583969893680043
2023-09-07,934.805,-0.4444363237554334,3.0344947768692414,-9.800411,-0.5891993498537893,3.623694126723031,0.5627411117462807
2023-09-08,937.542,2.300895435067925,3.100305725465972,-9.761166,-0.5582009548993172,3.658506680365289,0.5668807342977024
2023-09-09,937.78,2.5471300574127222,3.1648541517755264,-9.732743,-0.5274436608199009,3.6922978125954273,0.5708144927384392
2023-09-10,932.422,-2.802733109724091,3.2281146531306493,-9.724794,-0.4969446698600362,3.7250593229906857,0.5745411118677906
2023-09-11,942.057,6.840473045358976,3.29006262407908,-9.717454,-0.4667205622393512,3.7567831863184304,0.5780594057906302
2023-09-12,940.447,5.238579243608902,3.350674270056736,-9.7141485,-0.4367872846013196,3.787461554658055,0.5813682780798273
2023-09-13,935.339,0.1385848572728099,3.4099266203339837,-9.699479,-0.4071601393029421,3.8170867596369256,0.5844667218791336
2023-09-14,936.731,1.5386594950681796,3.467797540222711,-9.681447,-0.3778537745545515,3.845651314777263,0.5873538199471096
2023-09-15,933.66,-1.5243716826412912,3.524265742532711,-9.672951,-0.3488821754178829,3.873147917950594,0.590028744642727
2023-09-16,936.088,0.9118615865030468,3.5793107982666155,-9.655482,-0.3202586556695505,3.899569453936166,0.5924907578533324
2023-09-17,938.522,3.354240999081803,3.632913146543544,-9.640341,-0.2919958505360459,3.924908997079589,0.5947392108657328
2023-09-18,942.34,7.18052016992046,3.685054103742347,-9.62089,-0.264105710305358,3.949159814047705,0.596773544181218
2023-09-19,941.247,6.095523018309134,3.735715871856277,-9.593703,-0.2365994948192838,3.972315366675561,0.5985932872753849
2023-09-20,934.926,-0.2175705426561827,3.7848815460517056,-9.577559,-0.2094877688494747,3.994369314901181,0.6001980583036992
2023-09-21,935.965,0.8294229960525965,3.832535121424408,-9.575976,-0.1827803983592189,4.015315519783627,0.6015875637537756
2023-09-22,937.943,2.8153365836558875,3.878661498947776,-9.58,-0.1564865476519358,4.035148046599711,0.6027615980453995
2023-09-23,937.112,1.99214816528146,3.923246490608276,-9.578526,-0.1306146774063299,4.053861168014605,0.6037200430793952
2023-09-24,940.125,5.012857236631028,3.96627682372428,-9.573526,-0.1051725435971029,4.071449367321383,0.604462867736458
2023-09-25,932.07,-3.0345367065935225,4.007740144445331,-9.579897,-0.0801671972991034,4.087907341744435,0.6049901273271366
2023-09-26,935.251,0.1544658952229216,4.047625020429839,-9.58676,-0.0556049853717707,4.10323000580161,0.6053019629941928
2023-09-27,944.623,9.534663082504672,4.08592094270004,-9.588049,-0.0314915520196969,4.117412494719736,0.6053986010686017
2023-09-28,941.132,6.051761060890241,4.122618326674054,-9.58551,-0.0078318412241303,4.130450167898185,0.6052803523805079
2023-09-29,938.629,3.5567594440134416,4.157708512375692,-9.5865555,0.0153698999607893,4.142338612414902,0.6049476115264725
2023-09-30,935.319,0.2546578455078983,4.191183763823639,-9.648547,0.0381101172542415,4.153073646569397,0.6044008560944075
2023-10-01,939.246,4.189790788876682,4.223037267602595,-9.685872,0.0603859441455782,4.162651323457017,0.6036406458476025
2023-10-02,940.531,5.482814626380359,4.253263130619692,-9.7034235,0.0821951960509814,4.17106793456871,0.6026676218692941
2023-10-03,938.889,3.848729022558503,4.281856377050665,-9.712643,0.1035363636400697,4.178320013410595,0.6014825056692604
2023-10-04,943.09,8.057533641950299,4.308812944480957,-9.703586,0.1244086053435206,4.184404339137436,0.6000860982539327
2023-10-05,939.351,4.326228149095387,4.334129679247955,-9.707158,0.1448117390537824,4.189317940194172,0.5984792791615636
2023-10-06,939.603,4.585812208533124,4.357804330991344,-9.691501,0.1647462330317993,4.193058097959545,0.5966630054639902
2023-10-07,942.142,7.132285484803101,4.379835546419653,-9.666243,0.1842131960336472,4.195622350386006,0.5946383107365704
2023-10-08,941.896,6.893647642444403,4.40022286230166,-9.639053,0.2032143666718469,4.197008495629813,0.5924063039978645
2023-10-09,942.229,7.233898345996607,4.418966697692508,-9.633058,0.2217521020269903,4.197214595665519,0.589968168620682
2023-10-10,942.562,7.574037259999421,4.436068345404971,-9.649303,0.2398293655262,4.196238979878771,0.5873251612160807
2023-10-11,942.106,7.125064048991941,4.451529962737367,-9.674331,0.2574497141057503,4.194080248631616,0.5844786104919608
2023-10-12,944.546,9.571978377513773,4.465354561470331,-9.696984,0.2746172846760259,4.190737276794305,0.5814299160878617
2023-10-13,939.552,4.58477991010419,4.477545997145565,-9.696633,0.2913367799077597,4.186209217237805,0.5781805473876176
2023-10-14,939.704,4.74346831130255,4.488108957640402,-9.682697,0.3076134533592966,4.180495504281105,0.5747320423114788
2023-10-15,940.909,5.955043245648661,4.497048951052934,-9.666932,0.323453093965349,4.173595857087585,0.5710860060893517
2023-10-16,940.74,5.792504377681706,4.504372292913151,-9.663347,0.3388620099084576,4.165510283004693,0.5672441100167801
2023-10-17,942.8,7.858851371941062,4.510086092736333,-9.652226,0.3538470118950628,4.15623908084127,0.5632080901952937
2023-10-18,942.037,7.1020838929663705,4.514198239935659,-9.643774,0.368415395858765,4.145782844076894,0.5589797462587364
2023-10-19,936.914,1.9852016052966808,4.516717389111778,-9.627178,0.3825749251140005,4.134142463997778,0.5545609400871893
2023-10-20,941.152,6.229204173471883,4.517652944737726,-9.599912,0.3963338119839889,4.1213191327537375,0.5499535945100696
2023-10-21,941.875,6.958091262031089,4.517015045258309,-9.577653,0.4097006989273809,4.107314346330928,0.5451596919999966
2023-10-22,940.938,6.026862535513972,4.514814546623709,-9.575123,0.4226846391886233,4.092129907435086,0.5401812733589735
2023-10-23,938.758,3.852517658459651,4.5110630052777365,-9.599709,0.4352950769975625,4.075767928280174,0.5350204363984344
2023-10-24,944.965,10.065056295407668,4.505772660621752,-9.61784,0.4475418273443484,4.058230833277404,0.5296793346146702
2023-10-25,942.662,7.767478110897624,4.498956416975817,-9.660238,0.4594350553561333,4.039521361619684,0.5241601758611304
2023-10-26,938.612,3.722464286229473,4.490627825059394,-9.67533,0.4709852553025366,4.019642569756858,0.5184652210190668
2023-10-27,934.282,-0.6028970167719006,4.480801063014199,-9.661008,0.4822032292572313,3.998597833756968,0.5125967826679632
2023-10-28,939.21,4.329799982969471,4.469490916992509,-9.648621,0.4931000654434148,3.976390851549094,0.5065572237571532
2023-10-29,943.287,8.411342087899332,4.456712761334689,-9.645956,0.5036871162912337,3.9530256450434553,0.5003489562800092
2023-10-30,937.1,2.228745951923539,4.44248253836007,-9.6302805,0.5139759762355848,3.9285065621244857,0.4939744399520405
2023-10-31,941.388,6.521053167020453,4.42681673779587,-9.603484,0.5239784592829668,3.902838278512904,0.4874361808942093
2023-11-01,940.219,5.356263321925066,4.4097323758691935,-9.572791,0.5337065763763208,3.8760257994928726,0.4807367303227292
2023-11-02,938.414,3.555376005372411,4.391246974087457,-9.561952,0.5431725125869896,3.848074461500467,0.4738786832465765
2023-11-03,937.277,2.42239080609781,4.371378537733074,-9.54211,0.5523886041631355,3.8189899335699375,0.4668646771738988
2023-11-04,939.537,4.68630731283597,4.350145534098442,-9.543118,0.5613673154640647,3.7887782186343775,0.4596973908284644
2023-11-05,938.371,3.5241251143226027,4.327566870487555,-9.548419,0.570121215810042,3.757445654677513,0.4523795428772515
2023-11-06,948.645,13.801843799292472,4.303661872010888,-9.578251,0.5786629562772421,3.7249989157336456,0.4449138906702284
2023-11-07,935.314,0.4744629564807421,4.2784502592003495,-9.610556,0.5870052464675329,3.691445012732816,0.4373032289933281
2023-11-08,947.008,12.17201026324834,4.251952125471338,-9.610918,0.5951608312827785,3.65679129418856,0.4295503888355791
2023-11-09,940.572,5.739457982982478,4.224187914459039,-9.617428,0.6031424677333347,3.621045446725704,0.4216582361712896
2023-11-10,942.558,7.72880570857785,4.195178397256274,-9.625756,0.6109629018103429,3.584215495445932,0.4136296707581471
2023-11-11,939.666,4.840053032929175,4.164944649580263,-9.6416855,0.6186348454513195,3.546309804128943,0.4054676249520316
2023-11-12,940.74,5.917199548930951,4.13350802889576,-9.649579,0.6261709536284216,3.5073370752673387,0.3971750625392962
2023-11-13,938.19,3.3702448494779302,4.10089015152198,-9.652715,0.6335838015885945,3.467306349933385,0.3887549775872047
2023-11-14,938.67,3.853188527464786,4.067112869750795,-9.642061,0.6408858622746011,3.426227007476194,0.3802103933131742
2023-11-15,943.911,9.097030175786298,4.032198249003595,-9.669635,0.6480894839557073,3.384108765047888,0.3715443609734029
2023-11-16,935.349,0.5377693873370604,3.996168545054133,-9.780536,0.6552068680965318,3.340961676957601,0.3627599587714147
2023-11-17,931.911,-2.8974555773618245,3.9590461813445694,-9.771668,0.6622500474922488,3.296796133852321,0.3538602907869929
2023-11-18,944.934,10.128277404806578,3.9208537264217966,-9.867319,0.669230864698021,3.251622861723776,0.3448484859259221
2023-11-19,942.839,8.035909838657059,3.881613871520909,-9.909833,0.6761609507801588,3.20545292074075,0.3357276968908901
2023-11-20,941.93,7.12944134629246,3.841349408322563,-9.882101,0.6830517044161035,3.1582977039064595,0.3265010991738626
2023-11-21,936.666,1.86787154981446,3.800083206910588,-9.869364,0.6899142713699066,3.110168935540681,0.3171718900701638
2023-11-22,933.188,-1.6077999286746754,3.757838193956061,-9.844209,0.6967595243694156,3.061078669586645,0.3077432877144565
2023-11-23,940.712,5.919213190937163,3.714637331153713,-9.817524,0.7035980434108772,3.011039287742836,0.2982185301387474
2023-11-24,936.832,2.0421116235637573,3.670503593936131,-9.79509,0.7104400965161506,2.9600634974199806,0.2886008743524933
2023-11-25,939.38,4.592895110325179,3.625459950490943,-9.771473,0.7172956209671753,2.908164329523768,0.278893595444818
2023-11-26,939.663,4.878563392341181,3.5795293411057227,-9.7440815,0.7241742050417493,2.8553551360639733,0.2690999857088025
2023-11-27,941.799,7.017116210731665,3.5327346578648724,-9.714828,0.7310850702740674,2.8016495875908047,0.2592233537877483
2023-11-28,941.836,7.056553306616256,3.485098724722405,-9.689922,0.7380370542628407,2.747061670459564,0.2492670238432621
2023-11-29,938.917,4.139874421114948,3.4366442779738966,-9.676093,0.745038594049133,2.6916056839247635,0.239234334744952
2023-11-30,941.527,6.752079295347718,3.387393947150457,-9.684361,0.7520977100853965,2.635296237065061,0.2291286392814712
2023-12-01,944.352,9.579167670434224,3.3373702363570104,-9.718312,0.7592219908164279,2.578148245540582,0.218953303392597
2023-12-02,945.663,10.892139287494505,3.2865955060765266,-9.749907,0.7664185778922803,2.520176928184246,0.2087117054219688
2023-12-03,939.085,4.315993887648179,3.2350919554613125,-9.793233,0.7736941520323473,2.461397803428965,0.1984072353900779
2023-12-04,944.488,9.720117583446823,3.182881605131823,-9.784604,0.7810549195591036,2.4018266855727197,0.188043294287021
2023-12-05,939.871,5.104140695644247,3.129986280502692,-9.791442,0.7885065996191376,2.3414796808835545,0.177623293384512
2023-12-06,938.814,4.048062871965925,3.076427595655162,-9.799988,0.7960544121083167,2.2803731835468453,0.1671506535665765
2023-12-07,938.476,3.7108837601371727,3.0222269377742634,-9.822364,0.8037030663170465,2.218523871457217,0.1566288046783138
2023-12-08,942.978,8.21360300788375,2.967405452168362,-9.8143635,0.8114567503107432,2.155948701857619,0.1460611848920713
2023-12-09,937.957,3.193220262931263,2.911984027887984,-9.816238,0.819319121059749,2.092664906828235,0.135451240090322
2023-12-10,934.271,-0.4922648269950165,2.855983283960027,-9.82266,0.827293295332007,2.0286899886280203,0.1248024232645004
2023-12-11,938.419,3.656862829439242,2.799423556252635,-9.80417,0.8353818413609047,1.9640417148917304,0.1141181939290119
2023-12-12,941.581,6.8198732519986285,2.7423248849852464,-9.79358,0.843586771299762,1.8987381136854844,0.1034020175495845
2023-12-13,943.11,8.349152568312006,2.684707002897421,-9.79074,0.851909534473495,1.8327974684239257,0.0926573649851092
2023-12-14,942.005,7.244331114210524,2.6265893240892577,-9.78594,0.8603510114370161,1.7662383126522416,0.0818877119420581
2023-12-15,934.893,0.1324085524971396,2.567990933545282,-9.769471,0.8689115088489758,1.699079424696306,0.0710965384405611
2023-12-16,941.215,6.455025209672037,2.508930577352803,-9.748506,0.8775907551684681,1.6313398221843347,0.0602873282911657
2023-12-17,941.504,6.744523868425901,2.4494266536248728,-9.736868,0.8863878971813122,1.5630387564435606,0.0494635685812988
2023-12-18,938.979,4.219904288959631,2.3894972041370046,-9.780401,0.8953014973615542,1.4941957067754503,0.0386287491704036
2023-12-19,941.448,6.688552602905561,2.3291599066858635,-9.879107,0.9043295320728026,1.4248303746130608,0.0277863621927035
2023-12-20,931.092,-3.6679008499016006,2.2684320681772983,-10.032008,0.91346939061301,1.3549626775642882,0.0169399015665344
2023-12-21,936.361,1.6006446448312672,2.207330618449959,-10.267058,0.922717875105299,1.28461274334466,0.0060928625091456
2023-12-22,930.218,-4.542950415790867,2.1458721048399725,-10.436101,0.9320712012363924,1.21380090360358,-0.0047512589441306
2023-12-23,936.434,1.6726060237407836,2.084072687490953,-10.457095,0.9415249998432218,1.1425476876477312,-0.0155889664174746
2023-12-24,933.897,-0.8649299340240655,2.0219481354128663,-10.462882,0.9510743193472168,1.0708738160656497,-0.0264167636700651
2023-12-25,930.32,-4.442479850097328,1.9595138232921048,-10.459565,0.960713629034788,0.9988001942573166,-0.0372311550706204
2023-12-26,931.666,-3.096354396214622,1.8967847290542257,-10.452366,0.970436823181487,0.9263479058727386,-0.0480286460721426
2023-12-27,933.05,-1.7117380611632516,1.833775432179779,-10.448894,0.9802372260162908,0.8535382061634881,-0.0588057436880384
2023-12-28,936.362,1.600907148105297,1.7705001127726576,-10.437955,0.9901075975214558,0.7803925152512018,-0.0695589569707828
2023-12-29,932.963,-1.7975419525397054,1.7069725513793998,-10.418335,1.0000401400623649,0.706932411317035,-0.0802847974943045
2023-12-30,935.116,0.3564318473579404,1.6432061295568878,-10.54294,1.0100265058407931,0.6331796237160945,-0.0909797798412555
2023-12-31,933.932,-0.8263733541233464,1.5792138311848598,-10.510523,1.0200578051639988,0.559156026020861,-0.101640422096349
