date,gps_raw_up_mm,gps_detrended_mm,gps_seasonal_mm,hydl_original_up_mm,hydl_seasonal_mm,gps_minus_hydl_mm,poroelastic_mm
2021-01-01,630.741,0.8278923761828508,3.01446316155958,-2.8757696,0.5578354218106263,2.4566277397489538,0.5076792522300952
2021-01-02,634.383,4.455153103162068,2.942119027944295,-2.9600677,0.6128513051527881,2.329267722791507,0.5087243186429289
2021-01-03,632.642,2.6988260378969136,2.868097912890191,-3.0747385,0.6676568225006919,2.200441090389499,0.5093893280568311
2021-01-04,637.899,7.9410184480895,2.79242490716264,-3.2910297,0.7222339746062699,2.07019093255637,0.5096724576282967
2021-01-05,632.2379999999999,2.2650976649354058,2.715126608679942,-3.3493996,0.7765648739238514,1.9385617347560904,0.5095722475188298
2021-01-06,630.577,0.5890542676082146,2.636231107881879,-3.385712,0.8306317514074439,1.805599356474435,0.5090876027881975
2021-01-07,630.874,0.8709523941873736,2.555767971406035,-3.3814294,0.8844169631952997,1.6713510082107352,0.5082177948944965
2021-01-08,629.245,-0.7729688353952371,2.473768224087701,-3.4421942,0.9379029971783288,1.5358652269093729,0.506962462799301
2021-01-09,625.637,-4.395909513838979,2.390264329301224,-3.4085152,0.9910724794490628,1.3991918498521605,0.5053216136766054
2021-01-10,627.9709999999999,-2.0768663673296133,2.305290167662648,-3.4114301,1.043908180628049,1.2613819870345986,0.503295623224723
2021-01-11,628.083,-1.9798361220528256,2.2188810141155364,-3.4029326,1.0963930220646925,1.122487992050844,0.500885235580761
2021-01-12,634.357,4.279184495805702,2.1310735134237677,-3.5153515,1.1485100819097465,0.9825634315140208,0.4980915628377342
2021-01-13,640.254,10.161000889694476,2.041905654097101,-3.6246595,1.2002426010568126,0.8416630530402882,0.4949160841648397
2021-01-14,625.983,-4.125859572284789,1.95141674077716,-3.569188,1.2515739889503628,0.6998427518267971,0.4913606445318644
2021-01-15,626.207,-3.917656579190554,1.8596473651133951,-3.548379,1.3024878292579896,0.5571595358554056,0.4874274530391438
2021-01-16,626.258,-3.882322264387823,1.7666393751603937,-3.5006955,1.3529678854047351,0.4136714897556584,0.483119080854939
2021-01-17,627.436,-2.7199534166970105,1.6724358433297124,-3.4606876,1.4029981059675347,0.2694377373621777,0.4784384587625547
2021-01-18,627.736,-2.435546874803238,1.5770810329311948,-3.4092565,1.4525626299279792,0.1245184030032156,0.4733888743199445
2021-01-19,626.54,-3.647202203792681,1.4806203633403825,-3.3800952,1.501645791781766,-0.0210254284413837,0.4679739686350133
2021-01-20,628.8280000000001,-1.3748163074281785,1.3831003738303744,-3.337681,1.5502321265033894,-0.1671317526730149,0.4621977327602417
2021-01-21,629.035,-1.183386039607667,1.284568686108073,-3.3096564,1.5983063743647776,-0.3137376882567046,0.4560645037107039
2021-01-22,631.439,1.2050917457713357,1.1850739655963147,-3.2997937,1.645853485606784,-0.4607795200104692,0.4495789601099715
2021-01-23,634.1320000000001,3.882581133272813,1.0846658815049492,-3.3210828,1.6928586249625723,-0.6081927434576231,0.442746117468814
2021-01-24,631.2950000000001,1.0299568890804176,0.9833950657353652,-3.3316061,1.739307176032139,-0.7559121102967737,0.4355713231020346
2021-01-25,636.274,5.9931652233389165,0.8813130706643948,-3.49722,1.7851847455073735,-0.9038716748429788,0.4280602506891737
2021-01-26,636.5269999999999,6.229887552623231,0.7784723258548776,-3.5037231,1.83047716724722,-1.0520048413923424,0.4202188944852297
2021-01-27,638.085,7.77149561246998,0.6749260937414665,-3.823243,1.87517050620268,-1.2002444124612133,0.4120535631879322
2021-01-28,631.837,1.5065141559814446,0.5707284243415236,-4.2407,1.919251062191564,-1.3485226378500403,0.4035708734685018
2021-01-29,631.7810000000001,1.433597533935404,0.4659341090420781,-4.381071,1.962705373523044,-1.496771264480966,0.3947777431731935
2021-01-30,630.183,-0.1813975450662314,0.3605986335150072,-4.3928943,2.005520220472258,-1.6449215869572509,0.385681384203314
2021-01-31,624.2410000000001,-6.140378441562719,0.2547781298135886,-4.409425,2.0476826286053265,-1.7929044987917375,0.3762892950817469
2021-02-01,632.925,2.5271823716121804,0.1485293277046067,-4.426443,2.089179871955355,-1.9406505442507485,0.3666092532143836
2021-02-02,643.933,13.518365985122747,0.0419095052910889,-4.5614696,2.1299994760501035,-2.0880899707590146,0.3566493068551968
2021-02-03,636.824,6.392548039479241,-0.0650235610183791,-4.655318,2.170129220792182,-2.235152781810561,0.3464177667840271
2021-02-04,627.21,-3.238476236952988,-0.1722116471370591,-4.6245456,2.20955714319278,-2.381768790329839,0.3359231977064794
2021-02-05,626.579,-3.886397306494533,-0.2795961324667168,-4.6148286,2.248271539960061,-2.527867672426777,0.3251744093856286
2021-02-06,627.788,-2.6942123954156654,-0.3871180515454758,-4.5837965,2.286260969943529,-2.6733790214890054,0.3141804475155432
2021-02-07,630.069,-0.4299915553744836,-0.494718146118201,-4.549,2.3235142564357933,-2.818232402553994,0.3029505843469214
2021-02-08,628.95,-1.5658211506427118,-0.6023369175702725,-4.492003,2.3600204893332704,-2.9623574069035428,0.2914943090754072
2021-02-09,632.761,2.2283178428252453,-0.709914679665149,-4.42651,2.3957690271575616,-3.1056837068227106,0.2798213180034217
2021-02-10,629.231,-1.3184893466751049,-0.8173916115258054,-4.371729,2.430749498939284,-3.248141110465089,0.2679415044865963
2021-02-11,629.758,-0.8082013431430566,-0.9247078107998208,-4.409461,2.46495180596633,-3.3896596167661506,0.2558649486761355
2021-02-12,631.171,0.5881362978609761,-1.0318033469477026,-4.576188,2.498366123398599,-3.530169470346302,0.2436019070686495
2021-02-13,632.1719999999999,1.572309115553646,-1.1386183145938895,-4.892609,2.5309829017513934,-3.669601216345283,0.2311628018752334
2021-02-14,628.428,-2.1887813784415413,-1.2450928868798217,-4.9197173,2.5627928682497387,-3.80788575512956,0.2185582102217398
2021-02-15,638.8190000000001,8.18528758387838,-1.3511673687584982,-5.0795994,2.5937870280560595,-3.9449543968145577,0.2057988531924023
2021-02-16,639.352,8.70093498854133,-1.456782250170012,-5.0994263,2.623956665373654,-4.080738915543666,0.1928955847291152
2021-02-17,628.1320000000001,-2.5365823867231927,-1.5618782590377311,-5.0721946,2.6532933444285765,-4.215171603466308,0.1798593803988504
2021-02-18,623.739,-6.947370470071816,-1.6663964140250187,-5.100596,2.6817889103326,-4.348185324357619,0.1667013260418161
2021-02-19,642.11,11.40593913403094,-1.7702780769927502,-5.215139,2.709435489830001,-4.479713566822752,0.1534326063131064
2021-02-20,630.518,-0.2039211564008227,-1.8734650050981885,-5.308284,2.7362254919310223,-4.609690497029211,0.1400644931306863
2021-02-21,624.606,-6.133802976706091,-1.9758994024763148,-5.3134804,2.7621516084348845,-4.7380510109112,0.1266083340426734
2021-02-22,625.375,-5.382590389410797,-2.0775239714452063,-5.3183446,2.7872068143453688,-4.864730785790576,0.1130755405269353
2021-02-23,623.092,-7.683281014550187,-2.178281963177669,-5.296835,2.811384368181965,-4.989666331359634,0.0994775762361108
2021-02-24,622.621,-8.171872472159752,-2.278117227782,-5.2526536,2.834677812189696,-5.112795039971696,0.0858259452012073
2021-02-25,624.6899999999999,-6.120362382275066,-2.376974263735508,-5.2386193,2.8570809724507678,-5.234055236186276,0.0721321800069599
2021-02-26,632.8620000000001,2.034251635068903,-2.4747982666152275,-5.2641997,2.8785879589012127,-5.35338622551644,0.0584078299521607
2021-02-27,625.27,-5.575287686712102,-2.571535177071156,-5.261107,2.899193165255765,-5.470728342326922,0.0446644492081834
2021-02-28,628.119,-2.7437238315684427,-2.667131727988272,-5.2324276,2.918891268844225,-5.586022996832497,0.0309135849889007
2021-03-01,624.184,-6.695823008621204,-2.7615354907846204,-5.1788263,2.9376772303625973,-5.699212721147218,0.0171667657451835
2021-03-02,627.433,-3.463808036564392,-2.854694920793837,-5.117282,2.9555462935423096,-5.810241214336147,0.0034354893971307
2021-03-03,632.013,1.099323460274808,-2.9465594016816112,-5.053908,2.972493984740827,-5.919053386422439,-0.0102687883828931
2021-03-04,626.638,-4.292657591910978,-3.037079288846777,-4.990304,2.988516112457007,-6.025595401303784,-0.0239346658233775
2021-03-05,627.7470000000001,-3.200523657356314,-3.126205951759043,-4.9521036,3.003608766774517,-6.12981471853356,-0.0375508066300178
2021-03-06,630.525,-0.4392723946630819,-3.213891815186611,-5.0121737,3.017768318736661,-6.231660133923272,-0.0511059514724592
2021-03-07,628.764,-2.217121665100672,-3.300090399268385,-4.9535832,3.030991419655917,-6.331081818924302,-0.0645889293687103
2021-03-08,630.608,-0.3898549083709073,-3.384756358386852,-4.9303794,3.0432750003615223,-6.428031358748374,-0.0779886689546334
2021-03-09,628.7239999999999,-2.2907687928632674,-3.4678455187992423,-4.910194,3.0546162703883843,-6.522461789187627,-0.0912942096260623
2021-03-10,627.4499999999999,-3.581644051068387,-3.5493149149860885,-4.9973936,3.065012717110577,-6.614327632096666,-0.1044947125412576
2021-03-11,626.223,-4.825406532383791,-3.629122824677896,-4.9910393,3.0744621048226697,-6.703584929500565,-0.1175794714715734
2021-03-12,622.289,-8.776053983237588,-3.707228802522282,-4.946421,3.082962473772079,-6.790191276294362,-0.1305379234884039
2021-03-13,623.548,-7.533584150057544,-3.7835937123556014,-4.919679,3.0905121391456127,-6.874105851501215,-0.1433596594746754
2021-03-14,625.445,-5.652966582203918,-3.858179758044827,-4.9554563,3.0971096900132893,-6.955289448058116,-0.1560344344493581
2021-03-15,630.152,-0.962154108018092,-3.930950512867163,-5.1364923,3.102753988232529,-7.033704501099693,-0.1685521776936996
2021-03-16,627.073,-4.05729024980313,-4.001870947396761,-5.0998063,3.107444167315672,-7.109315114712434,-0.1809030026681249
2021-03-17,627.892,-3.254300852664781,-4.070907455869649,-5.053281,3.1111796312638056,-7.182087087133454,-0.1930772167089926
2021-03-18,624.812,-6.350183658739788,-4.138027880999907,-5.037126,3.11396005336973,-7.251987934369637,-0.2050653304946608
2021-03-19,644.636,13.458063589835808,-4.203201537222061,-5.073693,3.115785374992899,-7.31898691221496,-0.2168580672706067
2021-03-20,628.488,-2.705570365255016,-4.266399232336494,-5.09262,3.116655804309015,-7.383055036645507,-0.228446371823598
2021-03-21,625.524,-5.685108435819316,-4.327593287536758,-5.0304694,3.11657181503696,-7.444165102573718,-0.2398214191952538
2021-03-22,622.14,-9.084511088696496,-4.386757555799576,-5.073273,3.115534145145576,-7.502291700945152,-0.2509746231256093
2021-03-23,618.188,-13.051776073699113,-4.443867438620337,-5.0868897,3.113543795542801,-7.557411234163139,-0.2618976442176372
2021-03-24,625.0649999999999,-6.189901140639756,-4.498899901078952,-5.073982,3.1106020287494927,-7.609501929828444,-0.2725823978139983
2021-03-25,629.987,-1.282845720767053,-4.551833485222948,-5.128715,3.10671036756023,-7.658543852783178,-0.2830210615776432
2021-03-26,625.122,-6.162497494722878,-4.602648321756736,-5.087134,3.10187059369326,-7.704518915449995,-0.2932060827682268
2021-03-27,624.2560000000001,-7.043007723247616,-4.651326140028071,-5.0258346,3.096084746431668,-7.747410886459739,-0.3031301852066678
2021-03-28,622.736,-8.577231484464061,-4.697850276304799,-4.9818134,3.089355121257702,-7.787205397562501,-0.3127863759205326
2021-03-29,631.937,0.6099433773644254,-4.742205680337063,-4.9257092,3.081684268482116,-7.823889948819179,-0.3221679514633274
2021-03-30,623.404,-7.9368745110878365,-4.784378920202202,-4.848559,3.073074991870267,-7.857453912072469,-0.3312685039011335
2021-03-31,623.2330000000001,-8.12155799688938,-4.824358185431761,-4.776239,3.063530347266558,-7.887888532698319,-0.3400819264604345
2021-04-01,626.133,-5.234942186844215,-4.862133288421957,-4.689899,3.053053641218743,-7.915186929640699,-0.3486024188313694
2021-04-02,629.245,-2.1361829162945574,-4.897695664131216,-4.5943747,3.0416484296034603,-7.939344093734675,-0.3568244921210529
2021-04-03,627.362,-4.032440414255894,-4.931038368070303,-4.507609,3.0293185162542304,-7.960356884324534,-0.3647429734520051
2021-04-04,626.659,-4.748554181205539,-4.96215607259276,-4.4164023,3.0160679515930564,-7.978224024185816,-0.3723530102011667
2021-04-05,632.4300000000001,1.009879970652091,-4.991045061495342,-4.3452516,3.0019010312666032,-7.992946092761946,-0.3796500738753693
2021-04-06,628.1229999999999,-3.309548607691976,-5.017703222940238,-4.279766,2.986822294787845,-8.004525517728084,-0.3866299636195711
2021-04-07,625.76,-5.684837535020358,-5.042130040712824,-4.2405906,2.970836524183873,-8.012966564896697,-0.3932888093545941
2021-04-08,622.7589999999999,-8.697984430116398,-5.064326583830796,-4.209521,2.953948742650517,-8.018275326481312,-0.3996230745415201
2021-04-09,626.6089999999999,-4.859934186999826,-5.084295494522358,-4.1610045,2.936164213214204,-8.020459707736562,-0.4056295585703495
2021-04-10,630.476,-1.0047386057015462,-5.102040974593324,-4.117936,2.917488437401414,-8.019529411994737,-0.4113053987709476
2021-04-11,629.523,-1.9694401362667804,-5.117568770204643,-4.049288,2.8979271539159304,-8.015495924120573,-0.4166480720447595
2021-04-12,627.542,-3.962059149305293,-5.130886155084023,-3.9902647,2.8774863373239548,-8.008372492407979,-0.4216553961161934
2021-04-13,630.261,-1.2545371784006176,-5.142001912197025,-3.9500923,2.8561721967470124,-7.998174108944037,-0.4263255304030266
2021-04-14,627.788,-3.7389442744670793,-5.150926313904871,-3.9299622,2.833991174562461,-7.984917488467333,-0.430656976505626
2021-04-15,628.0360000000001,-3.5016152794454314,-5.157671100638076,-3.88049,2.8109499451112647,-7.968621045749341,-0.4346485783152055
2021-04-16,630.007,-1.540988037109278,-5.16224945811667,-3.8199606,2.78705541341258,-7.949304871529249,-0.4382995217417959
2021-04-17,624.322,-7.235903623817011,-5.1646759931495625,-3.7340224,2.7623147138845288,-7.926990707034092,-0.4416093340630302
2021-04-18,626.285,-5.282473703038864,-5.164966708047263,-3.6502042,2.7367352090704973,-7.90170191711776,-0.444577882895284
2021-04-19,628.007,-3.5699367316232538,-5.163138973683775,-3.5745482,2.71032448837003,-7.873463462053806,-0.447205374789155
2021-04-20,627.227,-4.359027055066985,-5.159211501245106,-3.5264542,2.6830903667733987,-7.842301868018504,-0.4494923534516788
2021-04-21,633.02,1.4252152922839176,-5.153204312703319,-3.453728,2.6550408835987254,-7.808245196302044,-0.4514396975981248
2021-04-22,634.0,2.396419398794246,-5.145138710056576,-3.3927522,2.6261843012304227,-7.771323011286999,-0.4530486184366217
2021-04-23,633.697,2.084008253799811,-5.13503724337702,-3.3259742,2.596529103857616,-7.7315663472346365,-0.4543206567893011
2021-04-24,635.046,3.423401908746785,-5.122923677709742,-3.3847268,2.56608399621109,-7.689007673920832,-0.4552576798540433
2021-04-25,635.9050000000001,4.272665571014386,-5.108822958867379,-3.491894,2.5348579022971545,-7.643680861164533,-0.4558618776113293
2021-04-26,635.726,4.0834247619763415,-5.09276117816614,-3.5427744,2.502859964126777,-7.595621142292916,-0.4561357588811123
2021-04-27,629.047,-2.605902628425396,-5.074765536150284,-3.5022707,2.470099540438146,-7.54486507658843,-0.4560821470350032
2021-04-28,627.897,-3.766127785784012,-5.054864305353208,-3.4322371,2.436586205410777,-7.491450510763984,-0.4557041753694703
2021-04-29,625.9240000000001,-5.749218392605714,-5.0330867921443065,-3.3565404,2.4023297473691607,-7.435416539513467,-0.4550052821461329
2021-04-30,626.649,-5.034172147092761,-5.00946329771194,-3.2820444,2.367340167473833,-7.376803465185773,-0.4539892053055983
2021-05-01,627.108,-4.58498674744709,-4.984025078233557,-3.256464,2.3316276783976693,-7.315652756631227,-0.4526599768616694
2021-05-02,629.014,-2.6886598918703792,-4.956804304285184,-3.2089577,2.295202702985134,-7.252007007270317,-0.4510219169831083
2021-05-03,626.4300000000001,-5.282102480197199,-4.927834019542983,-3.1393874,2.25807587289207,-7.185909892435053,-0.4490796277704831
2021-05-04,628.2560000000001,-3.4653241881869925,-4.897148098830662,-3.0696094,2.2202580272036205,-7.1174061260342825,-0.4468379867359801
2021-05-05,624.7439999999999,-6.986402175826848,-4.864781205566886,-2.9716105,2.1817602110277066,-7.046541416594593,-0.4443021399943841
2021-05-06,627.966,-3.7733341156736686,-4.83076874866768,-2.8780642,2.142593674061477,-6.973362422729157,-0.4414774951737648
2021-05-07,630.7040000000001,-1.0436069318557113,-4.795146838959201,-2.8169487,2.1027698691280587,-6.897916708087259,-0.4383697140546991
2021-05-08,625.9209999999999,-5.834590341625587,-4.757952245156791,-2.7678907,2.062300450680858,-6.820252695837649,-0.4349847049471828
2021-05-09,626.775,-4.988180361302314,-4.719222349466589,-2.7263083,2.0211972732726404,-6.74041962273923,-0.4313286148146618
2021-05-10,626.769,-5.001644919191564,-4.678995102866284,-2.6679132,1.979472389986528,-6.658467492852812,-0.4274078211548889
2021-05-11,625.171,-6.606981546478009,-4.637308980121885,-2.60455,1.9371380508260363,-6.574447030947921,-0.42322892364759
2021-05-12,626.764,-5.021187774346785,-4.594202934597511,-2.529915,1.894206701061222,-6.488409635658733,-0.4187987355791714
2021-05-13,622.735,-9.057179438669552,-4.549716352915286,-2.4456217,1.850690979527964,-6.40040733244325,-0.4141242750549401
2021-05-14,624.641,-7.1580335459630255,-4.5038890095225375,-2.370332,1.806603716877398,-6.310492726399936,-0.4092127560095454
2021-05-15,628.9240000000001,-2.8817476153140205,-4.456761021223345,-2.335564,1.761957933772483,-6.218718954995828,-0.4040715790265619
2021-05-16,626.578,-5.234400861123271,-4.408372801731431,-2.2866395,1.7167668390286597,-6.12513964076009,-0.3987083219783394
2021-05-17,632.677,0.8580886728548429,-4.358765016301162,-2.232855,1.6710438276955577,-6.02980884399672,-0.3931307304974411
2021-05-18,628.8589999999999,-2.966539633979857,-4.307978536493202,-2.2095606,1.624802479076714,-5.932781015569916,-0.3873467082911524
2021-05-19,630.888,-0.944012955733838,-4.256054395130937,-2.1807635,1.5780565546842182,-5.834110949815155,-0.3813643073107285
2021-05-20,628.5600000000001,-3.278344614064855,-4.203033741503491,-2.2585576,1.5308199961252809,-5.733853737628772,-0.3751917177871798
2021-05-21,627.552,-4.292516857770438,-4.148957796870585,-2.2943637,1.4831069229176643,-5.632064719788249,-0.3688372581455401
2021-05-22,627.078,-4.772527260410223,-4.093867810323967,-2.3398988,1.4349316302309765,-5.528799440554943,-0.3623093648096749
2021-05-23,626.0409999999999,-5.815373395543547,-4.037805015059528,-2.3618484,1.386308586550842,-5.424113601610371,-0.3556165819098062
2021-05-24,628.6279999999999,-3.2340528367300854,-3.980810585113539,-2.3160195,1.3372524312629916,-5.318063016376531,-0.3487675509050087
2021-05-25,628.1790000000001,-3.688563157529386,-3.922925592615612,-2.27375,1.2877779721543556,-5.210703564769967,-0.3417710001330202
2021-05-26,625.02,-6.852901931501238,-3.864190965610297,-2.1757705,1.2379001828282885,-5.102091148438586,-0.3346357342997671
2021-05-27,627.832,-4.046066732204949,-3.8046474464981808,-2.1142015,1.1876342000311049,-4.992281646529285,-0.3273706239210553
2021-05-28,626.7669999999999,-5.116055133200396,-3.744335551146523,-2.0488546,1.1369953208871546,-4.881330872033677,-0.3199845947289146
2021-05-29,628.7420000000001,-3.1458647080466737,-3.683295528718368,-1.9707472,1.085999000039746,-4.769294528758114,-0.312486617055093
2021-05-30,630.445,-1.4472404163642798,-3.621567322268031,-1.8971224,1.0346608466952667,-4.656228168963298,-0.3048856952042149
2021-05-31,627.684,-4.21248492796377,-3.559190530149687,-1.8274953,0.9829966215679578,-4.542187151717645,-0.2971908568290992
2021-06-01,629.257,-2.643564209475995,-3.496204368284629,-1.7556767,0.93102223372286,-4.427226602007489,-0.2894111423207059
2021-06-02,631.839,-0.0655482079678324,-3.4326476333314324,-1.6976374,0.8787537373145224,-4.311401370645955,-0.2815555942251459
2021-06-03,632.359,0.4505304171518296,-3.368558666802058,-1.6278374,0.82620732821921,-4.194765995021268,-0.2736332467001303
2021-06-04,635.7969999999999,3.884762001364156,-3.30397532016542,-1.55735,0.7733993405583727,-4.077374660723793,-0.2656531150231707
2021-06-05,637.6840000000001,5.767931363266476,-3.2389349209786698,-1.508177,0.7203462431113004,-3.95928116408997,-0.2576241851637481
2021-06-06,635.602,3.682266651533342,-3.173474240084838,-1.4642876,0.66706463561497,-3.840538875699808,-0.2495554034315841
2021-06-07,635.429,3.5052794172629618,-3.1076294599140915,-1.4253836,0.6135712449492129,-3.721200704863304,-0.2414556662130293
2021-06-08,633.619,1.6911815214859949,-3.041436143924155,-1.368845,0.5598829212054486,-3.601319065129603,-0.2333338098074513
2021-06-09,633.577,1.644654654194055,-2.974929207213989,-1.3227453,0.5060166336373605,-3.48094584085135,-0.2251986003753797
2021-06-10,631.322,-0.6155689822199149,-2.9081428883430043,-1.3524352,0.4519894664920159,-3.36013235483502,-0.2170587240099961
2021-06-11,635.537,3.5943747886259825,-2.841110722386566,-1.3272668,0.3978186147200623,-3.238929337106629,-0.2089227769434045
2021-06-12,631.4380000000001,-0.5096248784522781,-2.7738655152566425,-1.2854075,0.3435213795637944,-3.117386894820437,-0.2007992558989232
2021-06-13,634.2719999999999,2.3202967012487017,-2.7064393193148395,-1.2291774,0.2891151640219946,-2.995554483336834,-0.1926965486004573
2021-06-14,636.1980000000001,4.241616723186125,-2.6388634103031463,-1.1721898,0.2346174681906336,-2.87348087849378,-0.1846229244497984
2021-06-15,633.1830000000001,1.2220987719566052,-2.571168265615977,-1.114722,0.1800458844786473,-2.7512141500946243,-0.1765865253824799
2021-06-16,629.266,-2.699350319845872,-2.503383543935153,-1.0419556,0.1254180926981837,-2.6288016366333364,-0.1685953569125879
2021-06-17,631.0010000000001,-0.9684906231380732,-2.435538066247649,-0.9641831,0.0707518550288391,-2.506289921276488,-0.1606572793766806
2021-06-18,630.134,-1.8394142068567287,-2.3676597982640004,-0.89108706,0.0160650108556203,-2.3837248091196206,-0.1527799993867191
2021-06-19,632.746,0.768724131678193,-2.299775834253321,-0.83570933,-0.0386245285195151,-2.2611513057338057,-0.1449710615016421
2021-06-20,633.242,1.2606829514887743,-2.2319123823089484,-0.79167855,-0.0932987852924814,-2.138613597016467,-0.1372378401269398
2021-06-21,629.8979999999999,-2.0873112143587607,-2.1640947510567785,-0.74232554,-0.147939720698037,-2.0161550303587417,-0.1295875316512977
2021-06-22,639.849,7.859592040240187,-2.096347337816358,-0.6993533,-0.2025292406765002,-1.893818097139858,-0.1220271468290835
2021-06-23,632.494,0.5005385042751422,-2.0286936182228184,-0.63875073,-0.2570492016656459,-1.7716444165571723,-0.1145635034171315
2021-06-24,634.79,2.7925242531505226,-1.961156137315732,-0.60244834,-0.3114814165170069,-1.6496747207987248,-0.1072032190739772
2021-06-25,631.402,-0.5996514807288529,-1.893756502099014,-0.5628033,-0.365807660535653,-1.5279488415633609,-0.0999527045293544
2021-06-26,632.017,0.0107849196914213,-1.8265153755739123,-0.52348137,-0.4200096776423059,-1.4065056979316066,-0.0928181570314353
2021-06-27,630.747,-1.2637814372144156,-1.7594524722451816,-0.47774985,-0.4740691866564894,-1.2853832855886922,-0.0858055540789541
2021-06-28,633.024,1.0082440476369352,-1.6925865550985149,-0.42322454,-0.5279678876991967,-1.1646186673993182,-0.0789206474449966
2021-06-29,636.897,4.875955635285951,-1.625935434045316,-0.37377116,-0.5816874687133873,-1.0442479653319288,-0.0721689574988754
2021-06-30,634.226,2.1996449905635247,-1.5595159658288738,-0.33041134,-0.6352096121004315,-0.9243063537284424,-0.0655557678321569
2021-07-01,630.645,-1.3868119737071027,-1.4933440553840789,-0.29160398,-0.6885160014704245,-0.8048280539136542,-0.0590861201945157
2021-07-02,633.316,1.2788700908188724,-1.427434658640776,-0.25271642,-0.741588328504095,-0.6858463301366811,-0.0527648097447221
2021-07-03,635.617,3.5745586928163644,-1.3618017867589869,-0.20744358,-0.79440829992387,-0.5673934868351167,-0.0465963806216809
2021-07-04,635.408,3.360379409326966,-1.2964585117821954,-0.16331522,-0.8469576445714226,-0.4495008672107727,-0.0405851218400463
2021-07-05,631.1320000000001,-0.9206397862335742,-1.2314169736930805,-0.123555616,-0.8992181205888792,-0.3321988531042013,-0.0347350635145438
2021-07-06,633.28,1.2224095874708651,-1.1666883888541015,-0.106667995,-0.951171522700644,-0.2155168661534576,-0.0290499734167282
2021-07-07,636.513,4.4502996328457485,-1.1022830598135331,-0.0755493,-1.002799689592633,-0.0994833702209001,-0.0235333538675026
2021-07-08,634.3100000000001,2.242325805228369,-1.0382103864556729,-0.027098095,-1.054084511385496,0.0158741249298233,-0.0181884389683155
2021-07-09,633.649,1.5764880672596535,-0.9744788784721616,0.030519158,-1.1050079371982438,0.1305290587260821,-0.0130181921735482
2021-07-10,629.557,-2.5203222698138115,-0.9110961691295622,0.06815449,-1.155551982798494,0.2444558136689317,-0.0080253042061755
2021-07-11,632.1510000000001,0.0691900265417593,-0.8480690303065987,0.10344151,-1.2056987383353848,0.357629708028786,-0.0032121913183922
2021-07-12,635.864,3.77756761942199,-0.7854033887727798,0.15136722,-1.2554303761509988,0.470026987378219,0.0014190061015461
2021-07-13,636.738,4.646923207809046,-0.7231043436784438,0.21278046,-1.304729158666004,0.5816248149875604,0.0058664245754094
2021-07-14,634.251,2.155452406055307,-0.6611761852246294,0.25927645,-1.353577446334986,0.6924012611103567,0.0101284782335932
2021-07-15,634.171,2.071156377919103,-0.5996224144796384,0.29940376,-1.4019577056668406,0.8023352911872023,0.0142038591662072
2021-07-16,634.186,2.0819934649768856,-0.538445764307564,0.33143175,-1.4498525173053671,0.9114067529978034,0.0180915374270776
2021-07-17,633.887,1.7787768080119393,-0.4776482213726456,0.35928774,-1.4972445841650868,1.0195963627924411,0.0217907606914696
2021-07-18,630.5260000000001,-1.5863476887510894,-0.4172310491817946,0.4053669,-1.5441167396171036,1.126885690435309,0.0253010535687854
2021-07-19,633.641,1.524699318704621,-0.3571948121263212,0.4301986,-1.5904519557197263,1.233257143593405,0.0286222165718737
2021-07-20,633.972,1.8516497216282417,-0.2975394004825168,0.4483682,-1.6362333514883465,1.338693951005829,0.0317543247450213
2021-07-21,632.7270000000001,0.6026730488436356,-0.2382640563294891,0.4814296,-1.681444201199001,1.4431801448695118,0.0346977259530922
2021-07-22,636.498,4.369869158714408,-0.1793674003414293,0.5075913,-1.7260679427198178,1.5467005423783884,0.0374530388346861
2021-07-23,634.514,2.382239104916998,-0.1208474594103298,0.53485835,-1.770088185864491,1.649240726454161,0.0400211504225869
2021-07-24,637.795,5.659783941127667,-0.0627016950540479,0.56159633,-1.813488720761732,1.7507870257076836,0.0424032134351671
2021-07-25,636.332,4.1934763634353605,-0.0049270325636253,0.59711164,-1.8562535262345563,1.8513264936709315,0.0446006432428053
2021-07-26,634.7120000000001,2.5703450125175045,0.0524801091572686,0.6246944,-1.8983667781831308,1.9508468873403997,0.0466151145137613
2021-07-27,637.525,5.380207362357893,0.1095237871087589,0.65622044,-1.93981285796478,2.049336645073539,0.0484485575443218
2021-07-28,631.2990000000001,-0.8489163346374013,0.1662085031159093,0.69502217,-1.980576360764675,2.146784863880584,0.0501031542784174
2021-07-29,631.9,-0.2506843381344272,0.2225391722042378,0.73293555,-2.020642103950587,2.2431812761548247,0.0515813340222665
2021-07-30,634.409,2.2557135566556896,0.2785210904799435,0.7586057,-2.0599951354050074,2.338516225884951,0.05288576885996
2021-07-31,636.1999999999999,4.044250899377923,0.3341599025658279,0.7412223,-2.0986207418278706,2.4327806443936986,0.054019368776267
2021-08-01,631.061,-1.097202713448978,0.3894615686444921,0.74896765,-2.1365044570029768,2.525966025647469,0.0549852764932627
2021-08-02,634.807,2.6467914116107063,0.4444323311608665,0.7725819,-2.173632070021199,2.6180644011820657,0.0557868620277325
2021-08-03,634.1170000000001,1.954815234178786,0.4990786812365838,0.8072993,-2.2099896334534512,2.709068314690035,0.0564277169766251
2021-08-04,637.222,5.057690441660657,0.5534073248490502,0.84407437,-2.24556347146634,2.7989707963153903,0.056911648538143
2021-08-05,636.379,4.2127264656619925,0.6074251488283813,0.874358,-2.2803401878733798,2.8877653367017606,0.0572426732763712
2021-08-06,637.405,5.236924285019367,0.6611391867255604,0.8855397,-2.314306674114597,2.975445860840157,0.0574250106376418
2021-08-07,637.125,4.955241729576866,0.7145565846053502,0.89272684,-2.347450117157313,3.062006701762663,0.0574630762271122
2021-08-08,633.502,1.3307241191244437,0.7676845668175274,0.9025661,-2.3797580073108606,3.147442574128388,0.0573614748543243
2021-08-09,631.657,-0.5158132391005106,0.8205304018000513,0.9169894,-2.41121814594798,3.2317485477480314,0.0571249933567631
2021-08-10,636.7049999999999,4.530974704957467,0.873101367967655,0.9266505,-2.441818653125608,3.314920021093263,0.0567585932107066
2021-08-11,634.8190000000001,2.6439296026330337,0.9254047197392464,0.957925,-2.4715479750977827,3.396952694837029,0.0562674029388801
2021-08-12,638.069,5.89286585372456,0.9774476537572554,0.99981964,-2.5003948917133823,3.477842545470637,0.0556567103246798
2021-08-13,633.227,1.0497660678480791,1.0292372753517762,1.0411346,-2.528348523691424,3.5575857990432,0.0549319544429373
2021-08-14,631.786,-0.3921926904421533,1.0807805653020144,1.077967,-2.555398339766678,3.636178905068693,0.0540987175174108
2021-08-15,632.659,0.4799859610402714,1.1320843469470774,1.0960932,-2.581534163698365,3.7136185106454422,0.0531627166153782
2021-08-16,639.719,7.539279623304038,1.1831552536976595,1.1215532,-2.6067461811347554,3.789901434832415,0.0521297951898943
2021-08-17,637.3149999999999,5.1347420672594986,1.2339996969995928,1.1280092,-2.6310249463265127,3.865024643326105,0.0510059144804427
2021-08-18,630.987,-1.1936258162987512,1.284623834799588,1.1218798,-2.654361388681719,3.938985223481307,0.0497971447828665
2021-08-19,635.374,3.193146556858604,1.3350335405627756,1.1038992,-2.67674681915551,4.011780359718285,0.0485096565996027
2021-08-20,636.2130000000001,4.031771016345997,1.3852343728908574,1.0868256,-2.6981729364673974,4.083407309358255,0.047149711681389
2021-08-21,636.606,4.423996551785224,1.4352315457888436,1.0824128,-2.7186318331393577,4.153863378928201,0.0457236539717011
2021-08-22,639.227,7.044415073665343,1.4850298996274485,1.0931618,-2.738116001347943,4.223145900975391,0.0442379004653108
2021-08-23,637.633,5.449984510248692,1.5346338728471869,1.1236345,-2.7566183385836487,4.291252211430836,0.0426989319924208
2021-08-24,633.355,1.1716917407383405,1.5840474744492097,1.164561,-2.774132153110992,4.358179627560201,0.0411132839399146
2021-08-25,632.655,0.4715901081324678,1.6332742573168062,1.2205774,-2.790651169222783,4.423925426539589,0.0394875369213254
2021-08-26,631.243,-0.9403160501424428,1.682317292410316,1.2480365,-2.806169532282237,4.488486824692553,0.0378283074071618
2021-08-27,635.027,2.843745322091379,1.731179143876962,1.2618555,-2.8206818135466887,4.551860957423651,0.0361422383272754
2021-08-28,635.3290000000001,3.1459950767015763,1.7798618451158688,1.2788918,-2.834183014766783,4.614044859882652,0.03443598965696
2021-08-29,637.083,4.900433914340201,1.828366875837122,1.2948805,-2.8466685725552168,4.675035448392339,0.0327162289984852
2021-08-30,633.116,0.9340625356593316,1.8766951401524208,1.3131145,-2.858134362519205,4.7348295026716265,0.0309896221697515
2021-08-31,642.606,10.424881641310709,1.9248469457333297,1.313932,-2.868576703151013,4.793423648884343,0.0292628238117367
2021-09-01,635.663,3.482891931946537,1.9728219840717072,1.2933408,-2.877992359471099,4.850814343542806,0.0275424680263527
2021-09-02,633.2769999999999,1.098094108218571,2.020619311875314,1.2856706,-2.8863785464185443,4.906997858293858,0.0258351590563018
2021-09-03,636.415,4.237374520752674,2.068237333630024,1.3103864,-2.8937329319836502,4.961970265613674,0.024147462018424
2021-09-04,632.869,0.6928451128894899,2.115673785358388,1.3258091,-2.9000536400777617,5.015727425436149,0.0224858937019807
2021-09-05,635.663,3.488359191066027,2.162925719602673,1.3393613,-2.905339253135593,5.068264972738266,0.0208569134431993
2021-09-06,631.273,-0.8999820102502376,2.209989491658746,1.3717022,-2.909588814445508,5.119578306104254,0.0192669140873166
2021-09-07,632.797,0.6259089971835246,2.2568607470853954,1.4041082,-2.912801830203416,5.169662577288811,0.0177222130492217
2021-09-08,634.538,2.3689395840057994,2.3035344105119435,1.4336447,-2.9149782712862136,5.218512681798157,0.0162290434836765
2021-09-09,632.7629999999999,0.5961018497231052,2.350004675765131,1.4629248,-2.9161185747408327,5.266123250505964,0.0147935455759445
2021-09-10,632.827,0.6623841574136313,2.396264997334405,1.3346845,-2.9162236449852723,5.312488642319677,0.0134217579634888
2021-09-11,629.312,-2.8502074500888805,2.442308083192868,1.3685768,-2.9152948547181783,5.357602937911047,0.0121196092992421
2021-09-12,631.8979999999999,-0.2610507343957873,2.4881258889892157,1.4128023,-2.913334045533771,5.401459934522986,0.0108929099667546
2021-09-13,633.95,1.7942194302145738,2.5337096136240835,1.444165,-2.910343528239204,5.444053141863288,0.0097473439573365
2021-09-14,636.0369999999999,3.884264343019073,2.579049696222215,1.459819,-2.906326082871639,5.485375779093854,0.008688460919099
2021-09-15,633.849,1.6991488434627824,2.6241358145099523,1.481796,-2.901284958412622,5.525420772922574,0.007721668387575
2021-09-16,638.2900000000001,6.142728467001526,2.668956884605501,1.5098486,-2.895223872197569,5.56418075680307,0.0068522242073716
2021-09-17,635.615,3.470450539905406,2.7135010622274645,1.5179454,-2.8881470090184527,5.601648071245917,0.0060852291540671
2021-09-18,644.811,12.669246995016724,2.75775574532507,1.3929415,-2.880059019918059,5.637814765243129,0.005425619765299
2021-09-19,639.5079999999999,7.369185093925595,2.8017075781315763,1.2613903,-2.870965020674416,5.672672598805992,0.0048781613897382
2021-09-20,631.5300000000001,-0.6058743459448039,2.845342456640214,1.2781382,-2.860870589974318,5.706213046614533,0.0044474414623545
2021-09-21,631.1229999999999,-1.0097243733073955,2.888645535500077,1.3020465,-2.84978176727513,5.738427302775207,0.0041378630141114
2021-09-22,626.506,-5.6233324471489095,2.9316012363272934,1.3352534,-2.837705050354302,5.769306286681596,0.0039536384239196
2021-09-23,630.556,-1.5697799815734594,2.9741932574248,1.3716947,-2.824647392546395,5.798840649971194,0.003898783420379
2021-09-24,631.772,-0.3498106725623802,3.0164045849020225,1.3973851,-2.8106161996675945,5.827020784569617,0.003977111340531
2021-09-25,633.651,1.5336465220112676,3.058217505183757,1.4377627,-2.795619326628077,5.853836831811835,0.0041922276525126
2021-09-26,633.82,1.7068238870303944,3.0996136188955097,1.451155,-2.779665073732817,5.879278692628327,0.0045475247486905
2021-09-27,632.7139999999999,0.6051114423055908,3.1405738561106302,1.4002066,-2.7627621826717514,5.903336038782381,0.0050461770154925
2021-09-28,632.5150000000001,0.410463083459784,3.181078492942523,1.2959412,-2.744919832200496,5.925998325143019,0.0056911361858444
2021-09-29,633.9449999999999,1.844731830960076,3.221107169463353,1.3061104,-2.726147633513088,5.947254802976442,0.0064851269797311
2021-09-30,634.255,2.1589933495726714,3.260638908928632,1.2814072,-2.706455625308567,5.9670945342372,0.0074306430380782
2021-10-01,632.984,0.892191259977837,3.299652138285278,1.2843647,-2.685854268553459,5.985506406838737,0.008529943154763
2021-10-02,634.692,2.604364388228496,3.338124709938741,1.2903054,-2.6643544409425157,6.002479150881257,0.009785047811213
2021-10-03,633.856,1.7724892292910392,3.3760339247530595,1.3237818,-2.6419674310604124,6.018001355813472,0.0111977360176655
2021-10-04,635.3910000000001,3.311649568479484,3.4133565562557555,1.363141,-2.618704932247338,6.032061488503094,0.0127695424647902
2021-10-05,637.9749999999999,5.899771069014324,3.450068876017848,1.3848711,-2.5945790361717247,6.044647912189573,0.0145017549889903
2021-10-06,642.504,10.432787791516915,3.4861466801773537,1.3893578,-2.5696022261136746,6.055748906291028,0.0163954123543254
2021-10-07,637.6270000000001,5.559851551401275,3.521565317073083,1.3644046,-2.543787369962893,6.065352687035976,0.0184513023535812
2021-10-08,633.936,1.8729983437609712,3.5562997159537373,1.2616463,-2.517147712935248,6.073447428888985,0.0206699602306618
2021-10-09,632.3760000000001,0.3170655464621688,3.5903244167258124,1.2596179,-2.489696870012356,6.080021286738168,0.023051667426047
2021-10-10,635.029,2.974212156288334,3.623613600702122,1.2675352,-2.461448818108874,6.085062418810995,0.0255964506466904
2021-10-11,633.971,1.9204385514289544,3.656141122311331,1.1979569,-2.432417887972427,6.088559010283758,0.0283040812613187
2021-10-12,633.488,1.441745110073215,3.687880541727302,1.1631674,-2.402618755821448,6.0904992975487495,0.0311740750217076
2021-10-13,639.347,7.305089976860907,3.718805158375716,1.0817677,-2.372066434726376,6.090871593102092,0.0342056921101067
2021-10-14,637.471,5.433452820160539,3.7488880452740094,1.0767882,-2.340776265740028,6.089664311014039,0.0373979375125852
2021-10-15,632.617,0.5834923960774328,3.778102084159365,1.0999612,-2.3087639087831224,6.086865992942487,0.0407495617176864
2021-10-16,634.718,2.6884816180622524,3.806420001358207,1.1251991,-2.276045333291288,6.082465334649495,0.0442590617393619
2021-10-17,638.109,6.083473101889698,3.833814404349528,1.1434891,-2.242636808630062,6.07645121297959,0.0479246824627854
2021-10-18,639.8620000000001,7.840411931086076,3.8602578189731087,1.0502124,-2.20855489428467,6.0688127132577785,0.0517444183112387
2021-10-19,638.3299999999999,6.312363911478047,3.8857227272327495,1.0868274,-2.1738164298316227,6.059539157064372,0.0557160152318727
2021-10-20,641.772,9.75806042537875,3.910181605643517,1.0589314,-2.138438524699382,6.048620130342899,0.0598369729977759
2021-10-21,639.076,7.0655641008331305,3.933606964071128,1.047539,-2.102438547725589,6.0360455117967176,0.0641045478233777
2021-10-22,637.715,5.708021902235975,3.955971385010683,0.61599535,-2.0658341165185647,6.021805501529247,0.0685157552898486
2021-10-23,641.5419999999999,9.538348819762316,3.977247563251136,0.5101487,-2.028643086631033,6.0058906498821685,0.0730673735767862
2021-10-24,649.5600000000001,17.559681156274806,3.9974083458712206,-0.5073118,-1.9908835405541732,5.988291886425394,0.0777559469960926
2021-10-25,648.725,16.727943197380924,4.016426772511784,-1.3054143,-1.9525737765403803,5.969000549052164,0.0825777898236008
2021-10-26,636.0930000000001,4.099072960809366,4.034276115868934,-1.3910252,-1.913732297263239,5.948008413132173,0.0875289904236363
2021-10-27,630.593,-1.3978027560500983,4.05092992235192,-1.4282193,-1.8743777983234629,5.925307720675383,0.0926054156613511
2021-10-28,630.873,-1.1142703505373244,4.066362052849111,-1.4346257,-1.8345291566096875,5.900891209458798,0.0978027155973236
2021-10-29,638.3140000000001,6.330355842118063,4.080546723545166,-1.4348817,-1.7942054185231937,5.87475214206836,0.1031163284585784
2021-10-30,639.025,7.044930713594626,4.09345854673213,-1.4115316,-1.753425788075806,5.846884334807935,0.1085414858798426
2021-10-31,633.7239999999999,1.7474047425147496,4.105072571556972,-1.3616339,-1.712209614870356,5.817282186427328,0.1140732184085314
2021-11-01,638.1099999999999,6.136890938931371,4.115364324647927,-1.4401741,-1.6705763819732455,5.785940706621172,0.1197063612666538
2021-11-02,629.2959999999999,-2.6737571813979626,4.124309850561984,-1.4298979,-1.6285456936887897,5.752855544250774,0.1254355603625017
2021-11-03,633.977,2.010639395698404,4.131885751995761,-1.3917788,-1.5861372632451438,5.718023015240905,0.1312552785446954
2021-11-04,650.297,18.33404349674645,4.138069229702203,-1.47171,-1.543370900401725,5.681440130103928,0.1371598020908768
2021-11-05,639.961,8.001448105820197,4.142838122055587,-1.4567307,-1.5002664989881729,5.64310462104376,0.1431432474230481
2021-11-06,648.6650000000001,16.708849848639076,4.146170944207692,-1.4794741,-1.4568440243849627,5.603014968592655,0.1491995680412922
2021-11-07,635.7230000000001,3.7702589534574114,4.148046926778089,-1.4428797,-1.413123500955908,5.561170427733996,0.1553225616673507
2021-11-08,634.916,2.966675522815358,4.148446054022172,-1.378132,-1.3691249994428256,5.517571053464998,0.1615058775892817
2021-11-09,647.634,15.688099659253345,4.147349101420737,-1.5394601,-1.3248686243327623,5.4722177257535,0.1677430241981868
2021-11-10,636.9240000000001,4.981531465311599,4.144737672635663,-1.5297807,-1.2803745012081802,5.425112173843843,0.1740273767077632
2021-11-11,627.9390000000001,-4.0000289564699845,4.140594235776736,-1.5650061,-1.2356627640905966,5.376256999867333,0.1803521850472285
2021-11-12,625.578,-6.357563740236105,4.134902158925437,-1.6006057,-1.1907535427881923,5.325655701713629,0.1867105819179523
2021-11-13,631.232,-0.7000702066105302,4.127645744862178,-1.5682892,-1.145666950257919,5.273312695120097,0.1930955910039436
2021-11-14,632.632,0.7036101540606885,4.118810264944426,-1.5747256,-1.1004230699926918,5.219233334937118,0.1995001353261579
2021-11-15,641.068,9.14330170909624,4.108381992083932,-1.585075,-1.055041943444213,5.1634239355281455,0.2059170457304218
2021-11-16,640.765,8.843972364452576,4.09634823277239,-1.5540954,-1.0095435574920153,5.105891790264405,0.2123390694986161
2021-11-17,633.851,1.9336422347114133,4.082697358105784,-1.5023813,-0.9639478319692676,5.046645190075052,0.2187588790726171
2021-11-18,631.3180000000001,-0.5956824040300872,4.0674188337588975,-1.468894,-0.9182746072558796,4.985693441014777,0.2251690808803594
2021-11-19,644.1519999999999,12.242122160133006,4.050503248862562,-1.5134473,-0.8725436319493968,4.923046880811959,0.2315622242532758
2021-11-20,627.677,-4.229056817498355,4.0319423437375335,-1.468871,-0.8267745506241502,4.858716894361684,0.2379308104242569
2021-11-21,629.497,-2.4052191928964683,4.0117290364401645,-1.4407945,-0.7809868916890407,4.792715928129205,0.2442673015951827
2021-11-22,633.262,1.3636425343101295,3.9898574480764544,-1.4096602,-0.7352000553543014,4.725057503430756,0.25056413006301
2021-11-23,640.7620000000001,8.867397567866256,3.966322926842436,-1.4051238,-0.6894333017174896,4.655756228559925,0.2568137073933192
2021-11-24,631.081,-0.8098335159775498,3.941122070750455,-1.3683136,-0.6437057389788706,4.584827809729325,0.2630084336301876
2021-11-25,627.543,-4.34393456599285,3.9142527490023498,-1.3758295,-0.5980363117962737,4.512289060798624,0.2691407065312072
2021-11-26,629.873,-2.0099427626649358,3.88571412197223,-1.3808495,-0.5524437897893716,4.438157911761602,0.2752029308164512
2021-11-27,628.607,-3.2718963057294506,3.855506659763196,-1.3641475,-0.5069467562032421,4.362453415966438,0.2811875274201736
2021-11-28,630.414,-1.4608165040417722,3.823632159304048,-1.3679388,-0.4615635967409127,4.285195756044961,0.2870869427340353
2021-11-29,630.4689999999999,-1.4015176802124611,3.790093759953816,-1.3284427,-0.4163124885744912,4.206406248528308,0.2928936578306622
2021-11-30,630.362,-1.503978201086789,3.754895957583781,-1.3057541,-0.3712113895442886,4.12610734712807,0.2986001976563762
2021-12-01,629.076,-2.7853364202708786,3.7180446171084514,-1.2896355,-0.32627802755523,4.044322644663682,0.3041991401819795
2021-12-02,631.064,-0.7922204801050468,3.679546983438972,-1.2438877,-0.2815298901796522,3.961076873618624,0.3096831255005239
2021-12-03,628.61,-3.2409423465572416,3.639411690834281,-1.1895342,-0.2369842144754222,3.876395905309704,0.3150448648610831
2021-12-04,631.875,0.0295034211205171,3.5976487706274,-1.1490921,-0.1926579770281194,3.790306747655519,0.3202771496276125
2021-12-05,634.654,2.813986221759316,3.5542696573061963,-1.1085402,-0.1485678842258394,3.702837541532036,0.3253728601520839
2021-12-06,630.632,-1.2026373431550343,3.509287192930091,-1.1093242,-0.1047303627749629,3.614017555705054,0.3303249745511947
2021-12-07,634.9110000000001,3.0818569056105933,3.4627156298661816,-1.0965228,-0.0611615504650169,3.5238771803311986,0.3351265773760697
2021-12-08,633.509,1.6851800891048725,3.4145706318304434,-1.0990921,-0.0178772871905682,3.4324479190210115,0.3397708681645064
2021-12-09,640.606,8.787275022693974,3.364869273221748,-1.2609822,0.0251068937621987,3.339762379459549,0.3442511698654677
2021-12-10,633.9590000000001,2.145209265383387,3.313630036738674,-1.2860836,0.0677757741567514,3.2458542625819238,0.3485609371256841
2021-12-11,634.7049999999999,2.8961186203058102,3.2608728092711723,-1.3714991,0.1101144589681248,3.150758350303048,0.3526937644283929
2021-12-12,647.965,16.161010295779715,3.206618876061456,-1.5911138,0.1521083842585414,3.0545104918029145,0.3566433940744328
2021-12-13,648.478,16.678874164541902,3.1508909131306018,-1.9941401,0.1937433247600402,2.9571475883705616,0.3604037239961049
2021-12-14,652.866,21.071720630474505,3.0937129779696737,-2.5581598,0.235005401157697,2.8587075768119767,0.3639688153944193
2021-12-15,652.654,20.864549971745188,3.0351104984963064,-2.694187,0.2758810870672818,2.759229411429025,0.3673329001905597
2021-12-16,652.418,20.633116409810565,2.9751102602800468,-2.936259,0.3163572157014949,2.658753044578552,0.3704903882826316
2021-12-17,643.202,11.421507107659195,2.9137403920418987,-2.918292,0.3564209862191909,2.557319405822708,0.3734358745989976
2021-12-18,631.227,-0.5491228224382385,2.851030349435833,-2.9354327,0.3960599697523203,2.4549703796835125,0.3761641459397535
2021-12-19,634.587,2.8153459771512632,2.787010897122205,-2.9612958,0.4352621151055785,2.3517487820166263,0.3786701875981552
2021-12-20,634.793,3.025324075481622,2.721714089145346,-2.9666,0.4740157541241002,2.2476983350212465,0.3809491897540821
2021-12-21,632.807,1.0429876350781289,2.655173247629742,-2.9459727,0.5123096067248073,2.142863640904934,0.3829965536318917
2021-12-22,642.88,11.119369150567486,2.587422939811457,-3.039529,0.5501327855873667,2.0372901542240904,0.3848078974153199
2021-12-23,650.0369999999999,18.27964123183633,2.5184989534237263,-3.4733372,0.587474800500996,1.9310241529227303,0.386379061912362
2021-12-24,647.8969999999999,16.142612747689885,2.448438270457724,-3.7816908,0.6243255623637192,1.824112708094005,0.3877061159633953
2021-12-25,641.1170000000001,9.365271486020214,2.3772790393217886,-4.1995625,0.6606753868309642,1.7166036524908246,0.3887853615860899
2021-12-26,643.0360000000001,11.286728741540896,2.3050605454244466,-4.431173,0.6965149976107504,1.608545547813696,0.389613338850998
2021-12-27,638.0949999999999,6.348135015427557,2.231823180208776,-4.7518992,0.7318355294030267,1.4999876508057493,0.3901868304820261
2021-12-28,638.7850000000001,7.04021590583786,2.157608408667678,-4.7944174,0.7666285304810807,1.3909798781865974,0.3905028661763315
2021-12-29,638.007,6.264238315413374,2.0824587353717323,-4.9294043,0.80088596491325,1.2815727704584825,0.3905587266385227
2021-12-30,633.1179999999999,1.3769331568450165,2.006417669043324,-4.963879,0.8346002144235329,1.1718174546197913,0.390351947324393
2021-12-31,631.35,-0.3896412840158998,1.9295296857127444,-5.0485234,0.8677640798900222,1.061765605822722,0.3898803218897657
2022-01-01,631.565,-0.1729239603099626,1.8518401904938728,-5.076938,0.900370782480434,0.9514694080134388,0.3891419053403845
2022-01-02,629.735,-2.001211124223306,1.7733954780190315,-5.0670953,0.9324139644243512,0.8409815135946804,0.3881350168791456
2022-01-03,634.793,3.0590917846264043,1.6942426915744293,-5.213906,0.9638876894221424,0.7303550021522869,0.3868582424473307
2022-01-04,638.009,6.276790224295167,1.6144297809794248,-5.43434,0.9947864426908668,0.6196433382885581,0.3853104369568785
2022-01-05,630.88,-0.8505871354360992,1.534005459254674,-5.5557885,1.0251051306478225,0.5089003286068516,0.3834907262110865
2022-01-06,626.818,-4.911008460074576,1.4530191581258658,-5.6624455,1.0548390802327252,0.3981800778931406,0.381398508511529
2022-01-07,648.123,16.395670181892164,1.3715209824115162,-5.7816963,1.0839840378698904,0.2875369445416258,0.3790334559493422
2022-01-08,629.6310000000001,-2.0949362490958845,1.2895616633448124,-5.7487864,1.112536168072071,0.1770254952727414,0.3763955153794112
2022-01-09,626.557,-5.167602595189923,1.2071925108811292,-5.7277117,1.1404920516880197,0.0667004591931097,0.3734849090763777
2022-01-10,626.5730000000001,-5.150306889246598,1.1244653650442962,-5.69825,1.1678486837961166,-0.0433833187518204,0.37030213507176
2022-01-11,626.9820000000001,-4.740076615489032,1.0414325463661438,-5.686633,1.1946034712468,-0.1531709248806563,0.366847967171869
2022-01-12,625.718,-6.00266066751884,0.9581468054752162,-5.669103,1.2207542298568237,-0.2626074243816074,0.3631234546565813
2022-01-13,630.475,-1.244048546134762,0.8746612718918698,-5.6458693,1.246299181258733,-0.3716379093668631,0.3591299216594117
2022-01-14,624.779,-6.937833118452305,0.7910294020881662,-5.624565,1.2712369494092728,-0.4802075473211066,0.3548689662297163
2022-01-15,627.62,-4.094557982790855,0.7073049268722007,-5.5959544,1.2955665567607555,-0.588261629888555,0.350342459078223
2022-01-16,628.9820000000001,-2.7302621231258426,0.6235417981575271,-5.5724616,1.319287420099753,-0.695745621942226,0.3455525420074807
2022-01-17,625.027,-6.682996497727105,0.5397941351794459,-5.5481496,1.3423993460577857,-0.8026052108783398,0.3405016260291846
2022-01-18,626.54,-5.167578034291863,0.4561161702207881,-5.51781,1.364902526299005,-0.908786356078217,0.3351923891707091
2022-01-19,618.3499999999999,-13.355249078748576,0.3725621939107765,-5.4922795,1.3867975323901738,-1.0142353384793972,0.3296277739735544
2022-01-20,625.71,-5.992876604533047,0.289186500161284,-5.521542,1.4080853103585356,-1.1188988101972517,0.3238109846867745
2022-01-21,621.9789999999999,-9.72159683351304,0.2060433308055668,-5.505919,1.4287671749434891,-1.2227238441379225,0.3177454841588227
2022-01-22,618.651,-13.047409509011464,0.1231868200051635,-5.46528,1.4488448035482584,-1.3256579835430948,0.3114349904316033
2022-01-23,623.082,-8.61431437435205,0.040670938491226,-5.425806,1.4683202298980436,-1.4276492914068175,0.3048834730408755
2022-01-24,626.042,-5.652206738037703,-0.0414505622929877,-5.3939557,1.4871958374114067,-1.5286463997043944,0.2980951490274975
2022-01-25,625.786,-5.906187940309806,-0.1231242060813165,-5.353863,1.5054743522919467,-1.6285985583732632,0.2910744786643598
2022-01-26,629.324,-2.3657533535543536,-0.2042968476381582,-5.2993827,1.523158836347542,-1.7274556839857,0.2838261609041625
2022-01-27,624.786,-6.901233897181585,-0.2849157285085074,-5.238953,1.5402526795447484,-1.825168408053256,0.2763551285535493
2022-01-28,622.709,-8.975317130356364,-0.3649285325967633,-5.184168,1.556759592306146,-1.9216881249029092,0.2686665431794217
2022-01-29,625.336,-6.3451525075826805,-0.4442834415064057,-5.131781,1.5726835975587088,-2.0169670390651144,0.2607657897535677
2022-01-30,627.1750000000001,-4.503052704678456,-0.5229291895727068,-5.106054,1.5880290225414773,-2.110958212114184,0.2526584710420654
2022-01-31,632.7239999999999,1.0489827643644278,-0.6008151185207056,-5.118309,1.6028004903810738,-2.2036156089017798,0.2443504017461953
2022-02-01,626.152,-5.520817532312924,-0.6778912316809038,-5.0899963,1.6170029114437834,-2.2948941431246874,0.2358476024019191
2022-02-02,624.9440000000001,-6.726218250437015,-0.7541082476954005,-5.095108,1.6306414744731703,-2.384749722168571,0.2271562930452284
2022-02-03,621.814,-9.853640196288682,-0.829417653647555,-5.1086845,1.6437216375223755,-2.4731392911699306,0.2182828866509841
2022-02-04,622.918,-8.746554208618086,-0.9037717575486998,-5.1074066,1.6562491186904391,-2.5600208762391388,0.209233982353087
2022-02-05,622.101,-9.56052245286553,-0.9771237401159776,-5.07507,1.66822988667219,-2.645353626788168,0.2000163584541111
2022-02-06,623.158,-8.500502040295052,-1.0494277057759798,-5.022498,1.6796701511313998,-2.72909785690738,0.1906369652327541
2022-02-07,622.087,-9.568535971952764,-1.120638732829563,-4.9824476,1.6905763529070663,-2.811215085736629,0.181102917557711
2022-02-08,621.666,-9.986623712466358,-1.1907129227139948,-4.94525,1.7009551540628638,-2.8916680767768588,0.1714214873167773
2022-02-09,623.8240000000001,-7.825764726463459,-1.2596074482994692,-4.91693,1.7108134277899032,-2.9704208760893724,0.1616000956702321
2022-02-10,621.6850000000001,-9.9619513575102,-1.3272806011579383,-4.887323,1.7201582481731432,-3.0474388493310816,0.1516463051377262
2022-02-11,624.0459999999999,-7.598189997789055,-1.3936918377432617,-4.843768,1.7289968798318247,-3.1226887175750866,0.1415678115281098
2022-02-12,623.668,-7.973480110872668,-1.458801824422758,-4.783768,1.7373367674445297,-3.1961385918672875,0.1313724357218038
2022-02-13,625.158,-6.480821160334588,-1.5225724813014407,-4.720436,1.7451855251694433,-3.267758006470884,0.1210681153154915
2022-02-14,631.796,0.1599339958201273,-1.5849670247814565,-4.6835876,1.752550925970613,-3.337517950752069,0.1106628961390626
2022-02-15,629.196,-2.4373640650774884,-1.6459500088006045,-4.7163615,1.7594408908609782,-3.4053908996615823,0.1001649236548801
2022-02-16,627.137,-4.493568672982121,-1.705487364695183,-4.690074,1.76586347807308,-3.471350842768263,0.0895824342495855
2022-02-17,622.225,-9.402631069832552,-1.7635464396339318,-4.6754584,1.7718268721683874,-3.535373311802319,0.0789237464287583
2022-02-18,622.6270000000001,-8.997736313069062,-1.820096033571348,-4.6264596,1.7773393730962546,-3.597435406667602,0.0681972519248713
2022-02-19,626.1139999999999,-5.507883795099911,-1.8751064346703,-4.576414,1.7824093852135168,-3.657515819883817,0.0574114067290626
2022-02-20,632.9399999999999,1.3209560719510578,-1.928549453145523,-4.5529895,1.787045406275816,-3.715594859421339,0.0465747220573327
2022-02-21,628.378,-3.2384125455774826,-1.980398453481358,-4.585062,1.79125601641171,-3.771654469893068,0.0356957552618505
2022-02-22,627.127,-4.486678459451664,-2.0306283849788715,-4.688279,1.7950498670906732,-3.8256782520695447,0.0247831006980927
2022-02-23,628.725,-2.8859841986569257,-2.0792158105894085,-4.6921434,1.7984356700960444,-3.877651480685453,0.0138453805585918
2022-02-24,624.9970000000001,-6.611329155601208,-2.1261389339935235,-4.658804,1.8014221865140023,-3.927561120507526,0.0028912356841031
2022-02-25,624.2959999999999,-7.309712722692772,-2.171377624886257,-4.6187234,1.8040182157495788,-3.975395840635836,-0.0080706836369907
2022-02-26,623.112,-8.491134292339375,-2.214913442431736,-4.573296,1.8062325845807423,-4.021146027012478,-0.0190317268702139
2022-02-27,622.9440000000001,-8.656564276664959,-2.2567296568522046,-4.5694,1.8080741362614572,-4.064803793113662,-0.0299832524266558
2022-02-28,625.133,-6.464515197833194,-2.296811269118704,-4.6085696,1.809551719684625,-4.106362988803329,-0.040916636833955
2022-03-01,628.8629999999999,-2.7310679708888714,-2.335145028712831,-4.6069846,1.8106741786157212,-4.145819207328552,-0.0518232838758561
2022-03-02,627.873,-3.717682039089006,-2.371719449431241,-4.5711174,1.811450341007853,-4.183169790439094,-0.0626946336896261
2022-03-03,625.6429999999999,-5.944356644008162,-2.406524823206823,-4.5528507,1.811889008408889,-4.218413831615711,-0.073522171810687
2022-03-04,629.769,-1.8150910272200116,-2.4395532319228,-4.5546446,1.8119989454711745,-4.251552177393974,-0.0842974381538842
2022-03-05,630.0440000000001,-1.5365036922328177,-2.470798557198369,-4.698523,1.8117888695742863,-4.282587426772656,-0.0950120359209054
2022-03-06,626.216,-5.360799571736664,-2.5002564881268614,-4.661017,1.811267440571107,-4.3115239286979685,-0.1056576404234603
2022-03-07,621.939,-9.634168540026463,-2.5279245269498256,-4.6148334,1.8104432506673829,-4.338367777617208,-0.1162260078119427
2022-03-08,620.784,-10.785609752484689,-2.5538019926529065,-4.5717607,1.8093248144448053,-4.3631268070977125,-0.1267089836994246
2022-03-09,624.048,-7.518122364494257,-2.577890022471799,-4.556127,1.8079205590374707,-4.38581058150927,-0.1370985116709576
2022-03-10,627.808,-3.754705531438017,-2.600191571299137,-4.5256023,1.8062388144714243,-4.4064303857705625,-0.1473866416683166
2022-03-11,626.198,-5.3612276422962175,-2.620711408985579,-4.471672,1.8042878041768315,-4.424999213162411,-0.1575655382404742
2022-03-12,628.26,-3.2958222311854475,-2.639456115530988,-4.412523,1.8020756356821264,-4.441531751213114,-0.1676274886502598
2022-03-13,641.847,10.294511566414055,-2.656434074164035,-4.4450216,1.799610291499281,-4.456044365663316,-0.1775649108278557
2022-03-14,622.8320000000001,-8.71738513166352,-2.6716554623111985,-4.3896117,1.7968996202091896,-4.468555082520388,-0.1873703611619567
2022-03-15,624.854,-6.692218122986485,-2.6851322404586,-4.515181,1.7939513277558796,-4.479083568214479,-0.1970365421196403
2022-03-16,628.857,-2.686060442304209,-2.696878138912749,-4.4612722,1.790772968958121,-4.487651107870871,-0.2065563096861926
2022-03-17,626.3870000000001,-5.15297340441842,-2.70690864246876,-4.4272633,1.7873719392467249,-4.4942805817154845,-0.2159226806163836
2022-03-18,626.07,-5.466956139892488,-2.715240972997212,-4.3730993,1.783755466635603,-4.498996439632815,-0.225128839488894
2022-03-19,631.93,0.3959922207104664,-2.721894069963336,-4.4034853,1.779930603934448,-4.501824673897784,-0.2341681455558601
2022-03-20,629.053,-2.478127453172096,-2.7268885688947697,-4.3796487,1.7759042212105918,-4.502792790105362,-0.2430341393797501
2022-03-21,624.131,-7.397314292103513,-2.730246777816639,-4.3613663,1.7716829985073974,-4.501929776324037,-0.2517205492500494
2022-03-22,624.268,-7.257567426646752,-2.7319926516752364,-4.3554316,1.7672734188262396,-4.499266070501476,-0.2602212973725054
2022-03-23,624.33,-7.1928859873647175,-2.7321517647740725,-4.3000283,1.7626817613788757,-4.494833526152949,-0.2685305058239612
2022-03-24,627.28,-4.240269104820564,-2.7307512812485246,-4.2061543,1.7579140951167396,-4.488665376365264,-0.2766425022660992
2022-03-25,633.067,1.5492840904227685,-2.727819923607772,-4.0973687,1.7529762725433804,-4.480796196151152,-0.2845518254117121
2022-03-26,627.2489999999999,-4.266476858015254,-2.7233879393751192,-3.9970016,1.747873923816021,-4.47126186319114,-0.2922532302374204
2022-03-27,631.678,0.164696731107123,-2.717487065860193,-3.9127994,1.742612451141884,-4.460099517002077,-0.2997416929370667
2022-03-28,635.494,3.9826590841915017,-2.710150493098863,-3.949826,1.737197023474642,-4.447347516573505,-0.3070124156103382
2022-03-29,633.337,1.8271593037832377,-2.701412824999037,-3.9393668,1.73163257151607,-4.433045396515107,-0.3140608306814913
2022-03-30,628.262,-3.2466299101768623,-2.691310038732776,-3.917793,1.7259237830276168,-4.417233821760393,-0.3208826050433755
2022-03-31,628.6310000000001,-2.8764846752614144,-2.679879442417406,-3.8580642,1.7200750984563706,-4.399954540873777,-0.3274736439223042
2022-04-01,630.994,-0.5124042733279879,-2.66715963113048,-3.7778463,1.7140907068795064,-4.381250338009987,-0.3338300944596415
2022-04-02,626.819,-4.686202421657825,-2.653190441305604,-3.712506,1.7079745422710235,-4.361164983576627,-0.339948349006334
2022-04-03,630.63,-0.8739383263754608,-2.638012903558211,-3.6580992,1.701730280094266,-4.339743183652477,-0.3458250481269583
2022-04-04,647.7850000000001,16.282254380171025,-2.621669193992452,-3.7478697,1.6953613342233511,-4.317030528215803,-0.3514570833102101
2022-04-05,640.475,8.97283266764121,-2.60420258404226,-3.7507343,1.688870854196337,-4.293073438238597,-0.3568415993831152
2022-04-06,628.034,-3.467852076940357,-2.585657388901684,-3.693771,1.6822617228026175,-4.267919111704301,-0.3619759966266058
2022-04-07,624.7420000000001,-6.759608477682775,-2.566078914601359,-3.6188178,1.6755365540066978,-4.241615468608057,-0.36685793259046
2022-04-08,635.073,3.571564122391848,-2.545513403789817,-3.5638795,1.6686976912101623,-4.214211094999979,-0.3714853236059764
2022-04-09,630.9979999999999,-0.5037685470763633,-2.524007980280079,-3.512632,1.6617472058533267,-4.185755186133406,-0.3758563459951097
2022-04-10,629.039,-2.463161856678997,-2.5016105924236074,-3.4913354,1.6546868963577075,-4.156297488781314,-0.3799694369751691
2022-04-11,638.021,6.518384784588884,-2.478369955375325,-3.7282093,1.6475182874101175,-4.125888242785442,-0.3838232952585406
2022-04-12,631.6429999999999,0.1392649108201737,-2.454335492314886,-3.8042147,1.640242629588859,-4.094578121903745,-0.387416881347268
2022-04-13,645.864,14.359094210511651,-2.4295572746908998,-3.9000335,1.6328608993321216,-4.062418174023021,-0.3907494175226935
2022-04-14,642.0709999999999,10.564357953859467,-2.404085961556075,-4.0788255,1.6253737992483994,-4.029459760804475,-0.3938203875307203
2022-04-15,648.235,16.725890402959163,-2.377972738062666,-4.0886407,1.6177817587683447,-3.995754496831011,-0.396629535963629
2022-04-16,645.89,14.37814798363398,-2.3512692531887067,-4.326389,1.6100849351372046,-3.961354188325912,-0.3991768673397482
2022-04-17,640.9970000000001,9.481786001481511,-2.3240275567667408,-4.268505,1.6022832147465818,-3.9263107715133225,-0.4014626448826304
2022-04-18,630.525,-0.994186779285299,-2.296300035887718,-4.2131276,1.5943762148039888,-3.890676250691707,-0.4034873890017576
2022-04-19,643.398,11.874777428883064,-2.2681393507537675,-4.335496,1.5863632853382863,-3.854502636092054,-0.4052518754771445
2022-04-20,638.3839999999999,6.856275556371074,-2.239598370054384,-4.3139296,1.5782435115387952,-3.8178418815931794,-0.4067571333505695
2022-04-21,638.894,7.361237118127855,-2.210730105941387,-4.4784164,1.5700157164255206,-3.780745822366908,-0.4080044425265152
2022-04-22,626.655,-4.882919277142584,-2.1815876486786667,-4.511859,1.5616784638476338,-3.743266112526301,-0.4089953310862381
2022-04-23,623.395,-8.14790641194819,-2.152224101043436,-4.48419,1.5532300618070018,-3.7054541628504376,-0.4097315723187299
2022-04-24,624.066,-7.481681633255832,-2.1226925125561023,-4.4066954,1.544668566103248,-3.6673610786593502,-0.4102151814726826
2022-04-25,625.0329999999999,-6.519266954945543,-2.09304581361642,-4.3364167,1.5359917842965374,-3.6290375979129577,-0.4104484122338785
2022-04-26,630.505,-1.0513718606084854,-2.0633367496238635,-4.2910624,1.5271972799839206,-3.590534029607784,-0.4104337529327721
2022-04-27,625.6030000000001,-5.957333757800468,-2.0336178151604067,-4.2004557,1.5182823773848249,-3.551900192545232,-0.4101739224873365
2022-04-28,628.5,-3.0643209475315283,-2.003941188314084,-4.202116,1.5092441662309204,-3.5131853545450045,-0.4096718660865673
2022-04-29,629.794,-1.7743332371304867,-1.9743586652217215,-4.148791,1.5000795069553343,-3.474438172177056,-0.4089307506203424
2022-04-30,629.359,-2.213370433925979,-1.9449215949092455,-4.191779,1.49078503617589,-3.435706631085136,-0.40795395986163
2022-05-01,625.934,-5.6424323452472045,-1.9156808145078044,-4.194054,1.4813571724667405,-3.397037986974545,-0.4067450894073304
2022-05-02,633.943,2.362481221577041,-1.886686584923728,-4.2555647,1.4717921224125068,-3.3584787073362348,-0.4053079413843296
2022-05-03,623.991,-7.593902803545676,-1.8579885270400696,-4.237531,1.4620858869387576,-3.320074413978827,-0.4036465189276015
2022-05-04,625.595,-5.994312906104501,-1.82963555852701,-4.161912,1.452234267912388,-3.281869826439398,-0.4017650204374753
2022-05-05,628.1600000000001,-3.4337489343067493,-1.8016758313379384,-4.1803107,1.4422328750051991,-3.243908706343137,-0.399667833623436
2022-05-06,644.83,13.231789263640522,-1.774156669967438,-4.2143607,1.4320771328137472,-3.206233802781185,-0.3973595293420762
2022-05-07,642.007,10.403641417317626,-1.747124510546681,-4.2833776,1.42176228822823,-3.168886798774911,-0.3948448552370553
2022-05-08,638.967,7.358125915418615,-1.7206248408509752,-4.349888,1.4112834180430134,-3.1319082588939886,-0.3921287291891579
2022-05-09,631.278,-0.3369758239211085,-1.6947021412933554,-4.395715,1.4006354368011011,-3.0953375780944565,-0.3892162325847436
2022-05-10,628.057,-3.564117270965014,-1.6693998269771235,-4.410636,1.3898131048646705,-3.059212931841794,-0.3861126034111214
2022-05-11,624.086,-7.541298503792741,-1.644760190879195,-4.3606887,1.378811036703553,-3.023571227582748,-0.3828232291875382
2022-05-12,623.319,-8.31451960048368,-1.620824348234971,-4.3347,1.3676237093933568,-2.9884480576283274,-0.3793536397407079
2022-05-13,627.9,-3.739780639117391,-1.5976321821942945,-4.3087544,1.356245471314686,-2.953877653508981,-0.3757094998339303
2022-05-14,626.571,-5.075081697773594,-1.5752222908165634,-4.2747974,1.3446705510447867,-2.9198928418613503,-0.3718966016590661
2022-05-15,626.068,-5.584422854531757,-1.5536319354719337,-4.1826897,1.3328930664326737,-2.886525001904607,-0.3679208572007453
2022-05-16,623.028,-8.630804187471384,-1.5328969907138104,-4.104866,1.3209070338487183,-2.853804024562529,-0.3637882904823611
2022-05-17,625.5840000000001,-6.081225774672234,-1.5130518956864645,-4.010146,1.308706377599424,-2.821758273285889,-0.35950502970351
2022-05-18,624.3870000000001,-7.284417297093244,-1.4941296071298404,-3.9473374,1.2962849394980218,-2.7904145466278623,-0.355077299278672
2022-05-19,626.827,-4.850641882186721,-1.4761615540419997,-3.9107077,1.2836364885813272,-2.759798042623327,-0.3505114117870179
2022-05-20,627.495,-4.188899567990001,-1.4591775940577436,-3.8633473,1.270754730963193,-2.7299323250209366,-0.3458137598433461
2022-05-21,625.0459999999999,-6.64419039254034,-1.4432059716002557,-3.8003948,1.2576333198147402,-2.700839291414996,-0.3409908079002116
2022-05-22,622.246,-9.450514393875007,-1.428273277860448,-3.7225556,1.2442658654614376,-2.672539143321885,-0.336049083991387
2022-05-23,625.443,-6.25987161003162,-1.4144044126569195,-3.6650004,1.2306459455869971,-2.6450503582439167,-0.3309951714268721
2022-05-24,628.4530000000001,-3.256262079047151,-1.4016225482271465,-3.6378298,1.2167671155339372,-2.6183896637610835,-0.3258357004496768
2022-05-25,630.908,-0.8076858389593364,-1.3899490949985651,-3.592991,1.2026229186905792,-2.5925720136891446,-0.320577339864675
2022-05-26,626.2410000000001,-5.481142927805305,-1.3794036693858711,-3.5297022,1.1882068969541757,-2.5676105663400466,-0.3152267886498152
2022-05-27,631.1139999999999,-0.614633383622587,-1.3700040636586628,-3.4998846,1.1735126012597648,-2.5435166649184278,-0.3097907675600042
2022-05-28,629.738,-1.9971572444480663,-1.3617662179212229,-3.5933056,1.1585336021643198,-2.5202998200855427,-0.3042760107339589
2022-05-29,641.753,10.011285451680331,-1.3547041942438542,-3.6733842,1.1432635004756777,-2.497967694719532,-0.2986892573143195
2022-05-30,628.516,-3.232833863570177,-1.3488301529827451,-3.6673834,1.1276959379157194,-2.4765260908984645,-0.2930372430912735
2022-05-31,628.297,-3.4589997423229173,-1.3441543313229096,-3.5993292,1.1118246078072025,-2.455978939130112,-0.2873266921799047
2022-06-01,629.088,-2.675212300982852,-1.3406850240761177,-3.5092614,1.0956432657736688,-2.4363282898497864,-0.2815643087414334
2022-06-02,628.8439999999999,-2.9264716559541823,-1.338428566763336,-3.4315028,1.0791457404417986,-2.4175743072051343,-0.2757567687584303
2022-06-03,630.424,-1.353777923641569,-1.3373893210083814,-3.3707576,1.0623259441356043,-2.399715265143985,-0.2699107118740246
2022-06-04,634.343,2.5578687795501605,-1.3375696622670514,-3.3763769,1.0451778835518435,-2.382747545818895,-0.2640327333050286
2022-06-05,641.7620000000001,9.969455381026652,-1.338969969913136,-3.5080755,1.0276956704060698,-2.366665640319206,-0.2581293758387944
2022-06-06,625.946,-5.854042070894023,-1.341588619700142,-3.4579198,1.0098735320387389,-2.3514621517388807,-0.2522071219235114
2022-06-07,628.99,-2.8170810379132334,-1.3454219786147272,-3.3751307,0.9917058219708524,-2.33712780058558,-0.2462723858615218
2022-06-08,628.5079999999999,-3.305911394476122,-1.3504644021351344,-3.3247178,0.9731870303986386,-2.323651432533773,-0.2403315061150936
2022-06-09,626.651,-5.169242727096052,-1.356708233905089,-3.2337189,0.954311794616846,-2.311020028521935,-0.2343907377339421
2022-06-10,627.598,-4.227803755958331,-1.364143807830862,-3.184338,0.9350749093602728,-2.2992187171911347,-0.228456244913632
2022-06-11,636.495,4.663644867927294,-1.3727594526063136,-3.1634967,0.915471337053242,-2.288230789659556,-0.2225340936938167
2022-06-12,638.417,6.580075989072455,-1.3825414986679985,-3.3778937,0.8954962179568082,-2.278037716624807,-0.2166302448050913
2022-06-13,624.804,-7.039440832118281,-1.3934742875794388,-3.3679059,0.8751448802035678,-2.2686191677830068,-0.2107505466730463
2022-06-14,628.17,-3.6791811122945792,-1.4055401838409904,-3.3357835,0.8544128497100648,-2.259953033551055,-0.2049007285878994
2022-06-15,629.405,-2.4499053674790354,-1.4187195891186946,-3.2700832,0.833295859956861,-2.2520154490755555,-0.1990863940478735
2022-06-16,640.824,8.963545682192905,-1.432990958882847,-3.1853757,0.8117898616264976,-2.2447808205093445,-0.1933130142842697
2022-06-17,631.744,-0.1221739549675033,-1.4483308214440014,-3.1217718,0.7898910320896642,-2.2382218535336653,-0.1875859219759412
2022-06-18,629.541,-2.3308765437835124,-1.464713799371436,-3.1250703,0.7675957847300574,-2.2323095841014933,-0.1819103051606483
2022-06-19,630.088,-1.7895298946668117,-1.482112633276177,-3.083427,0.7449007780985335,-2.22701341137471,-0.1762912013505095
2022-06-20,628.66,-3.223166462392193,-1.5004982079379623,-3.0069735,0.7218029248873202,-2.222301132825282,-0.1707334918585093
2022-06-21,624.5619999999999,-7.326626967095205,-1.5198395807526317,-2.9294734,0.6982994007152195,-2.2181389814678507,-0.1652418963427673
2022-06-22,627.568,-4.326066223866858,-1.5401040124738,-2.8580048,0.6743876527148742,-2.2144916651886746,-0.1598209675749801
2022-06-23,629.445,-2.4544298709791508,-1.561257000219763,-2.7875297,0.6500654079133962,-2.2113224081331597,-0.1544750864391764
2022-06-24,624.093,-7.8117331741051,-1.5832623127140373,-2.7016885,0.6253306813977715,-2.2085929941118088,-0.1492084571666342
2022-06-25,628.928,-2.9816364667522417,-1.6060820277251178,-2.6167367,0.6001817842567091,-2.206263811981827,-0.1440251028125127
2022-06-26,631.891,-0.0235051038944815,-1.6296765716684845,-2.5341332,0.5746173312907545,-2.2042939029592388,-0.1389288609794447
2022-06-27,627.084,-4.835746479542086,-1.6540047613312128,-2.4350202,0.548636248482723,-2.202641009813936,-0.1339233797930291
2022-06-28,628.539,-3.385962046263273,-1.679023847677022,-2.341511,0.5222377802206799,-2.201261627897702,-0.1290121141338481
2022-06-29,631.5300000000001,-0.3997758712937149,-1.7046895616870283,-2.2892675,0.4954214962659729,-2.200111057953001,-0.1241983221303148
2022-06-30,632.104,0.1694466855395884,-1.7309561621890437,-2.2217152,0.468187298458968,-2.199143460648012,-0.1194850619163259
2022-07-01,630.405,-1.5344132779461863,-1.7577764856257718,-2.1535559,0.4405354271554444,-2.1983119127812163,-0.1148751886573706
2022-07-02,632.491,0.5467669051473307,-1.7851019977099298,-2.094686,0.4124664673867826,-2.1975684650967127,-0.1103713518484107
2022-07-03,634.02,2.0707921184278257,-1.812882846911988,-2.0522525,0.3839813547373533,-2.1968642016493414,-0.1059759928865062
2022-07-04,633.313,1.3586819787574314,-1.841067919723952,-2.0247605,0.3550813809327433,-2.1961493006566952,-0.1016913429208246
2022-07-05,627.454,-4.505450170364941,-1.8696048976404056,-1.9947582,0.3257681991327199,-2.195373096773125,-0.0975194209823263
2022-07-06,626.111,-5.85352895838853,-1.8984403157959595,-1.9434247,0.2960438289230753,-2.194484144719034,-0.0934620323950658
2022-07-07,631.3910000000001,-0.5782573037872631,-1.9275196231960807,-1.8977058,0.2659106610007675,-2.193430284196848,-0.0895207674707133
2022-07-08,633.811,1.8370760810803697,-1.9567872444763967,-1.833086,0.235371461547028,-2.1921587060234247,-0.0856970004875364
2022-07-09,630.6220000000001,-1.356528609623271,-1.9861866431235176,-1.760648,0.2044293762833843,-2.1906160194069018,-0.0819918889547396
2022-07-10,633.619,1.6360754238319752,-2.015660386088724,-1.7102054,0.1730879342058107,-2.1887483202945344,-0.0784063731627033
2022-07-11,630.1759999999999,-1.811434109014718,-2.0451502097239005,-1.644806,0.1413510509925009,-2.1865012607164016,-0.0749411760193137
2022-07-12,631.933,-0.0587335889563958,-2.0745970869676,-1.5738875,0.1092230320810343,-2.183820119048634,-0.0715968031722182
2022-07-13,632.829,0.8329112252116806,-2.103941295707339,-1.5004352,0.0767085754109981,-2.1806498711183373,-0.0683735434164918
2022-07-14,632.361,0.3604771273290139,-2.1331224882428126,-1.4347442,0.0438127738283923,-2.176935262071205,-0.0652714693868524
2022-07-15,633.362,1.3570023763488028,-2.1620797617731986,-1.3838848,0.0105411171484616,-2.17262087892166,-0.0622904385332027
2022-07-16,626.246,-5.763548026450184,-2.190751729830388,-1.3362834,-0.0231005061261347,-2.1676512237042527,-0.0594300943779381
2022-07-17,633.361,1.3471757730971832,-2.219076594578706,-1.2787539,-0.0571058074345985,-2.1619707871441074,-0.0566898680531111
2022-07-18,639.7969999999999,7.778869671970303,-2.2469922199005032,-1.229996,-0.091468097137213,-2.1555241227632904,-0.0540689801151972
2022-07-19,630.3919999999999,-1.6312141563042246,-2.2744362051858897,-1.1769999,-0.1261802838466963,-2.148255921339193,-0.0515664426348681
2022-07-20,634.803,2.7749986739726578,-2.301345959743924,-1.1072712,-0.1612348741135963,-2.140111085630328,-0.0491810615588439
2022-07-21,631.832,-0.2011617255494049,-2.327658777751618,-1.0404994,-0.1966239724673244,-2.131034805284293,-0.0469114393405557
2022-07-22,634.513,2.474499107350069,-2.353311913656353,-0.9854299,-0.2323392818141328,-2.12097263184222,-0.0447559778360338
2022-07-23,631.822,-0.2217295242308767,-2.3782426579465468,-0.9296509,-0.2683721041930365,-2.10987055375351,-0.0427128814610965
2022-07-24,633.9970000000001,1.948159298128964,-2.4023884132048643,-0.89225495,-0.3047133418903898,-2.0976750713144745,-0.0407801606056081
2022-07-25,633.02,0.9660587676369108,-2.425686770357646,-0.8748502,-0.3413534989135094,-2.0843332714441365,-0.0389556353002542
2022-07-26,632.8059999999999,0.7470189829442151,-2.448075585033926,-0.83684146,-0.378282682823464,-2.069792902210462,-0.037236939130979
2022-07-27,634.537,2.4728858628976624,-2.4694930539469984,-0.79004765,-0.4154906069268205,-2.054002447020178,-0.0356215233959205
2022-07-28,631.733,-0.3361020576862357,-2.489877791211329,-0.76017076,-0.4529665928258652,-2.036911198385464,-0.0341066614993942
2022-07-29,632.619,0.5448429145128935,-2.509168904507484,-0.7397119,-0.4906995733265052,-2.0184693311809787,-0.0326894535771737
2022-07-30,631.7669999999999,-0.3127613430974518,-2.527306071007693,-0.7125692,-0.5286780957027573,-1.998627975304936,-0.031366831347053
2022-07-31,632.852,0.7664095409354115,-2.5442296129748128,-0.68315685,-0.5668903253164576,-1.977339287658355,-0.0301355631783817
2022-08-01,632.697,0.6055784497490198,-2.5598805729475904,-0.65948594,-0.6053240495905072,-1.9545565233570832,-0.0289922593740158
2022-08-02,632.203,0.1053819334429158,-2.5742007884254283,-0.6989357,-0.643966682333685,-1.9302341060917436,-0.0279333776578593
2022-08-03,631.273,-0.830873222180462,-2.587132965966254,-0.65033096,-0.6828052684147905,-1.904327697551464,-0.0269552288609223
2022-08-04,634.317,2.2073328454325223,-2.59862075461156,-0.61706245,-0.7218264887835574,-1.8767942658280024,-0.0260539827985876
2022-08-05,635.621,3.505654778076254,-2.6086088185533005,-0.64899164,-0.7610166658355282,-1.8475921527177723,-0.0252256743315391
2022-08-06,630.958,-1.162895293166009,-2.617042908957969,-0.63802755,-0.8003617691177748,-1.816681139840194,-0.0244662096025901
2022-08-07,631.4340000000001,-0.6922495022541715,-2.623869934864024,-0.5754814,-0.8398474213720866,-1.7840225134919374,-0.0237713724414289
2022-08-08,627.3199999999999,-4.811514482643748,-2.6290380330696785,-0.5245352,-0.8794589049119683,-1.7495791281577102,-0.0231368309291039
2022-08-09,631.46,-0.6763987410617793,-2.6324966369290395,-0.5332302,-0.9191811683295186,-1.7133154685995209,-0.0225581441138746
2022-08-10,632.07,-0.0716059486383424,-2.634196543975701,-0.49581027,-0.9589988335279904,-1.6751977104477107,-0.0220307688698767
2022-08-11,627.663,-4.48421913338521,-2.6340899822940265,-0.4378103,-0.9988962030755713,-1.6351937792184552,-0.0215500668898661
2022-08-12,631.9630000000001,-0.189427357228431,-2.6321306755596394,-0.3818112,-1.0388572678756722,-1.5932734076839672,-0.0211113118031628
2022-08-13,630.463,-1.6953443607475678,-2.628273906672,-0.33745775,-1.0788657151487395,-1.5494081915232605,-0.0207096964097532
2022-08-14,631.49,-0.6741238747700544,-2.6224765799033776,-0.29808384,-1.1189049367203654,-1.5035716431830122,-0.0203403400213745
2022-08-15,631.9,-0.2696848602321617,-2.614697281490091,-0.27924848,-1.1589580376102309,-1.45573924387986,-0.0199982959002774
2022-08-16,634.301,2.124865202717048,-2.604896338593474,-0.2561882,-1.199007844916156,-1.405888493677318,-0.0196785587862471
2022-08-17,634.0179999999999,1.835368533398762,-2.593035876559786,-0.23901734,-1.239036916987316,-1.3539989595724702,-0.0193760725023572
2022-08-18,630.626,-1.5628510987970028,-2.579079874410027,-0.24662751,-1.2790275528804296,-1.3000523215295976,-0.0190857376298395
2022-08-19,628.455,-3.739786943162419,-2.562994218492536,-0.18983634,-1.3189618020925244,-1.2440324164000114,-0.0188024192423681
2022-08-20,630.371,-1.8291050657117236,-2.5447467542331603,-0.155817,-1.3588214745636311,-1.1859252796695292,-0.018520954689993
2022-08-21,631.601,-0.6036230581660944,-2.524307335919885,-0.12308268,-1.398588150942579,-1.1257191849773065,-0.0182361614228953
2022-08-22,629.595,-2.613949124196235,-2.50164787446083,-0.09093197,-1.4382431931088202,-1.06340468135201,-0.0179428448450891
2022-08-23,632.124,-0.0891995507338641,-2.476742383056778,-0.068129405,-1.4777677549430412,-0.9989746281137368,-0.0176358061881717
2022-08-24,631.7890000000001,-0.4281621737171903,-2.4495670207316165,-0.04015878,-1.517142793339084,-0.9324242273925324,-0.0173098503951908
2022-08-25,632.497,0.2761449499838533,-2.4201001336663857,-0.01566965,-1.556349079449545,-0.8637510542168407,-0.0169597940046939
2022-08-26,635.263,3.038627378764346,-2.388322294285027,0.012750815,-1.5953672101572098,-0.7929550841278172,-0.0165804730250295
2022-08-27,633.085,0.8573603144927922,-2.354216338042366,0.036488213,-1.6341776197643088,-0.7200387182780574,-0.0161667507889767
2022-08-28,636.8549999999999,4.624094661464113,-2.317767397867367,0.053550195,-1.6727605918914026,-0.6450068059759644,-0.0157135257788192
2022-08-29,636.115,3.881098693762037,-2.278962936217257,0.084008515,-1.7110962715775553,-0.5678666646397017,-0.015215739412005
2022-08-30,631.9090000000001,-0.3277370499315877,-2.2377927747007504,0.11001837,-1.7491646775732743,-0.4886280971274759,-0.0146683837775933
2022-08-31,634.694,2.4546659121700323,-2.1942491212312354,0.1368387,-1.7869457148175425,-0.4073034064136931,-0.0140665093137508
2022-09-01,635.004,2.762397506228217,-2.148326594673558,0.16949525,-1.824419187090141,-0.3239074075834169,-0.01340523241663
2022-09-02,637.889,5.645217686769162,-2.1000222469507275,0.20965803,-1.8615648098303184,-0.2384574371204091,-0.012679742971055
2022-09-03,632.793,0.5470099135284543,-2.0493355825797317,0.23837666,-1.8983622231126884,-0.1509733594670428,-0.0118853117935332
2022-09-04,633.659,1.4111441793151092,-1.9962685756084544,0.25611192,-1.9347910047711745,-0.0614775708372796,-0.01101729797822
2022-09-05,630.6389999999999,-1.610380651835516,-1.9408256839285825,0.2754903,-1.970830683661668,0.0300049997330851,-0.0100711561365914
2022-09-06,639.618,7.36747829526411,-1.883013860942269,0.306698,-2.00646075305394,0.1234468921116702,-0.0090424435217004
2022-09-07,635.365,3.113633058299615,-1.822842564563295,0.32947195,-2.0416606841432854,0.2188181195799903,-0.0079268270280437
2022-09-08,636.3729999999999,4.121125323020944,-1.7603237635363964,0.34177738,-2.0764099396722373,0.3160861761358409,-0.0067200900582168
2022-09-09,635.788,3.535846074261142,-1.695471941061434,0.33825806,-2.110687987652626,0.4152160465911918,-0.0054181392477018
2022-09-10,638.061,5.8084605851262765,-1.6283040957120567,0.3530031,-2.144474315178169,0.5161702194661124,-0.0040170110392983
2022-09-11,635.961,3.708424431082437,-1.558839739641553,0.37822583,-2.177748442317696,0.6189087026761426,-0.0025128780989036
2022-09-12,635.9639999999999,3.711219252770505,-1.4871008940715875,0.36401662,-2.210489936079052,0.7233890420074642,-0.0009020555645376
2022-09-13,638.89,6.637346916791623,-1.4131120820625789,0.34580228,-2.2426784244336577,0.8295663423710791,0.0008189928792863
2022-09-14,636.852,4.59980612653501,-1.3369003185674837,0.36173394,-2.274293610391649,0.9373932918241652,0.0026536491095341
2022-09-15,632.097,-0.1544044146102074,-1.258495097773832,0.38617843,-2.305315286117477,1.0468201883436454,0.004605134862422
2022-09-16,634.928,2.677713996745015,-1.1779283777418514,0.41836128,-2.335723347075821,1.1577949693339695,0.0066765062282239
2022-09-17,635.319,3.069948403718831,-1.0952345623495945,0.43825766,-2.3654978061975966,1.2702632438480022,0.0088706483500978
2022-09-18,637.759,5.511515016940428,-1.010450480558962,0.4362085,-2.394618808055865,1.3841683274969032,0.0111902703336745
2022-09-19,636.91,4.664412507583965,-0.9236153630195674,0.3316217,-2.4230666430414107,1.4994512800218434,0.0136379003738924
2022-09-20,637.1569999999999,4.91363954682423,-0.8347708160303307,0.23911071,-2.4508217615277226,1.616050945497392,0.0162158811052947
2022-09-21,632.546,0.3048674135927642,-0.7439607928817167,0.14253066,-2.4778647880151614,1.7339039951334447,0.0189263651817339
2022-09-22,631.9090000000001,-0.3297775473805409,-0.6512315626044302,0.16609134,-2.5041765352440533,1.852944972639623,0.0217713110911518
2022-09-23,633.5260000000001,1.2898445758497123,-0.5566316761533479,0.23712856,-2.5297380182664853,1.9731063421131372,0.0247524792108164
2022-09-24,634.2090000000001,1.97546706737364,-0.4602119300583021,0.31580347,-2.554530468466587,2.094318538408285,0.0278714281080994
2022-09-25,629.4269999999999,-2.8040008532138456,-0.3620253275762629,0.3874388,-2.5785353475191317,2.216510019942868,0.0311295110915885
2022-09-26,634.805,2.577207652033425,-0.2621270373822144,0.44556704,-2.6017343612762747,2.33960732389406,0.0345278730170151
2022-09-27,634.835,2.61071221104784,-0.1605743498388475,0.49796897,-2.624109473572345,2.463535123733497,0.0380674473521776
2022-09-28,637.8620000000001,5.641511366017948,-0.0574266308879042,0.55104536,-2.645642919936603,2.588216289048699,0.0417489535047169
2022-09-29,635.6429999999999,3.426603659132564,0.0472547263912769,0.56751853,-2.666317221203973,2.7135719475952502,0.0455728944162942
2022-09-30,633.813,1.6009876325807717,0.1534063525078603,0.58709896,-2.6861151970137698,2.83952154952163,0.0495395544263785
2022-10-01,635.544,3.3366618285509,0.2609629545194744,0.59334046,-2.705019979186566,2.9659829337060404,0.0536489974085517
2022-10-02,635.37,3.167624789232028,0.3698573711727502,0.61873263,-2.7230150249693663,3.0928723961421163,0.057901065181882
2022-10-03,633.957,1.759875056812739,0.4800206301686707,0.6454883,-2.7400841301393624,3.220104760308033,0.0622953761996006
2022-10-04,634.242,2.050411173481682,0.5913820074945397,0.6725076,-2.756211441956636,3.347593449451176,0.066831324516974
2022-10-05,634.1719999999999,1.9862316814278391,0.7038690887620561,0.7024597,-2.771381471956236,3.475250560718292,0.0715080790399332
2022-10-06,634.808,2.6281272106443483,0.8174078324886759,0.7457587,-2.785579108570203,3.602986941058879,0.0763245830556689
2022-10-07,636.304,4.130229882220636,0.9319226352572498,0.78120357,-2.798789629570168,3.730712264827418,0.0812795540460733
2022-10-08,635.411,3.243620495491215,1.0473363986867807,0.80628383,-2.810998714321317,3.8583351130080974,0.0863714837845663
2022-10-09,635.923,3.762297548812893,1.16357059814507,0.8305924,-2.8221924558385822,3.985763053983652,0.0915986387164912
2022-10-10,637.6039999999999,5.450259540542163,1.2805453531320783,0.8523286,-2.832357372636082,4.11290272576816,0.0969590606229353
2022-10-11,637.471,5.324504969036354,1.3981794992608416,0.8766465,-2.84148042036093,4.239659919621771,0.1024505675674818
2022-10-12,635.149,3.0100323326519502,1.5163906617610527,0.88976675,-2.8495490032027058,4.365939664963759,0.1080707551250609
2022-10-13,636.89,4.75884012974573,1.635095330428605,0.8950313,-2.856550985069977,4.491646315498583,0.1138169978917252
2022-10-14,642.1700000000001,10.046926858674851,1.7542089359427642,0.92611116,-2.8624747005254445,4.616683636468209,0.1196864512738405
2022-10-15,643.242,11.127291017795736,1.873645927471086,0.94525164,-2.867308965471417,4.740954892942503,0.1256760535548405
2022-10-16,640.6129999999999,8.506931105465377,1.9933198514806865,0.9491672,-2.871043087577474,4.864362939058161,0.1317825282373685
2022-10-17,638.9449999999999,6.847845620040744,2.113143431673098,0.96374613,-2.873666876442376,4.986810308115474,0.1380023866582865
2022-10-18,637.8580000000001,5.770033059878672,2.2330286499586807,0.99519145,-2.87517065348237,5.108199303441051,0.144331930873712
2022-10-19,637.0630000000001,4.9844919233356535,2.3528868283852864,1.0235993,-2.8755452615383064,5.228432089923593,0.1507672568109216
2022-10-20,637.8779999999999,5.809220708768607,2.47262871193486,1.056107,-2.874782074194077,5.347410786128937,0.1573042576836228
2022-10-21,641.735,9.67621791453472,2.5921645521005767,1.0655676,-2.8728730047991293,5.465037556899706,0.163938627666802
2022-10-22,648.8810000000001,16.832482038990424,2.711404191156264,0.85058475,-2.8698105151879507,5.581214706344214,0.1706658658270265
2022-10-23,640.577,8.539011580492634,2.8302571470290143,0.8119654,-2.865587624089631,5.6958447711186455,0.1774812803037795
2022-10-24,635.5659999999999,3.53880503739822,2.9486326986851887,0.74854213,-2.860197915220821,5.80883061390601,0.1843799927371077
2022-10-25,637.8589999999999,5.842860908063972,3.066439971939411,0.72120464,-2.853635545055544,5.920075516994955,0.1913569429365607
2022-10-26,641.659,9.65417769084692,3.183588025595689,0.6796534,-2.8458952502656194,6.029483275861309,0.1984068937861147
2022-10-27,638.13,6.136753884103643,3.299985937829258,0.66646314,-2.836972354825545,6.136958292654803,0.2055244363794914
2022-10-28,642.125,10.143198547019406,3.4155428927176352,0.66981214,-2.826862776776016,6.242405669493651,0.2127039953800032
2022-10-29,636.44,4.469807448220555,3.530168266829021,0.67406124,-2.8155630346403693,6.345731301469391,0.2199398345987944
2022-10-30,636.1569999999999,4.1986525017140615,3.643771715776147,0.650392,-2.8030702534885323,6.446841969264679,0.2272260627850749
2022-10-31,640.725,8.778699254586687,3.756263260643688,0.6389712,-2.789382170643242,6.54564543128693,0.2345566396217032
2022-11-01,645.5889999999999,13.654986413095498,3.8675533741974446,0.4453056,-2.774497141023537,6.642050515220982,0.2419253819192187
2022-11-02,641.779,9.85751239892542,3.9775530667837273,0.316487,-2.758414142120736,6.735967208904463,0.2493259700011947
2022-11-03,640.745,8.836110630500903,4.086173971827707,0.276445,-2.7411327786023905,6.827306750430097,0.2567519542735453
2022-11-04,636.657,4.760871341855511,4.193328430839874,0.13349223,-2.722653286539864,6.915981717379738,0.2641967619702127
2022-11-05,654.381,22.49787072725634,4.2989295778403385,-0.13327888,-2.702976537255508,7.001906115095846,0.2716537040674402
2022-11-06,643.6229999999999,11.753107171905471,4.402891423111231,-0.21611208,-2.682104040785555,7.084995463896786,0.279115982358636
2022-11-07,645.9200000000001,14.063579061005347,4.505128936188324,-0.54705095,-2.6600379489551984,7.165166885143522,0.2865766966816537
2022-11-08,636.396,4.55328477975749,4.605558128003661,-0.84162897,-2.636781058062437,7.242339186066099,0.2940288522901132
2022-11-09,641.813,9.98422271336425,4.704096132092042,-1.0879084,-2.6123368111676637,7.316432943259706,0.3014653673602363
2022-11-10,637.553,5.737744156155101,4.800661284775154,-1.1015694,-2.586709299986075,7.387370584761229,0.3088790806244924
2022-11-11,633.248,1.446512459643186,4.895173204238294,-1.0914037,-2.559903266380344,7.455076470618637,0.3162627591232112
2022-11-12,634.553,2.765518349866016,4.987552868415774,-1.1205398,-2.531924103451182,7.519476971866956,0.3236091060651699
2022-11-13,635.435,3.6617539642880814,5.077722691602556,-1.10464,-2.5027778562237053,7.580500547826261,0.330910768788043
2022-11-14,632.5269999999999,0.7681976018885348,5.165606599710876,-1.0897627,-2.47247122192775,7.638077821638626,0.3381603468094751
2022-11-15,630.9,-0.8441202297283459,5.251130104092259,-1.0586702,-2.441011549870559,7.692141653962818,0.3453503999594327
2022-11-16,628.52,-3.20916812775133,5.334220373846789,-1.0214833,-2.4084068409005006,7.74262721474729,0.3524734565844016
2022-11-17,630.7850000000001,-0.928319442152186,5.41480630654331,-0.99629617,-2.374665746460753,7.789472053004063,0.3595220218139016
2022-11-18,630.374,-1.3239980832349132,5.492818597275775,-0.9644542,-2.3397975672321483,7.8326161645079235,0.3664885858797193
2022-11-19,634.0,2.3175593924524245,5.568189805983044,-0.9356463,-2.303812251364597,7.8720020573476415,0.3733656324782078
2022-11-20,630.61,-1.0566487442895045,5.640854422961108,-0.9129221,-2.266720392296842,7.90757481525795,0.3801456471659331
2022-11-21,634.805,3.154375777339854,5.7107489324989205,-0.88630205,-2.228533226164468,7.939282158663389,0.3868211257789283
2022-11-22,630.8979999999999,-0.736411352574172,5.777811874570896,-0.8840319,-2.1892626287964263,7.967074503367323,0.3933845828657729
2022-11-23,633.817,2.198040614795188,5.841983904521466,-0.87174344,-2.1489211123005507,7.990905016822016,0.3998285601247065
2022-11-24,630.855,-0.7485254044265353,5.90320785067912,-0.87790865,-2.107521821238832,8.010729671917952,0.4061456348349872
2022-11-25,631.567,-0.0208297285626852,5.96142876983982,-0.88498634,-2.0650785283934363,8.026507298233255,0.4123284282726958
2022-11-26,630.886,-0.685881846482757,6.016594000561862,-0.9276577,-2.0216056301247884,8.03819963068665,0.4183696141012288
2022-11-27,635.1139999999999,3.558323668844678,6.068653214216804,-0.95368767,-1.9771181413232184,8.045771355540023,0.4242619267267332
2022-11-28,646.307,14.767771383633535,6.117558463743476,-1.0362195,-1.9316316899559751,8.04919015369945,0.4299981696087905
2022-11-29,639.101,7.578439381955532,6.163264230054664,-1.0427948,-1.8851625112116956,8.04842674126636,0.4355712235167098
2022-11-30,643.218,11.712245681063138,6.205727466048633,-1.1350785,-1.8377274412445963,8.04345490729323,0.4409740547218504
2022-12-01,654.458,22.969250552106317,6.2449076381802735,-1.547343,-1.7893439105210065,8.03425154870128,0.4461997231164723
2022-12-02,638.722,7.250034865724123,6.280766765549399,-1.5855601,-1.7400299367710412,8.02079670232044,0.451241390249708
2022-12-03,636.81,5.354892169478724,6.313269456466396,-1.6139348,-1.6898041175485292,8.003073574014925,0.4560923272713319
2022-12-04,640.023,8.584806672268062,6.342382942458261,-1.944247,-1.6386856224025166,7.981068564860778,0.4607459227741347
2022-12-05,644.8620000000001,13.440868324419649,6.368077109680826,-2.0502684,-1.5866941846639544,7.954771294344781,0.4651956905258081
2022-12-06,638.788,7.38414112097225,6.390324527705861,-2.070575,-1.5338500928514085,7.924174620557269,0.4694352770813934
2022-12-07,635.3330000000001,3.946500528000288,6.409100475654627,-2.083429,-1.4801741816998977,7.889274657354525,0.4734584692674821
2022-12-08,632.8979999999999,1.5290635806580393,6.424382965652336,-2.1490479,-1.4256878228171996,7.850070788469535,0.4772592015295084
2022-12-09,648.127,16.775828175126147,6.436152763580973,-2.2869391,-1.370412914972211,7.806565678553184,0.4808315631336349
2022-12-10,641.057,9.723598752266817,6.444393407110829,-2.7005548,-1.3143718740202082,7.758765281131037,0.4841698052149127
2022-12-11,647.011,15.69557200764767,6.449091220994142,-3.1005123,-1.257587622470074,7.706678843464216,0.4872683476635658
2022-12-12,646.5840000000001,15.28674580800558,6.450235329607203,-3.204465,-1.2000835786988098,7.650318908306013,0.4901217858414504
2022-12-13,648.03,16.751118020076497,6.447817666730315,-3.241738,-1.141883645818889,7.589701312549204,0.4927248971209392
2022-12-14,640.2090000000001,8.948686510597057,6.44183298255799,-3.2674377,-1.0830122002042328,7.524845182762223,0.495072647238685
2022-12-15,633.112,1.870449146303514,6.432278847934845,-3.2826188,-1.0234940796808265,7.455772927615672,0.4971601964569416
2022-12-16,629.163,-2.0595962060675355,6.419155655815604,-3.2572563,-0.963354571388222,7.382510227203826,0.4989829055253427
2022-12-17,635.9820000000001,4.7786707684594045,6.402466619950755,-3.2309053,-0.9026193993184052,7.305086019269161,0.5005363414362781
2022-12-18,638.668,7.484128815779243,6.3822177708022885,-3.2041845,-0.8413147115387024,7.223532482340991,0.5018162829672445
2022-12-19,637.537,6.372653372522144,6.358417948697124,-3.1741388,-0.7794670671056632,7.137885015802787,0.5028187260038017
2022-12-20,629.3720000000001,-1.7726385556012376,6.331078794228661,-3.1884649,-0.7171034226770274,7.048182216905689,0.5035398886370209
2022-12-21,635.8580000000001,4.73337334638499,6.300214735920033,-3.2247849,-0.6542511188291162,6.954465854749149,0.503976216029579
2022-12-22,631.3069999999999,0.2025678243754765,6.265842975165477,-3.2117388,-0.5909378660872074,6.856780841252685,0.504124385044916
2022-12-23,634.472,3.387935407188796,6.227983468469302,-3.3087904,-0.5271917306766342,6.755175199145936,0.5039813086341647
2022-12-24,627.54,-3.5235147393609334,6.186658907004736,-3.362188,-0.4630411200025558,6.649700027007292,0.5035441399758274
2022-12-25,633.17,2.12745492527532,6.141894693517945,-3.3797402,-0.3985147678665686,6.540409461384513,0.5028102763634744
2022-12-26,638.2959999999999,7.2746050151232495,6.09371891660525,-3.4181178,-0.333641719428466,6.4273606360337165,0.5017773628370381
2022-12-27,648.186,17.18593344945327,6.042162322394532,-4.0307302,-0.2684513159217029,6.310613638316235,0.5004432955535548
2022-12-28,643.909,12.930438147535046,5.987258283664459,-4.135684,-0.2029731791312576,6.190231462795716,0.4988062248935377
2022-12-29,644.8199999999999,13.863117028638634,5.92904276643803,-4.2423325,-0.1372371956427849,6.066279962080815,0.4968645582994506
2022-12-30,657.25,26.31496801203444,5.86755429408956,-4.8699155,-0.0712735008721307,5.938827794961691,0.4946169628430703
2022-12-31,644.708,13.79498901699218,5.802833909006906,-5.3676,-0.0051124628844267,5.807946371891332,0.4920623675188498
2023-01-01,637.87,6.979013577971966,5.734925131853347,-5.5122514,0.0612153339878218,5.673709797865525,0.4891999652606962
2023-01-02,635.965,5.096131615857814,5.663873918476039,-5.5199046,0.1276791057181181,5.536194812757921,0.4860292146799116
2023-01-03,634.98,4.133284648005317,5.589728614510506,-5.5917163,0.1942478853410939,5.395480729169412,0.4825498415223633
2023-01-04,637.916,7.091589680125319,5.512539907733023,-5.6366644,0.2608905398795274,5.251649367853496,0.4787618398432712
2023-01-05,642.3299999999999,11.528044578954226,5.43236077821514,-6.0088577,0.3275757874332458,5.104784990781894,0.4746654728983348
2023-01-06,644.297,13.51761444156302,5.349246446336871,-6.0402656,0.3942722144197748,4.954974231917097,0.4702612737502454
2023-01-07,638.725,7.968147358619388,5.263254318717351,-6.0807505,0.4609482929564607,4.80230602576089,0.4655500455899531
2023-01-08,648.436,17.701817910977134,5.174443932123894,-6.262158,0.5275723983736708,4.646871533750223,0.460532861772396
2023-01-09,641.6039999999999,10.892595838946088,5.082876895422498,-6.666096,0.5941128268485428,4.488764068573955,0.4552110655667227
2023-01-10,641.1289999999999,10.440454811419096,4.988616829634881,-6.9055815,0.6605378131486521,4.328079016486229,0.4495862696213667
2023-01-11,637.266,6.600418039933159,4.891729306169022,-7.0315995,0.7268155484748496,4.164913757694173,0.4436603551446581
2023-01-12,632.7890000000001,2.1462238748422107,4.792281783292131,-7.102664,0.7929141983924309,3.9993675848997,0.4374354708019931
2023-01-13,630.3389999999999,-0.2809472094913978,4.690343540916643,-7.150731,0.8588019208396759,3.831541620076968,0.4309140313308892
2023-01-14,637.694,7.096993192252199,4.585985613771707,-7.38635,0.924446884202737,3.6615387295689694,0.4240987158755933
2023-01-15,639.731,9.156903593498155,4.47928072303401,-7.5074396,0.9898172854457512,3.4894634375882587,0.4169924660432234
2023-01-16,638.899,8.347739083048964,4.370303206493584,-7.631345,1.054881368284982,3.315421838208602,0.409598483683738
2023-01-17,634.815,4.286621674690223,4.259128947331472,-7.614049,1.119607441395716,3.1395215059357566,0.4019202283963459
2023-01-18,629.4340000000001,-1.0716417873037871,4.14583530158759,-7.6276107,1.1839638966405923,2.961871404946998,0.3939614147652847
2023-01-19,634.19,3.707182396121012,4.030501024398359,-7.748556,1.2479192273079611,2.7825817970903977,0.38572600932819
2023-01-20,625.2090000000001,-5.251256152134244,3.913206195084863,-7.6885476,1.3114420463488516,2.6017641487360117,0.3772182272805933
2023-01-21,626.202,-4.235398002614896,3.794032141173341,-7.6460314,1.3745011046010278,2.4195310365723133,0.3684425289203752
2023-01-22,630.232,-0.1823876785279594,3.673061361430829,-7.6222806,1.4370653089886554,2.2359960524421743,0.3594036158363015
2023-01-23,628.98,-1.4113048790476377,3.5503774479996517,-7.582717,1.4991037406859908,2.05127370731366,0.3501064268450492
2023-01-24,623.3149999999999,-7.053151940279157,3.426065007715245,-7.5501003,1.5605856732335337,1.8654793344817115,0.3405561336814178
2023-01-25,621.066,-9.278737743009126,3.3002095826925086,-7.519486,1.6214805905950478,1.6787289920974608,0.3307581364466974
2023-01-26,621.8240000000001,-8.496989423600844,3.172897570266434,-7.4738736,1.6817582051438542,1.4911393651225795,0.3207180588204283
2023-01-27,627.756,-2.5411908568815385,3.0442161423733247,-7.454406,1.7413884755667914,1.3028276668065333,0.3104417430410615
2023-01-28,634.809,4.536536429506384,2.914253164459269,-7.4249477,1.800341624674249,1.11391153978502,0.2999352446612728
2023-01-29,625.368,-4.880908795612684,2.78309711400284,-7.4438744,1.8585881571046896,0.9245089568981504,0.2892048270839496
2023-01-30,630.2330000000001,0.0076810559204041,2.6508369987392246,-7.3879795,1.9160988769121188,0.7347381218271059,0.2782569558850858
2023-01-31,624.395,-5.806696327227911,2.5175622746730424,-7.3437476,1.972844905024928,0.5447173696481145,0.2670982929300881
2023-02-01,627.535,-2.642730094564883,2.383362763967168,-7.301772,2.028797696564669,0.3545650674024996,0.2557356902901874
2023-02-02,628.614,-1.5388464721018205,2.248328572794735,-7.2577887,2.0839290580132563,0.1643995147814787,0.2441761839659021
2023-02-03,632.279,2.1510472081267533,2.1125500092413265,-7.2337027,2.138211164217236,-0.0256611549759093,0.232426987424671
2023-02-04,628.109,-1.995157178593866,1.976117501344075,-7.1973796,2.191616575217744,-0.2154990738736688,0.2204954849600176
2023-02-05,634.9110000000001,4.831450454214022,1.8391215153539655,-7.4341183,2.2441182528949053,-0.4049967375409395,0.2083892248797564
2023-02-06,629.038,-1.0169904612373393,1.7016524743072026,-7.4312587,2.2956895774154504,-0.5940371031082479,0.1961159125309682
2023-02-07,623.4929999999999,-6.537439748869475,1.563800676990881,-7.4216995,2.34630436347244,-0.7825036864815591,0.1836834031696248
2023-02-08,620.985,-9.02083800441322,1.425656217387529,-7.3974094,2.395936876306058,-0.9702806589185292,0.1710996946829134
2023-02-09,621.745,-8.236194600927895,1.2873089046823365,-7.364846,2.4445618474945388,-1.1572529428122025,0.1583729201724648
2023-02-10,631.509,1.552465657542368,1.148848183915996,-7.319808,2.4921544905044057,-1.34330630658841,0.1455113404068349
2023-02-11,631.261,1.3291046177340275,1.0103630573651323,-7.331863,2.5386905159892867,-1.5283274586241542,0.132523336151717
2023-02-12,631.298,1.3906850991182005,0.8719420067312557,-7.29048,2.584146146826724,-1.712204140095468,0.1194174003864928
2023-02-13,629.7049999999999,-0.1778151713529034,0.7336729162180248,-7.2803297,2.628498132882493,-1.8948252166644688,0.1062021304158395
2023-02-14,635.811,5.952659290225261,0.5956429965753773,-7.3329377,2.6717237654921133,-2.076080768916736,0.0928862198852132
2023-02-15,624.3689999999999,-5.465036827084156,0.4579387101877937,-7.3086205,2.7138008916493277,-2.2558621814615334,0.079478450709121
2023-02-16,625.0550000000001,-4.75471035064149,0.3206456972825281,-7.27253,2.7547079278915354,-2.4340622306090074,0.0659876849211789
2023-02-17,627.327,-2.4584211257271797,0.1838487033321988,-7.2185493,2.79442387387229,-2.6105751705400912,0.052422856455019
2023-02-18,629.072,-0.6891363193191413,0.0476315077245278,-7.158467,2.832928325611118,-2.7852968178865902,0.0387929628651684
2023-02-19,623.583,-6.153894105877231,-0.0879231462295712,-7.1136994,2.8702014884111398,-2.9581246346407104,0.0251070569970837
2023-02-20,626.601,-3.1116835835063634,-0.2227336198801379,-7.081741,2.9062241894351093,-3.1289578093152475,0.0113742386155399
2023-02-21,633.375,3.687361324855268,-0.3567194463468432,-7.1469564,2.9409778899307053,-3.2976973362775484,-0.0023963539993722
2023-02-22,630.823,1.1601970863518307,-0.4898013960864392,-7.2431607,2.974444697096063,-3.4642460931825023,-0.0161955524793952
2023-02-23,629.192,-0.4467776652867261,-0.6219015408550905,-7.3272095,3.006607375576808,-3.6285089164318975,-0.0300141668091317
2023-02-24,629.294,-0.3208191113418741,-0.7529433160037472,-7.484881,3.037449358585957,-3.7903926745897047,-0.0438429937716928
2023-02-25,623.34,-6.250951006540672,-0.8828515810467537,-7.5608277,3.0669547586383974,-3.949806339685151,-0.0576728253897337
2023-02-26,631.267,1.6998954749117654,-1.011552678446047,-7.702911,3.0951083778917416,-4.1066610563377886,-0.0714944573526574
2023-02-27,637.4300000000001,7.886682158555366,-1.138974490555454,-7.9008107,3.1218957180857068,-4.260870208641161,-0.0852986974208134
2023-02-28,635.2750000000001,5.754877493029895,-1.2650464946718984,-8.168944,3.14730299007231,-4.412349484744209,-0.0990763737975657
2023-03-01,631.838,2.3404990595542685,-1.3896998161425569,-8.302776,3.17131712292948,-4.5610169390720365,-0.1128183434601659
2023-03-02,630.1600000000001,0.6850282816954537,-1.5128672794794429,-8.31428,3.193925772650884,-4.706793052130327,-0.1265155004404262
2023-03-03,630.675,1.2224628258939771,-1.6344834574352332,-8.329707,3.21511733040508,-4.849600787840313,-0.1401587840462868
2023-03-04,638.283,8.852800358590944,-1.754484717996631,-8.406081,3.2348809303573027,-4.9893656483539335,-0.1537391870154405
2023-03-05,637.181,7.772647232586572,-1.8728092692540583,-8.554452,3.253206457047514,-5.126015726301572,-0.1672477635922997
2023-03-06,624.957,-4.429808924473059,-1.9893972021089967,-8.572656,3.270084552318595,-5.259481754427592,-0.1806756375196803
2023-03-07,624.204,-5.161349947723651,-2.104190530782847,-8.588599,3.2855066217888487,-5.389697152571696,-0.1940140099367226
2023-03-08,625.148,-4.196001160776959,-2.217133231093824,-8.701844,3.299464840863246,-5.51659807195707,-0.2072541671746728
2023-03-09,627.264,-2.0587784230602164,-2.3281712764710014,-8.743814,3.3119521602781874,-5.640123436749189,-0.2203874884423113
2023-03-10,641.3050000000001,12.003315852997488,-2.437252671677306,-9.338438,3.3229623111747864,-5.7602149828520925,-0.2334054533929523
2023-03-11,621.574,-7.706868227251649,-2.544327484215928,-9.393111,3.332489809696028,-5.876817293911955,-0.2462996495650995
2023-03-12,628.5730000000001,-0.6871758011478574,-2.649347873397356,-9.490876,3.34052996110346,-5.989877834500816,-0.2590617796890083
2023-03-13,625.129,-4.1106358316035045,-2.7522681170469383,-9.626305,3.34707886340935,-6.099346980456288,-0.2716836688515914
2023-03-14,641.7040000000001,12.484910176274967,-2.85304463583564,-10.0641775,3.3521334105206124,-6.205178046356252,-0.2841572715122756
2023-03-15,633.063,3.8641681144397326,-2.951636015219385,-10.266601,3.3556912948910718,-6.307327310110457,-0.2964746783626164
2023-03-16,622.745,-6.433817442309727,-3.0480030249752037,-10.211988,3.3577510096790086,-6.405754034654212,-0.3086281230226864
2023-03-17,622.8829999999999,-6.275952446403677,-3.142108636325074,-10.130493,3.3583118504072256,-6.500420486732299,-0.3206099885674496
2023-03-18,622.969,-6.170239346703407,-3.2339180366412057,-10.023316,3.357373916123213,-6.5912919527644185,-0.3324128138765526
2023-03-19,625.9209999999999,-3.198680592071298,-3.32339864172924,-10.110095,3.3549381100573488,-6.678336751786588,-0.3440292998011998
2023-03-20,630.59,1.4897213686311703,-3.41052010568859,-10.202085,3.3510061397773745,-6.761526245465964,-0.3554523151419929
2023-03-21,624.8470000000001,-4.23409201345864,-3.4952543283519417,-10.22181,3.3455805168377744,-6.8408348451897165,-0.3666749024318615
2023-03-22,625.873,-3.189065537478157,-3.5775754603086534,-10.304364,3.338664555922966,-6.916240016231619,-0.3776902835184571
2023-03-23,630.165,1.1217983391723347,-3.657459905519515,-10.335492,3.3302623734836643,-6.987722279003179,-0.3884918649406257
2023-03-24,621.0989999999999,-7.925564428908525,-3.734886321533068,-10.375775,3.320378885866004,-7.055265207399072,-0.399073243093834
2023-03-25,620.9689999999999,-8.037093009793669,-3.809835617316355,-10.347403,3.309019806933461,-7.1188554242498165,-0.4094282091796834
2023-03-26,620.923,-8.064727686018008,-3.882290948715652,-10.276264,3.296191645181932,-7.178482593897584,-0.4195507539349125
2023-03-27,619.439,-9.530531418805428,-3.952237711565366,-10.180404,3.281901700348665,-7.234139411914031,-0.429435072135558
2023-03-28,626.4920000000001,-2.4595066657210687,-4.019663532465902,-10.406723,3.2661580595161555,-7.2858215919820575,-0.4390755668722201
2023-03-29,629.6,0.6664785143058002,-4.084558257253885,-10.486235,3.2489695927123927,-7.333527849966278,-0.4484668535926554
2023-03-30,624.109,-4.807311195856177,-4.14691393719065,-10.449242,3.23034594800931,-7.37725988519996,-0.4576037639082079
2023-03-31,624.798,-4.10124903678787,-4.206724812897432,-10.408902,3.2102975461215446,-7.417022359018976,-0.4664813491608661
2023-04-01,637.798,8.915662461421936,-4.263987296068156,-10.441723,3.1888355745080705,-7.452822870576226,-0.475094883748029
2023-04-02,638.597,9.731016204243952,-4.318699948993136,-10.462361,3.1659719809795552,-7.484671929972691,-0.4834398682023603
2023-04-03,625.213,-3.637005869071394,-4.37086346192935,-10.514235,3.141719466814711,-7.512582928744061,-0.4915120320243899
2023-04-04,623.187,-5.64718679435614,-4.420480628355333,-10.487515,3.11609147938922,-7.536572107744552,-0.4993073362658298
2023-04-05,622.803,-6.015394796908701,-4.467556318150921,-10.432384,3.089102204321236,-7.556658522472157,-0.5068219758618662
2023-04-06,620.323,-8.479486107030485,-4.512097448744374,-10.378963,3.0607665571377463,-7.572864005882121,-0.514052381710983
2023-04-07,619.2990000000001,-9.48773767363438,-4.554112954271523,-10.49517,3.031100174466524,-7.585213128738047,-0.5209952225011775
2023-04-08,620.808,-7.963152059356553,-4.59361375279366,-10.423175,3.0001194047586823,-7.593733157552342,-0.5276474062817258
2023-04-09,618.861,-9.894340513192644,-4.630612711623003,-10.360034,2.967841298547239,-7.598454010170242,-0.534006081779958
2023-04-10,618.011,-10.728686277896337,-4.665124610806466,-10.304541,2.934283598247452,-7.599408209053918,-0.5400686394627943
2023-04-11,623.894,-4.8301918581550165,-4.6971661048204,-10.291551,2.899464727505003,-7.596630832325403,-0.5458327123431078
2023-04-12,623.4110000000001,-5.297399556973073,-4.7267556825308175,-10.199659,2.8634037800985155,-7.590159462629333,-0.5512961765312618
2023-04-13,620.26,-8.432759575241409,-4.753913625475365,-10.102279,2.826120508403148,-7.580034133878513,-0.5564571515324757
2023-04-14,619.1600000000001,-9.51674497982376,-4.778661964525012,-9.986211,2.787635311422461,-7.566297275947473,-0.5613140002909649
2023-04-15,619.4190000000001,-9.241783878420096,-4.801024434985038,-9.877482,2.7479692223959757,-7.548993657381013,-0.565865328982096
2023-04-16,622.0949999999999,-6.549911692534895,-4.82102643019645,-9.783673,2.7071438959902565,-7.528170326186706,-0.570109986554084
2023-04-17,625.893,-2.7361395911952338,-4.838694953700428,-9.719207,2.66518159508165,-7.503876548782078,-0.5740470640210497
2023-04-18,628.4929999999999,-0.1201991028880097,-4.854058570029806,-9.776383,2.622105177139144,-7.47616374716895,-0.5776758935095434
2023-04-19,618.05,-10.54748363132869,-4.867147354192837,-9.737472,2.5779380802161103,-7.445085434408947,-0.5809960470609093
2023-04-20,618.191,-10.390770173552689,-4.877992839915826,-9.67056,2.5327043085600365,-7.410697148475862,-0.5840073351921609
2023-04-21,613.409,-15.156951214333104,-4.886627966712246,-9.620239,2.486428417849668,-7.373056384561914,-0.5867098052182926
2023-04-22,618.607,-9.943211866575629,-4.893087025847106,-9.513742,2.43913550006922,-7.332222525916325,-0.5891037393392387
2023-04-23,622.21,-6.3246060816511855,-4.897405605266232,-9.475497,2.390851168029727,-7.288256773295959,-0.5911896524949372
2023-04-24,619.195,-9.324136092834385,-4.899620533561088,-9.383492,2.341601539547768,-7.241222073108856,-0.5929682899922311
2023-04-25,619.104,-9.39980413339932,-4.899769823040515,-9.25567,2.2914132212921823,-7.191183044332697,-0.5944406249075808
2023-04-26,616.445,-12.043612436620428,-4.897892611981488,-9.1523695,2.2403132923096263,-7.138205904291114,-0.5956078552698236
2023-04-27,619.662,-8.811563235772212,-4.894029106131641,-9.042417,2.1883292872400952,-7.082358393371736,-0.596471401027437
2023-04-28,617.779,-10.6796587641288,-4.888220519536826,-8.904792,2.135489179233804,-7.023709698770629,-0.5970329008050228
2023-04-29,616.524,-11.919901254964596,-4.88050901476744,-8.752259,2.081821362581073,-6.962330377348513,-0.5972942084539373
2023-04-30,620.039,-8.390292941554126,-4.870937642617577,-8.619891,2.02735463506712,-6.898292277684696,-0.5972573894022302
2023-05-01,625.1419999999999,-3.272836057171537,-4.859550281351387,-8.55586,1.9721181800638816,-6.831668461415269,-0.5969247168092624
2023-05-02,624.9449999999999,-3.4555328350912173,-4.846391575571179,-8.577213,1.9161415483712347,-6.762533123942413,-0.5962986675305822
2023-05-03,623.761,-4.62528263955048,-4.83150687478186,-8.504033,1.8594546398202003,-6.69096151460206,-0.5953819178988422
2023-05-04,622.389,-5.983187777506369,-4.8149421717264,-8.452026,1.8020876846509373,-6.617029856377337,-0.5941773393267312
2023-05-05,619.604,-8.754250466999839,-4.796744040566814,-8.639608,1.7440712246785155,-6.54081526524533,-0.5926879937380793
2023-05-06,618.171,-10.173472926071833,-4.776959574985084,-8.731057,1.6854360942596744,-6.462395669244758,-0.5909171288334755
2023-05-07,615.1790000000001,-13.151718122433184,-4.7556363262780765,-8.673343,1.6262134010739533,-6.38184972735203,-0.5888681731968944
2023-05-08,620.2710000000001,-8.04603058120797,-4.732822241520286,-8.686059,1.5664345067327312,-6.2992567482530175,-0.5865447312500076
2023-05-09,622.054,-6.249219609182987,-4.708565601867662,-8.57146,1.5061310072299146,-6.214696609097576,-0.5839505780609872
2023-05-10,620.6669999999999,-7.622563204078953,-4.682914961075372,-8.422341,1.4453347132481518,-6.128249674323524,-0.5810896540147613
2023-05-11,618.635,-9.641063507534623,-4.6559190843016784,-8.310237,1.384077630334566,-6.039996714636244,-0.5779660593518157
2023-05-12,622.0830000000001,-6.179722661188962,-4.627626887269439,-8.186588,1.3223919389601893,-5.950018826229628,-0.5745840485827541
2023-05-13,618.343,-9.9065428066807,-4.598087375855945,-8.069296,1.2603099744773525,-5.858397350333298,-0.570948024785953
2023-05-14,614.3349999999999,-13.901526085648385,-4.567349586181032,-7.9566197,1.1978642069894296,-5.765213793170462,-0.5670625337957381
2023-05-15,615.633,-12.590674639730793,-4.5354625252623135,-7.8362255,1.135087221147402,-5.670549746409716,-0.5629322582886218
2023-05-16,615.109,-13.101990610566691,-4.502475112305552,-7.6701317,1.0720116958878396,-5.574486808193392,-0.5585620117752204
2023-05-17,615.4060000000001,-12.792476139794797,-4.4684361206969365,-7.508923,1.008670384126934,-5.477106504823871,-0.5539567325055432
2023-05-18,620.518,-7.668133369054026,-4.433394120762976,-7.367689,0.9450960924252998,-5.378490213188275,-0.549121477295412
2023-05-19,619.3140000000001,-8.859964439982749,-4.397397423362372,-7.2282176,0.8813216606383193,-5.278719084000691,-0.5440614152818389
2023-05-20,620.0219999999999,-8.139971494220083,-4.3604940243730725,-7.0867963,0.8173799415668392,-5.177873965939912,-0.5387818216152257
2023-05-21,617.9820000000001,-10.168156673404388,-4.322731550136095,-6.953428,0.7533037806230555,-5.076035330759151,-0.5332880710962808
2023-05-22,617.847,-10.291522119174717,-4.284157203916512,-6.8362813,0.6891259955264478,-4.973283199442959,-0.5275856317655967
2023-05-23,625.422,-2.705069973169505,-4.244817713440224,-6.7564335,0.6248793560446293,-4.869697069484853,-0.5216800584538296
2023-05-24,619.707,-8.40880237702783,-4.204759279563785,-6.675846,0.5605965637939532,-4.765355843357738,-0.5155769863004405
2023-05-25,616.398,-11.706721472388056,-4.164027526132666,-6.5845027,0.4963102321147409,-4.660337758247407,-0.5092821242489468
2023-05-26,622.026,-6.067829400889188,-4.122667451081857,-6.512068,0.4320528660358956,-4.554720317117753,-0.5028012485266345
2023-05-27,620.564,-7.519128304169891,-4.080723378830738,-6.4370103,0.3678568423437064,-4.448580221174445,-0.4961401961166468
2023-05-28,624.459,-3.61362032386878,-4.038238914022494,-6.336197,0.3037543897695064,-4.341993303792,-0.4893048582303316
2023-05-29,626.162,-1.9003076016245632,-3.995256896656321,-6.212678,0.2397775693108485,-4.2350344659671695,-0.4823011737877063
2023-05-30,619.56,-8.492167561853627,-3.951819358658888,-6.1184998,0.1759582547007372,-4.127777613359625,-0.4751351229138293
2023-05-31,623.764,-4.278226391753226,-3.907967481939364,-6.0489883,0.112328113039376,-4.02029559497874,-0.4678127204588105
2023-06-01,618.054,-9.978486229302169,-3.863741557970531,-5.99064,0.0489185856027866,-3.912660143573318,-0.460340009549134
2023-06-02,624.001,-4.021949212478862,-3.8191809489361455,-5.9121184,-0.0142391311574746,-3.804941817778672,-0.4527230551778713
2023-06-03,623.312,-4.70161747926153,-3.774324050482892,-5.805532,-0.0771141044093904,-3.6972099460735017,-0.4449679378412898
2023-06-04,623.101,-4.903493167628803,-3.729208256112889,-5.697661,-0.1396756835164023,-3.589532572596487,-0.4370807472292485
2023-06-05,624.355,-3.640478678270349,-3.6838699232507097,-5.5877857,-0.2018935183803671,-3.4819764048703425,-0.4290675759766817
2023-06-06,622.6270000000001,-5.35963973067719,-3.638344341016495,-5.516232,-0.2637375775379215,-3.374606763478573,-0.4209345134833461
2023-06-07,626.974,-1.0040155914215538,-3.5926656997346464,-5.445911,-0.3251781659968034,-3.2674875337378437,-0.412687639808888
2023-06-08,624.4110000000001,-3.558608377702509,-3.5468670622052088,-5.3855863,-0.3861859427988675,-3.160681119406341,-0.4043330196501432
2023-06-09,623.607,-4.354420206719015,-3.5009803367628,-5.4269505,-0.4467319382967434,-3.054248398466056,-0.3958766964074699
2023-06-10,625.38,-2.573453195670029,-3.4550362521456077,-5.366565,-0.5067875711312999,-2.948248681014308,-0.3873246863467344
2023-06-11,624.739,-3.20670946175482,-3.4090643341946887,-5.353632,-0.5663246648973052,-2.842739669297384,-0.3786829728634258
2023-06-12,623.602,-4.3361630274995004,-3.363092884401344,-5.3781323,-0.6253154644849065,-2.737777419916437,-0.369957500855227
2023-06-13,622.542,-5.388661686079768,-3.317148960318128,-5.3038654,-0.6837326520848186,-2.633416308233309,-0.3611541712091721
2023-06-14,623.0590000000001,-4.864384269504275,-3.2712583578465164,-5.1915317,-0.7415493628453629,-2.5297089950011538,-0.3522788354093583
2023-06-15,626.725,-1.191332863910783,-3.225445595412051,-5.0613766,-0.7987392001697683,-2.4267063952422827,-0.3433372902709946
2023-06-16,624.454,-3.455295709908773,-3.1797339000351963,-4.9583793,-0.8552762506424368,-2.32445764939276,-0.3343352728063719
2023-06-17,628.383,0.4813309551454232,-3.13414519530395,-4.862736,-0.9111350985731734,-2.2230100967307767,-0.3252784552281455
2023-06-18,634.496,6.601698465060374,-3.088700091251728,-4.816161,-0.9662908401486732,-2.122409251103055,-0.3161724400951146
2023-06-19,631.154,3.2659792901224938,-3.0434178761417465,-4.8374805,-1.020719097180885,-2.0226987789608613,-0.3070227556054727
2023-06-20,626.149,-1.7331957306647994,-2.9983165101566804,-4.798232,-1.0743960304421862,-1.9239204797144944,-0.2978348510422972
2023-06-21,624.178,-3.6986088980284046,-2.953412620990117,-4.712158,-1.127298352577662,-1.8261142684124547,-0.2886140923757998
2023-06-22,624.852,-3.019262298106323,-2.908721501333872,-4.6157513,-1.1794033405850814,-1.7293181607487906,-0.2793657580266738
2023-06-23,623.71,-4.156158017036444,-2.864257108252977,-4.5520897,-1.2306888478535605,-1.633568260399417,-0.2700950347946015
2023-06-24,622.94,-4.921298140956542,-2.8200320644377928,-4.509605,-1.2811333157522466,-1.538898748685546,-0.260807013955781
2023-06-25,624.591,-3.2656847560046294,-2.7760576613204724,-4.4541445,-1.3307157847607265,-1.445341876559746,-0.2515066875330791
2023-06-26,621.836,-6.016319948318581,-2.7323438640406232,-4.40231,-1.379415905133232,-1.3529279589073913,-0.2421989447421762
2023-06-27,622.651,-5.19717303437048,-2.688899318242937,-4.3260098,-1.4272139470891394,-1.261685371153798,-0.2328885686168253
2023-06-28,624.911,-2.933064133955431,-2.6457313586871742,-4.2454967,-1.4740908105226018,-1.1716405481645724,-0.2235802328160956
2023-06-29,626.198,-1.6422150812221243,-2.6028460196488856,-4.1484027,-1.5200280342246018,-1.082817985424284,-0.2142784986162257
2023-06-30,624.653,-3.183627924908195,-2.560248047086957,-4.058632,-1.5650078046110854,-0.9952402424758722,-0.2049878120894437
2023-07-01,623.146,-4.687182265512358,-2.517940912552091,-3.9827876,-1.6090129639512754,-0.9089279486008156,-0.1957125014718746
2023-07-02,623.024,-4.805999272613866,-2.475926828808187,-3.8990524,-1.6520270180906835,-0.8238998107175033,-0.1864567747223778
2023-07-03,622.602,-5.22488021604085,-2.434206767136611,-3.8149536,-1.6940341436637476,-0.7401726234728636,-0.1772247172739105
2023-07-04,625.612,-2.21183606208241,-2.3927804762913523,-3.7327378,-1.7350191947914702,-0.6577612814998821,-0.1680202899787508
2023-07-05,624.8470000000001,-2.9739748964976296,-2.3516465030711493,-3.659029,-1.7749677092598768,-0.5766787938112725,-0.1588473272486443
2023-07-06,622.5,-5.318371868891168,-2.3108022144727496,-3.592754,-1.813865914175536,-0.4969363002972136,-0.1497095353906925
2023-07-07,628.486,0.6699710586003083,-2.270243821387722,-3.5235746,-1.8517007310948472,-0.4185430902928748,-0.1406104911395165
2023-07-08,633.038,5.22383807831137,-2.229966403803367,-3.4501827,-1.8884597806242387,-0.3415066231791281,-0.1315536403859913
2023-07-09,628.619,0.8063605597479008,-2.189963937466632,-3.3904257,-1.9241313864888887,-0.2658325509777428,-0.1225422971025734
2023-07-10,626.812,-0.9994363209434958,-2.150229321968233,-3.3240619,-1.9587045790680204,-0.1915247429002124,-0.1135796424649786
2023-07-11,623.331,-4.479457050077788,-2.110754410202609,-3.2697067,-1.9921690983952955,-0.1185853118073132,-0.104668724169718
2023-07-12,619.974,-7.835736897145733,-2.07153003915777,-3.20219,-2.0245153966232943,-0.0470146425344757,-0.0958124559467462
2023-07-13,626.321,-1.4881511225596329,-2.032546061987646,-3.1410794,-2.0557346399515115,0.0231885779638654,-0.0870136172662013
2023-07-14,622.826,-4.9826707252927065,-1.993791381318121,-3.0702229,-2.0858187100177923,0.0920273286996713,-0.0782748532379831
2023-07-15,619.987,-7.821328366516435,-1.9552539837365757,-3.0025735,-2.1147602047535856,0.1595062210170101,-0.0695986747026581
2023-07-16,623.5619999999999,-4.246083325856279,-1.9169209754135088,-2.9498389,-2.142552438703833,0.2256314632903249,-0.0609874585119247
2023-07-17,627.776,-0.0320921421514282,-1.8787786188035895,-2.9179838,-2.169189442812844,0.2904108240092542,-0.05244344799664
2023-07-18,625.993,-1.8152859520258864,-1.8408123703723105,-2.874765,-2.194665963677876,0.3538535933055653,-0.0439687536201598
2023-07-19,623.852,-3.9560348618737833,-1.8030069192934115,-2.8252292,-2.218977462272716,0.4159705429793046,-0.0355653538145087
2023-07-20,621.487,-6.321019718219221,-1.7653462270611953,-2.7709374,-2.2421201121439145,0.4767738850827192,-0.0272350959966618
2023-07-21,627.651,-0.156744627607983,-1.7278135679609452,-2.7231383,-2.264090797082866,0.5362772291219207,-0.0189796977619955
2023-07-22,624.291,-3.5163839600631954,-1.6903915703397931,-2.655859,-2.2848871082773474,0.5944955379375543,-0.0108007482517345
2023-07-23,627.535,-0.2722197596821163,-1.6530622586196435,-2.6015577,-2.3045073409465906,0.6514450823269469,-0.002699709691007
2023-07-24,624.325,-3.4822596676056725,-1.615807095993019,-2.55647,-2.322950490464427,0.7071433944714078,0.0053220809060982
2023-07-25,622.3349999999999,-5.472394800799128,-1.5786070277420887,-2.530708,-2.340216247975479,0.7616092202333904,0.0132634098682814
2023-07-26,621.011,-6.796671504944576,-1.541442525120593,-2.498711,-2.356304995509828,0.8148624703892351,0.0211231848396081
2023-07-27,624.4399999999999,-3.3679289103466634,-1.504293629737902,-2.4497848,-2.3712178006020306,0.8669241708641284,0.0289004325971218
2023-07-28,622.716,-5.092400878792118,-1.4671399983840547,-2.3848138,-2.3849564104207706,0.9178164120367158,0.0365942967178977
2023-07-29,628.0790000000001,0.2700456223171917,-1.4299609482343063,-2.3198757,-2.397523245415905,0.967562297181598,0.0442040351001266
2023-07-30,626.664,-1.1450195279582782,-1.3927355023714794,-2.2679,-2.4089213924900377,1.0161858901185583,0.0517290173429943
2023-07-31,625.7049999999999,-2.103892670845602,-1.3554424355642554,-2.2305512,-2.419154597702214,1.0637121621379588,0.0591687219902906
2023-08-01,628.888,1.079216950377755,-1.3180603202394447,-2.1955583,-2.428227258511721,1.1101669382722763,0.0665227336428537
2023-08-02,629.657,1.848215405095457,-1.2805675725862946,-2.1712606,-2.4361444155703675,1.155576842984073,0.0737907399451014
2023-08-03,626.771,-1.037877676009945,-1.2429424987309394,-2.1729126,-2.4429117440720702,1.1999692453411308,0.080972528451061
2023-08-04,625.5690000000001,-2.2401223303439126,-1.2051633409192746,-2.1905813,-2.448535544668885,1.2433722037496102,0.0880679833754399
2023-08-05,618.564,-9.245472661101443,-1.1672083236467288,-2.1712654,-2.4530227339630586,1.2858144103163298,0.0950770822354197
2023-08-06,618.721,-9.088939180572732,-1.1290556996737529,-2.15064,-2.456380834585039,1.3273251349112862,0.1019998923889868
2023-08-07,623.918,-3.8925447085457394,-1.0906837958661637,-2.1333015,-2.458617964867709,1.3679341690015456,0.1088365674757098
2023-08-08,628.308,0.496918458915801,-1.0520710588000093,-2.1183476,-2.459742828127518,1.4076717693275087,0.1155873437660139
2023-08-09,627.393,-0.4189380982235816,-1.0131961000710636,-2.1026258,-2.459764701563468,1.4465686014924044,0.1222525364250717
2023-08-10,626.178,-1.6346336092485811,-0.974037741249716,-2.0802996,-2.458693424785299,1.484655683535583,0.1288325356975476
2023-08-11,627.669,-0.1438753604819561,-0.9345750584226832,-2.0513554,-2.456539387982489,1.5219643295598062,0.1353278030195007
2023-08-12,620.488,-7.325268522598749,-0.8947874262636734,-2.009081,-2.453313519746048,1.5585260934823744,0.1417388670638322
2023-08-13,627.1170000000001,-0.6958610604534545,-0.854654561575997,-1.9758297,-2.4490272745553097,1.5943727129793128,0.1480663197257334
2023-08-14,629.5079999999999,1.695557452452935,-0.8141565662509582,-1.934757,-2.443692619942316,1.629536053691358,0.1543108120546365
2023-08-15,624.0989999999999,-3.713499270182445,-0.7732739695868233,-1.8879436,-2.437322023346548,1.6640480537597249,0.1604730501392345
2023-08-16,623.698,-4.113156105447575,-0.7319877699141676,-1.8549484,-2.4299284386731186,1.6979406687589509,0.1665537909521575
2023-08-17,622.446,-5.363576321142293,-0.6902794754744842,-1.8719281,-2.4215252925677246,1.7312458170932403,0.1725538381609469
2023-08-18,629.67,1.8619236997206356,-0.6481311445000727,-1.8279573,-2.4121264704219336,1.763995325921861,0.1784740379119635
2023-08-19,629.74,1.9333356128668275,-0.6055254244444226,-1.7954265,-2.4017463021225844,1.796220877678162,0.1843152745939025
2023-08-20,628.524,0.7186508650560692,-0.5624455903135697,-1.8799309,-2.39039954755929,1.82795395724572,0.1900784665875777
2023-08-21,628.907,1.1028838890931678,-0.5188755820502119,-2.3081605,-2.378101381904247,1.859225799854035,0.1957645620086364
2023-08-22,622.108,-5.694858634423804,-0.4748000409237548,-2.331312,-2.3648673806787106,1.890067339754956,0.2013745344498494
2023-08-23,624.001,-3.800407352983571,-0.4302043448808695,-2.255644,-2.350713504620688,1.9205091597398185,0.2069093787296064
2023-08-24,628.845,1.0451317867499132,-0.3850746428126256,-2.1676729,-2.3356560843685323,1.9505814415559064,0.2123701066532008
2023-08-25,628.3539999999999,0.5554884694920426,-0.3393978876957945,-2.1043823,-2.3197118049752885,1.980313917279494,0.2177577427934591
2023-08-26,625.152,-2.6450931413649488,-0.2931618685674918,-2.013323,-2.302897690268733,2.0097358217012413,0.2230733202972132
2023-08-27,624.2339999999999,-3.56158708995574,-0.2463552412939295,-1.9287409,-2.285231087072189,2.03887584577826,0.2283178767240608
2023-08-28,624.7810000000001,-3.0127273459736306,-0.1989675580957447,-1.85214,-2.266729649301268,2.067762091205523,0.2334924499237868
2023-08-29,628.684,0.8921105246663392,-0.1509892957940433,-1.8005711,-2.2474113219517826,2.0964220261577395,0.2385980739587495
2023-08-30,628.231,0.4410403728662868,-0.1024118827430576,-1.7727222,-2.2272943249941517,2.124882442251093,0.2436357750774428
2023-08-31,630.222,2.4339890777764035,-0.0532277244170968,-1.7603997,-2.206397137189615,2.1531694127725185,0.2486065677453645
2023-09-01,628.015,0.22886753315372,-0.0034302276212689,-1.9287351,-2.184738479843689,2.1813082522224203,0.2535114507392105
2023-09-02,622.625,-5.15907921556165,0.0469861767026778,-2.0619,-2.1623373005122235,2.2093234772149013,0.258351403310314
2023-09-03,629.638,1.8562804019231864,0.098026012102206,-2.1635947,-2.1392127566754984,2.237238768777704,0.2631273814231278
2023-09-04,630.1419999999999,2.3625847842178875,0.1496927366964018,-2.132884,-2.115384199395731,2.265076936092133,0.2678403140744287
2023-09-05,632.082,4.3048334286447005,0.2019887247379286,-2.073588,-2.09087115697336,2.292859881711289,0.2724910996987876
2023-09-06,630.3140000000001,2.539025832525817,0.254915249675529,-1.9973491,-2.065693318617422,2.320608568292951,0.2770806026657119
2023-09-07,629.269,1.4960487598088994,0.3084724687361326,-1.9074155,-2.0398705181452783,2.348342986881411,0.2816096498737283
2023-09-08,627.356,-0.4149824446281401,0.3626594090436212,-1.8284333,-2.0134227177268555,2.376082126770477,0.2860790274465057
2023-09-09,627.554,-0.2148446915370509,0.4174739552893339,-1.7595391,-1.9863699916884985,2.4038439469778323,0.2904894775359768
2023-09-10,629.201,1.4347810056235637,0.4729128389673549,-1.7097857,-1.958732510391406,2.431645349358761,0.2948416952372423
2023-09-11,628.5699999999999,0.8063609694730949,0.5289716291856243,-1.675879,-1.930530524199498,2.4595021533851225,0.2991363256198663
2023-09-12,628.928,1.1668947945520145,0.5856447250618823,-1.6495694,-1.901784347551432,2.4874290726133146,0.303373960880005
2023-09-13,631.554,3.795382075399941,0.6429253497114301,-1.6168832,-1.8725143431513271,2.515439692862757,0.3075551376176192
2023-09-14,628.851,1.0948224065568573,0.700805545831648,-1.5801632,-1.8427409062925872,2.543546452124235,0.3116803342428327
2023-09-15,629.994,2.24021538256291,0.7592761728861936,-1.5502168,-1.8124844493290213,2.571760622215215,0.3157499685153035
2023-09-16,627.4159999999999,-0.3354394020421725,0.8183269058897654,-1.5083436,-1.781765386307279,2.6000922921970444,0.319764395220287
2023-09-17,634.323,6.574289032264807,0.8779462357923123,-1.474042,-1.7506041177743814,2.628550353566694,0.3237239039848481
2023-09-18,633.8629999999999,6.116968899103921,0.9381214714595244,-1.4458168,-1.7190210157739307,2.657142487233455,0.3276287172374841
2023-09-19,631.122,3.378386012248743,0.9988387432444856,-1.4066637,-1.6870364090442955,2.685875152288781,0.331478988314204
2023-09-20,631.2299999999999,3.4887597838644555,1.0600830081433297,-1.3829335,-1.6546705684318583,2.714753576575188,0.3352747997138912
2023-09-21,629.3919999999999,1.653003419485211,1.121838056525825,-1.4138657,-1.6219436925321211,2.743781749057946,0.3390161615055644
2023-09-22,633.141,5.404205354412907,1.1840865204297988,-1.4254595,-1.5888758935711649,2.7729624140009634,0.342703009889912
2023-09-23,630.01,2.275365202248799,1.2468098834064392,-1.4091586,-1.5554871835397006,2.80229706694614,0.3463352059172724
2023-09-24,633.5229999999999,5.790482576594354,1.3099884919015536,-1.3956188,-1.5217974605916091,2.8317859524931626,0.3499125343639807
2023-09-25,636.211,8.480557091051104,1.3736015681560283,-1.4207371,-1.4878264957185563,2.861428063874585,0.3534347027687868
2023-09-26,639.2130000000001,11.484588359220073,1.4376272246068131,-1.4699779,-1.4535939197119268,2.89122114431874,0.3569013406308073
2023-09-27,634.987,7.26057599470269,1.502042479768012,-1.479885,-1.419119210423006,2.921161690191018,0.3603119987702473
2023-09-28,634.629,6.9045196111005485,1.5668232755697813,-1.4679694,-1.3844216803319336,2.951244955901715,0.3636661488528806
2023-09-29,632.799,5.076418822014625,1.6319444961310554,-1.4812467,-1.349520464435616,2.9814649605666714,0.366963183079046
2023-09-30,632.4920000000001,4.771273241046734,1.697379987940325,-1.6623725,-1.3144345084644045,3.011814496404729,0.3702024140376835
2023-10-01,634.443,6.724082481797787,1.7631025814170846,-1.7354901,-1.2791825574369422,3.042285138854026,0.3733830747256797
2023-10-02,637.173,9.455733424495202,1.8290841138248428,-1.7418323,-1.2437831445621914,3.072867258387034,0.3765043187325703
2023-10-03,632.087,4.3713415302961485,1.8952954535050688,-1.804651,-1.2082545804972524,3.103550034002321,0.3795652205903942
2023-10-04,634.087,6.372906395643881,1.9617065253998047,-1.7644377,-1.1726149429691362,3.1343214683689413,0.3825647762882667
2023-10-05,627.407,-0.3055723830183487,2.028286337829261,-1.7334796,-1.1368820667682666,3.1651684045975284,0.38550190395099
2023-10-06,626.8430000000001,-0.8677687886022134,2.095003010489143,-1.6848984,-1.1010735341210365,3.19607654461018,0.3883754446807895
2023-10-07,634.206,6.497075348205667,2.16182380363114,-1.6276556,-1.0652066654482657,3.2270304690794056,0.3911841635610323
2023-10-08,635.63,7.922766874739019,2.2287151483885816,-1.5730816,-1.0292985105160266,3.2580136589046083,0.393926750820539
2023-10-09,640.235,12.52942129598708,2.295642678207983,-1.5685296,-0.993365839984784,3.289008518192767,0.3966018231568737
2023-10-10,642.7890000000001,15.085038252225026,2.36257126134593,-1.6691471,-0.957425137362368,3.319996398708298,0.3992079252167796
2023-10-11,636.0369999999999,8.334617383727661,2.4294650343895903,-1.7802527,-0.921492591365808,3.3509576257553984,0.4017435312316779
2023-10-12,631.8040000000001,4.103129794009308,2.496287436757929,-1.8029734,-0.8855840886966132,3.381871525454543,0.404207046805936
2023-10-13,632.629,4.929604448414641,2.5630012461397063,-1.7872981,-0.8497152072335554,3.4127164533732617,0.4065968108554033
2023-10-14,629.254,1.5560409828758093,2.629568614823207,-1.7572504,-0.813901209646588,3.443469824469795,0.408911097693463
2023-10-15,628.928,1.2314390333249106,2.6959511068718047,-1.717196,-0.7781570374349951,3.4741081443068,0.4111481192616696
2023-10-16,634.681,6.985798235693878,2.762109736098437,-1.723009,-0.7424973053924042,3.504607041490842,0.4133060275018052
2023-10-17,630.327,2.6331182259144086,2.8280050047913274,-1.7063093,-0.706936296500799,3.5349413012921262,0.4153829168660063
2023-10-18,631.956,4.263398639918835,2.8935969431424318,-1.6952028,-0.6714879572551593,3.565084900397591,0.4173768269613864
2023-10-19,631.5840000000001,3.892639113638968,2.95884514932944,-1.6664959,-0.6361658934198886,3.595011042749328,0.4192857453254077
2023-10-20,630.674,2.983839283006504,3.0237088302014423,-1.6193416,-0.6009833662176598,3.624692196419102,0.4211076103280524
2023-10-21,633.068,5.378998783953844,3.0881468425178644,-1.5771039,-0.5659532889508272,3.654100131468692,0.4228403141966586
2023-10-22,632.632,4.944117252412706,3.152117734689646,-1.5866601,-0.5310882240550651,3.6832059587447112,0.4244817061591106
2023-10-23,633.462,5.775194324315055,3.215579788971324,-1.5907648,-0.4964003805843864,3.71198016955571,0.4260295957009037
2023-10-24,635.4269999999999,7.741229635592877,3.2784910640521345,-1.6006789,-0.4619016121261899,3.740392676178325,0.4274817559314159
2023-10-25,642.245,14.56022282217832,3.3408094379940767,-1.7679648,-0.4276034151445055,3.768412853138582,0.4288359270545907
2023-10-26,630.601,2.9170596971041776,3.4024926514645037,-1.814502,-0.3935169277491303,3.7960095792136337,0.4300898199390465
2023-10-27,630.485,2.8013990790515435,3.4634983512106907,-1.7861938,-0.3596529288878082,3.823151280098499,0.4312411197825059
2023-10-28,625.7779999999999,-1.905288982964067,3.523784133723684,-1.7597278,-0.3260218379581903,3.849805971681874,0.432287489865276
2023-10-29,627.028,-0.6545424922934897,3.5833075890386823,-1.7411363,-0.2926337148357811,3.875941303874464,0.433226575387401
2023-10-30,628.113,0.43128327120548,3.6420263446192007,-1.7106512,-0.2594982603136133,3.9015246049328143,0.4340560073839534
2023-10-31,629.787,2.1061051005524094,3.6998981092723566,-1.6678032,-0.2266248169489476,3.926522926221304,0.434773406712836
2023-11-01,629.213,1.5328834434218803,3.756880717042768,-1.6221322,-0.1940223703117875,3.9509030873545554,0.4353763881093374
2023-11-02,627.205,-0.474382056662337,3.812932171032744,-1.6835617,-0.1616995506295797,3.974631721662324,0.4358625643015907
2023-11-03,624.7420000000001,-2.9365319470202795,3.868010687096725,-1.6640451,-0.1296646348219997,3.997675321918725,0.4362295501809821
2023-11-04,629.197,1.5194669280300137,3.922074737358276,-1.7257982,-0.0979255489192702,4.020000286277546,0.4364749670214705
2023-11-05,651.471,23.79442269355108,3.9750830934983217,-1.7831044,-0.066489870857058,4.04157296435538,0.436596446741702
2023-11-06,643.109,15.43333504552962,4.026994869763801,-2.018656,-0.0353648336405219,4.062359703404323,0.4365916362037254
2023-11-07,635.753,8.078203679952326,4.077769565646412,-2.0900223,-0.0045573288697067,4.082326894516118,0.4364582015420529
2023-11-08,628.347,0.6730282928062417,4.12736710818172,-2.080516,0.0259260893819614,4.101441018799759,0.4361938325167621
2023-11-09,626.912,-0.7613041532958171,4.175747893819569,-2.0762064,0.0560792003447033,4.119668693474866,0.4357962468842784
2023-11-10,633.693,6.021099683360911,4.222872829817385,-2.0792713,0.0858961119939553,4.13697671782343,0.4352631947794448
2023-11-11,631.301,3.630476641664587,4.268703375108793,-2.1084304,0.1153712561658859,4.153332118942908,0.4345924631024521
2023-11-12,633.6239999999999,5.954826516088915,4.313201580600734,-2.100713,0.144499383356619,4.168702197244115,0.4337818799041941
2023-11-13,633.454,5.786149101108277,4.356330128853177,-2.1049752,0.1732755572152815,4.183054571637896,0.4328293187635773
2023-11-14,631.085,3.418444191196895,4.398052373096417,-2.0887327,0.2016951487413379,4.196357224355078,0.431732703150335
2023-11-15,629.042,1.376711580828643,4.438332375541987,-2.0806978,0.2297538301970085,4.208578545344978,0.4304900107668863
2023-11-16,631.48,3.8159510644776193,4.4771349449441775,-2.1452434,0.2574475687458794,4.219687376198298,0.4290992778627963
2023-11-17,627.528,-0.1355026281801993,4.514425673370283,-2.1279716,0.2847726198291043,4.229653053541179,0.4275586035154209
2023-11-18,631.3100000000001,3.647856239929736,4.5501709721388215,-2.2586238,0.3117255202909169,4.238445451847904,0.4258661538703486
2023-11-19,642.087,14.426187019888076,4.584338106886147,-2.4599617,0.3383030812654202,4.246035025620727,0.4240201663352827
2023-11-20,629.001,1.3414895352366714,4.616895231723067,-2.4369397,0.3645023808368971,4.25239285088617,0.4220189537210764
2023-11-21,625.654,-2.0042363904831544,4.647811422444402,-2.4313912,0.3903207564861104,4.257490665958292,0.4198609083236655
2023-11-22,624.906,-2.750922206631685,4.677056708755686,-2.4183862,0.4157557973353388,4.261300911420347,0.4175445059407222
2023-11-23,626.129,-1.5254294736727283,4.704602105482525,-2.4529395,0.4408053362050398,4.263796769277485,0.4150683098169311
2023-11-24,630.301,2.649363278451228,4.730419642729627,-2.432503,0.4654674414952982,4.264952201234329,0.4124309745118535
2023-11-25,631.518,3.8691570173055543,4.754482394957776,-2.4003656,0.4897404089053569,4.264741986052419,0.4096312496844523
2023-11-26,630.129,2.482951801688211,4.776764508948623,-2.3683598,0.5136227530047189,4.263141755943904,0.4066679837884424
2023-11-27,629.861,2.217747690396745,4.797241230628528,-2.3387365,0.5371131986694437,4.260128031959084,0.4035401276727286
2023-11-28,630.135,2.494544742228777,4.815888930724319,-2.3112361,0.5602106723974047,4.255678258326914,0.4002467380813216
2023-11-29,633.689,6.051343015982163,4.832685129225237,-2.2869294,0.5829142935163927,4.249770835708844,0.3967869810472327
2023-11-30,634.572,6.937118156486474,4.847608518627044,-2.3182015,0.6052233652990346,4.242385153328009,0.3931601351749768
2023-12-01,635.597,7.964714199723135,4.860638985935744,-2.451559,0.6271373659986047,4.2335016199371385,0.3893655948064572
2023-12-02,639.707,12.077284580724095,4.871757633410055,-2.604793,0.6486559398198447,4.22310169359021,0.3854028730651411
2023-12-03,642.0649999999999,14.437776544373405,4.88094679802334,-2.909852,0.6697788878389763,4.211167910184363,0.3812716047735838
2023-12-04,633.089,5.464166188379074,4.888190069627416,-2.9436388,0.6905061588871024,4.197683910740313,0.3769715492395246
2023-12-05,629.908,2.285540832916228,4.893472307802222,-2.996425,0.7108378404112261,4.182634467390995,0.3725025929059311
2023-12-06,631.196,3.575358187950572,4.896779657377143,-3.075093,0.7307741493270903,4.166005508050053,0.3678647518605427
2023-12-07,653.906,26.287205638947203,4.898099562611305,-3.256607,0.7503154228780282,4.147784139733277,0.3630581742006436
2023-12-08,635.574,7.95703812434941,4.897420780021989,-3.28038,0.7694621095139815,4.127958670508007,0.358083142248965
2023-12-09,626.831,-0.7840982504669769,4.8947333898519005,-3.2856991,0.7882147598047529,4.106518630047148,0.3529400746168199
2023-12-10,629.325,1.712040199805818,4.8900288061678125,-3.3553283,0.8065740174015364,4.083454788766276,0.3476295281107496
2023-12-11,629.414,1.8031687763986608,4.883299785584768,-3.3606381,0.824540610060613,4.058759175524155,0.3421521994791744
2023-12-12,628.602,0.9928718817404136,4.8745404346116645,-3.3478446,0.8421153407430346,4.03242509386863,0.3365089269957328
2023-12-13,630.634,3.026623732038005,4.863746215615894,-3.3379343,0.8592990788039723,4.004447136811922,0.3307006918762029
2023-12-14,631.6619999999999,4.056424380580474,4.85091395140625,-3.3251183,0.8760927512852457,3.9748212001210046,0.3247286195261166
2023-12-15,627.815,0.2112736805446375,4.836041828435047,-3.299482,0.8924973343244119,3.943544494110635,0.3185939806163906
2023-12-16,629.444,1.842171485106843,4.819129398622152,-3.2698982,0.9085138446935932,3.9106155539285594,0.312298191984513
2023-12-17,629.197,1.5971176474439142,4.800177579805142,-3.2498636,0.9241433314810252,3.876034248324117,0.3058428173590505
2023-12-18,630.773,3.175112020732152,4.779188654821592,-3.3483064,0.9393868679280974,3.839801786893495,0.2992295679054836
2023-12-19,636.232,8.635878974903358,4.756166269231019,-3.5517423,0.954245543434429,3.80192072579659,0.2924603025915681
2023-12-20,632.554,4.95923500345029,4.731115427685728,-3.591476,0.968720455743265,3.7623949719424634,0.2855370283707008
2023-12-21,630.4250000000001,2.831565005166998,4.704042488961282,-3.5701272,0.9828127033192208,3.7212297856420617,0.2784619001819682
2023-12-22,627.05,-0.5421512732989867,4.674955159659019,-3.5886276,0.9965233779301252,3.678431781728894,0.2712372207658043
2023-12-23,632.319,4.728209344918109,4.643862486594473,-3.6008642,1.0098535574444132,3.63400892915006,0.2638654402944267
2023-12-24,631.167,3.577540994692961,4.610774847887157,-3.6138492,1.022804298855199,3.587970549031958,0.2563491558164565
2023-12-25,630.4159999999999,2.827875303310613,4.575703942768629,-3.6403904,1.0353766315418622,3.540327311226767,0.2486911105153652
2023-12-26,632.981,5.394287223717906,4.538662780127231,-3.6635005,1.047571550779621,3.4910912293476097,0.2408941927816416
2023-12-27,629.9019999999999,2.316776436592436,4.499665665809315,-3.6958153,1.059390011507197,3.4402756543021176,0.2329614350988095
2023-12-28,632.626,5.042342622612638,4.458728188698237,-3.7059712,1.0708329223623487,3.3878952663358888,0.2248960127436683
2023-12-29,630.2330000000001,2.6509854624563025,4.415867205593628,-3.7024877,1.0819011399946508,3.333966065598977,0.2167012423013799
2023-12-30,629.9449999999999,2.364704636801044,4.371100824914957,-3.7975676,1.0925954636644644,3.2785053612504926,0.2083805799962566
2023-12-31,631.148,3.569499826325487,4.3244483892545365,-3.7628224,1.102916630136733,3.2215317591178034,0.1999376198393577
