date,gps_raw_up_mm,gps_detrended_mm,gps_seasonal_mm,hydl_original_up_mm,hydl_seasonal_mm,gps_minus_hydl_mm,poroelastic_mm
2021-01-01,421.832,0.2137176593972267,-1.2536221258033733,-2.054553,1.1230480738127342,-2.3766701996161075,0.0134093028583326
2021-01-02,420.634,-0.993587262066465,-1.3543859400878155,-2.1628969,1.1796277797577133,-2.534013719845529,0.0027472179060419
2021-01-03,421.949,0.311837686355517,-1.4543996433183413,-2.3295672,1.235875445911057,-2.6902750892293983,-0.0079091694610147
2021-01-04,414.919,-6.727806790855087,-1.553612096054236,-2.6768694,1.2917683290227564,-2.8453804250769927,-0.0185554174865439
2021-01-05,422.663,1.0067182558194614,-1.6519729334496458,-2.6748302,1.347283797208251,-2.9992567306578968,-0.0291871083602904
2021-01-06,421.245,-0.4208859569494766,-1.7494326084368064,-2.8329744,1.4023993422525831,-3.151831950689389,-0.0397998509338091
2021-01-07,416.626,-5.049660380851808,-1.845942433916293,-2.809215,1.4570925918413573,-3.30303502575765,-0.050389283393223
2021-01-08,419.48,-2.205506993458167,-1.941454623906404,-2.9401414,1.5113413217091805,-3.452795945615584,-0.0609510758865429
2021-01-09,418.332,-3.3634237925440305,-2.0359223336050567,-2.8815448,1.565123467696343,-3.6010458013013995,-0.0714809331031981
2021-01-10,414.301,-7.404408775884656,-2.1292996983189294,-2.9033802,1.6184171377045995,-3.747716836023529,-0.081974596803493
2021-01-11,417.163,-4.552459941255374,-2.2215418712160244,-2.8737495,1.671200623543048,-3.892742494759073,-0.0924278482957654
2021-01-12,424.684,2.958424713568438,-2.312605059859268,-3.0979724,1.723452412655189,-4.0360574725144565,-0.102836510859108
2021-01-13,419.136,-2.6000807984884844,-2.402446561480295,-3.3029745,1.7751511997184024,-4.177597761198697,-0.1131964521095757
2021-01-14,419.939,-1.8076424136530247,-2.4910247969541546,-3.2243578,1.826275898107216,-4.317300695061371,-0.1235035863078877
2021-01-15,416.237,-5.520258179246016,-2.57829934343725,-3.1808224,1.8768056512118712,-4.455104994649121,-0.1337538766067002
2021-01-16,423.567,1.799073857411508,-2.664230965632522,-3.1068811,1.926719843603866,-4.590950809236388,-0.143943337235626
2021-01-17,422.639,0.8602965779908909,-2.748781645647614,-3.0420556,1.9759981120402943,-4.724779757687909,-0.1540680356222266
2021-01-18,410.004,-11.785906340655597,-2.83191461141344,-2.9689586,2.024620356299005,-4.856534967712445,-0.1641240944473337
2021-01-19,419.63,-2.171167423322929,-2.913594363632441,-2.9176955,2.072566749836727,-4.986161113469168,-0.1741076936330899
2021-01-20,413.778,-8.03410904007795,-2.993786701227616,-2.8517153,2.1198177502625666,-5.113604451490183,-0.1840150722622332
2021-01-21,420.655,-1.1680948339048458,-3.0724587452652483,-2.7994921,2.1663541096194057,-5.238812854884654,-0.1938425304272057
2021-01-22,419.842,-1.992300137147064,-3.1495789613262137,-2.782348,2.2121568844659523,-5.361735845792166,-0.2035864310077785
2021-01-23,422.739,0.8936267293865265,-3.225117180302598,-2.743169,2.2572074457524334,-5.482324626055032,-0.2132432013759622
2021-01-24,419.883,-1.9736620518845127,-3.299044617598411,-2.793359,2.301487488483067,-5.600532106081478,-0.2228093350270794
2021-01-25,426.791,4.923007921956088,-3.371333890715051,-2.8345,2.344979041158729,-5.71631293187378,-0.2322813931359507
2021-01-26,425.756,3.8764335149813673,-3.441959035204296,-2.853115,2.38766447499341,-5.829623510197706,-0.2416560060372687
2021-01-27,422.86,0.9686193803615688,-3.510895518973532,-3.306953,2.4295265128983194,-5.940422031871852,-0.250929874629294
2021-01-28,417.089,-4.814383632411866,-3.578120254930011,-3.5363693,2.470548238227693,-6.048668493157704,-0.260099771700142
2021-01-29,416.716,-5.199430640805496,-3.6436116119530255,-3.5578232,2.510713103280636,-6.1543247152336615,-0.269162543175993
2021-01-30,423.898,1.970480191188996,-3.7073494241848928,-3.5679257,2.55000493755354,-6.257354361738432,-0.2781151092906793
2021-01-31,414.877,-7.062859371190359,-3.769314998633769,-3.7402043,2.5884079557379143,-6.357722954371683,-0.2869544656761882
2021-02-01,415.539,-6.413233212999591,-3.8294911210834233,-3.903082,2.6259067654586405,-6.455397886542064,-0.2956776843737204
2021-02-02,413.82,-8.144639530083564,-3.887862060307152,-4.081653,2.6624863747480023,-6.550348435055154,-0.3042819147650427
2021-02-03,412.137,-9.840076518287209,-3.9444135705851497,-4.2046537,2.6981321992510505,-6.6425457698362,-0.3127643844239741
2021-02-04,413.354,-8.635542373455444,-3.999132892526765,-4.132428,2.7328300691581378,-6.731962961684902,-0.3211223998879293
2021-02-05,413.152,-8.850035291433077,-4.052008752201111,-4.0719547,2.766566235860724,-6.818574988061835,-0.3293533473495651
2021-02-06,418.999,-3.0155534680651583,-4.103031358581696,-3.9999523,2.799327378326825,-6.902358736908521,-0.3374546932686445
2021-02-07,417.738,-4.289065994344678,-4.152192399312709,-3.9262624,2.831100609192738,-6.983293008505447,-0.3454239849043504
2021-02-08,419.267,-2.77241841415755,-4.199485034806759,-3.8389018,2.8618734805679638,-7.061358515374723,-0.3532588507683631
2021-02-09,416.706,-5.345794884015227,-4.244903890685928,-3.744076,2.8916339895504946,-7.136537880236422,-0.3609570009991231
2021-02-10,415.966,-6.098193567909601,-4.288445048579956,-3.6590035,2.920370583449958,-7.208815632029914,-0.3685162276577833
2021-02-11,419.284,-2.7926126298324845,-4.330106035297567,-3.778395,2.9480721647163106,-7.278178200013878,-0.3759344049464493
2021-02-12,415.105,-6.984050233775663,-4.369885810388765,-3.8554938,2.974728095572136,-7.344613905960901,-0.38320948934941
2021-02-13,417.282,-4.819504543731077,-4.4077847521181015,-4.1686573,3.0003282023468136,-7.408112954464915,-0.3903395196981316
2021-02-14,417.721,-4.392973723690444,-4.443804641870739,-4.2204022,3.0248627795111336,-7.468667421381872,-0.3973226171608958
2021-02-15,421.665,-0.461378723409704,-4.477948647015155,-4.3904624,3.0483225934112026,-7.526271240426357,-0.4041569851580351
2021-02-16,421.534,-0.6048261589584172,-4.510221302248196,-4.361864,3.070698885700754,-7.58092018794895,-0.41084090920382
2021-02-17,422.785,0.6334927893920872,-4.540628489450056,-4.2862787,3.0919833764712887,-7.632611865921345,-0.4173727566761162
2021-02-18,406.767,-15.397502143543516,-4.569177416078658,-4.2898235,3.1121682670796607,-7.681345683158318,-0.4237509765150372
2021-02-19,419.757,-2.4205197936919696,-4.5958765921345845,-4.4160647,3.131246242673127,-7.727122834807711,-0.4299740988518757
2021-02-20,415.751,-6.439558394427442,-4.620735805729652,-4.526018,3.1492104744120057,-7.7699462801416574,-0.4360407345696896
2021-02-21,415.455,-6.748318743225721,-4.643766097293727,-4.4958854,3.1660546213904825,-7.809820718684209,-0.441949574796985
2021-02-22,415.288,-6.928081838624886,-4.664979732456259,-4.458849,3.1817728322562746,-7.846752564712533,-0.4476993903360289
2021-02-23,414.218,-8.010852640184906,-4.684390173640462,-4.394697,3.1963597465302063,-7.880749920170668,-0.4532890310273707
2021-02-24,409.612,-12.62962933623065,-4.702012050409804,-4.312475,3.2098104956269418,-7.9118225460367455,-0.4587174250522448
2021-02-25,408.271,-13.983410115087077,-4.717861128607877,-4.263908,3.222120703578421,-7.939981832186298,-0.4639835781745804
2021-02-26,425.0940000000001,2.82680683492081,-4.731954278334257,-4.239471,3.233286487461795,-7.965240765796052,-0.4690865729244135
2021-02-27,422.503,0.2227193013331507,-4.744309440800398,-4.1769757,3.243304457533888,-7.987613898334287,-0.4740255677245562
2021-02-28,423.331,1.037593191266651,-4.754945594110926,-4.114233,3.2521717170744777,-8.007117311185404,-0.4787997959624337
2021-03-01,420.025,-2.2815385707924403,-4.763882718017057,-4.0312886,3.259885861940922,-8.023768579957979,-0.4834085650090718
2021-03-02,419.983,-2.336674222960916,-4.771141757690071,-3.9441712,3.2664449798369017,-8.037586737526972,-0.4878512551872391
2021-03-03,419.517,-2.815805415119056,-4.776744586564022,-3.860061,3.271847649298261,-8.048592235862284,-0.4921273186908386
2021-03-04,420.288,-2.057937155616038,-4.780713968297939,-3.7810318,3.276092938399196,-8.056806906697135,-0.4962362784576566
2021-03-05,417.817,-4.542035653374589,-4.783073517908848,-3.8368266,3.279180403182216,-8.062253921091063,-0.5001777269976415
2021-03-06,419.909,-2.4631303033691347,-4.78384766212801,-4.0043063,3.28111008581557,-8.06495774794358,-0.5039513251789156
2021-03-07,409.332,-13.0532193379709,-4.783061599033586,-3.954523,3.2818825124819813,-8.064944111515567,-0.5075568009737711
2021-03-08,416.179,-6.219300989551119,-4.780741257013935,-3.9149451,3.281498691002796,-8.062239948016732,-0.5109939481669243
2021-03-09,423.83,1.418626509518838,-4.7769132531164535,-3.94266,3.27996010820183,-8.056873361318283,-0.5142626250283486
2021-03-10,419.313,-3.1114671013236728,-4.771604850837647,-3.9776502,3.277268727013364,-8.04887357785101,-0.5173627529530127
2021-03-11,422.722,0.2846880636740561,-4.764843917410749,-3.9256346,3.273426983338962,-8.038270900749712,-0.5202943150699135
2021-03-12,408.484,-13.966156942985998,-4.75665888064785,-3.8535159,3.268437782657959,-8.025096663305808,-0.5230573548227653
2021-03-13,418.896,-3.566993313864133,-4.747078685393908,-3.801286,3.2623044963966104,-8.009383181790518,-0.5256519745247724
2021-03-14,420.811,-1.6647420049483292,-4.736132749650585,-3.9228733,3.255030958061094,-7.991163707711679,-0.5280783338898984
2021-03-15,421.584,-0.9039854989205652,-4.7238509204281,-4.0077195,3.246621459139697,-7.970472379567797,-0.5303366485430633
2021-03-16,420.314,-2.18622054183356,-4.710263429383695,-3.9420488,3.237080744779671,-7.947344174163366,-0.5324271885117221
2021-03-17,419.857,-2.6554557515451584,-4.695400848305432,-3.8769228,3.2264140092443894,-7.921814857549822,-0.5343502767012619
2021-03-18,416.509,-6.01568203724784,-4.679294044500256,-3.943976,3.2146268911565747,-7.89392093565683,-0.5361062873566672
2021-03-19,416.769,-5.76787249268796,-4.661974136145306,-3.9878948,3.2017254685334744,-7.86369960467878,-0.5376956445129153
2021-03-20,410.215,-12.333987957398282,-4.643472447661446,-3.970791,3.187716253620023,-7.831188701281469,-0.5391188204365239
2021-03-21,416.079,-6.482096860078864,-4.623820465167912,-3.898729,3.172606187526107,-7.796426652694018,-0.5403763340607044
2021-03-22,416.59,-5.982931133556309,-4.603049792076844,-3.8961332,3.1564026346741536,-7.759452426750997,-0.5414687494165341
2021-03-23,414.099,-8.485762392060094,-4.581192104886201,-3.8512523,3.139113377063394,-7.720305481949595,-0.5423966740625574
2021-03-24,417.304,-5.292588692303923,-4.558279109229286,-3.8227506,3.120746608357192,-7.6790257175864785,-0.5431607575152113
2021-03-25,418.629,-3.979290487252381,-4.534342496238722,-3.8115137,3.1013109277999718,-7.635653424038693,-0.543761689682436
2021-03-26,417.568,-5.0519802416146895,-4.509413899282276,-3.7500267,3.0808153339702677,-7.590229233252543,-0.5442001993028212
2021-03-27,415.1230000000001,-7.508476162540643,-4.483524851127382,-3.6793087,3.05926921837657,-7.542794069503952,-0.5444770523926051
2021-03-28,413.961,-8.681729892743439,-4.456706741590664,-3.6324153,3.0366823589026417,-7.493389100493306,-0.5445930507028056
2021-03-29,423.972,1.3180458131078636,-4.428990775728031,-3.57356,3.0130649131090266,-7.4420556888370575,-0.5445490301887412
2021-03-30,418.238,-4.427368968295827,-4.400407932620232,-3.4912608,2.9884274113975597,-7.388835344017791,-0.5443458594941568
2021-03-31,424.721,2.0444644524982367,-4.370988924807928,-3.4131021,2.962780750045656,-7.333769674853583,-0.5439844384521224
2021-04-01,419.649,-3.038888606341878,-4.340764158429446,-3.3313527,2.9361361841172227,-7.276900342546668,-0.5434656966048447
2021-04-02,416.715,-5.984204079308422,-4.309763694113461,-3.2453542,2.908505320257047,-7.218269014370508,-0.5427905917444718
2021-04-03,413.717,-8.993486882607044,-4.278017208677824,-3.1738737,2.879900109375484,-7.157917318053308,-0.5419601084769293
2021-04-04,413.7120000000001,-9.009597610763429,-4.245553957684663,-3.0969234,2.8503328392303326,-7.095886796914996,-0.5409752568107791
2021-04-05,419.139,-3.593674896301505,-4.212402738900786,-3.026349,2.8198161269127104,-7.032218865813496,-0.5398370707730246
2021-04-06,416.385,-6.358486418015678,-4.178591856711137,-2.9600644,2.788362911243768,-6.966954767954904,-0.5385466070537445
2021-04-07,419.102,-3.652013609071069,-4.144149087531867,-2.926761,2.7559864450890323,-6.900135532620899,-0.537104943681371
2021-04-08,418.039,-4.7255012360151545,-4.109101646268188,-2.8978875,2.7227002875971555,-6.831801933865344,-0.5355131787303641
2021-04-09,416.34,-6.434947218492163,-4.073476153860833,-2.8579364,2.688518296369788,-6.76199445023062,-0.5337724290629782
2021-04-10,423.653,0.8676505238538059,-4.037298605963491,-2.8190215,2.653454619569246,-6.690753225532736,-0.5318838291067434
2021-04-11,420.737,-2.0582735561618586,-4.000594342792065,-2.7529695,2.617523687970625,-6.618118030762691,-0.5298485296692234
2021-04-12,428.594,5.788732166828577,-3.963388020185116,-2.6943,2.5807402069648764,-6.544128227149992,-0.5276676967915309
2021-04-13,422.927,0.1117612913505334,-3.925703581913145,-2.6439402,2.5431191485193763,-6.468822730432521,-0.5253425106420228
2021-04-14,417.96,-4.865180305740212,-3.8875642332728497,-2.6017938,2.5046757431023834,-6.392239976375233,-0.5228741644515136
2021-04-15,419.7000000000001,-3.135090493732091,-3.848992416000664,-2.5490828,2.465425471577713,-6.314417887578378,-0.5202638634912709
2021-04-16,428.339,5.494053135180323,-3.810009784538223,-2.485758,2.425384057075875,-6.235393841614098,-0.5175128240949896
2021-04-17,423.155,0.3002115973794361,-3.7706371836806394,-2.4082456,2.384567456847818,-6.155204640528456,-0.5146222727258445
2021-04-18,427.542,4.677407863897516,-3.730894627636489,-2.3344686,2.3429918541073205,-6.073886481743809,-0.5115934450896599
2021-04-19,417.6830000000001,-5.1914727329007615,-3.6908012805268022,-2.2668028,2.3006736498679548,-5.991474930394757,-0.5084275852951388
2021-04-20,422.496,-0.388187388937292,-3.6503754383481657,-2.217995,2.2576294547804614,-5.908004893128627,-0.5051259450620225
2021-04-21,426.221,3.3271625154220787,-3.6096345124233458,-2.154663,2.213876080976202,-5.823510593399548,-0.5016897829779593
2021-04-22,431.462,8.558558274223795,-3.568595014360719,-2.1019747,2.1694305339222826,-5.738025548283002,-0.4981203638047772
2021-04-23,428.994,6.080981744741371,-3.5272725425419003,-2.0444386,2.1243100042937835,-5.651582546835684,-0.4944189578347807
2021-04-24,424.896,1.9733352500312549,-3.485681770154861,-2.0755434,2.0785318598683964,-5.564213630023257,-0.4905868402975897
2021-04-25,426.635,3.702283214458443,-3.44383643478786,-2.2212298,2.032113637448627,-5.475950072236486,-0.4866252908179606
2021-04-26,429.414,6.470913371594664,-3.4017493295973757,-2.212228,1.9850730348165952,-5.3868223644139706,-0.4825355929249455
2021-04-27,422.99,0.0366078819158377,-3.3594322960611813,-2.1493256,1.937427902726286,-5.296860198787467,-0.4783190336126476
2021-04-28,423.449,0.4853785726187554,-3.316896218325609,-2.092631,1.8891962369379605,-5.20609245526357,-0.4739769029527517
2021-04-29,419.546,-3.427762995152939,-3.2741510191539045,-2.0379062,1.840396170299308,-5.114547189453212,-0.4695104937589167
2021-04-30,421.056,-1.9276486995520856,-3.2312056574804706,-1.987481,1.791045964877699,-5.022251622358169,-0.4649211013030311
2021-05-01,420.316,-2.677235133416293,-3.1880681275736724,-1.9722669,1.741164004147799,-4.929232131721472,-0.4602100230832396
2021-05-02,430.26,7.257261217317833,-3.144745459807701,-1.917141,1.690768785238569,-4.83551424504627,-0.4553785586435706
2021-05-03,422.591,-0.4215462093183242,-3.1012437230419065,-1.8544042,1.6398789112435948,-4.741122634285501,-0.4504280094448967
2021-05-04,421.99,-1.0322656745229757,-3.057568028603807,-1.7898175,1.5885130835984007,-4.646081112202208,-0.4453596787868792
2021-05-05,423.58,0.5481048059800679,-3.013722535869908,-1.7035594,1.5366900945283424,-4.550412630398251,-0.4401748717804646
2021-05-06,424.356,1.3147798391840777,-2.969710459436271,-1.6295391,1.484428819570409,-4.45413927900668,-0.4348748953704023
2021-05-07,421.222,-1.82866970962535,-2.9255340778686856,-1.5753608,1.4317482101721366,-4.357282288040822,-0.4294610584071877
2021-05-08,419.524,-3.5360233275378605,-2.8811947440201746,-1.5268785,1.3786672863706342,-4.259862030390809,-0.4239346717677356
2021-05-09,426.519,3.4498969516717444,-2.8366928969014484,-1.482005,1.3252051295545393,-4.161898026455988,-0.4182970485240089
2021-05-10,422.92,-0.1580876658772405,-2.792028075087858,-1.4230716,1.2713808753115448,-4.063408950399403,-0.4125495041587539
2021-05-11,416.009,-7.077955748602138,-2.7471989316443137,-1.3598791,1.217213706363963,-3.9644126380082767,-0.4066933568274046
2021-05-12,422.68,-0.4157151305444984,-2.7022032505476146,-1.2911597,1.1627228455945824,-3.864926096142197,-0.4007299276651489
2021-05-13,416.963,-6.141363801367735,-2.6570379645835565,-1.2150737,1.107927549164919,-3.764965513748475,-0.3946605411380541
2021-05-14,422.712,-0.4008959005357986,-2.6116991746942952,-1.1485486,1.05284709972776,-3.664546274422056,-0.3884865254371069
2021-05-15,415.356,-7.765313163286501,-2.566182170749338,-1.0950458,0.9975007997357296,-3.5636829704850674,-0.3822092129139049
2021-05-16,422.875,-0.2546135787130437,-2.520481453711744,-1.0467287,0.9419079648473958,-3.46238941855914,-0.3758299405567128
2021-05-17,423.239,0.1012048640913256,-2.474590759169096,-1.0043769,0.8860879174323065,-3.3606786766014025,-0.3693500505054801
2021-05-18,422.238,-0.9078596741658652,-2.428503082197021,-0.98864526,0.8300599801760998,-3.2585630623731205,-0.3627708906043918
2021-05-19,423.95,0.7960225810472141,-2.3822107035211757,-0.9601944,0.7738434697867136,-3.156054173307889,-0.3560938149904199
2021-05-20,417.603,-5.559124792042701,-2.33570521694183,-0.9663429,0.7174576908024898,-3.05316290774432,-0.3493201847163113
2021-05-21,421.085,-2.084941620586626,-2.288977557983459,-0.9645255,0.6609219295028462,-2.9498994874863054,-0.3424513684063645
2021-05-22,424.247,1.0693385126251314,-2.242018033730045,-0.9353354,0.6042554479219648,-2.84627348165201,-0.3354887429433005
2021-05-23,416.632,-6.553265812572014,-2.1948163538051464,-0.9016313,0.5474774779658165,-2.742293831770963,-0.3284336941844741
2021-05-24,423.254,0.0612473957758732,-2.147361662454196,-0.88016707,0.4906072156326465,-2.6379688780868427,-0.3212876177056135
2021-05-25,417.412,-5.788136668571568,-2.0996425716849534,-0.86181384,0.4336638153369025,-2.533306387021856,-0.3140519195702314
2021-05-26,420.844,-2.3633996719384847,-2.051647195420524,-0.797773,0.3766663843364015,-2.4283135797569257,-0.3067280171228065
2021-05-27,421.099,-2.115228114176464,-2.0033631846179527,-0.7765939,0.3196339772623986,-2.3229971618803518,-0.2993173398037651
2021-05-28,419.738,-3.4829806838603816,-1.954777763303998,-0.7383652,0.2625855907520532,-2.217363354056052,-0.291821329984287
2021-05-29,419.949,-3.2786238782259853,-1.905877765478399,-0.683618,0.2055401581826367,-2.1114179236610355,-0.2842414438188841
2021-05-30,420.981,-2.2530065220336644,-1.856649672833664,-0.62772274,0.1485165445066842,-2.005166217340348,-0.2765791521136882
2021-05-31,426.292,3.051689583145351,-1.8070796532392412,-0.5703516,0.0915335411871535,-1.898613194426395,-0.2688359412083383
2021-06-01,424.216,0.9693812950469116,-1.7571535999368069,-0.51306075,0.0346098612315104,-1.7917634611683173,-0.2610133138693303
2021-06-02,421.005,-2.248073840487686,-1.7068571713923162,-0.47012526,-0.0222358656764685,-1.6846213057158477,-0.2531127901926637
2021-06-03,425.234,1.9746275660655053,-1.6561758317495034,-0.41380936,-0.078985097948513,-1.5771907338009905,-0.2451359085135967
2021-06-04,416.529,-6.736698607230896,-1.6050948918285766,-0.35970804,-0.1356193867687594,-1.4694755050598172,-0.2370842263213033
2021-06-05,423.523,0.251240079851518,-1.5535995506129885,-0.32731536,-0.1921203806773065,-1.361479169935682,-0.2289593211761925
2021-06-06,417.31,-5.967708448884195,-1.5016749371664109,-0.29839736,-0.24846983006212,-1.253205107104291,-0.2207627916276624
2021-06-07,422.964,-0.3194259318312045,-1.4493061529212965,-0.27277312,-0.3046495915610888,-1.1446565613602078,-0.2124962581300201
2021-06-08,422.982,-0.3070128773365521,-1.3964783142798125,-0.22992419,-0.3606416323761149,-1.0358366819036973,-0.204161363954314
2021-06-09,425.043,1.7485630348267225,-1.343176595467323,-0.19756438,-0.4164280345012447,-0.9267485609660782,-0.1957597760938081
2021-06-10,423.891,0.5911180702337537,-1.2893862715781588,-0.18725115,-0.4719909988669159,-0.8173952727112428,-0.1872931861608252
2021-06-11,423.803,0.4979161963153777,-1.2350927617529657,-0.22314489,-0.5273128494024849,-0.7077799123504808,-0.1787633112727032
2021-06-12,424.834,1.523803502612683,-1.18028167242661,-0.26492208,-0.5823760370192798,-0.5979056354073303,-0.1701718949245889
2021-06-13,428.049,4.733678945584904,-1.1249388405853464,-0.2517999,-0.6371631435164908,-0.4877756970688556,-0.1615207078468288
2021-06-14,423.819,0.4985990851486956,-1.06905037697179,-0.24224669,-0.691656885412273,-0.377393491559517,-0.1528115488447067
2021-06-15,421.447,-1.878373109954218,-1.0126027091761314,-0.18872026,-0.7458401177025,-0.2667625914736313,-0.1440462456183065
2021-06-16,419.112,-4.218089464162559,-0.9555826245519856,-0.121158704,-0.7996958375496517,-0.1558867870023338,-0.1352266555602966
2021-06-17,423.655,0.3204630089433791,-0.8979773128953645,-0.04917481,-0.8532071879043763,-0.0447701249909882,-0.126354666529441
2021-06-18,425.469,2.129965625658593,-0.8397744088253583,0.016891884,-0.9063574610622872,0.0665830522369288,-0.117432197597688
2021-06-19,427.003,3.659532443187863,-0.7809620338053385,0.07048772,-0.9591301021586056,0.1781680683532672,-0.1084611997686973
2021-06-20,423.878,0.5301933510149328,-0.7215288377437945,0.11647307,-1.011508712603275,0.2899798748594802,-0.099443656665713
2021-06-21,426.018,2.6659143378916244,-0.6614640401142629,0.16145915,-1.0634770534591875,0.4020130133449249,-0.0903815851867065
2021-06-22,427.694,4.337388298053066,-0.600757470534278,0.20592682,-1.1150190487662033,0.5142615782319253,-0.0812770361247786
2021-06-23,427.086,3.72478371132466,-0.5393996087437775,0.2576684,-1.1661187888135929,0.6267191800698152,-0.0721320947518196
2021-06-24,426.11,2.743913443637848,-0.4773816239240093,0.29501018,-1.216760533363601,0.7393789094395913,-0.0629488813634933
2021-06-25,433.726,10.354947467828334,-0.4146954132986536,0.33186048,-1.2669287148287682,0.8522333015301146,-0.0537295517836523
2021-06-26,426.544,3.1680642610105614,-0.3513336399596393,0.3688388,-1.3166079414056562,0.9652743014460168,-0.0444762978263361
2021-06-27,427.116,3.735061531096164,-0.2872897698609412,0.41216794,-1.3657830001675983,1.0784932303066572,-0.0351913477135633
2021-06-28,427.036,3.649855392910049,-0.2225581079245623,0.46078488,-1.4144388601190698,1.1918807521945074,-0.0258769664471779
2021-06-29,424.338,0.9467333059507445,-0.1571338332038711,0.5061018,-1.4625606752142395,1.3054268420103683,-0.0165354561330822
2021-06-30,427.157,3.7604952783153633,-0.0910130330505146,0.5489533,-1.5101337873422171,1.4191207542917026,-0.007169156256228
2021-07-01,424.69,1.2880119486021324,-0.0241927362322252,0.58445287,-1.5571437292814818,1.5329509930492566,0.0022195560951753
2021-07-02,435.507,12.099616744080778,0.0433290550499389,0.6180559,-1.6035762276258916,1.6469052826758306,0.0116282660577302
2021-07-03,429.901,6.488311374046957,0.1115533342951855,0.65457976,-1.649417205684674,1.7609705399798594,0.021054520874607
2021-07-04,428.925,5.506961533227451,0.1804800610362747,0.6938912,-1.6946527863586505,1.8751328473949247,0.0304958298323391
2021-07-05,429.375,5.951501873598732,0.2501081324200828,0.7247645,-1.7392692949949655,1.9893774274150484,0.0399496642539309
2021-07-06,423.32,-0.1089213739457233,0.320435356081476,0.7401853,-1.7832532622224482,2.103688618303924,0.0494134575494702
2021-07-07,427.494,4.05974391543519,0.3914584243550901,0.7638954,-1.8265914267696863,2.2180498511247766,0.0588846053253662
2021-07-08,429.478,6.038349052735119,0.4631728898680136,0.80585647,-1.8692707382677984,2.332443628135812,0.0683604655532666
2021-07-09,425.752,2.306821629479391,0.5355731425547356,0.8559438,-1.911278360039793,2.4468515025945288,0.07783835879959
2021-07-10,429.517,6.065986774039181,0.6086523881340662,0.8882666,-1.9526016718783208,2.5612540600123874,0.0873155685165739
2021-07-11,428.812,5.354789396607693,0.6824026280859655,0.9183617,-1.993228272813497,2.6756309008994625,0.0967893413956137
2021-07-12,429.856,6.392658186829975,0.7568146411644607,0.9584201,-2.033145983872399,2.78996062503686,0.1062568877836069
2021-07-13,427.452,3.982563452683021,0.8318779664809439,1.0116069,-2.072342850831705,2.904220817312649,0.1157153821629187
2021-07-14,433.344,9.868549937818802,0.9075808881903198,1.0538664,-2.1108071469648384,3.018388035155158,0.1251619636954975
2021-07-15,424.744,1.2625407096827437,0.9839104218104764,1.0851961,-2.1485273757848544,3.1324377975953306,0.1345937368315798
2021-07-16,427.237,3.7495955957240703,1.0608523022036151,1.1096891,-2.185492273784192,3.246344575987807,0.1440077719833343
2021-07-17,427.271,3.777440671065397,1.1383909732459412,1.1299658,-2.221690813172279,3.3600817864182204,0.1534011062636999
2021-07-18,422.681,-0.8192431481257918,1.216509579210159,1.1700299,-2.257112204611851,3.4736217838220096,0.1627707442905825
2021-07-19,421.101,-2.405369316000564,1.2951899578831405,1.1972039,-2.291745899954702,3.5869358578378425,0.1721136590564758
2021-07-20,421.875,-1.6374107488328469,1.374412635438967,1.2131071,-2.3255815949774643,3.699994230416431,0.1814267928634908
2021-07-21,428.319,4.800633932643812,1.454156823085457,1.2340502,-2.358609232117864,3.812766055203321,0.1907070583236614
2021-07-22,427.5340000000001,4.00930463038439,1.5344004155000317,1.2504971,-2.390819003211755,3.9252194187117855,0.1999513394243287
2021-07-23,419.045,-4.4861824247488045,1.6151199910686087,1.2704996,-2.422201352231085,4.037321343299693,0.2091564926582796
2021-07-24,426.253,2.7161472528017385,1.6962908139389508,1.2929922,-2.4527469780228337,4.149037791961785,0.2183193482182432
2021-07-25,419.783,-3.759431617156585,1.7778868378976689,1.3235413,-2.482446837048752,4.260333674946421,0.2274367112552452
2021-07-26,427.371,3.8232359601974073,1.85988071207778,1.3445631,-2.511292146125649,4.371172858203429,0.2365053632002249
2021-07-27,425.011,1.457386830044798,1.9422437885014356,1.3735646,-2.5392743851657773,4.4815181736672125,0.2455220631482219
2021-07-28,422.107,-1.4523539390770557,2.024946131460159,1.4027219,-2.5663852999167247,4.591331431376884,0.2544835493043576
2021-07-29,421.827,-1.7375235608270962,2.107956528732593,1.4347588,-2.5926169047000776,4.700573433432671,0.2633865404907232
2021-07-30,419.0,-4.5694781531323,2.191242504637457,1.4639559,-2.6179614851479607,4.809203989785418,0.2722277377132142
2021-07-31,418.53,-5.044182745991974,2.274770334917085,1.4797776,-2.6424116009364043,4.917181935853489,0.2810038257872426
2021-08-01,422.909,-0.6697651064879744,2.358505063444612,1.5031931,-2.665960088514326,5.024465151958938,0.2897114750211769
2021-08-02,426.552,2.9686451605541446,2.442410520745532,1.5158728,-2.688600063826785,5.1310105845723175,0.2983473429562613
2021-08-03,417.844,-5.743947635260727,2.526449344322065,1.5360669,-2.710324925030996,5.236774269353061,0.3069080761616888
2021-08-04,422.858,-0.7344299655997255,2.6105830007664266,1.5572345,-2.731128355203433,5.34171135596986,0.3153903120833985
2021-08-05,424.059,0.4623026882537959,2.694771809646848,1.5738164,-2.7510043250362237,5.44577613468307,0.3237906809450989
2021-08-06,420.881,-2.719867946835899,2.778974969147861,1.5771891,-2.7699470955208616,5.548922064668723,0.33210580769992
2021-08-07,427.715,4.110230864281969,2.863150583444137,1.5761472,-2.787951220617143,5.65110180406128,0.3403323140310236
2021-08-08,427.469,3.860424476438717,2.947255691784889,1.5820506,-2.805011549905056,5.752267241689944,0.3484668203994087
2021-08-09,425.142,1.5295430032431732,3.031246299263647,1.5905726,-2.821123231217238,5.852369530480885,0.3565059481370887
2021-08-10,425.228,1.6114900416563014,3.115077409245987,1.5959111,-2.8362817132494587,5.951359122495446,0.3644463215837181
2021-08-11,420.207,-3.4134731263109392,3.198703057425668,1.6209435,-2.850482748146455,6.049185805572122,0.3722845702646801
2021-08-12,424.934,1.3096681924783231,3.282076347477397,1.6567798,-2.863722394060293,6.145798741537691,0.3800173311085855
2021-08-13,427.92,4.291871938180778,3.3651494882724773,1.6919398,-2.875997017678345,6.241146505950822,0.3876412507020377
2021-08-14,424.835,1.2030954325352576,3.4478738326213207,1.7235332,-2.887303296717773,6.335177129339094,0.3951529875794725
2021-08-15,423.905,0.2692892266248456,3.5301999175049854,1.7331568,-2.8976382223833466,6.427838139888332,0.4025492145458009
2021-08-16,423.606,-0.0332673934653877,3.6120775057557153,1.7532648,-2.906999101785283,6.519076607540999,0.4098266210295363
2021-08-17,428.065,4.422329466106596,3.6934556291446055,1.7588234,-2.91538356031366,6.608839189458266,0.4169819154640023
2021-08-18,424.987,1.341016137475903,3.774282632832605,1.7660848,-2.9227895439658704,6.697072176798475,0.4240118276941869
2021-08-19,428.254,4.604807631345079,3.8545062211391463,1.7613677,-2.92921532162347,6.783721542762617,0.4309131114067321
2021-08-20,433.365,9.712486625289742,3.93407350458094,1.7485155,-2.9346594872746654,6.868732991855605,0.4376825465805129
2021-08-21,431.3080000000001,7.652138355085123,4.0129310481317,1.7508612,-2.939120962178588,6.952052010310288,0.4443169419551968
2021-08-22,426.804,3.144905000598487,4.091024920651828,1.757719,-2.942598996967429,7.0336239176192565,0.4508131375151402
2021-08-23,426.791,3.1281137587500965,4.168300745435485,1.7795104,-2.9450931736824084,7.113393919117893,0.4571680069859296
2021-08-24,422.543,-1.124140559140331,4.244703751820841,1.8127135,-2.9466034077394587,7.191307159560299,0.4633784603408348
2021-08-25,428.152,4.480736893440275,4.320178827807838,1.8583273,-2.9471299498204684,7.267308777628306,0.4694414463144183
2021-08-26,426.696,3.0207367706761485,4.394670573626243,1.878794,-2.9466733876858373,7.341343961312081,0.475353954920486
2021-08-27,427.374,3.694741354212108,4.468123356195438,1.8900995,-2.945234647904024,7.413358004099462,0.4811130199715693
2021-08-28,432.235,8.55186734769488,4.54048136441606,1.9011313,-2.9428149974937456,7.483296361909805,0.4867157215970764
2021-08-29,425.986,2.298988685087034,4.611688665232292,1.91426,-2.9394160454744203,7.551104710706713,0.4921591887572373
2021-08-30,427.725,4.034230156163526,4.68168926040246,1.9310408,-2.9350397443203797,7.616729004722839,0.4974406017499501
2021-08-31,429.058,5.3635097324262215,4.750427143914449,1.933001,-2.929688391314416,7.6801155352288655,0.5025571947076244
2021-09-01,431.877,8.178909325634727,4.8178463599814,1.9204049,-2.923364629796121,7.741210989777521,0.5075062580810943
2021-09-02,428.473,4.771429994178996,4.88389106155221,1.9157034,-2.916071450300496,7.799962511852706,0.5122851411076795
2021-09-03,431.708,8.003062626009912,4.948505569270368,1.9356952,-2.907812191582312,7.856317760852679,0.5168912542604595
2021-09-04,429.137,5.428062007806494,5.011634430814005,1.9457567,-2.89859054152165,7.910224972335655,0.5213220716758291
2021-09-05,424.674,0.9608618644733498,5.073222480549072,1.9527744,-2.888410537906108,7.96163301845518,0.5255751335564091
2021-09-06,428.328,4.610637905326735,5.133214899427147,1.9769295,-2.8772765690851227,8.010491468512269,0.5296480485463886
2021-09-07,428.523,4.801526568578316,5.191557275058559,2.0028708,-2.865193374491915,8.056750649550473,0.5335384960763897
2021-09-08,432.751,9.025528729109752,5.248195661891185,2.0246556,-2.852166045028558,8.100361706919744,0.5372442286749575
2021-09-09,441.482,17.752606722162778,5.303076641424772,2.0475562,-2.8382000233097298,8.141276664734502,0.5407630742437982
2021-09-10,424.436,0.7027602161964377,5.35614738239033,1.9846586,-2.823301103760729,8.17944848615106,0.5440929382939111
2021-09-11,426.074,2.3370277275773383,5.407355700823883,1.9958214,-2.807475432565414,8.214831133389296,0.5472318061397833
2021-09-12,428.594,4.853253833598731,5.456650119963713,2.0168402,-2.7907295074597456,8.24737962742346,0.5501777450488472
2021-09-13,425.848,2.1035886821049568,5.503979929900106,2.0312989,-2.773070177366705,8.277050107266811,0.5529289063434306
2021-09-14,431.256,7.508035793379222,5.549295246906691,2.0363164,-2.7545046418684347,8.303799888775126,0.5554835274524779
2021-09-15,430.618,6.866555480539869,5.59254707238243,2.052572,-2.7350404505115007,8.327587522893932,0.5578399339103365
2021-09-16,427.299,3.5439303555783144,5.63368735133364,2.0729477,-2.7146855019413128,8.348372853274952,0.5599965412999781
2021-09-17,431.317,7.558411904336711,5.672669030325512,2.0755665,-2.6934480428617857,8.366117073187297,0.5619518571380431
2021-09-18,431.246,7.483856884544494,5.709446114833113,1.8101187,-2.6713366668164653,8.380782781649579,0.563704482699168
2021-09-19,428.569,4.8034062158663895,5.7439737259221,1.7001191,-2.64836031278744,8.39233403870954,0.5652531147770951
2021-09-20,428.183,4.413951448108088,5.776208156190063,1.7128199,-2.6245282636084872,8.40073641979855,0.5665965473801329
2021-09-21,428.15,4.377553659116435,5.806106924899844,1.7291769,-2.599850144189019,8.405957069088863,0.5677336733585847
2021-09-22,430.995,7.219258531456554,5.833628832236965,1.7578079,-2.574335919545534,8.4079647517825,0.5686634859618416
2021-09-23,427.379,3.600066816503335,5.858734012624046,1.7912012,-2.547995892637448,8.406729905261493,0.5693850803228877
2021-09-24,433.604,9.821940566842054,5.88138398702584,1.8130498,-2.5208407020042745,8.402224689030115,0.5698976548680483
2021-09-25,429.539,5.753717281475531,5.901541714179586,1.8492104,-2.492881319201326,8.394423033380912,0.5702005126498746
2021-09-26,429.872,6.083559308375038,5.9191716406862245,1.8590062,-2.4641290460312666,8.38330068671749,0.5702930626011447
2021-09-27,428.726,4.934506763400865,5.934239749899226,1.7168188,-2.434595511568995,8.36883526146822,0.570174820708032
2021-09-28,425.427,1.6325603559487214,5.946713609548881,1.655874,-2.4042926689775395,8.35100627852642,0.5698454111005783
2021-09-29,428.206,4.408720795414347,5.956562418041111,1.6610621,-2.3732327921128067,8.329795210153918,0.5693045670586885
2021-09-30,426.955,3.1547380942348195,5.963757049371259,1.6334815,-2.341428471915245,8.305185521286504,0.5685521319319606
2021-10-01,432.457,8.653793263721372,5.968270096594597,1.6354871,-2.3088926125866567,8.277162709181253,0.5675880599717387
2021-10-02,430.408,6.601937246387108,5.970075913796815,1.6381156,-2.275638427550596,8.24571434134741,0.5664124170738856
2021-10-03,421.055,-2.753915986796581,5.969150656509273,1.6697845,-2.2416794351950187,8.210830091704292,0.5650253814308521
2021-10-04,430.729,6.917703819810221,5.965472320515352,1.7080983,-2.207029454396043,8.172501774911396,0.5634272440917238
2021-10-05,439.388,15.574431739882506,5.959020778995988,1.7256831,-2.171702599821904,8.130723378817892,0.5616184094290203
2021-10-06,429.479,5.662906811826144,5.949777817964071,1.7282808,-2.135713277016413,8.085491094980483,0.5595993955111302
2021-10-07,426.168,2.3494683537014445,5.937727169939355,1.739265,-2.099076177261467,8.036803347200822,0.5573708343793486
2021-10-08,424.973,1.1521432152269866,5.922854545817219,1.7093585,-2.061806272218361,7.9846608180355805,0.554933472228611
2021-10-09,426.639,2.815932032076577,5.905147664886639,1.7066902,-2.023918808347928,7.929066473234567,0.5522881694911046
2021-10-10,425.717,1.89183543992401,5.884596282954633,1.7048411,-1.9854293011097528,7.870025584064386,0.5494359008220563
2021-10-11,433.446,9.618854074443178,5.861192218536573,1.6920717,-1.9463535289409517,7.807545747477524,0.5463777549870897
2021-10-12,432.686,8.856948461166683,5.834929377073666,1.662566,-1.9067075270152545,7.741636904088921,0.5431149346506747
2021-10-13,435.435,11.603748917927,5.805803773141228,1.5988612,-1.866507580783406,7.672311353924634,0.5396487560652806
2021-10-14,434.145,10.31155309746108,5.773813550613422,1.5927538,-1.8257702192961065,7.599583769909529,0.5359806486609645
2021-10-15,431.85,8.014460010824587,5.738959000752389,1.6060327,-1.784512208311027,7.523471209063416,0.5321121545352527
2021-10-16,432.511,8.673409514430752,5.701242578192025,1.6222047,-1.7427505431856425,7.443993121377667,0.5280449278432452
2021-10-17,429.712,5.872420267328362,5.660668914788863,1.5367116,-1.7005024415579246,7.361171356346787,0.5237807340880387
2021-10-18,440.898,17.05653264547386,5.617244831314947,1.4832636,-1.6577853358171777,7.275030167132124,0.519321449311633
2021-10-19,436.3250000000001,12.481747187946755,5.570979346969954,1.5148555,-1.6146168653675623,7.185596212337517,0.5146690591866183
2021-10-20,438.547,14.702064433826733,5.521883686692194,1.342744,-1.5710148686871517,7.092898555379345,0.5098256580090588
2021-10-21,423.452,-0.3945150778065396,5.469971286250583,1.2115906,-1.5269973751855697,6.996968661436153,0.5047934475930868
2021-10-22,421.433,-2.414740110914486,5.415257795102223,0.6346615,-1.4825825968635828,6.897840391965806,0.4995747360678493
2021-10-23,434.119,10.270253843350044,5.357761077002554,0.5004435,-1.4377889197782523,6.795549996780806,0.4941719365775456
2021-10-24,431.039,7.189284927151643,5.297501208357718,-0.3797524,-1.392634895317536,6.690136103675254,0.4885875658854295
2021-10-25,426.276,2.4252615617603377,5.2345004743112975,-0.7473322,-1.3471392312884518,6.581639705599749,0.4828242428827352
2021-10-26,436.017,12.165280776171723,5.168783362559957,-0.8865855,-1.3013207828232631,6.470104145383219,0.4768846870036184
2021-10-27,432.698,8.845389471773212,5.100376554895358,-0.9804032,-1.255198543108291,6.355575098003649,0.4707717165473032
2021-10-28,429.024,5.170553732727671,5.029308916472043,-0.98679006,-1.2087916339403402,6.238100550412383,0.4644882469087357
2021-10-29,431.035,7.180722226507805,4.955611482803707,-0.99072164,-1.1621192961158695,6.117730778919576,0.4580372887191572
2021-10-30,429.807,5.951947846253487,4.879317444492824,-1.0310464,-1.115200879658397,5.994518324151221,0.4514219458981138
2021-10-31,433.838,9.982261063047195,4.800462129701102,-0.99818766,-1.0680558338897843,5.868517963590886,0.4446454136185184
2021-11-01,434.775,10.91861346236767,4.719082984370959,-1.1611433,-1.0207036973513832,5.739786681722342,0.4377109761865003
2021-11-02,429.852,5.994578179300305,4.635219550210622,-1.1404303,-0.973164087581188,5.60838363779181,0.4306220048378604
2021-11-03,424.092,0.2331261274424139,4.548913440458196,-1.113298,-0.9254566907534592,5.474370131211655,0.4233819554530686
2021-11-04,434.127,10.26673613098874,4.460208313442387,-1.4368645,-0.877601251187447,5.3378095646298345,0.4159943661928171
2021-11-05,426.744,2.8823938814256933,4.369149843960326,-1.5067232,-0.8296175607321368,5.198767404692463,0.4084628550562638
2021-11-06,422.365,-1.4979668189938349,4.27578569249528,-1.5681022,-0.7815254480341185,5.057311140529398,0.4007911173641724
2021-11-07,424.457,0.5928180977982689,4.180165472299618,-1.5279008,-0.7333447676959322,4.91351023999555,0.3929829231692576
2021-11-08,423.246,-0.6193339175349832,4.082340714370901,-1.469898,-0.6850953893324498,4.767436103703352,0.3850421145961339
2021-11-09,423.755,-0.1110688841103817,3.9823648303512993,-1.7965068,-0.6367971865330687,4.619162016884368,0.3769726031133484
2021-11-10,429.187,5.320250217264867,3.880293073383121,-1.7712395,-0.5884700257376634,4.468763099120784,0.3687783667400593
2021-11-11,426.439,2.5716238243814824,3.776182496955451,-1.7784239,-0.5401337550345082,4.316316251989959,0.3604634471900177
2021-11-12,428.139,4.271052375030171,3.670091911779391,-1.7966135,-0.4918081928884935,4.161900104667884,0.3520319469555635
2021-11-13,421.89,-1.978463692998334,3.5620818407316137,-1.7521816,-0.4435131168081998,4.005594957539813,0.3434880263344503
2021-11-14,422.383,-1.4857594582676366,3.4522144719082664,-1.7459432,-0.3952682519605458,3.847482723868812,0.3348359004023566
2021-11-15,422.413,-1.4555109771428314,3.340553609833468,-1.7623693,-0.347093259741894,3.6876468695753615,0.3260798359340401
2021-11-16,432.031,8.16342939589035,3.2271646248687897,-1.7531953,-0.2990077263146531,3.526172351183443,0.3172241482761243
2021-11-17,423.423,-0.4437051297034422,3.1121144008723585,-1.694946,-0.251031151118595,3.3631455519909537,0.3082731981746038
2021-11-18,417.496,-6.370234260516208,2.995471281158117,-1.6611922,-0.2031829353662045,3.198654216524322,0.2992313885601802
2021-11-19,430.166,6.30093027092768,2.8773050128080486,-1.713782,-0.1554823705315427,3.0327873833395915,0.2901031612946232
2021-11-20,417.982,-5.882453347033273,2.757686689391843,-1.6565313,-0.1079486268422265,2.8656353162340693,0.2808929938813846
2021-11-21,424.67,0.8062323130783486,2.6366886921507207,-1.6172402,-0.060600741784231,2.697289433934952,0.2716053961437477
2021-11-22,425.13,1.266837997234791,2.5143846297037062,-1.576842,-0.0134576086293286,2.527842238333035,0.2622449068738431
2021-11-23,427.553,3.6901645715545097,2.390849276336608,-1.5584134,0.0334620350049088,2.3573872413316987,0.252816090455895
2021-11-24,416.973,-6.889428212874478,2.26615850893559,-1.5082802,0.0801396185525694,2.1860188903830204,0.2433235334670973
2021-11-25,417.45,-6.411460635489732,2.1403892426289315,-1.5053071,0.1265567498442166,2.0138324927847147,0.2337718412595663
2021-11-26,422.986,-0.8743943508950824,2.013619365202127,-1.5009589,0.1726952263889559,1.840924138813171,0.2241656345268248
2021-11-27,421.753,-2.10622470392909,1.8859276703529957,-1.4786102,0.2185370465835396,1.6673906237694558,0.2145095458583096
2021-11-28,421.525,-2.3326018094664,1.7573937898549372,-1.476551,0.2640644208382822,1.493329369016655,0.2048082162854173
2021-11-29,421.79100000000005,-2.064738713364686,1.6280981246977866,-1.4299632,0.3092597826095146,1.318838342088272,0.1950662918226112
2021-11-30,427.562,3.708361767538716,1.4981217752770646,-1.401032,0.3541057993282988,1.1440159759487658,0.1852884200071234
2021-12-01,418.601,-5.250929467651127,1.3675464707035956,-1.378661,0.3985853832150913,0.9689610874885042,0.1754792464408167
2021-12-02,426.283,2.432938055962937,1.236454497306614,-1.3294418,0.4426817019700677,0.7937727953365463,0.1656434113377316
2021-12-03,425.495,1.6468747401912944,1.1049286264045102,-1.2717863,0.486378189328823,0.6185504370756871,0.1557855460808986
2021-12-04,421.297,-2.5495562955176507,0.9730520414183574,-1.2256831,0.5296585554731839,0.4433934859451736,0.1459102697919403
2021-12-05,423.723,-0.1218363734779384,0.8409082644042326,-1.1772411,0.5725067972869153,0.2684014671173172,0.1360221859170173
2021-12-06,418.414,-5.42890093215382,0.7085810820811332,-1.1643697,0.6149072084461411,0.0936738736349921,0.1261258788326346
2021-12-07,429.697,5.8562213706259865,0.5761544714320158,-1.1834643,0.6568443893343642,-0.0806899179023483,0.1162259104748292
2021-12-08,425.954,2.1152384474423798,0.4437125249561255,-1.1790854,0.6983032567720403,-0.2545907318159147,0.1063268169952131
2021-12-09,426.053,2.216225142058378,0.3113393756512537,-1.2149826,0.7392690535507438,-0.42792967789949,0.0964331054473541
2021-12-10,417.968,-5.867217492523473,0.1791191218051039,-1.2189047,0.779727357762059,-0.6006082359569551,0.0865492505069139
2021-12-11,423.885,0.051513324541212,0.0471357516752338,-1.3580599,0.8196640919114294,-0.7725283402361957,0.0766796912289521
2021-12-12,426.454,2.622109244974535,-0.0845269318626621,-1.7589554,0.8590655318073366,-0.9435924636699988,0.0668288278457615
2021-12-13,432.947,9.11667872148758,-0.215785386618182,-2.2411137,0.8979183152162767,-1.1137037018344589,0.0570010186085573
2021-12-14,428.715,4.886214751723178,-0.3465564062613528,-2.4482899,0.9362094502741808,-1.2827658565355335,0.0472005766762976
2021-12-15,421.597,-2.2309900021868545,-0.4767571952894029,-2.7255003,0.9739263236450524,-1.4506835189344551,0.0374317670548606
2021-12-16,416.567,-7.260164673733694,-0.6063054437052865,-2.933886,1.0110567084177686,-1.617362152123055,0.0276988035897654
2021-12-17,417.184,-6.641974694283098,-0.7351194013281815,-2.8857503,1.0475887717321772,-1.782708173060359,0.0180058460155394
2021-12-18,416.268,-7.556683478598192,-0.8631179516564843,-2.8759668,1.0835110821257874,-1.946629033782272,0.0083569970648088
2021-12-19,431.333,7.509649589132291,-0.990220685204209,-2.8935242,1.118812616592577,-2.109033301796786,-0.0012437003599105
2021-12-20,422.389,-1.4330365353582053,-1.116347972232122,-2.8858738,1.153482767345627,-2.269830739577749,-0.0107922659487841
2021-12-21,436.032,12.211318285705005,-1.2414210347955048,-2.910008,1.187511348275532,-2.4289323830710368,-0.0202847846787425
2021-12-22,432.655,8.835209847250567,-1.365362018031079,-3.0192358,1.22088860109675,-2.586250619127829,-0.0297174094362969
2021-12-23,427.088,3.268895393201031,-1.4880940606063195,-3.4454553,1.2536052011743135,-2.7416992617806333,-0.0390863635663859
2021-12-24,435.796,11.977426935888143,-1.6095413642552443,-3.7017317,1.2856522630235678,-2.8951936272788124,-0.0483879433446301
2021-12-25,431.597,7.778405709546707,-1.7296292623256022,-3.939593,1.3170213454758644,-3.0466506078014666,-0.0576185203704671
2021-12-26,419.879,-3.9395735578770936,-1.848284287263436,-4.1838703,1.3477044565034155,-3.1959887437668515,-0.066774543878715
2021-12-27,420.284,-3.5345107215142675,-1.9654342369619924,-4.438081,1.3776940576967915,-3.343128294658784,-0.0758525429672052
2021-12-28,423.284,-0.5339600479413935,-2.081008239903175,-4.45269,1.4069830683888471,-3.487991308292022,-0.0848491287382361
2021-12-29,424.125,0.3076207100801928,-2.194936819020905,-4.532007,1.4355648694191427,-3.630501688440048,-0.0937609963516623
2021-12-30,421.142,-2.6752205945512526,-2.307151954217144,-4.5101943,1.463433306533264,-3.770585260750408,-0.1025849269875737
2021-12-31,420.601,-3.2155736757292748,-2.417587143462632,-4.5131183,1.4905826934117423,-3.908169836874375,-0.111317789716586
2022-01-01,410.692,-13.123838489251389,-2.526177462416012,-4.4914174,1.5170078143236096,-4.043185276739621,-0.1199565432758916
2022-01-02,415.181,-8.634074218028093,-2.6328596224963765,-4.448687,1.5427039263999611,-4.175563548896338,-0.1284982377493116
2022-01-03,421.214,-2.6002806415777195,-2.7375720273461,-4.8178062,1.5676667615232482,-4.305238788869348,-0.1369400161497097
2022-01-04,425.821,2.0075424605816545,-2.8402548276223545,-5.070837,1.5918925278283578,-4.432147355450712,-0.1452791159022362
2022-01-05,418.919,-4.893848233261139,-2.94084997405758,-5.1567845,1.6153779108119026,-4.556227884869482,-0.1535128702269704
2022-01-06,413.843,-9.969212872994362,-3.0393012687309797,-5.2158313,1.638120074046524,-4.677421342777503,-0.1616387094196748
2022-01-07,420.124,-3.687554054368824,-3.135554414495029,-5.38476,1.6601166594973458,-4.795671073992375,-0.1696541620294543
2022-01-08,418.128,-5.682723770508881,-3.229557062502951,-5.29686,1.6813657874381391,-4.91092284994109,-0.1775568559322599
2022-01-09,416.408,-7.401873742115646,-3.3212588577851774,-5.2232394,1.7018660559650958,-5.023124913750273,-0.185344519299281
2022-01-10,417.473,-6.33600376186258,-3.410611482824875,-5.144636,1.7216165401065455,-5.132228022931421,-0.1930149814593944
2022-01-11,406.83,-16.97811362242275,-3.4975686990847707,-5.085424,1.7406167905272825,-5.238185489612054,-0.2005661736549635
2022-01-12,416.881,-6.926115383353611,-3.5820863864397974,-5.0201254,1.7588668318266372,-5.340953218266435,-0.2079961296903984
2022-01-13,414.084,-9.721855451818415,-3.664122580472213,-4.9767323,1.7763671604297635,-5.440489740901977,-0.2153029864730133
2022-01-14,409.16,-14.644570531335845,-3.743637507588301,-4.9075193,1.7931187420720684,-5.536756249660369,-0.2224849844458407
2022-01-15,421.832,-1.9712603651609428,-3.820593617918025,-4.8316426,1.8091230088770789,-5.629716626795104,-0.2295404679121918
2022-01-16,407.007,-16.794924696548573,-3.89495561596147,-4.760256,1.824381856028489,-5.71933747198996,-0.2364678852518691
2022-01-17,412.9860000000001,-10.81456326875364,-3.966690488948336,-4.692048,1.8388976380375104,-5.805588126985847,-0.2432657890290664
2022-01-18,411.494,-12.3051758250313,-4.03576753287926,-4.619095,1.8526731646070893,-5.888440697486349,-0.2499328359921211
2022-01-19,408.559,-15.238762108636372,-4.102158376220251,-4.552355,1.865711696094957,-5.967870072315208,-0.2564677869653999
2022-01-20,416.857,-6.939321862823874,-4.165837001224093,-4.5304775,1.8780169385779035,-6.043853939801996,-0.2628695066337333
2022-01-21,412.958,-10.836854830848656,-4.226779762855198,-4.468766,1.8895930385200763,-6.116372801375275,-0.2691369632199267
2022-01-22,409.134,-14.659360755965666,-4.284965405296963,-4.390703,1.90044457704854,-6.185409982345503,-0.2752692280560209
2022-01-23,411.005,-12.78683938142998,-4.340375076023369,-4.3158526,1.9105765638397256,-6.250951639863095,-0.2812654750490685
2022-01-24,413.599,-10.191290450496462,-4.392992337419236,-4.251856,1.9199944306208447,-6.312986768040081,-0.2871249800423462
2022-01-25,414.351,-9.437713706420064,-4.442803175936223,-4.1775756,1.9287040242907272,-6.371507200226951,-0.2928471200730205
2022-01-26,420.169,-3.618102121220631,-4.489796008774378,-4.092519,1.9367115996649955,-6.426507608439373,-0.2984313725274184
2022-01-27,416.469,-7.316382666409455,-4.5339616880817655,-4.004748,1.944023811850849,-6.477985499932615,-0.3038773141951663
2022-01-28,413.638,-10.145632286722536,-4.575293502667428,-3.9253602,1.9506477082571971,-6.525941210924625,-0.309184620223589
2022-01-29,409.74300000000005,-14.038850712660134,-4.613787177225696,-3.848458,1.9565907202462367,-6.570377897471932,-0.314353062973859
2022-01-30,414.065,-9.71503767472262,-4.649440869072557,-3.7997591,1.9618606544329995,-6.611301523505556,-0.3193825107805162
2022-01-31,423.121,-0.6565736151869523,-4.68225516239761,-3.7898302,1.966465683639791,-6.648720846037401,-0.3242729266160873
2022-02-01,415.903,-7.872084468126538,-4.71223306003779,-3.7368257,1.970414337512816,-6.682647397550606,-0.3290243666626395
2022-02-02,410.918,-12.854526442378202,-4.739379972781872,-3.7092857,1.9737154928087088,-6.71309546559058,-0.333636978792213
2022-02-03,411.965,-11.80494380279742,-4.763703706217388,-3.688985,1.9763783633590244,-6.740082069576412,-0.338111000958193
2022-02-04,418.548,-5.219336179784081,-4.785214445134447,-3.6663287,1.9784124897211648,-6.763626934855612,-0.3424467594997677
2022-02-05,411.891,-11.87370320373787,-4.803924735503474,-3.6128757,1.979827728524563,-6.783752464028037,-0.3466446673617374
2022-02-06,417.667,-6.095031540365049,-4.8198494640467295,-3.543298,1.9806342415213032,-6.800483705568032,-0.3507052222320269
2022-02-07,424.062,0.3026658571002807,-4.833005835426036,-3.4885464,1.9808424843507408,-6.813848319776777,-0.3546290045993558
2022-02-08,416.316,-7.440809596981637,-4.843413347071794,-3.4372995,1.9804631950279965,-6.823876542099791,-0.3584166757336101
2022-02-09,410.796,-12.958263269827995,-4.851093761681028,-3.3961477,1.9795073821665743,-6.830601143847602,-0.3620689755915512
2022-02-10,408.423,-15.328694819381614,-4.856071077414701,-3.3513389,1.9779863129456488,-6.834057390360351,-0.3655867206505856
2022-02-11,416.389,-7.360103903585296,-4.858371495827159,-3.2964354,1.9759115008329284,-6.834282996660088,-0.3689708016733968
2022-02-12,417.291,-6.455490180381872,-4.858023387563044,-3.2299178,1.9732946930742628,-6.831318080637307,-0.3722221814063317
2022-02-13,421.212,-2.531853307714132,-4.855057255859498,-3.1624014,1.9701478579615352,-6.825205113821034,-0.375341892214498
2022-02-14,423.859,0.1178070564751063,-4.849505697893876,-3.1388235,1.9664831718905849,-6.81598886978446,-0.3783310336566122
2022-02-15,412.807,-10.931631532907565,-4.841403364019649,-3.1157515,1.9623130062212777,-6.803716370240927,-0.3811907700027052
2022-02-16,420.624,-3.1120469034749605,-4.830786914935444,-3.0762506,1.9576499139520296,-6.788436828887473,-0.3839223276978556
2022-02-17,411.486,-12.247438731531858,-4.817694976834485,-3.046665,1.9525066162214184,-6.770201593055903,-0.3865269927751832
2022-02-18,413.509,-10.221806693382696,-4.802168094583947,-2.9934773,1.94689598864971,-6.749064083233657,-0.3890061082214
2022-02-19,423.062,-0.6661504653321493,-4.784248682985898,-2.946537,1.9408310475333976,-6.725079730519296,-0.3913610712982622
2022-02-20,418.363,-5.362469723684795,-4.7639809761736505,-2.9215508,1.9343249359060493,-6.6983059120797,-0.3935933308233224
2022-02-21,427.767,4.04423585525485,-4.74141097519937,-2.94903,1.9273909094790025,-6.6688018846783725,-0.3957043844134249
2022-02-22,421.622,-2.098473471756372,-4.716586393870841,-2.9839396,1.9200423224755856,-6.636628716346428,-0.3976957756944264
2022-02-23,418.831,-4.886712232887589,-4.689556602897178,-2.9642959,1.9122926133728,-6.601849216269978,-0.3995690914806777
2022-02-24,417.775,-5.939925436591659,-4.660372572405182,-2.923433,1.9041552905644947,-6.564527862969676,-0.401325958927811
2022-02-25,411.2120000000001,-12.500112760175924,-4.629086812889804,-2.8788517,1.8956439179602855,-6.52473073085009,-0.4029680426624248
2022-02-26,414.997,-8.71227388094775,-4.595753314663945,-2.8374772,1.886772100534563,-6.4825254151985074,-0.4044970418922815
2022-02-27,420.061,-3.645401704979258,-4.560427485874442,-2.8677158,1.8775534698400853,-6.437980955714528,-0.4059146875006494
2022-02-28,420.698,-3.0055024968119977,-4.523166089152695,-2.9070885,1.8680016695007595,-6.391167758653454,-0.4072227391284352
2022-03-01,419.262,-4.43857593275057,-4.484027176969902,-2.9109685,1.8581303406983103,-6.342157517668213,-0.408422982247771
2022-03-02,425.129,1.4313783109004636,-4.443070025768235,-2.8958478,1.8479531076676217,-6.291023133435857,-0.4095172252307262
2022-03-03,418.201,-5.494079509101903,-4.40035506894075,-2.9301896,1.8374835632156024,-6.237838632156353,-0.4105072964168142
2022-03-04,423.101,-0.5914972166301489,-4.3559438287339365,-2.9194648,1.8267352542784665,-6.1826790830124025,-0.411395041182963
2022-03-05,421.223,-2.466874554939385,-4.309898847148144,-2.9066274,1.815721667532385,-6.125620514680529,-0.4121823190196187
2022-03-06,417.347,-6.340211267284477,-4.262283615912094,-2.8570552,1.8044562150724544,-6.066739830984549,-0.4128710006166327
2022-03-07,409.268,-14.416507096920418,-4.213162505608777,-2.8017604,1.7929522201749524,-6.006114725783729,-0.4134629649625705
2022-03-08,416.249,-7.432761787102184,-4.162600694030926,-2.7501879,1.7812229031578282,-5.9438235971887545,-0.4139600964610717
2022-03-09,423.819,0.1400249189154419,-4.110664093845073,-2.7184188,1.769281367354364,-5.879945461199437,-0.4143642820678438
2022-03-10,423.497,-0.1792344552387388,-4.057419279643979,-2.6716075,1.7571405852148785,-5.8145598648588575,-0.4146774084518723
2022-03-11,417.824,-5.849693038329654,-4.002933414467866,-2.6207979,1.7448133845513054,-5.747746799019171,-0.4149013591843741
2022-03-12,422.78,-0.8911136627666774,-3.9472741758754193,-2.5894353,1.7323124349394,-5.67958661081482,-0.4150380119589965
2022-03-13,425.818,2.149591611892883,-3.890509681646059,-2.707194,1.719650234293214,-5.610159915939273,-0.4150892358467227
2022-03-14,423.909,0.2431657114212702,-3.832708415195282,-2.6660628,1.7068390956264177,-5.539547510821699,-0.4150568885888972
2022-03-15,425.109,1.4452663324744075,-3.7739391507852527,-2.9027655,1.6938911340148723,-5.467830284800125,-0.4149428139317268
2022-03-16,419.914,-3.747697004204361,-3.714270878612925,-2.852695,1.6808182537747531,-5.395089132387678,-0.4147488390055826
2022-03-17,419.996,-3.6636355648262575,-3.65377272985819,-2.825526,1.6676321358703707,-5.32140486572856,-0.4144767717523412
2022-03-18,419.058,-4.5995492425039535,-3.592513901774402,-2.7779856,1.6543442255656111,-5.246858127340014,-0.4141283984039654
2022-03-19,427.972,4.316562069649871,-3.53056358290374,-2.8448544,1.6409657203328354,-5.171529303236575,-0.4137054810154436
2022-03-20,418.746,-4.907442324104003,-3.467990878499509,-2.7952285,1.6275075580327485,-5.0954984365322575,-0.4132097550551559
2022-03-21,423.934,0.2825785212837086,-3.404864736237347,-2.7731872,1.61398040537864,-5.018845141615987,-0.4126429270556309
2022-03-22,420.286,-3.363651571387233,-3.3412538722968463,-2.7590854,1.600394646698096,-4.941648518994942,-0.4120066723276185
2022-03-23,420.395,-3.252863612316228,-3.2772266978947444,-2.7170167,1.58676037300507,-4.863987070899814,-0.4113026327402925
2022-03-24,420.806,-2.840054851247559,-3.2128512463501706,-2.6375768,1.573087371394918,-4.785938617745089,-0.4105324145703279
2022-03-25,423.511,-0.1332280235237797,-3.148195100761932,-2.5494022,1.5593851147747322,-4.707580215536664,-0.4096975864225091
2022-03-26,421.847,-1.7953830839086482,-3.083325322377,-2.4675975,1.5456627519410184,-4.628988074318018,-0.4087996772244313
2022-03-27,422.302,-1.338519987165966,-3.018308379728568,-2.4019454,1.5319290980164584,-4.550237477745027,-0.4078401742977626
2022-03-28,432.736,9.097361311940356,-2.95321007862119,-2.4608524,1.5181926252571425,-4.471402703878333,-0.4068205215084453
2022-03-29,422.343,-1.2937424483022424,-2.888095493039455,-2.4314742,1.5044614542414,-4.392556947280855,-0.4057421174981026
2022-03-30,421.735,-1.89982785731868,-2.8230288970556163,-2.407545,1.490743345450907,-4.313772242506524,-0.4046063139988253
2022-03-31,425.46,1.827105129626399,-2.758073697810437,-2.353739,1.477045691254479,-4.235119389064916,-0.4034144142334047
2022-04-01,430.286,6.6549987593019,-2.693292369640228,-2.288392,1.4633755083045294,-4.156667877944757,-0.4021676714029616
2022-04-02,423.266,-0.3631041895835869,-2.628746389421791,-2.2349741,1.4497394303558022,-4.078485819777593,-0.4008672872638242
2022-04-03,424.075,0.4478130614063036,-2.564496173205483,-2.197245,1.436143701515587,-4.000639874721069,-0.3995144107953863
2022-04-04,426.848,3.222169352647512,-2.500601014205256,-2.4119263,1.4225941699342313,-3.923195184139488,-0.3981101369605617
2022-04-05,424.913,1.2884775512393336,-2.4371190222128063,-2.4043756,1.4090962819443096,-3.846215304157116,-0.3966555055603387
2022-04-06,425.695,2.0715102956739333,-2.3741070645015068,-2.3482633,1.3956550766564,-3.7697621411579063,-0.3951515001838163
2022-04-07,421.309,-2.3137743934328974,-2.311620708283885,-2.2799737,1.3822751810189755,-3.6938958893028606,-0.3935990472549821
2022-04-08,419.972,-3.650022876762803,-2.2497141647848298,-2.2360713,1.3689608053494489,-3.618674970134279,-0.3919990151773723
2022-04-09,420.327,-3.29423532024024,-2.1884402349906886,-2.1903787,1.3557157393429613,-3.54415597433365,-0.3903522135776254
2022-04-10,426.193,2.572588110210611,-2.127850257132597,-2.1758287,1.342543348565023,-3.47039360569762,-0.3886593926488281
2022-04-11,425.857,2.2369258038475914,-2.067994055960332,-2.4494858,1.3294465714336297,-3.397440627393961,-0.3869212425944038
2022-04-12,425.032,1.4121537152578898,-2.0089198938610155,-2.5197902,1.3164279166960096,-3.325347810557025,-0.3851383931731906
2022-04-13,421.618,-2.001672556376182,-1.9506744238747675,-2.6605885,1.3034894614046226,-3.2541638852793904,-0.3833114133462111
2022-04-14,419.088,-4.5314761900011815,-1.8933026446573609,-2.871243,1.2906328493965653,-3.1839354940539257,-0.3814408110255164
2022-04-15,427.374,3.7547425397673857,-1.8368478574376164,-2.8429384,1.2778592902799997,-3.114707147717616,-0.3795270329253465
2022-04-16,419.548,-4.071143809311389,-1.7813516250150587,-3.108615,1.2651695589307028,-3.046521183945761,-0.3775704645157363
2022-04-17,417.88,-5.738985133000826,-1.7268537328409828,-3.0563173,1.25256399550134,-2.979417728342323,-0.3755714300785446
2022-04-18,413.48,-10.138801999193475,-1.6733921522237578,-3.1236858,1.2400425059454918,-2.9134346581692494,-0.373530192865779
2022-04-19,424.448,0.8295253439096282,-1.6210030056967186,-3.2658863,1.2276045630579664,-2.848607568754685,-0.3714469553599299
2022-04-20,423.814,0.1957336001895475,-1.569720534584585,-3.360495,1.215249208032379,-2.784969742616964,-0.369321859635927
2022-04-21,425.75,2.1315997956491133,-1.5195770688018024,-3.5657318,1.2029750525364191,-2.7225521213382216,-0.3671549878241729
2022-04-22,420.616,-3.002503988447024,-1.4706029989137257,-3.5534143,1.1907802813047264,-2.661383280218452,-0.364946362674011
2022-04-23,414.579,-9.039554189551376,-1.4228267504889065,-3.5119305,1.1786626552486912,-2.6014894057375977,-0.3626959482168227
2022-04-24,417.353,-6.265451389991371,-1.3762747607682289,-3.4359992,1.166619515081998,-2.542894275850226,-0.3604036505278504
2022-04-25,419.861,-3.756838422627544,-1.3309714576739569,-3.3674643,1.154647785460145,-2.485619243134102,-0.3580693185857017
2022-04-26,415.34,-8.276958495954187,-1.2869392411791418,-3.2982733,1.1427439796316408,-2.429683220810783,-0.3556927452283644
2022-04-27,418.66,-4.956014615766192,-1.2441984670551085,-3.2145433,1.1309042045980071,-2.3751026716531154,-0.3532736682044479
2022-04-28,423.773,0.1579834136127114,-1.2027674330121152,-3.1772068,1.1191241667792065,-2.321891599791321,-0.3508117713182352
2022-04-29,420.16,-3.454620503625549,-1.162662367245519,-3.1124747,1.1073991781804915,-2.2700615454260102,-0.3483066856670089
2022-04-30,426.089,2.4748468548272755,-1.1238974193970677,-3.1548014,1.0957241630562196,-2.2196215824532874,-0.3457579909690082
2022-05-01,421.27,-2.3438487668575063,-1.0864846539382575,-3.1123922,1.0840936650655313,-2.1705783190037886,-0.3431652169802395
2022-05-02,420.642,-2.971463875824656,-1.0504340459798638,-3.155437,1.072501854914329,-2.122935900894193,-0.3405278449982549
2022-05-03,417.605,-6.007796130792789,-1.0157534795091248,-3.1170008,1.060942538477393,-2.0766960179865177,-0.3378453094509205
2022-05-04,420.001,-3.611058480260212,-0.9824487480532256,-3.0441825,1.0494091653939874,-2.031857913447213,-0.3351169995680393
2022-05-05,423.922,0.3107487499921215,-0.95052355776504,-3.1060205,1.0378948381297126,-1.9884183958947528,-0.3323422611336416
2022-05-06,419.788,-3.8226086958642127,-0.9199795329243828,-3.2148774,1.0263923214969093,-1.946371854421292,-0.3295203983166057
2022-05-07,419.691,-3.918684197753097,-0.8908162238452169,-3.307119,1.0148940526253385,-1.9057102764705556,-0.3266506755771992
2022-05-08,418.21,-5.398690706516797,-0.8630311171766719,-3.4311922,1.003392151374378,-1.86642326855105,-0.3237323196470116
2022-05-09,422.02,-1.5876285502805598,-0.8366196485829328,-3.4843466,0.99187843117745,-1.828498079760383,-0.320764521579667
2022-05-10,425.501,1.89451178720904,-0.8115752177844467,-3.457504,0.9803444103089224,-1.7919196280933691,-0.3177464388696069
2022-05-11,419.283,-4.322621481091749,-0.7878892059402366,-3.3873441,0.9687813235631952,-1.756670529503432,-0.3146771976361358
2022-05-12,418.02,-5.584677894998332,-0.7655509953484781,-3.3791676,0.9571801343352428,-1.722731129683721,-0.3115558948698566
2022-05-13,419.998,-3.605657833171945,-0.7445479914398682,-3.3705883,0.9455315470913666,-1.6900795385312346,-0.3083816007385118
2022-05-14,421.287,-2.315561674273727,-0.7248656470358344,-3.3507116,0.9338260202184828,-1.6586916672543173,-0.3051533609491937
2022-05-15,422.508,-1.093389796964991,-0.7064874888409828,-3.272786,0.9220537792397931,-1.628541268080776,-0.3018701991637926
2022-05-16,423.451,-0.1491425799067336,-0.6893951461367913,-3.2004423,0.9102048303842594,-1.599599976521051,-0.2985311194644874
2022-05-17,416.704,-6.894976112375642,-0.6735683816410408,-3.103122,0.8982689744968481,-1.5718373561378889,-0.295135108866016
2022-05-18,411.219,-12.378730761019275,-0.658985124495073,-3.0319726,0.8862358212761242,-1.5452209457711972,-0.2916811398713987
2022-05-19,419.576,-4.020406928197941,-0.6456215053385953,-2.9804451,0.8740948038253209,-1.519716309163916,-0.2881681730677202
2022-05-20,425.775,2.1799949837279526,-0.6334518934294445,-2.9120588,0.8618351935026672,-1.4952870869321118,-0.2845951597585324
2022-05-21,422.238,-1.3558789843846308,-0.6224489357634252,-2.8312058,0.8494461150563236,-1.4718950508197488,-0.2809610446293798
2022-05-22,424.251,0.6583221136679231,-0.6125835981471478,-2.741773,0.8369165620289502,-1.449500160176098,-0.2772647684429028
2022-05-23,420.029,-3.5625781719488314,-0.603825208174595,-2.6724477,0.8242354124165419,-1.4280606205911368,-0.2735052707599356
2022-05-24,417.408,-6.18239944021795,-0.5961415000560644,-2.6252723,0.8113914445658504,-1.4075329446219147,-0.2696814926829681
2022-05-25,422.049,-1.5401421731985856,-0.5894986612460971,-2.5638874,0.7983733532943771,-1.3878720145404742,-0.2657923796183258
2022-05-26,425.504,1.9161931470500184,-0.5838613808149746,-2.4868004,0.7851697662166157,-1.3690311470315903,-0.2618368840533598
2022-05-27,421.47,-2.117840251174497,-0.5791928995065075,-2.4496467,0.7717692602599147,-1.3509621597664223,-0.2578139683449497
2022-05-28,417.584,-6.003782598088135,-0.5754550614229282,-2.5318925,0.7581603783530846,-1.333615439776013,-0.253722607515576
2022-05-29,425.483,1.8953654060755336,-0.5726083672759801,-2.562807,0.7443316462705771,-1.3169400135465572,-0.2495617920532131
2022-05-30,418.167,-5.420516981514509,-0.5706120291415127,-2.535522,0.7302715896148478,-1.3008836187563606,-0.2453305307112842
2022-05-31,426.438,2.85068631947829,-0.5694240266533165,-2.46341,0.715968750919265,-1.2853927775725815,-0.241027853304903
2022-06-01,421.677,-1.9101980558940743,-0.5690011645703337,-2.3852084,0.7014117068537402,-1.270412871424074,-0.2366528134996373
2022-06-02,424.239,0.6521266331455045,-0.5692991316498859,-2.3052235,0.68658908551504,-1.255888217164926,-0.2322044915890219
2022-06-03,426.723,3.13642281914231,-0.5702725607581753,-2.250813,0.671489583783591,-1.2417621445417664,-0.2276819972570642
2022-06-04,425.25,1.6629837801070746,-0.5718750901479643,-2.3007014,0.6561019847284082,-1.2279770748763723,-0.2230844723219876
2022-06-05,420.686,-2.9015862621976987,-0.574059425832096,-2.5948656,0.6404151750416669,-1.2144746008737628,-0.2184110934574853
2022-06-06,424.056,0.467957864034298,-0.5767774049803474,-2.5532734,0.6244181624842883,-1.2011955674646355,-0.2136610748877676
2022-06-07,428.3080000000001,4.719570618309332,-0.5799800602660237,-2.477547,0.6081000933238551,-1.1880801535898788,-0.2088336710527234
2022-06-08,427.022,3.4332384941877803,-0.5836176850876977,-2.4123368,0.59145026974604,-1.1750679548337375,-0.2039281792395336
2022-06-09,427.899,4.309897733900913,-0.587639899590597,-2.318178,0.5744581672207156,-1.1620980668113128,-0.1989439421771192
2022-06-10,424.764,1.1746638485111789,-0.5919957174112956,-2.2616165,0.5571134518038455,-1.1491091692151412,-0.1938803505898438
2022-06-11,424.152,0.5623149574285167,-0.5966336130686413,-2.255634,0.5394059973562454,-1.1360396104248869,-0.1887368457069308
2022-06-12,426.639,3.0486951376802485,-0.601501589923189,-2.4134877,0.5213259026603034,-1.1228274925834925,-0.1835129217241042
2022-06-13,431.37,7.779176038390604,-0.6065472486268622,-2.3899682,0.5028635084157546,-1.1094107570426166,-0.1782081282140254
2022-06-14,428.862,5.270624455298146,-0.6117178559840631,-2.3600607,0.4840094140956606,-1.0957272700797238,-0.1728220724821337
2022-06-15,433.072,9.48014489501742,-0.6169604141451049,-2.3057923,0.4647544946437852,-1.0817149087888902,-0.1673544218645818
2022-06-16,430.717,7.124610576007978,-0.6222217300525232,-2.244632,0.4450899169946434,-1.0673116470471666,-0.1618049059650105
2022-06-17,430.161,6.567425871796694,-0.6274484850606104,-2.2139482,0.4250071563976012,-1.0524556414582116,-0.1561733188269747
2022-06-18,428.666,5.071089460436276,-0.6325873046484584,-2.1712327,0.4044980125265121,-1.0370853171749703,-0.1504595210389188
2022-06-19,424.578,0.9817471161329704,-0.637584828146696,-2.10894,0.3835546253565148,-1.0211394535032108,-0.144663441768662
2022-06-20,429.164,5.566062659631054,-0.6423877783982572,-2.0313997,0.3621694907897825,-1.0045572691880398,-0.1387850807244415
2022-06-21,416.287,-7.312584572435949,-0.6469430312736086,-1.9522246,0.3403354760121785,-0.9872785072857873,-0.1328245100396531
2022-06-22,419.807,-3.79408770492133,-0.6511976849611608,-1.8784777,0.318045834562969,-0.9692435195241298,-0.1267818760785046
2022-06-23,423.8970000000001,0.2946033804541832,-0.6550991289539121,-1.7998818,0.2952942210999772,-0.9503933500538894,-0.1206574011599002
2022-06-24,426.224,2.620460652049498,-0.6585951126538064,-1.7106531,0.2720747058427577,-0.9306698184965642,-0.1144513851969615
2022-06-25,425.372,1.7673860236282437,-0.6616338135157926,-1.6208822,0.2483817886766718,-0.9100156021924646,-0.108164207249698
2022-06-26,421.02,-2.586075717898439,-0.6641639046542054,-1.532951,0.2242104129009847,-0.8883743175551901,-0.101796326988434
2022-06-27,423.266,-0.3412758099924633,-0.666134621834752,-1.432874,0.1995559786043874,-0.8656906004391394,-0.0953482860657083
2022-06-28,423.778,0.1697368357183233,-0.6674958297761986,-1.3465829,0.1744143556516981,-0.8419101854278968,-0.0888207093944707
2022-06-29,426.495,2.8857070092013477,-0.6681980876866918,-1.296379,0.1487818962657748,-0.8169799839524666,-0.0822143063305105
2022-06-30,421.568,-2.042320716610695,-0.6681927139606079,-1.2330794,0.1226554471890486,-0.7908481611496565,-0.075529871757161
2022-07-01,423.951,0.3394650970801409,-0.6674318499628696,-1.1697079,0.0960323614094361,-0.7634642113723058,-0.0687682870704513
2022-07-02,432.367,8.754220087302361,-0.6658685228287653,-1.1171051,0.0689105094357726,-0.734779032264538,-0.061930521062979
2022-07-03,425.952,2.3380553380558,-0.6634567072085101,-1.0728732,0.041288290108296,-0.7047449973168062,-0.0550176307049148
2022-07-04,426.989,3.3737970492764178,-0.6601513858870603,-1.0626929,0.0131646409301425,-0.6733160268172029,-0.0480307618206626
2022-07-05,422.9570000000001,-0.6597227572152651,-0.6559086092110543,-1.0620983,-0.0154609520937793,-0.6404476571172749,-0.0409711496598225
2022-07-06,420.911,-2.7073522375404733,-0.6506855532561591,-1.0207677,-0.0445884451237101,-0.6060971081324489,-0.0338401193612419
2022-07-07,427.046,3.4262116694306743,-0.644440576669628,-0.9756676,-0.0742172276704719,-0.5702233489991559,-0.026639086309054
2022-07-08,419.141,-4.480032692506557,-0.6371332761244278,-0.9117852,-0.1043461143116557,-0.5327871618127721,-0.0193695563797442
2022-07-09,419.271,-4.350910896970763,-0.6287245403229684,-0.8417807,-0.134973336950324,-0.4937512033726444,-0.0120331260794082
2022-07-10,424.116,0.4938627358883689,-0.6191766024901169,-0.7890415,-0.1660965376274668,-0.45308006486265,-0.004631482570507
2022-07-11,420.616,-3.0065171181024346,-0.6084530912970503,-0.72185224,-0.1977127618989622,-0.4107403293980881,0.0028335964124548
2022-07-12,427.411,3.7883096175982014,-0.5965190801592527,-0.65091616,-0.2298184527872282,-0.3667006273720244,0.010360242758757
2022-07-13,426.545,2.9222648903234885,-0.5833411348539379,-0.58195984,-0.2624094453172433,-0.3209316895366945,0.0179464982890906
2022-07-14,421.159,-2.463626914964697,-0.5688873594040987,-0.522385,-0.2954809616460355,-0.2734063977580632,0.0255903151751547
2022-07-15,419.516,-4.106352666814791,-0.55312744017841,-0.47580853,-0.329027606794189,-0.2240998333842209,0.0332895564712404
2022-07-16,418.108,-5.513864430801269,-0.5360326881583378,-0.43540293,-0.3630433649873235,-0.1729893231710143,0.0410419967576973
2022-07-17,419.586,-4.035064068475089,-0.5175760793258681,-0.38259834,-0.397521596614947,-0.120054482710921,0.0488453228960324
2022-07-18,427.132,3.5124043080796183,-0.4977322931274862,-0.33237302,-0.4324550358134453,-0.0652772573140408,0.0566971348952598
2022-07-19,417.189,-6.429758066615683,-0.4764777489722674,-0.27606297,-0.4678357886793929,-0.0086419602928745,0.0645949468889805
2022-07-20,420.408,-3.2097198860349487,-0.4537906407242074,-0.21069285,-0.5036553321187595,0.049864691394552,0.0725361882225435
2022-07-21,422.738,-0.878482814469149,-0.4296509691512201,-0.1495509,-0.5399045133369358,0.1102535441857156,0.0805182046494923
2022-07-22,426.971,3.356033839468263,-0.4040405722955993,-0.100016296,-0.5765735499739054,0.1725329776783061,0.0885382596363767
2022-07-23,425.956,2.342537985122297,-0.3769431537331273,-0.04824869,-0.6136520308882394,0.236708877155112,0.0965935357748742
2022-07-24,424.551,0.9384484427817404,-0.3483443086904492,-0.010720421,-0.6511289175929331,0.3027846089024839,0.1046811363000349
2022-07-25,418.721,-4.890509513656268,-0.3182315479927671,0.012887774,-0.688992546345498,0.3707609983527308,0.1127980867133217
2022-07-26,420.273,-3.337247932142331,-0.2865943198163905,0.05379563,-0.7272306308940113,0.4406363110776207,0.1209413365090114
2022-07-27,423.751,0.1427056580787415,-0.2534240292232287,0.099861234,-0.765830265880239,0.5124062366570101,0.1291077610023672
2022-07-28,425.504,1.8976047764310209,-0.2187140554567753,0.13003466,-0.8047779309002188,0.5860638754434435,0.1372941632578895
2022-07-29,426.25,2.6452212706855134,-0.1824597669817634,0.1523241,-0.844059495222084,0.6615997282403205,0.1454972761158137
2022-07-30,417.7,-5.903132329094179,-0.1446585342521743,0.17963174,-0.8836602231601995,0.7390016889080252,0.1537137643149119
2022-07-31,427.983,4.381803665410574,-0.1053097401948726,0.20741706,-0.9235647801040664,0.8182550399091937,0.1619402267095214
2022-08-01,425.483,1.8838617285519563,-0.0644147883988046,0.23166199,-0.9637572391997192,0.8993424508009147,0.1701731985786261
2022-08-02,433.666,10.069088985001262,-0.0219771090021444,0.24075201,-1.0042210886807454,0.982243979678601,0.1784091540246792
2022-08-03,426.577,2.9821932226936445,0.0219978377274037,0.27454996,-1.044939239845328,1.0669370775727316,0.1866445084597618
2022-08-04,426.505,2.9115018768061685,0.0675025601215952,0.30891803,-1.08589403567509,1.1533965957966854,0.1948756211765477
2022-08-05,420.05,-3.542065832522965,0.114527536149528,0.3257306,-1.127067260090846,1.2415947962403742,0.2030987980014548
2022-08-06,427.307,3.717604682700995,0.163061216761589,0.34922573,-1.1684401478396933,1.3315013646012823,0.2113102940272364
2022-08-07,428.475,4.887307025228155,0.2130900315339395,0.38787982,-1.2099933950072292,1.4230834265411687,0.2195063164221901
2022-08-08,422.761,-0.824761585009492,0.2645983966055112,0.42262706,-1.2517071701480402,1.5163055667535514,0.2276830273130513
2022-08-09,415.088,-8.495427227040558,0.3175687248968439,0.45885473,-1.293561126026948,1.611129850923792,0.2358365467385387
2022-08-10,419.578,-4.001743402107268,0.3719814385976074,0.48474747,-1.3355344119628407,1.7075158505604482,0.2439629556704456
2022-08-11,421.587,-1.9885095311895975,0.4278149839070532,0.5149628,-1.3776056867663384,1.805420670673392,0.252058299099074
2022-08-12,419.541,-4.030083489001621,0.4850458480091966,0.551987,-1.4197531322618349,1.9047989802710317,0.2601185891797195
2022-08-13,424.18,0.6135774461048946,0.543648578261981,0.5851918,-1.461954467383903,2.005603045645884,0.2681398084368538
2022-08-14,423.071,-0.4909057876704819,0.6035958035772732,0.6155628,-1.5041869628374096,2.1077827664146827,0.276117913022559
2022-08-15,427.2000000000001,3.642714525818624,0.6648582579660498,0.62785155,-1.5464274563100782,2.211285714276128,0.2840488360257036
2022-08-16,427.506,3.952633102252089,0.727404806220805,0.6443214,-1.5886523682256606,2.316057174446465,0.2919284908282897
2022-08-17,426.22,2.6707276186734634,0.7912024717047887,0.6583263,-1.630837718025273,2.422040189730062,0.2997527745053246
2022-08-18,432.854,9.309039387413064,0.8562164662154146,0.68093556,-1.6729591409639055,2.52917560717932,0.3075175712645255
2022-08-19,423.184,-0.3564337073716235,0.9224102218868524,0.7147075,-1.7149919054085234,2.637402127295376,0.3152187559220968
2022-08-20,420.663,-2.872649147067151,0.9897454250946188,0.7387958,-1.756910930623652,2.7466563557182706,0.3228521974107918
2022-08-21,423.905,0.3742516722081985,1.0581820523227596,0.76326394,-1.798690805029782,2.856872857352542,0.3304137623163987
2022-08-22,423.248,-0.2779301362340738,1.1276784079521194,0.78753877,-1.8403058049194223,2.9679842128715417,0.3378993184387714
2022-08-23,421.712,-1.808192498002472,1.1981911639260368,0.80112654,-1.8817299136151049,3.0799210775411416,0.3453047383734838
2022-08-24,429.99,6.47579887189136,1.2696754012478222,0.82201034,-1.922936841053163,3.192612242300985,0.3526259031101468
2022-08-25,425.821,2.313021283697236,1.3420846532623816,0.8412768,-1.9639000437765983,3.30598469703898,0.3598587056434148
2022-08-26,426.998,3.495998357298007,1.415370950672392,0.863017,-2.0045927453199277,3.419963695992319,0.366999054592673
2022-08-27,426.741,3.245225890905986,1.4894848682376296,0.8779929,-2.044987956968403,3.5344728252060325,0.3740428778263943
2022-08-28,423.642,0.1527017428618733,1.5643755731041686,0.889219,-2.0850584988736056,3.6494340719777743,0.3809861260871238
2022-08-29,431.175,7.692423771506316,1.6399908747085172,0.9146725,-2.124777021506953,3.764767896215471,0.3878247766130624
2022-08-30,426.639,3.163389835180181,1.7162772762000185,0.93552244,-2.1641160274323363,3.8803933036323546,0.3945548367522007
2022-08-31,426.138,2.669597792224049,1.793180027323243,0.95614314,-2.2030478933785917,3.996227920701834,0.401172347564972
2022-09-01,426.122,2.6610455009786285,1.8706431787006264,0.98163754,-2.2415448925923207,4.112188071292947,0.4076733874113808
2022-09-02,418.879,-4.574591582630357,1.9486096374540371,1.0150831,-2.279579217451058,4.228188854905095,0.4140540755185992
2022-09-03,422.048,-1.3976514363497792,2.0270212241026675,1.0397811,-2.3171230023165843,4.344144226419251,0.4203105755250224
2022-09-04,427.375,3.9378856902391792,2.1058187306732266,1.0522255,-2.354148346607796,4.459967077281022,0.4264390989967975
2022-09-05,428.891,5.462664113932661,2.184941979957257,1.068013,-2.3906273380723246,4.575569318029581,0.4324359089128826
2022-09-06,431.606,8.186681748436726,2.2643298858491567,1.0946853,-2.4265320762357563,4.690861962084913,0.438297323114694
2022-09-07,425.553,2.1429365074575744,2.3439205146974484,1.1111554,-2.4618346960071364,4.805755210704585,0.444019717716475
2022-09-08,424.749,1.3484263047012632,2.4236511476007703,1.1200241,-2.4965073914191387,4.9201585390199085,0.4495995304725172
2022-09-09,431.088,7.697149053874039,2.50345834357922,1.1148565,-2.530522439481152,5.033980783060372,0.4550332640974474
2022-09-10,436.662,13.281102668681845,2.583278003550689,1.1290091,-2.56385222412328,5.147130227673969,0.4603174895358168
2022-09-11,433.563,10.192285062830951,2.663045435041248,1.1505896,-2.5964692602091604,5.259514695250408,0.4654488491773016
2022-09-12,423.5,0.1396941500274304,2.742695417557726,1.1535137,-2.628346217595298,5.371041635153024,0.4704240600138684
2022-09-13,430.999,7.649327843977423,2.8221622685502603,1.1597701,-2.6594559452145536,5.481618213764814,0.4752399167353309
2022-09-14,425.615,2.276184058386997,2.9013799098918542,1.171775,-2.6897714951612848,5.59115140505314,0.4798932947597857
2022-09-15,429.332,6.004260706962374,2.980281934801699,1.1984215,-2.7192661467555856,5.6995480815572845,0.4843811531954918
2022-09-16,430.329,7.012555703409598,3.0588016751385805,1.224556,-2.7479134305640254,5.806715105702606,0.4887005377308304
2022-09-17,426.927,3.622066961434815,3.136872268990449,1.238649,-2.775687152354226,5.912559421344675,0.4928485834490592
2022-09-18,431.257,7.963792394744122,3.214426728486027,1.1283268,-2.802561416960662,6.016988145446689,0.4968225175646668
2022-09-19,421.523,-1.758270082956349,3.291398007754268,1.0731609,-2.828510652039021,6.119908659793289,0.5006196620782148
2022-09-20,430.239,6.969881683136245,3.367719070957389,1.0165405,-2.8535096316865523,6.221228702643941,0.5042374363466436
2022-09-21,424.7600000000001,1.5032414808785854,3.4433229603233686,0.990726,-2.8775334999058844,6.320856460229253,0.5076733595661247
2022-09-22,425.544,2.299807224604648,3.518142864103837,1.0070436,-2.900557793889818,6.418700657993655,0.5109250531646266
2022-09-23,434.386,11.154576828648796,3.592112184383637,1.0534035,-2.9225584671048086,6.514670651488446,0.5139902431014702
2022-09-24,422.741,-0.4774517926548172,3.665164604668553,1.107815,-2.943511912150899,6.608676516819452,0.5168667620712628
2022-09-25,423.787,0.5818442444876823,3.737234157178166,1.1559176,-2.9633949833760145,6.700629140554181,0.5195525516096879
2022-09-26,423.814,0.6223412808599051,3.808255289771256,1.1918185,-2.982185019222789,6.790440308994044,0.5220456640987622
2022-09-27,427.209,4.031037249302459,3.878162932431735,1.2252717,-2.999859864286166,6.8780227967179,0.5243442646692715
2022-09-28,427.343,4.178930082655702,3.9468925632437495,1.2503561,-3.016397891060346,6.963290454304095,0.5264466329982157
2022-09-29,423.156,0.006017713760241,4.014380273785287,1.2640768,-3.031778021353798,7.046158295139085,0.5283511649992194
2022-09-30,426.33,3.19455573590191,4.080562833870463,1.2885541,-3.0459797473513857,7.126542581221848,0.530056374403981
2022-10-01,430.491,7.370291423118327,4.145377755571509,1.2996724,-3.058983152302896,7.204360907874405,0.5315608942329618
2022-10-02,434.7480000000001,11.64222274640617,4.208763356452458,1.3248063,-3.0707689308175743,7.279532287270032,0.5328634781536341
2022-10-03,424.34,1.2493476767618197,4.270658821947554,1.349475,-3.0813184087445973,7.351977230692151,0.5339630017247591
2022-10-04,425.378,2.3024065247367544,4.33100426681848,1.3721814,-3.090613562619744,7.421617829438224,0.5348584635252603
2022-10-05,423.098,0.0376479201302215,4.389740795625758,1.3983804,-3.098637038658908,7.488377834284666,0.5355489861664288
2022-10-06,423.414,0.3693274562281443,4.44681056215079,1.4381697,-3.1053721712794724,7.5521827334302625,0.5360338171863025
2022-10-07,423.45,0.4208700046530746,4.502156827706484,1.4708991,-3.110803001130944,7.612959828837428,0.536312329825212
2022-10-08,429.757,6.743604844960816,4.555724018275638,1.4938184,-3.114914292616714,7.670638310892352,0.5363840236816154
2022-10-09,424.697,1.699529899078133,4.607457780417808,1.5161732,-3.1176915508892176,7.725149331307025,0.5362485252474856
2022-10-10,432.28,9.298643088931996,4.65730503588684,1.5356876,-3.119121038301228,7.776426074188068,0.5359055883226548
2022-10-11,424.313,1.347942336449396,4.705214034902887,1.5573823,-3.119189790296521,7.824403825199408,0.5353550943076466
2022-10-12,429.507,6.558425563557203,4.751134408024215,1.5703921,-3.117885630723588,7.869020038747802,0.5345970523746906
2022-10-13,431.759,8.827090692182331,4.795017216566011,1.5733929,-3.115197186556669,7.91021440312268,0.5336315995167293
2022-10-14,437.086,14.170930777664422,4.836815001514965,1.6021477,-3.111113902008801,7.947928903523765,0.5324590004743849
2022-10-15,436.439,13.540948742953908,4.876481830890258,1.6197815,-3.1056260520222247,7.982107882912483,0.5310796475409825
2022-10-16,436.065,13.1841425092368,4.913973345503499,1.6237103,-3.098724755121961,8.01269810062546,0.5294940602458829
2022-10-17,429.915,7.051509997699399,4.949246803071958,1.636587,-3.0904019856190152,8.039648788690974,0.5277028849164969
2022-10-18,430.304,7.458049129528038,4.982261120641419,1.6665591,-3.080650585150185,8.062911705791604,0.5257068941195125
2022-10-19,436.972,14.143757825908835,5.012976915277037,1.6921915,-3.0694642735421214,8.082441188819159,0.5235069859819906
2022-10-20,435.503,12.692634008027907,5.041356542982473,1.7207032,-3.056837658987841,8.098194201970314,0.5211041833931381
2022-10-21,433.169,10.376491934816023,5.067364135809829,1.728189,-3.0427662475245656,8.110130383334393,0.5184996330876882
2022-10-22,424.975,2.200260602812492,5.0909656371247936,1.6099998,-3.0272464518023523,8.118212088927146,0.5156946046119684
2022-10-23,431.95,9.193063594593443,5.1121288349938325,1.5904715,-3.010275599133692,8.122404434127525,0.512690489173864
2022-10-24,429.49,6.751020338785977,5.130823393662104,1.5220839,-2.991851938814835,8.12267533247694,0.5094887983780189
2022-10-25,426.856,4.135128671960469,5.147020883093297,1.5038612,-2.9719746487103547,8.118995531803652,0.5060911628477492
2022-10-26,427.139,4.4363864306873975,5.160694806544584,1.4607923,-2.9506438410930733,8.111338647637657,0.5024993307352815
2022-10-27,430.879,8.19462402647983,5.171820626152263,1.4404866,-2.927860567732186,8.099681193884448,0.4987151661220363
2022-10-28,433.424,10.75801134596702,5.180375786505877,1.4375424,-2.903626824223135,8.084002610729012,0.4947406473108306
2022-10-29,427.356,4.708546200237382,5.186339736190943,1.4340465,-2.8779455535534515,8.064285289744394,0.4905778650119755
2022-10-30,434.183,11.55421777394324,5.189693947282675,1.4034346,-2.850820648899516,8.04051459618219,0.4862290204253728
2022-10-31,434.793,12.183032742908232,5.1904219327754335,1.3868674,-2.8222569556498924,8.012678888425325,0.4816964232208415
2022-11-01,435.884,13.2929889169076,5.188509261934985,1.1581308,-2.7922602726516184,7.980769534586603,0.4769824894190114
2022-11-02,430.49,7.918084105716749,5.183943573562956,1.0516727,-2.7608373526765484,7.944780926239504,0.4720897391752346
2022-11-03,431.078,8.524877811065673,5.176714587165242,1.0304977,-2.7279959021055893,7.904710489270831,0.4670207944690843
2022-11-04,427.149,4.614818258732125,5.166814112018463,0.89584726,-2.693744579829373,7.860558691847837,0.4617783767021113
2022-11-05,438.269,15.753903191781047,5.15423605413088,0.49353725,-2.6580929953646684,7.812329049495549,0.4563653042066356
2022-11-06,430.166,7.670130353277256,5.1389764210966,0.38162118,-2.62105170618656,7.76002812728316,0.4507844896684441
2022-11-07,424.227,1.750493245189007,5.121033324844135,0.0005877727,-2.582632214277149,7.703665539121284,0.4450389374663782
2022-11-08,429.631,7.17399373643048,5.100406982282818,-0.25114703,-2.5428469618922724,7.643253944175091,0.4391317409318683
2022-11-09,432.795,10.357266150840667,5.077099713852768,-0.32886314,-2.501709326548461,7.578809040401229,0.4330660795315842
2022-11-10,426.392,3.973661773948959,5.05111593998652,-0.32779196,-2.459233615233116,7.510349555219635,0.4268452159764346
2022-11-11,427.519,5.120178294374669,5.022462175492644,-0.3353941,-2.4154350578415653,7.43789723333421,0.4204724932602519
2022-11-12,424.146,1.7668134007370495,4.991147021873975,-0.38465494,-2.37032979984544,7.361476821719416,0.4139513316315557
2022-11-13,425.77,3.4105647816554554,4.957181157595288,-0.3585649,-2.323934894197488,7.281116051792775,0.4072852255018844
2022-11-14,419.864,-2.475723824493954,4.920577326317517,-0.3362938,-2.2762682924786866,7.196845618796203,0.4004777402942385
2022-11-15,424.533,2.2130950377207883,4.881350323117781,-0.29637742,-2.2273488352942388,7.108699158412019,0.3935325092352405
2022-11-16,420.056,-2.2441356744856065,4.839516978716624,-0.25160456,-2.177196241925689,7.016713220642313,0.386453230094706
2022-11-17,418.224,-4.056113082116567,4.795096141736074,-0.2189794,-2.1258310992471703,6.920927240983244,0.3792436618763389
2022-11-18,424.723,2.463448261215889,4.748108659014125,-0.18343706,-2.0732748499144296,6.821383508928555,0.3719076214633403
2022-11-19,420.111,-2.128059103276112,4.698577354003391,-0.1500551,-2.019549779835977,6.718127133839369,0.3644489802227674
2022-11-20,418.363,-3.8553322298854655,4.646527003283679,-0.12317101,-1.964679004936403,6.611206008220082,0.356871660572512
2022-11-21,421.991,-0.2065152871232145,4.591984311220148,-0.09314474,-1.908686457222531,6.50067076844268,0.349179632514807
2022-11-22,422.112,-0.0644740833853392,4.534977882800783,-0.09078957,-1.8515968701637768,6.38657475296456,0.3413769101402154
2022-11-23,420.91,-1.2454266763518862,4.475538194688656,-0.0719185,-1.7934357633986815,6.268973958087337,0.3334675481060675
2022-11-24,422.045,-0.0897301583662892,4.4136975645264105,-0.0730727,-1.7342294267802614,6.147926991306672,0.3254556380933519
2022-11-25,422.791,0.6770776444649851,4.34949011853214,-0.07639007,-1.67400490377341,6.02349502230555,0.3173453052460702
2022-11-26,431.122,9.02899440580945,4.282951757427568,-0.1055683,-1.612789974218212,5.89574173164578,0.3091407045970941
2022-11-27,424.464,2.3920135582378506,4.214120120741178,-0.12246736,-1.5506131364736078,5.764733257214786,0.3008460174845575
2022-11-28,428.788,6.736604320016349,4.1430345495305145,-0.17585284,-1.4875035889564523,5.630538138486967,0.2924654479628339
2022-11-29,426.773,4.742137792687932,4.069736047569498,-0.16668278,-1.4234912110915514,5.49322725866105,0.2840032192121418
2022-11-30,439.369,17.35860662793406,3.994267241048096,-0.29208392,-1.358606543688824,5.35287378473692,0.2754635699508156
2022-12-01,429.625,7.635158901000571,3.916672336833144,-0.77756274,-1.2928807687642785,5.209553105597423,0.2668507508542708
2022-12-02,429.439,7.469701989618851,3.836997079340561,-0.77838594,-1.2263456888219997,5.063342768162561,0.2581690209846765
2022-12-03,418.918,-3.030678838680985,3.755288706070424,-0.7864575,-1.1590337056148443,4.914322411685268,0.2494226442353257
2022-12-04,433.048,11.12027328320397,3.671595901857795,-1.0026414,-1.0909777984020457,4.762573700259841,0.2406158857936765
2022-12-05,432.775,10.868204164234507,3.5859687518932404,-1.1767267,-1.0222115017223663,4.608180253615607,0.2317530086269957
2022-12-06,425.86,3.9738946494603455,3.4984586935682427,-1.1854343,-0.952768882701918,4.451227576270161,0.2228382699945075
2022-12-07,423.033,1.1674975913010832,3.4091184672017065,-1.1827495,-0.8826845179161752,4.291802985117882,0.2138759179899227
2022-12-08,423.727,1.8822884423295536,3.3180020657047677,-1.3612789,-0.8119934698261252,4.129995535530893,0.2048701881181514
2022-12-09,424.542,2.7181276421803666,3.225164683242082,-1.4553773,-0.7407312628088993,3.965895946050981,0.1958252999099811
2022-12-10,432.671,10.867843543276754,3.130662662948611,-2.0500777,-0.6689338588035877,3.799596521752199,0.1867454535784368
2022-12-11,428.575,6.792168020232197,3.034553443761677,-2.2779965,-0.596637632593298,3.631191076354975,0.1776348267204829
2022-12-12,421.713,-0.0495021758721803,2.9368955064288365,-2.3089812,-0.5238793467448519,3.4607748531736884,0.1684975710676577
2022-12-13,425.307,3.564918434002766,2.8377483187527344,-2.3099098,-0.4506961262278132,3.288444444980548,0.1593378092891871
2022-12-14,420.44,-1.2816161552950167,2.7371722801346623,-2.306167,-0.3771254327348422,3.1142977128695044,0.1501596318510258
2022-12-15,414.579,-7.121663189599392,2.635228665479069,-2.2931933,-0.303205038725628,2.938433704204697,0.1409670939342108
2022-12-16,416.942,-4.73754857299077,2.5319795685216726,-2.2513974,-0.2289730012168971,2.7609525697385697,0.1317642124158479
2022-12-17,423.333,1.6748009354029565,2.4274878446442014,-2.2101188,-0.1544676353412254,2.5819554799854267,0.1225549629159409
2022-12-18,422.683,1.046000247744051,2.321817053239019,-2.1700096,-0.0797274876975739,2.401544540936593,0.1133432769132023
2022-12-19,424.061,2.445240801436339,2.215031399687136,-2.1272488,-0.0047913095166499,2.219822709203786,0.1041330389329025
2022-12-20,423.078,1.483410199520563,2.1071956770132365,-2.1532896,0.0703019703356484,2.036893706677588,0.094928083809694
2022-12-21,417.233,-4.340381113668365,1.9983752072813503,-2.1779873,0.1455132724933133,1.8528619347880373,0.0857321940282771
2022-12-22,411.239,-10.313045479126338,1.8886357827948412,-2.1583405,0.2208033943403406,1.6678323884545008,0.0765490971446509
2022-12-23,421.333,-0.1974112969658472,1.778043607164265,-2.2153916,0.2961330373522788,1.481910569811986,0.0673824632906031
2022-12-24,421.915,0.4062609775246744,1.6666652363064458,-2.263535,0.3714628345055757,1.29520240180087,0.0582359027639765
2022-12-25,423.309,1.8223736470594247,1.554567519437971,-2.273202,0.4467533777310243,1.1078141417069465,0.0491129637071409
2022-12-26,422.319,0.8543760925311734,1.4418175401258655,-2.3476884,0.5219652453875999,0.9198522947382658,0.0400171298759853
2022-12-27,426.165,4.722428064421106,1.328482557457955,-3.3084083,0.5970590297329939,0.7314235277249612,0.0309518185016351
2022-12-28,421.077,-0.3439308248885013,1.2146299473948592,-3.385275,0.6719953643671636,0.5426345830276956,0.0219203782469629
2022-12-29,420.753,-0.6462574768305427,1.1003271443651184,-3.5178611,0.7467349516252746,0.3535921927398437,0.0129260872598634
2022-12-30,427.699,6.321698783881958,0.9856415831642924,-4.348375,0.821238589896509,0.1644029932677833,0.0039721513251177
2022-12-31,425.258,3.902242438715197,0.8706406412182736,-4.6338577,0.8954672008452539,-0.0248265596269803,-0.0049382978834395
2023-01-01,415.818,-5.516242848326734,0.7553915812702657,-4.641614,0.9693818565113878,-0.213990275241122,-0.0138022044488732
2023-01-02,415.853,-5.459497009057333,0.639961494550143,-4.6276836,1.0429438062664411,-0.4029823117162981,-0.0226165897537679
2023-01-03,419.179,-2.1115752412691875,0.5244172444839822,-4.602802,1.1161145036026374,-0.5916972591186552,-0.0313785539182011
2023-01-04,428.414,7.145467710273628,0.4088254110007137,-4.723235,1.188855632731974,-0.7800302217312602,-0.040085277131877
2023-01-05,426.221,4.974516432163146,0.293252235491761,-5.2317834,1.2611291349727232,-0.967876899480962,-0.0487340208793784
2023-01-06,421.573,0.3485656857793531,0.1777635664785962,-5.232175,1.3328972349009651,-1.155133668422369,-0.0573221290576135
2023-01-07,425.891,4.6886157181005474,0.0624248060419185,-5.4114356,1.4041224662450258,-1.3416976602031072,-0.065847028984682
2023-01-08,422.905,1.7245121426456238,-0.0526991429348784,-5.744232,1.4747676975009412,-1.5274668404358196,-0.0743062322995267
2023-01-09,419.92,-1.2385996994895256,-0.1675439286566012,-6.046499,1.5447961572474096,-1.7123400859040108,-0.0826973357518515
2023-01-10,419.632,-1.504722289256592,-0.2820458013913947,-6.196453,1.61417145913896,-1.8962172605303549,-0.091018021881958
2023-01-11,425.362,4.247141892392904,-0.3961416634813152,-6.3406367,1.6828576265564414,-2.0789992900377565,-0.0992660595902665
2023-01-12,417.07,-4.0230998055285285,-0.509769118340937,-6.3982,1.7508191168942744,-2.260588235235211,-0.107439304596439
2023-01-13,418.823,-2.248173453665717,-0.62286651839801,-6.6536517,1.8180208454642892,-2.4408873638622994,-0.1155356997881547
2023-01-14,417.339,-3.7101062866599337,-0.7353730119316243,-7.032012,1.8844282089963604,-2.6198012209279846,-0.1235532754597361
2023-01-15,417.423,-3.6038013726252895,-0.8472285887649174,-7.1131697,1.9500071087164872,-2.7972356974814048,-0.1314901494409494
2023-01-16,418.309,-2.6955419324036805,-0.9583741247708408,-7.0546036,2.014723972983364,-2.973098097754205,-0.1393445271164536
2023-01-17,421.746,0.7636696357518163,-1.068751425151178,-6.915618,2.0785457794649758,-3.1472972046161534,-0.1471147013365037
2023-01-18,414.788,-6.172442299538363,-1.1783032664505917,-6.962566,2.1414400768371817,-3.319743343287773,-0.1547990522196531
2023-01-19,421.186,0.2474006444752691,-1.286973437269174,-6.8862185,2.203375005986781,-3.490348443255955,-0.1623960468483264
2023-01-20,410.372,-10.544973134699507,-1.3947067776387003,-6.729248,2.2643193207019934,-3.6590260983406937,-0.1699042388582865
2023-01-21,408.868,-12.027223078594876,-1.5014492170294873,-6.599014,2.324242407833873,-3.82569162486336,-0.1773222679231338
2023-01-22,419.705,-1.1682522553248311,-1.607147810956573,-6.473536,2.3831143069126544,-3.990262117869228,-0.18464885913512
2023-01-23,414.138,-6.713343885731196,-1.7117507761557116,-6.3472266,2.440905729203595,-4.152656505359307,-0.1918828222836733
2023-01-24,414.609,-6.2203176395139375,-1.815207524301509,-6.230755,2.4975880761874456,-4.312795600488954,-0.1990230510331891
2023-01-25,409.318,-11.489363691229563,-1.917468694241878,-6.1169295,2.5531334574512377,-4.470602151693115,-0.2060685220017242
2023-01-26,413.644,-7.1410461032748,-2.018486182724849,-5.994888,2.607514707975674,-4.626000890700523,-0.2130182937423941
2023-01-27,410.453,-10.30964161060065,-2.118213173595676,-5.8969064,2.660705404806015,-4.778918578401691,-0.2198715056293709
2023-01-28,414.739,-6.001144902889886,-2.2166041654440787,-5.7925496,2.71267988309394,-4.929284048538018,-0.2266273766505101
2023-01-29,408.785,-11.93275199390082,-2.3136149976833797,-5.7019057,2.7634132514985112,-5.0770282491818906,-0.2332852041087407
2023-01-30,427.766,7.070534868124238,-2.409202875045205,-5.5812497,2.8128814069349923,-5.222084281980198,-0.2398443622344784
2023-01-31,413.406,-7.267731896202331,-2.503326390475407,-5.4809275,2.861061048660889,-5.364387439136296,-0.2463043007114186
2023-02-01,423.988,3.335878694632671,-2.595945546418746,-5.387348,2.90792969168928,-5.5038752381080265,-0.2526645431181838
2023-02-02,416.793,-3.837680308016254,-2.6870217744818907,-5.2967176,2.9534656795201166,-5.640487454002008,-0.2589246852883999
2023-02-03,421.975,1.3666508842999587,-2.7765179534661666,-5.303907,2.9976481961808736,-5.774166149647041,-0.2650843935918749
2023-02-04,417.686,-2.900176870655597,-2.864398425763519,-5.2453694,3.040457277568564,-5.904855703332083,-0.2711434031396517
2023-02-05,425.372,4.807860889871892,-2.9506290121110403,-5.525487,3.081873822085879,-6.032502834196919,-0.277101515915807
2023-02-06,410.163,-10.379278688786826,-3.0351770247013814,-5.475149,3.121879600564801,-6.157056625266183,-0.2829585988389432
2023-02-07,407.921,-12.599281557609828,-3.118011278648306,-5.4256263,3.160457265471841,-6.278468544120147,-0.2887145817564239
2023-02-08,410.944,-9.554295776511124,-3.199102101808552,-5.351465,3.1975903593896438,-6.396692461198195,-0.2943694553744706
2023-02-09,407.674,-12.802024243200831,-3.27842134296311,-5.2748814,3.2332633227704517,-6.511684665733561,-0.2999232691273305
2023-02-10,423.288,2.834049203222228,-3.3559423783628928,-5.219643,3.267461500957645,-6.623403879320538,-0.3053761289887818
2023-02-11,421.112,0.6794537451914298,-3.431640116645661,-5.1868653,3.3001711504721998,-6.731811267117861,-0.3107281952293331
2023-02-12,417.796,-2.615483295527091,-3.505491002132977,-5.112134,3.331379444561664,-6.8368704466946415,-0.315979680122523
2023-02-13,416.94,-3.450607397254928,-3.577473016517713,-5.072933,3.361074478009973,-6.938547494527686,-0.3211308456037904
2023-02-14,420.603,0.2332317284358785,-3.64756567895454,-5.1127157,3.389245271207048,-7.0368109501615885,-0.3261820008854537
2023-02-15,413.542,-6.807080013579757,-3.7157500445675913,-5.047963,3.4158817734779108,-7.131631818045502,-0.3311335000313691
2023-02-16,416.121,-4.207576982997401,-3.7820087013912342,-4.9808064,3.4409748656716967,-7.222983567062931,-0.3359857394949078
2023-02-17,409.838,-10.470272727908831,-3.846325765761652,-4.8962727,3.464516362011656,-7.3108421277733076,-0.3407391556239138
2023-02-18,417.692,-2.5957116900160404,-3.908686876178628,-4.8090596,3.4864990112079357,-7.395185887386564,-0.3453942221363625
2023-02-19,412.875,-7.392223298247969,-3.969079185658612,-4.73494,3.5069164968356104,-7.475995682494222,-0.34995144757045
2023-02-20,416.309,-3.937722248122133,-4.027491352601741,-4.672213,3.5257634369811406,-7.553254789582882,-0.3544113727129013
2023-02-21,418.583,-1.6433379997840882,-4.083913530197157,-4.7272315,3.543035383161081,-7.626948913358238,-0.3587745680092747
2023-02-22,424.107,3.9013369141087137,-4.138337354392449,-4.813016,3.5587288185175723,-7.697066172910021,-0.3630416309600923
2023-02-23,409.589,-10.59674108854191,-4.1907559304546,-4.893568,3.5728411552957886,-7.763597085750389,-0.3672131835066091
2023-02-24,408.816,-11.350057987924414,-4.241163818151337,-5.070388,3.5853707316092,-7.826534549760537,-0.3712898694100721
2023-02-25,410.918,-9.228615723799294,-4.289557015583106,-5.088376,3.596316807499125,-7.885873823082231,-0.3752723516283003
2023-02-26,415.195,-4.93233580611769,-4.3359329416974095,-5.240618,3.60567956029574,-7.941612501993149,-0.3791613096934227
2023-02-27,423.234,3.1258372620609576,-4.380290417518486,-5.507902,3.6134600792882914,-7.993750496806777,-0.3829574370946209
2023-02-28,403.701,-16.388382493281988,-4.422629646126648,-5.848752,3.6196603597129338,-8.042290005839583,-0.3866614386696821
2023-03-01,417.628,-2.442853020172573,-4.4629521914228265,-5.8791895,3.6242832960671874,-8.087235487490014,-0.3902740280091848
2023-03-02,414.318,-5.734436157801655,-4.501260955715066,-5.8627324,3.6273326747606336,-8.128593630475699,-0.3937959248770892
2023-03-03,423.283,3.249238944138425,-4.5375601561648296,-5.8397818,3.6288131661120544,-8.166373322276884,-0.3972278526515055
2023-03-04,413.36,-6.65540763252065,-4.571855300132108,-5.991186,3.628730315703805,-8.200585615835912,-0.400570535789358
2023-03-05,420.418,0.4207670650541098,-4.604153159459267,-6.19394,3.627090535104733,-8.231243694564,-0.4038246973186517
2023-03-06,412.36,-7.619312180749581,-4.634461743734672,-6.2129793,3.623901091973592,-8.258362835708263,-0.4069910563619817
2023-03-07,420.522,0.561109994969741,-4.662790272577889,-6.2620015,3.6191700995553298,-8.28196037213322,-0.4100703256949121
2023-03-08,406.344,-13.59860795670461,-4.689149146989281,-6.384562,3.612906505583262,-8.302055652572543,-0.4130632093427653
2023-03-09,415.199,-4.725609964603584,-4.713549919807483,-6.471291,3.605120080600543,-8.318670000408027,-0.4159704002193455
2023-03-10,417.442,-2.464658802867697,-4.736005265319084,-6.963751,3.595821405714932,-8.331826671034015,-0.4187925778110328
2023-03-11,413.153,-6.735996742317028,-4.756528948065448,-6.9679346,3.5850218598012606,-8.341550807866708,-0.4215304059096337
2023-03-12,424.385,4.513374559967065,-4.775135790892308,-7.1313562,3.5727336061665094,-8.347869397058817,-0.4241845303973093
2023-03-13,417.769,-2.085636723132436,-4.79184164228825,-7.5275836,3.558969578692808,-8.350811220981058,-0.4267555770868196
2023-03-14,417.276,-2.5616523119923205,-4.806663343058766,-8.06445,3.543743467474127,-8.350406810532892,-0.4292441496202612
2023-03-15,412.855,-6.96596813206992,-4.819618692382962,-8.07304,3.527069703962843,-8.346688396345805,-0.4316508274293741
2023-03-16,416.76,-3.0445084666614046,-4.83072641330041,-7.9543967,3.5089634456426886,-8.3396898589431,-0.4339761637604361
2023-03-17,411.166,-8.622251494587534,-4.840006117675912,-7.81045,3.489440560245039,-8.329446677920952,-0.4362206837666515
2023-03-18,412.874,-6.898301308309543,-4.847478270690257,-7.6486106,3.4685176095258323,-8.31599588021609,-0.4383848826708635
2023-03-19,413.419,-6.337659507206536,-4.853164154905156,-7.724027,3.446211832620657,-8.299375987525814,-0.4404692240013105
2023-03-20,417.086,-2.6552552620644256,-4.857085833950803,-7.7488937,3.422541128996014,-8.279626962946818,-0.4424741379030715
2023-03-21,415.823,-3.903093322420161,-4.859266115884423,-7.680167,3.3975240410149,-8.256790156899322,-0.4444000195277058
2023-03-22,416.874,-2.8372416660148203,-4.859728516268327,-7.626005,3.3711797361352325,-8.230908252403559,-0.4462472275035278
2023-03-23,428.105,8.408295423723171,-4.8584972210158135,-7.6171265,3.343527988759832,-8.202025209775645,-0.4480160824888138
2023-03-24,411.781,-7.901553722048865,-4.855597049053227,-7.565544,3.314589161756961,-8.170186210810188,-0.4497068658101469
2023-03-25,412.582,-7.086718806641698,-4.851053414846281,-7.467179,3.2843841876705624,-8.135437602516843,-0.4513198181879792
2023-03-26,415.109,-4.546134108441696,-4.844892290838544,-7.3288827,3.252934549639606,-8.09782684047815,-0.4528551385513829
2023-03-27,408.284,-11.357739484097936,-4.837140169849579,-7.1916456,3.2202622620460675,-8.057402431895646,-0.4543129829438245
2023-03-28,421.621,1.992328970241712,-4.8278240274801165,-7.5890317,3.18638985091123,-8.014213878391347,-0.4556934635216973
2023-03-29,415.469,-4.147058425000427,-4.816971284570939,-7.6134257,3.1513403340601327,-7.968311618631072,-0.4569966476471975
2023-03-30,416.085,-3.518771415590261,-4.804609769761938,-7.5178804,3.1151372010741087,-7.919746970836046,-0.4582225570770166
2023-03-31,413.985,-5.606811579524678,-4.790767682197116,-7.431197,3.077804393051377,-7.868572075248494,-0.4593711672481894
2023-04-01,420.754,1.173878908591577,-4.775473554420816,-7.45062,3.0393662821958225,-7.814839836616638,-0.4604424066623026
2023-04-02,416.128,-3.440816601715865,-4.758756215509809,-7.432454,2.999847651254042,-7.758603866763852,-0.461436156369142
2023-04-03,423.067,3.509159735532048,-4.7406447544851895,-7.3964076,2.959273672820808,-7.699918427305997,-0.4623522495507117
2023-04-04,413.679,-5.86784120116009,-4.721168484047252,-7.3129086,2.917669888533094,-7.638838372580345,-0.4631904712064347
2023-04-05,413.741,-5.795080224571544,-4.700356904675808,-7.2093368,2.8750621881727865,-7.575419092848595,-0.4639505579401986
2023-04-06,418.291,-1.2343304652818228,-4.67823966913752,-7.1768723,2.831476788698145,-7.509716457835665,-0.4646321978497695
2023-04-07,410.191,-9.323748432782889,-4.654846547440938,-7.354928,2.786940213224043,-7.44178676066498,-0.4652350305189731
2023-04-08,413.86,-5.64447294263191,-4.630207392279039,-7.2531233,2.7414792699709154,-7.371686662249955,-0.4657586471128799
2023-04-09,410.514,-8.98050544343528,-4.6043521049980365,-7.168636,2.6951210312022504,-7.299473136200287,-0.4662025905761148
2023-04-10,412.558,-6.9268473837992,-4.57731060213026,-7.1032863,2.6478928121703027,-7.225203414300562,-0.4665663559342493
2023-04-11,414.894,-4.581451753410199,-4.54911278252782,-7.1434197,2.5998221500896457,-7.1489349326174665,-0.4668493906981105
2023-04-12,407.741,-11.725353066847385,-4.519788495132652,-7.0444736,2.550936783157882,-7.070725278290533,-0.4670510953706916
2023-04-13,408.877,-10.580489363497396,-4.48936750741744,-6.930315,2.5012646296428067,-6.990632137060247,-0.4671708240562104
2023-04-14,412.716,-6.732937083383426,-4.457879474530707,-6.7994003,2.450833767054956,-6.908713241585662,-0.4672078851707225
2023-04-15,415.84,-3.6006976544343714,-4.425353909178137,-6.681854,2.399672411424394,-6.825026320602531,-0.4671615422535565
2023-04-16,415.634,-3.7986632238730023,-4.391820152270996,-6.6024384,2.347808896700225,-6.739629048971221,-0.4670310148787023
2023-04-17,407.548,-11.876941530749834,-4.357307344371176,-6.6047254,2.295271654291173,-6.6525789986623485,-0.4668154796651398
2023-04-18,408.605,-10.812533986810596,-4.3218443979611285,-6.6276665,2.2420891927651683,-6.563933590726297,-0.466514071384964
2023-04-19,415.477,-3.9334420038011872,-4.285459970565596,-6.5943613,2.1882900777257297,-6.4737500482913255,-0.4661258841680286
2023-04-20,411.62,-7.7836400840655315,-4.248182438750669,-6.5157437,2.1339029118824664,-6.382085350633135,-0.4656499728016889
2023-04-21,402.693,-16.703800672796536,-4.210039873024329,-6.4353633,2.0789563153328143,-6.288996188357144,-0.4650853541241016
2023-04-22,409.99,-9.4002675986613,-4.171060013661253,-6.3212023,2.023478906071711,-6.194538919732964,-0.4644310085094033
2023-04-23,410.913,-8.471045206462202,-4.131270247473132,-6.251596,1.9674992807455705,-6.098769528218702,-0.4636858814429597
2023-04-24,413.774,-5.604134850912701,-4.090697585544417,-6.1641254,1.91104599566652,-6.0017435812109365,-0.4628488851847587
2023-04-25,415.445,-3.9275378867265287,-4.04936864195186,-6.040455,1.8541475481025151,-5.903516190054376,-0.4619189005188901
2023-04-26,409.586,-9.78125566861718,-4.00730961348477,-5.939698,1.7968323578584762,-5.804141971343246,-0.4608947785869289
2023-04-27,413.955,-5.407289551298255,-3.964546260381404,-5.833659,1.7391287491632268,-5.703675009544631,-0.4597753428029421
2023-04-28,413.82,-5.537640889483412,-3.921103888095396,-5.704139,1.681064932876525,-5.602168820971921,-0.4585593908476877
2023-04-29,413.868,-5.484647068122954,-3.87700733010463,-5.566391,1.6226689890300796,-5.49967631913471,-0.4572456967394921
2023-04-30,402.509,-16.838955369037038,-3.832280931773429,-5.4651985,1.5639688497159407,-5.396249781489369,-0.4558330129791728
2023-05-01,424.099,4.755448780596544,-3.786948535277433,-5.4069014,1.5049922823351964,-5.2919408176126295,-0.4543200727662534
2023-05-02,417.273,-2.066669150796117,-3.7410334655989512,-5.412599,1.445766873219431,-5.186800338818383,-0.4527055922836376
2023-05-03,416.43,-2.906087389878536,-3.6945585175991495,-5.3385334,1.3863200116368823,-5.080878529236032,-0.4509882730477851
2023-05-04,416.065,-3.267807223790617,-3.64754594417177,-5.2966547,1.326678874194739,-4.974224818366509,-0.4491668043213528
2023-05-05,410.766,-8.563829939672363,-3.600017445481696,-5.3136244,1.2668704096485184,-4.866887855130215,-0.4472398655851695
2023-05-06,409.024,-10.303140995453129,-3.551994159290071,-5.387083,1.2069213241289043,-4.758915483418976,-0.4452061290663086
2023-05-07,410.279,-9.045757077342026,-3.5034966523661866,-5.3295183,1.1468580667959292,-4.650354719162116,-0.443064262318961
2023-05-08,413.911,-5.411679470134988,-3.4545449129848778,-5.4100432,1.0867068159298032,-4.5412517289146805,-0.440812930854714
2023-05-09,409.646,-9.674909458627942,-3.405158344506653,-5.3071194,1.026493465467186,-4.43165180997384,-0.4384508008187646
2023-05-10,412.047,-7.272448327616884,-3.355355760036324,-5.187463,0.9662436119911056,-4.321599372027429,-0.4359765417085379
2023-05-11,413.812,-5.5059561013777,-3.3051553781544376,-5.095477,0.9059825421821908,-4.211137920336628,-0.4333888291310926
2023-05-12,416.662,-2.654766051842685,-3.2545748197143536,-4.997826,0.8457352207382989,-4.100310040452652,-0.4306863475956533
2023-05-13,415.309,-4.006879413271512,-3.2036311056964304,-4.8977604,0.7855262787690672,-3.9891573844654977,-0.4278677933375318
2023-05-14,416.01,-3.305297419923895,-3.1523406561093075,-4.774543,0.7253800026713237,-3.877720658780631,-0.4249318771696578
2023-05-15,407.675,-11.640021306059758,-3.1007192899269973,-4.6571608,0.6653203234907347,-3.766039613417732,-0.4218773273578833
2023-05-16,409.851,-9.464052305938848,-3.0487822260490103,-4.5209646,0.6053708067744529,-3.654153032823463,-0.4187028925161818
2023-05-17,415.391,-3.924231618108148,-2.9965440852695355,-4.3864946,0.5455546429189955,-3.542098728188531,-0.4154073445178323
2023-05-18,412.206,-7.109716163743679,-2.94401889324032,-4.2704244,0.4858946380169449,-3.429913531257265,-0.4119894814186163
2023-05-19,409.28,-10.036507153406074,-2.891220084410616,-4.1551347,0.4264132052055145,-3.3176332896161305,-0.4084481303880657
2023-05-20,412.851,-6.46640375075012,-2.8381605069263847,-4.0337944,0.3671323565194296,-3.2052928634458144,-0.4047821506447402
2023-05-21,416.08,-3.238476015889456,-2.7848524284696627,-3.9174259,0.3080736952499833,-3.092926123719646,-0.4009904363915055
2023-05-22,420.249,0.9291398637697896,-2.731307543017852,-3.8278546,0.2492584088115402,-2.9805659518293925,-0.3970719197467766
2023-05-23,417.327,-1.9943763879537928,-2.677536978501571,-3.7427313,0.1907072621162066,-2.868244240617777,-0.3930255736676652
2023-05-24,412.646,-6.677102174971559,-2.623551305338577,-3.6485484,0.1324405914567676,-2.755991896795345,-0.3888504148609776
2023-05-25,412.584,-6.741073797392041,-2.569360545820198,-3.5465176,0.0744782988974555,-2.6438388447176537,-0.3845455066780018
2023-05-26,419.255,-0.0723615421754784,-2.5149741843256948,-3.4587317,0.0168398471715145,-2.531814031497209,-0.3801099619890382
2023-05-27,422.104,2.775163378006409,-2.4604011783390134,-3.3819728,-0.0404557449160217,-2.4199454334229915,-0.3755429460336226
2023-05-28,419.211,-0.1197374094705818,-2.4056499702413725,-3.3154728,-0.0973899065824917,-2.3082600636588806,-0.3708436792424259
2023-05-29,422.471,3.138200575615399,-2.350728499852323,-3.2204967,-0.153944518661414,-2.196783981190909,-0.3660114400268185
2023-05-30,412.151,-7.184289045256975,-2.295644217690945,-3.136441,-0.210101916699188,-2.085542300991757,-0.3610455675321255
2023-05-31,416.411,-2.9270726935366977,-2.2404040989281566,-3.0542693,-0.2658448935584938,-1.9745592053696628,-0.3559454643506235
2023-06-01,421.379,2.0380261141320277,-2.1850146580002128,-2.9783366,-0.3211567015327101,-1.8638579564675024,-0.3507105991903666
2023-06-02,424.346,5.001766487709872,-2.129481963852866,-2.9121537,-0.3760210539762079,-1.7534609098766585,-0.3453405094959739
2023-06-03,412.393,-6.9548830590927375,-2.0738116557848905,-2.846275,-0.4304221264558892,-1.6433895293290013,-0.3398348040175546
2023-06-04,415.791,-3.559875638433367,-2.018008959859098,-2.7768137,-0.4843445574298539,-1.533664402429244,-0.334193165323994
2023-06-05,418.614,-0.7399115365454855,-1.9620787058483824,-2.7016547,-0.5377734484595552,-1.4243052573888275,-0.3284153522568925
2023-06-06,428.015,8.65785607412537,-1.906025344683773,-2.6366885,-0.5906943639623288,-1.3153309807214442,-0.3225012023214877
2023-06-07,419.462,0.1012899292309756,-1.8498529663710377,-2.6000679,-0.6430933305116027,-1.206759635859435,-0.3164506340109886
2023-06-08,422.826,3.46150230740293,-1.7935653183418987,-2.5411992,-0.6949568356926202,-1.0986084826492784,-0.3102636490607791
2023-06-09,422.824,3.455350010446751,-1.7371658242055903,-2.5114462,-0.7462718265219069,-0.9908939976836834,-0.3039403346290657
2023-06-10,422.577,3.2037326914449973,-1.6806576028661069,-2.4634502,-0.7970257074391829,-0.883631895426924,-0.297480865400589
2023-06-11,418.744,-0.634142814384256,-1.62404348797023,-2.4167182,-0.8472063378808417,-0.7768371500893885,-0.2908855056101264
2023-06-12,423.066,3.682961820406313,-1.5673260476512374,-2.370614,-0.8968020294445275,-0.6705240182067099,-0.2841546109825792
2023-06-13,416.6,-2.78818688064478,-1.510507604532905,-2.3048825,-0.9458015426547438,-0.5647060618781609,-0.2772886305865598
2023-06-14,419.544,0.1505461424089188,-1.4535902559584202,-2.238997,-0.994194083339809,-0.4593961726186112,-0.2702881085984507
2023-06-15,425.859,6.460052782312326,-1.3965758944086537,-2.1622398,-1.0419692986308495,-0.3546065957778039,-0.2631536859740491
2023-06-16,418.984,-0.4208406412187196,-1.3394662280742202,-2.1077156,-1.0891172725938814,-0.2503489554803388,-0.255886102024983
2023-06-17,420.692,1.2816086379875615,-1.282262801545852,-2.0505016,-1.1356285215063455,-0.1466342800395061,-0.2484861958972101
2023-06-18,417.848,-1.5679848060985888,-1.2249670165875748,-2.0274906,-1.1814939887898352,-0.0434730277977395,-0.2409549079490114
2023-06-19,418.569,-0.8526888714280847,-1.167580152957404,-2.06298,-1.226705039611001,0.0591248866535969,-0.2332932810260211
2023-06-20,417.21,-2.217004779371696,-1.1101033892403696,-2.0333598,-1.2712534551629702,0.1611500659226006,-0.2255024616309354
2023-06-21,413.804,-5.628474951475081,-1.0525378236589769,-1.9797432,-1.3151314266398475,0.2625936029808706,-0.2175837009856726
2023-06-22,418.272,-1.1661618017158604,-0.9948844948263988,-1.9134758,-1.3583315489171537,0.3634470540907549,-0.2095383559838869
2023-06-23,424.629,5.184934116588826,-0.9371444024080976,-1.8682663,-1.4008468139512769,0.4637024115431793,-0.2013678900318531
2023-06-24,414.552,-4.89833649877577,-0.8793185276578722,-1.8399125,-1.4426706039112562,0.563352076253384,-0.1930738737758826
2023-06-25,413.109,-6.34776661617339,-0.8214078537947967,-1.7935991,-1.483796684056408,0.6623888302616111,-0.1846579857145512
2023-06-26,411.599,-7.863887296925025,-0.7634133861879163,-1.738462,-1.5242191953735016,0.7608058091855853,-0.1761220126941677
2023-06-27,420.638,1.168941090838585,-0.7053361723161449,-1.6810099,-1.5639326469873662,0.8585964746712214,-0.1674678502860365
2023-06-28,415.014,-4.461501211676289,-0.6471773214712795,-1.6251361,-1.6029319083589444,0.9557545868876648,-0.158697503044219
2023-06-29,420.934,1.4520533785403873,-0.5889380241726843,-1.5590335,-1.6412122012849784,1.052274177112294,-0.1498130846426318
2023-06-30,415.286,-4.202438251508696,-0.53061957126284,-1.4966197,-1.678769091713596,1.148149520450756,-0.1408168178904657
2023-07-01,413.618,-5.876635059486092,-0.4722233726535763,-1.4435556,-1.7155984813901697,1.2433751087365932,-0.1317110346250568
2023-07-02,413.537,-5.963660778882848,-0.413750975693584,-1.3809123,-1.751696599347938,1.337945623654354,-0.1224981754814828
2023-07-03,418.451,-1.055773357605808,-0.3552040831285155,-1.3170673,-1.7870599932578684,1.4318559101293529,-0.1131807895383096
2023-07-04,415.936,-3.576589056190291,-0.2965845706257724,-1.2530718,-1.821685520652372,1.5251009500265995,-0.1037615338390569
2023-07-05,413.659,-5.85912995449294,-0.2378945038369492,-1.1994388,-1.8555703400374248,1.6176758362004753,-0.0942431727891083
2023-07-06,418.117,-1.4064832917774208,-0.1791361549716895,-1.1531364,-1.888711901907709,1.709575746936019,-0.0846285774279339
2023-07-07,423.668,4.13901188083771,-0.120312018857708,-1.1017188,-1.9211079396793624,1.8007959208216544,-0.0749207245766491
2023-07-08,416.568,-2.96684658536103,-0.0614248284625489,-1.0489199,-1.95275646055488,1.891331632092331,-0.0651226958610816
2023-07-09,421.042,1.5011488361305818,-0.0024775698537047,-1.0105834,-1.9836557363346836,1.9811781664809789,-0.0552376766106701
2023-07-10,419.468,-0.0793503513863067,0.0565265034253435,-0.9654187,-2.0138042941898,2.0703307976151435,-0.0452689546336779
2023-07-11,412.031,-7.522657018609071,0.1155838565845845,-0.92751044,-2.0432009074100064,2.158784763994591,-0.0352199188693332
2023-07-12,415.258,-4.302110247407664,0.1746906604427816,-0.87911236,-2.071844586141695,2.246535246584477,-0.0250940579176897
2023-07-13,416.587,-2.9794428827104698,0.233842778927938,-0.83530384,-2.099734568129605,2.333577347057543,-0.0148949584481188
2023-07-14,415.943,-3.629885827768445,0.2930357572411195,-0.78022945,-2.126870309476409,2.4199060667175285,-0.0046263034875248
2023-07-15,418.362,-1.2174062520088065,0.3522648107007485,-0.7309916,-2.15325147543402,2.5055162861347684,0.005708129410508
2023-07-16,420.169,0.5830252897613832,0.4115248142833116,-0.69603074,-2.178877931240283,2.590402745523595,0.0161044701142533
2023-07-17,418.05,-1.5426264455851697,0.470810292875313,-0.6755369,-2.2037497330145546,2.674560025889868,0.0265587579785539
2023-07-18,414.578,-5.021299786356168,0.5301154122501163,-0.6481644,-2.2278671187254533,2.757982530975569,0.0370669440240473
2023-07-19,411.818,-7.787561430428059,0.5894339707821408,-0.61173016,-2.251230499243848,2.840664470025988,0.0476248932290951
2023-07-20,415.558,-4.05397460770652,0.6487593919096788,-0.57430565,-2.273840449493934,2.9225998414036125,0.0582283869324807
2023-07-21,420.081,0.4628057958634838,0.7080847173564095,-0.541554,-2.295697699714976,3.0037824170713856,0.0688731253447883
2023-07-22,418.483,-1.141171929698149,0.7674026011204693,-0.49325988,-2.316803126846032,3.084205727966501,0.0795547301662398
2023-07-23,417.804,-1.8260613328929496,0.8267053042386724,-0.45592242,-2.337157746045712,3.1638630502843847,0.0902687473086483
2023-07-24,415.816,-3.819666514367393,0.8859846903323348,-0.4270742,-2.356762702358721,3.242747392691056,0.1010106497189913
2023-07-25,413.348,-6.293152637426842,0.9452322219398194,-0.4168556,-2.3756192625406167,3.320851484480436,0.1117758403020006
2023-07-26,414.128,-5.518512340965896,1.0044389576397648,-0.3976176,-2.393728807051918,3.398167764691683,0.1225596549390232
2023-07-27,416.205,-3.4469673279966,1.063595549967685,-0.36112988,-2.4110928222323387,3.474688372200024,0.133357365600296
2023-07-28,412.111,-7.546276567034236,1.1226922441273897,-0.3098471,-2.427712892665596,3.5504051367929854,0.1441641835476493
2023-07-29,418.822,-0.8405232660918086,1.1817188774974876,-0.25835148,-2.44359069374488,3.625309571242368,0.1549752626245472
2023-07-30,422.383,2.715211231272194,1.2406648799319289,-0.21975672,-2.45872798444868,3.699392864380609,0.1657857026302515
2023-07-31,416.791,-2.8823139519900502,1.2995192748524007,-0.19487916,-2.473126600336329,3.772645875188729,0.176590552774787
2023-08-01,423.212,3.533142929539954,1.35827068112914,-0.1675137,-2.4867884467721764,3.845059127901316,0.1873848152112894
2023-08-02,417.821,-1.863538010467412,1.416907315745512,-0.14340861,-2.49971549238696,3.916622808132472,0.1981634486422091
2023-08-03,417.851,-1.8389325191733343,1.475416997240547,-0.13140981,-2.511909762784476,3.987326760025024,0.2089213719957422
2023-08-04,420.386,0.6917778528159126,1.533787149922418,-0.13017045,-2.523373334501286,4.057160484423704,0.2196534681687783
2023-08-05,421.477,1.778381111516739,1.5920048088446943,-0.11874202,-2.5341083292267164,4.12611313807141,0.2303545878325576
2023-08-06,417.973,-1.7313567805982,1.6500566255360596,-0.108597554,-2.544116908290004,4.194173533826064,0.2410195532971453
2023-08-07,423.533,3.824012094380147,1.7079288744730463,-0.098868325,-2.5534012674210045,4.261330141894051,0.2516431624307544
2023-08-08,423.764,4.050275742467946,1.765607460284238,-0.096723154,-2.561963631790378,4.327571092074615,0.262220192629876
2023-08-09,428.423,8.704434853697059,1.8230779256732808,-0.09366304,-2.5698062513347866,4.392884177008067,0.2727454048360894
2023-08-10,423.197,3.4724620603610057,1.8803254600470247,-0.081985116,-2.576931396372105,4.45725685641913,0.2832135475953821
2023-08-11,424.617,4.886015176664535,1.937334908834028,-0.064314574,-2.5833413535112237,4.520676262345251,0.2936193611557292
2023-08-12,416.374,-3.3637782527865334,1.9940907834776656,-0.034204446,-2.589038421860519,4.583129205338185,0.3039575815986325
2023-08-13,419.05,-0.6944986922426157,2.0505772720870774,-0.009935751,-2.5940249095386543,4.644602181625732,0.3142229450002731
2023-08-14,419.996,0.2450772061791762,2.106778250728276,0.021820525,-2.5983031304907747,4.705081381219051,0.324410191617875
2023-08-15,415.526,-4.231237857781198,2.1626772953367244,0.05613492,-2.601875401612826,4.764552696949551,0.3345140700968493
2023-08-16,421.898,2.135336248902345,2.21825769423189,0.07868946,-2.6047440401861235,4.823001734418014,0.3445293416942357
2023-08-17,420.499,0.7308015020783243,2.273502461213322,0.0891275,-2.6069113616238875,4.880413822837209,0.3544507845139519
2023-08-18,420.85,1.0762496891297046,2.3283943492170205,0.11046428,-2.6083796775309245,4.936774026747945,0.3642731977493071
2023-08-19,429.365,9.585947406820951,2.382915864510082,0.13269024,-2.609151294077193,4.992067158587275,0.373991405928243
2023-08-20,417.584,-2.200473943485678,2.437049281400748,0.09559007,-2.6092285106854707,5.046277792086219,0.383600263156737
2023-08-21,419.002,-0.7876946011063978,2.490776657440392,-0.03051336,-2.6086136190328806,5.099390276473272,0.3930946573557916
2023-08-22,420.995,1.2003452371127892,2.5440798490931544,-0.062452167,-2.6073089023655296,5.1513887514586845,0.4024695144874414
2023-08-23,421.813,2.0134750931026257,2.596940527848393,-0.04042107,-2.605316635125066,5.20225716297346,0.4117198027652034
2023-08-24,424.654,4.849495135987211,2.649340196750423,-0.00316738,-2.602639082885424,5.251979279635847,0.420840536844403
2023-08-25,416.125,-3.684593694306712,2.701260207319497,0.033441857,-2.5992785025976253,5.300538709917122,0.4298267819878233
2023-08-26,425.991,6.17718895861918,2.752681776837423,0.079832055,-2.5952371431399883,5.347918919977412,0.4386736582021541
2023-08-27,424.831,5.012864848736188,2.803586005970744,0.12724878,-2.590517246170625,5.3941032521413685,0.4473763443407079
2023-08-28,425.394,5.571435062989986,2.853953896703907,0.17518023,-2.585121047278685,5.439074943982591,0.4559300821679471
2023-08-29,425.729,5.901900688326426,2.9037663705545365,0.20589672,-2.579050777430309,5.4828171479848455,0.4643301803813592
2023-08-30,428.341,8.50926281169115,2.953004287042446,0.22243267,-2.5723086647048388,5.525312951747285,0.4725720185862763
2023-08-31,427.303,7.466522520030012,3.0016484623837982,0.21300818,-2.564896936316366,5.566545398700164,0.4806510512192843
2023-09-01,418.939,-0.902319099711212,3.0496796883815134,0.10077061,-2.556817820915277,5.606497509296791,0.4885628114158978
2023-09-02,425.379,5.533130283286956,3.097078751482789,0.034676023,-2.548073551164031,5.645152302646821,0.4963029148182565
2023-09-03,430.348,10.497096618189971,3.143826451974391,0.0005683105,-2.538666366580974,5.682492818555366,0.5038670633186407
2023-09-04,430.73,10.87396494403451,3.189903623286292,0.010699305,-2.528598516645601,5.718502139931893,0.511251048734679
2023-09-05,423.83,3.968736347766288,3.235291151374094,0.032110102,-2.517872264158272,5.753163415532366,0.5184507564121896
2023-09-06,419.819,-0.0475880836687742,3.279969994150594,0.0670153,-2.5064898888469904,5.786459882997585,0.5254621687516658
2023-09-07,421.488,1.6160526229198533,3.323921200936909,0.115985505,-2.494453691213483,5.818374892150391,0.5322813686545167
2023-09-08,425.338,5.460598013916863,3.367125931903572,0.16258392,-2.4817659966104557,5.848891928514027,0.5389045428852252
2023-09-09,419.778,-0.1049508146172437,3.4095654774720856,0.20622163,-2.4684291595415293,5.877994637013615,0.5453279853457144
2023-09-10,424.463,4.574495380960549,3.451221277647593,0.24096291,-2.4544455681750303,5.905666845822624,0.5515481002582746
2023-09-11,423.102,3.207847114112007,3.4920749412534104,0.26144034,-2.4398176490624595,5.93189259031587,0.5575614052535232
2023-09-12,430.39,10.490105494313642,3.532108265038507,0.2756209,-2.424547872052175,5.9566561370906825,0.5633645343599601
2023-09-13,426.48,6.574271631041992,3.571303252629133,0.30025154,-2.4086387553884694,5.979942008017602,0.5689542408917992
2023-09-14,429.54,9.628346633773464,3.6096421332961945,0.32759404,-2.392092870985984,6.001735004282178,0.5743274002318536
2023-09-15,424.807,4.889331611984774,3.647107380510307,0.3467685,-2.3749128498690752,6.022020230379383,0.5794810125063831
2023-09-16,421.409,1.4852276751522515,3.683681730256789,0.372521,-2.357101387765514,6.040783118022302,0.5844122051489209
2023-09-17,423.809,3.879035932752551,3.7193481990833233,0.39224625,-2.338661250843633,6.058009449926956,0.589118235350221
2023-09-18,427.305,7.368757494262134,3.754090101853525,0.41279423,-2.319595281581801,6.073685383435326,0.5935964923915936
2023-09-19,427.737,7.794393469157437,3.7878910691800343,0.4412734,-2.299906404758892,6.087797473938927,0.5978444998590287
2023-09-20,424.13,4.180944966915124,3.8207350645114366,0.45774072,-2.279597633554206,6.1003326980656425,0.6018599177356395
2023-09-21,426.917,6.961413097011594,3.852606400847801,0.456732,-2.258672075745088,6.111278476592888,0.605640544370087
2023-09-22,429.205,9.242798968923449,3.883489757060307,0.45285246,-2.237132939990365,6.120622697050671,0.6091843183187894
2023-09-23,428.963,8.994103692127137,3.913370193791037,0.45825174,-2.2149835421875093,6.128353735978546,0.6124893200598724
2023-09-24,428.789,8.813328376099253,3.942233168909751,0.45795453,-2.192227311891323,6.134460480801074,0.6155537735769349
2023-09-25,438.315,18.33247413031626,3.9700645525051375,0.2786299,-2.1688677987818163,6.138932351286954,0.6183760478108739
2023-09-26,425.645,5.655542064254663,3.996850641388858,0.1647006,-2.144908679168823,6.14175932055768,0.6209546579781554
2023-09-27,425.659,5.662533287391029,4.022578173091405,0.1283592,-2.120353762520818,6.142931935612224,0.6232882667540559
2023-09-28,428.244,8.240448909201932,4.04723433932973,0.1378062,-2.0952069980053283,6.142441337335058,0.6253756853195681
2023-09-29,429.896,9.8852900391637,4.070806798927318,0.09810739,-2.069472481028249,6.140279279955568,0.6272158742708088
2023-09-30,425.079,5.061057786752967,4.093283690168393,0.038760994,-2.043154459759372,6.1364381499277645,0.6288079443899249
2023-10-01,429.138,9.112753261446272,4.114653642568735,0.026912747,-2.01625734163136,6.130910984200095,0.6301511572766472
2023-10-02,427.288,7.25528942513746,4.13490578804661,0.017471915,-1.98878569979944,6.12369148784605,0.6312449258398064
2023-10-03,427.831,7.790757969901812,4.154029771478206,-0.015861677,-1.9607442795490628,6.114774051027269,0.6320888146482757
2023-10-04,424.711,4.663100105554744,4.172015760622977,0.010426949,-1.932138004638822,6.104153765261799,0.6326825401409711
2023-10-05,423.222,3.1663784687178445,4.188854455405302,0.027535923,-1.9029719835659569,6.091826438971259,0.633025970695693
2023-10-06,418.332,-1.7314058536630494,4.204537096539857,0.059078727,-1.8732515157418383,6.077788612281696,0.6331191265567634
2023-10-07,425.286,5.215139469231552,4.219055473489164,0.09983154,-1.8429820975648936,6.062037571054058,0.6329621796215602
2023-10-08,432.634,12.555631630440873,4.232401931742822,0.14004286,-1.8121694283785357,6.044571360121357,0.6325554530862243
2023-10-09,438.442,18.356071775095,4.244569379408997,0.061583314,-1.7808194163017723,6.02538879571077,0.6318994209509617
2023-10-10,433.409,13.315461048324114,4.255551293109821,-0.07495548,-1.7489381839202964,6.004489477030118,0.6309947073855349
2023-10-11,428.938,8.836800595258243,4.265341723173466,-0.17936526,-1.7165320738259755,5.981873796999442,0.629842085955691
2023-10-12,421.59,1.4810915610275917,4.273935298116736,-0.18629433,-1.6836076539928866,5.957542952109623,0.6284424787114216
2023-10-13,416.398,-3.718664909237879,4.281327228413151,-0.18502127,-1.650171722978124,5.931498951391275,0.6267969551381417
2023-10-14,423.856,3.7316254789387537,4.287513309542615,-0.16672318,-1.616231314935896,5.903744624478511,0.6249067309719762
2023-10-15,423.326,3.193868422242254,4.292489924319882,-0.13937832,-1.5817937044335544,5.874283628753436,0.6227731668805544
2023-10-16,424.915,4.775065079959584,4.296254044500163,-0.27186108,-1.5468664110584738,5.843120455558637,0.6203977670108213
2023-10-17,425.698,5.550216611377666,4.298803231661336,-0.2629711,-1.5114572038049183,5.810260435466255,0.6177821774055592
2023-10-18,425.287,5.131324175783227,4.300135637363368,-0.25582787,-1.4755741052302795,5.775709742593647,0.6149281842904294
2023-10-19,421.059,0.8953889324632123,4.300250002586691,-0.23105861,-1.439225395370345,5.739475397957036,0.6118377122335273
2023-10-20,417.701,-2.4705153998666414,4.299145656452378,-0.18586755,-1.4024196154035509,5.701565271855928,0.6085128221795554
2023-10-21,423.388,3.208976406025607,4.296822514228088,-0.149164,-1.3651655710544313,5.66198808528252,0.604955709360888
2023-10-22,420.59,0.4034251157104676,4.2932810746249,-0.21626686,-1.3274723357268274,5.620753410351727,0.6011687010879229
2023-10-23,430.272,10.077897490335332,4.288522416391186,-0.21145,-1.2893492533577184,5.577871669748904,0.5971542544212591
2023-10-24,423.097,2.895327431302085,4.282548194210898,-0.21713848,-1.2508059409828638,5.533354135193762,0.5929149537283792
2023-10-25,421.933,1.7236506600636443,4.275360633914531,-0.35143384,-1.211852291005822,5.487212924920353,0.5884535081276313
2023-10-26,416.679,-3.5383141102072115,4.266962527012334,-0.35413253,-1.1724984731622476,5.439461000174582,0.5837727488224513
2023-10-27,422.576,2.351113070827566,4.2573572245601685,-0.32582954,-1.132754936171737,5.390112160731905,0.5788756263288757
2023-10-28,421.805,1.5722593633932709,4.246548630369656,-0.29530635,-1.0926324090698951,5.339181039439551,0.5737652075995163
2023-10-29,417.545,-2.695617200256694,4.23454119357509,-0.27013493,-1.052141902213667,5.286683095788757,0.5684446730473041
2023-10-30,424.689,4.440493469691714,4.221339900570773,-0.23815577,-1.0112947079534007,5.232634608524174,0.5629173134723854
2023-10-31,420.786,0.5295839718816029,4.206950266333257,-0.19772018,-0.9701024009654844,5.177052667298741,0.557186526895707
2023-11-01,421.64,1.3759053994175698,4.191378325144046,-0.15631777,-0.928576838239888,5.119955163383934,0.5512558153028922
2023-11-02,419.186,-1.0860476611047654,4.17463062072921,-0.2648078,-0.8867301587172775,5.061360779446487,0.5451287813021328
2023-11-03,424.384,4.104433306593754,4.156714195833239,-0.25228584,-0.8445747825709087,5.001288978404148,0.5388091246999088
2023-11-04,429.323,9.035911286257267,4.137636581245415,-0.32714516,-0.8021234101288667,4.939759991374282,0.5323006389984482
2023-11-05,422.4570000000001,2.162387569675001,4.117405784297769,-0.43824384,-0.7593890204327236,4.876794804730492,0.5256072078189066
2023-11-06,429.239,8.936863448636307,4.096030276854595,-0.85325086,-0.7163848694291292,4.812415146283724,0.5187328012543525
2023-11-07,422.613,2.303340214930759,4.07351898281421,-0.9006474,-0.6731244877913178,4.7466434706055285,0.5116814721566972
2023-11-08,420.004,-0.3131808396524186,4.049881265144434,-0.8903158,-0.6296216783679668,4.6795029435124,0.5044573523618076
2023-11-09,419.634,-0.6904485552978328,4.025126912474066,-0.88626844,-0.5858905132573651,4.611017425731431,0.4970646488570718
2023-11-10,422.924,2.5922815893262667,3.9992661252632207,-0.8981765,-0.541945330505262,4.541211455768483,0.4895076398957854
2023-11-11,423.283,2.944010924039181,3.9723095015761274,-0.92823726,-0.4978007304253235,4.47011023200145,0.4817906710627564
2023-11-12,426.145,5.798740778660248,3.944268022480597,-0.92242146,-0.4534715715415481,4.397739594022145,0.473918151295592
2023-11-13,425.634,5.280222614983054,3.9151530370989582,-0.98524904,-0.4089729661525275,4.324126003251486,0.4658945488661691
2023-11-14,420.307,-0.0542854667158444,3.8849762473357945,-1.0390198,-0.3643202755178957,4.24929652285369,0.4577243873268367
2023-11-15,435.477,15.10846769337901,3.853749692308361,-1.0484898,-0.3195291046678362,4.173278796976197,0.4494122414259276
2023-11-16,425.045,4.669226616599444,3.8214857325059897,-1.0807238,-0.2746152968369739,4.096101029342964,0.4409627329971931
2023-11-17,423.896,3.5129926327646994,3.7881970337052944,-1.0635107,-0.2295949275245111,4.017791961229806,0.4323805268277884
2023-11-18,427.091,6.700316588981148,3.753896550668256,-1.2914934,-0.1844842981829159,3.938380848851173,0.4236703265094675
2023-11-19,422.168,1.769638056403016,3.7185975106507914,-1.4669333,-0.1392999295380114,3.8578974401888018,0.4148368702776476
2023-11-20,421.038,0.6317084301132491,3.682313396749517,-1.4394292,-0.0940585545437625,3.77637195129328,0.4058849268430179
2023-11-21,416.956,-3.457973254344178,3.6450579311148834,-1.428439,-0.0487771109755764,3.69383504209046,0.3968192912203669
2023-11-22,413.947,-6.474645051176758,3.606845058058884,-1.4109404,-0.0034727336663901,3.610317791725274,0.3876447805592937
2023-11-23,416.992,-3.4367983161649147,3.5676889270859014,-1.3859679,0.0418372536096628,3.525851673476238,0.3783662299814704
2023-11-24,420.419,-0.0162965511096163,3.527603875875228,-1.347636,0.0871353466007836,3.4404685292744444,0.3689884884290937
2023-11-25,425.089,4.647228750383976,3.486604413244001,-1.3082151,0.1324038693824907,3.35420054386151,0.3595164145291555
2023-11-26,421.706,1.2576068390782675,3.444705202119291,-1.2699844,0.1776249834978811,3.26708021862141,0.3499548724781258
2023-11-27,415.347,-5.108049433349135,3.4019210425480493,-1.2361077,0.2227806974265093,3.17914034512154,0.3403087279516127
2023-11-28,421.495,1.0335680634379083,3.3582668547736545,-1.2053415,0.2678528763747781,3.0904139783988764,0.3305828440435356
2023-11-29,426.916,6.448158732004157,3.313757662407636,-1.1848549,0.3128232523802775,3.0009344100273583,0.3207820772392875
2023-11-30,430.049,9.57479134219778,3.2684085757250494,-1.2464455,0.3576734347220819,2.910735141002968,0.3109112734273282
2023-12-01,427.758,7.277217450956097,3.222234775111801,-1.3704472,0.4023849206285574,2.819849854483244,0.3009752639535907
2023-12-02,434.31,13.82269525369983,3.17525149469198,-1.6529481,0.4469391062738356,2.728312388418144,0.2909788617230261
2023-12-03,431.315,10.821153577933654,3.1274740061629918,-2.1156309,0.4913172980536601,2.636156708109332,0.2809268573525456
2023-12-04,423.768,3.267406365440213,3.0789176028659995,-2.1721492,0.5355007241309405,2.543416878735059,0.2708240153795544
2023-12-05,426.917,6.4096548253694,3.0295975841187794,-2.2161634,0.5794705462409185,2.450127037877861,0.2606750705301872
2023-12-06,420.598,0.0838415523776753,2.97952923983773,-2.436524,0.6232078717454919,2.356321368092238,0.2504847240512893
2023-12-07,431.706,11.185211762065755,2.9287278354753306,-2.6913145,0.666693765925845,2.2620340695494856,0.2402576401100951
2023-12-08,426.361,5.833522875750825,2.877208597298838,-2.67619,0.7099092645021909,2.167299332796647,0.2299984422654657
2023-12-09,415.037,-5.497182106424823,2.824986698035529,-2.661311,0.7528353863690574,2.072151311666472,0.2197117100144597
2023-12-10,409.502,-11.038643817590446,2.7720772429091687,-2.6966574,0.7954531465342304,1.9766240963749384,0.2094019754179068
2023-12-11,418.941,-1.6057232107420192,2.718495256091838,-2.6797287,0.8377435692491214,1.8807516868427163,0.1990737198085587
2023-12-12,419.59,-0.96271751105015,2.6642556675945794,-2.6504085,0.8796877013180318,1.7845679662765477,0.1887313705852745
2023-12-13,424.014,3.455374649512948,2.6093733006196307,-2.624724,0.9212666255734712,1.6881066750461595,0.1783792980966005
2023-12-14,427.917,7.3525250613604625,2.5538628593963124,-2.5925345,0.962461474504413,1.5914013848918995,0.1680218126169761
2023-12-15,423.795,3.224515803668769,2.497738917521869,-2.5496767,1.003253444024085,1.4944854734977842,0.1576631614186859
2023-12-16,420.546,-0.0305081345406327,2.4410159068277757,-2.5025423,1.0436238073636577,1.3973920994641176,0.1473075259425544
2023-12-17,408.904,-11.678629473524577,2.3837081067911714,-2.4911585,1.083553929077924,1.3001541777132477,0.1369590190702561
2023-12-18,424.741,4.152535689047176,2.325829634510272,-2.6373494,1.1230252791488702,1.2028043553614018,0.1266216825009725
2023-12-19,417.196,-3.3985330158925557,2.267394435261651,-2.9936657,1.1620194471727867,1.1053749880888644,0.1162994842350108
2023-12-20,421.287,0.6866208616851142,2.2084162736564243,-3.1253679,1.2005181566164222,1.007898117040002,0.105996316166857
2023-12-21,417.352,-3.2544676243181843,2.1489087254113577,-3.0891252,1.238503279127454,0.9104054462839036,0.0957159917899829
2023-12-22,426.541,5.928568962275065,2.088885169750001,-3.0892434,1.2759568488844355,0.8129283208655655,0.0854622440156141
2023-12-23,421.504,0.8856157827579445,2.028358782447863,-3.0708556,1.312861076971195,0.7154977054766678,0.075238723107491
2023-12-24,415.859,-4.765336269163562,1.9673425295346965,-3.061007,1.3491983657605613,0.6181441637741352,0.0650489947345276
2023-12-25,417.549,-3.0810462232712217,1.9058491616658304,-3.076045,1.384951323292155,0.5208978383736753,0.05489653814312
2023-12-26,424.232,3.596539391787849,1.8438912091734447,-3.0854826,1.4201027776289294,0.4237884315445157,0.0447847444506977
2023-12-27,421.163,0.5220699580182708,1.781480977807579,-3.2676182,1.4546357911770122,0.3268451866305668,0.034716915061968
2023-12-28,424.211,3.56465384089738,1.7186305451755186,-3.2963812,1.4885336749533975,0.2300968702221209,0.0246962602091415
2023-12-29,416.748,-3.9039480253620544,1.6553517578871169,-3.422992,1.521780002785961,0.1335717551011559,0.0147258976172761
2023-12-30,421.636,0.9788203710187332,1.591656229412378,-3.5315025,1.5543586254302533,0.0372976039821246,0.0048088512957107
2023-12-31,419.074,-1.5883998792794318,1.5275553386565333,-3.4833388,1.5862536845875332,-0.0586983459309999,-0.0050519495435805
