date,gps_raw_up_mm,gps_detrended_mm,gps_seasonal_mm,hydl_original_up_mm,hydl_seasonal_mm,gps_minus_hydl_mm,poroelastic_mm
2021-01-01,389.26,2.447135643843507,0.2924562510590981,-10.916294,0.4981230664709458,-0.2056668154118476,-0.0150821768821249
2021-01-02,386.551,-0.2740463772034001,0.2500425606637212,-10.963385,0.5316128992755131,-0.2815703386117918,-0.020429041471086
2021-01-03,388.092,1.2548854109012273,0.2068809262447679,-11.039727,0.5650898338436501,-0.3582089075988822,-0.0258388397794754
2021-01-04,386.784,-0.065216155587328,0.1629727889707357,-11.100058,0.5985440149226945,-0.4355712259519587,-0.0313102269107367
2021-01-05,388.399,1.5375955566710655,0.1183205665026312,-11.15658,0.6319654183558562,-0.5136448518532248,-0.0368417332846549
2021-01-06,385.075,-1.7986482724925177,0.0729276621123276,-11.167214,0.6653438537840836,-0.5924161916717559,-0.0424317649485682
2021-01-07,384.576,-2.31003350114883,0.0267984726847447,-11.15655,0.6986689676050827,-0.671870494920338,-0.0480786040617032
2021-01-08,384.974,-1.9240715645468331,-0.0200616044072851,-11.163433,0.7319302461891135,-0.7519918505963986,-0.0537804095523659
2021-01-09,386.077,-0.8332507131331016,-0.0676461655653434,-11.156567,0.7651170193508087,-0.8327631849161521,-0.0595352179475253
2021-01-10,390.028,3.105511274630053,-0.1159477963736173,-11.157229,0.7982184640759868,-0.914166260449604,-0.0653409443740933
2021-01-11,388.239,1.304012902813092,-0.164958068160384,-11.150365,0.8312236085020812,-0.9961816766624652,-0.0711953837310003
2021-01-12,384.129,-2.818579721738033,-0.2146675357188423,-11.20854,0.864121336150479,-1.0787888718693217,-0.0770962120309571
2021-01-13,383.702,-3.258159450118155,-0.265065736192228,-11.268527,0.896900390408734,-1.1619661266009622,-0.0830409879105743
2021-01-14,382.081,-4.891616234635013,-0.3161411891267343,-11.222917,0.9295493792603212,-1.2456905683870554,-0.0890271543073063
2021-01-15,383.046,-3.939051632673712,-0.3678813976945542,-11.203673,0.9620567802592432,-1.329938177953797,-0.0950520403014788
2021-01-16,385.478,-1.5193895635449812,-0.4202728510880709,-11.1669445,0.9944109457465004,-1.4146837968345711,-0.1011128631214559
2021-01-17,385.909,-1.1007717862986035,-0.4733010280848763,-11.13426,1.0266001083051042,-1.4999011363899806,-0.1072067303097912
2021-01-18,389.054,2.031768539509822,-0.5269504017820894,-11.097481,1.0586123864500128,-1.5855627882321022,-0.1133306420480185
2021-01-19,385.422,-1.6129669913579088,-0.5812044454971338,-11.084495,1.090435790549044,-1.6716402360461775,-0.1194814936375332
2021-01-20,384.591,-2.45700295824781,-0.6360456398308066,-11.05837,1.122058228970513,-1.7581038688013195,-0.1256560781338193
2021-01-21,387.311,0.2499791784689908,-0.6914554808872865,-11.043241,1.1534675144530504,-1.8449229953403368,-0.1318510891310914
2021-01-22,392.403,5.32884931517179,-0.747414489644339,-11.041592,1.184651370692719,-1.9320658603370584,-0.1380631236942295
2021-01-23,393.03,5.942664150906331,-0.8039022224658676,-11.210742,1.2155974391423172,-2.019499661608185,-0.1442886854347007
2021-01-24,391.247,4.146397196246027,-0.8608972827475211,-11.219216,1.2462932860173883,-2.107190568764909,-0.1505241877269813
2021-01-25,394.868,7.753877656699273,-0.9183773336850046,-11.338265,1.2767264095032318,-2.1951037431882363,-0.1567659570618206
2021-01-26,397.203,10.075253827741388,-0.9763191121533408,-11.391341,1.3068842471569009,-2.283203359310242,-0.1630102365325089
2021-01-27,390.042,2.900497663411664,-1.0346984436842794,-11.522327,1.3367541834979078,-2.371452627182187,-0.1692531894501511
2021-01-28,385.085,-2.0703520371603283,-1.0934902585276585,-11.667527,1.3663235577810864,-2.4598138163087446,-0.1754909030837849
2021-01-29,384.322,-2.847167274581478,-1.1526686087815043,-11.834843,1.3955796719448088,-2.5482482807263134,-0.1817193925210191
2021-01-30,387.817,0.6341008566987834,-1.2122066865743686,-11.846752,1.4245097987274975,-2.636716485301866,-0.187934604644724
2021-01-31,382.132,-5.064636569821149,-1.2720768432822955,-11.846995,1.4531011899451196,-2.725178033227415,-0.1941324222211494
2021-02-01,384.963,-2.2473319016156528,-1.3322506097616338,-11.842977,1.4813410849221191,-2.813591694683753,-0.2003086680947152
2021-02-02,386.362,-0.8619825971152777,-1.3926987175778551,-11.874846,1.509216719068046,-2.901915436645901,-0.2064591094845722
2021-02-03,387.198,-0.0395861147503338,-1.4533911212093953,-11.953285,1.5367153325918277,-2.9901064538012228,-0.2125794623779084
2021-02-04,383.38,-3.8713511840133408,-1.514297021204467,-11.939843,1.5638241793455507,-3.078121200550018,-0.2186653960148532
2021-02-05,388.664,1.3991415377276906,-1.57538488826774,-11.941228,1.590530535789283,-3.1659154240570238,-0.2247125374597051
2021-02-06,386.438,-0.8403109692445154,-1.6366224882528355,-11.920066,1.616821710068366,-3.253444198321201,-0.230716476253106
2021-02-07,386.764,-0.5279174344224573,-1.697976908035462,-11.895686,1.642685051194403,-3.3406619592298648,-0.2366727691396783
2021-02-08,385.378,-1.9275911102921992,-1.7594145822411311,-11.843988,1.6681079583209384,-3.427522540562069,-0.2425769448655343
2021-02-09,388.944,1.6247498085671597,-1.8209013208004463,-11.789981,1.6930778901047383,-3.513979210905185,-0.2484245090399892
2021-02-10,386.702,-0.6309430153376705,-1.8824023373040548,-11.741424,1.7175823741434,-3.599984711447455,-0.2542109490557097
2021-02-11,383.003,-4.344050895626809,-1.943882278128372,-11.739188,1.7416090164798268,-3.685491294608199,-0.2599317390614621
2021-02-12,385.9620000000001,-1.3991142235365592,-2.005305252302532,-11.901755,1.7651455111640575,-3.77045076346659,-0.2655823449815452
2021-02-13,387.3,-0.0755478941970231,-2.0666348620859685,-12.227793,1.7881796498627345,-3.854814511948703,-0.2711582295759328
2021-02-14,391.654,4.263969109240868,-2.12783423422547,-12.252603,1.8106993315064508,-3.938533565731921,-0.2766548575350937
2021-02-15,391.493,4.088299114999868,-2.188866051859623,-12.423962,1.8326925719650664,-4.0215586238246885,-0.2820677006034006
2021-02-16,391.832,4.4125415069862495,-2.24969258703796,-12.492934,1.8541475137410284,-4.103840100778989,-0.2873922427250052
2021-02-17,394.217,6.782775331485927,-2.310275733821382,-12.509845,1.8750524356706209,-4.185328169492004,-0.2926239852060123
2021-02-18,384.1,-3.348996269658712,-2.3705770419298284,-12.499841,1.895395762623049,-4.265972804552877,-0.2977584518867669
2021-02-19,380.184,-7.279724301985907,-2.430557750902529,-12.607437,1.915166075187158,-4.345723826089687,-0.3027911943180343
2021-02-20,384.406,-3.0724065036744523,-2.4901788247356147,-12.677268,1.9343521193355877,-4.424530944071202,-0.3077177969348536
2021-02-21,381.655,-5.838040612903143,-2.5494009869613405,-12.686326,1.9529428160560964,-4.502343803017437,-0.3125338822218252
2021-02-22,381.172,-6.335604074363245,-2.6081847561326885,-12.691284,1.9709272709398056,-4.579112027072494,-0.3172351158636076
2021-02-23,384.492,-3.03011548031467,-2.666490481676603,-12.681487,1.9882947837160732,-4.654785265392676,-0.321817211874394
2021-02-24,381.476,-6.060435058730965,-2.72427838007886,-12.657289,2.0050348577237456,-4.7293132378026055,-0.3262759377001641
2021-02-25,380.307,-7.243701850357942,-2.781508571362969,-12.649085,2.0211372093085305,-4.802645780671499,-0.3306071192875254
2021-02-26,389.039,1.4740864306428247,-2.838141115825373,-12.669798,2.0365917771362594,-4.8747328929616325,-0.3348066461129929
2021-02-27,391.568,3.9888093660536894,-2.8941360509888483,-12.694461,2.0513887314118797,-4.945524782400728,-0.338870476166585
2021-02-28,389.134,1.5403689748065987,-2.949453428735714,-12.683241,2.0655184829940323,-5.014971911729747,-0.3427946408836735
2021-03-01,382.199,-5.409133393835726,-3.004053352582341,-12.648297,2.0789716923951715,-5.0830250449775125,-0.3465752500190612
2021-03-02,384.231,-3.391570685580455,-3.057896015056204,-12.60097,2.09173927865722,-5.149635293713423,-0.3502084964573318
2021-03-03,388.143,0.506059315613046,-3.1109417351366884,-12.5487585,2.10381242809289,-5.214754163229578,-0.3536906609535799
2021-03-04,381.706,-5.945459350515751,-3.163150995720644,-12.506298,2.115182602882868,-5.278333598603512,-0.3570181167987001
2021-03-05,382.689,-4.976802427255846,-3.2144844810738227,-12.465817,2.1258415495191683,-5.340326030592991,-0.3601873344034995
2021-03-06,386.162,-1.517943049790364,-3.264903114229142,-12.436504,2.1357813070851184,-5.40068442131426,-0.3631948857959791
2021-03-07,383.213,-4.4811749717095735,-3.314368094292935,-12.376574,2.144994215362546,-5.459362309655481,-0.3660374490262306
2021-03-08,384.918,-2.790267350240864,-3.362840933620321,-12.324705,2.1534729227568974,-5.516313856377218,-0.3687118124734901
2021-03-09,380.999,-6.723298321884121,-3.4102834948209986,-12.287387,2.161210394031156,-5.571493888852155,-0.3712148790500009
2021-03-10,386.345,-1.391253505276717,-3.4566580275569683,-12.335055,2.168199917839641,-5.624857945396609,-0.3735436702964473
2021-03-11,386.984,-0.7660937991713996,-3.5019272050937835,-12.4043045,2.1744351140528804,-5.676362319146664,-0.3756953303638481
2021-03-12,379.449,-8.314870638162457,-3.546054160567375,-12.387835,2.1799099408650195,-5.725964101432394,-0.3776671298769142
2021-03-13,380.783,-6.994579137887143,-3.589002522928613,-12.389184,2.18461870167536,-5.773621224603973,-0.3794564696740186
2021-03-14,383.871,-3.920217079001788,-3.630736452528173,-12.444175,2.1885560517358744,-5.819292504264048,-0.3810608844190538
2021-03-15,386.346,-1.458782242162957,-3.6712206763046735,-12.492799,2.191717004556744,-5.8629376808614175,-0.3824780460806002
2021-03-16,389.953,2.1345373112882937,-3.71042052253943,-12.483681,2.1940969380622124,-5.904517460601642,-0.3837057672739802
2021-03-17,383.731,-4.1012750077886375,-3.748301955141636,-12.446286,2.195691600489269,-5.943993555630906,-0.3847420044619208
2021-03-18,381.839,-6.007015778974051,-3.78483160742825,-12.392192,2.196497116021943,-5.9813287234501935,-0.3855848610097112
2021-03-19,384.023,-3.836682841514033,-3.819976815363506,-12.380716,2.196509990154241,-6.016486805517747,-0.3862325900909038
2021-03-20,383.22,-4.653274034654752,-3.8537056502233233,-12.537125,2.195727114775008,-6.049432764998331,-0.3866835974397802
2021-03-21,384.845,-3.041787197642365,-3.885986950650738,-12.492497,2.1941457729683096,-6.080132723619048,-0.3869364439469666
2021-03-22,382.986,-4.914220169722861,-3.916790354068952,-12.531168,2.191763643523169,-6.108553997592121,-0.3869898480947765
2021-03-23,382.513,-5.400570790142471,-3.9460863274193447,-12.602594,2.1885788051468147,-6.134665132566159,-0.3868426882290265
2021-03-24,391.409,3.482163101852685,-3.973846197192474,-12.600237,2.184589740375882,-6.158435937568356,-0.3864940046642649
2021-03-25,383.28,-4.660060978896604,-4.000042178720895,-12.719895,2.1797953391802998,-6.179837517901194,-0.385943001619538
2021-03-26,389.194,1.2408032280212824,-4.024647404703286,-12.714405,2.1741949022549454,-6.198842306958231,-0.3851890489820169
2021-03-27,382.25,-5.7165968384313945,-4.047635952930365,-12.666022,2.16778814399444,-6.215424096924806,-0.3842316838959985
2021-03-28,379.463,-8.516831488728704,-4.068982873183732,-12.624571,2.160575195146749,-6.229558068330481,-0.3830706121749985
2021-03-29,374.844,-13.148966785602662,-4.088664213279768,-12.566423,2.1525566051416782,-6.241220818421446,-0.3817057095348519
2021-03-30,380.577,-7.429013123123121,-4.1066570442316,-12.4940195,2.143733344090566,-6.250390388322166,-0.3801370226459465
2021-03-31,378.803,-9.2159683862972,-4.12293948450305,-12.429634,2.134106804453927,-6.2570462889569765,-0.3783647700029172
2021-04-01,378.415,-9.616830460132016,-4.137490723329428,-12.342212,2.123678802374052,-6.26116952570348,-0.3763893426103409
2021-04-02,383.219,-4.825545183795981,-4.1502910430811255,-12.241429,2.1124515786699845,-6.26274262175111,-0.3742113044831813
2021-04-03,380.978,-7.079163925865126,-4.161321840646786,-12.147058,2.1004277994926017,-6.261749640139388,-0.3718313929609466
2021-04-04,383.5700000000001,-4.499684563425168,-4.170565647814056,-12.045091,2.087610556637914,-6.25817620445197,-0.3692505188347394
2021-04-05,383.221,-4.8609146043548295,-4.178006150626862,-11.982993,2.074003367517017,-6.252009518143879,-0.3664697662865854
2021-04-06,382.699,-5.395047553764647,-4.183628207699259,-11.932589,2.059610174781537,-6.243238382480796,-0.3634903926406513
2021-04-07,384.964,-3.1420812597661985,-4.187417867467016,-11.895415,2.0444353456037154,-6.231853213070731,-0.3603138279261791
2021-04-08,385.572,-2.546013570471004,-4.189362384359206,-11.86457,2.028483670610708,-6.217846054969914,-0.3569416742521743
2021-04-09,385.014,-3.1158423339904666,-4.18945023387324,-11.820064,2.0117603624729674,-6.201210596346208,-0.3533757049941053
2021-04-10,387.084,-1.05756539843616,-4.187671126537837,-11.7813835,1.9942710541469928,-6.18194218068483,-0.3496178637930941
2021-04-11,386.683,-1.4701705374453962,-4.1840160207497625,-11.721048,1.9760217967730789,-6.160037817522841,-0.3456702633682856
2021-04-12,385.841,-2.323646742414919,-4.178477134471158,-11.67468,1.957019057229052,-6.135496191700209,-0.3415351841433051
2021-04-13,388.004,-0.1718458975993813,-4.171047955775639,-11.648182,1.937269715341379,-6.1083176711170175,-0.3372150726879249
2021-04-14,383.728,-4.459017825459321,-4.161723252232459,-11.739197,1.9167810607553184,-6.078504312987778,-0.3327125399762789
2021-04-15,385.085,-3.113086106438533,-4.150499079119283,-11.723553,1.8955607894662727,-6.046059868585556,-0.3280303594631688
2021-04-16,385.669,-2.5400485695040467,-4.137372786455323,-11.695096,1.8736170000147212,-6.010989786470045,-0.3231714649802271
2021-04-17,382.286,-5.933980327402011,-4.122343024847877,-11.618653,1.8509581893475653,-5.973301214195443,-0.3181389484539004
2021-04-18,380.776,-7.454804025422552,-4.105409750146475,-11.538392,1.827593248349053,-5.933002998495527,-0.3129360574474288
2021-04-19,382.833,-5.408517503977261,-4.08657422690013,-11.4714575,1.8035314570447512,-5.890105683944881,-0.3075661925292023
2021-04-20,384.869,-3.382993923415974,-4.065839030614487,-11.414744,1.7787824794824667,-5.844621510096953,-0.302032904470072
2021-04-21,388.444,0.1817495325350799,-4.043208048806763,-11.382522,1.7533563582942795,-5.796564407101043,-0.2963398912723969
2021-04-22,390.633,2.360487957814071,-4.018686480857807,-11.331489,1.7272635089442452,-5.745949989802051,-0.2904909950338023
2021-04-23,389.566,1.2831779306749431,-3.9922808366617706,-11.279198,1.7005147136666376,-5.692795550328408,-0.2844901986488158
2021-04-24,390.64,2.346615066488224,-3.963998934075063,-11.2860155,1.6731211150999128,-5.637120049174976,-0.2783416223517393
2021-04-25,389.276,0.9719497215882836,-3.9338498951676777,-11.364731,1.6450942096219687,-5.578944104789646,-0.2720495201042962
2021-04-26,393.36,5.045288591699837,-3.9018441412810794,-11.538604,1.6164458403924853,-5.518289981673564,-0.2656182758317801
2021-04-27,386.04,-2.285461296950793,-3.867993386898113,-11.506793,1.5871881901085372,-5.45518157700665,-0.2590523995116008
2021-04-28,385.807,-2.529277764007233,-3.832310632331676,-11.449227,1.5573337734799362,-5.389644405811612,-0.2523565231183055
2021-04-29,384.2960000000001,-4.0507870684875895,-3.794810155240049,-11.378534,1.526895429431054,-5.321705584671103,-0.2455353964293087
2021-04-30,387.118,-1.2391724250418283,-3.7555075009779904,-11.301448,1.4958863130361584,-5.251393814014149,-0.2385938826957434
2021-05-01,386.725,-1.642510055315714,-3.7144194717940127,-11.254143,1.4643198871956398,-5.178739358989652,-0.2315369541829858
2021-05-02,390.569,2.1912309801749115,-3.671564114885251,-11.237985,1.43220991406067,-5.103774028945921,-0.2243696875855801
2021-05-03,385.475,-2.9130114856267597,-3.626960709322677,-11.193495,1.3995704462142222,-5.026531155536899,-0.2170972593214145
2021-05-04,386.043,-2.3551415838769234,-3.580629751860508,-11.142045,1.366415817616538,-4.947045569477046,-0.2097249407101653
2021-05-05,382.99,-5.41825995063133,-3.532592941644743,-11.063337,1.3327606343234522,-4.865353575968195,-0.2022580930411433
2021-05-06,386.786,-1.6322647381246305,-3.48287316383699,-10.984746,1.2986197649861515,-4.781492928823141,-0.1947021625358191
2021-05-07,387.445,-0.9832044442093544,-3.4314944721707765,-10.940344,1.264008331141259,-4.695502803312036,-0.1870626752104235
2021-05-08,387.012,-1.4260638477365717,-3.3784820704586447,-10.909841,1.2289416973002634,-4.607423767758908,-0.1793452316441432
2021-05-09,382.999,-5.448916088252157,-3.3238622930693675,-10.88914,1.1934354608475908,-4.517297753916958,-0.1715555016585351
2021-05-10,383.102,-5.35566477245842,-3.2676625843957163,-10.861257,1.1575054417567994,-4.425168026152516,-0.1636992189139011
2021-05-11,384.988,-3.4793079422914834,-3.20991147733421,-10.827801,1.121167672134529,-4.331079149468739,-0.155782175428452
2021-05-12,384.087,-4.389843639687666,-3.150638570799173,-10.772406,1.0844383856020596,-4.235076956401233,-0.147810216026194
2021-05-13,379.702,-8.784269906583127,-3.089874506294601,-10.700965,1.0473340065244965,-4.137208512819098,-0.1397892327195484
2021-05-14,382.233,-6.262584784914097,-3.027650943568035,-10.638471,1.0098711390977015,-4.0375220826657365,-0.1317251590327984
2021-05-15,382.509,-5.9957863166167815,-2.964000535371769,-10.632675,0.9720665563033282,-3.936067091675097,-0.1236239642725312
2021-05-16,386.479,-2.03487254362738,-2.898956901357402,-10.646487,0.9339371887423292,-3.832894090099732,-0.1154916477513039
2021-05-17,385.223,-3.299845561825712,-2.8325546011308185,-10.631669,0.8955001133575591,-3.7280547144883776,-0.1073342329708255
2021-05-18,389.612,1.0803005306343056,-2.764829106495285,-10.597829,0.8567725420560747,-3.62160164855136,-0.0991577617709949
2021-05-19,388.911,0.3704087408092715,-2.6958167729113174,-10.560879,0.8177718102419429,-3.5135885831532603,-0.0909682884511822
2021-05-20,387.55,-0.9994310652543136,-2.6255548102026136,-10.572868,0.7785153652703491,-3.4040701754729628,-0.0827718738701702
2021-05-21,386.075,-2.4832518276777167,-2.554081252538184,-10.72521,0.7390207548339787,-3.293102007372162,-0.0745745795312138
2021-05-22,384.761,-3.805995449899223,-2.4814349277213643,-10.825093,0.6993056152925857,-3.18074054301395,-0.0663824616586874
2021-05-23,381.817,-6.758568211288731,-2.4076554258172287,-10.93955,0.6593876599568158,-3.0670430857740447,-0.0582015652728089
2021-05-24,385.247,-3.3370134861101644,-2.3327830671503937,-10.90158,0.619284667337326,-2.95206773448772,-0.0500379182689354
2021-05-25,386.228,-2.3643293672848182,-2.2568588697058645,-10.838398,0.5790144693702622,-2.8358733390761266,-0.0418975255079291
2021-05-26,380.065,-8.535451705886562,-2.1799245159661416,-10.741874,0.5385949396302225,-2.718519455596364,-0.0337863629240786
2021-05-27,381.636,-6.972445106331909,-2.102022319218269,-10.665091,0.4980439815417324,-2.600066300760002,-0.0257103716570496
2021-05-28,384.714,-3.902307651877332,-2.023195189365055,-10.595157,0.457379516600372,-2.4805747059654277,-0.0176754522143179
2021-05-29,389.044,0.4199625742204977,-1.9434865982750416,-10.517989,0.4166194726145443,-2.360106070889586,-0.009687458670506
2021-05-30,386.896,-1.735609264346968,-1.8629405447062928,-10.449252,0.3757817719788979,-2.238722316685191,-0.0017521929100058
2021-05-31,384.14,-4.498982581304039,-1.781601518839422,-10.393798,0.3348843199903808,-2.116485838829803,0.0061246010807668
2021-06-01,385.359,-3.2872225605410783,-1.6995144664555095,-10.334765,0.2939449932177646,-1.9934594596732744,0.0139372428652026
2021-06-02,385.34,-3.3131189468263607,-1.6167247527950177,-10.289287,0.2529816279354961,-1.8697063807305137,0.0216801211461745
2021-06-03,393.731,5.071116614489656,-1.5332781261338633,-10.231953,0.2120120086325369,-1.7452901347664005,0.0293476992874034
2021-06-04,393.94,5.2732777605496,-1.4492206811132171,-10.174786,0.171053856606872,-1.6202745377200891,0.0369345207604106
2021-06-05,392.337,3.663580029078141,-1.3645988218595702,-10.133638,0.1301248186561289,-1.4947236405156992,0.0444352145110512
2021-06-06,393.597,4.917025350427828,-1.2794592249318757,-10.098848,0.089242455874733,-1.3687016808066088,0.0518445002396963
2021-06-07,391.776,3.089541647439505,-1.1938488021326334,-10.068395,0.0484242325678125,-1.242273034700446,0.0591571935892329
2021-06-08,391.729,3.0360691505621507,-1.1078146632197583,-10.019747,0.0076875052919467,-1.1155021685117052,0.0663682112351432
2021-06-09,392.202,3.5023530792818014,-1.0214040785561949,-9.97907,-0.0329504879672831,-0.9884535905889116,0.0734725758720408
2021-06-10,390.546,1.839718615233001,-0.93466444173411,-10.016147,-0.0734726384712108,-0.8611918032628992,0.0804654210911422
2021-06-11,394.022,5.309189881833769,-0.8476432322105039,-9.9926405,-0.1138619772478647,-0.7337812549626391,0.0873419961432801
2021-06-12,394.203,5.483650795590827,-0.7603879779908794,-9.944323,-0.1541016854462282,-0.6062862925446512,0.0940976705821861
2021-06-13,388.959,0.2331797770521531,-0.6729462183975552,-9.8882885,-0.1941751045157906,-0.4787711138817645,0.1007279387829014
2021-06-14,388.861,0.1288549438654329,-0.5853654669589479,-9.827111,-0.2340657462024229,-0.3512997207565249,0.1072284243303135
2021-06-15,388.13,-0.6083503496733003,-0.4976931744559559,-9.770612,-0.2737573023518008,-0.2239358721041551,0.113594884272954
2021-06-16,387.145,-1.5993005049436215,-0.4099766921612778,-9.710759,-0.3132336545118839,-0.0967430376493939,0.1198232132373476
2021-06-17,391.946,3.195961375639181,-0.3222632353072163,-9.648634,-0.3524788833261586,0.0302156480189423,0.1259094473983512
2021-06-18,390.522,1.766197274325792,-0.2345998468172142,-9.591451,-0.3914772777095912,0.156877430892377,0.131849768301081
2021-06-19,391.007,2.245567535823862,-0.1470333613358447,-9.554777,-0.4302133437995735,0.2831799824637289,0.1376405065301896
2021-06-20,388.285,-0.4822021952451263,-0.0596103695917866,-9.532307,-0.4686718136743032,0.4090614440825166,0.1432781452224262
2021-06-21,388.454,-0.3188241778986067,0.0276228168723905,-9.500871,-0.5068376538314011,0.5344604707037917,0.1487593234185809
2021-06-22,395.623,6.844375767996631,0.114620200570075,-9.462581,-0.544696073419812,0.659316273989887,0.1540808392510929
2021-06-23,385.948,-2.836454308266634,0.2013361325072214,-9.416125,-0.5822325322183461,0.7835686647255675,0.1592396529637909
2021-06-24,390.049,1.2588515670447582,0.2877253461533278,-9.404326,-0.6194327483544723,0.9071580945078002,0.1642328897604056
2021-06-25,392.713,3.9172592849437615,0.3737429909149896,-9.391182,-0.6562827057573543,1.030025696672344,0.1690578424786991
2021-06-26,388.889,0.0877342852988487,0.4593446650808815,-9.376282,-0.6927686613393479,1.1521133264202297,0.1737119740872396
2021-06-27,387.776,-1.030646748787479,0.5444864482077129,-9.354437,-0.7288771519005687,1.2733636001082815,0.1781929200020437
2021-06-28,386.333,-2.478993031670868,0.6291249329172709,-9.323406,-0.7645950007513879,1.3937199336686588,0.1824984902205195
2021-06-29,388.387,-0.4300841826302739,0.7132172560755361,-9.300735,-0.7999093240481145,1.5131265801236506,0.1866266712703361
2021-06-30,391.16,2.33797358031238,0.7967211293255305,-9.28957,-0.8348075368374018,1.6315286661629322,0.1905756279710516
2021-07-01,396.181,7.354057232016037,0.8795948689463101,-9.271033,-0.8692773588052702,1.7488722277515802,0.1943437050065438
2021-07-02,392.059,3.2272825268038345,0.9617974250113877,-9.244588,-0.9033068197269788,1.8651042447383663,0.197929428306492
2021-07-03,390.304,1.4673607625680032,1.0432884098206625,-9.207573,-0.9368842646143192,1.9801726744349817,0.2013315062353743
2021-07-04,394.273,5.431473596260435,1.1240281255808255,-9.171598,-0.9699983585572628,2.094026484138088,0.2045488305876561
2021-07-05,385.794,-3.0524515317449805,1.203977591310046,-9.142986,-1.0026380912572068,2.2066156825672527,0.2075804773880575
2021-07-06,387.452,-1.3992145927943942,1.283098568943711,-9.142915,-1.0347927812494797,2.3178913501931904,0.2104257074960116
2021-07-07,389.06,0.2041859517231739,1.3613535886188923,-9.124228,-1.0664520798130392,2.427805668431932,0.2130839670136319
2021-07-08,390.529,1.668497294695972,1.438705973116159,-9.086625,-1.0976059745657245,2.536311947681884,0.2155548874967361
2021-07-09,393.016,4.150782832510069,1.5151198614383696,-9.038347,-1.1282447927437318,2.643364654182101,0.2178382859686806
2021-07-10,390.241,1.3711458405245427,1.5905602315070215,-9.012432,-1.1583592041643656,2.7489194356713877,0.2199341647369891
2021-07-11,395.255,6.38045148940534,1.664992921957793,-8.989611,-1.1879402238714465,2.8529331458292395,0.2218427110129672
2021-07-12,392.686,3.8068362694705726,1.7383846530179023,-8.951908,-1.216979214463149,2.955363867481052,0.2235642963347248
2021-07-13,391.2070000000001,2.3229313403517766,1.810703046449015,-8.902063,-1.2454678881023729,3.056170934551388,0.2250994757942313
2021-07-14,388.242,-0.6468962691873195,1.8819166445403996,-8.873209,-1.2733983082100906,3.15531495275049,0.2264489870692634
2021-07-15,386.992,-1.901632588248637,1.951994928138207,-8.843025,-1.3007628908425206,3.252757818980728,0.2276137492613001
2021-07-16,395.807,6.908640689052563,2.0209083336977787,-8.817583,-1.3275544057532616,3.3484627394510404,0.2285948615406568
2021-07-17,388.579,-0.3242899158952155,2.088628269346956,-8.795917,-1.3537659771419122,3.4423942464888686,0.2293936016003454
2021-07-18,390.161,1.252811376397546,2.1551271299495904,-8.759436,-1.3793910840910368,3.5345182140406277,0.2300114239203698
2021-07-19,387.963,-0.9502818657457182,2.220378311159401,-8.767264,-1.4044235606936626,3.624801871853064,0.2304499578443701
2021-07-20,388.537,-0.3812632968576093,2.284356222455631,-8.7505455,-1.4288575958738658,3.713213818329497,0.230711005470742
2021-07-21,394.658,5.734565509286697,2.3470362991529217,-8.718487,-1.4526877329032843,3.799724032056206,0.2307965393605529
2021-07-22,392.935,4.006464777729883,2.4083950133790624,-8.697776,-1.4759088686167918,3.884303881995854,0.2307087000647935
2021-07-23,389.964,1.0303400471895228,2.468409884015408,-8.677715,-1.4985162523308266,3.9669261363462343,0.2304497934736877
2021-07-24,393.39,4.451346012793588,2.5270594855957844,-8.660619,-1.5205054844682329,4.047564970064017,0.2300222879909899
2021-07-25,391.923,2.9792225951717364,2.584323456161042,-8.634545,-1.5418725148937538,4.126195971054797,0.2294288115363883
2021-07-26,391.966,3.0170121947209347,2.640182504067312,-8.613619,-1.5626136409646538,4.202796145031965,0.2286721483793228
2021-07-27,393.432,4.477678044099318,2.694618413747441,-8.58413,-1.5827255053012217,4.277343919048662,0.2277552358077122
2021-07-28,391.401,2.441308078384881,2.7476140504259097,-8.544298,-1.6022050932822047,4.349819143708114,0.2266811606352667
2021-07-29,392.636,3.6710515414338736,2.7991533637889234,-8.520387,-1.621049730270513,4.420203094059437,0.2254531555512378
2021-07-30,388.164,-0.8060582617233392,2.849221390612401,-8.546097,-1.639257078574839,4.488478469187241,0.2240745953166328
2021-07-31,388.9,-0.0749491471475045,2.897804256351605,-8.645282,-1.656825134153035,4.55462939050464,0.2225489928110911
2021-08-01,387.144,-1.8358528702579215,2.9448891756974898,-8.713449,-1.6737522230634614,4.618641398760952,0.2208799949347797
2021-08-02,387.518,-1.4666460885343318,2.9904644521056767,-8.663391,-1.6900369976706435,4.680501449776321,0.2190713783698242
2021-08-03,393.578,4.5886655708423145,3.0345194763053267,-8.592716,-1.7056784326119578,4.740197908917285,0.2171270452059517
2021-08-04,390.181,1.1867775911417953,3.077044723796045,-8.526275,-1.7206758205321897,4.797720544328235,0.2150510184351589
2021-08-05,389.026,0.0270491731171995,3.1180317513421447,-8.475926,-1.7350287675931018,4.853060518935246,0.2128474373203773
2021-08-06,390.116,1.112423906049699,3.157473192474558,-8.454429,-1.748737188765327,4.906210381239885,0.210520552643228
2021-08-07,396.866,7.858008179960162,3.195362752011877,-8.437614,-1.7618013029101631,4.95716405492204,0.2080747218361029
2021-08-08,395.486,6.473727152340561,3.2316951996127603,-8.422992,-1.7742216276589649,5.005916827271725,0.2055144040039286
2021-08-09,391.769,2.752431675388978,3.2664663623732784,-8.407525,-1.7859989740980904,5.052465336471369,0.2028441548410926
2021-08-10,394.523,5.502331055394997,3.2996731164834268,-8.400278,-1.7971344412674846,5.096807557750911,0.2000686214491193
2021-08-11,389.859,0.8343549486843003,3.331313377958296,-8.3712015,-1.8076294104812012,5.138942788439497,0.1971925370607984
2021-08-12,392.244,3.215629829470314,3.3613860924600445,-8.32985,-1.817485539478235,5.17887163193828,0.1942207156765611
2021-08-13,389.413,0.3807853876670983,3.389891224228008,-8.292051,-1.8267047564122771,5.216595980640285,0.1911580466190004
2021-08-14,390.371,1.335026503879874,3.416829744135028,-8.260669,-1.8352892536890848,5.2521189978241125,0.1880094890115143
2021-08-15,391.038,1.9982772512415887,3.4422036168889165,-8.240905,-1.8432414816602647,5.285445098549181,0.1847800661871347
2021-08-16,394.012,4.968591146948757,3.466015787399015,-8.217437,-1.8505641421824237,5.316579929581438,0.1814748600336776
2021-08-17,394.914,5.86713549967924,3.488270166328406,-8.216034,-1.8572601820507144,5.34553034837912,0.1780990052814185
2021-08-18,394.787,5.736745413508334,3.5089716148533223,-8.274639,-1.8633327863158813,5.372304401169203,0.1746576837395551
2021-08-19,390.275,1.2214899067777027,3.528125928651908,-8.340932,-1.868785371494011,5.396911300145919,0.1711561184877739
2021-08-20,391.253,2.196025283365953,3.5457398211453905,-8.358719,-1.87362157867821,5.4193613998236,0.1675995680292837
2021-08-21,394.737,5.676210930722899,3.561820906015303,-8.37133,-1.8778452665615704,5.439666172576874,0.1639933204117182
2021-08-22,393.582,4.5176182400804485,3.576377679021131,-8.355844,-1.8814605043807,5.45783818340183,0.1603426873223388
2021-08-23,390.956,1.888288293810584,3.589419499143451,-8.313658,-1.8844715647892356,5.473891063932687,0.1566529981639985
2021-08-24,389.795,0.7237960132598933,3.600956569078176,-8.267455,-1.886882916670692,5.487839485748868,0.1529295941183388
2021-08-25,392.234,3.159402169210279,3.610999915108178,-8.206243,-1.8886992179000557,5.499699133008233,0.1491778222027086
2021-08-26,389.771,0.6930663975640274,3.61956136637908,-8.175962,-1.889925308063484,5.509486674442564,0.1454030293272906
2021-08-27,390.467,1.385772482772376,3.626653533606524,-8.161169,-1.8905662011454707,5.517219734751995,0.1416105563589216
2021-08-28,391.43,2.3457126069846512,3.632289787242797,-8.143369,-1.8906270781928047,5.522916865435602,0.1378057321980761
2021-08-29,391.314,2.226712952310162,3.6364842351310345,-8.131145,-1.890113279964591,5.5265975150956255,0.1339938678754728
2021-08-30,392.001,2.910899243016454,3.6392516996757247,-8.118871,-1.8890302995775623,5.528281999253287,0.1301802506747217
2021-08-31,396.846,7.753318945859789,3.640607694558637,-8.125592,-1.887383775155824,5.52799146971446,0.1263701382874204
2021-09-01,395.066,5.970511504655368,3.640568401029574,-8.174214,-1.88517948249412,5.525747883523694,0.1225687530070407
2021-09-02,389.909,0.8104596488452565,3.639150643801783,-8.192722,-1.882423327743578,5.521573971545361,0.1187812759679221
2021-09-03,389.906,0.8045089842971618,3.636371866581983,-8.168943,-1.8791213401288367,5.51549320671082,0.1150128414356219
2021-09-04,388.616,-0.4882255888123752,3.632250107265413,-8.150621,-1.8752796647052952,5.507529771970708,0.1112685311548129
2021-09-05,391.434,2.327326280145414,3.626803972826356,-8.132794,-1.8709045551651424,5.497708527991498,0.1075533687608565
2021-09-06,389.861,0.7518551656594243,3.620052613934802,-8.096037,-1.866002366700664,5.4860549806354655,0.1038723142610959
2021-09-07,390.6,1.4883027382121168,3.612015699330159,-8.060707,-1.860579548933176,5.472595248263335,0.1002302585918432
2021-09-08,388.528,-0.5861482251952017,3.6027133899828625,-8.025919,-1.8546426389158135,5.457356028898676,0.0966320182569336
2021-09-09,390.011,0.8947074436249816,3.5921663130749013,-7.99152,-1.8481982542181612,5.440364567293063,0.0930823300536385
2021-09-10,389.919,0.8008383941712309,3.580395535830322,-8.005858,-1.8412530861006369,5.421648621930959,0.0895858458916196
2021-09-11,391.339,2.219195878468007,3.5674225392266665,-8.00912,-1.8338138927862715,5.401236432012938,0.0861471277105013
2021-09-12,387.771,-1.35025560996257,3.5532691916183925,-7.9753056,-1.8258874928373647,5.379156684455758,0.0827706425015254
2021-09-13,386.994,-2.128728715278453,3.537957722303073,-7.9539113,-1.817480758644291,5.355438480947364,0.07946075743864
2021-09-14,386.852,-2.2719667541631745,3.5215106950613104,-7.946393,-1.808600610033522,5.3301113050948326,0.076221735124233
2021-09-15,394.383,5.257864080935333,3.503950981700801,-7.931024,-1.7992540080016854,5.303204989702486,0.0730577289546098
2021-09-16,394.369,5.243066108121975,3.4853017356351934,-7.90772,-1.7894479485823045,5.274749684217498,0.069972778610163
2021-09-17,395.115,5.988638690102994,3.465586365527797,-7.8994412,-1.7791894568515247,5.244775822379322,0.0669708056750489
2021-09-18,387.955,-1.1714225896981838,3.44482850903025,-7.948543,-1.7684855810790212,5.213314090109272,0.0640556093910383
2021-09-19,396.959,7.832885308009845,3.423052006645707,-8.018814,-1.7573433870299124,5.180395393675619,0.0612308625500517
2021-09-20,389.405,0.279300607940903,3.400280875745992,-8.021721,-1.7457699524233052,5.146050828169297,0.0585001075297385
2021-09-21,388.914,-0.2111134833120775,3.376539284771673,-8.011994,-1.733772361552822,5.110311646324496,0.0558667524762964
2021-09-22,384.038,-5.086237903402836,3.351851527643666,-7.991743,-1.7213577000741758,5.073209227717841,0.0533340676385612
2021-09-23,386.427,-2.696003395182895,3.326241998414553,-7.967974,-1.7085330499645912,5.034775048379144,0.0509051818572259
2021-09-24,388.706,-0.4154172975035193,3.2997351661873684,-7.9501605,-1.6953054846585855,4.995040650845954,0.0485830792128782
2021-09-25,390.709,1.5894716187109852,3.272355550329069,-7.918155,-1.6816820643643386,4.954037614693408,0.0463705958363593
2021-09-26,389.208,0.0906909809830356,3.2441276960054397,-7.9106383,-1.6676698315645653,4.9117975275700045,0.0442704168847761
2021-09-27,394.533,5.418022411508838,3.21507615006358,-7.934412,-1.653275806705543,4.868351956769123,0.0422850736863035
2021-09-28,393.307,4.194432068839713,3.1852254372876407,-7.980936,-1.638506984077613,4.8237324213652535,0.0404169410567306
2021-09-29,390.677,1.5671130170592718,3.154600037052755,-7.9964576,-1.6233703278902076,4.777970364942963,0.0386682347905129
2021-09-30,389.708,0.6007493819462049,3.1232243604015597,-8.031485,-1.6078727685440823,4.731097128945642,0.037041009328894
2021-10-01,390.217,1.1126861170296518,3.0911227275670385,-8.046807,-1.5920211991032156,4.683143926670255,0.0355371556074679
2021-10-02,389.565,0.4637879254237376,3.0583193459646902,-8.050388,-1.5758224719684233,4.634141817933114,0.034158399085354
2021-10-03,390.056,0.9581699170366402,3.024838288676345,-8.0250435,-1.559283395754527,4.584121684430872,0.0329062979579475
2021-10-04,389.106,0.0115443280782563,2.990703473447272,-7.991529,-1.542410732372493,4.533114205819765,0.0317822415550169
2021-10-05,389.349,0.2582129424423733,2.9559386422173146,-7.978329,-1.525211194317745,4.48114983653506,0.0307874489257011
2021-10-06,391.301,2.2140563891212985,2.9205673412062114,-7.987988,-1.5076914421654528,4.428258783371664,0.0299229676117662
2021-10-07,387.711,-1.3719663755992055,2.884612901572292,-8.03401,-1.4898580822733325,4.374470983845624,0.0291896726102607
2021-10-08,391.355,2.2763014713725958,2.848098420663004,-8.269123,-1.4717176646921766,4.31981608535518,0.0285882655265091
2021-10-09,388.3440000000001,-0.7301410525733045,2.811046743874877,-8.305352,-1.45327668128398,4.264323425158857,0.0281192739181696
2021-10-10,388.786,-0.2832949300468472,2.7734804471396584,-8.278355,-1.4345415640472534,4.208022011186912,0.0277830508308689
2021-10-11,392.402,3.337838856342197,2.7354218200524967,-8.410052,-1.4155186836487967,4.150940503701293,0.0275797745257272
2021-10-12,399.418,10.359259323983885,2.696892849657105,-8.491342,-1.3962143481608635,4.093107197817969,0.0275094483988582
2021-10-13,395.636,6.582760369344742,2.657915204902077,-8.57407,-1.3766348020023944,4.034550006904471,0.0275719010927399
2021-10-14,392.325,3.277527841184084,2.618510221781387,-8.58183,-1.356786225082633,3.97529644686402,0.0277667867991211
2021-10-15,389.954,0.9124564798139114,2.57869888917139,-8.550157,-1.3366747321451862,3.915373621316576,0.0280935857529373
2021-10-16,389.075,0.0395210586639751,2.538501835375557,-8.513623,-1.316306372310267,3.854808207685824,0.0285516049164882
2021-10-17,391.453,2.4237249202060496,2.497939315387292,-8.472278,-1.295687128812575,3.793626444199867,0.0291399788529281
2021-10-18,396.333,7.310071398266286,2.4570311988801974,-8.542222,-1.2748229189319658,3.731854117812163,0.029857670787916
2021-10-19,393.25,4.233560532660228,2.415796958934132,-8.527422,-1.2537195941137973,3.669516553047929,0.0307034738580585
2021-10-20,392.428,3.418255279950313,2.374255661504614,-8.506864,-1.2323829402755668,3.6066386017801806,0.0316760125445925
2021-10-21,390.108,1.1048636319675826,2.332425955641808,-8.468036,-1.210818678296126,3.5432446339379338,0.0327737442905356
2021-10-22,392.836,3.8396099609350487,2.290326064464756,-8.559048,-1.1890324646835988,3.4793585291483544,0.0339949612993486
2021-10-23,393.469,4.47956603703973,2.2479737768951398,-8.665831,-1.1670298924177365,3.415003669312876,0.0353377925129501
2021-10-24,398.733,9.750522843754094,2.205386440154164,-8.969664,-1.144816491962311,3.3502029321164746,0.0368002057667357
2021-10-25,395.871,6.895708863839377,2.162580953024967,-9.798037,-1.122397732442816,3.284978685467783,0.0383800101190597
2021-10-26,390.653,1.6849891883175654,2.1195737598820754,-9.920025,-1.099779022984562,3.219352782866637,0.0400748583524535
2021-10-27,390.527,1.5664833339735034,2.0763808454883925,-9.953259,-1.076965714205981,3.153346559694373,0.0418822496436702
2021-10-28,389.5,0.5471470588579779,2.0330177305592185,-9.961585,-1.0539630998617648,3.086980830420983,0.0437995323994633
2021-10-29,395.432,6.4868648750507765,1.989499468091838,-9.956372,-1.0307764186302335,3.020275886722072,0.045823907254834
2021-10-30,396.765,7.827654076794445,1.9458406404582087,-9.918177,-1.0074108560391013,2.95325149649731,0.0479524302303084
2021-10-31,396.496,7.566492578462045,1.9020553572573475,-9.8686495,-0.9838715465236728,2.88592690378102,0.0501820160446315
2021-11-01,393.678,4.756533605534877,1.8581572539229851,-9.848669,-0.96016357561125,2.8183208295342355,0.0525094415791138
2021-11-02,389.975,1.061703094238705,1.814159491081187,-9.844934,-0.9362919822253776,2.7504514733065646,0.0549313494896918
2021-11-03,386.249,-2.656274602167678,1.7700747546516211,-9.807171,-0.9122617611034064,2.6823365157550274,0.0574442519626211
2021-11-04,391.159,2.2619413840588667,1.7259152566852576,-9.81086,-0.88807786532067,2.613993122005928,0.0600445346095614
2021-11-05,393.896,5.007090489768772,1.68169273693034,-9.771524,-0.8637452089144236,2.545437945844764,0.0627284604976742
2021-11-06,393.415,4.534394623973885,1.6374184651176025,-9.744465,-0.8392686696005699,2.4766871347181723,0.0654921743102078
2021-11-07,391.652,2.7798741436809453,1.59310324395473,-9.737861,-0.8146530915760608,2.4077563355307907,0.068331706632918
2021-11-08,390.899,2.0355276299026768,1.548757412819275,-9.687127,-0.7899032883997579,2.338660701219033,0.0712429783615324
2021-11-09,391.994,3.139353663651673,1.5043908521383345,-9.77037,-0.7650240459444152,2.2694148980827498,0.0742218052253517
2021-11-10,385.669,-3.17664917405952,1.4600129884423865,-9.759556,-0.7400201254123585,2.2000331138547446,0.077263902421956
2021-11-11,382.619,-6.217453418157675,1.4156328000800125,-9.775125,-0.7148962664073586,2.1305290664873717,0.0803648893578825
2021-11-12,383.491,-5.335829880690863,1.3712588235792391,-9.797633,-0.6896571900551258,2.0609160136343654,0.0835202944900155
2021-11-13,387.048,-1.7690257957222233,1.3268991606406044,-9.769671,-0.6643076021647762,1.991206762805381,0.086725560262353
2021-11-14,388.969,0.1622958168493395,1.282561485746193,-9.770171,-0.6388521964235978,1.9214136821697911,0.089976048132697
2021-11-15,389.556,0.7597978604764979,1.2382530543681254,-9.765104,-0.6132956576173706,1.851548711985496,0.0932670436837462
2021-11-16,389.766,0.9801339120277244,1.1939807117593966,-9.733319,-0.5876426648685228,1.7816233766279193,0.0965937618129703
2021-11-17,390.004,1.2283858381843475,1.1497509023090855,-9.692496,-0.5618978948843292,1.711648797193415,0.0999513519955831
2021-11-18,386.739,-2.02620206820387,1.105569679443437,-9.66047,-0.5360660252074126,1.64163570465085,0.103334903614858
2021-11-19,394.494,5.739621310555286,1.061442716053533,-9.688691,-0.5101517374607725,1.5715944535143052,0.1067394513539611
2021-11-20,384.532,-4.21164363675531,1.0173753154298089,-9.66386,-0.484159720579619,1.501535036009428,0.1101599806434305
2021-11-21,385.738,-2.994746026454761,0.973372422682919,-9.6467285,-0.4580946740223221,1.4314670967052412,0.1135914331583787
2021-11-22,389.064,0.3423125765584709,0.9294386366299756,-9.625336,-0.4319613109527832,1.361399947582759,0.1170287123594441
2021-11-23,390.394,1.6835015761597063,0.885578222124668,-9.611781,-0.405764361386669,1.291342583511337,0.1204666890714942
2021-11-24,388.763,0.0638413343491923,0.8417951228091574,-9.586851,-0.379508575293961,1.2213036981031182,0.1239002070940443
2021-11-25,383.953,-4.734669562867177,0.7980929742653112,-9.599545,-0.35319872565035,1.1512916999156613,0.1273240888373373
2021-11-26,387.787,-0.8890034977532917,0.754475117542221,-9.5976925,-0.326839611430141,1.081314728972362,0.1307331409780137
2021-11-27,387.606,-1.0579379612009698,0.7109446130366892,-9.581411,-0.3004360605333882,1.0113806735700774,0.1341221601282928
2021-11-28,387.336,-1.3157200310215686,0.6675042547028777,-9.579205,-0.2739929326401162,0.9414971873429938,0.1374859385125763
2021-11-29,389.076,0.4366489205139521,0.6241565845669759,-9.542056,-0.2475151219845926,0.8716717065515684,0.1408192696454086
2021-11-30,388.047,-0.5798324788653493,0.5809039075224703,-9.519571,-0.2210075600427827,0.8019114675652531,0.1441169540047128
2021-12-01,387.945,-0.6688205024885878,0.5377483063812223,-9.505265,-0.1944752181262121,0.7322235245074344,0.147373804694266
2021-12-02,386.527,-2.0736522438801046,0.494691657155391,-9.4656515,-0.167923109875663,0.662614767031054,0.1505846530893796
2021-12-03,384.76,-3.8273290242062936,0.4517356445449177,-9.417953,-0.1413562936482654,0.5930919381931832,0.1537443544597982
2021-12-04,386.365,-2.2088454832489046,0.4088817776051861,-9.38188,-0.1147798747917369,0.5236616523969231,0.1568477935638588
2021-12-05,392.526,3.965790191872276,0.36613140556923,-9.351496,-0.0881990077997082,0.4543304133689382,0.1598898902079982
2021-12-06,390.132,1.5852315820657537,0.3234857337988022,-9.350909,-0.0616188983422388,0.385104632141041,0.1628656047657501
2021-12-07,394.809,6.275560558052889,0.2809458398384432,-9.335993,-0.0350448051658818,0.3159906450043251,0.1657699436504267
2021-12-08,391.575,3.0549990358680823,0.2385126895467491,-9.329459,-0.0084820418578153,0.2469947314045645,0.168597964735745
2021-12-09,387.121,-1.3856402978357574,0.1961871532788463,-9.581664,0.0180640215311898,0.1781231317476564,0.171344782718726
2021-12-10,395.266,6.773050856322641,0.1539700220942528,-9.633152,0.0445879570099706,0.1093820650842822,0.1740055744192741
2021-12-11,392.241,3.7618690216545514,0.1118620239642064,-9.687618,0.0710842773211231,0.0407777466430833,0.1765755840109192
2021-12-12,393.023,4.557812786195317,0.0698638399527519,-9.745462,0.0975474347706239,-0.027683594817872,0.1790501281772984
2021-12-13,395.774,7.322880737979943,0.0279761203458213,-9.869068,0.1239718202172018,-0.0959956998713804,0.1814246011890425
2021-12-14,392.358,3.920863787667321,-0.0138004992971956,-10.372441,0.1503517622254858,-0.1641522615226815,0.183694479895837
2021-12-15,393.756,5.332865715495201,-0.0554653821946934,-10.531553,0.1766815263866628,-0.2321469085813563,0.1858553286285207
2021-12-16,392.959,4.549979288941737,-0.0970178745221897,-10.726931,0.2029553148101354,-0.2999731893323252,0.1879028040062112
2021-12-17,388.124,-0.2707969490531896,-0.1384572897446023,-10.724359,0.2291672657894048,-0.3676245555340072,0.1898326596435454
2021-12-18,389.732,1.3516323862172404,-0.1797828931261282,-10.744869,0.2553114536450566,-0.4350943467711849,0.1916407507532581
2021-12-19,392.433,4.067074785728979,-0.2209938864421179,-10.754519,0.2813818887475159,-0.5023757751896338,0.1933230386394323
2021-12-20,390.589,2.2376100296897943,-0.2620893929169365,-10.750679,0.3073725177219021,-0.5694619106388388,0.1948755950768977
2021-12-21,391.667,3.330193893307092,-0.303068442411484,-10.733624,0.3332772238370221,-0.6363456662485061,0.1962946065723823
2021-12-22,395.524,7.201878814194096,-0.3439299568836462,-10.75616,0.3590898275802463,-0.7030197844638926,0.197576378503161
2021-12-23,397.24,8.932663325163082,-0.3846727361445327,-11.00836,0.3848040874197145,-0.7694768235642473,0.198717339129091
2021-12-24,399.0870000000001,10.794453973454576,-0.4252954439328765,-11.381606,0.4104137007549961,-0.8357091446878726,0.1997140434740703
2021-12-25,396.94,8.662317920675115,-0.4657965943295174,-11.483479,0.4359123050570037,-0.9017088993865212,0.2005631770731081
2021-12-26,390.579,2.316132649829905,-0.5061745385333997,-11.708229,0.4612934791977261,-0.9674680177311258,0.2012615595813491
2021-12-27,390.96,2.712034163208749,-0.5464274520199413,-11.890475,0.4865507449699199,-1.0329781969898613,0.2018061482415568
2021-12-28,399.148,10.91494060911749,-0.5865533221020355,-11.952829,0.511677568796657,-1.0982308908986926,0.2021940412067184
2021-12-29,399.376,11.157928646258036,-0.6265499359135197,-12.043978,0.5366673636303205,-1.1632172995438403,0.2024224807146042
2021-12-30,389.354,1.1509842488426272,-0.6664148688341027,-12.118463,0.5615134910402588,-1.2279283598743616,0.2024888561112814
2021-12-31,394.29,6.102064577798593,-0.706145473374304,-12.250909,0.5862092634880565,-1.2923547368623605,0.2023907067207501
2022-01-01,394.022,5.849122132013401,-0.7457388685381643,-12.314542,0.610747946789023,-1.3564868153271874,0.2021257245580528
2022-01-02,388.863,0.7052507418412928,-0.7851919296808957,-12.312087,0.6351227627582292,-1.420314692439125,0.2016917568833732
2022-01-03,389.795,1.6523394840042631,-0.8245012788778521,-12.358621,0.659326892039041,-1.483828170916893,0.201086808594829
2022-01-04,382.196,-5.931584045894094,-0.8636632758205677,-12.438887,0.6833534771118751,-1.5470167529324428,0.2003090444578395
2022-01-05,381.691,-6.421439519362367,-0.9026740092547406,-12.558689,0.7071956254805029,-1.6098696347352437,0.199356791169131
2022-01-06,387.269,-0.8282286593161303,-0.9415292889744294,-12.656711,0.7308464130330065,-1.672375702007436,0.1982285392536286
2022-01-07,393.247,5.165040036949071,-0.9802246383857928,-12.708584,0.7542988875741202,-1.7345235259599128,0.1969229447926702
2022-01-08,386.694,-1.3728342635763475,-1.0187552876530153,-12.698011,0.7775460725254322,-1.7963013601784474,0.1954388309821591
2022-01-09,387.411,-0.640659275945989,-1.0571161674381708,-12.694687,0.8005809707896064,-1.8576971382277767,0.1937751895194679
2022-01-10,384.045,-3.991436596276292,-1.095301903246023,-12.674818,0.8233965687745122,-1.9186984720205351,0.1919311818180863
2022-01-11,380.726,-7.294961779415052,-1.133306810383811,-12.66885,0.8459858405728439,-1.9792926509566555,0.1899061400491991
2022-01-12,384.007,-3.998430428371867,-1.1711248895453057,-12.65716,0.8683417522925347,-2.03946664183784,0.1876995680095688
2022-01-13,385.971,-2.018844264616191,-1.208749823027503,-12.640635,0.8904572665330279,-2.099207089560531,0.1853111418152853
2022-01-14,385.36,-2.614205009143964,-1.2461749715874637,-12.634302,0.9123253470021364,-2.1585003185896,0.1827407104211378
2022-01-15,387.737,-0.2215143824812582,-1.2833933719458823,-12.62375,0.933938963268021,-2.217332335213904,0.1799882959655434
2022-01-16,387.621,-0.3217810418671156,-1.3203977349431049,-12.618877,0.9552910956405464,-2.275688830583652,0.1770540939411682
2022-01-17,385.048,-2.879006548704384,-1.357180444352389,-12.609376,0.9763747401759842,-2.333555184528373,0.1739384731915531
2022-01-18,385.657,-2.254185527218269,-1.3937335563543134,-12.591585,0.997182913798868,-2.390916470153181,0.1706419757342455
2022-01-19,384.095,-3.800319697008299,-1.4300487996752786,-12.57941,1.0177086595345115,-2.4477574592097904,0.1671653164111307
2022-01-20,387.545,-0.3344107772164464,-1.4661175763921588,-12.611435,1.0379450518454978,-2.504062628237657,0.1635093823668227
2022-01-21,381.907,-5.956467524999852,-1.5019309634042206,-12.639202,1.0578852020652525,-2.5598161654694733,0.1596752323561804
2022-01-22,381.323,-6.524484460109784,-1.5374797145725378,-12.616782,1.0775222639215818,-2.61500197849412,0.1556640958821698
2022-01-23,384.288,-3.5433860274834514,-1.5727542635260985,-12.593721,1.096849439142862,-2.6696037026689603,0.1514773721654939
2022-01-24,386.985,-0.8301397361333178,-1.6077447271330307,-12.577027,1.1158599831394158,-2.7236047102724465,0.1471166289475675
2022-01-25,387.484,-0.3147628241221545,-1.6424409096343169,-12.5609455,1.1345472107523782,-2.776988120386694,0.1425836011286065
2022-01-26,387.178,-0.604298684162087,-1.6768323074364897,-12.522552,1.1529045020622597,-2.8297368094987494,0.1378801892427559
2022-01-27,383.275,-4.490788357941515,-1.710908114558928,-12.476649,1.1709253082491689,-2.881833422808097,0.1330084577723593
2022-01-28,382.921,-4.828158029959822,-1.7446572287303916,-12.435333,1.188603157496632,-2.9332603862270235,0.1279706333036332
2022-01-29,386.119,-1.6134875287273371,-1.778068258128547,-12.392193,1.2059316609306787,-2.983999919059226,0.1227691025261734
2022-01-30,387.446,-0.2697785068921137,-1.811129528755403,-12.371995,1.222904518585867,-3.0340340473412697,0.1174064100788764
2022-01-31,385.042,-2.657039866507236,-1.843829092440564,-12.379994,1.2395155253897188,-3.0833446178302824,0.1118852562450178
2022-02-01,388.023,0.340734154379072,-1.876154735463457,-12.361681,1.2557585771569992,-3.131913312620456,0.10620849449938
2022-02-02,385.351,-2.314465382225133,-1.9080939877847307,-12.389883,1.271627676585141,-3.179721664369872,0.1003791289104628
2022-02-03,383.765,-3.8836326768981024,-1.9396341328761957,-12.423316,1.2871169392420865,-3.226751072118282,0.0944003114009674
2022-02-04,382.016,-5.615769381005125,-1.9707622181378703,-12.42911,1.3022205995377292,-3.2729828176756,0.0882753388698689
2022-02-05,380.326,-7.288877145490518,-2.001465065889781,-12.404817,1.3169330166700712,-3.3183980825598525,0.0820076501795384
2022-02-06,381.597,-6.000957620881435,-2.031729284925469,-12.362193,1.33124868053725,-3.3629779654627185,0.0756008230115042
2022-02-07,381.131,-6.450012457290949,-2.061541282613236,-12.329094,1.34516221760647,-3.406703500219706,0.0690585705945588
2022-02-08,379.786,-7.778043304421368,-2.0908872775304705,-12.29971,1.3586683967309188,-3.449555674261389,0.0623847383090596
2022-02-09,379.346,-8.201051811567819,-2.1197533126155883,-12.27702,1.371762134905754,-3.4915154475213424,0.0555833001713641
2022-02-10,383.015,-4.515039627621075,-2.1481252688214165,-12.257372,1.3844385029542292,-3.5325637717756457,0.0486583552024719
2022-02-11,381.051,-6.462008401070834,-2.175988879253084,-12.22763,1.3966927311351005,-3.572681610388184,0.0416141236850413
2022-02-12,384.065,-3.430959780008881,-2.203329743772783,-12.1791,1.4085202146624074,-3.61184995843519,0.0344549433130544
2022-02-13,383.44,-4.038895412132112,-2.2301333440531605,-12.12656,1.4199165191289245,-3.650049863182085,0.0271852652384999
2022-02-14,385.238,-2.2238169447455656,-2.25638505906033,-12.085815,1.4308773858244723,-3.6872624448848015,0.0198096500195347
2022-02-15,388.833,1.3884153018190952,-2.282070180946924,-12.139576,1.4413987369405012,-3.723468917887425,0.0123327634746692
2022-02-16,389.279,1.8516544062670257,-2.3071739313350323,-12.147694,1.4514766806523651,-3.7586506119873975,0.0047593724476042
2022-02-17,383.917,-3.4931010823878146,-2.3316814779682056,-12.162831,1.4611075160708458,-3.7927889940390513,-0.0029056595125805
2022-02-18,381.966,-5.4268239693849,-2.3555779517111746,-12.127452,1.4702877380546011,-3.825865689765776,-0.0106573765511149
2022-02-19,382.677,-4.69853617034131,-2.378848463875472,-12.084502,1.4790140418753228,-3.857862505750795,-0.018490734982271
2022-02-20,387.089,-0.2692393070062018,-2.4014781238485416,-12.056514,1.487283327727561,-3.8887614515761024,-0.026400607834251
2022-02-21,388.695,1.3540570869303656,-2.4234520570034914,-12.119661,1.4950927050753082,-3.9185447620788,-0.0343817894592814
2022-02-22,388.013,0.6893307099764763,-2.444755422866216,-12.232624,1.5024394968276096,-3.947194919693825,-0.0424290002039296
2022-02-23,389.65,2.3436004082086046,-2.4653734335161515,-12.2938,1.5093212433356282,-3.97469467685178,-0.0505368911346113
2022-02-24,384.957,-2.332276592368559,-2.485291372196585,-12.278239,1.5157357062038326,-4.001027078400417,-0.0587000488132267
2022-02-25,384.6,-2.672156340659782,-2.504494612110057,-12.254939,1.5216808719081103,-4.026175484018168,-0.0669130001178292
2022-02-26,379.064,-8.191040481679153,-2.5229686353740552,-12.220125,1.5271549552138943,-4.050123590587949,-0.0751702171032162
2022-02-27,380.901,-6.336930660068466,-2.540699052111929,-12.207533,1.532156402387541,-4.072855454499471,-0.0834661218963076
2022-02-28,381.448,-5.772687193515569,-2.557671619653709,-12.225468,1.5366838941945131,-4.094355513848222,-0.0917950916211701
2022-03-01,385.369,-1.834336369372085,-2.5738722618211884,-12.211256,1.5407363486780976,-4.114608610499286,-0.1001514633485408
2022-03-02,381.305,-5.880989586612722,-2.5892870882715777,-12.166246,1.5443129237126996,-4.133600011984277,-0.1085295390646998
2022-03-03,382.34,-4.828648450776917,-2.6039024138736924,-12.119579,1.547413019325978,-4.15131543319967,-0.1169235906545586
2022-03-04,390.249,3.097685432955473,-2.6177047780906704,-12.107214,1.5500362797843976,-4.167741057875068,-0.125327864893829
2022-03-05,388.893,1.7588893604088809,-2.630680964343006,-12.295208,1.5521825954370467,-4.182863559780053,-0.1337365884451689
2022-03-06,387.623,0.5059303604768011,-2.642818019325644,-12.332602,1.5538521043128533,-4.196670123638497,-0.1421439728532163
2022-03-07,390.013,2.9129444817515164,-2.6541032722528715,-12.331047,1.5550451934666565,-4.209148465719528,-0.1505442195334574
2022-03-08,385.396,-1.687150081158665,-2.6645243540046946,-12.309982,1.5557625000698916,-4.220286854074586,-0.1589315247499081
2022-03-09,393.401,6.334731633362082,-2.674069216148468,-12.346514,1.5560049122419697,-4.230074128390437,-0.1673000845766267
2022-03-10,396.036,8.986567161133939,-2.6827261498095454,-12.351398,1.555773569618755,-4.2384997194283,-0.1756440998381281
2022-03-11,382.691,-4.341686289356661,-2.6904838043649195,-12.312302,1.555069863654882,-4.245553668019801,-0.1839577810238115
2022-03-12,381.959,-5.056969850098627,-2.697331205933834,-12.272373,1.5538954376570249,-4.251226643590859,-0.192235353171582
2022-03-13,384.916,-2.0832851845178664,-2.7032577756395786,-12.263603,1.5522521865454952,-4.255509962185074,-0.2004710607158972
2022-03-14,383.638,-3.344633955689893,-2.7082533476168806,-12.215892,1.550142256342009,-4.25839560395889,-0.2086591722955464
2022-03-15,381.282,-5.684017826341807,-2.7123081867395302,-12.284676,1.5475680433817507,-4.2598762301212805,-0.2167939855165345
2022-03-16,381.527,-5.42243845885455,-2.7154130060430703,-12.2591305,1.5445321932482208,-4.259945199291291,-0.2248698316655266
2022-03-17,383.095,-3.8378440237745455,-2.7175589838178293,-12.234223,1.541037599429787,-4.258596583247616,-0.2328810803693842
2022-03-18,384.835,-2.081288220713667,-2.718737780347711,-12.191188,1.5370874016971448,-4.255825182044855,-0.2408221441964158
2022-03-19,387.169,0.2692272968951004,-2.718941554270672,-12.169277,1.53268498420136,-4.251626538472031,-0.248687483195052
2022-03-20,388.29,1.4066922071250303,-2.718162978537143,-12.222717,1.5278339732924535,-4.245996951829596,-0.2564716093657542
2022-03-21,385.044,-1.8228949507410317,-2.716395255943028,-12.199396,1.5225382350589522,-4.23893349100198,-0.2641690910620605
2022-03-22,382.725,-4.125526968588131,-2.7136321342144605,-12.214692,1.5168018725891548,-4.230434006803615,-0.2717745573167821
2022-03-23,380.552,-6.2822054991746406,-2.709867920621885,-12.165561,1.5106292229552667,-4.220497143577152,-0.279282702089464
2022-03-24,385.223,-1.5949321949246045,-2.7050974961016125,-12.073116,1.5040248539219796,-4.209122350023592,-0.2866882884313448
2022-03-25,386.58,-0.2216961988660792,-2.6993163288634565,-11.961699,1.496993560381357,-4.196309889244813,-0.2939861525641557
2022-03-26,383.4,-3.385520192402228,-2.692520487463734,-11.857743,1.4895403605164232,-4.182060847980157,-0.3011712078692241
2022-03-27,389.0700000000001,2.3006835782914474,-2.6847066533233934,-11.763001,1.4816704916960868,-4.16637714501948,-0.3082384487834689
2022-03-28,391.258,4.504746044009265,-2.6758721326716843,-11.750016,1.47338940610451,-4.149261538776194,-0.3151829545989943
2022-03-29,388.044,1.306731418920654,-2.666014867896536,-11.77232,1.4647027661084104,-4.130717634004947,-0.3219998931631267
2022-03-30,386.961,0.2396504199732843,-2.655133448283261,-11.751746,1.4556164393661095,-4.110749887649371,-0.3286845244758616
2022-03-31,387.731,1.0255015931197011,-2.643227120124134,-11.724023,1.4461364936825791,-4.0893636138067135,-0.3352322041818257
2022-04-01,388.809,2.119283484312567,-2.630295796181948,-11.6469965,1.4362691916150785,-4.066564987797026,-0.3416383869539974
2022-04-02,385.286,-1.388058851985842,-2.616340064491453,-11.578979,1.4260209848343623,-4.042361049325816,-0.3478986297665646
2022-04-03,385.484,-1.1744659226745011,-2.6013611964833534,-11.52104,1.415398508246794,-4.016759704730148,-0.3540085950544392
2022-04-04,389.054,2.4110606132224968,-2.5853611544163004,-11.545786,1.4044085738830754,-3.989769728299376,-0.3599640537570952
2022-04-05,388.182,1.5543144323394662,-2.568342598103111,-11.55769,1.393058164559636,-3.961400762662747,-0.3657608882445383
2022-04-06,383.646,-2.966515584339942,-2.5503088909183305,-11.5169525,1.3813544273191332,-3.931663318237464,-0.3713950951233618
2022-04-07,383.172,-3.425421917370822,-2.5312641050749853,-11.457577,1.3693046666567628,-3.900568771731748,-0.3768627879209927
2022-04-08,383.21,-3.3724062541006967,-2.511213026159341,-11.405977,1.356916337539533,-3.8681293636988734,-0.3821601996463823
2022-04-09,386.467,-0.1004702815537472,-2.4901611569133038,-11.363504,1.34419703822589,-3.8343581951391936,-0.3872836852255409
2022-04-10,391.772,5.219375155803062,-2.468114720254961,-11.341177,1.3311545028934588,-3.79926922314842,-0.3922297238104732
2022-04-11,391.071,4.533116828164935,-2.445080661528731,-11.510927,1.317796594082968,-3.762877255611699,-0.3969949209602195
2022-04-12,395.712,9.188687404682122,-2.421066649977464,-11.594094,1.3041312949667263,-3.72519794494419,-0.4015760106928612
2022-04-13,390.484,3.974961306609411,-2.39608107942973,-11.657951,1.2901667014503029,-3.686247780880033,-0.4059698574074992
2022-04-14,383.655,-2.839883526191123,-2.370133068196552,-11.725129,1.275911014116408,-3.64604408231296,-0.4101734576753749
2022-04-15,380.458,-6.022825440009015,-2.343232458172736,-11.740665,1.261372530020172,-3.604604988192908,-0.4141839418994401
2022-04-16,385.608,-0.8588661660520629,-2.315389813138873,-11.807386,1.246559634345325,-3.561949447484197,-0.4179985758418579
2022-04-17,379.174,-7.27900743520898,-2.2866164162611367,-11.758327,1.2314807919310666,-3.518097208192203,-0.4216147620190422
2022-04-18,386.26700000000005,-0.1722509780506169,-2.256924266786909,-11.699583,1.21614453867959,-3.4730688054664998,-0.4250300409640176
2022-04-19,389.387,2.96139211272064,-2.226326075935208,-11.728565,1.2005594728545168,-3.426885548789725,-0.4282420923560203
2022-04-20,388.856,2.443792170574469,-2.1948352619820075,-11.691108,1.1847342462807058,-3.3795695082627133,-0.4312487360174107
2022-04-21,392.103,5.703960530801392,-2.162465944541323,-11.716035,1.168677555456075,-3.331143499997398,-0.4340479327781216
2022-04-22,386.86,0.4739382974806707,-2.1292329380440864,-11.896755,1.1523981325863244,-3.281631070630411,-0.4366377852080091
2022-04-23,385.25,-1.123145648810967,-2.0951517444177266,-11.926019,1.1359047365535944,-3.231056480971321,-0.4390165382176228
2022-04-24,380.768,-5.592236033096691,-2.06023854497037,-11.88307,1.1192061438302696,-3.17944468880064,-0.4411825795280511
2022-04-25,381.479,-4.868315242000813,-2.02451019148457,-11.830412,1.102311139349308,-3.126821330833878,-0.4431344400106432
2022-04-26,385.056,-1.2784952707880717,-1.9879841965264209,-11.776754,1.0852285073426016,-3.0732127038690225,-0.4448707938975501
2022-04-27,383.566,-2.755592605093236,-1.9506787229769105,-11.711316,1.0679670221589934,-3.018645745135904,-0.4463904588641607
2022-04-28,388.88,2.571197176665226,-1.9126125727933192,-11.678994,1.0505354390737431,-2.9631480118670623,-0.4476923959846509
2022-04-29,389.807,3.510663485418217,-1.8738051750094136,-11.662611,1.0329424851012434,-2.906747660110657,-0.4487757095619914
2022-04-30,387.7,1.4159842738538466,-1.8342765729841377,-11.693562,1.0151968498229411,-2.849473422807079,-0.4496396468338924
2022-05-01,387.553,1.2811720507443511,-1.794047410909514,-11.810749,0.9973071762424868,-2.7913545871520005,-0.4502835975562934
2022-05-02,390.332,4.07222530000215,-1.7531389195892386,-11.827518,0.9792820516801152,-2.7324209712693537,-0.4507070934661273
2022-05-03,383.855,-2.392857494460301,-1.7115729015005663,-11.863855,0.961129998718399,-2.6727029002189653,-0.4509098076252154
2022-05-04,381.846,-4.390068223107519,-1.669371715152811,-11.82275,0.9428594662114412,-2.612231181364252,-0.4508915536472586
2022-05-05,385.277,-0.9474086143171376,-1.6265582587568228,-11.822924,0.9244788203696758,-2.5510370791264987,-0.4506522848100182
2022-05-06,386.223,0.0101196038426326,-1.5831559532205568,-11.824548,0.9059963359323148,-2.489152289152872,-0.4501920930548821
2022-05-07,391.286,5.0845049161799,-1.5391887244867963,-11.838954,0.8874201874395956,-2.426608911926392,-0.4495112078761239
2022-05-08,391.437,5.246617667788086,-1.4946809852299214,-11.889183,0.8687584406168047,-2.3634394258467264,-0.4486099951022659
2022-05-09,384.747,-1.4325307944179753,-1.4496576159293697,-11.920859,0.8500190438820893,-2.299676659811459,-0.4474889555720606
2022-05-10,388.272,2.103176550740783,-1.404143945338356,-11.922704,0.8312098199899562,-2.235353765328312,-0.4461487237076981
2022-05-11,383.768,-2.390271901739593,-1.3581657303671086,-11.899389,0.8123384578222564,-2.170504188189365,-0.4445900659879416
2022-05-12,382.383,-3.764867855550628,-1.3117491354006885,-11.880509,0.7934125043383804,-2.1051616397390687,-0.4428138793239841
2022-05-13,377.805,-8.332613073369822,-1.264920711072174,-11.858984,0.7744393566962209,-2.0393600677683947,-0.4408211893408993
2022-05-14,380.972,-5.155509317568337,-1.2177073725127865,-11.813872,0.7554262545553824,-1.9731336270681687,-0.4386131485676446
2022-05-15,386.272,0.1544416497886022,-1.170136377101097,-11.738991,0.7363802725738812,-1.906516649674978,-0.4361910345386448
2022-05-16,385.038,-1.0697719966812445,-1.1222353017342446,-11.678136,0.7173083131094855,-1.83954361484373,-0.4335562478100671
2022-05-17,382.816,-3.2821417330247638,-1.0740320196447148,-11.615301,0.6982170991366132,-1.772249118781328,-0.430710309893947
2022-05-18,383.71,-2.378669320697382,-1.0255546767867705,-11.566699,0.679113167389515,-1.7046678441762853,-0.4276548611134089
2022-05-19,378.711,-7.368244718347619,-0.9768316678173284,-11.552704,0.6600028617422393,-1.6368345295595677,-0.4243916583822643
2022-05-20,382.973,-3.096978451214325,-0.9278916116965752,-11.537515,0.6408923268356931,-1.5687839385322682,-0.4209225729123362
2022-05-21,383.511,-2.549872263285234,-0.8787633269341403,-11.504571,0.6217875019617706,-1.5005508288959108,-0.4172495878519004
2022-05-22,382.611,-3.440927898244918,-0.829475806507196,-11.455022,0.6026941152143652,-1.432169921721561,-0.4133747958586806
2022-05-23,386.274,0.2308529005245992,-0.7800581924773057,-11.423506,0.5836176779167334,-1.363675870394039,-0.4093003966108736
2022-05-24,384.855,-1.1795420740092075,-0.7305397503332659,-11.434768,0.5645634793343898,-1.2951032296676557,-0.4050286942597118
2022-05-25,389.796,3.769896129897477,-0.6809498430876341,-11.419057,0.5455365816824554,-1.2264864247700895,-0.4005620948271083
2022-05-26,386.25,0.2320434445201644,-0.6313179051549924,-11.372416,0.5265418154360028,-1.157859720590995,-0.3959031035519421
2022-05-27,385.329,-0.6809928763665652,-0.5816734160403849,-11.349236,0.5075837749516527,-1.0892571909920377,-0.3910543221885699
2022-05-28,384.208,-1.7942038374910123,-0.5320458738666082,-11.425333,0.4886668144082997,-1.0207126882749078,-0.386018446261169
2022-05-29,394.286,8.291408802115386,-0.4824647687693951,-11.551793,0.4697950440745255,-0.9522598128439206,-0.3807982622775104
2022-05-30,390.458,4.4707665252755415,-0.4329595561897331,-11.606156,0.4509723269098208,-0.883931883099554,-0.3753966449057874
2022-05-31,387.062,1.0818560662039782,-0.3835596300927855,-11.565628,0.4322022755064396,-0.8157619055992251,-0.3698165541181106
2022-06-01,389.772,3.798749887396206,-0.3342942961431052,-11.490112,0.4134882493782484,-0.7477825455213536,-0.364061032304281
2022-06-02,388.558,2.5912417854029037,-0.2851927448658787,-11.411908,0.3948333526025411,-0.6800260974684198,-0.3581332013594468
2022-06-03,387.689,1.728529312270376,-0.2362840248241305,-11.357795,0.376240431820407,-0.6125244566445376,-0.3520362597492349
2022-06-04,392.012,6.057815551108285,-0.1875970158419198,-11.34072,0.3577120746007804,-0.5453090904427003,-0.3457734795559249
2022-06-05,389.683,3.7348998295305575,-0.1391604023034957,-11.400004,0.3392506081728758,-0.4784110104763715,-0.3393482035092212
2022-06-06,382.544,-3.398219397479086,-0.0910026465584383,-11.375131,0.3208580985312456,-0.4118607450896839,-0.3327638420051417
2022-06-07,388.421,2.4845430286492665,-0.0431519624628654,-11.32501,0.3025363499173075,-0.3456883123801729,-0.3260238701165178
2022-06-08,389.81,3.879166750357391,0.0043637109134591,-11.285523,0.2842869046806437,-0.2799231937671846,-0.3191318245985601
2022-06-09,390.894,4.968585914154673,0.0515167353842373,-11.219719,0.2661110435229588,-0.2145943081387214,-0.3120913008929049
2022-06-10,391.141,5.2207989976994345,0.0982797995182245,-11.178065,0.2480097861271098,-0.1497299866088853,-0.3049059501335156
2022-06-11,383.916,-1.9991955213499035,0.1446259442558536,-11.150094,0.2299838921730925,-0.0853579479172389,-0.2975794761577594
2022-06-12,395.108,9.197723337039491,0.1905285882415244,-11.200793,0.2120338627424346,-0.0215052745009101,-0.2901156325259334
2022-06-13,388.343,2.437434290686408,0.2359615528424822,-11.238354,0.1941599421119018,0.0418016107305803,-0.2825182195524496
2022-06-14,388.435,2.533935835434153,0.2808990868254893,-11.237366,0.1763621199369876,0.1045369668885017,-0.2747910813518384
2022-06-15,389.545,3.6482264671260753,0.3253158906628152,-11.208519,0.1586401338250692,0.1666757568377459,-0.2669381029026583
2022-06-16,392.834,6.94119287910296,0.3691871404393707,-11.146224,0.1409934722976869,0.2281936681416837,-0.2589632071323325
2022-06-17,390.965,5.075876213555508,0.4124885113332451,-11.084606,0.1234213781408494,0.2890671331923957,-0.2508703520258668
2022-06-18,391.913,6.027339271128265,0.4551962006422813,-11.050705,0.1059228521417631,0.3492733485005181,-0.2426635277613266
2022-06-19,388.664,2.7815805213170672,0.4972869503297836,-11.042923,0.0884966572098739,0.4087902931199097,-0.2343467538748668
2022-06-20,389.629,3.749664551661319,0.5387380690629068,-11.000939,0.0711413228796142,0.4675967461832925,-0.2259240764580382
2022-06-21,388.244,2.367459392255073,0.5795274537178862,-10.951344,0.053855150191666,0.5256723035262201,-0.2173995653900012
2022-06-22,385.886,0.0120278437431466,0.6196336103265798,-10.906713,0.0366362169491598,0.58299739337742,-0.2087773116071982
2022-06-23,385.88920739219714,0.0144453377749447,0.6590356744396978,-10.8661995,0.0194823833445546,0.6395532910951431,-0.200061424412933
2022-06-24,385.8924147843943,0.0166459233349448,0.6977134308823673,-10.804126,0.0023912979525982,0.695322132929769,-0.1912560288292339
2022-06-25,385.8956221765914,0.0186646974892131,0.7356473328785627,-10.748358,-0.0146395959158945,0.7502869287944571,-0.1823652629932633
2022-06-26,385.8988295687885,0.020539236449533,0.772818520521404,-10.696722,-0.031613053505082,0.804431574026486,-0.173393275600448
2022-06-27,385.9020369609856,0.0221948796397173,0.8092088385672208,-10.624829,-0.0485320215562005,0.8577408601234213,-0.1643442233964064
2022-06-28,385.9052443531828,0.0236299672697791,0.8448008535317462,-10.549199,-0.0653996309074169,0.9102004844391632,-0.1552222687196437
2022-06-29,385.9084517453799,0.0248428398529898,0.8795778700677892,-10.514604,-0.082219188758608,0.9617970588263972,-0.1460315770968843
2022-06-30,385.911659137577,0.0258318382061282,0.9135239466043557,-10.468088,-0.0989941706087934,1.012518117213149,-0.1367763148928059
2022-07-01,385.9148665297741,0.0267234466884722,0.9466239102280022,-10.419774,-0.1157282118743353,1.0623521221023375,-0.1274606470158333
2022-07-02,385.91807392197126,0.0274057600613393,0.9788633707881124,-10.380527,-0.132425099196604,1.1112884699847163,-0.1180887346815419
2022-07-03,385.9212813141684,0.0280623827077818,1.010228734208481,-10.350806,-0.1490887614481581,1.1593174956566392,-0.1086647332351102
2022-07-04,385.9244887063656,0.0285868452389458,1.0407072149886352,-10.329178,-0.1657232604470735,1.2064304754357087,-0.0991927900341546
2022-07-05,385.92769609856265,0.0289181724042413,1.0702868478790069,-10.310549,-0.1823327813894073,1.2526196292684142,-0.0896770423931606
2022-07-06,385.93090349075976,0.0290282788378671,1.098956498715155,-10.276131,-0.1989216230102593,1.2978781217254145,-0.0801216155906233
2022-07-07,385.9341108829569,0.0289155753306529,1.1267058743970737,-10.246434,-0.2154941874843628,1.3422000618814365,-0.0705306209398855
2022-07-08,385.9373182751541,0.0287468981697001,1.1535255320005495,-10.196561,-0.2320549700774931,1.3855805020780427,-0.0609081539245607
2022-07-09,385.9405256673512,0.0284103018367062,1.1794068870085292,-10.137614,-0.2486085485604378,1.4280154355689672,-0.0512582923993041
2022-07-10,385.94373305954826,0.0279450410045148,1.2043422206514744,-10.102921,-0.2651595723976683,1.4695017930491427,-0.0415850948565864
2022-07-11,385.9469404517454,0.0273923186222176,1.2283246863465298,-10.054826,-0.2817127517232167,1.5100374380697466,-0.0318925987600165
2022-07-12,385.95014784394255,0.0267171171143354,1.2513483152265317,-10.003947,-0.2982728461166647,1.5496211613431965,-0.022184818944633
2022-07-13,385.95335523613966,0.0260148386025748,1.273408020750726,-9.945352,-0.3148446531924848,1.5882526739432108,-0.0124657460844855
2022-07-14,385.9565626283368,0.0252011977656509,1.2944996023901905,-9.893015,-0.3314329970163468,1.6259325994065372,-0.0027393452277045
2022-07-15,385.9597700205339,0.0241751364098099,1.3146197483819868,-9.862096,-0.3480427163623118,1.662662464744299,0.006990445600847
2022-07-16,385.9629774127311,0.0229351920126728,1.3337660375470952,-9.823287,-0.36467865282518,1.6984446903722752,0.0167197167293625
2022-07-17,385.96618480492816,0.0218493032418702,1.3519369401681964,-9.777161,-0.3813456388025263,1.733282578970723,0.0264445881014496
2022-07-18,385.9693921971253,0.0205566454055825,1.3691318179245795,-9.738767,-0.3980484853612728,1.7671803032858524,0.0361612104712972
2022-07-19,385.9725995893224,0.0190666376151067,1.3853509228823349,-9.718181,-0.4147919700039225,1.8001428928862575,0.0458657665319946
2022-07-20,385.9758069815196,0.0173673415377803,1.4005953955391677,-9.652196,-0.43158082434978,1.8321762198889475,0.0555544719774592
2022-07-21,385.9790143737167,0.015457352557086,1.4148672619242644,-9.594058,-0.4484197217468045,1.863286983671069,0.0652235764985257
2022-07-22,385.9822217659138,0.0134338121914417,1.428169429754649,-9.549014,-0.4653132648298694,1.8934826945845185,0.074869364713856
2022-07-23,385.9854291581109,0.0113989162545946,1.440505683650562,-9.50567,-0.4822659730414725,1.9227716566920343,0.084488157036432
2022-07-24,385.98863655030806,0.009204313717216,1.4518806794135248,-9.489612,-0.4992822701310909,1.951162949544616,0.0940763104764859
2022-07-25,385.9918439425052,0.0071195982647648,1.4622999373717789,-9.495921,-0.5163664716495445,1.978666409021323,0.1036302193818253
2022-07-26,385.9950513347023,0.0051182597415494,1.47176983479883,-9.477319,-0.5335227724548615,2.005292607253692,0.1131463161166023
2022-07-27,385.9982587268994,0.0032533034540852,1.4802975974119696,-9.446286,-0.5507552342463009,2.0310528316582706,0.1226210716796639
2022-07-28,386.00146611909656,0.0014184338851306,1.4878912899586785,-9.435829,-0.5680677731432573,2.055959063101936,0.1320509962637184
2022-07-29,386.0046735112937,-0.0004954421924683,1.494559805899808,-9.438376,-0.5854641473258652,2.080023953225673,0.1414326397566318
2022-07-30,386.0078809034908,-0.00251727007042,1.5003128561995942,-9.426917,-0.6029479447542114,2.1032608009538056,0.150762592186253
2022-07-31,386.0110882956879,-0.0047176270976698,1.5051609572334748,-9.4105425,-0.6205225709830637,2.1256835282165385,0.1600374841102521
2022-08-01,386.014295687885,-0.0068586187324957,1.5091154178258095,-9.444924,-0.6381912370891055,2.147306654914915,0.1692539869525289
2022-08-02,386.0175030800822,-0.0091739525636145,1.512188325430538,-9.434028,-0.6559569477276006,2.1681452731581388,0.1784088132878246
2022-08-03,386.0207104722793,-0.0116647471482386,1.5143925314688294,-9.385347,-0.6738224893354716,2.188215020804301,0.1874987170762438
2022-08-04,386.0239178644764,-0.0139125503651851,1.5157416358388294,-9.361387,-0.6917904184976875,2.207532054336517,0.1965204938494578
2022-08-05,386.0271252566735,-0.0162503089635133,1.5162499706134345,-9.510057,-0.7098630504937814,2.226113021107216,0.2054709808504302
2022-08-06,386.0303326488707,-0.0186161992635337,1.5159325829431387,-9.664237,-0.7280424480413353,2.243975030984474,0.214347057128559
2022-08-07,386.0335400410678,-0.0211123883378465,1.514805217181806,-9.559719,-0.7463304102530117,2.2611356274348178,0.2231456435921983
2022-08-08,386.0367474332649,-0.0236605225304883,1.5128842962542115,-9.462837,-0.764728461823771,2.2776127580779826,0.2318637030205668
2022-08-09,386.039954825462,-0.0261015771111526,1.5101869022850527,-9.4008,-0.7832378424646055,2.2934247447496583,0.2404982400371048
2022-08-10,386.0431622176592,-0.0286363330679453,1.5067307565100276,-9.446966,-0.8018594965990704,2.308590253109098,0.2490463010463872
2022-08-11,386.0463696098563,-0.0311895008581367,1.5025341984904108,-9.384,-0.820594063338665,2.323128261829076,0.2575049741367456
2022-08-12,386.0495770020534,-0.033883987712732,1.4976161646533812,-9.318149,-0.8394418667528896,2.3370580314062708,0.2658713889507869
2022-08-13,386.0527843942505,-0.0364581653144792,1.491996166181226,-9.271573,-0.8584029064496244,2.35039907263085,0.274142716526029
2022-08-14,386.0559917864477,-0.0391244531284568,1.4856942662731836,-9.236648,-0.8774768484811976,2.363171114754381,0.2823161691079168
2022-08-15,386.0591991786448,-0.0418200094543234,1.478731056804622,-9.222488,-0.8966630165912522,2.3753940733958743,0.2903889999374935
2022-08-16,386.0624065708419,-0.0445314857618106,1.471127634408806,-9.204321,-0.9159603838172052,2.3870880182260112,0.2983585030160324
2022-08-17,386.065613963039,-0.0473463662708439,1.4629055760073306,-9.187661,-0.935367564462867,2.398273140470198,0.3062220128489555
2022-08-18,386.06882135523614,-0.0501102059503428,1.4540869138158876,-9.182464,-0.9548828064553412,2.408969720271229,0.3139769041713743
2022-08-19,386.0720287474333,-0.0528780157280395,1.4446941098527155,-9.156618,-0.974503984100074,2.4191980939527897,0.3216205916576014
2022-08-20,386.0752361396304,-0.0555196125479776,1.4347500299776654,-9.155656,-0.99422859124752,2.4289786212251854,0.3291505296169872
2022-08-21,386.07844353182753,-0.0577490923388701,1.4242779174904094,-9.136199,-1.0140537348844925,2.438331652374902,0.3365642116784386
2022-08-22,386.08165092402464,-0.0600218086471409,1.4133013663168652,-9.11111,-1.033976129162878,2.447277495479743,0.3438591704659742
2022-08-23,386.0848583162218,-0.0623766572831199,1.4018442938133957,-9.091998,-1.053992089877992,2.455836383691388,0.351032977267665
2022-08-24,386.0880657084189,-0.0647897246201104,1.3899309132188855,-9.072966,-1.0740975294083523,2.464028442627238,0.3580832417002987
2022-08-25,386.091273100616,-0.0671237417723141,1.3775857057851382,-9.058377,-1.094287952128259,2.471873657913397,0.3650076113720913
2022-08-26,386.0944804928132,-0.0693273719051539,1.3648333926165777,-9.035887,-1.1145584503040382,2.479391842920616,0.371803771545753
2022-08-27,386.0976878850103,-0.0713715312833883,1.3516989062505094,-9.010688,-1.134903700484352,2.486602606734861,0.3784694448041916
2022-08-28,386.1008952772074,-0.0734400471422596,1.3382073620095816,-8.993897,-1.1553179603944597,2.493525322404041,0.3850023907211096
2022-08-29,386.1041026694045,-0.0753510090299727,1.3243840291583957,-8.965494,-1.1757950663437593,2.500179095502155,0.3914004055387234
2022-08-30,386.10731006160165,-0.077300777094422,1.310254301896487,-8.944632,-1.1963284311554785,2.5065827330519657,0.3976613218547966
2022-08-31,386.1105174537988,-0.0792579590388893,1.2958436702200944,-8.923322,-1.2169110426267182,2.512754712846813,0.4037830083211437
2022-09-01,386.11372484599593,-0.0807454843046129,1.281177690685376,-8.8926935,-1.237535462526619,2.518713153211995,0.4097633693557136
2022-09-02,386.116932238193,-0.0817158272150871,1.2662819571058623,-8.855288,-1.258193826139706,2.5244757832455686,0.4156003448703263
2022-09-03,386.12013963039016,-0.0827056722082577,1.2511820712170747,-8.831406,-1.278877842360984,2.5300599135780586,0.4212919100160767
2022-09-04,386.12334702258727,-0.0836824533534218,1.235903613341293,-8.814305,-1.299578794348677,2.53548240768997,0.4268360749483729
2022-09-05,386.1265544147845,-0.0846895964839777,1.220472113085539,-8.797169,-1.32028754073994,2.540759653825479,0.4322308846135201
2022-09-06,386.1297618069816,-0.0853788297396426,1.2049130201058142,-8.768591,-1.3409945174342022,2.5459075375400166,0.4374744185586983
2022-09-07,386.13296919917866,-0.0856705708345636,1.1892516749706257,-8.745737,-1.361689739948185,2.550941414918811,0.4425647907671233
2022-09-08,386.1361765913758,-0.0858635741988607,1.1735132801567651,-8.7387,-1.382362806346017,2.5558760865027823,0.4475001495201112
2022-09-09,386.13938398357294,-0.0860315531800824,1.1577228712101624,-8.753086,-1.4030029007471363,2.5607257719572987,0.4522786772876971
2022-09-10,386.14259137577005,-0.0861921853012979,1.1419052881045386,-8.752023,-1.4235987974140911,2.5655040855186297,0.4568985906493947
2022-09-11,386.1457987679672,-0.0862435141644993,1.1260851468303952,-8.730548,-1.4441388654216465,2.5702240122520417,0.461358140246593
2022-09-12,386.1490061601643,-0.0862292713184526,1.1102868112466031,-8.722149,-1.4646110739078853,2.5748978851544884,0.4656556107680243
2022-09-13,386.1522135523615,-0.0860018889669637,1.0945343652266706,-8.854482,-1.485002997907394,2.5795373631340643,0.4697893209696476
2022-09-14,386.15542094455856,-0.0856577803695517,1.0788515851314344,-8.900999,-1.5053018247658614,2.584153409897296,0.4737576237302128
2022-09-15,386.15862833675567,-0.0850197144334031,1.063261912639585,-8.928253,-1.5254943611347502,2.5887562737743357,0.477558906143682
2022-09-16,386.1618357289528,-0.0843824609999812,1.0477884279670855,-8.886591,-1.5455670405440407,2.593355468511126,0.4811915896496027
2022-09-17,386.16504312115,-0.0837460216438306,1.03245382350612,-8.866355,-1.5655059315502728,2.597959755056393,0.4846541302024296
2022-09-18,386.1682505133471,-0.0831103974465667,1.0172803779138186,-8.813809,-1.5852967464564929,2.6025771243703115,0.4879450184807062
2022-09-19,386.1714579055442,-0.08247558899256,1.0022899306804294,-8.779672,-1.6049248505999494,2.607214781280379,0.4910627801369252
2022-09-20,386.1746652977413,-0.0818415963647449,0.98750385720622,-8.755253,-1.624375272202716,2.611879129408936,0.4940059760887815
2022-09-21,386.1778726899384,-0.0812084191397485,0.9729430444157507,-8.781701,-1.643632712779702,2.616575757195453,0.4967732028524445
2022-09-22,386.1810800821356,-0.0805760563838269,0.95862786693764,-8.788163,-1.6626815580978174,2.6213094250354576,0.4993630929183764
2022-09-23,386.1842874743327,-0.0799511321218523,0.9445781638772908,-8.736352,-1.6815058896793644,2.626084053556655,0.5017743151701151
2022-09-24,386.1874948665298,-0.0793271989510567,0.930813216209472,-8.678801,-1.700089496842035,2.630902713051507,0.5040055753463543
2022-09-25,386.1907022587269,-0.0787042553594907,0.917351724816834,-8.628842,-1.7184158892671728,2.635767614084007,0.5060556165465341
2022-09-26,386.19390965092407,-0.0780822993058032,0.904211789199968,-8.589839,-1.7364683100873484,2.6406800992873163,0.5079232197800673
2022-09-27,386.1971170431212,-0.0774613282147609,0.8914108868835661,-8.552178,-1.754229749483515,2.645640636367081,0.5096072045592165
2022-09-28,386.2003244353183,-0.0768413389723718,0.878965853542806,-8.508919,-1.7716829587814256,2.6506488123242318,0.511106429535531
2022-09-29,386.2035318275154,-0.0762223279210233,0.8668928638730181,-8.496412,-1.7888104650362917,2.65570332890931,0.5124197931796562
2022-09-30,386.2067392197126,-0.0756042908546172,0.855207413225045,-8.494094,-1.8055945860939744,2.6608019993190197,0.5135462345042129
2022-10-01,386.2099466119097,-0.0749872230134374,0.8439243000277619,-8.502255,-1.822017446116425,2.6659417461441866,0.5144847338293501
2022-10-02,386.2131540041068,-0.0743711190793624,0.8330576090184182,-8.488525,-1.838060991558384,2.671118600576802,0.5152343135904648
2022-10-03,386.2163613963039,-0.0737559731706278,0.822620695300466,-8.471924,-1.853707007581736,2.676327702882202,0.5157940391874734
2022-10-04,386.2195687885011,-0.0731417788367714,0.8126261692477793,-8.450375,-1.86893713489334,2.6815633041411195,0.5161630198749304
2022-10-05,386.2227761806982,-0.0725285290535823,0.8030858822729919,-8.424939,-1.883732886991484,2.6868187692644763,0.5163404096921701
2022-10-06,386.2259835728953,-0.0719162162174888,0.7940109134769902,-8.387954,-1.898075667805576,2.692086581282566,0.5163254084325525
2022-10-07,386.2291909650924,-0.0713048321408105,0.7854115571953317,-8.359318,-1.911946789713068,2.6973583469084,0.5161172626508006
2022-10-08,386.2323983572896,-0.0706943680462729,0.777297311456589,-8.341985,-1.925327491917069,2.7026248033736584,0.5157152667072955
2022-10-09,386.2356057494867,-0.0700848145613044,0.7696768673664349,-8.320793,-1.9381989591675324,2.707875826533967,0.5151187638481214
2022-10-10,386.2388131416838,-0.0694761617132533,0.7625580994302983,-8.303885,-1.950542340808386,2.7131004402386845,0.514327147319533
2022-10-11,386.2420205338809,-0.068868398923412,0.7559480568263971,-8.2827215,-1.9623387701324613,2.7182868269588583,0.5133398615154356
2022-10-12,386.245227926078,-0.0682615150016214,0.7498529556398124,-8.275613,-1.9735693840255388,2.723422339665351,0.5121564031563709
2022-10-13,386.2484353182752,-0.0676554981409425,0.7442781720672219,-8.273065,-1.984215342880395,2.728493514947617,0.5107763224983993
2022-10-14,386.2516427104723,-0.0670503359115848,0.7392282366007942,-8.246218,-1.9942578507612456,2.73348608736204,0.5091992245701956
2022-10-15,386.2548501026694,-0.0664460152558238,0.7347068291986765,-8.233688,-2.0036781757985365,2.738385004997213,0.5074247704365689
2022-10-16,386.2580574948665,-0.0658425224818871,0.7307167754483048,-8.2450285,-2.0124576707936064,2.743174446241911,0.5054526784865461
2022-10-17,386.2612648870637,-0.0652398432583185,0.7272600437277353,-8.238266,-2.020577794012369,2.747837837740105,0.5032827257440605
2022-10-18,386.2644722792608,-0.0646379626082207,0.7243377433689852,-8.212473,-2.0280201301467344,2.75235787351572,0.5009147491992202
2022-10-19,386.2676796714579,-0.0640368649032878,0.7219501238262258,-8.187034,-2.0347664114221504,2.756716535248376,0.4983486471580383
2022-10-20,386.27088706365504,-0.0634365338578984,0.7200965748506573,-8.156492,-2.0407985388293426,2.76089511368,0.4955843806084419
2022-10-21,386.2740944558522,-0.0628369525233872,0.718775627672504,-8.141101,-2.0460986034579274,2.7648742311304315,0.492621974600296
2022-10-22,386.2773018480493,-0.0622381032816417,0.7179849571896504,-8.39961,-2.0506489079093733,2.768633865099024,0.4894615196371156
2022-10-23,386.2805092402464,-0.0616399678394433,0.7177213851611642,-8.499095,-2.0544319877664363,2.7721533729276007,0.4861031730770649
2022-10-24,386.28371663244354,-0.0610425272221959,0.7179808844028223,-8.559333,-2.057430633096024,2.775411517498846,0.4825471605407866
2022-10-25,386.2869240246407,-0.0604457617675977,0.7187585839805819,-8.593516,-2.0596279099621464,2.7783864939427283,0.4787937773235389
2022-10-26,386.2901314168378,-0.0598704471919289,0.7200487753968977,-8.629763,-2.0610071819254845,2.781055957322382,0.474843389809062
2022-10-27,386.2933388090349,-0.059316088751515,0.7218449197634612,-8.638767,-2.061552131505865,2.7833970512693265,0.4706964368825479
2022-10-28,386.2965462012321,-0.0587821917027381,0.7241396559530132,-8.627969,-2.0612467815838724,2.7853864375368858,0.46635343134003
2022-10-29,386.2997535934292,-0.0582682613019823,0.7269248097215617,-8.614436,-2.060075516717621,2.787000326439183,0.4618149612914708
2022-10-30,386.3029609856263,-0.0577738028056284,0.7301914037913586,-8.623701,-2.058023104350656,2.788214508142014,0.4570816915547805
2022-10-31,386.3061683778234,-0.0572983214701172,0.73392966888379,-8.616987,-2.055074715886908,2.7890043847706973,0.4521543650379634
2022-11-01,386.30937577002055,-0.0568413225517174,0.7381290556902821,-8.627812,-2.0512159476085468,2.7893450032988287,0.4470338041065555
2022-11-02,386.31258316221766,-0.0564023113070394,0.7427782477682408,-8.756513,-2.046432841412582,2.7892110891808226,0.441720911933484
2022-11-03,386.3157905544148,-0.0559807929922381,0.7478651753479089,-8.815793,-2.0407119053420555,2.788577080689964,0.4362166738284635
2022-11-04,386.318997946612,-0.0555829273544339,0.7533770300350642,-8.931375,-2.034040133887764,2.787417163922828,0.4305221585440109
2022-11-05,386.32220533880906,-0.055201745988048,0.7593002803933666,-9.117313,-2.026405028036426,2.785705308429793,0.4246385195551504
2022-11-06,386.32541273100617,-0.0548367551347338,0.7656206883891562,-9.184782,-2.0177946150414154,2.7834153034305715,0.4185669963098736
2022-11-07,386.32862012320334,-0.0544666649643386,0.7723233266805002,-9.428018,-2.008197467892181,2.780520794572681,0.4123089154473967
2022-11-08,386.3318275154005,-0.0541123522679054,0.7793925967313557,-9.763837,-1.997602724458752,2.776995321190108,0.4058656919812721
2022-11-09,386.3350349075976,-0.053773320122152,0.7868122477306325,-10.091123,-1.986000106287786,2.772812354018418,0.3992388304443942
2022-11-10,386.3382422997947,-0.0534490716036255,0.7945653962950926,-10.122778,-1.973379937026908,2.7679453333220003,0.3924299259929624
2022-11-11,386.34144969199184,-0.0531457936306329,0.8026345469341202,-10.118889,-1.9597331604542805,2.7623677073884005,0.3854406654664604
2022-11-12,386.34465708418895,-0.0528423037299903,0.8110016132533895,-10.106005,-1.9450513580906097,2.7560529713439994,0.3782728284007324
2022-11-13,386.34786447638606,-0.0525597925436023,0.8196479398737048,-10.106069,-1.9293267663710585,2.748974706244763,0.3709282879912568
2022-11-14,386.3510718685832,-0.0522912016533081,0.8285543250404162,-10.098831,-1.9125522933549204,2.7411066183953365,0.3634090120037391
2022-11-15,386.3542792607803,-0.0520360339378676,0.8377010438978966,-10.078291,-1.894721534951146,2.7324225788490426,0.3557170636291717
2022-11-16,386.3574866529775,-0.0517937922759275,0.8470678724029861,-10.049183,-1.8758287906382545,2.722896663041241,0.3478546022805494
2022-11-17,386.36069404517457,-0.0515639795464744,0.8566341118503317,-10.032653,-1.855869078657536,2.712503190507867,0.3398238843284583
2022-11-18,386.3639014373717,-0.0513460986281538,0.8663786139819559,-10.006431,-1.8348381506588416,2.701216764640798,0.331627263772801
2022-11-19,386.3671088295688,-0.0511396523997268,0.8762798066526908,-9.983658,-1.812732505778745,2.689012312431436,0.3232671928479707
2022-11-20,386.370316221766,-0.0509231457638149,0.886315720022362,-9.964864,-1.7895494041312787,2.6758651241536406,0.3147462225588276
2022-11-21,386.3735236139631,-0.050703334114636,0.8964640132450562,-9.939606,-1.7652868796919805,2.661750892937037,0.3060670031449012
2022-11-22,386.3767310061602,-0.050501614170261,0.9067020016252072,-9.924781,-1.73994375255649,2.646645754181697,0.2972322844702861
2022-11-23,386.3799383983573,-0.0503108637230097,0.9170066842096006,-9.910778,-1.713519640555448,2.6305263247650488,0.2882449163367732
2022-11-24,386.38314579055447,-0.0501305812552113,0.927354771783966,-9.922697,-1.686014970208083,2.6133697419920496,0.279107848717823
2022-11-25,386.3863531827516,-0.0499390640673657,0.9377227152422164,-9.935573,-1.6574309869973511,2.595153702239568,0.2698241319110565
2022-11-26,386.3895605749487,-0.0497431298315187,0.9480867342960998,-9.994654,-1.6277697649502312,2.575856499246331,0.2603969166070235
2022-11-27,386.3927679671458,-0.0495361100128584,0.958422846492406,-10.0216055,-1.5970342155072856,2.555457061999692,0.2508294538720798
2022-11-28,386.39597535934297,-0.0493394946432186,0.9687068965046728,-10.074094,-1.5652280956663516,2.5339349921710244,0.2411250950432916
2022-11-29,386.3991827515401,-0.0491527734901219,0.978914585665885,-10.100371,-1.5323560153858125,2.5112706010516974,0.2312872915333794
2022-11-30,386.4023901437372,-0.0489539278901859,0.9890215017083708,-10.15781,-1.4984234442336593,2.48744494594203,0.2213195945437966
2022-12-01,386.4055975359343,-0.0487429386995349,0.9990031486768428,-10.267025,-1.4634367172692333,2.462439865946076,0.2112256546841375
2022-12-02,386.4088049281314,-0.0485197860223256,1.008834976980344,-10.447793,-1.4274030401452438,2.4362380171255875,0.2010092214961716
2022-12-03,386.4120123203286,-0.0482844492043316,1.018492413548542,-10.464178,-1.3903304934184817,2.4088229069670235,0.190674142880896
2022-12-04,386.4152197125257,-0.0480656964472471,1.0279508920578346,-10.647908,-1.3522280360583223,2.380178928116157,0.1802243644271107
2022-12-05,386.4184271047228,-0.0478344013110542,1.0371858831924723,-10.714433,-1.313105508142944,2.3502913913354164,0.1696639286401269
2022-12-06,386.4216344969199,-0.0476125696406128,1.0461729249059015,-10.740609,-1.2729736327339785,2.31914655763988,0.1589969740693293
2022-12-07,386.4248418891171,-0.0473996756949537,1.0548876526475282,-10.773806,-1.2318440169211229,2.286731669568651,0.1482277343334336
2022-12-08,386.4280492813142,-0.0471731667138126,1.063305829520026,-10.814679,-1.1897291520290365,2.2530349815490625,0.1373605370423896
2022-12-09,386.4312566735113,-0.046933020743581,1.071403376332404,-10.878632,-1.1466424129797264,2.2180457893121304,0.1263998026150128
2022-12-10,386.4344640657084,-0.0467014517774299,1.0791564015142423,-11.015897,-1.1025980568044558,2.1817544583186983,0.1153500429915336
2022-12-11,386.4376714579056,-0.0464779273535438,1.086541230856373,-11.372961,-1.0576112203000447,2.144152451156418,0.1042158602404003
2022-12-12,386.4408788501027,-0.0462619150099897,1.0935344370437536,-11.5383835,-1.0116979168253677,2.105232353869121,0.0930019450587755
2022-12-13,386.4440862422998,-0.0460306455524421,1.1001128689463,-11.654972,-0.9648750322346598,2.0649879011809595,0.0817130751663168
2022-12-14,386.4472936344969,-0.0457840954489451,1.106253680633705,-11.703448,-0.9171603199451815,2.023414000578887,0.0703541135919502
2022-12-15,386.4505010266941,-0.0455222403675271,1.1119343600806646,-11.751936,-0.8685723951376748,1.9805067552183395,0.0589300068534824
2022-12-16,386.4537084188912,-0.0452676089120647,1.117132757529156,-11.7364855,-0.8191307280889382,1.9362634856180945,0.0474457830300348
2022-12-17,386.4569158110883,-0.0450196584191238,1.121827113474791,-11.716864,-0.7688556366367609,1.890682750111552,0.035906549727417
2022-12-18,386.46012320328543,-0.0447778462255554,1.1259960862447436,-11.694195,-0.7177682777783927,1.8437643640231365,0.0243174919366922
2022-12-19,386.4633305954826,-0.0445416296678129,1.1296187791351056,-11.66838,-0.6658906384045796,1.795509417539685,0.0126838697863335
2022-12-20,386.4665379876797,-0.0442879123405279,1.1326747670760449,-11.672313,-0.6132455251722165,1.7459202922482615,0.0010110161884972
2022-12-21,386.4697453798768,-0.0440166682912017,1.1351441227936512,-11.703597,-0.5598565535194655,1.695000676313117,-0.0106956656199036
2022-12-22,386.47295277207394,-0.0437506374553777,1.1370074424379288,-11.693995,-0.50574813582823,1.6427555782661587,-0.0224307046405206
2022-12-23,386.4761601642711,-0.0434892702881932,1.138245870646914,-11.744826,-0.450945468739699,1.589191339386613,-0.0341885647803221
2022-12-24,386.4793675564682,-0.0432092505357866,1.1388411250176085,-11.78291,-0.3954745196296602,1.5343156446472688,-0.0459636476206839
2022-12-25,386.4825749486653,-0.0429334242768515,1.138775519955001,-11.790325,-0.3393620122511719,1.4781375322061727,-0.0577502952875764
2022-12-26,386.4857823408624,-0.0426612385015989,1.138031989871216,-11.81133,-0.2826354115530944,1.4206674014243106,-0.0695427934214699
2022-12-27,386.4889897330596,-0.0423864662756297,1.1365941117074372,-12.1137705,-0.2253229076838877,1.3619170193913248,-0.0813353742454362
2022-12-28,386.4921971252567,-0.0421143852516132,1.1344461267521253,-12.300701,-0.1674533991910209,1.3018995259431465,-0.0931222197297843
2022-12-29,386.4954045174538,-0.0418272417999421,1.1315729617298402,-12.373958,-0.1090564754271848,1.240629437157025,-0.1048974648514293
2022-12-30,386.49861190965095,-0.0415421569346061,1.127960249135615,-12.7738285,-0.0501623981754312,1.1781226473110464,-0.1166552009460552
2022-12-31,386.50181930184806,-0.0412585741642754,1.1235943467909422,-13.453906,0.0091979174937839,1.1143964292971582,-0.1283894791509927
2023-01-01,386.5050266940452,-0.0409529560203121,1.1184623565980742,-13.922104,0.0689929231197945,1.0494694334782797,-0.140094313936598
2023-01-02,386.5082340862424,-0.0406483618222541,1.1125521424704126,-13.976271,0.1291904574884257,0.9833616849819868,-0.1517636867237842
2023-01-03,386.51144147843945,-0.0403442315811786,1.105852347417565,-14.035166,0.1897577679926412,0.9160945794249238,-0.1633915495852233
2023-01-04,386.51464887063656,-0.0400400053079326,1.0983524097646813,-14.04025,0.2506615327007331,0.8476908770639482,-0.1749718290276021
2023-01-05,386.5178562628337,-0.0397189330763381,1.0900425784866488,-14.244118,0.3118678831148124,0.7781746953718364,-0.1864984298521934
2023-01-06,386.5210636550309,-0.0393812042463015,1.0809139276386612,-14.309449,0.3733424276015751,0.7075715000370861,-0.1979652390908671
2023-01-07,386.524271047228,-0.0390200464976908,1.0709583698658134,-14.301705,0.4350502754765086,0.6359080943893047,-0.2093661300145498
2023-01-08,386.52747843942507,-0.0386354300259941,1.060168668975339,-14.3586855,0.4969560617219211,0.5632126072534178,-0.2206949662110127
2023-01-09,386.5306858316222,-0.0382273241543476,1.0485384515561678,-14.616041,0.5590239723184377,0.48951447923773,-0.2319456057287506
2023-01-10,386.53389322381935,-0.0377956973262181,1.036062217631622,-15.00807,0.6212177701688507,0.4148444474627711,-0.2431119052835998
2023-01-11,386.53710061601646,-0.0373534441163005,1.0227353503321135,-15.077526,0.6835008215924819,0.3392345287396318,-0.2541877245246235
2023-01-12,386.5403080082136,-0.0369125114673496,1.008554124575878,-15.10301,0.7458361233675347,0.2627180012083433,-0.2651669303556895
2023-01-13,386.5435154004107,-0.0364786702837482,0.9935157147468372,-15.1084385,0.8081863302982213,0.1853293844486159,-0.2760434013090531
2023-01-14,386.5467227926079,-0.0360515641093803,0.9776182013598944,-15.204041,0.8705137832827722,0.1071044180771223,-0.2868110319671573
2023-01-15,386.54993018480496,-0.0356308387698023,0.960860576705117,-15.418715,0.9327805378578332,0.0280800388472839,-0.2974637374287578
2023-01-16,386.5531375770021,-0.0352090125183399,0.9432427494633572,-15.596295,0.994948393194116,-0.0517056437307588,-0.307995457815394
2023-01-17,386.5563449691992,-0.0347855076731857,0.9247655482871804,-15.693307,1.056978921517571,-0.1322133732303905,-0.3184001628141211
2023-01-18,386.5595523613964,-0.034366876420804,0.9054307243419398,-15.718131,1.1188334979298318,-0.2134027735878919,-0.3286718562523461
2023-01-19,386.5627597535935,-0.0339527691929129,0.8852409528033346,-15.856497,1.1804733306010715,-0.2952323777977369,-0.3388045807005107
2023-01-20,386.5659671457906,-0.0335428387454179,0.8641998333086227,-15.854617,1.2418594913079504,-0.3776596579993276,-0.3487924220983005
2023-01-21,386.5691745379877,-0.0331295061993501,0.8423118893601941,-15.839085,1.302952946288845,-0.4606410569286508,-0.3586295143999721
2023-01-22,386.57238193018486,-0.0326955799640802,0.8195825666812002,-15.853983,1.3637145873880483,-0.5441320207068483,-0.3683100442343282
2023-01-23,386.575589322382,-0.0322652274199926,0.7960182305242135,-15.855543,1.4241052634602382,-0.6280870329360247,-0.3778282555747987
2023-01-24,386.5787967145791,-0.0318141434607004,0.7716261619351361,-15.858878,1.484085812006109,-0.7124596500709728,-0.3871784544150346
2023-01-25,386.5820041067762,-0.0313351969272639,0.7464145529756713,-15.86954,1.5436170910096545,-0.797202538033983,-0.3963550134453537
2023-01-26,386.5852114989733,-0.0308283633651031,0.7203925009090051,-15.857425,1.602660010947277,-0.882267510038272,-0.4053523767253374
2023-01-27,386.5884188911705,-0.0302936173936325,0.6935700013544537,-15.868194,1.661175566938584,-0.9676055655841302,-0.4141650643478267
2023-01-28,386.5916262833676,-0.029762679229129,0.6659579404180094,-15.872073,1.719124871008419,-1.0531669305904097,-0.4227876770895291
2023-01-29,386.5948336755647,-0.0292351951427045,0.6375680858070323,-15.909881,1.7764691844294518,-1.1389010986224195,-0.4312149010434067
2023-01-30,386.5980410677618,-0.0287108138155214,0.6084130769382965,-15.8951,1.8331699501144607,-1.2247568731761649,-0.4394415122279996
2023-01-31,386.601248459959,-0.0281817351420337,0.5785064140499916,-15.876134,1.8891888250271387,-1.310682410977147,-0.4474623811687995
2023-02-01,386.6044558521561,-0.0276548240224345,0.5478624463292802,-15.8557205,1.9444877125802555,-1.3966252662509753,-0.4552724774467806
2023-02-02,386.6076632443532,-0.0270978399696171,0.5164963590681947,-15.833839,1.999028794989751,-1.482532435921556,-0.4628668742091804
2023-02-03,386.6108706365503,-0.0265182486955493,0.4844241598618452,-15.806344,2.052774565553317,-1.5683504056914717,-0.4702407526376146
2023-02-04,386.6140780287475,-0.0259408970526453,0.4516626638639003,-15.775303,2.1056878608219542,-1.654025196958054,-0.4773894063686087
2023-02-05,386.6172854209446,-0.0253654360610451,0.4182294781155414,-15.8890505,2.157731892632928,-1.7395024145173863,-0.4843082458616375
2023-02-06,386.6204928131417,-0.0247915192235164,0.3841429849650383,-15.905907,2.2088702799726314,-1.8247272950075928,-0.4909928027097681
2023-02-07,386.6237002053388,-0.0241941730674346,0.3494223245962802,-15.903253,2.259067080637808,-1.909644756041528,-0.4974387338880247
2023-02-08,386.626907597536,-0.0235736239748931,0.3140873766854873,-15.902044,2.308286822663764,-1.9941994459782764,-0.5036418259346123
2023-02-09,386.6301149897331,-0.0229300998890411,0.2781587412065093,-15.894489,2.356494535488205,-2.078335794281696,-0.5095979990601619
2023-02-10,386.6333223819302,-0.0222887982777697,0.2416577184059895,-15.860425,2.403655780819576,-2.161998062413587,-0.5153033111802008
2023-02-11,386.6365297741273,-0.0216493739824561,0.2046062879706743,-15.839066,2.4497366831788807,-2.2451303952082062,-0.5207539618660822
2023-02-12,386.6397371663245,-0.021011484416344,0.1670270874101514,-15.815991,2.494703960084193,-2.3276768726740413,-0.5259462962096635
2023-02-13,386.6429445585216,-0.0203747895795629,0.128943389679142,-15.811862,2.5385249518473323,-2.4095815621681904,-0.5308768085970662
2023-02-14,386.6461519507187,-0.0197389520743647,0.0903790800643842,-15.904119,2.581167650952431,-2.490788570888047,-0.5355421463869093
2023-02-15,386.64935934291583,-0.019103637119674,0.0513586323620804,-15.9300375,2.6226007309864072,-2.5712420986243267,-0.5399391134884758
2023-02-16,386.65256673511294,-0.0184605076506814,0.0119070843726004,-15.914928,2.662793575091772,-2.650886490719172,-0.5440646738353341
2023-02-17,386.6557741273101,-0.0178089745829046,-0.0279499872599845,-15.87709,2.701716303912471,-2.7296662911724554,-0.5479159547500135
2023-02-18,386.6589815195072,-0.0171564537481745,-0.0681864928351741,-15.829205,2.739339803003962,-2.8075262958391365,-0.551490250195413
2023-02-19,386.66218891170433,-0.0165026156453891,-0.1087758559810912,-15.799006,2.775635749679093,-2.8844116056601843,-0.5547850239087079
2023-02-20,386.6653963039015,-0.0158471334361107,-0.1496910406075361,-15.780893,2.810576639261872,-2.960267679869408,-0.5577979124136103
2023-02-21,386.6686036960986,-0.0151815508650203,-0.1909045783965325,-15.866389,2.8441358107216663,-3.035040389118199,-0.5605267279069306
2023-02-22,386.6718110882957,-0.0145052824228646,-0.2323885967993213,-16.054739,2.876287471660956,-3.108676068460277,-0.5629694610155017
2023-02-23,386.6750184804928,-0.0138177425999914,-0.2741148475081036,-16.114267,2.9070067226302565,-3.18112157013836,-0.5651242834196178
2023-02-24,386.67822587269,-0.0131183458870327,-0.3160547353702351,-16.204067,2.9362695807445043,-3.2523243161147395,-0.5669895503392665
2023-02-25,386.6814332648871,-0.0124146388691916,-0.358179347712099,-16.305773,2.964053002575726,-3.322232350287825,-0.5685638028795421
2023-02-26,386.6846406570842,-0.0117063000795756,-0.4004594840393493,-16.406174,2.9903349062975244,-3.3907943903368736,-0.5698457702317498
2023-02-27,386.6878480492813,-0.0109930107599929,-0.442865686079806,-16.563374,3.015094193057568,-3.4579598791373742,-0.5708343717268455
2023-02-28,386.69105544147845,-0.0102494869194105,-0.4853682681347901,-16.712719,3.0383107675549588,-3.523679035689749,-0.5715287187379763
2023-03-01,386.6942628336756,-0.0095010729433979,-0.5279373477044065,-16.958408,3.059965557800122,-3.587902905504529,-0.5719281164290329
2023-03-02,386.69747022587273,-0.0087474544931192,-0.5705428763518868,-16.988321,3.0800405340355628,-3.6505834103874495,-0.5720320653462587
2023-03-03,386.70067761806985,-0.0079632385646473,-0.6131546707717561,-17.023336,3.0985187267966587,-3.711673397568415,-0.5718402628501128
2023-03-04,386.70388501026696,-0.0071738906700316,-0.6557424440265014,-17.0411,3.115384244092448,-3.7711266881189496,-0.5713526043847236
2023-03-05,386.70709240246407,-0.0063706150616562,-0.698275836915983,-17.132141,3.130622287687193,-3.828898124603176,-0.5705691845824346
2023-03-06,386.7102997946613,-0.0055528284278303,-0.7407244494438363,-17.146126,3.144219168464348,-3.884943617908184,-0.5694902982010914
2023-03-07,386.7135071868584,-0.0047199474570311,-0.7830578723448629,-17.133266,3.156162320855464,-3.939220193200327,-0.5681164408918837
2023-03-08,386.71671457905546,-0.0038713888375687,-0.8252457186374073,-17.147064,3.1664403163173964,-3.991686034954804,-0.566448309795722
2023-03-09,386.7199219712526,-0.0030150552090701,-0.8672576551645519,-17.15231,3.175042875842164,-4.042300531006716,-0.5644868039662936
2023-03-10,386.72312936344974,-0.0021421079051404,-0.9090634340880912,-17.58706,3.1819608814846885,-4.09102431557278,-0.5622330246181149
2023-03-11,386.72633675564686,-0.0012519648708571,-0.9506329242991765,-17.713665,3.1871863868946178,-4.137819311193795,-0.5596882751980711
2023-03-12,386.729544147844,-0.000352575739444,-0.991936142709601,-17.789888,3.1907126268393897,-4.18264876954899,-0.55685406127911
2023-03-13,386.7327515400411,0.0005563636335517,-1.0329432853879326,-17.835749,3.1925340257067147,-4.225477311094648,-0.5537320902749374
2023-03-14,386.7359589322383,0.0014751545426954,-1.0736247585046508,-17.98943,3.1926462049755773,-4.266270963480228,-0.5503242709747432
2023-03-15,386.73916632443536,0.0024040954167596,-1.1139512090508663,-18.216835,3.1910459896459757,-4.304997198696841,-0.5466327128971686
2023-03-16,386.74237371663247,0.0033434818029307,-1.1538935552952876,-18.202583,3.1877314136185424,-4.34162496891383,-0.5426597254629177
2023-03-17,386.7455811088296,0.0042936063509746,-1.1934230169444444,-18.150642,3.182701724016297,-4.3761247409607416,-0.5384078169855967
2023-03-18,386.7487885010268,0.0052547587966065,-1.2325111449714938,-18.069962,3.1759573844417903,-4.408468529413284,-0.5338796934805595
2023-03-19,386.7519958932239,0.0062272259460101,-1.271129851079314,-18.093544,3.167500077164004,-4.4386299282433175,-0.5290782572917254
2023-03-20,386.755203285421,0.00722020128102,-1.309251436763958,-18.228727,3.157332704230376,-4.466584140994334,-0.5240066055365306
2023-03-21,386.7584106776181,0.0082342565553164,-1.346848621944987,-18.328474,3.1454593875004413,-4.492308009445428,-0.5186680283693665
2023-03-22,386.7616180698152,0.0092610539009552,-1.383894573129764,-18.50587,3.1318854675986505,-4.515780040728415,-0.5130660070640501
2023-03-23,386.7648254620124,0.0103008742156827,-1.4203629310791988,-18.527485,3.1166175017850235,-4.536980432864223,-0.5072042119160712
2023-03-24,386.7680328542095,0.0113539954190973,-1.456227837943035,-18.598206,3.099663260743339,-4.555891098686374,-0.501086499965549
2023-03-25,386.7712402464066,0.0124206924358225,-1.491463963833458,-18.590998,3.0810317242877447,-4.572495688121203,-0.4947169125420345
2023-03-26,386.7744476386037,0.013510343793964,-1.5260465328062467,-18.558397,3.0607330759896456,-4.586779608795892,-0.488099672632482
2023-03-27,386.7776550308009,0.0146144093116993,-1.559951348219558,-18.495682,3.03877869672797,-4.598730044947528,-0.4812391820739109
2023-03-28,386.780862422998,0.0157423145737249,-1.5931548174410288,-18.514902,3.0151811571668627,-4.608335974607892,-0.4741400185724758
2023-03-29,386.7840698151951,0.0168946246641106,-1.6256339758746363,-18.716118,2.9899542091660605,-4.615588185040696,-0.46680693255085
2023-03-30,386.7872772073922,0.0180719046668689,-1.657366510279538,-18.728987,2.9631127761302336,-4.620479286409772,-0.4592448438260261
2023-03-31,386.7904845995894,0.0192747196660152,-1.6883307813539463,-18.714188,2.934672942304668,-4.623003723658615,-0.451458838119823
2023-04-01,386.7936919917865,0.0205036347457328,-1.7185058455578948,-18.710133,2.90465194102581,-4.623157786583705,-0.4434541634045821
2023-04-02,386.7968993839836,0.0217592149899787,-1.74787147614961,-18.700209,2.8730681419361286,-4.620939618085739,-0.4352362260867229
2023-04-03,386.8001067761807,0.0230328687843812,-1.776408183411201,-18.850332,2.839941037173996,-4.616349220585198,-0.4268105870310086
2023-04-04,386.8033141683779,0.0243248619711278,-1.8040972340401509,-18.873432,2.805291226550199,-4.60938846059035,-0.4181829574285691
2023-04-05,386.806521560575,0.0256447152019003,-1.8309206696841875,-18.845144,2.769140401723789,-4.600061071407977,-0.409359194511893
2023-04-06,386.8097289527721,0.0269929908413339,-1.85686132459805,-18.801956,2.731511329391081,-4.588372653989131,-0.4003452971201942
2023-04-07,386.8129363449692,0.0283609933840995,-1.881902842401643,-18.804901,2.6924278335024985,-4.574330675904141,-0.3911474011187263
2023-04-08,386.8161437371663,0.0297489825347985,-1.9060296919201376,-18.749668,2.651914776523107,-4.557944468443244,-0.3817717746757954
2023-04-09,386.8193511293635,0.0311572149045795,-1.9292271820876696,-18.700323,2.6099980397535893,-4.539225221841259,-0.3722248134013899
2023-04-10,386.8225585215606,0.0325953561294896,-1.9514814758972732,-18.650372,2.5667045027294355,-4.518185978626709,-0.3625130353515097
2023-04-11,386.8257659137577,0.0340639644386251,-1.9727796033808849,-18.61336,2.5220620217170424,-4.494841625097927,-0.3526430759024501
2023-04-12,386.8289733059548,0.0355635980609723,-1.9931094736043315,-18.54575,2.476099407326452,-4.469208880930784,-0.342621682499441
2023-04-13,386.832180698152,0.0370948152254582,-2.0124598856633225,-18.492321,2.428846401261238,-4.4413062869245605,-0.3324557092842093
2023-04-14,386.8353880903491,0.0386581741610689,-2.0308205386677005,-18.415037,2.380333652227116,-4.411154190894816,-0.3221521116061769
2023-04-15,386.8385954825462,0.0402448209613979,-2.048182040702324,-18.338192,2.3305926910216206,-4.3787747317239445,-0.3117179404221523
2023-04-16,386.84180287474334,0.0418550060003553,-2.064535916754119,-18.261765,2.2796559048280995,-4.344191821582219,-0.301160336589523
2023-04-17,386.8450102669405,0.0434889765080173,-2.079874615596122,-18.18384,2.2275565107381308,-4.307431126334253,-0.290486525058084
2023-04-18,386.8482176591376,0.0451469765539918,-2.094191515620463,-18.190706,2.174328528527236,-4.268520044147699,-0.2797038089657757
2023-04-19,386.85142505133473,0.0468388695346122,-2.1074809296135104,-18.152224,2.120006752709624,-4.227487682323134,-0.2688195636437303
2023-04-20,386.85463244353184,0.0485652080571898,-2.119738108467604,-18.099344,2.064626723898368,-4.184364832365972,-0.2578412305361486
2023-04-21,386.857839835729,0.050326544728863,-2.1309592438250435,-18.073328,2.0082246994982627,-4.139183943323307,-0.2467763110406406
2023-04-22,386.8610472279261,0.0521234321568873,-2.1411414696512923,-17.991577,1.950837623759241,-4.091979093410533,-0.2356323602747839
2023-04-23,386.8642546201232,0.0539564229485738,-2.1502828627355086,-17.961462,1.8925030972189276,-4.042785959954436,-0.2244169807747462
2023-04-24,386.8674620123204,0.0558164472070772,-2.1583824421178623,-17.90788,1.833259345563611,-3.991641787681474,-0.2131378161319292
2023-04-25,386.8706694045175,0.0577037426302451,-2.1654401674443275,-17.808857,1.773145187937456,-3.9385853553817833,-0.2018025445736772
2023-04-26,386.8738767967146,0.0596185437048129,-2.1714569362508063,-17.733742,1.7122000047304224,-3.8836569409812287,-0.1904188724941834
2023-04-27,386.8770841889117,0.0615610816894078,-2.176434580179876,-17.648935,1.6504637048759214,-3.8268982850557975,-0.1789945279418056
2023-04-28,386.8802915811089,0.0635315845971564,-2.1803758601345065,-17.53924,1.5879766926897438,-3.7683525528242505,-0.1675372540690808
2023-04-29,386.883498973306,0.0655401701682212,-2.18328446037446,-17.408335,1.5247798342822845,-3.7080642946567446,-0.1560548025517917
2023-04-30,386.88670636550313,0.0675873838052441,-2.185164981562318,-17.290922,1.4609144235766014,-3.646079405138919,-0.1445549269835019
2023-05-01,386.8899137577002,0.0696737709110959,-2.186022932767242,-17.1865,1.3964221479652024,-3.5824450807324446,-0.1330453762520313
2023-05-02,386.89312114989735,0.0717998768886465,-2.1858647224358925,-17.100122,1.3313450536389126,-3.517209776074805,-0.1215338879043895
2023-05-03,386.89632854209447,0.0739662471405397,-2.184697648341097,-16.994635,1.2657255106214933,-3.4504231589625904,-0.1100281815067256
2023-05-04,386.8995359342916,0.0761635340805841,-2.182529886520048,-16.96231,1.1996061775440243,-3.3821360640640723,-0.0985359520058868
2023-05-05,386.9027433264888,0.0783919591800212,-2.179370479215029,-17.075197,1.133029966193347,-3.3124004454083757,-0.0870648630992083
2023-05-06,386.90595071868586,0.0806517406134899,-2.175229321830909,-17.174006,1.0660400058691226,-3.2412693277000315,-0.0756225406191683
2023-05-07,386.90915811088297,0.0829531525348121,-2.1701171489246,-17.11254,0.9986796075842532,-3.1687967565088533,-0.0642165659395663
2023-05-08,386.91236550308014,0.0852967359271552,-2.164045519243096,-17.042175,0.930992228143632,-3.095037747386728,-0.0528544694098756
2023-05-09,386.9155728952773,0.0876830317737409,-2.157026799827634,-16.931896,0.863021434136293,-3.020048233963927,-0.0415437238244286
2023-05-10,386.9187802874744,0.0901025217646549,-2.149074149202694,-16.818855,0.7948108658761514,-2.943885015078845,-0.0302917379330807
2023-05-11,386.9219876796715,0.0925655328258494,-2.140201499669649,-16.744696,0.7264042013266025,-2.866605700996252,-0.019105849999979
2023-05-12,386.92519507186864,0.0950624890544262,-2.1304235387259247,-16.66061,0.6578451200442494,-2.788268658770174,-0.0079933214170481
2023-05-13,386.92840246406575,0.0975935986310887,-2.119755689631617,-16.607159,0.5891772671770622,-2.7089329568086797,0.0030386696212387
2023-05-14,386.93160985626287,0.1001590663708287,-2.1082140911463982,-16.572361,0.5204442175521747,-2.628658308698573,0.0139830343752654
2023-05-15,386.93481724846,0.1027590937047944,-2.0958155764607267,-16.479488,0.4516894398884973,-2.547505016349224,0.0248327797433575
2023-05-16,386.9380246406571,0.1054042218180253,-2.082577651346209,-16.340376,0.3829562611691556,-2.465533912515365,0.0355810143641199
2023-05-17,386.9412320328543,0.1080846410072726,-2.0685184715508744,-16.205381,0.3142878312086391,-2.382806302759513,0.0462209546316355
2023-05-18,386.94443942505137,0.1108005458847209,-2.0536568194661595,-16.095228,0.2457270874493334,-2.299383906915493,0.0567459306172249
2023-05-19,386.9476468172485,0.1135521276260818,-2.0380120800931705,-15.98525,0.1773167200218695,-2.21532880011504,0.0671493918915235
2023-05-20,386.9508542094456,0.1163395739535768,-2.021604216336657,-15.863316,0.1090991371034897,-2.130703353440147,0.0774249132407204
2023-05-21,386.9540616016428,0.1191630691180183,-2.0044537436559504,-15.744168,0.0411164306082606,-2.045570174264211,0.0875662002708985
2023-05-22,386.9572689938399,0.1220227938808942,-1.9865817041029104,-15.663432,-0.0265896577573104,-1.9599920463456,0.097567094894493
2023-05-23,386.960476386037,0.1249189254969216,-1.968009639777684,-15.637982,-0.09397777004013,-1.874031869737554,0.1074215806930082
2023-05-24,386.9636837782341,0.1278623923011768,-1.948759565733699,-15.680904,-0.1610069651551086,-1.78775260057859,0.1171237881502251
2023-05-25,386.96689117043127,0.1308429622366171,-1.9288539423641085,-15.59925,-0.2276367515362141,-1.7012171908278944,0.1266679997502571
2023-05-26,386.9700985626284,0.1338716202119012,-1.9083156473024625,-15.549379,-0.2938271192921859,-1.6144885280102763,0.1360486549349301
2023-05-27,386.9733059548255,0.1369488871826312,-1.887167946870995,-15.465994,-0.3595385718356557,-1.5276293750353394,0.1452603549150902
2023-05-28,386.9765133470226,0.1400644693830675,-1.8654344671105243,-15.403245,-0.4247321569549181,-1.440702310155606,0.1542978673305812
2023-05-29,386.9797207392198,0.1432185334396232,-1.843139164426344,-15.283237,-0.4893694972982949,-1.353769667128049,0.1631561307537733
2023-05-30,386.9829281314169,0.1464221783576307,-1.8203062958851903,-15.163035,-0.5534128202414799,-1.266893475643711,0.171830259031669
2023-05-31,386.986135523614,0.1496759218807108,-1.7969603891985892,-15.079035,-0.6168249871091054,-1.180135402089484,0.1803155454617677
2023-06-01,386.9893429158111,0.1529802817525356,-1.7731262124284144,-15.046875,-0.6795695217222892,-1.0935566907061252,0.1886074667970334
2023-06-02,386.9925503080082,0.1563357757166674,-1.7488287434508063,-15.000937,-0.7416106382447408,-1.0072181052060656,0.1967016870754659
2023-06-03,386.9957577002054,0.159742921516611,-1.7240931392149483,-14.942376,-0.8029132683006793,-0.921179870914269,0.2045940612699503
2023-06-04,386.9989650924025,0.1632022368961547,-1.698944704833392,-14.882767,-0.8634430873386592,-0.835501617494733,0.212280638754241
2023-06-05,387.0021724845996,0.1667142395988019,-1.6734088625409729,-14.800734,-0.9231665402161372,-0.7502423223248357,0.2197576665811029
2023-06-06,387.0053798767967,0.1699799241851112,-1.6475111205594335,-14.724173,-0.9820508659804787,-0.6654602545789549,0.2270215925688308
2023-06-07,387.0085872689939,0.1730985545013432,-1.6212770419050888,-14.644118,-1.0400641218229514,-0.5812129200821374,0.2340690681925514
2023-06-08,387.011794661191,0.1754509704231786,-1.5947322131769446,-14.572323,-1.0971752061831408,-0.4975570069938038,0.2408969512769112
2023-06-09,387.0150020533881,0.1778945062220862,-1.5679022133627236,-14.56704,-1.1533538809821144,-0.4145483323806092,0.247502308486946
2023-06-10,387.0182094455852,0.1800173508635434,-1.5408125827003083,-14.525788,-1.2085707929636045,-0.332241789736704,0.2538824176141385
2023-06-11,387.0214168377824,0.1818303811230215,-1.5134887916320283,-14.52206,-1.2627974941234277,-0.2506912975086008,0.2600347696548743
2023-06-12,387.0246242299795,0.1836252805776799,-1.4859562098891843,-14.520497,-1.316006461208348,-0.1699497486808363,0.2659570706787141
2023-06-13,387.0278316221766,0.1849862300544846,-1.4582400757440792,-14.5246315,-1.3681711142665565,-0.0900689614775227,0.2716472434841235
2023-06-14,387.0310390143737,0.1863147754101797,-1.4303654654666431,-14.460279,-1.4192658342329822,-0.0110996312336608,0.2771034290395079
2023-06-15,387.0342464065709,0.1875161369434699,-1.4023572630225496,-14.35823,-1.469265979533684,0.0669087165111343,0.2823239877076292
2023-06-16,387.037453798768,0.1888140101951438,-1.3742401300494764,-14.270766,-1.518147901694596,0.1439077716451196,0.2873075002517032
2023-06-17,387.0406611909651,0.1901853055439075,-1.3460384761478703,-14.176481,-1.565888959941011,0.2198504837931405,0.2920527686216999
2023-06-18,387.04386858316224,0.1917055288089471,-1.3177764295222223,-14.144599,-1.6124675347752138,0.2946911052529914,0.2965588165195965
2023-06-19,387.04707597535935,0.1924854177145283,-1.2894778080084994,-14.124756,-1.657863040520842,0.3683852325123424,0.3008248897425724
2023-06-20,387.0502833675565,0.192799672526664,-1.261166090522983,-14.082244,-1.702055936823582,0.4408898463005992,0.3048504563033543
2023-06-21,387.0534907597536,0.1932530837943271,-1.232864388967217,-14.019223,-1.7450277390990103,0.5121633501317935,0.3086352063271665
2023-06-22,387.05669815195074,0.1924340135123365,-1.2045954206234155,-13.945642,-1.7867610279194392,0.5821656072960235,0.3121790517249664
2023-06-23,387.0599055441479,0.1918343014610746,-1.1763814810739408,-13.8981905,-1.827239457332856,0.6508579762589148,0.3154821256428899
2023-06-24,387.063112936345,0.1912937183810732,-1.1482444176780788,-13.86845,-1.866447762108091,0.7182033444300122,0.3185447816880642
2023-06-25,387.0663203285421,0.1909680775226381,-1.1202056036385633,-13.798535,-1.9043717639016091,0.7841661602630461,0.321367592931183
2023-06-26,387.0695277207393,0.190842937822421,-1.0922859126897198,-13.749196,-1.94099837634239,0.8487124636526704,0.3239513506864789
2023-06-27,387.0727351129364,0.1906907118259053,-1.0645056944383706,-13.695461,-1.976315609032578,0.9118099145942072,0.3262970630699688
2023-06-28,387.0759425051335,0.1906414672645253,-1.0368847503879317,-13.637029,-2.010312570462746,0.973427820074814,0.3284059533370797
2023-06-29,387.0791498973306,0.1907130966720842,-1.0094423106752874,-13.555884,-2.042979469841737,1.0335371591664495,0.3302794580010038
2023-06-30,387.08235728952775,0.190810303826699,-0.982197011549348,-13.480828,-2.074307617842293,1.092110606292945,0.331919224733369
2023-07-01,387.08556468172486,0.1908858640544524,-0.9551668736191916,-13.419731,-2.104289426264791,1.1491225526455993,0.3333271100490474
2023-07-02,387.088772073922,0.1909316346672851,-0.9283692808989424,-13.350282,-2.1329184066225344,1.204549125723592,0.334505176777154
2023-07-03,387.0919794661192,0.1912112569441075,-0.9018209606755854,-13.278968,-2.1601891676533618,1.2583682069777764,0.3354556913205247
2023-07-04,387.09518685831625,0.1897292413529183,-0.8755379642249115,-13.214677,-2.186097411763269,1.310559447538358,0.3361811207061989
2023-07-05,387.09839425051337,0.1878156743169341,-0.8495356483999547,-13.154097,-2.210639930409072,1.3611042820091177,0.3366841294296476
2023-07-06,387.1016016427105,0.1855754906969882,-0.823828658115089,-13.100692,-2.2338145984282014,1.4099859403131123,0.3369675760957301
2023-07-07,387.1048090349077,0.183413409846525,-0.7984309097481251,-13.046275,-2.255620367324831,1.457189457576706,0.337034509859574
2023-07-08,387.1080164271048,0.1815646378750079,-0.7733555754815041,-12.984856,-2.276057257522732,1.5027016820412276,0.3368881666708074
2023-07-09,387.1112238193018,0.1791702931543972,-0.7486150686027453,-12.937419,-2.2951263495962597,1.546511280993514,0.3365319653247745
2023-07-10,387.114431211499,0.1771160353134009,-0.7242210297830786,-12.877339,-2.3128297744920805,1.5886087447090018,0.3359695033245994
2023-07-11,387.11763860369615,0.1753138890854824,-0.7001843143521339,-12.83157,-2.3291707027552686,1.6289863884031348,0.3352045525581601
2023-07-12,387.12084599589326,0.1735728795600344,-0.6765149805853704,-12.771428,-2.3441533327744266,1.6676383521890563,0.3342410547942461
2023-07-13,387.1240533880904,0.1717847974463981,-0.6532222790197707,-12.718014,-2.357782878061658,1.704560599041887,0.3330831170023847
2023-07-14,387.1272607802875,0.1702911795684825,-0.6303146428120665,-12.659273,-2.3700655535841446,1.739750910772078,0.3317350065010079
2023-07-15,387.1304681724847,0.1688142354139854,-0.6077996791526505,-12.601363,-2.381008561165116,1.7732088820124656,0.3302011459388354
2023-07-16,387.13367556468177,0.1665675306988001,-0.5856841617469793,-12.55608,-2.3906200739730536,1.8049359122260744,0.3284861081145376
2023-07-17,387.1368829568789,0.1643179319380927,-0.5639740243751045,-12.525667,-2.3989092201188416,1.834935195743737,0.3265946106399268
2023-07-18,387.140090349076,0.1623167475806735,-0.5426743555386863,-12.50063,-2.40588606538165,1.863211709842964,0.3245315104521041
2023-07-19,387.1432977412732,0.1607527708656593,-0.5217893942035203,-12.482304,-2.411561595085132,1.8897722008816116,0.3223017981801651
2023-07-20,387.1465051334703,0.1595071293072176,-0.5013225266443982,-12.430857,-2.415947695146525,1.9146251685021265,0.3199105923722402
2023-07-21,387.1497125256674,0.1586972709033975,-0.4812762843977443,-12.388742,-2.4190571323220884,1.937780847924344,0.3173631335888003
2023-07-22,387.1529199178645,0.1582990532150021,-0.4616523433262464,-12.323415,-2.4209035336731137,1.9592511903468672,0.3146647783683243
2023-07-23,387.15612731006166,0.1580988093732513,-0.4424515237983081,-12.271381,-2.4215013652776505,1.9790498414793425,0.3118209930715712
2023-07-24,387.1593347022588,0.1582011004252794,-0.4236737919838382,-12.239758,-2.420865910213837,1.9971921182299983,0.3088373476108429
2023-07-25,387.1625420944559,0.1583448930504711,-0.4053182622666904,-12.204862,-2.4190132458414677,2.013694983574777,0.3057195090707725
2023-07-26,387.165749486653,0.1589342618444049,-0.3873832007725252,-12.174282,-2.415960220409234,2.028577019636709,0.3024732352272851
2023-07-27,387.1689568788501,0.1599320458644189,-0.3698660300097603,-12.129293,-2.4117244290157287,2.041858399005968,0.2991043679715235
2023-07-28,387.1721642710473,0.1613713865710948,-0.3527633346197689,-12.06797,-2.406324188952961,2.053560854333192,0.2956188266456362
2023-07-29,387.1753716632444,0.1632497835793995,-0.3360708682313195,-12.008564,-2.3997785144618446,2.063707646230525,0.2920226012974353
2023-07-30,387.1785790554415,0.1655647321851949,-0.3197835614128035,-11.962208,-2.3921070909296485,2.072323529516845,0.2883217458610448
2023-07-31,387.1817864476386,0.1682543283150435,-0.3038955307145297,-11.932591,-2.3833302485600063,2.0794347178454764,0.2845223712707415
2023-08-01,387.1849938398358,0.1711823103743184,-0.2884000887920995,-11.924471,-2.3734689355466405,2.085068846754541,0.2806306385152931
2023-08-02,387.1882012320329,0.1745463162856178,-0.2732897556005229,-11.95808,-2.3625446907824004,2.089254935181877,0.2766527516401656
2023-08-03,387.19140862423,0.1781920981124067,-0.2585562706474557,-12.012404,-2.3505796161357515,2.092023345488296,0.2725949507050547
2023-08-04,387.1946160164271,0.1822541037642915,-0.24419060629265,-11.99666,-2.337596348327222,2.093405742034572,0.2684635047042526
2023-08-05,387.1978234086243,0.1866164884013001,-0.230182982079532,-11.976382,-2.3236180304387486,2.093435048359217,0.2642647044574259
2023-08-06,387.2010308008214,0.1914129531592698,-0.2165228800833987,-11.956693,-2.308668283089184,2.092145403005785,0.2600048554784213
2023-08-07,387.2042381930185,0.1963159342593852,-0.2031990612597028,-11.939046,-2.292771175309588,2.089572114049885,0.2556902708297615
2023-08-08,387.2074455852156,0.2014619794829499,-0.1901995827744684,-11.932022,-2.2759511951521576,2.085751612377689,0.2513272639705241
2023-08-09,387.2106529774128,0.2070485231430789,-0.1775118162978577,-11.9166975,-2.2582332200669204,2.0807214037690627,0.2469221416053205
2023-08-10,387.2138603696099,0.2125428637745066,-0.1651224672406162,-11.898729,-2.2396424870805225,2.0745200198399063,0.2424811965421058
2023-08-11,387.217067761807,0.218308153638707,-0.1530175949119757,-11.881257,-2.220204562811581,2.0671869678996053,0.2380107005665615
2023-08-12,387.2202751540041,0.2242411857804138,-0.1411826335765775,-11.847144,-2.1999453133572064,2.058762679780629,0.2335168973407874
2023-08-13,387.2234825462013,0.2305739653506429,-0.1296024143866612,-11.816485,-2.178890874085396,2.0492884596987344,0.2290059953340337
2023-08-14,387.2266899383984,0.2373622736843412,-0.1182611881649119,-11.78263,-2.157067619368011,2.038806431203099,0.2244841607931816
2023-08-15,387.2298973305955,0.2444046248782325,-0.1071426490120881,-11.736164,-2.1345021322891,2.027359483277012,0.2199575107606609
2023-08-16,387.23310472279263,0.2519018344370545,-0.0962299587126634,-11.704071,-2.111221174363251,2.014991215650588,0.215432106147449
2023-08-17,387.23631211498974,0.2598513231708967,-0.0855057719107053,-11.682518,-2.087251655298598,2.0017458833878923,0.2109139448687647
2023-08-18,387.2395195071869,0.2682501464659064,-0.074952262027143,-11.644299,-2.062620602839008,1.987668340811865,0.2064089550500055
2023-08-19,387.242726899384,0.2770953549808783,-0.0645511478887337,-11.621479,-2.0373551327197967,1.972803984831063,0.2019229883104269
2023-08-20,387.24593429158114,0.2863839946257751,-0.0542837210381129,-11.953728,-2.0114824187711258,1.9571986977330127,0.1974618131319902
2023-08-21,387.2491416837783,0.2961131065411821,-0.0441308736934378,-12.185368,-1.985029663203021,1.9408987895095835,0.1930311083207304
2023-08-22,387.2523490759754,0.3062797270768422,-0.034073127325243,-12.16154,-1.95802406710567,1.9239509397804269,0.1886364565679062
2023-08-23,387.2555564681725,0.3167116690823193,-0.0240906618174188,-12.076644,-1.930492801198333,1.9064021393809143,0.184283338118111
2023-08-24,387.2587638603696,0.3275798525005011,-0.014163345178414,-11.9847355,-1.902462976859869,1.888299631681455,0.1799771245514145
2023-08-25,387.2619712525668,0.3388812734272295,-0.0042707637680029,-11.899465,-1.8739616174734857,1.869690853705483,0.1757230726864969
2023-08-26,387.2651786447639,0.3506129230830024,0.005607746995682,-11.80115,-1.8450156301178977,1.85062337711358,0.1715263186116288
2023-08-27,387.268386036961,0.3627717877914878,0.0154930714847624,-11.706263,-1.815651777636594,1.8311448491213564,0.1673918718502146
2023-08-28,387.2715934291581,0.3749680836666949,0.0254062823025629,-11.62267,-1.785896651116481,1.811302933419044,0.1633246096674946
2023-08-29,387.27480082135526,0.38759623659059,0.0353686083538734,-11.560072,-1.7557766428065291,1.7911452511604025,0.1593292715248584
2023-08-30,387.2780082135524,0.4006460488359353,0.0454014025822979,-11.524985,-1.7253179195065835,1.7707193220888815,0.1554104536880712
2023-08-31,387.2812156057496,0.4141217348454997,0.0555261094128045,-11.502067,-1.6945463964558347,1.7500725058686393,0.1515726039955728
2023-09-01,387.28442299794665,0.4280201961902685,0.0657642319380457,-11.534662,-1.663487711749825,1.7292519436878706,0.1478200167928307
2023-09-02,387.28763039014376,0.4423383294155159,0.0761372988873865,-11.688068,-1.6321672013141704,1.7083045002015569,0.1441568280385828
2023-09-03,387.2908377823409,0.4568411443674653,0.0866668314180657,-12.0142145,-1.6006098744625272,1.687276705880593,0.1405870105886066
2023-09-04,387.2940451745381,0.4717638146975964,0.0973743097680261,-12.050444,-1.568840390065518,1.666214699833544,0.1371143696624936
2023-09-05,387.2972525667352,0.4871031864518715,0.1082811398103324,-11.991848,-1.5368830333566503,1.6451641731669828,0.1337425384987044
2023-09-06,387.30045995893227,0.5027974453239816,0.1194086195493338,-11.907527,-1.5047616934003658,1.6241703129496996,0.1304749742029915
2023-09-07,387.3036673511294,0.5188079752289649,0.1307779055987738,-11.800141,-1.4724998412466288,1.6032777468454027,0.1273149537950827
2023-09-08,387.30687474332655,0.5352299697210705,0.1424099796822973,-11.701767,-1.4401205087955244,1.5825304884778215,0.1242655704583034
2023-09-09,387.31008213552366,0.5520602307679761,0.1543256151968316,-11.6205635,-1.40764626839451,1.5619718835913416,0.1213297299966125
2023-09-10,387.3132895277208,0.5692955551369729,0.1665453438793091,-11.568523,-1.3750992131900106,1.5416445570693198,0.1185101475033053
2023-09-11,387.3164969199179,0.5869327343732578,0.1790894226173091,-11.531627,-1.3425009382541655,1.5215903608714747,0.1158093442454223
2023-09-12,387.3197043121151,0.6049685547776045,0.1919778004439218,-11.503902,-1.309872522506498,1.50185032295042,0.1132296447676681
2023-09-13,387.32291170431216,0.6233997973841006,0.2052300857573085,-11.467723,-1.27723451144939,1.4824645972066983,0.1107731742194226
2023-09-14,387.3261190965093,0.6422232379385207,0.2188655138049893,-11.42576,-1.2446069007351523,1.4634724145401417,0.1084418559081831
2023-09-15,387.3293264887064,0.6614356468753326,0.2329029144728995,-11.391075,-1.21200912058152,1.4449120350544196,0.1062374090825427
2023-09-16,387.3325338809035,0.681033789295804,0.2473606804189267,-11.340437,-1.179460021051309,1.426820701470236,0.1041613469475682
2023-09-17,387.3357412731007,0.7010144249457653,0.2622567355902955,-11.296807,-1.146977858210953,1.4092345938012487,0.1022149749151829
2023-09-18,387.3389486652978,0.7213743081927582,0.27760850416395,-11.260223,-1.114580281181505,1.392188785345455,0.100399389091925
2023-09-19,387.3421560574949,0.7421101880041578,0.2934328799485759,-11.220314,-1.082284320094648,1.3757172000432238,0.0987154750061872
2023-09-20,387.345363449692,0.7632188079242237,0.3097461962865637,-11.196632,-1.050106374965097,1.3598525712516607,0.0971639065767907
2023-09-21,387.3485708418892,0.7846969060517788,0.3265641964936585,-11.22553,-1.0180622054896835,1.3446264019833425,0.0957451453244901
2023-09-22,387.3517782340863,0.8065412150175595,0.3439020048736092,-11.252009,-0.9861669217822538,1.330068926655863,0.094459439827739
2023-09-23,387.3549856262834,0.8287484619615719,0.3617740983444779,-11.235264,-0.9544349760523788,1.3162090743968566,0.0933068254237887
2023-09-24,387.3581930184805,0.8513153685103387,0.3801942787127511,-11.20947,-0.922880155234724,1.3030744339474754,0.0922871241559238
2023-09-25,387.3614004106777,0.874238650754328,0.3991756456306513,-11.2006445,-0.8915155745747012,1.2906912202053524,0.091399944967374
2023-09-26,387.3646078028748,0.8975150192248753,0.4187305702714338,-11.199381,-0.8603536721749631,1.2790842424463968,0.0906446841421707
2023-09-27,387.3678151950719,0.921141178871738,0.4388706697566821,-11.192427,-0.8294062045059983,1.2682768742626804,0.0900205259929539
2023-09-28,387.371022587269,0.9451138290398076,0.4596067823688763,-11.177146,-0.798684242882999,1.2582910252518753,0.0895264437954594
2023-09-29,387.3742299794662,0.9694296634463364,0.4809489435816023,-11.168408,-0.768198170909924,1.2491471144915265,0.0891612009691526
2023-09-30,387.3774373716633,0.994085370158004,0.5029063629390822,-11.304244,-0.7379576828905438,1.240864045829626,0.0889233525031994
2023-10-01,387.3806447638604,1.0190776315679348,0.5254874018156258,-11.474716,-0.7079717832050121,1.2334591850206378,0.0888112466267076
2023-10-02,387.3838521560575,1.0441506339465187,0.5486995520848776,-11.52432,-0.6782487866493923,1.22694833873427,0.0888230267218822
2023-10-03,387.3870595482547,1.0695605135694328,0.5725494157275467,-11.56869,-0.6487963197343021,1.2213457354618489,0.0889566334784966
2023-10-04,387.3902669404518,1.0953038972409384,0.597042685405534,-11.534424,-0.619621322937745,1.216664008343279,0.0892098072877939
2023-10-05,387.3934743326489,1.1213774059989683,0.6221841260292017,-11.505983,-0.5907300539059674,1.212914179935169,0.089580090873678
2023-10-06,387.396681724846,1.147777655091613,0.6479775573434778,-11.453604,-0.5621280915950236,1.2101056489385016,0.0900648321587873
2023-10-07,387.39988911704313,1.1745012539542907,0.6744258375574553,-11.390877,-0.5338203413446057,1.208246178902061,0.0906611873627862
2023-10-08,387.4030965092403,1.2015448061859664,0.7015308480409675,-11.331113,-0.5058110408745131,1.2073418889154808,0.0913661243299428
2023-10-09,387.4063039014374,1.2289049095257127,0.7292934791104932,-11.3016615,-0.4781037671929989,1.207397246303492,0.0921764260828132
2023-10-10,387.4095112936345,1.2565781558295648,0.7577136169255508,-11.325393,-0.4507014444051511,1.208415061330702,0.0930886945985975
2023-10-11,387.4127186858316,1.2845611310465306,0.7867901315155189,-11.441149,-0.4236063524082999,1.2103964839238188,0.0940993548044741
2023-10-12,387.4159260780288,1.3128504151954583,0.8165208659556411,-11.490483,-0.3968201364603705,1.2133410024160116,0.095204658787985
2023-10-13,387.4191334702259,1.341442582340892,0.8469026267096634,-11.481024,-0.3703438176060625,1.217246444315726,0.0964006902182912
2023-10-14,387.422340862423,1.3703342005698969,0.8779311751552559,-11.445306,-0.3441778039445688,1.2221089790998247,0.0976833689738837
2023-10-15,387.42554825462014,1.3995218319680442,0.9096012203071822,-11.402114,-0.318321902721661,1.2279231230288432,0.0990484559720965
2023-10-16,387.4287556468173,1.4290020325957375,0.9419064127516898,-11.381865,-0.292775333227774,1.234681745979464,0.1004915581955414
2023-10-17,387.4319630390144,1.4587713524641548,0.9748393398043984,-11.357128,-0.2675367404828728,1.2423760802872712,0.1020081339103603
2023-10-18,387.43517043121153,1.4888263355117628,1.0083915219025952,-11.341392,-0.2426042096878178,1.250995731590413,0.1035934980709579
2023-10-19,387.43837782340864,1.519163519579931,1.0425534102413183,-11.312839,-0.217975281420997,1.2605286916623153,0.1052428279056836
2023-10-20,387.4415852156058,1.5497794363892332,1.0773143856614875,-11.268891,-0.1936469675581171,1.270961353219605,0.1069511686776982
2023-10-21,387.4447926078029,1.580670611515532,1.112662758796694,-11.228973,-0.1696157678920949,1.2822785266887888,0.1087134396150762
2023-10-22,387.448,1.6118335643655552,1.1485857714840466,-11.21914,-0.145877687429114,1.2944634589131607,0.1105244400039842
2023-10-23,391.554,5.739657612172438,1.185069599442912,-11.245616,-0.1224282543361083,1.3074978537790205,0.112378855438591
2023-10-24,387.122,1.3297071457914853,1.2220993562240503,-11.261035,-0.0992625385140496,1.3213618947380998,0.1142712642211751
2023-10-25,383.42,-2.350030899875181,1.2596590984302485,-11.362571,-0.0763751707707186,1.3360342692009668,0.1161961439057185
2023-10-26,385.049,-0.6985313390038097,1.297731832207956,-11.454827,-0.0537603625657699,1.351492194773726,0.1181478779781064
2023-10-27,380.6880000000001,-5.036982644761894,1.3362995210082278,-11.433702,-0.0314119263002805,1.3677114473085084,0.1201207626658838
2023-10-28,377.974,-7.728194555144979,1.3753430946136491,-11.420306,-0.0093232961222252,1.3846663907358745,0.122109013870361
2023-10-29,379.291,-6.387982029540313,1.4148424594265605,-11.414762,0.0125124507813311,1.4023300086452293,0.1241067742137194
2023-10-30,380.732,-4.923538827774664,1.454776510012513,-11.391012,0.0341025724351368,1.4206739375773765,0.1261081201936135
2023-10-31,382.193,-3.438860788376372,1.4951231418913338,-11.350334,0.0554546399001648,1.4396685019911688,0.1281070694376399
2023-11-01,381.667,-3.940960568079092,1.5358592655668943,-11.303863,0.0765765147025092,1.459282750864385,0.1300975880499152
2023-11-02,383.154,-2.4298410745537167,1.576960821785156,-11.314814,0.097476325898203,1.479484495886953,0.1320735980418827
2023-11-03,382.089,-3.4705052154711926,1.6184027980087077,-11.295348,0.1181624468059572,1.5002403512027502,0.1340289848393629
2023-11-04,383.18,-2.354955898502384,1.6601592460946089,-11.317812,0.1386434714401624,1.5215157746544463,0.1359576048577543
2023-11-05,381.746,-3.764196031318224,1.702203301160964,-11.348981,0.1589281906769665,1.5432751104839977,0.1378532931372044
2023-11-06,387.767,2.281771478410414,1.7445072016262708,-11.432344,0.1790255681865619,1.5654816334397088,0.1397098710294826
2023-11-07,385.519,0.0589128637119901,1.7870423104042314,-11.508607,0.1989447161651485,1.588097594239083,0.1415211539282072
2023-11-08,385.045,-0.3897442425584045,1.8297791372354133,-11.514178,0.2186948709003095,1.611084266335104,0.1432809590340183
2023-11-09,380.509,-4.900202752680545,1.872687362135768,-11.517786,0.2382853682037866,1.6344019939319814,0.1449831131462269
2023-11-10,383.815,-1.5684560933478058,1.9157358599407208,-11.522466,0.2577256187458341,1.6580102411948867,0.1466214604724167
2023-11-11,387.308,1.9504830755409135,1.9588927259223563,-11.543389,0.2770250833254652,1.6818676425968913,0.148189870447444
2023-11-12,382.04,-3.2914096341538057,2.002125302455806,-11.539449,0.2961932481110616,1.7059320543447445,0.1496822455532413
2023-11-13,380.664,-4.641116239586987,2.0454002067098465,-11.537171,0.3152395998858532,1.7301606068239932,0.1510925291308128
2023-11-14,385.819,0.5406128356504523,2.0886833593354543,-11.515248,0.334173601332807,1.7545097580026474,0.1524147131757958
2023-11-15,381.663,-3.5884847877574155,2.131940014124888,-11.505232,0.353004666393476,1.778935347731412,0.1536428461089612
2023-11-16,382.369,-2.855411985397921,2.1751347886126764,-11.59217,0.3717421357352878,1.8033926528773885,0.1547710405130241
2023-11-17,379.091,-6.106171632858799,2.218231695588872,-11.574352,0.3903952523616458,1.8278364432272265,0.1557934808271617
2023-11-18,381.204,-3.965670878293064,2.2611941754936824,-11.623208,0.4089731373991107,1.852221038094572,0.1567044309906522
2023-11-19,389.871,4.72904768611309,2.3039851296617178,-11.814609,0.4274847660956946,1.8765003635660231,0.1574982420270808
2023-11-20,387.051,1.936899342564602,2.346566954382853,-11.803797,0.4459389440641669,1.900628010318686,0.1581693595606117
2023-11-21,376.668,-8.418119451733084,2.3889015757459213,-11.806991,0.464344283803882,1.9245572919420395,0.1587123312558648
2023-11-22,377.63,-7.427758574209411,2.430950485230324,-11.790173,0.4827091815344594,1.9482413036958648,0.159121814173002
2023-11-23,379.783,-5.246252060217672,2.472674776009838,-11.865773,0.5010417943742227,1.971632981635616,0.1593925820297048
2023-11-24,391.846,6.845566800466697,2.5140351799319567,-11.918071,0.5193500178959223,1.9946851620360344,0.1595195323617929
2023-11-25,396.196,11.224491670339422,2.554992105135271,-11.900005,0.5376414640918795,2.017350641043392,0.159497693574327
2023-11-26,394.606,9.663519057144374,2.595505674266637,-11.876076,0.5559234397801774,2.03958223448646,0.1593222318751432
2023-11-27,384.294,-0.6193545377872449,2.6355357632590093,-11.851943,0.5742029254830326,2.0613328377759768,0.1589884580828576
2023-11-28,382.94,-1.9441105137015569,2.67504204063023,-11.829149,0.5924865548079509,2.0825554858222795,0.1584918343015085
2023-11-29,387.071,2.2162483244664224,2.7139840072622667,-11.806851,0.6107805943616483,2.1032034129006183,0.1578279804541237
2023-11-30,390.464,5.6386970659217,2.75232103661985,-11.818101,0.6290909242261405,2.1232301123937094,0.1569926806676226
2023-12-01,389.208,4.412232199096602,2.7900124153668058,-11.927371,0.6474230190256974,2.1425893963411085,0.1559818895016191
2023-12-02,386.152,1.3856733657215492,2.8270173843378403,-12.041979,0.6657819296127008,2.16123545472514,0.1547917380138302
2023-12-03,378.405,-6.331801233464755,2.8632951798231066,-12.266277,0.6841722653996952,2.179122914423411,0.1534185396549499
2023-12-04,388.365,3.658004215322181,2.8988050751223104,-12.287905,0.7025981773641324,2.196206897758178,0.1518587959860258
2023-12-05,384.636,-0.0411173898465562,2.933506422324806,-12.321174,0.7210633417515697,2.212443080573237,0.1501092022115265
2023-12-06,385.404,0.7568530522197202,2.9673586942717134,-12.344079,0.7395709445021669,2.227787749769546,0.1481666525214933
2023-12-07,388.391,3.773912720060418,3.0003215266558043,-12.437503,0.7581236664245299,2.2421978602312747,0.1460282452363411
2023-12-08,389.15,4.562859313146802,3.03235476021463,-12.499611,0.7767236691400115,2.2556310910746187,0.1436912877480669
2023-12-09,379.793,-4.76412898746545,3.063418482972168,-12.512464,0.7953725818196595,2.268045901152508,0.1411533012518382
2023-12-10,382.418,-2.108856064944155,3.093473072484041,-12.5615015,0.814071488735038,2.279401583749003,0.1384120252621347
2023-12-11,385.516,1.0193166600945816,3.122479238041323,-12.560858,0.8328209176432033,2.28965832039812,0.1354654219078286
2023-12-12,386.242,1.7755680847735726,3.1503980627878145,-12.56128,0.8516208290250283,2.2987772337627863,0.1323116800008209
2023-12-13,386.303,1.8668653892385323,3.1771910457057064,-12.561238,0.870470606195083,2.3067204395106238,0.1289492188730691
2023-12-14,386.8,2.394212295864624,3.2028201434244874,-12.562125,0.8893690463002264,2.313451097124261,0.1253766919770817
2023-12-15,380.327,-4.04839478750159,3.2272478118081875,-12.548382,0.9083143522229096,2.318933459585278,0.1215929902451931
2023-12-16,382.803,-1.5419291691265196,3.2504370472759767,-12.529546,0.9273041254041708,2.3231329218718058,0.1175972452031761
2023-12-17,384.336,0.0215918674573006,3.2723514278115435,-12.516743,0.9463353596000734,2.3260160682114703,0.1133888318340002
2023-12-18,385.151,0.8671727637376452,3.2929551536166595,-12.5455475,0.9654044355842912,2.327550718032368,0.1089673711878053
2023-12-19,390.43,6.176578771682632,3.31221308736486,-12.601428,0.984507116808276,2.327705970556584,0.1043327327344027
2023-12-20,389.284,5.060963476687999,3.3300907940113014,-12.665809,1.0036385460293256,2.326452247981976,0.0994850364549094
2023-12-21,378.802,-5.390616486539072,3.346554580115334,-12.651582,1.0227932429156468,2.323761337199687,0.0944246546693563
2023-12-22,382.508,-1.6541413754170522,3.3615715326327384,-12.674843,1.0419651026362733,2.3196064299964654,0.0891522135974094
2023-12-23,386.076,1.94429016513818,3.375109557134968,-12.720423,1.061147395442502,2.3139621616924657,0.0836685946496092
2023-12-24,385.869,1.76749769996978,3.387137415413437,-12.750163,1.0803327672462242,2.306804648167213,0.0779749354468077
2023-12-25,382.324,-1.7472489600167156,3.3976247624271805,-12.775941,1.0995132411993502,2.2981115212278302,0.0720726305657788
2023-12-26,386.857,2.816056958852728,3.40654218255314,-12.802199,1.118680220277162,2.287861962275977,0.065963332009247
2023-12-27,382.88,-1.1305933503370598,3.413861225098728,-12.813298,1.1378244908672543,2.2760367342314733,0.0596489493988792
2023-12-28,388.551,4.570802810085805,3.4195544390371206,-12.81149,1.156936227364432,2.262618211672689,0.0531316498900677
2023-12-29,379.866,-4.083775213636482,3.4235954069265606,-12.795267,1.1760049977705804,2.24759040915598,0.0464138578076252
2023-12-30,383.343,-0.5763132006181931,3.425958777975559,-12.805217,1.1950197702973473,2.230939007678212,0.0394982540018053
2023-12-31,386.765,2.876183520537815,3.426620300216852,-12.770476,1.2139689209681497,2.212651379248702,0.0323877749243603
