date,gps_raw_up_mm,gps_detrended_mm,gps_seasonal_mm,hydl_original_up_mm,hydl_seasonal_mm,gps_minus_hydl_mm,poroelastic_mm
2021-01-01,860.887,-3.137005420013484,0.8181279490933725,-3.9453053,0.890420134509482,-0.0722921854161094,-0.085828206614153
2021-01-02,863.5899999999999,-0.4513210948830668,0.6611668757532922,-4.0031037,0.9603769231212964,-0.299210047368004,-0.0921593810071106
2021-01-03,862.182,-1.8773540944093527,0.5046357434906179,-4.076068,1.0301587510401398,-0.5255230075495219,-0.0985654212954568
2021-01-04,863.681,-0.3963315927079684,0.3485982824159764,-4.4972634,1.099738324496393,-0.7511400420804165,-0.105046516669674
2021-01-05,865.031,0.9358281884836468,0.1931171644862465,-4.5335464,1.1690883289155434,-0.9759711644292968,-0.1116027162951323
2021-01-06,865.581,1.4675928525155393,0.0382539663320643,-4.5511246,1.238181444443099,-1.1999274781110345,-0.1182339266149001
2021-01-07,863.4399999999999,-0.6916472634596791,-0.1159308663248879,-4.519584,1.306990361526171,-1.422921227851059,-0.1249399088340908
2021-01-08,859.242,-4.907980331790629,-0.2693780526355658,-4.5528655,1.375487796538173,-1.6448658491737391,-0.1317202765897916
2021-01-09,860.833,-3.3351421192801967,-0.4220295089413711,-4.5072937,1.4436465074331597,-1.8656760163745307,-0.138574493810426
2021-01-10,867.263,3.0765691930607963,-0.5738283794210705,-4.4967732,1.511439309416135,-2.085267688837205,-0.1455018727681568
2021-01-11,863.66,-0.5455967603464242,-0.7247190650443563,-4.4756165,1.578839090615766,-2.3035581556601223,-0.15250157232771
2021-01-12,860.811,-3.413995732017049,-0.8746472508115588,-4.5417295,1.6458188277459198,-2.5204660785574786,-0.1595725963947677
2021-01-13,860.0680000000001,-4.176556404775098,-1.023559931261398,-4.6098847,1.7123516017423686,-2.7359115330037667,-0.1667137925668212
2021-01-14,856.8050000000001,-7.459254897185907,-1.1714054342307367,-4.5470505,1.7784106133611628,-2.9498160475918995,-0.1739238509891511
2021-01-15,861.2760000000001,-3.007793327242443,-1.3181334428527964,-4.5109324,1.8439691987250983,-3.162102641577895,-0.1812013034183274
2021-01-16,862.358,-1.945981973633252,-1.463695015782286,-4.452886,1.9090008448048537,-3.3726958605871395,-0.1885445224953952
2021-01-17,867.244,2.919975796747703,-1.6080426056384765,-4.3992143,1.9734792048213767,-3.5815218104598534,-0.1959517212306308
2021-01-18,865.255,0.9092798897475172,-1.7511300756591566,-4.3362937,2.0373781135562585,-3.788508189215415,-0.2034209527015169
2021-01-19,860.349,-4.018627261038819,-1.8929127145610765,-4.294784,2.100671602556821,-3.9935843171178975,-0.2109501099653045
2021-01-20,864.629,0.2395990278439632,-2.033347249604392,-4.2474666,2.1633339152229256,-4.196681164827318,-0.2185369261872847
2021-01-21,864.731,0.3196711895549047,-2.1723918578612094,-4.2127686,2.225339521762472,-4.397731379623681,-0.2261789749856077
2021-01-22,869.407,4.973819833870544,-2.3100061756903028,-4.2464314,2.286663134002822,-4.596669309693125,-0.2338736709932415
2021-01-23,865.22,0.7644709554273335,-2.446151306422544,-4.258913,2.347279720045482,-4.793431026468026,-0.2416182706373706
2021-01-24,866.918,2.439928637276363,-2.5807898262636355,-4.278014,2.407164518751557,-4.987954345015193,-0.2494098731362977
2021-01-25,867.0369999999999,2.536368524818257,-2.7138857884231333,-4.4959764,2.466293054045711,-5.180178842468845,-0.2572454217135987
2021-01-26,872.3870000000001,7.863778143099298,-2.845404725480819,-4.504597,2.5246411490265306,-5.370045874507349,-0.2651217050290626
2021-01-27,870.422,5.876035729891088,-2.975313650003544,-5.1616936,2.582184939871376,-5.557498589874919,-0.2730353588256282
2021-01-28,862.951,-1.6180703817867488,-3.1035810534282096,-6.065333,2.638900889524132,-5.742481942952342,-0.280982867791304
2021-01-29,855.563,-9.029374474100132,-3.230176903228157,-6.312077,2.694765801154378,-5.924942704382534,-0.2889605676347513
2021-01-30,862.071,-2.544519319760553,-3.3550726383827336,-6.3028545,2.7497568313768466,-6.10482946975958,-0.2969646473729765
2021-01-31,861.847,-2.791602538899688,-3.4782411631716017,-6.306426,2.803851503220239,-6.282092666391841,-0.3049911518292859
2021-02-01,853.796,-10.866475376639698,-3.599656839317592,-6.3156548,2.8570277188347943,-6.456684558152386,-0.3130359843394104
2021-02-02,855.6329999999999,-9.053207506369922,-3.719295476503672,-6.664828,2.909263771928222,-6.628559248431894,-0.3210949096634312
2021-02-03,853.266,-11.443795712928964,-3.837134321291697,-6.708121,2.9605383599199837,-6.79767268121168,-0.3291635571008959
2021-02-04,860.985,-3.748236781155604,-3.9531520444724695,-6.647355,3.01083059580414,-6.963982640276609,-0.3372374238062285
2021-02-05,858.56,-6.19652749588894,-4.06732872687844,-6.594481,3.060120019711352,-7.127448746589792,-0.3453118783013193
2021-02-06,861.004,-3.7756646419675626,-4.179645843692286,-6.5303917,3.1083866101609163,-7.2880324538532015,-0.3533821641818987
2021-02-07,860.578,-4.22464500423059,-4.290086247286332,-6.465348,3.1556107949940726,-7.445697042280404,-0.3614434040140665
2021-02-08,859.537,-5.288465367516762,-4.398634148629343,-6.3848863,3.2017734619801197,-7.600407610609462,-0.3694906034170971
2021-02-09,863.057,-1.7911225166648932,-4.505275097299207,-6.315964,3.2468559690873096,-7.752131066386516,-0.3775186553284247
2021-02-10,855.453,-9.417911904250762,-4.609995960141251,-6.239272,3.29084015441077,-7.900836114552021,-0.3855223444464343
2021-02-11,859.2070000000001,-5.686539763347263,-4.712784898613763,-6.2966766,3.333708345750088,-8.04649324436385,-0.3934963518465
2021-02-12,846.615,-18.301002923022494,-4.813631344863651,-6.6555204,3.375443369829626,-8.189074714693277,-0.4014352597654629
2021-02-13,864.548,-0.3902982123435015,-4.912525976576553,-6.9520926,3.416028561154921,-8.328554537731474,-0.4093335565495212
2021-02-14,860.491,-4.469802056981609,-5.009460690647291,-6.924898,3.455447770499006,-8.464908461146297,-0.4171856417603046
2021-02-15,859.764,-5.219142004525901,-5.10442857571756,-7.0466332,3.493685373012786,-8.598113948730347,-0.4249858314336824
2021-02-16,861.1450000000001,-3.8603149402572656,-5.197423883629246,-7.020253,3.530726275954124,-8.72815015958337,-0.4327283634856699
2021-02-17,858.9069999999999,-6.120317749456584,-5.288441999842796,-6.9480853,3.566555926030527,-8.854997925873324,-0.4404074032595782
2021-02-18,850.604,-14.445147317404228,-5.377479412871216,-6.9077063,3.601160316350933,-8.978639729222149,-0.4480170492083966
2021-02-19,859.4920000000001,-5.578800529381356,-5.464533682781241,-6.9685717,3.6345259929823066,-9.099059675763549,-0.4555513387061815
2021-02-20,855.352,-9.740274270668928,-5.549603408814332,-7.04962,3.666640061107338,-9.21624346992167,-0.4630042539820817
2021-02-21,858.2239999999999,-6.889565426547324,-5.632688196180873,-7.0054255,3.697490190779827,-9.3301783869607,-0.4703697281704286
2021-02-22,860.0419999999999,-5.092670882297482,-5.71378862208189,-6.9603224,3.727064622274864,-9.440853244356754,-0.4776416514702047
2021-02-23,855.745,-9.410587523200116,-5.792906201013275,-6.892929,3.755352171031221,-9.548258372044495,-0.4848138774070069
2021-02-24,856.1039999999999,-9.072312234536302,-5.8700433494083,-6.8116407,3.782342232183917,-9.652385581592217,-0.4918802291905071
2021-02-25,856.553,-8.643841901586622,-5.9452033496746415,-6.752478,3.808024784685259,-9.7532281343599,-0.4988345061602658
2021-02-26,860.0419999999999,-5.175173409631951,-6.018390313682731,-6.7127886,3.832390395013061,-9.850780708695792,-0.5056704903126258
2021-02-27,863.414,-1.8233036439528905,-6.089609145762855,-6.6505337,3.855430220465324,-9.94503936622818,-0.512381952901305
2021-02-28,860.9839999999999,-4.273332252347921,-6.158865505268443,-6.587042,3.87713601204084,-10.036001517309282,-0.5189626611041724
2021-03-01,861.176,-4.10115615003995,-6.226165768763715,-6.506089,3.897500116905841,-10.123665885669556,-0.5254063847486351
2021-03-02,863.68,-1.6167722375277045,-6.291516991893717,-6.4194,3.916515480447079,-10.208032472340795,-0.5317069030879001
2021-03-03,862.462,-2.8544311788796817,-6.354926870995123,-6.334981,3.934175647912202,-10.289102518907324,-0.537858011620383
2021-03-04,857.1,-8.23618121700601,-6.416403704506211,-6.2548857,3.9504747656386954,-10.366878470144904,-0.5438535289443703
2021-03-05,861.1560000000001,-4.199729183290874,-6.4759563542343805,-6.197503,3.9654075818730687,-10.44136393610745,-0.5496873036400475
2021-03-06,857.17,-8.205072059972748,-6.533594206539527,-6.2945805,3.978969447182386,-10.512563653721912,-0.5553532211708987
2021-03-07,855.287,-10.107206829289971,-6.589327133491447,-6.214937,3.991156314460613,-10.58048344795206,-0.5608452107964758
2021-03-08,853.114,-12.299130473481348,-6.643165454059138,-6.1705337,4.001964738532674,-10.645130192591813,-0.5661572524884704
2021-03-09,861.205,-4.226839974785454,-6.695119895389656,-6.206624,4.011391875359539,-10.706511770749197,-0.5712833838420125
2021-03-10,865.724,0.2736676845593768,-6.745201554233744,-6.4289513,4.019435480847961,-10.764637035081703,-0.5762177069740825
2021-03-11,858.435,-7.033648466843414,-6.793421858574979,-6.4182224,4.026093909268948,-10.819515767843926,-0.5809543954009473
2021-03-12,855.495,-9.991742617431866,-6.83979252951872,-6.3600936,4.031366111289408,-10.871158640808128,-0.5854877008864885
2021-03-13,858.837,-6.667611755958971,-6.884325543496453,-6.3119054,4.035251631621741,-10.919577175118194,-0.5898119602533426
2021-03-14,860.737,-4.7852528711775335,-6.927033094840559,-6.3354793,4.037750606296551,-10.96478370113711,-0.5939216021487745
2021-03-15,865.321,-0.218662951839998,-6.967927558783644,-6.630141,4.038863759563996,-11.00679131834764,-0.5978111537572233
2021-03-16,865.07,-0.4869642220957599,-7.007021454935963,-6.5723915,4.038592400429628,-11.045613855365591,-0.6014752474515425
2021-03-17,855.644,-9.930550981775724,-7.044327411293359,-6.5107946,4.036938418830928,-11.081265830124288,-0.6049086273749482
2021-03-18,863.894,-1.6979152019955457,-7.079858128827341,-6.5580997,4.033904281461024,-11.113762410288365,-0.6081061559457949
2021-03-19,850.767,-14.84258761869164,-7.113626346707928,-6.7664657,4.029493027246494,-11.143119373954423,-0.6110628202773494
2021-03-20,841.764,-23.863046165687518,-7.145644808208673,-6.7994184,4.023708262486344,-11.169353070695015,-0.6137737385048039
2021-03-21,859.555,-6.089288006186533,-7.1759262273422655,-6.707737,4.016554155659643,-11.192480383001907,-0.6162341660118678
2021-03-22,858.5390000000001,-7.122310303392006,-7.204483256273872,-6.676394,4.008035431909538,-11.21251868818341,-0.6184395015493782
2021-03-23,853.6179999999999,-12.060110220507667,-7.231328453558111,-6.651943,3.998157367211661,-11.229485820769773,-0.6203852932384548
2021-03-24,858.902,-6.792684920736476,-7.256474253244236,-6.6011477,3.9869257822352298,-11.243400035479466,-0.6220672444508581
2021-03-25,861.7470000000001,-3.964031567282204,-7.279932934892723,-6.588049,3.974347035905324,-11.254279970798049,-0.6234812195593334
2021-03-26,864.3380000000001,-1.3893141112788978,-7.301716594545056,-6.5209346,3.960428018675169,-11.262144613220224,-0.6246232495508361
2021-03-27,857.081,-8.662458488214753,-7.321837116687045,-6.4349494,3.945176145517416,-11.26701326220446,-0.6254895374956984
2021-03-28,853.365,-12.394373331642676,-7.340306147244378,-6.366803,3.928599348643629,-11.268905495888006,-0.6260764638659322
2021-03-29,862.054,-3.721055842945283,-7.357135067647648,-6.2856493,3.910706069961436,-11.267841137609084,-0.6263805916960223
2021-03-30,861.1600000000001,-4.631001743825617,-7.372334970002432,-6.184651,3.891505253278962,-11.263840223281392,-0.6263986715797412
2021-03-31,858.103,-7.70372326209364,-7.385916633398303,-6.090938,3.871006336266364,-11.256922969664666,-0.6261276464966652
2021-04-01,856.739,-9.083217672955804,-7.39789050138897,-5.9909034,3.8492192421844265,-11.247109743573397,-0.6255646564622861
2021-04-02,862.581,-3.2564822516191825,-7.408266660673997,-5.8827047,3.826154371390365,-11.234421032064365,-0.6247070429957711
2021-04-03,857.713,-8.139680157086293,-7.417054821010796,-5.785835,3.8018225926311406,-11.218877413641936,-0.6235523533996401
2021-04-04,855.586,-10.281647288479927,-7.4242642963836945,-5.6864448,3.7762352341346417,-11.200499530518336,-0.6220983448458236
2021-04-05,860.519,-5.363380945571985,-7.429903987454998,-5.607291,3.749404074509259,-11.179308061964257,-0.6203429882627735
2021-04-06,857.095,-8.801878428134444,-7.433982365321376,-5.5315604,3.721341333462546,-11.155323698783922,-0.6182844720185249
2021-04-07,858.6890000000001,-7.222137035939281,-7.436507456596471,-5.4807677,3.692059662349581,-11.128567118946052,-0.6159212053948149
2021-04-08,860.413,-5.512154068758711,-7.437486829839252,-5.4325085,3.661572134561868,-11.09905896440112,-0.6132518218476134
2021-04-09,860.186,-5.752926826364261,-7.43692758334522,-5.3731365,3.629892235767631,-11.066819819112853,-0.6102751820496302
2021-04-10,861.626,-4.32645260852818,-7.434836334315887,-5.3171225,3.597033854014341,-11.031870188330227,-0.6069903767106349
2021-04-11,866.053,0.0872712849777306,-7.431219209419886,-5.2376075,3.563011269704468,-10.994230479124354,-0.6033967291716342
2021-04-12,863.472,-2.506907748514534,-7.426081836756889,-5.1657066,3.5278391454553484,-10.953920982212235,-0.5994937977692463
2021-04-13,864.2520000000001,-1.7398458632554146,-7.419429339233793,-5.1173253,3.491532515854148,-10.91096185508794,-0.5952813779668188
2021-04-14,864.124,-1.88068891636884,-7.411266329360328,-5.101237,3.4541067771188447,-10.865373106479172,-0.5907595042491365
2021-04-15,860.718,-5.299383871420436,-7.401596905469303,-5.045833,3.4155776766761496,-10.817174582145451,-0.5859284517778135
2021-04-16,862.952,-3.077827347839345,-7.390424649364789,-4.978895,3.3759613026672803,-10.766385952032069,-0.5807887378047234
2021-04-17,857.982,-8.060125964548682,-7.377752625399179,-4.888289,3.3352740733923536,-10.713026698791532,-0.5753411228411077
2021-04-18,862.33,-3.724170797541192,-7.363583380978375,-4.7967806,3.2935327267042487,-10.657116107682624,-0.5695866115802696
2021-04-19,860.091,-5.974990607156551,-7.347918948492083,-4.7142277,3.250754309362578,-10.59867325785466,-0.5635264535720405
2021-04-20,861.5899999999999,-4.4875522441679925,-7.330760848664202,-4.6530304,3.206956166358391,-10.537717015022594,-0.5571621436474743
2021-04-21,865.41,-0.6788530924041121,-7.312110095316255,-4.586763,3.162155930220107,-10.474266025536362,-0.5504954220925333
2021-04-22,868.973,2.8730173505123755,-7.291967201534996,-4.5226665,3.116371510311093,-10.408338711846088,-0.5435282745697788
2021-04-23,868.696,2.584902373974118,-7.270332187232918,-4.4564137,3.0696210821291188,-10.339953269362036,-0.5362629317873949
2021-04-24,868.572,2.449340298850884,-7.247204588088771,-4.45979,3.0219230766178,-10.269127664706572,-0.5287018689151436
2021-04-25,862.1600000000001,-3.974450452123081,-7.22258346585309,-4.620252,2.973296169500048,-10.195879635353135,-0.5208478047471381
2021-04-26,862.797,-3.3490049731889213,-7.196467420001739,-4.6601596,2.923759270643302,-10.12022669064504,-0.5127037006116165
2021-04-27,865.656,-0.5015296183664519,-7.16885460071862,-4.597733,2.873331513466154,-10.042186114184776,-0.5042727590281855
2021-04-28,864.819,-1.3498355010614818,-7.139742723186846,-4.5283046,2.8220322443958694,-9.961774967582716,-0.4955584221132709
2021-04-29,859.774,-6.405851733649921,-7.109129083165615,-4.458667,2.769881012385984,-9.8790100955516,-0.4865643697348395
2021-04-30,858.114,-8.076575357117484,-7.077010573828428,-4.38979,2.7168975585030584,-9.793908132331486,-0.477294517417703
2021-05-01,861.048,-5.153004049346367,-7.043383703836337,-4.3408365,2.663101805591416,-9.706485509427754,-0.4677530140010195
2021-05-02,862.3420000000001,-3.8691354882184,-7.008244616618167,-4.278363,2.608513848024402,-9.616758464642569,-0.4579442390498987
2021-05-03,861.934,-4.287381825626703,-6.971589110827948,-4.2071605,2.553153941550581,-9.524743052378527,-0.4478728000232788
2021-05-04,865.174,-1.0573375283227966,-6.933412661948115,-4.132824,2.4970424932429385,-9.430455155191051,-0.4375435292005392
2021-05-05,861.497,-4.744087882610947,-6.8937104450052455,-4.038438,2.4402000515589157,-9.333910496564162,-0.4269614803695866
2021-05-06,862.538,-3.712545459703064,-6.852477358363807,-3.9478843,2.38264729651892,-9.235124654882728,-0.416131925279421
2021-05-07,859.94,-6.319765392827263,-6.809708048561442,-3.8802416,2.3244050300105594,-9.134113078572,-0.4050603498604632
2021-05-08,860.972,-5.296689612471253,-6.76539693614812,-3.8212252,2.2654941662256425,-9.03089110237376,-0.3937524502162025
2021-05-09,861.6160000000001,-4.66131587935687,-6.719538242489831,-3.7688355,2.205935722236694,-8.925473964726525,-0.3822141283899655
2021-05-10,869.783,3.4973580457934537,-6.672126017496195,-3.7046673,2.1457508087193973,-8.817876826215592,-0.370451487910891
2021-05-11,861.598,-4.696052317150683,-6.623154168229972,-3.6379979,2.0849606208271325,-8.708114789057104,-0.3584708291234292
2021-05-12,862.2189999999999,-4.0831497149784735,-6.572616488355112,-3.563213,2.0235864292233967,-8.596202917578509,-0.3462786443049583
2021-05-13,859.62,-6.6899319670911215,-6.520506688378811,-3.4776511,1.9616495712776536,-8.482156259656465,-0.3338816125763333
2021-05-14,858.481,-7.836396892890382,-6.4668184266418525,-3.3982432,1.8991714424297752,-8.365989869071628,-0.3212865946104365
2021-05-15,859.5279999999999,-6.796542311777734,-6.411545341010271,-3.36851,1.8361734877279667,-8.247718828738238,-0.308500627144034
2021-05-16,861.035,-5.296366043154535,-6.35468108122051,-3.3414524,1.7726771935446763,-8.127358274765186,-0.2955309172984628
2021-05-17,862.287,-4.050865906422183,-6.296219341829024,-3.2930346,1.7087040794747417,-8.004923421303765,-0.2823848367149041
2021-05-18,864.135,-2.209136213411699,-6.236153895716568,-3.2635229,1.6442756904195648,-7.880429586136133,-0.2690699155102099
2021-05-19,864.833,-1.517144938585142,-6.174478628096338,-3.2221177,1.5794135888609466,-7.753892216957285,-0.2555938360594674
2021-05-20,861.186,-5.169889853574515,-6.111187570974381,-3.2472003,1.514139347327634,-7.625326918302015,-0.2419644266116676
2021-05-21,859.2070000000001,-7.154308268875227,-6.046274938010159,-3.26879,1.448474541057556,-7.494749479067715,-0.2281896547450765
2021-05-22,859.206,-7.160398036874069,-5.979735159724049,-3.2664988,1.3824407408581174,-7.362175900582166,-0.2142776206690524
2021-05-23,860.773,-5.5981570099573,-5.911562918998449,-3.2487671,1.3160595061667992,-7.227622425165248,-0.200236550379269
2021-05-24,864.121,-2.254583040511704,-5.841753186818233,-3.205036,1.249352378313792,-7.0911055651320245,-0.1860747886734552
2021-05-25,858.954,-7.426277247365081,-5.77030125819612,-3.155342,1.1823408739881602,-6.95264213218428,-0.1718007920349375
2021-05-26,861.096,-5.288650609572239,-5.697202788227894,-3.0747933,1.1150464789086132,-6.812249267136508,-0.1574231213914212
2021-05-27,860.9449999999999,-5.443701068855643,-5.622453828222322,-3.0267506,1.047490641699678,-6.669944469922,-0.1429504347565982
2021-05-28,863.1959999999999,-3.1964265669373937,-5.546050861850164,-2.9767182,0.9796947679736356,-6.5257456298238,-0.1283914797623087
2021-05-29,859.3340000000001,-7.062020160524245,-5.467990841256711,-2.916631,0.9116802146183648,-6.379671055875075,-0.1137550860891061
2021-05-30,869.972,3.5730531568980317,-5.388271223081871,-2.8527691,0.8434682842907432,-6.231739507372614,-0.0990501578032161
2021-05-31,867.197,0.7945966306538708,-5.306890004332264,-2.7907844,0.7750802201150963,-6.08197022444736,-0.0842856656079635
2021-06-01,867.242,0.836323206199233,-5.223845758049234,-2.7262385,0.706537200585652,-5.930382958634886,-0.0694706390178763
2021-06-02,865.756,-0.6527485581427319,-5.139137668717443,-2.6754365,0.6378603346718458,-5.776998003389289,-0.0546141584637364
2021-06-03,867.79,1.3773941337702151,-5.052765567358295,-2.6119955,0.5690706571247574,-5.621836224483053,-0.039725347336966
2021-06-04,865.2570000000001,-1.160260172176132,-4.964729966253215,-2.5474584,0.5001891239828934,-5.464919090236108,-0.0248133639817855
2021-06-05,867.87,1.44933176817593,-4.875032093241763,-2.5003073,0.4312366082749772,-5.30626870151674,-0.0098873936436475
2021-06-06,870.0210000000001,3.59552402027633,-4.783673925540131,-2.4573498,0.3622338959172715,-5.145907821457403,0.0050433596174654
2021-06-07,873.981,7.550583510802754,-4.690658223026173,-2.4183114,0.2932016818025599,-4.983859904828733,0.0199696810402931
2021-06-08,866.722,0.2869033896353823,-4.595988560937297,-2.3643737,0.2241605660776665,-4.820149127014964,0.0348823532934363
2021-06-09,861.82,-4.619469137709645,-4.499669361928564,-2.3210683,0.1551310506060361,-4.6548004125346,0.0497721646157107
2021-06-10,868.026,1.5825278643008405,-4.401705927438761,-2.3140178,0.0861335356117241,-4.487839463050485,0.0646299169570383
2021-06-11,868.1179999999999,1.6707862874556003,-4.302104468313115,-2.291176,0.0171883165007452,-4.319292784813861,0.0794464341111664
2021-06-12,869.262,2.811141046265444,-4.2008721346319895,-2.2534285,-0.0516844191444502,-4.149187715487539,0.0942125698315367
2021-06-13,868.861,2.4067248350136072,-4.098017044696007,-2.2077851,-0.1204645944018876,-3.977552450294119,0.1089192159216231
2021-06-14,866.246,-0.2115909646957661,-3.9935483131187,-2.1591852,-0.1891322456831532,-3.8044160674355463,0.1235573102910913
2021-06-15,862.2520000000001,-4.208866432015525,-3.887476077979128,-2.1011705,-0.257667525247663,-3.6298085527314647,0.1381178449691545
2021-06-16,866.214,-0.2497952961118832,-3.7798115269877264,-2.035277,-0.3260507035633201,-3.4537608234244064,0.1525918740665638
2021-06-17,877.235,10.76861658310303,-3.670566922619903,-1.9681914,-0.3942621715190857,-3.276304751100817,0.1669705216777073
2021-06-18,866.197,-0.2716499008918926,-3.5597556261731373,-1.9068562,-0.4622824424950796,-3.0974731836780576,0.1812449897143636
2021-06-19,866.053,-0.4188198432502892,-3.447392120704454,-1.8605361,-0.5300921542961238,-2.9172999664083306,0.1954065656627275
2021-06-20,865.096,-1.3791849700780237,-3.3334920328066207,-1.823521,-0.5976720709547723,-2.735819961851848,0.2094466302554199
2021-06-21,863.216,-3.262206315663854,-3.218072153182707,-1.7829552,-0.6650030844100854,-2.553069068772621,0.2233566650502581
2021-06-22,870.035,3.554689466200603,-3.101150455980032,-1.7404554,-0.732066216068556,-2.3690842399114755,0.237128259907702
2021-06-23,866.371,-0.1117836320121803,-2.9827461168460903,-1.6900941,-0.7988426182537607,-2.1839034985923296,0.2507531203589722
2021-06-24,876.28,9.795033950181026,-2.862879529670556,-1.6608046,-0.8653135755514193,-1.9975659541191364,0.264223074856978
2021-06-25,869.798,3.311090926719273,-2.741572321978967,-1.6364931,-0.9314605060567748,-1.8101118159221925,0.2775300819023082
2021-06-26,867.893,1.404498180102217,-2.618847368945376,-1.6054431,-0.9972649625311828,-1.621582406414193,0.2906662370366907
2021-06-27,870.116,3.625482973345705,-2.49472880599296,-1.5697858,-1.0627086334750313,-1.432020172517929,0.3036237796964556
2021-06-28,866.054,-0.4381176699944982,-2.3692420399531917,-1.5292838,-1.1277733441241582,-1.241468695829033,0.316395099918717
2021-06-29,869.904,3.410403127910357,-2.2424137587559927,-1.4932338,-1.1924410573769857,-1.049972701379007,0.3289727448931325
2021-06-30,870.938,4.4433454392461735,-2.114271939625052,-1.4609044,-1.2566938746597451,-0.8575780649653064,0.3413494253522795
2021-07-01,873.096,6.600508239493003,-1.9848458557543296,-1.4284323,-1.3205140367371238,-0.6643318190172061,0.3535180217938743
2021-07-02,870.61,4.114094555811124,-1.854166081443665,-1.3962402,-1.383883924475774,-0.470282156967891,0.3654715905282419
2021-07-03,872.084,5.587781633985344,-1.722264495673121,-1.3599381,-1.4467860595681608,-0.2754784361049602,0.3772033695446335
2021-07-04,870.346,3.849792832727864,-1.5891742840978929,-1.3196028,-1.5092031052241843,-0.0799711788737083,0.3887067841902174
2021-07-05,869.853,3.357198169158882,-1.4549299394473203,-1.2856231,-1.571117866838092,0.1161879273907717,0.3999754526557456
2021-07-06,872.135,5.639249796964585,-1.319567260313617,-1.2722716,-1.6325132926381003,0.3129460323244832,0.4110031912621547
2021-07-07,875.6270000000001,9.131235929793467,-1.1831233483178885,-1.2468187,-1.6933724743262393,0.5102491260083508,0.4217840195425311
2021-07-08,868.949,2.452998016972904,-1.0456366036431008,-1.2038875,-1.7536786477157804,0.7080420440726796,0.4323121651141792
2021-07-09,868.249,1.753148679957218,-0.9071467189254896,-1.1532692,-1.813415193373633,0.9062684744481438,0.4425820683356707
2021-07-10,868.7009999999999,2.2050725835396614,-0.7676946714982561,-1.1218421,-1.872565637275025,1.1048709657767688,0.4525883867440934
2021-07-11,873.3760000000001,6.879001809769978,-0.6273227139831141,-1.0930198,-1.93111365147768,1.3037909374945655,0.4623259992678852
2021-07-12,874.3149999999999,7.817343125776986,-0.4860743632275482,-1.0527028,-1.9890430548226576,1.5029686915951093,0.4717900102109481
2021-07-13,874.679,8.18086049278127,-0.3439943875876879,-0.9991078,-2.0463378136688832,1.7023434260811952,0.4809757530039646
2021-07-14,868.3629999999999,1.8647971871886584,-0.2011287925586071,-0.9565762,-2.102982042668314,1.901853250109707,0.4898787937191173
2021-07-15,871.842,5.343946688526882,-0.0575248047562067,-0.91973114,-2.158960005588555,2.101435200832348,0.4984949343446637
2021-07-16,869.887,3.3894379131754397,0.0867691457433604,-0.8890843,-2.2142561161896035,2.301025261932964,0.5068202158161165
2021-07-17,869.1419999999999,2.645270051990101,0.2317034446984146,-0.86259186,-2.268854939161204,2.500558383859618,0.5148509208010188
2021-07-18,872.4960000000001,6.000515491781805,0.3772273146205468,-0.8211745,-2.322741191127247,2.699968505747794,0.5225835762346239
2021-07-19,866.9879999999999,0.4941728934303491,0.5232888373050371,-0.80037344,-2.3758997417233627,2.8991885790284,0.5300149556040231
2021-07-20,864.672,-1.8201010431754396,0.6698349779586513,-0.78020966,-2.4283156147537075,3.0981505927123587,0.5371420809785975
2021-07-21,874.01,7.520028545336918,0.8168116109084009,-0.7502309,-2.4799739894327946,3.2967856003411957,0.5439622247849162
2021-07-22,877.0329999999999,10.545553759912746,0.964163546872824,-0.72618955,-2.530860201717944,3.495023748590768,0.5504729113245261
2021-07-23,869.085,2.6004628860669188,1.1118345617754477,-0.7014881,-2.580959745737753,3.692794307513201,0.5566719180333348
2021-07-24,871.188,4.706751558383986,1.259767427077967,-0.6782281,-2.630258275321768,3.8900257023997353,0.5625572764816084
2021-07-25,869.833,3.3547348595635302,1.407903941608846,-0.64765537,-2.678741605636247,4.086645547245093,0.5681272731138868
2021-07-26,867.557,1.0820862559699131,1.5561849648609964,-0.6253315,-2.7263957149307108,4.282580679791707,0.573380449728414
2021-07-27,879.38,12.90870958444464,1.7045504517304173,-0.59701705,-2.773206746399737,4.4777571981301545,0.578315603695965
2021-07-28,868.358,1.890747681204182,1.8529394886656465,-0.55605143,-2.819161010164082,4.672100498829728,0.5829317879182729
2021-07-29,873.284,6.8212002220891135,2.0012903311961807,-0.5236867,-2.8642449853750964,4.865535316571277,0.5872283105265185
2021-07-30,873.974,7.516066882939916,2.1495404428060763,-0.5032549,-2.9084453224459508,5.057985765252028,0.5912047343206598
2021-07-31,867.8979999999999,1.4451357791507444,2.2976265351172933,-0.5006846,-2.9517488454130567,5.24937538053035,0.5948608759506705
2021-08-01,867.669,1.2216109736964755,2.4454846093455496,-0.4815306,-2.994142554430656,5.439627163776206,0.5981968048410345
2021-08-02,870.056,3.614081188243065,2.593049998989745,-0.45992362,-3.0356136284012707,5.628663627391015,0.6012128418601417
2021-08-03,866.786,0.3498848624860136,2.7402574137143585,-0.4299028,-3.076149427744456,5.816406841458814,0.6039095577365152
2021-08-04,871.4190000000001,4.988656901904773,2.887040984382752,-0.39861456,-3.115737497305872,6.002778481688623,0.6062877712240893
2021-08-05,874.861,8.436490382538214,3.0333343091976004,-0.37084445,-3.1543655694084984,6.187699878606098,0.6083485470190266
2021-08-06,867.7230000000001,1.3045134749300962,3.1790705009031663,-0.3580521,-3.19202156704736,6.371092067950526,0.6100931934308528
2021-08-07,868.73,2.3179133445190017,3.3241822350028265,-0.34810525,-3.228693607228844,6.55287584223167,0.6115232598109633
2021-08-08,874.274,7.868660633110922,3.468601798943723,-0.33298016,-3.264370004455442,6.732971803399165,0.6126405337418155
2021-08-09,872.5619999999999,6.1637843461297726,3.612261142219105,-0.31766716,-3.299039274356222,6.911300416575327,0.6134470379904036
2021-08-10,866.86,0.4690386141895724,3.755091927337688,-0.30900368,-3.3326901374631763,7.087782064800864,0.6139450272298652
2021-08-11,870.305,3.92166148448165,3.897025581607982,-0.28192282,-3.3653115231331028,7.262337104741085,0.6141369845333339
2021-08-12,871.857,5.481347456984021,4.037993349684549,-0.24223104,-3.396892573614419,7.434885923298967,0.6140256176444
2021-08-13,872.207,5.839031882132326,4.177926346821915,-0.20367959,-3.427422648257903,7.605348995079819,0.6136138550287946
2021-08-14,872.509,6.14899695640691,4.316755612780907,-0.17015323,-3.456891327870041,7.773646940650948,0.6129048417121606
2021-08-15,869.6089999999999,3.257086589502132,4.454412166330996,-0.15305409,-3.4852884192072278,7.9397005855382226,0.6119019349089854
2021-08-16,872.56,6.216503828638652,4.590827060291655,-0.12863986,-3.5126039596088443,8.1034310199005,0.6106086994480495
2021-08-17,879.745,13.410259318496257,4.725931437054529,-0.11735,-3.538828221766738,8.264759658821266,0.6090289029999183
2021-08-18,871.565,5.2393523012527705,4.859656584527636,-0.11527032,-3.563951718628364,8.423608303156001,0.60716651111225
2021-08-19,874.6890000000001,8.37276096928023,4.99193399244208,-0.12505893,-3.5879652084304943,8.579899200872575,0.6050256820589073
2021-08-20,872.625,6.318496543800942,5.122695408961052,-0.1332243,-3.6108596998599847,8.733555108821037,0.6026107615090494
2021-08-21,882.4100000000001,16.113566531686217,5.251872897530291,-0.12711826,-3.6326264573377984,8.884499354868089,0.5999262770225874
2021-08-22,878.413,12.126728656204673,5.379398893908799,-0.11246544,-3.653257006422136,9.032655900330932,0.5969769323785699
2021-08-23,875.0329999999999,8.75721699289668,5.505206263318053,-0.08126615,-3.672743139326153,9.177949402644206,0.5937676017432595
2021-08-24,875.604,9.339030854604022,5.629228357647588,-0.041532215,-3.691076920545407,9.320305278192995,0.5903033236848116
2021-08-25,871.611,5.357117194106861,5.751399072654603,0.012282452,-3.708250692589849,9.459649765244452,0.5865892950416571
2021-08-26,872.575,6.332526042848585,5.871652905095036,0.040879782,-3.724257081814899,9.595909986909934,0.582630864651827
2021-08-27,869.454,3.2232563148462923,5.989925009723248,0.05925218,-3.739089004345683,9.72901401406893,0.5784335269506258
2021-08-28,876.948,10.729216698645022,6.10615125609762,0.07675145,-3.7527396720883615,9.858890928185982,0.5740029154441729
2021-08-29,875.0409999999999,8.834494700068385,6.22026828512913,0.091645576,-3.765202598821999,9.985470883951129,0.5693447960664939
2021-08-30,876.579,10.385089499914663,6.3322135653102976,0.10973802,-3.776471606364294,10.10868517167459,0.5644650604279307
2021-08-31,878.0400000000001,11.859000278981746,6.4419254485617765,0.11228411,-3.786540830803995,10.228466279365772,0.55936971896279
2021-09-01,878.467,12.299226218067233,6.54934322563432,0.094017744,-3.795404728792727,10.344747954427046,0.5540648939842112
2021-09-02,871.912,5.757738129324162,6.654407181004001,0.09010193,-3.803058083888549,10.45746526489255,0.5485568126543711
2021-09-03,872.645,6.5045627913082775,6.757058647199001,0.114666864,-3.809496012943297,10.566554660142298,0.5428517998781816
2021-09-04,870.737,4.610698253166953,6.857240058496691,0.13152456,-3.814713972525607,10.6719540310223,0.5369562711287578
2021-09-05,868.9559999999999,2.8441447883095936,6.954895003930328,0.14625578,-3.8187077653710952,10.773602769301425,0.5308767252129534
2021-09-06,868.5319999999999,2.434901573166286,7.049968279545077,0.17775217,-3.821473546851075,10.871441826396152,0.5246197369853585
2021-09-07,875.772,9.689967784166887,7.142405939844008,0.20933749,-3.823007831450904,10.965413771294912,0.5181919500191552
2021-09-08,872.818,6.750559129775404,7.23215534836523,0.23959345,-3.823307499248764,11.055462847613994,0.5116000692423054
2021-09-09,877.196,11.143436964497486,7.319165227332125,0.2703963,-3.822369802385597,11.141535029717724,0.5048508535475346
2021-09-10,874.987,8.949600348741683,7.403385706319765,0.18701346,-3.820192371516618,11.223578077836384,0.4979511083846121
2021-09-11,874.435,8.41303195391759,7.484768369881147,0.21180844,-3.816773222234668,11.301541592115814,0.4909076783434205
2021-09-12,873.424,7.417684737786191,7.563266304078167,0.24646625,-3.812110761455514,11.37537706553368,0.4837274397363181
2021-09-13,868.923,2.93261811858244,7.638834141863301,0.27154776,-3.806203793755028,11.445037935618329,0.4764172931882631
2021-09-14,873.875,7.900700793297995,7.711428107258916,0.28509513,-3.799051527647997,11.510479634906911,0.4689841562431544
2021-09-15,873.731,7.772854284209046,7.781006058282517,0.30790296,-3.790653581798263,11.57165964008078,0.4614349559948164
2021-09-16,874.804,8.862276404343758,7.847527528567393,0.3358432,-3.781009991149647,11.62853751971704,0.4537766217509907
2021-09-17,873.454,7.528966152932719,7.910953767629497,0.3486203,-3.770121212967136,11.681074980596634,0.4460160777386667
2021-09-18,874.441,8.532922529206726,7.971247779732744,0.27993625,-3.757988132777628,11.729235912510372,0.4381602358589935
2021-09-19,868.7040000000001,2.813144532396315,8.028374361306314,0.15666309,-3.744612070199481,11.772986431505794,0.430215988499973
2021-09-20,874.2339999999999,8.360340863491857,8.082300136869154,0.17331356,-3.7299947846500063,11.81229492151916,0.4221902014150114
2021-09-21,869.5899999999999,3.7337929314255263,8.132993593418295,0.19470176,-3.714138480920143,11.847132074338438,0.4140897066753513
2021-09-22,872.989,7.150346602851247,8.180425113239183,0.22531822,-3.697045814605267,11.877470927844447,0.4059212957042847
2021-09-23,871.695,5.873875661715488,8.224567005098114,0.25918275,-3.678719897381331,11.903286902479444,0.3976917124009306
2021-09-24,878.086,12.2822604259537,8.265393533778145,0.28511542,-3.65916430211532,11.924557835893465,0.3894076463612587
2021-09-25,871.741,5.954762225843318,8.302880947922066,0.32301116,-3.638383067799173,11.94126401572124,0.3810757262038983
2021-09-26,875.577,9.80848920647223,8.337007506147385,0.33716327,-3.6163807042962337,11.953388210443618,0.3727025130081315
2021-09-27,878.155,12.404440187127737,8.367753501400411,0.30422622,-3.5931621968894083,11.96091569828982,0.3642944938713287
2021-09-28,871.912,6.179613987097219,8.395101283518255,0.21472748,-3.5687330106202366,11.963834294138492,0.3558580755929426
2021-09-29,874.0830000000001,8.368935296702512,8.419035279969481,0.22353934,-3.5430990944081766,11.962134374377658,0.3473995784919693
2021-09-30,878.332,12.636475049822357,8.439542014746149,0.20600235,-3.516266884939441,11.95580889968559,0.3389252303646758
2021-10-01,872.155,6.4779869870342255,8.456610125381893,0.20840828,-3.488243310314957,11.94485343569685,0.3304411605891523
2021-10-02,878.907,13.248627873412,8.470230378072781,0.2154698,-3.459035793446932,11.929266171519712,0.3219533943831124
2021-10-03,872.692,7.052439229675576,8.480395680879692,0.24856082,-3.428652255193909,11.909047936073602,0.3134678472211304
2021-10-04,877.268,11.64745436743918,8.487101094992935,0.2884457,-3.397101117224097,11.884202212217032,0.3049903194173293
2021-10-05,870.989,5.387466630412971,8.49034384404219,0.31306326,-3.3643913045971234,11.854735148639314,0.2965264908793071
2021-10-06,877.9879999999999,12.405183085805277,8.490123321436617,0.32666254,-3.3305322480544195,11.820655569491036,0.2880819160388943
2021-10-07,871.263,5.6985768461777,8.486441095722421,0.31834054,-3.295533886008736,11.781974981731157,0.2796620189650892
2021-10-08,874.346,8.800136646076686,8.479300913947121,0.22837308,-3.259406666223416,11.738707580170535,0.2712720886643028
2021-10-09,871.571,6.043861062539857,8.468708703022033,0.23231024,-3.222161547172371,11.690870250194404,0.2629172745728271
2021-10-10,875.188,9.679587484816626,8.45467256907661,0.24820872,-3.1838099990718787,11.63848256814849,0.2546025822461628
2021-10-11,879.415,13.925471297629391,8.437202794800612,0.21097833,-3.1443640045756704,11.581566799376285,0.2463328692496404
2021-10-12,879.383,13.912511054146147,8.416311834771928,0.18198685,-3.103836059124902,11.52014789389683,0.2381128412544847
2021-10-13,876.839,11.387705307534295,8.392014308770623,0.12728181,-3.062239170945102,11.454253479715724,0.2299470483432497
2021-10-14,880.608,15.175772098901966,8.36432699308137,0.1281093,-3.0195868606822818,11.383913853763652,0.2218398815282604
2021-10-15,874.947,9.53398287086618,8.333268809789226,0.15414184,-2.975893160670887,11.309161970460114,0.213795569486466
2021-10-16,878.023,12.628857116691982,8.2988608140754,0.18045117,-2.9311726138264667,11.230033427901867,0.205818175513822
2021-10-17,879.3729999999999,13.997756114185531,8.261126179522279,0.19438724,-2.885440272156372,11.14656645167865,0.197911594702052
2021-10-18,872.4889999999999,7.132768370134962,8.220090181438824,0.027082417,-2.838711694882122,11.058801876320944,0.1900795513403872
2021-10-19,875.385,10.0479023922885,8.175780178219929,0.06413385,-2.791002946167416,10.966783124387344,0.1823255965445704
2021-10-20,876.076,10.75784642551066,8.128225590755248,-0.00024721117,-2.74233059244622,10.870556183201469,0.1746531061151648
2021-10-21,877.51,12.210900643897109,8.077457879905365,-0.1055453,-2.692711699345689,10.770169579251052,0.1670652786269204
2021-10-22,874.356,9.076063425383303,8.023510522065084,-0.6807057,-2.642163828199112,10.665674350264196,0.1595651337506511
2021-10-23,875.681,10.4203331479045,7.966418982836049,-0.77543116,-2.5907050321445166,10.557124014980566,0.1521555108088202
2021-10-24,876.777,11.5355430433699,7.906220688832549,-2.52459,-2.5383538518048936,10.444574540637442,0.1448390675657254
2021-10-25,875.319,10.096852148077254,7.842954997646969,-3.86403,-2.4851293105466445,10.328084308193612,0.1376182792529034
2021-10-26,874.913,9.7102100055666,7.776663166002905,-3.914037,-2.4310509093130035,10.20771407531591,0.1304954378300808
2021-10-27,869.85,4.66655115003588,7.707388316126194,-3.921354,-2.3761386210299444,10.083526937156138,0.1234726514817095
2021-10-28,875.97,10.805362362511534,7.63517540036621,-3.9011254,-2.3204128845823373,9.955588284948549,0.1165518443488582
2021-10-29,872.3689999999999,7.223244972742011,7.560071164101336,-3.8733115,-2.263894598358672,9.823965762460007,0.1097347564959207
2021-10-30,874.915,9.787569463159064,7.482124106964912,-3.8354502,-2.206605113363168,9.68872922032808,0.1030229441113413
2021-10-31,873.0409999999999,7.93165862579345,7.401384442429367,-3.7836475,-2.148566225894504,9.54995066832387,0.0964177799412528
2021-11-01,873.857,8.765788972957655,7.317904055788426,-3.818776,-2.0898001697909674,9.407704225579394,0.0899204539546721
2021-11-02,866.7850000000001,1.711958607293952,7.231736460578815,-3.8081307,-2.0303296082422544,9.262066068821069,0.0835319742385819
2021-11-03,867.578,2.523165631443952,7.142936753484842,-3.7589626,-1.9701776251687555,9.1131143786536,0.0772531681209885
2021-11-04,874.5079999999999,9.471408148049957,7.051561567770682,-3.8878036,-1.909367716169508,8.96092928394019,0.0710846835197361
2021-11-05,873.1139999999999,8.095591502247778,6.957669025287049,-3.8505733,-1.847923779040713,8.805592804327762,0.0650269905146238
2021-11-06,871.5619999999999,6.561676149140244,6.861318687100424,-3.866685,-1.7858701038670384,8.647188790967462,0.0590803831400718
2021-11-07,868.856,3.873784586973065,6.762571502794517,-3.80767,-1.7232313626885862,8.485802865483103,0.0532449813953314
2021-11-08,867.76,2.795914885713902,6.66148975849523,-3.7345717,-1.660032598746847,8.321522357242078,0.0475207334689899
2021-11-09,872.634,7.687902436645151,6.558137023671721,-4.1321406,-1.5962992153135331,8.154436238985253,0.0419074181742319
2021-11-10,867.5939999999999,2.665903567803838,6.452578096767529,-4.09045,-1.5320569641066373,7.984635060874166,0.036404647591099
2021-11-11,862.22,-2.690083674932561,6.344878949717172,-4.0738707,-1.4673319332987214,7.812210883015894,0.0310118699117244
2021-11-12,865.533,0.6411302172351157,6.235106671404622,-4.070244,-1.4021505351227663,7.637257206527388,0.0257283724842846
2021-11-13,867.2919999999999,2.418483337194949,6.123329410121552,-4.0176167,-1.3365394930816428,7.459868903203194,0.0205532850511757
2021-11-14,867.9599999999999,3.104849349956039,6.009616315084046,-3.99576,-1.2705258287676318,7.280142143851678,0.0154855831766871
2021-11-15,873.229,8.392226348805451,5.89403747706789,-3.9764197,-1.2041368482990134,7.098174325366903,0.010524091859227
2021-11-16,873.583,8.7646124270296,5.776663868223109,-3.9259253,-1.137400128381257,6.914063996604366,0.0056674893229254
2021-11-17,866.4269999999999,1.6270056779155189,5.6575672811297855,-3.8615477,-1.0703435020008232,6.727910783130609,0.0009143109832509
2021-11-18,870.2710000000001,5.489404194750144,5.536820267157691,-3.8135142,-1.0029950437601114,6.5398153109178025,-0.003737046418963
2021-11-19,863.355,-1.4081939291799133,5.41449607419325,-3.8623655,-0.9353830548626324,6.349879129055883,-0.0082883205208336
2021-11-20,865.278,0.5332093994123408,5.290668583798026,-3.8031933,-0.8675360477579068,6.1582046315559325,-0.0127413788840884
2021-11-21,864.7289999999999,0.0026122738135896,5.1654122478634745,-3.7573662,-0.7994827304561276,5.964894978319602,-0.0170982143912025
2021-11-22,864.6930000000001,-0.0148944551830059,5.038802024827387,-3.7116823,-0.7312519905231086,5.770054015350495,-0.0213609404973427
2021-11-23,874.88,10.190597068787396,4.910913315517949,-3.6754944,-0.6628728787665189,5.573786194284469,-0.025531786344628
2021-11-24,864.691,0.0200849527480801,4.781821898691577,-3.6198673,-0.5943745926248349,5.376196491316412,-0.0296130917453496
2021-11-25,864.638,-0.0141465533588567,4.651603866331332,-3.6069827,-0.5257864592709435,5.177390325602275,-0.0336073020409648
2021-11-26,865.275,0.6416222901929558,4.520335558772735,-3.5860608,-0.4571379184427841,4.977473477215519,-0.0375169628438077
2021-11-27,869.5500000000001,4.935389632800908,4.388093499724143,-3.5529144,-0.3884585050137984,4.776552004737941,-0.0413447146686103
2021-11-28,868.242,3.6458674809422114,4.254954331248954,-3.534641,-0.3197778313164643,4.574732162565419,-0.0450932874610303
2021-11-29,868.513,3.935332351310669,4.120994748776836,-3.4807792,-0.2511255692325476,4.372120318009383,-0.0487654950305218
2021-11-30,866.97,2.410782350928896,3.986291436211476,-3.4402273,-0.1825314320641716,4.168822868275647,-0.0523642293949763
2021-12-01,870.472,5.931122829314062,3.850921001201716,-3.4067264,-0.1140251562000779,3.9649461574017937,-0.0558924550446563
2021-12-02,867.169,2.646442130410807,3.7149599106433673,-3.3512666,-0.0456364825920483,3.760596393235416,-0.059353203133066
2021-12-03,865.716,1.2117383475059418,3.57848442647826,-3.291152,0.0226048619434327,3.555879564534827,-0.0627495656024244
2021-12-04,863.6129999999999,-0.8726115256884519,3.441570541857047,-3.2417614,0.0906691835826344,3.3509013582744123,-0.0660846892515391
2021-12-05,865.047,0.5800219998964309,3.3042939177317643,-3.1902022,0.1585268404952753,3.145767077236489,-0.0693617697538863
2021-12-06,863.865,-0.5833629263424811,3.1667298199436944,-3.1719608,0.2261482619722603,2.9405815579714343,-0.0725840456337974
2021-12-07,871.3689999999999,6.939231844991675,3.0289530568715857,-3.1928334,0.2935039676638739,2.735449089207712,-0.0757547922086559
2021-12-08,868.125,3.71342556287074,2.8910379177045717,-3.1807172,0.360564586911678,2.5304733307928933,-0.0788773155050706
2021-12-09,869.7510000000001,5.357457096448488,2.7530581114035564,-3.423705,0.4273008781569165,2.32575723324664,-0.0819549461569881
2021-12-10,865.336,0.9604489483516327,2.615086706413966,-3.426867,0.4936837484081975,2.1214029580057683,-0.0849910332937353
2021-12-11,867.9989999999999,3.641399192929044,2.4771960711919774,-3.4692996,0.5596842727507184,1.917511798441259,-0.0879889384259823
2021-12-12,870.365,6.025305904529787,2.339457815605589,-3.8151863,0.6252737138792929,1.7141841017262962,-0.0909520293375977
2021-12-13,874.42,10.09816715750224,2.201942733270491,-4.727997,0.6904235416371726,1.5115191916333184,-0.0938836739913688
2021-12-14,868.035,3.730818347510188,2.06472074488031,-5.6566887,0.7551054525423412,1.309615292337969,-0.0967872344565078
2021-12-15,868.379,4.092013249267205,1.92786084258906,-5.828108,0.8192913892830341,1.1085694533060255,-0.0996660608658577
2021-12-16,863.05,-1.2200101284565172,1.791431035502928,-6.2965994,0.8829535601638409,0.9084774753390872,-0.1025234854106371
2021-12-17,863.0079465648854,-1.3252656195780157,1.6554982963370382,-6.2471666,0.9460644584838218,0.7094338378532163,-0.1053628163805227
2021-12-18,862.965893129771,-1.4279983623790216,1.520128509291668,-6.229227,1.0085968818277988,0.5115316274638693,-0.1081873322568003
2021-12-19,862.9238396946564,-1.5288119277497052,1.385386419201014,-6.208276,1.0705239512520173,0.3148624679489968,-0.1110002758662354
2021-12-20,862.881786259542,-1.627836100142208,1.2513355820061367,-6.1744547,1.1318191303452416,0.119516451660895,-0.1138048486032315
2021-12-21,862.8397328244274,-1.7251590496791676,1.1180383166023522,-6.1386704,1.1924562441463138,-0.0744179275439615,-0.1166042047277565
2021-12-22,862.797679389313,-1.8205416188641503,0.9855556581097252,-6.3633523,1.252409497899171,-0.2668538397894457,-0.1194014457464017
2021-12-23,862.7556259541984,-1.9142971939139917,0.8539473126138503,-7.2333198,1.3116534956263393,-0.457706183012489,-0.1221996148838431
2021-12-24,862.713572519084,-2.0058870394826545,0.723271613422248,-7.7014656,1.3701632585019288,-0.6468916450796808,-0.1250016916518299
2021-12-25,862.6715190839694,-2.095865795613621,0.5935854788803833,-8.23347,1.427914243005143,-0.8343287641247598,-0.1278105865227285
2021-12-26,862.6294656488549,-2.1842488627167977,0.4649443717892778,-8.600702,1.4848823588354692,-1.019937987046191,-0.1306291357144762
2021-12-27,862.5874122137404,-2.27086275999501,0.3374022604650135,-9.118433,1.5410439865707004,-1.2036417261056869,-0.1334600960936818
2021-12-28,862.5453587786259,-2.35579028360637,0.2110115814786695,-9.129313,1.5963759950491163,-1.385364413570447,-0.1363061402034348
2021-12-29,862.5033053435114,-2.438781116726348,0.0858232041133029,-9.339619,1.6508557584572354,-1.5650325543439323,-0.1391698514222383
2021-12-30,862.4612519083969,-2.5200221094555677,-0.0381136034272845,-9.325777,1.7044611731046926,-1.742574776531977,-0.1420537192602956
2021-12-31,862.4191984732824,-2.599708432242053,-0.1607512060251897,-9.336217,1.7571706738679975,-1.9179218798931872,-0.1449601347992161
2022-01-01,862.3771450381679,-2.677781466205825,-0.2820436318397262,-9.312174,1.8089632502850976,-2.091006882124824,-0.1478913862810102
2022-01-02,862.3350916030535,-2.7543158419124496,-0.4019466006544488,-9.256044,1.8598184622828409,-2.2617650629372896,-0.1508496548520538
2022-01-03,862.2930381679389,-2.82927600931268,-0.5204175503532691,-9.341475,1.9097164555197903,-2.43013400587306,-0.1538370104675069
2022-01-04,862.2509847328243,-2.9028057082125907,-0.6374156615008435,-9.564863,1.9586379763269035,-2.5960536378277466,-0.1568554079614602
2022-01-05,862.2089312977099,-2.9749201393710143,-0.7529018800047163,-9.588813,2.0065643862290683,-2.7594662662337845,-0.159906683287869
2022-01-06,862.1668778625954,-3.0454275121948444,-0.8668389378386135,-9.611619,2.053477676030627,-2.9203166138692405,-0.1629925499371265
2022-01-07,862.1248244274809,-3.114555736787433,-0.9791913718086804,-9.714066,2.0993604794484297,-3.07855185125711,-0.1661145955328869
2022-01-08,862.0827709923664,-3.1823199824029493,-1.0899255403463752,-9.654727,2.1441960862762355,-3.2341216266226107,-0.1692742786135356
2022-01-09,862.0407175572519,-3.2487177532909413,-1.1990096383139774,-9.59338,2.1879684550647003,-3.3869780933786777,-0.172472925602452
2022-01-10,861.9986641221374,-3.313782371694685,-1.3064137098110802,-9.525049,2.2306622253015167,-3.537075935112597,-0.1757117279709868
2022-01-11,861.9566106870229,-3.3765654916864403,-1.4121096589722142,-9.473414,2.272262729076654,-3.684372388048869,-0.1789917395978143
2022-01-12,861.9145572519084,-3.4380446377819225,-1.5160712587483818,-9.414253,2.312756002218169,-3.82882726096655,-0.1823138743280841
2022-01-13,861.8725038167938,-3.498234831984842,-1.6182741576672592,-9.35275,2.352128794884353,-3.970402952551612,-0.1856789037355307
2022-01-14,861.8304503816794,-3.557151096298904,-1.718695884569147,-9.292074,2.390368581598539,-4.109064466167686,-0.1890874550904502
2022-01-15,861.7883969465648,-3.6148084527280457,-1.817315851317888,-9.227147,2.4274635707133245,-4.244779422031213,-0.1925400095361917
2022-01-16,861.7463435114504,-3.671221923275976,-1.914115353488381,-9.168306,2.4634027132914738,-4.377518066779855,-0.196036900476545
2022-01-17,861.7042900763358,-3.726406529946285,-2.0090775690343188,-9.109594,2.498175711391238,-4.507253280425557,-0.199578312176127
2022-01-18,861.6622366412214,-3.779749539196364,-2.102187554942187,-9.045676,2.5317730257444406,-4.633960580686628,-0.2031642785756294
2022-01-19,861.6201832061068,-3.831876670001944,-2.1934322418795795,-8.983862,2.564185882816061,-4.75761812469564,-0.2067946823234865
2022-01-20,861.5781297709923,-3.8828028514044735,-2.2828004268484308,-8.956728,2.5954062812348573,-4.8782067080832885,-0.2104692540252649
2022-01-21,861.5360763358779,-3.9325430124455183,-2.3702827638554704,-8.897271,2.6254269975848485,-4.995709761440319,-0.2141875717117952
2022-01-22,861.4940229007633,-3.981112082166633,-2.455871752614806,-8.816535,2.6542415915483084,-5.110113344163114,-0.2179490605268039
2022-01-23,861.4519694656489,-4.02790514605483,-2.5395617252995093,-8.740912,2.6818444103914048,-5.2214061356909145,-0.2217529926344947
2022-01-24,861.4099160305343,-4.073540133131151,-2.621348831361205,-8.6762705,2.7082305927842607,-5.329579424145466,-0.2255984873472881
2022-01-25,861.3678625954199,-4.117920577782918,-2.70123102043883,-8.599737,2.7333960719478663,-5.434627092386696,-0.2294845114736202
2022-01-26,861.3258091603053,-4.161120785650555,-2.779208023379826,-8.511112,2.7573375781208767,-5.536545601500703,-0.2334098798854414
2022-01-27,861.2837557251909,-4.203048412776388,-2.8552813313990573,-8.417408,2.7800526403400423,-5.635333971739099,-0.2373732563047678
2022-01-28,861.2417022900763,-4.243537677913563,-2.9294541734027835,-8.330348,2.801539587528597,-5.73099376093138,-0.2413731543083713
2022-01-29,861.1996488549618,-4.282925416726494,-3.0017314915070763,-8.24615,2.8217975488877416,-5.823529040394818,-0.2454079385494056
2022-01-30,861.1575954198473,-4.321226370831244,-3.07211991478193,-8.187552,2.8408264535869017,-5.912946368368832,-0.2494758261945045
2022-01-31,861.1155419847328,-4.358455281843991,-3.1406277312543467,-8.156942,2.858627029749224,-5.99925476100357,-0.2535748885746076
2022-02-01,861.0734885496183,-4.394626891381144,-3.207264858205543,-8.093675,2.8752008027294877,-6.08246566093503,-0.2577030530475072
2022-02-02,861.0314351145038,-4.429755941058875,-3.272042810799309,-8.059856,2.890550092682292,-6.162592903481601,-0.2618581050698244
2022-02-03,860.9893816793893,-4.463857172493372,-3.3349746690801667,-8.037609,2.904678011419032,-6.239652680499198,-0.2660376904758904
2022-02-04,860.9473282442748,-4.496945327300917,-3.3960750433821465,-8.002552,2.917588458553117,-6.313663501935264,-0.2702393179607045
2022-02-05,860.9052748091603,-4.529035147097583,-3.455360038190237,-7.9418445,2.9292861169333317,-6.384646155123568,-0.2744603617639275
2022-02-06,860.8632213740458,-4.560141373500112,-3.5128472144987,-7.862263,2.9397764473662216,-6.452623661864921,-0.2786980645515721
2022-02-07,860.8211679389312,-4.590278748124345,-3.5685555507116185,-7.7969403,2.949065682629002,-6.51762123334062,-0.282949540491837
2022-02-08,860.7791145038168,-4.619462012586572,-3.622505402133026,-7.7350826,2.957160820775237,-6.579666222908263,-0.2872117785212629
2022-02-09,860.7370610687022,-4.647705908502971,-3.674718459095229,-7.6799865,2.9640696177363344,-6.638788076831563,-0.2914816457971563
2022-02-10,860.6950076335878,-4.675025177490177,-3.725217703775408,-7.626569,2.96980057922262,-6.695018282998028,-0.2957558913319942
2022-02-11,860.6529541984733,-4.701434561164026,-3.77402736575214,-7.565534,2.974362951928482,-6.748390317680622,-0.3000311498052735
2022-02-12,860.6109007633588,-4.7269488011408125,-3.8211728763547335,-7.490171,2.9777667140468957,-6.798939590401629,-0.3043039455480798
2022-02-13,860.5688473282443,-4.751582639036712,-3.866680821859448,-7.413646,2.9800225650992758,-6.846703386958724,-0.3085706966953839
2022-02-14,860.5267938931298,-4.775350816468588,-3.9105788955881575,-7.356566,2.9811419150874925,-6.8917208106756505,-0.3128277195009006
2022-02-15,860.4847404580153,-4.798268075051933,-3.952895848965956,-7.373026,2.9811368729754872,-6.934032721941444,-0.3170712328091178
2022-02-16,860.4426870229007,-4.820349156403271,-3.993661441595353,-7.3200035,2.980020234508777,-6.97368167610413,-0.3212973626789072
2022-02-17,860.4006335877863,-4.841608802138892,-4.032906390405818,-7.2815647,2.9778054693807743,-7.010711859786593,-0.3255021471529358
2022-02-18,860.3585801526717,-4.862061753874976,-4.070662317938408,-7.2137036,2.974506707755723,-7.045169025694131,-0.3296815411669001
2022-02-19,860.3165267175573,-4.881722753227928,-4.106961699825859,-7.14603,2.9701387261585697,-7.077100425984428,-0.3338314215924572
2022-02-20,860.2744732824427,-4.900606541813698,-4.141837811529792,-7.0941453,2.964716932743017,-7.106554744272809,-0.3379475924075096
2022-02-21,860.2324198473283,-4.918727861248804,-4.1753246743970855,-7.125884,2.958257351949578,-7.133582026346664,-0.342025789987375
2022-02-22,860.1903664122137,-4.936101453149204,-4.20745700109828,-7.246099,2.9507766085661915,-7.158233609664472,-0.3460616885101922
2022-02-23,860.1483129770993,-4.952742059131639,-4.238270140511566,-7.2324586,2.9422919112046872,-7.180562051716253,-0.3500509054697916
2022-02-24,860.1062595419847,-4.968664420811948,-4.2678000221163686,-7.176809,2.932821035207004,-7.200621057323373,-0.3539890072890838
2022-02-25,860.0642061068702,-4.983883279806196,-4.296083099961107,-7.118942,2.9223823049958013,-7.218465404956909,-0.3578715150269233
2022-02-26,860.0221526717557,-4.998413377731131,-4.323156296269994,-7.058136,2.910994575884716,-7.23415087215471,-0.3616939101712602
2022-02-27,859.9800992366412,-5.0122694562029295,-4.3490569447542455,-7.0253263,2.898677215364179,-7.247734160118425,-0.3654516405112933
2022-02-28,859.9380458015268,-5.025466256837431,-4.373822733693178,-7.0221276,2.885450083879381,-7.259272817572558,-0.3691401260812198
2022-03-01,859.8959923664122,-5.038018521251041,-4.397491648850922,-6.9902816,2.871333515117482,-7.268825163968404,-0.372754765168089
2022-03-02,859.8539389312978,-5.049940991060164,-4.420101916294698,-6.935221,2.856348295821923,-7.276450212116621,-0.376290940376184
2022-03-03,859.8118854961832,-5.061248407881207,-4.441691945180384,-6.8931694,2.840515645152159,-7.282207590332543,-0.3797440247402752
2022-03-04,859.7698320610688,-5.071955513330006,-4.462300270571419,-6.8771048,2.8238571936077514,-7.286157464179171,-0.3831093878800128
2022-03-05,859.7277786259542,-5.082077049022855,-4.481965496356644,-6.973107,2.80639496153631,-7.288360457892955,-0.3863824021876876
2022-03-06,859.6857251908397,-5.091627756576161,-4.500726238332838,-6.9095736,2.788151337245376,-7.288877575578214,-0.3895584490415169
2022-03-07,859.6436717557252,-5.100622377606214,-4.518621067517068,-6.83573,2.7691490547386595,-7.287770122255727,-0.3926329250365938
2022-03-08,859.6016183206107,-5.109075653729306,-4.5356884537540765,-6.762112,2.7494111710978526,-7.285099624851929,-0.3956012482255989
2022-03-09,859.5595648854962,-5.117002326561275,-4.551966709683235,-6.7082562,2.7289610435314176,-7.280927753214653,-0.3984588643613507
2022-03-10,859.5175114503817,-5.12441713771887,-4.567493935129163,-6.642884,2.707822306112385,-7.275316241241548,-0.4012012531332701
2022-03-11,859.4754580152672,-5.131334828817925,-4.582307961979805,-6.5657,2.686018846227628,-7.2683268082074335,-0.4038239343898299
2022-03-12,859.4334045801527,-5.137770141475077,-4.59644629961474,-6.491585,2.66357478076139,-7.260021080376129,-0.4063224743390585
2022-03-13,859.3913511450382,-5.143737817306159,-4.6099460809463135,-6.5131025,2.6405144320363614,-7.250460512982675,-0.408692491719221
2022-03-14,859.3492977099237,-5.149252597927694,-4.6228440091349645,-6.4332314,2.616862303535901,-7.239706312670865,-0.4109296639317786
2022-03-15,859.3072442748091,-5.15432922495586,-4.635176305039726,-6.6178093,2.592643055431364,-7.22781936047109,-0.4130297331288119
2022-03-16,859.2651908396947,-5.158982440007176,-4.64697865546359,-6.5421195,2.567881479938827,-7.214860135402417,-0.4149885122471135
2022-03-17,859.2231374045801,-5.16322698469714,-4.658286162252876,-6.4853067,2.542602476529808,-7.200888638782683,-0.416801890981232
2022-03-18,859.1810839694657,-5.167077600642723,-4.669133292308463,-6.412681,2.5168310270208427,-7.185964319329306,-0.4184658416877996
2022-03-19,859.1390305343511,-5.170549029459766,-4.679553828565686,-6.4365773,2.490592170567016,-7.170145999132702,-0.4199764252135617
2022-03-20,859.0969770992367,-5.1736560127649,-4.689580821998809,-6.3714924,2.463910978584826,-7.153491800583635,-0.4213297966396171
2022-03-21,859.0549236641222,-5.176413292173963,-4.699246544704393,-6.31455,2.436812529629889,-7.136059074334282,-0.4225222109344637
2022-03-22,859.0128702290077,-5.178835609303362,-4.708582444117031,-6.2785807,2.40932188425524,-7.117904328372271,-0.4235500285085523
2022-03-23,858.9708167938932,-5.180937705769388,-4.717619098409222,-6.2037888,2.3814640598760217,-7.099083158285244,-0.424409720663165
2022-03-24,858.9287633587786,-5.182734323188333,-4.726386173126138,-6.0953765,2.3532640056666363,-7.079650178792774,-0.4250978749265584
2022-03-25,858.8867099236642,-5.184240203176263,-4.734912379104335,-5.9751344,2.3247465775163496,-7.059658956620685,-0.4256112002704429
2022-03-26,858.8446564885496,-5.18547008734947,-4.743225431722129,-5.862452,2.295936513069538,-7.039161944791667,-0.425946532200006
2022-03-27,858.8026030534352,-5.186438717324359,-4.751352011527753,-5.7657943,2.266858406876729,-7.018210418404482,-0.4261008377108311
2022-03-28,858.7605496183206,-5.187160834716995,-4.759317726289894,-5.9069476,2.2375366856826253,-6.996854411972519,-0.4260712201062379
2022-03-29,858.7184961832062,-5.187651181143785,-4.76714707451346,-5.8817825,2.2079955838772807,-6.975142658390741,-0.4258549236687111
2022-03-30,858.6764427480916,-5.187924498220679,-4.774863410461958,-5.8372645,2.1782591191365577,-6.953122529598515,-0.4254493381792745
2022-03-31,858.6343893129771,-5.187995527564198,-4.782488910725868,-5.7593765,2.148351068277888,-6.930839979003756,-0.4248520032788316
2022-04-01,858.5923358778626,-5.187879010790632,-4.790044542374853,-5.662749,2.1182949433572884,-6.908339485732142,-0.4240606126657001
2022-04-02,858.5502824427481,-5.187589689516049,-4.797550032729763,-5.579394,2.088113968033441,-6.885664000763204,-0.4230730181237419
2022-04-03,858.5082290076336,-5.187142305356737,-4.805023840788503,-5.5036445,2.0578310542245126,-6.862854895013015,-0.4218872333757041
2022-04-04,858.4661755725191,-5.186551599928993,-4.812483130338014,-5.5238886,2.0274687790831023,-6.839951909421115,-0.4205014377565916
2022-04-05,858.4241221374047,-5.185832314848993,-4.819943744782722,-5.496026,1.9970493623146544,-6.816993107097376,-0.4189139797021046
2022-04-06,858.3820687022901,-5.184999191733027,-4.827420183717729,-5.4235864,1.966594643864262,-6.794014827581991,-0.4171233800473933
2022-04-07,858.3400152671757,-5.184066972197278,-4.834925581273256,-5.33887,1.9361260619966485,-6.771051643269904,-0.4151283351316152
2022-04-08,858.2979618320611,-5.18305039785815,-4.842471686254591,-5.2663875,1.9056646317936796,-6.74813631804827,-0.4129277197040074
2022-04-09,858.2559083969466,-5.18196421033182,-4.850068844100024,-5.1977487,1.8752309240935925,-6.725299768193616,-0.4105205896274175
2022-04-10,858.2138549618321,-5.180823151234355,-4.857725980676986,-5.1470146,1.844845044895616,-6.702571025572602,-0.4079061843755006
2022-04-11,858.1718015267176,-5.17964196218216,-4.865450587934636,-5.3937573,1.814526615253392,-6.679977203188027,-0.4050839293200098
2022-04-12,858.1297480916031,-5.178435384791527,-4.873248711429001,-5.4084845,1.784294751680095,-6.657543463109096,-0.4020534378048787
2022-04-13,858.0876946564886,-5.177218160678635,-4.881124939734828,-5.4365625,1.754168047087824,-6.635292986822652,-0.3988145130040461
2022-04-14,858.0456412213741,-5.176005031459548,-4.889082395755806,-5.7820106,1.724164552283282,-6.613246948039088,-0.3953671495602317
2022-04-15,858.0035877862596,-5.174810738750901,-4.8971227299431535,-5.889998,1.6943017580413102,-6.591424487984464,-0.3917115350021288
2022-04-16,857.9615343511451,-5.173650024168757,-4.905246115430057,-6.233234,1.664596577777352,-6.569842693207408,-0.387848050937764
2022-04-17,857.9194809160306,-5.172537629329183,-4.91345124508746,-6.1647286,1.6350653308393224,-6.548516575926782,-0.3837772740220215
2022-04-18,857.877427480916,-5.171488295848583,-4.921735330504491,-6.0994782,1.6057237264388526,-6.527459056943344,-0.3794999766966276
2022-04-19,857.8353740458016,-5.170516765343363,-4.930094102894805,-6.292706,1.576586848241289,-6.506680951136094,-0.3750171277011371
2022-04-20,857.793320610687,-5.169637779429475,-4.93852181592759,-6.264723,1.5476691396331412,-6.486190955560732,-0.3703298923537638
2022-04-21,857.7512671755726,-5.168866079723324,-4.947011250480372,-6.72947,1.5189843896851554,-6.465995640165527,-0.3654396326011643
2022-04-22,857.709213740458,-5.168216407840977,-4.955553721308056,-6.8112426,1.4905457198284326,-6.4460994411364885,-0.36034790683657
2022-04-23,857.6671603053436,-5.16760027001863,-4.964139085620913,-6.752321,1.462365571260395,-6.426504656881308,-0.3550564694859248
2022-04-24,857.625106870229,-5.166573538911323,-4.972755753561863,-6.6507416,1.434455693096654,-6.407211446658517,-0.3495672703620033
2022-04-25,857.5830534351146,-5.165182516374821,-4.981390700571394,-6.552701,1.4068271312841911,-6.388217831855585,-0.3438824537867201
2022-04-26,857.541,-5.163940443760039,-4.990029481626176,-6.455883,1.3794902182903952,-6.369519699916571,-0.338004357482167
2022-04-27,857.573,-5.1308815327325,-4.998656247335729,-6.347402,1.3524545635819247,-6.351110810917654,-0.3319355112311573
2022-04-28,861.76,-0.9430308623952568,-5.007253761878837,-6.2786603,1.3257290449063526,-6.332982806785189,-0.3256786353083646
2022-04-29,859.712,-2.990389301511813,-5.015803422760022,-6.1939006,1.2993218003890057,-6.315125223149027,-0.3192366386834068
2022-04-30,859.114,-3.587957718845404,-5.024285282363793,-6.169383,1.2732402214563787,-6.297525503820172,-0.3126126169975139
2022-05-01,862.42,-0.2817369831594867,-5.03267807128274,-6.127189,1.247490946596843,-6.280169017879583,-0.30580985031568
2022-05-02,860.832,-1.869727963217242,-5.040959223393449,-6.114996,1.222079855968391,-6.26303907936184,-0.2988318006564893
2022-05-03,857.801,-4.900931527781829,-5.049104902652257,-6.0602136,1.1970120668624389,-6.246116969514696,-0.2916821093020775
2022-05-04,859.37,-3.332348545616763,-5.057090031580981,-5.972848,1.1722919300316743,-6.229381961612655,-0.2843645938909317
2022-05-05,858.899,-3.803979885485208,-5.064888321410933,-5.94743,1.1479230268892169,-6.21281134830015,-0.2768832452965427
2022-05-06,858.8599999999999,-3.8438264161507054,-5.072472303851548,-5.9428983,1.1239081675853402,-6.196380471436888,-0.2692422242951364
2022-05-07,854.035,-8.669889006376057,-5.0798133644483805,-5.943523,1.1002493899671766,-6.180062754415557,-0.2614458580260185
2022-05-08,860.371,-2.3351685249248924,-5.086881777493169,-5.977643,1.0769479594258209,-6.16382973691899,-0.2534986362482757
2022-05-09,862.024,-0.6836658405604434,-5.09364674244724,-6.024378,1.0540043696344474,-6.147651112081688,-0.2454052073978599
2022-05-10,852.337,-10.372381822046158,-5.100076421837696,-6.0361834,1.031418344180003,-6.131494766017699,-0.2371703744493129
2022-05-11,854.2149999999999,-8.495964671754725,-5.1061379805841645,-5.9715457,1.009188839090143,-6.115326819674308,-0.2287990905866262
2022-05-12,851.716,-10.99675834151391,-5.11179762671242,-5.9228806,0.9873140462561556,-6.099111672968576,-0.220296454687984
2022-05-13,853.595,-9.119763647862028,-5.117020653409615,-5.8770447,0.9657913977516388,-6.082812051161255,-0.2116677066293396
2022-05-14,854.1999999999999,-8.516981407337322,-5.1217714823743465,-5.8177047,0.9446175710457148,-6.066389053420061,-0.2029182224120294
2022-05-15,855.381,-7.338412436477398,-5.126013708413326,-5.7233086,0.9237884951086588,-6.049802203521985,-0.1940535091198188
2022-05-16,858.976,-3.7460575518206034,-5.129710145235227,-5.6362944,0.9032993574068294,-6.033009502642056,-0.1850791997110117
2022-05-17,856.997,-5.727917569905079,-5.132822872390661,-5.535806,0.883144611782795,-6.015967484173456,-0.1760010476514366
2022-05-18,857.45,-5.277993307268826,-5.135313283306319,-5.4526157,0.8633179872156804,-5.998631270521999,-0.1668249213943433
2022-05-19,860.448,-2.283285580449982,-5.1371421343597214,-5.394324,0.8438124974556429,-5.980954631815364,-0.1575567987134095
2022-05-20,858.456,-4.278795205986491,-5.138269594940347,-5.3300924,0.8246204515256221,-5.962890046465969,-0.1482027608952684
2022-05-21,857.478,-5.260523000416644,-5.138655298441307,-5.2545815,0.8057334650823474,-5.944388763523655,-0.1387689867981254
2022-05-22,854.9250000000001,-7.817469780278239,-5.138258394125093,-5.1694884,0.787142472627784,-5.925400866752877,-0.1292617467832019
2022-05-23,859.994,-2.7526363621098158,-5.137037599805876,-5.1036572,0.7688377405612006,-5.905875340367077,-0.1196873965259198
2022-05-24,862.637,-0.1140235624491166,-5.134951255289747,-5.068494,0.750808881061064,-5.885760136350811,-0.1100523707138648
2022-05-25,862.367,-0.3886321978341951,-5.131957376513732,-5.0152607,0.7330448667850746,-5.865002243298807,-0.1003631766387526
2022-05-26,862.876,0.1155369151967593,-5.128013710323472,-4.937709,0.7155340463757458,-5.843547756699218,-0.0906263876897045
2022-05-27,860.9,-1.865517039894462,-5.123077789828809,-4.887964,0.6982641607579352,-5.821341950586744,-0.0808486367553204
2022-05-28,858.092,-4.678794879645698,-5.117106990275793,-4.9114847,0.6812223602139151,-5.798329350489707,-0.0710366095421075
2022-05-29,868.651,5.874702579404811,-5.110058585373323,-4.9475164,0.6643952222206206,-5.774453807593943,-0.0611970378169707
2022-05-30,860.478,-2.3048348732784647,-5.101889804011721,-4.927165,0.6477687700328408,-5.749658574044562,-0.0513366925815402
2022-05-31,863.212,0.4227570396130997,-5.092557887310579,-4.8633885,0.6313284919952855,-5.723886379305864,-0.041462377186227
2022-06-01,861.2570000000001,-1.538810124138648,-5.082020145932321,-4.786307,0.6150593615654973,-5.697079507497818,-0.0315809203919581
2022-06-02,860.793,-2.009537771868422,-5.070234017598216,-4.7094016,0.598945858028904,-5.669179875627121,-0.0216991693876283
2022-06-03,863.66,0.8513184018842463,-5.057157124742827,-4.644919,0.5829719878863098,-5.640129112629136,-0.0118239827713677
2022-06-04,867.4079999999999,4.594114765118015,-5.042747332243082,-4.6325684,0.5671213068934382,-5.60986863913652,-0.0019622235037628
2022-06-05,860.0100000000001,-2.810608035439372,-5.026962805157835,-4.880331,0.5513769427312869,-5.578339747889122,0.0078792481587679
2022-06-06,857.706,-5.120039667401453,-5.009762066414012,-4.827564,0.5357216182853084,-5.54548368469932,0.0176935817422242
2022-06-07,865.7080000000001,2.876505607009363,-4.991104054375113,-4.7473655,0.5201376755106738,-5.511241729885787,0.0274739436366587
2022-06-08,857.626,-5.211219732048896,-4.9709481802284765,-4.675797,0.504607099860144,-5.475555280088621,0.0372135241729152
2022-06-09,866.513,3.6699259699714895,-4.949254385127382,-4.587569,0.4891115452503802,-5.4383659303777625,0.0469055446862352
2022-06-10,863.677,0.8278428639974718,-4.925983197024692,-4.523395,0.4736323595417908,-5.3996155565664825,0.0565432645584421
2022-06-11,860.522,-2.333496465204848,-4.901095787134898,-4.4743958,0.4581506105064297,-5.3592463976413285,0.0661199882304861
2022-06-12,868.2860000000001,5.424052975382319,-4.874554025961867,-4.6498885,0.4426471122577595,-5.317201138219627,0.0756290721771174
2022-06-13,860.734,-2.134815094064838,-4.84632053883003,-4.6519656,0.4271024521154647,-5.273422990945495,0.0850639318355084
2022-06-14,867.051,4.175354558595423,-4.816358760857351,-4.616341,0.4114970178780215,-5.227855778735372,0.094418048479698
2022-06-15,863.217,0.334163772924148,-4.7846329913088805,-4.5580378,0.3958110254750026,-5.180444016783883,0.1036849760327594
2022-06-16,868.736,5.845724891744367,-4.751108447270497,-4.479651,0.3800245469707187,-5.1311329942412165,0.1128583478086939
2022-06-17,864.4960000000001,1.597978592198161,-4.715751316583112,-4.4134603,0.3641175388901841,-5.079868855473296,0.1219318831760971
2022-06-18,862.131,-0.7751715436300297,-4.678528809978313,-4.391491,0.3480698708379922,-5.0265986808163055,0.1308993941357402
2022-06-19,857.7810000000001,-5.132161015720361,-4.639409212357481,-4.3389993,0.33186135438015,-4.971270566737631,0.1397547918043045
2022-06-20,866.344,3.4243444095430724,-4.598361933157047,-4.2682304,0.3154717721586028,-4.91383370531565,0.148492092796608
2022-06-21,867.706,4.779757530209542,-4.555357555743858,-4.1975884,0.2988809072077066,-4.854238462951565,0.15710542549877
2022-06-22,862.309,-0.6245587898045346,-4.510367885785323,-4.135837,0.282068572441588,-4.792436458226911,0.1655890362248834
2022-06-23,866.29,3.3496221196749723,-4.463365998540336,-4.074855,0.2650146402810044,-4.72838063882134,0.1739372952499006
2022-06-24,863.41,0.4617562752226276,-4.4143262850181015,-3.9924965,0.2476990723880076,-4.662025357406109,0.1821447027115644
2022-06-25,865.367,2.4097851551077034,-4.363224496952957,-3.9161494,0.2301019494764512,-4.593326446429408,0.1902058943743774
2022-06-26,862.602,-0.3647033555642776,-4.310037790544948,-3.8397381,0.2122035011661687,-4.522241291711117,0.1981156472487405
2022-06-27,864.298,1.322555658218162,-4.254744768916804,-3.7487738,0.1939841358484192,-4.448728904765223,0.2058688850585798
2022-06-28,859.719,-3.2651453122729777,-4.197325523239656,-3.6616542,0.1754244705300838,-4.37274999376974,0.2134606835509245
2022-06-29,864.962,1.969504533460152,-4.137761672481022,-3.610592,0.1565053606239012,-4.294267033104924,0.2208862756411042
2022-06-30,864.5880000000001,1.5857311868563246,-4.076036401730233,-3.5498743,0.1372079296519878,-4.213244331382221,0.2281410563874034
2022-07-01,866.3349999999999,3.3227336078672147,-4.01213449905774,-3.4873545,0.1175135988297912,-4.1296480978875305,0.2352205877892108
2022-07-02,866.105,3.0821396279058018,-3.946042390866648,-3.4338632,0.0974041164976258,-4.043446507364274,0.2421206034029151
2022-07-03,870.1790000000001,7.143342485310592,-3.877748175695962,-3.3885617,0.0768615873669054,-3.954609763062868,0.2488370127699811
2022-07-04,866.891,3.8422349363608874,-3.807241656437175,-3.3550878,0.0558685015482715,-3.863110157985447,0.255365905651888
2022-07-05,860.043,-3.0188381983498256,-3.7345143709269992,-3.3311296,0.0344077633288695,-3.768922134255869,0.2617035560668048
2022-07-06,859.0360000000001,-4.03811758809714,-3.659559620881208,-3.2854407,0.0124627196661212,-3.672022340547329,0.2678464261231307
2022-07-07,862.923,-0.162999845023239,-3.58237249913593,-3.243227,-0.0099828116344885,-3.5723896875014414,0.2737911696452418
2022-07-08,866.97,3.872465790510962,-3.502949915164812,-3.1841862,-0.0329445140898946,-3.4700054010749173,0.2795346355870381
2022-07-09,862.115,-0.9941524517606132,-3.4212906188420584,-3.117582,-0.0564375450903663,-3.364853073751692,0.2850738712291342
2022-07-10,862.111,-1.0096257393008354,-3.3373952224234182,-3.070892,-0.0804765088626292,-3.256918713560789,0.2904061251557646
2022-07-11,864.961,1.8295950628942617,-3.251266220718766,-3.0126398,-0.1050754298768167,-3.146190790841949,0.2955288500077606
2022-07-12,864.349,1.2062431379017573,-3.162908009432233,-2.9497845,-0.1302477267284597,-3.032660282703773,0.3004397050081948
2022-07-13,862.985,-0.1709446695288461,-3.0723269016472736,-2.8836248,-0.15600618652642,-2.916320715120853,0.3051365582575558
2022-07-14,862.833,-0.3360237038994573,-2.9795311424364868,-2.8252337,-0.1823629398173004,-2.7971682026191864,0.3096174887955894
2022-07-15,860.712,-2.4700781313949043,-2.884530921577589,-2.781106,-0.2093294360763734,-2.675201485501216,0.3138807884272139
2022-07-16,865.0369999999999,1.8399864715888403,-2.787338384359152,-2.7393336,-0.2369164197947249,-2.550421964564427,0.3179249633101814
2022-07-17,867.826,4.6139048236466,-2.687967640461564,-2.6873984,-0.2651339071916896,-2.422833733269875,0.3217487353024522
2022-07-18,869.9480000000001,6.720139405281151,-2.5864347709008197,-2.6415367,-0.2939911635812887,-2.2924436073195307,0.3253510430675081
2022-07-19,863.1450000000001,-0.0986763786907309,-2.4827578330246585,-2.592187,-0.3234966814206914,-2.159261151603967,0.3287310429361332
2022-07-20,864.246,0.9869716734583522,-2.376956863552587,-2.5286064,-0.3536581590682401,-2.023298704484347,0.3318881095234578
2022-07-21,865.545,2.270934479854397,-2.269053879653544,-2.4687908,-0.3844824802778752,-1.884571399375669,0.3348218361003697
2022-07-22,866.524,3.234699494055266,-2.159072878056637,-2.419327,-0.4159756944562806,-1.7430971836003564,0.3375320347186436
2022-07-23,866.912,3.607875286777301,-2.0470398321928718,-2.3699331,-0.448142997708226,-1.5988968344846453,0.3400187360894811
2022-07-24,862.226,-1.0948849544329442,-1.9329826873674836,-2.3378341,-0.4809887146950217,-1.4519939726724616,0.342282189215399
2022-07-25,863.1600000000001,-0.1776843218932549,-1.8169313539646332,-2.3244333,-0.5145162813302312,-1.3024150726344024,0.3443228607757089
2022-07-26,863.512,0.1566458181925085,-1.6989176986883554,-2.2947686,-0.5487282283359571,-1.1501894703523985,0.3461414342661243
2022-07-27,864.159,0.7850607736273716,-1.5789755338455234,-2.25442,-0.5836261656823153,-0.995349368163208,0.3477388088933081
2022-07-28,866.961,3.568648401921065,-1.4571406046787243,-2.2309186,-0.6192107679318611,-0.8379298367468632,0.3491160982254722
2022-07-29,867.2429999999999,3.832931932450334,-1.3334505747588368,-2.2157986,-0.6554817605098926,-0.6779688142489442,0.3502746286004204
2022-07-30,861.6160000000001,-1.8111321276195091,-1.2079450094492834,-2.1944404,-0.6924379069206458,-0.5155071025286376,0.3512159372927064
2022-07-31,866.032,2.5885692904775044,-1.080665357455661,-2.173544,-0.7300769969286276,-0.3505883605270334,0.3519417704418789
2022-08-01,862.777,-0.6821638622473105,-0.9516549304766324,-2.1575794,-0.7683958357232585,-0.1832590947533738,0.3524540807440444
2022-08-02,865.827,2.3522536637483045,-0.820958880973764,-2.1502817,-0.8073902340841576,-0.0135686468896064,0.3527550249092734
2022-08-03,870.071,6.581330611963424,-0.6886241780800219,-2.11762,-0.8470549995634619,0.15843082148344,0.3528469608876413
2022-08-04,863.189,-0.3148589552567196,-0.5546995816684007,-2.0931234,-0.8873839287004965,0.3326843470320958,0.3527324448669753
2022-08-05,863.182,-0.3353190041040825,-0.4192356146042512,-2.1436162,-0.9283698002831876,0.5091341856789365,0.3524142280456455
2022-08-06,863.048,-0.4820535007710065,-0.2822845332063666,-2.1256108,-0.970004369669593,0.6877198364632264,0.3518952531839937
2022-08-07,861.423,-2.1196755096455884,-0.1439002959442207,-2.0696259,-1.0122783641818056,0.8683780682375849,0.3511786509382664
2022-08-08,864.552,0.997175844606626,-0.0041385303998912,-2.027126,-1.0551814795835577,1.0510429491836664,0.3502677359811842
2022-08-09,865.826,2.2597664190388165,0.1369435014743746,-1.9972879,-1.0987023776516536,1.2356458791260283,0.349166002913494
2022-08-10,865.309,1.7320921148955408,0.2792869397708635,-1.9647561,-1.1428286848503624,1.422115624621226,0.3478771219711431
2022-08-11,865.45,1.86314883342146,0.4228313646791131,-1.9216464,-1.1875469921167712,1.6103783567958845,0.346404934532928
2022-08-12,863.6,0.0039324758611667,0.5675148361412121,-1.8742423,-1.232842855763975,1.8003576919051871,0.3447534484337126
2022-08-13,864.853,1.2484242233777612,0.7132739350721313,-1.8327898,-1.2787007995078898,1.9919747345800207,0.3429268330885411
2022-08-14,865.719,2.1066351039295648,0.8600438061064493,-1.7958707,-1.325104317622282,2.185148123728731,0.3409294144332048
2022-08-15,864.877,1.2575610165202926,1.00775820183105,-1.7803012,-1.3720358792255578,2.379794081056608,0.3387656696870129
2022-08-16,868.788,5.162197860154722,1.1563495284618706,-1.7617102,-1.4194769337015962,2.575826462163467,0.336440221943767
2022-08-17,868.366,4.734541533836695,1.3057488929215375,-1.752818,-1.467407917255819,2.7731568101773565,0.3339578345971067
2022-08-18,866.42,2.783556469520499,1.455886151273189,-1.7451966,-1.5158082606065213,2.9716944118797106,0.331323405606611
2022-08-19,868.263,4.622270902515831,1.6066899584644896,-1.704474,-1.5646563978102948,3.171346356274785,0.3285419616112255
2022-08-20,865.026,1.3816807270375722,1.7580878193345826,-1.6802267,-1.613929776219189,3.372017595553772,0.3256186518967661
2022-08-21,864.873,1.2257818373008456,1.91000614083543,-1.6541978,-1.6636048675661692,3.573611008401599,0.322558742224424
2022-08-22,866.502,2.8525701275201967,2.062370285417951,-1.6257029,-1.7136571801740896,3.776027465592041,0.319367608527356
2022-08-23,866.348,2.697041491910821,2.2151046255319864,-1.6054775,-1.7640612722824287,3.979165897814415,0.3160507304826264
2022-08-24,873.321,9.669191824687482,2.3681325991883884,-1.580379,-1.8147907664846523,4.182923365673041,0.3126136849658777
2022-08-25,872.954,9.302017020065104,2.5213767665301625,-1.5570353,-1.865818365268104,4.387195131798267,0.3090621393962853
2022-08-26,866.754,3.102022471704429,2.67475886735889,-1.5299296,-1.917115867646933,4.591874735005823,0.3054018449794523
2022-08-27,866.987,3.335708124113512,2.8281998795616343,-1.5052398,-1.9686541868776164,4.79685406643925,0.3016386298560555
2022-08-28,868.057,4.407069796853161,2.9816200783827016,-1.4861875,-2.0204033692453285,5.00202344762803,0.2977783921641321
2022-08-29,868.933,5.28510330948413,3.1349390964838677,-1.453932,-2.072332613908346,5.207271710392213,0.2938270930230338
2022-08-30,868.381,4.735804481567076,3.288075984735938,-1.4288896,-2.124410293786472,5.41248627852241,0.2897907494471434
2022-08-31,865.874,2.2321691326627704,3.4409492736838376,-1.4045718,-2.17660397747838,5.617553251162217,0.2856754271975658
2022-09-01,866.15,2.5121930823316263,3.593477035626777,-1.3739028,-2.2288804521916457,5.822357487818422,0.2814872335800368
2022-09-02,871.829,8.19587215013469,3.7455769472546736,-1.3352797,-2.2812057476681287,6.026782694922803,0.2772323101974154
2022-09-03,867.399,3.7712021556326,3.89716635278125,-1.3062334,-2.333545161086253,6.230711513867503,0.2729168256651314
2022-09-04,870.706,7.0841789183859465,4.048162327514004,-1.2871829,-2.385863282920665,6.434025610434669,0.2685469682980397
2022-09-05,869.216,5.600798257955324,4.198481741800877,-1.2671864,-2.43812402373873,6.636605765539606,0.2641289387771604
2022-09-06,866.583,2.9750559939016537,4.348041325293085,-1.2374117,-2.490290641912209,6.838331967205294,0.2596689428048006
2022-09-07,870.9839999999999,7.383947945785541,4.496757731463275,-1.2154456,-2.542325772221461,7.039083503684736,0.2551731837566004
2022-09-08,873.498,9.906469933167866,4.64454760231823,-1.2045566,-2.594191455328534,7.2387390576467645,0.2506478553390087
2022-09-09,875.356,11.773617775608866,4.791327633245031,-1.2103173,-2.64584916809448,7.43717680133951,0.2460991342607414
2022-09-10,873.955,10.38238729266974,4.937014637929546,-1.2000582,-2.6972598547152984,7.6342744926448445,0.2415331729267209
2022-09-11,873.129,9.566774303910908,5.081525613286293,-1.1784828,-2.748383958649888,7.829909571936181,0.2369560921630035
2022-09-12,876.281,12.729774628893088,5.224777804338614,-1.1857488,-2.799181455312626,8.02395925965124,0.2323739739811458
2022-09-13,877.586,14.04638408717716,5.36668876898834,-1.1933048,-2.849611885502107,8.216300654490446,0.2277928543904404
2022-09-14,875.1560000000001,11.628598498323566,5.507176442614354,-1.1763623,-2.8996343895368275,8.406810832151182,0.2232187162663757
2022-09-15,864.919,1.4044136818931134,5.64615920243963,-1.142947,-2.9492077420677654,8.595366944507395,0.2186574822836416
2022-09-16,870.564,7.062825457446577,5.783555931606684,-1.1063038,-2.9982903875368527,8.781846319143536,0.214115007921902
2022-09-17,870.187,6.699829644544661,5.919286082901844,-1.0800512,-3.046840476249758,8.966126559151602,0.2095970745524938
2022-09-18,881.1099999999999,17.637422062747728,6.053269742069075,-1.1214668,-3.0948159010304286,9.148085643099504,0.2051093826141162
2022-09-19,878.245,14.787598531617077,6.185427690654626,-1.3695465,-3.142174334424278,9.327602025078903,0.2006575448854706
2022-09-20,866.731,3.2893548707129594,6.31568146832439,-1.542237,-3.188873266416103,9.504554734740491,0.1962470798627079
2022-09-21,872.0250000000001,8.599686899596302,6.44395343459642,-1.612322,-3.2348700426281893,9.67882347722461,0.1918834052494117
2022-09-22,867.871,4.462590437827371,6.570166829931779,-1.5758864,-3.280121902963452,9.85028873289523,0.1875718315667352
2022-09-23,871.553,8.16206130496743,6.694245836127561,-1.5034696,-3.3245860206578084,10.01883185678537,0.183317555891154
2022-09-24,871.081,7.708095320576938,6.816115635956748,-1.4265249,-3.3682195417054457,10.184335177662192,0.1791256557271632
2022-09-25,866.857,3.5026883042165258,6.935702472000531,-1.3570327,-3.410979624620144,10.346682096620675,0.175001083022097
2022-09-26,868.929,5.593836075446893,7.052933704619296,-1.3011461,-3.4528234804952187,10.505757185114517,0.1709486583300678
2022-09-27,870.709,7.393534453828888,7.167737869009854,-1.2479756,-3.4937084133243506,10.661446282334204,0.166973065131879
2022-09-28,870.8620000000001,7.566779258923285,7.2800447312971,-1.189644,-3.533591860544975,10.813636591842076,0.1630788443175648
2022-09-29,873.128,9.853566310290452,7.389785343609593,-1.1584475,-3.5724314337656327,10.962216777375223,0.1592703888380292
2022-09-30,871.525,8.27189142749123,7.496892098089545,-1.1261183,-3.6101849596383295,11.107077057727876,0.1555519385320747
2022-10-01,874.367,11.135750430086285,7.601298779788821,-1.1074903,-3.6468105208365458,11.248109300625366,0.1519275751348971
2022-10-02,872.659,9.450139137636532,7.702940618403902,-1.0763419,-3.682266497099421,11.385207115503324,0.1484012174739097
2022-10-03,868.673,5.487053369702496,7.801754338803678,-1.0459472,-3.716511606302263,11.51826594510594,0.1449766168575743
2022-10-04,869.773,6.610488945844909,7.897678210305654,-1.0156229,-3.749504945513435,11.64718315581909,0.1416573526626504
2022-10-05,872.26,9.121441685624283,7.990652094657054,-0.98148763,-3.7812060319974594,11.771858126654513,0.1384468281250894
2022-10-06,866.7869999999999,3.672907408601572,8.08061749267894,-0.9354744,-3.8115748441241215,11.892192336803062,0.1353482663395378
2022-10-07,867.476,4.386881934337538,8.167517589532743,-0.89656013,-3.8405718621432503,12.008089451675993,0.1323647064721813
2022-10-08,871.545,8.481361082392615,8.251297298570039,-0.86839515,-3.868158108784781,12.11945540735482,0.1294990001914247
2022-10-09,873.178,10.140340672327586,8.331903303728001,-0.8404393,-3.8942951896438394,12.22619849337184,0.1267538083206371
2022-10-10,874.139,11.127816523703272,8.409284100434155,-0.8151931,-3.918945333310489,12.328229433744644,0.1241315977169511
2022-10-11,873.514,10.529784456080272,8.48339003498604,-0.7846934,-3.94207143120396,12.42546146619,0.1216346383798257
2022-10-12,876.306,13.34924028901933,8.55417334237254,-0.7648866,-3.963637077071306,12.517810419443846,0.1192650007928446
2022-10-13,869.382,6.453179842080873,8.621588182505473,-0.7509132,-3.983606606110568,12.60519478861604,0.1170245535019235
2022-10-14,876.659,13.75859893482609,8.685590674831577,-0.71410215,-4.001945133678758,12.687535808510336,0.1149149609328484
2022-10-15,878.125,15.253493386815393,8.74613893129666,-0.68918073,-4.018618593545227,12.764757524841889,0.1129376814507789
2022-10-16,875.591,12.748859017609515,8.80319308763548,-0.6827758,-4.0335937756513145,12.836786863286791,0.1110939656640842
2022-10-17,871.187,8.374691646769156,8.856715332962285,-0.6643882,-4.04683836333738,12.903553696299664,0.10938485497458
2022-10-18,876.4490000000001,13.666987093854951,8.906669937639144,-0.62777424,-4.058320969998876,12.96499090763802,0.1078111803759666
2022-10-19,875.568,12.816741178427636,8.95302327940045,-0.5913986,-4.068011175133391,13.02103445453384,0.106373561501975
2022-10-20,876.198,13.47794972004802,8.995743867714037,-0.5509296,-4.075879559741074,13.071623427455112,0.1050724059254343
2022-10-21,876.7289999999999,14.040608538276668,9.034802366360942,-0.52614707,-4.081897741041389,13.11670010740233,0.1039079087091999
2022-10-22,886.025,23.36871345267432,9.070171614217768,-0.6333248,-4.086038406469656,13.156210020687425,0.102880052209568
2022-10-23,873.078,10.454260282801744,9.101826644227092,-0.65414846,-4.0882753469173325,13.190101991144424,0.1019886061325411
2022-10-24,871.865,9.274244848219617,9.129744700543622,-0.6928152,-4.088583489180733,13.218328189724357,0.1012331278429807
2022-10-25,873.1940000000001,10.636662968488627,9.153905253845068,-0.7025566,-4.086938927583403,13.240844181428471,0.1006129629264242
2022-10-26,870.931,8.407510463169237,9.174290014798927,-0.7193613,-4.08331895473809,13.257608969537015,0.1001272460030345
2022-10-27,871.8000000000001,9.31078315182253,9.190882945677922,-0.72513026,-4.07770209141499,13.268585037092912,0.0997749017928586
2022-10-28,877.577,15.12247685400893,9.203670270118716,-0.7171122,-4.070068115483649,13.273738385602364,0.0995546464312887
2022-10-29,871.469,9.04958738928936,9.21264048102042,-0.7081734,-4.060398089896742,13.273038570917162,0.0994649890333311
2022-10-30,875.63,13.246110577224169,9.217784346581048,-0.72300893,-4.048674389684709,13.266458736265754,0.0995042335049856
2022-10-31,877.682,15.334042237374472,9.219094914471896,-0.7225207,-4.03488072793114,13.253975642403038,0.0996704805997767
2022-11-01,880.6220000000001,18.310378189300813,9.21656751415185,-0.9732923,-4.019002180699633,13.235569694851485,0.0999616302181731
2022-11-02,875.679,13.4041142525637,9.210199757324965,-1.1523602,-4.001025210883811,13.211224968208777,0.1003753839473662
2022-11-03,871.204,8.966246246723948,9.199991536546907,-1.1964227,-3.98093769095309,13.180929227499997,0.1009092478385847
2022-11-04,870.758,8.557769991342518,9.185945021987218,-1.2787625,-3.958728924567795,13.144673946555011,0.1015605354188768
2022-11-05,872.363,10.200681305979815,9.168064656356307,-1.4854512,-3.934389667038224,13.10245432339453,0.1023263709339804
2022-11-06,876.264,14.139976010196545,9.146357148007851,-1.5889163,-3.907912144603302,13.054269292611153,0.1032036928186708
2022-11-07,870.581,8.495649923553522,9.12083146222874,-1.978211,-3.879290072505456,13.000121534734197,0.1041892573906936
2022-11-08,873.0369999999999,10.990698865611174,9.09149881073074,-2.658982,-3.848518671839565,12.940017482570306,0.1052796427641375
2022-11-09,872.112,10.105118655930674,9.058372639359389,-2.9051292,-3.815594685154836,12.873967324514222,0.1064712529778434
2022-11-10,873.414,11.446905114072443,9.02146861403752,-2.9017844,-3.7805163907896153,12.801985004827134,0.1077603223342111
2022-11-11,865.223,3.296054059597148,8.9808046049624,-2.877576,-3.743283615920375,12.724088220882772,0.1091429199435029
2022-11-12,866.476,4.589531728303279,8.936400669076844,-2.882793,-3.703897748307161,12.640298417384006,0.1106149544685202
2022-11-13,868.5079999999999,6.662362719607211,8.888279030836644,-2.8588698,-3.662361746719162,12.550640777555806,0.1121721790642948
2022-11-14,867.801,5.996542848688881,8.836464061297812,-2.8311663,-3.618680150025096,12.455144211322908,0.1138101965072095
2022-11-15,866.793,5.03006793072767,8.780982255548851,-2.785062,-3.57285908493452,12.35384134048337,0.115524464507737
2022-11-16,865.37,3.6489337809033966,8.721862208514754,-2.7307694,-3.5249062723772857,12.24676848089204,0.117310301200793
2022-11-17,862.466,0.7871362143959937,8.659134589160754,-2.693178,-3.474831032509724,12.133965621670477,0.1191628908074754
2022-11-18,870.107,8.470671046385037,8.592832113125422,-2.651202,-3.422644288337403,12.015476401462823,0.121077289461766
2022-11-19,871.668,10.07453409205038,8.522989513813982,-2.6103709,-3.368358567945596,11.891348081759578,0.1230484311955949
2022-11-20,871.25,9.699721166571528,8.449643511984032,-2.5783803,-3.3119880053298654,11.761631517313898,0.1250711340754725
2022-11-21,870.5840000000001,9.07722808512855,8.372832783857357,-2.5412793,-3.2535483398206377,11.626381123677994,0.1271401064837112
2022-11-22,867.548,6.0850506629008905,8.292597927792523,-2.5199285,-3.1930569140967653,11.485654841889287,0.1292499535371179
2022-11-23,868.728,7.30918471506841,8.208981429554314,-2.489866,-3.1305326707845964,11.33951410033891,0.131395183635848
2022-11-24,868.308,6.933626056810813,8.122027626217314,-2.479681,-3.0659961476402984,11.188023773857612,0.1335702151349906
2022-11-25,866.598,5.268370503307896,8.031782668741947,-2.47337,-2.999469471314613,11.03125214005656,0.1357693831312843
2022-11-26,871.4499999999999,10.165413869739371,7.938294483262406,-2.4927983,-2.930976349700519,10.869270832962926,0.1379869463572607
2022-11-27,868.789,7.549751971285042,7.841612731127046,-2.498095,-2.860542062865655,10.7021547939927,0.1402170941749546
2022-11-28,875.2769999999999,14.083380623124455,7.741788767732824,-2.5174098,-2.788193452572745,10.52998222030557,0.1424539536612378
2022-11-29,877.1640000000001,16.01629564043757,7.638875600196135,-2.5079105,-2.713958910392594,10.352834510588728,0.144691596776699
2022-11-30,875.389,14.287492838403864,7.532927843903517,-2.5589495,-2.637868364415536,10.170796208319052,0.1469240476099194
2022-12-01,874.4159999999999,13.360968032203242,7.424001677986638,-3.1801353,-2.5599532645687475,9.983954942555386,0.1491452896888826
2022-12-02,874.925,13.916717037015502,7.312154799766394,-3.2446272,-2.480246566547926,9.79240136631432,0.1513492733512067
2022-12-03,867.9630000000001,7.001735668020296,7.197446378212241,-3.4153156,-2.39878271437341,9.596229092585652,0.1535299231647856
2022-12-04,869.888,8.974019740397305,7.079937006463153,-4.089224,-2.3155976215820373,9.39553462804519,0.155681145390404
2022-12-05,871.491,10.62456506932632,6.959688653457626,-4.321584,-2.230728651067409,9.190417304525036,0.1577968354778086
2022-12-06,868.178,7.35936746998714,6.836764614720487,-4.3550253,-2.1442145935825248,8.980979208303012,0.159870885586699
2022-12-07,868.3720000000001,7.601422757559391,6.711229462355004,-4.351251,-2.056095644920062,8.767325107275067,0.1618971921240704
2022-12-08,868.135,7.412726747222818,6.583148994289322,-4.3931804,-1.9664133817869385,8.54956237607626,0.1638696632893063
2022-12-09,870.3629999999999,9.689275254157232,6.452590182826509,-4.5617914,-1.87521073639094,8.327800919217449,0.1657822266184316
2022-12-10,870.305,9.680064093542397,6.319621122548221,-5.346972,-1.782531969758651,8.102153092306873,0.1676288365189171
2022-12-11,869.147,8.571089080557961,6.1843109776221725,-6.083972,-1.6884226438049856,7.872733621427158,0.1694034817864501
2022-12-12,863.965,3.438346030383692,6.046729928563745,-6.155247,-1.5929295921760065,7.639659520739752,0.1711001930950917
2022-12-13,864.765,4.287830758199294,5.906949118502875,-6.155618,-1.4961008898878474,7.403050008390722,0.172713050452291
2022-12-14,865.071,4.6435390791846185,5.765040599006807,-6.146303,-1.3979858217857657,7.163026420792573,0.1742361906102413
2022-12-15,862.633,2.255466808519289,5.6210772755102,-6.1239696,-1.2986348498485942,6.919712125358794,0.1756638144251327
2022-12-16,864.0600000000001,3.7326097613829647,5.475132852403559,-6.0682287,-1.1980995793648648,6.673232431768423,0.1769901941559031
2022-12-17,866.322,6.044746316098692,5.327281777831519,-6.0128746,-1.096432724008188,6.423714501839706,0.1782096806941685
2022-12-18,867.697,7.469283516981868,5.177599188252104,-5.9581375,-0.9936880698404444,6.171287258092549,0.1793167107170666
2022-12-19,864.9639999999999,4.78577749352161,5.026160852808225,-5.902342,-0.8899204382724533,5.916081291080678,0.1803058137548749
2022-12-20,862.5310000000001,2.402329329631189,4.873043117562685,-5.88003,-0.7851856480128832,5.6582287655755685,0.1811716191653199
2022-12-21,863.176,3.0970034416147287,4.718322849647468,-5.864935,-0.679540476037112,5.39786332568458,0.1819088630066265
2022-12-22,860.066,0.0365317549461071,4.5620773813782725,-5.826381,-0.5730426176088224,5.135119998987095,0.1825123948014622
2022-12-23,860.325,0.3451996892710361,4.404384454384693,-5.84876,-0.4657506453880026,4.870135099772695,0.1829771841840555
2022-12-24,860.483,0.5530028115949076,4.245322163806273,-5.856507,-0.3577239676600115,4.603046131466285,0.1832983274228906
2022-12-25,860.359,0.4789366889238965,4.084968902604355,-5.8375716,-0.2490227857212256,4.333991688325581,0.183471053811552
2022-12-26,865.8000000000001,5.969996888263288,3.923403306039112,-5.840331,-0.139708050457722,4.063111356496833,0.1834907319203908
2022-12-27,871.0120000000001,11.231984848951624,3.7607041963607992,-6.858241,-0.0298414181541265,3.790545614514926,0.1833528757018997
2022-12-28,864.476,4.745954767909727,3.5969505277637666,-6.9574275,0.0805147944291948,3.516435733334572,0.1830531504428032
2022-12-29,864.811,5.130789176378174,3.432221331651127,-7.079164,0.191297655671956,3.2409236759791717,0.1825873785560698
2022-12-30,866.031,6.400484066099789,3.2665956622574885,-8.008583,0.3024436653631517,2.9641519968943366,0.1819515452062239
2022-12-31,865.487,5.906207042773828,3.100152542676562,-9.250953,0.4138888015835165,2.686263741093045,0.1811418037615235
2023-01-01,866.051,6.519874652854247,2.9329709113395994,-9.573947,0.5255685681603327,2.4074023431792666,0.1801544810667716
2023-01-02,863.1379999999999,3.656536150744426,2.765129568990123,-9.537166,0.637418042653169,2.127711526336954,0.1789860825307279
2023-01-03,859.091,-0.3412039161995133,2.596707126199412,-9.611193,0.7493719248284797,1.8473352013709323,0.177633297022293
2023-01-04,861.663,2.280116156099979,2.427781951466684,-9.670802,0.8613645855805668,1.566417365886117,0.1760930015698648
2023-01-05,864.5350000000001,5.201103409228002,2.258432119946772,-10.545123,0.973330116255771,1.285102003691001,0.1743622658584784
2023-01-06,857.898,-1.387464697629807,2.0887353628474497,-10.556089,1.085202378336487,1.0035329845109626,0.1724383565195744
2023-01-07,855.384,-3.8530715582523216,1.9187690175375325,-10.580875,1.1969150534410105,0.721853964096522,0.1703187412084743
2023-01-08,867.14,7.951360056082817,1.7486099784059486,-10.957668,1.3084016935950529,0.4402082848108959,0.1680010924648785
2023-01-09,858.5,-0.6403947132295834,1.5783346485109309,-11.707634,1.4195957717302388,0.1587388767806921,0.1654832913519536
2023-01-10,864.3309999999999,5.238519739649041,1.4080188920576322,-12.205341,1.5304307323648043,-0.1224118403071723,0.162763430869819
2023-01-11,849.511,-9.534381993474764,1.2377379877411256,-12.469473,1.6408400424213527,-0.4031020546802271,0.1598398191394969
2023-01-12,853.737,-5.2612241954531305,1.067566582991016,-12.5462,1.7507572421363982,-0.683190659145382,0.1567109823536557
2023-01-13,852.9689999999999,-5.982011927690007,0.8975786491523595,-12.641986,1.860115996016261,-0.9625373468639016,0.1533756674907322
2023-01-14,848.144,-10.75975025158936,0.7278474376368768,-13.257276,1.9688501437938053,-1.2410027061569289,0.1498328447892848
2023-01-15,841.9830000000001,-16.873444228555062,0.5584454370769302,-13.493804,2.076893751340358,-1.518448314263428,0.1460817099797081
2023-01-16,842.547,-16.26209891999128,0.3894443315136894,-13.693323,2.184181161487298,-1.7947368299736084,0.1421216862706975
2023-01-17,855.975,-2.7867193873018787,0.2209149596496224,-13.57267,2.2906470447116565,-2.069732085062034,0.137952426088141
2023-01-18,856.734,-1.9804398000847203,0.0529272751943685,-13.46156,2.396226449640278,-2.3432991744459093,0.1335738125643861
2023-01-19,855.424,-3.2432360129956788,-0.1144496916685333,-13.574193,2.5008548533271493,-2.6153045449956824,0.1289859607761166
2023-01-20,851.5409999999999,-7.079055464552125,-0.2811478716675799,-13.39512,2.604468211258668,-2.885616082926248,0.124189218729346
2023-01-21,852.8670000000001,-5.70585322303858,-0.4471001926569062,-13.238538,2.707003007041864,-3.15410319969877,0.1191841680903251
2023-01-22,850.115,-8.410634392667163,-0.6122406146337858,-13.091149,2.808396301730792,-3.420636916364578,0.1139716246614414
2023-01-23,847.7379999999999,-10.74040407764953,-0.7765041635377211,-12.939408,2.908585782746685,-3.685089946284406,0.1085526386014891
2023-01-24,851.322,-7.109167382197067,-0.9398269638100224,-12.802819,3.007509812347676,-3.947336776157698,0.1029284943899365
2023-01-25,849.9290000000001,-8.454929410521736,-1.1021462696943125,-12.66884,3.105107475604405,-4.2072537452987175,0.097100710535152
2023-01-26,848.9010000000001,-9.43569526683541,-1.263400495259568,-12.523557,3.2013186278382237,-4.464719123097791,0.0910710390267985
2023-01-27,854.601,-3.688470055349885,-1.4235292431290267,-12.403072,3.2960839414790457,-4.719613184608073,0.0848414645329098
2023-01-28,858.024,-0.218308781671678,-1.582473331899275,-12.278273,3.3893449523006693,-4.971818284199944,0.0784142033424372
2023-01-29,851.107,-7.0887586389035615,-1.7401748222356148,-12.267033,3.4810441049916325,-5.221218927227247,0.0717917020543503
2023-01-30,859.696,1.546785021328047,-1.8965770416309795,-12.133522,3.5711247980205427,-5.4677018396515225,0.0649766360146418
2023-01-31,849.134,-8.968684958226957,-2.051624607817244,-12.01096,3.659531427755262,-5.711156035572506,0.0579719075028831
2023-02-01,853.46,-4.59617177054422,-2.2052634508190545,-11.897718,3.746209431796069,-5.951472882615123,0.0507806436702359
2023-02-02,855.556,-2.4536806180389776,-2.3574408336419044,-11.786076,3.83110533148365,-6.188546165125555,0.0434061942311271
2023-02-03,854.358,-3.605329379639896,-2.5081053715873898,-11.745301,3.9141667735435366,-6.422272145130926,0.0358521289110356
2023-02-04,855.692,-2.225414990879412,-2.6572070501901965,-11.657575,3.99534257082926,-6.652549621019457,0.0281222346531395
2023-02-05,851.452,-6.419596258878366,-2.804697241772658,-12.126389,4.074582742127559,-6.879279983900217,0.0202205125868099
2023-02-06,849.1959999999999,-8.629804098810222,-2.950528720614284,-12.052435,4.151838550989597,-7.10236727160388,0.0121511747612351
2023-02-07,848.2969999999999,-9.483043803278475,-3.094655676734769,-11.970734,4.227062543553211,-7.3217182202879805,0.0039186406476738
2023-02-08,845.723,-12.01132066488682,-3.2370337282908497,-11.879734,4.3002085853220455,-7.537242313612895,-0.0044724665858619
2023-02-09,850.683,-7.0056399762390775,-3.377619932588303,-11.787928,4.371231896868485,-7.748851829456788,-0.0130173240234911
2023-02-10,852.8820000000001,-4.761007029938634,-3.5163727957120985,-11.688226,4.440089088428194,-7.956461884140291,-0.0217109131696129
2023-02-11,851.664,-5.933427118589436,-3.6532522807788457,-11.662722,4.5067381933551625,-8.159990474134009,-0.0305480243318442
2023-02-12,859.873,2.32109446520514,-3.788219814817328,-11.564812,4.571138700407259,-8.359358515224587,-0.0395232612139623
2023-02-13,857.601,0.0940048252923859,-3.921238294283802,-11.488615,4.633251584833244,-8.554489879117046,-0.0486310457139045
2023-02-14,858.26,0.7973845941717139,-4.052272089220679,-11.476401,4.693039338233515,-8.745311427454194,-0.0578656229216067
2023-02-15,850.6329999999999,-6.785307338647508,-4.181287046067816,-11.400798,4.750465997167773,-8.93175304323559,-0.0672210663112748
2023-02-16,851.6700000000001,-5.704049999835874,-4.3082504891376425,-11.318169,4.805497170484205,-9.113747659621849,-0.076691283122449
2023-02-17,850.124,-7.205848841825996,-4.43313122076601,-11.217888,4.858100065345784,-9.291231286111795,-0.0862700199240447
2023-02-18,854.835,-2.450709317049476,-4.555899520152291,-11.111078,4.908243511930603,-9.464143032082896,-0.0959508683553285
2023-02-19,851.01,-6.231906176099448,-4.676527140903361,-11.0197525,4.955897986784459,-9.63242512768782,-0.1057272710376072
2023-02-20,849.958,-7.240168134071391,-4.794987307297287,-10.937133,5.001035634804961,-9.796022942102248,-0.1155925276502408
2023-02-21,854.821,-2.333500684384646,-4.91125470928369,-10.947684,5.043630289838032,-9.954884999121722,-0.1255398011643833
2023-02-22,856.973,-0.138099284455258,-5.025305496239096,-11.0205555,5.083657493868658,-10.108962990107752,-0.1355621242277181
2023-02-23,852.271,-4.796974848298065,-5.137117269496432,-11.170994,5.121094514789324,-10.258211784285756,-0.1456524056932688
2023-02-24,855.678,-1.346926723701837,-5.246669073669173,-11.6074095,5.155920362730731,-10.402589436399904,-0.1558034372852363
2023-02-25,849.468,-7.514177669742564,-5.353941386791656,-11.804976,5.188115804940865,-10.54205719173252,-0.1660079003946525
2023-02-26,851.01,-5.92951003290872,-5.45891610929799,-12.036502,5.217663379199787,-10.676579488497776,-0.1762583729975052
2023-02-27,853.562,-3.3349293991273337,-5.56157655186323,-12.473759,5.244547405758899,-10.80612395762213,-0.1865473366878852
2023-02-28,853.669,-3.1854413543252877,-5.661907422131279,-12.984659,5.268753997794899,-10.930661419926178,-0.1968671838185428
2023-03-01,851.9250000000001,-4.887051484429259,-5.759894810355077,-13.181869,5.290271070369933,-11.050165880725013,-0.2072102247411847
2023-03-02,852.501,-4.268765375366495,-5.8555261739753846,-13.142987,5.30908834789091,-11.164614521866294,-0.2175686951386894
2023-03-03,854.483,-2.244588613063367,-5.948790321165646,-13.102511,5.325197370062464,-11.273987691228111,-0.2279347634413727
2023-03-04,854.924,-1.761702158445036,-6.039677393370852,-13.2642975,5.338591496329194,-11.378268889700044,-0.2383005383193076
2023-03-05,855.101,-1.543035382865693,-6.12817884686959,-13.59566,5.349265908804614,-11.477444755674204,-0.2486580762426706
2023-03-06,843.5780000000001,-13.024585886800692,-6.214287433388916,-13.654966,5.357217613685277,-11.571505047074194,-0.2589993891019846
2023-03-07,848.642,-7.919257701632111,-6.297997179802614,-13.721284,5.362445441150299,-11.660442620952914,-0.2693164518801025
2023-03-08,844.322,-12.198056470855851,-6.3793033669440256,-13.882279,5.364950043747728,-11.744253410691757,-0.2796012103677014
2023-03-09,845.6740000000001,-10.804987837967664,-6.458202507565352,-13.963164,5.364733893270675,-11.822936400836028,-0.2898455889140485
2023-03-10,850.171,-6.267057446463832,-6.53469232347598,-14.966688,5.361801276127631,-11.89649359960361,-0.3000414982047415
2023-03-11,842.624,-13.773270939839884,-6.608771721892938,-15.119473,5.3561582872126605,-11.9649300091056,-0.3101808430581377
2023-03-12,844.048,-12.308633961591848,-6.680440771037141,-15.437724,5.347812822282712,-12.028253593319851,-0.3202555302321462
2023-03-13,841.801,-14.515152155215564,-6.749700675009729,-15.690803,5.336774568850606,-12.086475243860336,-0.330257476233085
2023-03-14,851.0980000000001,-5.177831164207134,-6.816553747983048,-16.504812,5.323054995603665,-12.139608743586711,-0.3401786151182985
2023-03-15,849.6089999999999,-6.626676632062381,-6.881003387741546,-16.667414,5.306667340359383,-12.18767072810093,-0.3500109062842449
2023-03-16,848.952,-7.243694202276931,-6.943054048608021,-16.518946,5.287626596570825,-12.230680645178849,-0.3597463422318083
2023-03-17,847.638,-8.517889518346944,-7.0027112137912,-16.339449,5.26594949839587,-12.26866071218707,-0.369376956300616
2023-03-18,844.6519999999999,-11.464268223768425,-7.059981367190768,-16.137995,5.241654504345712,-12.30163587153648,-0.3788948303641778
2023-03-19,847.2669999999999,-8.809835962037134,-7.11487196469653,-16.307852,5.214761779529403,-12.329633744225934,-0.3882921024777448
2023-03-20,848.402,-7.635598376648764,-7.167391405018235,-16.337873,5.185293176512467,-12.352684581530704,-0.3975609744708286
2023-03-21,847.225,-8.773561111099554,-7.217549000083209,-16.358425,5.153272214808978,-12.370821214892189,-0.4066937194763951
2023-03-22,847.3340000000001,-8.62572980888522,-7.265354945038854,-16.375597,5.118724059027714,-12.384079004066567,-0.4156826893888434
2023-03-23,844.792,-11.129110113501902,-7.310820287897186,-16.346941,5.081675495694282,-12.392495783591468,-0.424520322242961
2023-03-24,845.937,-9.945707668445198,-7.353956898858856,-16.263903,5.042154908772279,-12.396111807631137,-0.4331991495061429
2023-03-25,846.743,-9.101528117211076,-7.394777439353974,-16.100534,5.000192253907877,-12.394969693261851,-0.441711803276272
2023-03-26,841.1800000000001,-14.626577103295524,-7.433295330837095,-15.915666,4.955819031423236,-12.389114362260331,-0.4500510233777869
2023-03-27,842.831,-12.937860270194586,-7.469524723373738,-15.720523,4.90906825808543,-12.378592981459168,-0.4582096643485615
2023-03-28,846.5840000000001,-9.147383261403792,-7.5034804640557455,-16.079027,4.859974437678676,-12.36345490173442,-0.4661807023103783
2023-03-29,844.328,-11.366151720419372,-7.535178065282528,-16.243326,4.808573530408664,-12.343751595691192,-0.4739572417159029
2023-03-30,843.148,-12.509171290736967,-7.564633672945348,-16.1473,4.754902921168971,-12.319536594114318,-0.4815325219652144
2023-03-31,844.61,-11.01044761585279,-7.591864034551404,-16.011383,4.699001386700545,-12.290865421251947,-0.4888999238851078
2023-04-01,846.305,-9.278986339262504,-7.616886467324197,-15.906806,4.640909061676141,-12.257795529000338,-0.4960529760645516
2023-04-02,849.3309999999999,-6.216793104462056,-7.63971882631679,-15.821244,4.5806674037427655,-12.220386230059557,-0.5029853610398272
2023-04-03,849.145,-6.366873554947239,-7.660379472573669,-15.799826,4.518319157555941,-12.17869863012961,-0.5096909213230886
2023-04-04,844.189,-11.28723333421418,-7.678887241377163,-15.670034,4.453908317840616,-12.13279555921778,-0.5161636652682402
2023-04-05,846.2760000000001,-9.16487808575867,-7.695261410613625,-15.529592,4.387480091514371,-12.082741502127996,-0.5223977727682232
2023-04-06,841.318,-14.0878134530767,-7.709521669294296,-15.397726,4.319080858909392,-12.028602528203688,-0.5283876007780013
2023-04-07,846.8919999999999,-8.47904507966405,-7.721688086265442,-15.518112,4.24875813413055,-11.970446220395992,-0.534127688657735
2023-04-08,846.5559999999999,-8.780578609016638,-7.7317810791416175,-15.390598,4.17656052458758,-11.908341603729198,-0.5396127633308466
2023-04-09,843.116,-12.186419684630437,-7.7398213834956975,-15.256478,4.102537689740177,-11.842359073235874,-0.5448377442518775
2023-04-10,843.637,-11.63157395000129,-7.745830022338599,-15.12613,4.026740299095401,-11.772570321434,-0.5497977481792712
2023-04-11,848.4000000000001,-6.835047048624927,-7.7498282759210415,-15.029133,3.9492199894975255,-11.699048265418568,-0.55448809374843
2023-04-12,843.155,-12.046844623997703,-7.751837651889224,-14.875217,3.870029321751004,-11.621866973640229,-0.5589043058406252
2023-04-13,846.7620000000001,-8.406972319615166,-7.751879855825532,-14.705361,3.7892217366177743,-11.541101592443306,-0.5630421197435671
2023-04-14,844.899,-10.237435778973335,-7.749976762204816,-14.52364,3.706851510230722,-11.456828272435535,-0.5668974850996846
2023-04-15,842.878,-12.226240645567984,-7.746150385796021,-14.352777,3.6229737089654654,-11.369124094761489,-0.5704665696383945
2023-04-16,841.7059999999999,-13.366392562895292,-7.740422853538312,-14.193058,3.537644143813194,-11.278066997351504,-0.5737457626888982
2023-04-17,845.268,-9.772897174450836,-7.732816376920073,-14.0493,3.4509193242976037,-11.183735701217676,-0.5767316784702691
2023-04-18,847.309,-7.7007601237307375,-7.723353224888298,-14.070442,3.3628564119793056,-11.086209636867604,-0.5794211591558702
2023-04-19,845.653,-9.325987054230712,-7.712055697315275,-13.93764,3.273513173591448,-10.985568870906722,-0.5818112777093628
2023-04-20,843.005,-11.943583609446854,-7.698946099048554,-13.787979,3.182947933850516,-10.88189403289907,-0.5838993404898601
2023-04-21,838.602,-16.31655543287509,-7.6840467145691935,-13.645061,3.091219527986456,-10.775266242555649,-0.5856828896239922
2023-04-22,846.3009999999999,-8.587908168011134,-7.667379783282882,-13.466741,2.998387254036506,-10.66576703731939,-0.5871597051429492
2023-04-23,844.444,-10.415647458350898,-7.648967475467047,-13.322075,2.904510824947192,-10.55347830041424,-0.5883278068828021
2023-04-24,848.2579999999999,-6.572778947390423,-7.628831868896644,-13.15688,2.8096503205290357,-10.43848218942568,-0.5891854561466687
2023-04-25,844.6329999999999,-10.16930827862551,-7.606994926170207,-12.964883,2.713866139308583,-10.32086106547879,-0.5897311571275653
2023-04-26,844.847,-9.927241095552157,-7.583478472756812,-12.796641,2.6172189503223016,-10.200697423079111,-0.5899636580910342
2023-04-27,848.895,-5.8515830416661405,-7.558304175783602,-12.626045,2.5197696448969125,-10.078073820680514,-0.589881952316904
2023-04-28,847.0,-7.719339760463415,-7.531493523582751,-12.432654,2.42157928846054,-9.95307281204329,-0.5894852787998084
2023-04-29,846.555,-8.137516895439962,-7.503067806015559,-12.225408,2.322709072429011,-9.82577687844457,-0.5887731227083445
2023-04-30,844.588,-10.078120090091666,-7.473048095590404,-12.038192,2.223220266211354,-9.696268361801758,-0.5877452156030181
2023-05-01,850.5200000000001,-4.12015498791415,-7.441455229390465,-11.890758,2.12317416937841,-9.564629398768876,-0.5864015354133908
2023-05-02,852.484,-2.130627232403733,-7.408309791825774,-11.883011,2.0226320640381323,-9.430941855863908,-0.5847423061750856
2023-05-03,846.904,-7.685542467056113,-7.373632098223513,-11.779941,1.9216551674608149,-9.295287265684328,-0.5827679975275873
2023-05-04,846.9259999999999,-7.638906335367346,-7.337442179269095,-11.702235,1.820304584997252,-9.157746764266347,-0.580479323974019
2023-05-05,844.518,-10.022724480832917,-7.29975976630971,-11.6973505,1.718641263332248,-9.018401029641955,-0.5778772439043354
2023-05-06,839.543,-14.97400254694913,-7.260604277531022,-11.867637,1.6167259441156008,-8.877330221646623,-0.574962958383619
2023-05-07,843.037,-11.45674617721171,-7.219994805016421,-11.755896,1.5146191180121351,-8.734613923028556,-0.5717379097074294
2023-05-08,847.78,-6.690961015116818,-7.177950102697335,-11.710522,1.4123809792118225,-8.590331081909158,-0.5682037797263891
2023-05-09,849.178,-5.270652704159949,-7.134488575202142,-11.53916,1.310071380440487,-8.44455995564263,-0.5643624879424315
2023-05-10,844.833,-9.593826887837258,-7.089628267609816,-11.351357,1.2077497885109698,-8.297378056120785,-0.5602161893793961
2023-05-11,845.425,-8.980489209644583,-7.0433868561138215,-11.196191,1.1054752404539907,-8.148862096567813,-0.5557672722308735
2023-05-12,845.437,-8.947645313077878,-6.995781639600258,-11.033386,1.0033063002672558,-7.999087939867514,-0.5510183552884356
2023-05-13,846.3389999999999,-8.025300841633019,-6.946829532143554,-10.874787,0.9013010163206164,-7.84813054846417,-0.5459722851536312
2023-05-14,847.4730000000001,-6.871461438805695,-6.896547056421764,-10.714592,0.7995168794543704,-7.6960639358761345,-0.5406321332373345
2023-05-15,845.9140000000001,-8.411132748092104,-6.844950338052404,-10.538289,0.6980107818069653,-7.542961119859369,-0.5350011925502562
2023-05-16,844.3159999999999,-9.990320412988268,-6.792055100848989,-10.341332,0.5968389764075214,-7.38889407725651,-0.5290829742886453
2023-05-17,846.082,-8.206030076989721,-6.737876662996945,-10.149466,0.4960570375677959,-7.233933700564741,-0.522881204219426
2023-05-18,844.788,-9.48226738359246,-6.682429934147039,-9.979306,0.3957198221072199,-7.078149756254259,-0.5163998188691878
2023-05-19,845.996,-8.257037976292494,-6.625729413422928,-9.814095,0.295881431443764,-6.921610844866692,-0.5096429615216831
2023-05-20,849.562,-4.674347498585608,-6.56778918833882,-9.64755,0.1965951745824483,-6.764384362921268,-0.5026149780286545
2023-05-21,847.442,-6.778201593967919,-6.508622934621951,-9.484896,0.0979135320322346,-6.606536466654186,-0.4953204124389968
2023-05-22,846.9870000000001,-7.217605905934986,-6.44824391693369,-9.339076,-0.0001118793188759,-6.448132037614814,-0.4877640024514607
2023-05-23,849.757,-4.432566077983109,-6.386664990482079,-9.213066,-0.0974303403418359,-6.289234650140243,-0.4799506746962549
2023-05-24,851.4350000000001,-2.7400877536077424,-6.323898603517574,-9.100104,-0.1939920627900284,-6.129906540727546,-0.4718855398510789
2023-05-25,852.662,-1.4991765763052785,-6.259956800702851,-8.988006,-0.2897482213815961,-5.970208579321255,-0.4635738875972833
2023-05-26,850.187,-3.9607393236088,-6.194851227346622,-8.892075,-0.3846509848152953,-5.810200242531327,-0.4550211814219995
2023-05-27,846.459,-7.67588323608076,-6.128593134490204,-8.781982,-0.4786535456955564,-5.649939588794648,-0.4462330532722282
2023-05-28,845.352,-8.770613942169515,-6.061193384835138,-8.666595,-0.5717101493436487,-5.489483235491489,-0.4372152980670131
2023-05-29,848.8299999999999,-5.280937070323846,-5.992662459498645,-8.545666,-0.663776121473099,-5.328886338025546,-0.4279738680739648
2023-05-30,846.4920000000001,-7.607388835085953,-5.923010465583426,-8.443336,-0.7548078947085923,-5.168202570874834,-0.4185148671565142
2023-05-31,856.012,1.923568477001937,-5.85224714454692,-8.333051,-0.8447630339289873,-5.007484110617932,-0.4088445448983898
2023-06-01,850.3929999999999,-3.685169558956781,-5.7803818813546375,-8.224067,-0.9336002604161368,-4.846781620938501,-0.3989692906119317
2023-06-02,850.005,-4.063506904830243,-5.70742371440114,-8.114128,-1.0212794747926652,-4.686144239608474,-0.3888956272369423
2023-06-03,858.777,4.717550865399359,-5.63338134618157,-8.004773,-1.1077617787329432,-4.525619567448627,-0.3786302051368781
2023-06-04,850.148,-3.9029836665723376,-5.558263154695708,-7.9006233,-1.193009495432937,-4.365253659262771,-0.3681797957992576
2023-06-05,857.546,3.503079003805097,-5.482077205565879,-7.7915587,-1.276986188825838,-4.205091016740042,-0.3575512854472522
2023-06-06,858.832,4.796351274898944,-5.404831264849222,-7.7149887,-1.3596566815317042,-4.045174583317518,-0.3467516685694803
2023-06-07,852.168,-1.8609924863869107,-5.326532812524135,-7.6317706,-1.4409870715306534,-3.885545740993482,-0.3357880413750927
2023-06-08,854.971,0.9481706925606286,-5.247189056629913,-7.5479813,-1.5209447475505682,-3.7262443090793447,-0.3246675951812862
2023-06-09,848.72,-5.297289800832481,-5.166806948038187,-7.4843183,-1.5994984031614157,-3.567308544876771,-0.3133976097404298
2023-06-10,850.893,-3.119305218635396,-5.085393195833727,-7.4496217,-1.6766180495698573,-3.40877514626387,-0.3019854465140131
2023-06-11,855.453,1.445178302523952,-5.002954283281912,-7.425402,-1.7522750271089862,-3.2506792561729254,-0.2904385419006654
2023-06-12,852.65,-1.3539728825035588,-4.919496484359359,-7.449064,-1.8264420154194447,-3.093054468939915,-0.2787644004255035
2023-06-13,848.406,-5.594477326743487,-4.835025880823702,-7.383644,-1.8990930423195531,-2.9359328385041485,-0.2669705878980781
2023-06-14,853.568,-0.4296197130326158,-4.749548379797892,-7.2863684,-1.97020349136335,-2.779344888434542,-0.2550647245461922
2023-06-15,853.469,-0.5263312392580755,-4.663069731844061,-7.164129,-2.039750108086841,-2.62331962375722,-0.2430544781328601
2023-06-16,860.846,6.852357007025029,-4.575595549501246,-7.0604553,-2.1077110049440697,-2.4678845445571764,-0.2309475570636559
2023-06-17,850.9330000000001,-3.0593977933336136,-4.487131326261019,-6.954679,-2.1740656649359447,-2.313065661325074,-0.2187517034916809
2023-06-18,857.2959999999999,3.304600594024623,-4.39768245595447,-6.886869,-2.2387949439361434,-2.158887512018327,-0.2064746864273486
2023-06-19,859.7399999999999,5.748961729273181,-4.307254252523752,-6.8525033,-2.301881071719623,-2.0053731808041286,-0.1941242948601425
2023-06-20,851.962,-2.0293197595227683,-4.21585197015084,-6.7848034,-2.3633076517006937,-1.8525443184501469,-0.1817083308994683
2023-06-21,847.998,-5.994214075751609,-4.123480823716016,-6.6992826,-2.4230596593888136,-1.7004211643272025,-0.1692346029416437
2023-06-22,853.328,-0.6656539478236425,-4.030146009557996,-6.610025,-2.481123439571613,-1.5490225699863829,-0.1567109188700359
2023-06-23,852.8639999999999,-1.1317486951626936,-3.935852726507659,-6.540517,-2.5374867022359133,-1.3983660242717455,-0.1441450792952568
2023-06-24,849.7379999999999,-4.259319749826198,-3.840606197166776,-6.485879,-2.592138517238689,-1.248467679928086,-0.1315448708422755
2023-06-25,848.019,-5.979275000211072,-3.744411689403134,-6.4059577,-2.6450693077413323,-1.0993423816618018,-0.1189180594912026
2023-06-26,848.828,-5.171128325509473,-3.6472745380330833,-6.3331356,-2.6962708424215824,-0.9510036956115008,-0.1062723839784143
2023-06-27,855.417,1.4166998811381664,-3.5492001666624837,-6.259319,-2.7457362264789054,-0.8034639401835779,-0.0936155492645932
2023-06-28,852.604,-1.3980829650765498,-3.450194109656829,-6.1876736,-2.7934598914500883,-0.6567342182067408,-0.080955220076137
2023-06-29,852.4359999999999,-1.5684872056301806,-3.350262034211259,-6.093622,-2.8394375838531785,-0.5108244503580806,-0.068299014526302
2023-06-30,853.056,-0.9500010625426576,-3.249409762490982,-6.0055766,-2.883666352678848,-0.3657434098121341,-0.0556544978222846
2023-07-01,847.7810000000001,-6.226603903464992,-3.1476432938128127,-5.9293604,-2.926144535749543,-0.2214987580632699,-0.0430291760643728
2023-07-02,853.234,-0.7747715139501512,-3.0449688268381547,-5.844699,-2.9668717449677517,-0.0780970818704034,-0.0304304901431105
2023-07-03,857.48,3.471862925804177,-2.941392781748213,-5.7583575,-3.005848850475847,0.0644560687276341,-0.0178658097403173
2023-07-04,855.376,1.3684793181020716,-2.836921822371762,-5.6752577,-3.043077963751028,0.2061561413792656,-0.0053424274396484
2023-07-05,855.2824137931034,1.1254587394533333,-2.731562878236373,-5.602941,-3.078562419659804,0.3469995414234308,0.0071324470477802
2023-07-06,855.1888275862069,0.8964946229362587,-2.625323166513668,-5.537042,-3.112306757497553,0.4869835909838853,0.0195516925373204
2023-07-07,855.0952413793103,0.681108564592873,-2.5182102138295672,-5.4666286,-3.144316701039555,0.626106487209988,0.0319082818990593
2023-07-08,855.0016551724137,0.4792131805417048,-2.4102318779105376,-5.394846,-3.174599137630888,0.7643672597203506,0.0441952874553866
2023-07-09,854.9080689655173,0.2905150216033911,-2.3013963690370858,-5.3383484,-3.203162096343413,0.9017657273063272,0.0564058862429804
2023-07-10,854.8144827586207,0.1148612018374812,-2.191712271275867,-5.27212,-3.230014725228982,1.038302453953115,0.0685333651345163
2023-07-11,854.7208965517241,-0.0485679029363916,-2.081188563462215,-5.2140594,-3.255167267698747,1.1739787042365315,0.0805711258155912
2023-07-12,854.6273103448276,-0.1995728053386827,-1.9698346399048257,-5.144297,-3.2786310380593706,1.3087963981545447,0.0925126896125258
2023-07-13,854.533724137931,-0.3372640929863699,-1.8576603307850443,-5.080757,-3.3004183962375144,1.44275806545247,0.1043517021669087
2023-07-14,854.4401379310344,-0.4639768757366234,-1.7446759222231816,-5.0099373,-3.3205427217248977,1.5758667995017162,0.1160819379529399
2023-07-15,854.346551724138,-0.5800673757771122,-1.630892175984792,-4.943843,-3.339018386776712,1.7081262107919195,0.1276973046338216
2023-07-16,854.2529655172414,-0.684279378721663,-1.5163203488002153,-4.891765,-3.3558607288969537,1.8395403800967385,0.1391918472536535
2023-07-17,854.1593793103448,-0.7784455123623815,-1.4009722112710798,-4.855835,-3.371086022644809,1.970113811373729,0.1505597522614892
2023-07-18,854.0657931034483,-0.8624373953276949,-1.284860066337784,-4.8138146,-3.3847114507967344,2.09985138445895,0.1617953513644088
2023-07-19,853.9722068965517,-0.9367556848612386,-1.1679967672826168,-4.7663097,-3.396755074899493,2.228758307616876,0.1728931252066941
2023-07-20,853.8786206896552,-1.0024385684041652,-1.05039573524348,-4.7124434,-3.4072358052498406,2.3568400700063608,0.1838477068723774
2023-07-21,853.7850344827586,-1.0602675938694386,-0.9320709762137532,-4.6648407,-3.416173370336999,2.4841023941232456,0.1946538852086721
2023-07-22,853.6914482758621,-1.1100202508265262,-0.8130370975043585,-4.5991454,-3.423588285784517,2.610551188280158,0.2053066079679844
2023-07-23,853.5978620689656,-1.1528963100823368,-0.6933093236445873,-4.545185,-3.4295018228284047,2.7361924991838174,0.215800984766452
2023-07-24,853.504275862069,-1.1864940631931011,-0.572903511698886,-4.498564,-3.4339359763688218,2.861032464669936,0.2261322898571409
2023-07-25,853.4106896551724,-1.2116918269370105,-0.4518361659772467,-4.4664397,-3.4369134326328865,2.98507726665564,0.2362959647162807
2023-07-26,853.3171034482759,-1.2293496156952235,-0.330124452117661,-4.4307966,-3.4384575364863177,3.1083330843686565,0.2462876204411094
2023-07-27,853.2235172413793,-1.240016017690074,-0.2077862105195395,-4.379573,-3.438592258431965,3.230806047912425,0.2561030399581503
2023-07-28,853.1299310344828,-1.245213888819623,-0.0848399691076489,-4.313728,-3.437342161333324,3.352502192225675,0.2657381800409332
2023-07-29,853.0363448275863,-1.2460118408218834,0.0386950445929357,-4.2488422,-3.434732366901319,3.4734274114942547,0.2751891731364141
2023-07-30,852.9427586206897,-1.2428671652400505,0.1627988920902701,-4.196718,-3.4307885219826963,3.5935874140729664,0.2844523289995621
2023-07-31,852.8491724137931,-1.2354707821089903,0.2874509132852654,-4.1580324,-3.425536764688318,3.712987677973584,0.293524136135791
2023-08-01,852.7555862068966,-1.224414063446252,0.4126297165757542,-4.1218543,-3.4190036903998777,3.831633406975632,0.3024012630511454
2023-08-02,852.662,-1.209969530453427,0.5383131697214599,-4.0934553,-3.4112163176931234,3.949529487414584,0.3110805593103687
2023-08-03,856.761,2.904529445922307,0.6644783914862266,-4.076958,-3.402202054215999,4.066680445702226,0.3195590564031771
2023-08-04,855.244,1.4028312876932407,0.7911017440727917,-4.0675054,-3.3919886625596485,4.18309040663244,0.3278339684193093
2023-08-05,856.878,3.051935733282225,0.9181588263647522,-4.046807,-3.380604226160246,4.298763052524999,0.3359026925330995
2023-08-06,852.151,-1.6601574788874274,1.0456244679895184,-4.0249443,-3.3680771152693163,4.413701583258835,0.3437628092985653
2023-08-07,853.897,0.1017668867902639,1.1734727242153278,-4.003121,-3.354435953029947,4.527908677245275,0.3514120827561807
2023-08-08,864.539,10.759934035793524,1.3016768716944072,-3.9876854,-3.339709581696056,4.641386453390463,0.3588484603527347
2023-08-09,863.0179999999999,9.254907861252867,1.4302094050639196,-3.9708862,-3.3239270290314624,4.754136434095382,0.36607007267586
2023-08-10,859.404,5.656688349790809,1.5590420344148812,-3.9490294,-3.3071174749251715,4.8661595093400525,0.3730752330050262
2023-08-11,856.52,2.788275488029104,1.6881456836391566,-3.9243515,-3.2893102182588585,4.977455901898015,0.3798624366809897
2023-08-12,852.872,-0.8444722342642033,1.8174904896630568,-3.8850121,-3.270534644062112,5.088025133725169,0.3864303602958726
2023-08-13,855.318,1.6167472009480663,1.947045802575769,-3.854663,-3.250820190990404,5.1978659935661735,0.3927778607062497
2023-08-14,862.154,8.467773635304301,2.076780186659648,-3.8265886,-3.230196319160328,5.306976505819976,0.3989039738717976
2023-08-15,858.68,5.008607057666852,2.2066614223286627,-3.78149,-3.208692478376043,5.415353900704705,0.4048079135222416
2023-08-16,860.771,7.114247456898355,2.336656508980393,-3.7514336,-3.1863380767802263,5.522994585760619,0.4104890696555141
2023-08-17,852.5160000000001,-1.1263051781386206,2.466731668766059,-3.7324605,-3.1631624499622117,5.62989411872827,0.4159470068702152
2023-08-18,856.826,3.198368174910684,2.5968523512822257,-3.6983137,-3.1391948305553434,5.736047181837569,0.4211814625356253
2023-08-19,859.946,6.332838668140269,2.7269832391869846,-3.6712263,-3.1144643183548326,5.841447557541818,0.4261923448026922
2023-08-20,863.42,9.821106354056298,2.8570882547422327,-3.7773592,-3.0889998509866614,5.946088105728894,0.4309797304595658
2023-08-21,859.007,5.422171285165307,2.9871305672833426,-4.110516,-3.0628301751573432,6.049960742440685,0.4355438626354075
2023-08-22,859.4340000000001,5.863033513973676,3.11707260161594,-4.124043,-3.0359838185134578,6.153056420129397,0.4398851483563532
2023-08-23,856.251,2.693693092987652,3.246876047339215,-4.063551,-3.0084890621391933,6.255365109478408,0.4440041559576454
2023-08-24,859.5129999999999,5.969150074713824,3.376501869093906,-3.9904463,-2.9803739137190464,6.356875782812953,0.4479016123560888
2023-08-25,854.078,0.5474045116586561,3.5059103177323503,-3.9245296,-2.9516660813921884,6.457576399124539,0.4515784001871143
2023-08-26,860.214,6.697054599404095,3.63506094240717,-3.847633,-2.922392948323852,6.557453890731022,0.4550355548108606
2023-08-27,860.305,6.801513349242455,3.76391260357416,-3.7732275,-2.8925815480183195,6.656494151592479,0.4582742611917988
2023-08-28,857.64,4.1497809026441335,3.8924234869040624,-3.702391,-2.862258540397016,6.754682027301078,0.4612958506565443
2023-08-29,856.3929999999999,2.915857401079058,4.020551118097198,-3.6460001,-2.831450188664268,6.852001306761466,0.4641017975345965
2023-08-30,858.8679999999999,5.403742986017503,4.148252378593845,-3.6072547,-2.800182336982273,6.948434715576118,0.4666937156868607
2023-08-31,860.509,7.057437798929831,4.2754835221725385,-3.5841591,-2.768480388975715,7.0439639111482535,0.4690733549268798
2023-09-01,864.4399999999999,11.000941981285903,4.402200192427502,-3.7346845,-2.736369287085509,7.138569479513011,0.4712425973398149
2023-09-02,861.264,7.837255674556204,4.528357441115711,-3.945328,-2.7038734927899992,7.23223093390571,0.4732034535042732
2023-09-03,858.1220000000001,4.707379020210753,4.653909747363037,-4.0804915,-2.67101696771086,7.324926715073897,0.4749580586221651
2023-09-04,862.403,9.000312159719517,4.778811037718376,-4.0430145,-2.6378231556198366,7.416634193338213,0.4765086685618438
2023-09-05,857.464,4.073055234553105,4.903014707043455,-3.989754,-2.604314965361349,7.507329672404804,0.4778576558198248
2023-09-06,855.163,1.7836083861814114,5.026473640225654,-3.9220538,-2.570514754704787,7.596988394930441,0.4790075054064598
2023-09-07,862.0600000000001,8.691971756074793,5.149140234699963,-3.8403833,-2.5364443151392715,7.685584549839234,0.4799608106609604
2023-09-08,857.788,4.431145485703129,5.270966423765669,-3.7643151,-2.502124857622343,7.773091281388012,0.48072026900123
2023-09-09,861.2189999999999,7.873129716536898,5.391903700682415,-3.6990535,-2.467576999293004,7.859480699975419,0.4812886776139797
2023-09-10,860.148,6.812924590046352,5.511903143529797,-3.6520562,-2.4328207511582582,7.944723894688055,0.4816689290906357
2023-09-11,858.8489999999999,5.524530247701333,5.63091544081338,-3.6133707,-2.39787550676116,8.02879094757454,0.4818640070145701
2023-09-12,863.086,9.771946830972258,5.748890917799912,-3.5802321,-2.3627600318371043,8.111650949637017,0.4818769815051906
2023-09-13,862.842,9.53817448132925,5.865779563563323,-3.5405612,-2.327492454964026,8.193272018527349,0.4817110047244334
2023-09-14,860.125,6.831213340242541,5.981531058722536,-3.4963906,-2.292090259210782,8.273621317933317,0.4813693063512113
2023-09-15,862.7399999999999,9.456063549182131,6.096094803851511,-3.4608698,-2.256570274786938,8.352665078638449,0.4808551890293442
2023-09-16,858.52,5.245725249618418,6.209419948541152,-3.4192562,-2.220948672695911,8.430368621237063,0.4801720237945055
2023-09-17,866.0609999999999,12.796198583021456,6.321455421092047,-3.3833385,-2.1852409593921727,8.50669638048422,0.4793232454856792
2023-09-18,859.989,6.733483690861637,6.432149958816425,-3.349997,-2.149461972442089,8.581611931258514,0.4783123481466033
2023-09-19,855.629,2.382580714608845,6.541452138927125,-3.3070192,-2.1136258771867107,8.655078016113837,0.4771428804226427
2023-09-20,860.308,7.070489795733374,6.649310409990605,-3.275041,-2.0777461644036186,8.727056574394224,0.4758184409584948
2023-09-21,867.283,14.05421107570535,6.755673123920573,-3.283522,-2.0418356489638234,8.797508772884397,0.4743426738020731
2023-09-22,862.85,9.629744695995118,6.860488568488279,-3.277536,-2.005906469478416,8.866395037966695,0.472719263819875
2023-09-23,858.644,5.432090798072735,6.9637050003247145,-3.256684,-1.9699700889285665,8.933675089253281,0.4709519321290836
2023-09-24,859.004,5.800249523408438,7.065270678389857,-3.2353997,-1.9340372962712864,8.999307974661143,0.469044431551567
2023-09-25,865.596,12.400221013472231,7.165133897883104,-3.249729,-1.898118209012212,9.063252106895316,0.4670005420948888
2023-09-26,864.085,10.897005409734607,7.263243024568935,-3.2894907,-1.8622222767355072,9.125465301304445,0.464824066465365
2023-09-27,858.074,4.893602853665464,7.35954652949118,-3.2849095,-1.8263582855798797,9.185904815071058,0.4625188256181036
2023-09-28,865.545,12.372013486735185,7.453993024048875,-3.2664132,-1.7905343636485764,9.244527387697453,0.4600886543488974
2023-09-29,864.7479999999999,11.582237450413722,7.546531295406274,-3.2622924,-1.7547579873401722,9.301289282746447,0.457537396932732
2023-09-30,867.495,14.336274886171609,7.637110342209196,-3.474049,-1.719035988585784,9.35614633079498,0.4548689028135824
2023-10-01,866.37,13.218125935478742,7.725679410579373,-3.522531,-1.6833745629774102,9.409053973556784,0.4520870223500541
2023-10-02,868.774,15.628790739805371,7.812188030358373,-3.52274,-1.6477792787709686,9.45996730912934,0.4491956026213398
2023-10-03,865.487,12.348269440621545,7.896586051572098,-3.5333135,-1.61225508674662,9.50884113831872,0.4461984832978269
2023-10-04,864.742,11.609562179397717,7.978823681086621,-3.494558,-1.576806330907974,9.555630011994594,0.4430994925805849
2023-10-05,862.8130000000001,9.686669097604078,8.058851519425888,-3.4661777,-1.5414367600007872,9.600288279426676,0.439902443213842
2023-10-06,860.313,7.192590336710411,8.13662059772152,-3.4209146,-1.5061495398308122,9.642770137552333,0.4366111285744206
2023-10-07,872.152,19.037326038187203,8.212082414764616,-3.366818,-1.4709472663595928,9.683029681124207,0.4332293188419958
2023-10-08,867.9480000000001,14.838876343504689,8.285188974129529,-3.3128564,-1.4358319795560046,9.721020953685532,0.4297607572538753
2023-10-09,869.62,16.5162413941328,8.35589282133892,-3.3085892,-1.400805177980568,9.756697999319488,0.4262091564478942
2023-10-10,866.7589999999999,13.660421331541844,8.424147081039761,-3.3573759,-1.3658678340786703,9.790014915118432,0.4225781948968456
2023-10-11,873.1560000000001,20.062416297202283,8.489905494159379,-3.4477365,-1.3310204101580545,9.820925904317432,0.418871513437761
2023-10-12,869.8979999999999,16.8092264325836,8.553122455010842,-3.4554396,-1.2962628750251362,9.849385330035975,0.4150927118991548
2023-10-13,865.521,12.43685187915672,8.613753048316646,-3.4380026,-1.2615947212539544,9.8753477695706,0.411245345829267
2023-10-14,865.043,11.963292778391509,8.671753086119766,-3.406761,-1.2270149830608947,9.898768069180662,0.4073329233281085
2023-10-15,867.3290000000001,14.25354927175816,8.727079144550968,-3.3681817,-1.1925222547575842,9.919601399308553,0.403358901986024
2023-10-16,866.125,13.053621500726608,8.779688600421407,-3.3681822,-1.1581147097537696,9.937803310175177,0.3993266859312879
2023-10-17,868.797,15.729509606767463,8.82953966760939,-3.3449852,-1.1237901200813185,9.95332978769071,0.3952396229891137
2023-10-18,863.317,10.253213731350677,8.876591433210265,-3.3260167,-1.089545876409928,9.966137309620194,0.3911010019542741
2023-10-19,863.466,10.405734015946477,8.920803893418562,-3.293547,-1.0553790085246608,9.976182901943222,0.3869140499793954
2023-10-20,864.269,11.212070602024916,8.962137989111424,-3.244763,-1.0212862062347507,9.983424195346174,0.3826819300807897
2023-10-21,862.692,9.638223631056404,9.000555641102553,-3.2022796,-0.9872638406828458,9.9878194817854,0.3784077387635651
2023-10-22,864.159,11.108193244510996,9.03601978503611,-3.2704341,-0.9533079860232851,9.989327771059395,0.3740945037675443
2023-10-23,869.24,16.191979583858913,9.068494405889972,-3.3128524,-0.9194144414376912,9.987908847327663,0.3697451819353959
2023-10-24,867.182,14.136582790570184,9.097944572058092,-3.3109875,-0.8855787534557471,9.983523325513838,0.3653626572041803
2023-10-25,861.9019999999999,8.859003006115135,9.124336468981893,-3.4127288,-0.8517962385487984,9.976132707530692,0.360949738721374
2023-10-26,860.155,7.11424037196405,9.147637432300774,-3.431368,-0.8180620059635358,9.965699438264313,0.3565091590862455
2023-10-27,859.377,6.338295029586921,9.167815980492078,-3.3963902,-0.7843709807628537,9.952186961254933,0.352043572717313
2023-10-28,859.898,6.861167120453971,9.18484184697132,-3.3632631,-0.7507179270407771,9.935559774012097,0.3475555543464118
2023-10-29,860.346,7.310856786035424,9.19868601162345,-3.3352563,-0.7170974712781426,9.915783482901592,0.3430475976397789
2023-10-30,860.073,7.039364167801433,9.209320731736591,-3.2983458,-0.6835041258056518,9.892824857542244,0.3385221139463531
2023-10-31,864.077,11.04468940722223,9.2167195723098,-3.2518172,-0.6499323123408386,9.86665188465064,0.3339814311733569
2023-11-01,860.716,7.684832645767938,9.22085743570687,-3.2029102,-0.6163763855653936,9.837233821272264,0.3294277927890427
2023-11-02,863.306,10.275794024908656,9.221710590628629,-3.2166069,-0.582830656709374,9.804541247338005,0.3248633569523386
2023-11-03,859.6460000000001,6.616573686114774,9.21925670037644,-3.1897047,-0.5492894171088223,9.768546117485265,0.3202901957689564
2023-11-04,866.786,13.7571717708562,9.213474850380322,-3.2145636,-0.5157469617033777,9.7292218120837,0.3157102946733757
2023-11-05,864.9839999999999,11.955588420603371,9.204345574965206,-3.270532,-0.4821976124406871,9.686543187405894,0.3111255519359635
2023-11-06,866.267,13.238823776826411,9.191850883329726,-3.659807,-0.4486357415544414,9.640486624884169,0.3065377782943164
2023-11-07,861.924,8.895877980995369,9.175974284712114,-3.7428741,-0.4150557946831945,9.591030079395308,0.3019486967077891
2023-11-08,866.29,13.26175117458057,9.156700812718482,-3.7237966,-0.3814523137972913,9.538153126515772,0.2973599422340043
2023-11-09,864.135,11.106443499052183,9.134017048789303,-3.711871,-0.3478199599015304,9.481837008690832,0.2927730620259938
2023-11-10,865.3929999999999,12.363955095880131,9.10791114478031,-3.7083316,-0.3141535354815202,9.42206468026183,0.2881895154484901
2023-11-11,863.619,10.58928610653511,9.078372844634949,-3.7224104,-0.2804480066620239,9.35882085129697,0.2836106743117304
2023-11-12,861.588,8.55743667248682,9.045393505125698,-3.7098897,-0.2466985250459914,9.29209203017169,0.2790378232210206
2023-11-13,862.538,9.506406935205735,9.008966115642556,-3.7057316,-0.2129004492034254,9.221866564845982,0.2744721600401408
2023-11-14,861.572,8.539197036161752,8.969085317007524,-3.696806,-0.1790493657796817,9.148134682787203,0.2699147964665866
2023-11-15,864.256,11.221807116825314,8.92574741929443,-3.695182,-0.145141110193309,9.07088852948774,0.2653667587164747
2023-11-16,863.754,10.718237318666588,8.878950418634332,-3.7928731,-0.1111717868940812,8.990122205528413,0.2608289883168422
2023-11-17,861.3929999999999,8.355487783155525,8.828694012987366,-3.7834015,-0.0771377891524782,8.905831802139845,0.2563023430029459
2023-11-18,862.601,9.561558651762644,8.774979616862517,-4.123409,-0.0430358183524148,8.818015435214932,0.2517875977180527
2023-11-19,858.058,5.016450065957738,8.71781037496767,-4.3620186,-0.0088629027597597,8.726673277727429,0.2472854457130992
2023-11-20,858.99,5.9461621672113205,8.657191174772985,-4.3245764,0.0253835842602348,8.63180759051275,0.2427964997435055
2023-11-21,857.632,4.585695096993365,8.593128657971329,-4.307078,0.0597059066026812,8.533422751368647,0.2383212933603096
2023-11-22,857.85,4.801048996774264,8.525631230820453,-4.277972,0.0941059483853687,8.431525282435084,0.2338602822927074
2023-11-23,864.172,11.120224008023872,8.454709073352163,-4.27943,0.1285851975382525,8.326123875813911,0.2294138459189892
2023-11-24,865.128,12.07322027221269,8.380374147434777,-4.2443023,0.1631447300439206,8.217229417390856,0.2249822888227673
2023-11-25,865.093,12.035037930810672,8.30264020367576,-4.2041416,0.1977851948519783,8.104855008823781,0.220565842431322
2023-11-26,862.833,9.771677125288182,8.221522787152434,-4.164144,0.2325067994895313,7.989015987662903,0.2161646667328054
2023-11-27,862.444,9.379137997115183,8.137039241959421,-4.126677,0.2673092963889099,7.869729945570511,0.2117788520689759
2023-11-28,861.282,8.21342068776219,8.049208714562322,-4.0928674,0.3021919699530053,7.747016744609317,0.207408421000066
2023-11-29,865.592,12.519525338699044,7.958052155948011,-4.0703125,0.3371536243775912,7.62089853157042,0.2030533302383367
2023-11-30,863.6709999999999,10.59445209139607,7.8635923225629,-4.089736,0.372192572249021,7.491399750313879,0.198713472646786
2023-12-01,859.514,6.433107069195335,7.765853776031164,-4.1685123,0.4073066239347521,7.358547152096412,0.1943886792994723
2023-12-02,867.46,14.374587028881052,7.664862881646195,-4.281027,0.4424930777831514,7.222369803863043,0.1900787215998213
2023-12-03,863.4549999999999,10.364892097613634,7.560647805628981,-4.5211153,0.4777487111479582,7.082899094481022,0.1857833134532797
2023-12-04,859.7900000000001,6.695022402554092,7.453238511148553,-4.526366,0.5130697722517743,6.940168738896778,0.1815021134906306
2023-12-05,863.287,10.186978070862594,7.342666753100024,-4.5528326,0.548451972901914,6.79421478019811,0.1772347273382417
2023-12-06,862.939,9.833759229699805,7.22896607163713,-4.6730227,0.5838904820708134,6.645075589566316,0.1729807099315223
2023-12-07,863.544,10.433366006226684,7.1121717844567245,-4.9099836,0.6193799203521573,6.492791864104567,0.1687395678678256
2023-12-08,867.9259999999999,14.809798527603585,6.992320977834056,-4.9081993,0.6549143553027331,6.337406622531323,0.1645107617950184
2023-12-09,862.4730000000001,9.351056920991375,6.869452496408057,-4.9008474,0.6904872976789318,6.178965198729125,0.1602937088319441
2023-12-10,858.88,5.752141313550157,6.743606931717358,-4.9279222,0.726091698575686,6.017515233141673,0.1560877850169885
2023-12-11,861.801,8.66705183244111,6.614826609488238,-4.9091234,0.7617199474744605,5.8531066620137775,0.1518923277809721
2023-12-12,865.348,12.207788604824485,6.483155575677063,-4.8880525,0.7973638712058254,5.685791704471237,0.1477066384405874
2023-12-13,866.381,13.234351757861123,6.348639581270357,-4.8716416,0.8330147338308801,5.515624847439477,0.1435299847086231
2023-12-14,867.4079999999999,14.254741418711356,6.211326065846902,-4.8529143,0.8686632374447752,5.342662828402126,0.1393616032172285
2023-12-15,860.235,7.074957714536286,6.071264139907028,-4.822081,0.9042995239042538,5.166964616002774,0.1352007020504947
2023-12-16,860.1023208955224,6.689547676904555,5.928504565975316,-4.786124,0.939913177480122,4.988591388495194,0.1310464632826549
2023-12-17,859.9696417910448,6.308976351030131,5.783099738483756,-4.7791495,0.9754932284342284,4.807606510049528,0.1268980455182461
2023-12-18,859.8369626865672,5.9336025416411,5.635103662443645,-5.007697,1.0110281575194888,4.624075504924156,0.1227545864306063
2023-12-19,859.7042835820896,5.563246123249983,5.484571930914995,-5.5270925,1.0465059014002394,4.438066029514755,0.1186152052951137
2023-12-20,859.5716044776119,5.197424392464056,5.331561701283665,-5.6860538,1.081913858989051,4.249647842294614,0.1144790055136489
2023-12-21,859.4389253731343,4.836649430701018,5.176131670357028,-5.6700344,1.1172388986949853,4.058892771662043,0.1103450771267778
2023-12-22,859.3062462686568,4.4804784224574,5.01834204829006,-5.6742053,1.15246736657709,3.8658746817129694,0.1062124993102351
2023-12-23,859.1735671641791,4.128653115645034,4.858254531354677,-5.673548,1.187585095395769,3.670669435958908,0.1020803428523359
2023-12-24,859.0408880597015,3.78184668857998,4.69593227356603,-5.674428,1.222577414553545,3.473354859012485,0.0979476726090113
2023-12-25,858.9082089552239,3.44002021743679,4.531439857180399,-5.6815853,1.2574291609155306,3.2740106962648685,0.0938135499332299
2023-12-26,858.7755298507462,3.1031347783900287,4.364843262080276,-5.683016,1.292124690498885,3.072718571581391,0.0896770350756442
2023-12-27,858.6428507462687,2.7711514476139136,4.196209834063095,-5.7679815,1.3266478910192965,2.869561943043798,0.0855371895533671
2023-12-28,858.5101716417911,2.4440313012833474,4.025608252051025,-5.834881,1.3609821952815266,2.6646260567694977,0.0813930784838843
2023-12-29,858.3774925373134,2.1217354155724344,3.8531084942399536,-5.8614,1.3951105953999197,2.457997898840034,0.0772437728811598
2023-12-30,858.2448134328358,1.8034648563518152,3.678781803207011,-6.1055045,1.429015657833646,2.249766145373365,0.0730883519111185
2023-12-31,858.1121343283583,1.4899617048596392,3.502700649996444,-6.064513,1.4626795392205256,2.040021110775918,0.0689259051037448
