date,gps_raw_up_mm,gps_detrended_mm,gps_seasonal_mm,hydl_original_up_mm,hydl_seasonal_mm,gps_minus_hydl_mm,poroelastic_mm
2021-01-01,886.3870000000001,-0.472217950669958,1.5551609927366326,-2.2512178,0.9397936671061512,0.6153673256304812,0.1984130206463959
2021-01-02,883.9639999999999,-2.909746316562868,1.4340891431051217,-2.4127848,1.014161253479175,0.4199278896259466,0.1885912403716265
2021-01-03,886.141,-0.7471990208101376,1.3121738688636797,-2.6939156,1.08810887142275,0.2240649974409294,0.1787011113957238
2021-01-04,888.8000000000001,1.8973427213910372,1.1894640843647877,-3.1280706,1.161607231681017,0.0278568526837703,0.1687465174768871
2021-01-05,891.033,4.115779871657753,1.066009403811371,-3.1212265,1.2346273219987098,-0.1686179181873388,0.1587313689001461
2021-01-06,886.942,0.0100666857165077,0.9418601112737608,-3.3546026,1.307140422228816,-0.365280310955055,0.1486596003761527
2021-01-07,883.1719999999999,-3.774853648914135,0.8170671300225637,-3.3318,1.3791181191537731,-0.5620509891312094,0.1385351689284868
2021-01-08,886.2560000000001,-0.7051393778138919,0.6916819912059706,-3.5016797,1.4505323210094438,-0.7588503298034732,0.1283620517711288
2021-01-09,885.9749999999999,-1.000431812115113,0.565756801900456,-3.4148085,1.5213552717014995,-0.9555984698010436,0.1181442441777352
2021-01-10,886.351,-0.6390171199053443,0.4393442125648476,-3.4393122,1.591559564704145,-1.1522153521392973,0.1078857573443722
2021-01-11,886.6859999999999,-0.3186116153499663,0.3124973839280693,-3.3885481,1.6611181566315525,-1.3486207727034831,0.0975906162473546
2021-01-12,887.051,0.0312037410350918,0.1852699533416448,-3.7862527,1.7300043804727248,-1.54473442713108,0.0872628574978418
2021-01-13,886.428,-0.6070966811817069,0.0577160006285668,-4.0737925,1.7981919584809505,-1.7404759578523836,0.0769065271948308
2021-01-14,880.604,-6.446458230414008,-0.070109986539378,-3.9574816,1.865655014709332,-1.9357650012487104,0.0665256787782001
2021-01-15,881.832,-5.233796874514493,-0.1981531477032865,-3.8889391,1.9323680871844104,-2.1305212348876967,0.0561243708834311
2021-01-16,885.891,-1.190054250685583,-0.326358285084543,-3.7821565,1.998306139710171,-2.324664424794713,0.0457066651996452
2021-01-17,882.17,-4.926417237076159,-0.4546698994247738,-3.687991,2.063444573295287,-2.5181144727200606,0.0352766243325767
2021-01-18,882.141,-4.970789874821306,-0.5830322261642626,-3.5840614,2.1277592371967966,-2.7107914633610597,0.0248383096740887
2021-01-19,879.0550000000001,-8.072169623850712,-0.7113892719247484,-3.503556,2.191226439573862,-2.90261571149861,0.0143957792798377
2021-01-20,884.428,-2.714553944094421,-0.8396848512621149,-3.4085839,2.253822957745734,-3.093507809007849,0.0039530857566691
2021-01-21,883.4300000000001,-3.727844281839163,-0.9678626236542082,-3.3296194,2.3155260480484485,-3.2833886717026566,-0.0064857258386817
2021-01-22,889.254,2.081452099637126,-1.0958661306888184,-3.2886212,2.376313455285277,-3.472179585974096,-0.0169166200880333
2021-01-23,890.667,3.4794168716377274,-1.2236388334167108,-3.230331,2.4361634217663286,-3.659802255183039,-0.0273355732858036
2021-01-24,884.214,-2.98924963368546,-1.3511241498343622,-3.2915123,2.4950546959332587,-3.846178845767621,-0.0377385754971457
2021-01-25,891.221,4.002106770439617,-1.4782654924611205,-3.333655,2.5529665405654174,-4.031232033026537,-0.0481216325986713
2021-01-26,891.034,3.799299000778377,-1.605006305975203,-3.355094,2.6098787405642594,-4.214885046539463,-0.0584807683002935
2021-01-27,889.0740000000001,1.8234620018850831,-1.7312901048732028,-3.8696856,2.6657716103132767,-4.39706171518648,-0.0688120261467339
2021-01-28,883.755,-3.5114587159450537,-1.8570605111175784,-4.154627,2.720626000611224,-4.577686511728802,-0.0791114714972719
2021-01-29,885.893,-1.3893504286133929,-1.9822612917367264,-4.166432,2.7744233051768044,-4.756684596913531,-0.0893751934823332
2021-01-30,884.184,-3.114244904175467,-2.106836396342425,-4.1778607,2.8271454667234885,-4.933981863065913,-0.0995993069355493
2021-01-31,878.797,-8.517106435274332,-2.230729994529435,-4.3872337,2.87877498260358,-5.109504977133015,-0.1097799542999454
2021-02-01,882.6899999999999,-4.639932592617771,-2.3538865131222337,-4.6133814,2.929294910021057,-5.28318142314329,-0.1199133075069406
2021-02-02,883.301,-4.044720946912983,-2.4762506732342824,-4.8389053,2.978688870813287,-5.454939544047569,-0.1299955698268837
2021-02-03,876.555,-10.80646906886788,-2.5977675271051246,-5.053564,3.026941055802041,-5.624708582907166,-0.1400229776898739
2021-02-04,883.207,-4.170174529189653,-2.718382494681254,-4.957409,3.0740362287146987,-5.7924187233959525,-0.1499918024756503
2021-02-05,878.798,-8.594834898586003,-2.83804139990676,-4.8841743,3.119959729677085,-5.958001129583845,-0.1598983522713719
2021-02-06,881.534,-5.874447747764325,-2.956690506690318,-4.791872,3.164697478279681,-6.121387984969999,-0.1697389735961424
2021-02-07,882.744,-4.680010647432311,-3.074276554515323,-4.6980453,3.208235976219471,-6.2825125307347935,-0.1795100530911733
2021-02-08,882.83,-4.609521168297441,-3.190746793660554,-4.586559,3.25056230952008,-6.441309103180634,-0.1892080191745076
2021-02-09,883.525,-3.9299768810672937,-3.3060490199991497,-4.466507,3.2916641503332897,-6.597713170332439,-0.1988293436592857
2021-02-10,880.255,-7.215375356449242,-3.420131609344168,-4.3578906,3.331529758325455,-6.751661367669623,-0.2083705433345469
2021-02-11,883.008,-4.477714165150868,-3.532943551309648,-4.4807544,3.3701479816526985,-6.903091532962346,-0.217828181507622
2021-02-12,889.477,1.976009122120172,-3.644434482656517,-4.5583506,3.4075082575292184,-7.051942740185735,-0.2271988695072033
2021-02-13,886.612,-0.9044332244692884,-3.7545547200934646,-5.0072875,3.443600612393418,-7.198155332486883,-0.2364792681462224
2021-02-14,883.58,-3.952216532387948,-3.863255292503408,-5.073236,3.47841566167694,-7.341670954180348,-0.2456660891437057
2021-02-15,885.461,-2.08694542630414,-3.9704879725669207,-5.297335,3.511944609182064,-7.482432581748984,-0.2547560965048263
2021-02-16,882.486,-5.0782637745575565,-4.076205307754631,-5.2830544,3.544179246073297,-7.620384553827928,-0.2637461078584086
2021-02-17,883.756,-3.824540598255824,-4.180360650661514,-5.1840873,3.5751119494894152,-7.755472600150929,-0.2726329957511871
2021-02-18,879.093,-8.503773657877197,-4.282908188656449,-5.251636,3.6047356807823694,-7.887643869438818,-0.2814136888981689
2021-02-19,887.0440000000001,-0.5689607138997985,-4.383802972821489,-5.419841,3.6330439833900514,-8.016846956211541,-0.2900851733884892
2021-02-20,877.336,-10.293155064548642,-4.483000946155948,-5.512323,3.660030980350044,-8.14303192650599,-0.2986444938461995
2021-02-21,873.528,-14.11725854556562,-4.580458971021325,-5.47112,3.685691371461896,-8.266150342483222,-0.3070887545454637
2021-02-22,876.8430000000001,-10.818311979173696,-4.676134855803868,-5.418939,3.710020430105752,-8.38615528590962,-0.3154151204797008
2021-02-23,877.107,-10.570313127699135,-4.769987380772584,-5.336238,3.733013999725409,-8.503001380497993,-0.3236208183842372
2021-02-24,874.471,-13.222259753467718,-4.86197632311125,-5.229587,3.754668489984239,-8.616644813095489,-0.3317031377120973
2021-02-25,885.378,-2.331149618805626,-4.952062481104116,-5.1669755,3.7749808726025793,-8.727043353706696,-0.3396594315625912
2021-02-26,880.01,-7.714980486039028,-5.040207697455695,-5.159234,3.793948676885516,-8.83415637434121,-0.3474871175624163
2021-02-27,889.119,1.3782498825061933,-5.126374881726241,-5.0940385,3.811569984950245,-8.937944866676485,-0.3551836786990318
2021-02-28,883.6850000000001,-4.071580281862456,-5.21052803186536,-5.0110393,3.8278434266623274,-9.038371458527688,-0.3627466641061028
2021-03-01,883.625,-4.1473458090074935,-5.29263225482719,-4.9052997,3.842768174290466,-9.135400429117656,-0.3701736898008806
2021-03-02,884.1170000000001,-3.6710444797907926,-5.372653786251731,-4.794157,3.8563439368895738,-9.228997723141305,-0.3774624393733932
2021-03-03,884.352,-3.451674075074753,-5.45056000919778,-4.6859174,3.868570954422143,-9.319130963619925,-0.3846106646274104
2021-03-04,887.5229999999999,-0.296232375721257,-5.526319471914034,-4.583622,3.879449991627999,-9.405769463542033,-0.3916161861731556
2021-03-05,876.544,-11.290730158624282,-5.599901904636094,-4.689497,3.88898233165282,-9.488884236288914,-0.3984768939718048
2021-03-06,878.634,-9.216152561767156,-5.67127823539789,-4.9078074,3.89716976944581,-9.5684480048437,-0.4051907478318461
2021-03-07,879.0120000000001,-8.85349736793646,-5.740420604847461,-4.862299,3.904014604937135,-9.644435209784596,-0.4117557778574228
2021-03-08,876.54,-11.340762359918973,-5.807302380057765,-4.798188,3.9095196360058138,-9.716822016063578,-0.4181700848488269
2021-03-09,881.663,-6.232903424333493,-5.871898167324559,-4.820437,3.913688151248834,-9.785586318573392,-0.4244318406553498
2021-03-10,882.927,-4.983961397487084,-5.934183823944325,-4.8453636,3.916523922562391,-9.850707746506716,-0.4305392884807419
2021-03-11,882.615,-5.310918272746153,-5.994136468966352,-4.778152,3.9180311975462088,-9.91216766651256,-0.4364907431415778
2021-03-12,875.363,-12.577788045559831,-6.051734492914109,-4.684084,3.918214691741869,-9.96994918465598,-0.4422845912788586
2021-03-13,879.048,-8.907568489936361,-6.106957566472417,-4.609958,3.9170795807163215,-10.02403714718874,-0.4479192915232316
2021-03-14,885.3870000000001,-2.5832573798832725,-6.159786648137519,-4.722675,3.914631492001519,-10.074418140139038,-0.4533933746142411
2021-03-15,882.83,-5.154852489408595,-6.210203990828788,-4.8587656,3.910876496901321,-10.121080487730108,-0.4587054434740676
2021-03-16,885.139,-2.86017643172776,-6.258193147461523,-4.775189,3.905821102176736,-10.16401424963826,-0.4638541732362521
2021-03-17,884.949,-3.06440698033692,-6.303738975481575,-4.690817,3.899472241620542,-10.203211217102115,-0.4688383112299338
2021-03-18,885.544,-2.4835418825843423,-6.346827640363453,-4.7613983,3.891837267532329,-10.238664907895782,-0.4736566769201734
2021-03-19,881.8979999999999,-6.143853432082317,-6.387446618074877,-4.81706,3.882923942104918,-10.270370560179796,-0.4783081618049684
2021-03-20,877.436,-10.620017284458804,-6.425584696511537,-4.800258,3.872740428733098,-10.298325125244636,-0.4827917292695987
2021-03-21,874.7629999999999,-13.307087753173402,-6.461231975907024,-4.713957,3.8612952832555063,-10.32252725916253,-0.4871064143989752
2021-03-22,882.4680000000001,-5.616062617858717,-6.49437986822407,-4.7407603,3.848597445140388,-10.342977313364456,-0.4912513237487073
2021-03-23,883.0400000000001,-5.057939658148291,-6.525021095533892,-4.6842413,3.834656228625913,-10.359677324159804,-0.4952256350756179
2021-03-24,881.669,-6.442716653675189,-6.553149687391864,-4.6503625,3.819481313825554,-10.372631001217416,-0.4990285970284834
2021-03-25,887.851,-0.2741168378085858,-6.578760977218515,-4.653612,3.803082737808941,-10.381843715027456,-0.502659528799799
2021-03-26,883.7909999999999,-4.347679622212958,-6.601851597695897,-4.5738564,3.78547088566842,-10.387322483364317,-0.5061178197393925
2021-03-27,879.078,-9.074135660097165,-6.622419475190339,-4.4837475,3.7666564815814554,-10.389075956771794,-0.509402928930751
2021-03-28,879.137,-9.02749243257712,-6.640463823213572,-4.423222,3.746650579878761,-10.387114403092331,-0.5125143847309359
2021-03-29,886.28,-1.8966870885437717,-6.6559851349351575,-4.3567996,3.7254645561279487,-10.381449691063109,-0.5154517842749994
2021-03-30,876.112,-12.076817868167817,-6.668985174760064,-4.255191,3.7031100982422096,-10.372095273002271,-0.5182147929458305
2021-03-31,881.05,-7.150527810077252,-6.67946696898608,-4.155534,3.679599197623399,-10.35906616660948,-0.5208031438103873
2021-04-01,881.1999999999999,-7.012158750551774,-6.687434795556743,-4.0519056,3.654944140348672,-10.342378935905415,-0.5232166370232906
2021-04-02,879.1940000000001,-9.029708258590246,-6.692894172926184,-3.9439268,3.629157498409527,-10.32205167133571,-0.5254551391987724
2021-04-03,880.852,-7.382836007946661,-6.695851848053263,-3.8510008,3.6022521210119587,-10.29810396906522,-0.5275185827519978
2021-04-04,880.981,-7.264651456268618,-6.696315783543039,-3.7541611,3.5742411259461417,-10.27055690948918,-0.5294069652107876
2021-04-05,886.9050000000001,-1.3513200626352062,-6.694295143954508,-3.66279,3.545137891033778,-10.239433034988286,-0.5311203484987955
2021-04-06,883.26,-5.006915250581449,-6.689800281294216,-3.5742664,3.5149560456610245,-10.20475632695524,-0.5326588581911933
2021-04-07,884.818,-3.459414327507873,-6.6828427197160885,-3.523211,3.483709462404574,-10.166552182120665,-0.5340226827439543
2021-04-08,884.126,-4.16183437911305,-6.673435139448703,-3.4824042,3.4514122487582832,-10.124847388206986,-0.5352120726978079
2021-04-09,881.784,-6.514172872915935,-6.661591359971518,-3.4236028,3.4180787389673077,-10.079670098938823,-0.5362273398579757
2021-04-10,884.626,-3.682427276435556,-6.647326322462618,-3.3735712,3.38372348597653,-10.031049808439148,-0.5370688564507937
2021-04-11,884.0010000000001,-4.317528362144385,-6.630656071540903,-3.288721,3.3483612534996667,-9.97901732504057,-0.5377370542583367
2021-04-12,885.735,-2.593542135012653,-6.611597736326324,-3.2098305,3.312007008215186,-9.92360474454151,-0.5382324237321677
2021-04-13,885.426,-2.9123521811701205,-6.590169510842281,-3.1409485,3.2746759120948097,-9.86484542293709,-0.5385555130873433
2021-04-14,883.3,-5.048074079739383,-6.5663906337848434,-3.0783224,3.236383314870044,-9.802773948654888,-0.5387069273778053
2021-04-15,883.755,-4.602705270674251,-6.54028136768396,-3.00512,3.197144746641876,-9.737426114325835,-0.5386873275542926
2021-04-16,889.36,0.9927568060713958,-6.511862977482155,-2.9202745,3.1569759106384034,-9.668838888120558,-0.5384974295059166
2021-04-17,883.525,-4.851784377634921,-6.481157708556943,-2.818696,3.115892676124853,-9.597050384681795,-0.5381380030865245
2021-04-18,884.8810000000001,-3.5052298661817844,-6.44818876421312,-2.7221365,3.073911071470071,-9.522099835683193,-0.5376098711269948
2021-04-19,889.377,0.98142288580294,-6.412980282671825,-2.6333983,3.0310472773732,-9.444027560045024,-0.5369139084345986
2021-04-20,887.0780000000001,-1.3268340021627587,-6.375557313583541,-2.5676668,2.9873176202539904,-9.362874933837531,-0.5360510407805428
2021-04-21,886.116,-2.297987842163112,-6.3359457940922335,-2.4813154,2.94273856580972,-9.278684359901952,-0.5350222438768334
2021-04-22,891.32,2.8967566362482424,-6.294172524478372,-2.407615,2.8973267127414046,-9.191499237219777,-0.5338285423435607
2021-04-23,886.707,-1.7258591773955183,-6.250265143408695,-2.3296766,2.851098786651655,-9.10136393006035,-0.5324710086677306
2021-04-24,891.755,3.3126136728018225,-6.20425210282071,-2.393286,2.8040716341160707,-9.00832373693678,-0.5309507621547236
2021-04-25,890.552,2.099902391816483,-6.156162642470121,-2.568171,2.756262216929821,-8.912424859399941,-0.529268967873487
2021-04-26,891.2769999999999,2.8149521756701037,-6.1060267641695205,-2.5619116,2.7076876065305986,-8.813714370700119,-0.5274268355965291
2021-04-27,887.7909999999999,-0.6812366777086529,-6.053875205746732,-2.4806743,2.658364978598859,-8.71224018434559,-0.525425618735779
2021-04-28,885.3330000000001,-3.149329600566228,-5.999739414751221,-2.401403,2.608311607835836,-8.608051022587057,-0.5232666132753738
2021-04-29,877.181,-11.311316838168356,-5.943651521936996,-2.323776,2.5575448629194817,-8.501196384856478,-0.5209511567023957
2021-04-30,873.527,-14.97519609315946,-5.885644314550546,-2.252751,2.5060822016381974,-8.391726516188744,-0.5184806269365921
2021-05-01,894.632,6.1200349318156615,-5.82575120945203,-2.2539244,2.4539411662017097,-8.27969237565374,-0.5158564412600727
2021-05-02,890.495,1.9729905558600689,-5.764006226098134,-2.1810668,2.4011393787282684,-8.165145604826403,-0.513080055247978
2021-05-03,886.3870000000001,-2.1463345195093027,-5.700443959414698,-2.0976539,2.3476945369069204,-8.048138496321618,-0.5101529617010752
2021-05-04,888.83,0.285349269085446,-5.63509955258714,-2.013338,2.29362440983326,-7.928723962420399,-0.5070766895812372
2021-05-05,881.8979999999999,-6.657910987183223,-5.568008669796516,-1.9014521,2.2389468340167227,-7.8069555038132386,-0.5038528029507272
2021-05-06,884.1099999999999,-4.457010442770148,-5.499207468928796,-1.8068167,2.183679709557234,-7.68288717848603,-0.5004828999161869
2021-05-07,894.513,5.935052888607972,-5.428732574284694,-1.7385507,2.127840996488594,-7.556573570773287,-0.4969686115782176
2021-05-08,888.7969999999999,0.2082093017662165,-5.356621049317207,-1.6726798,2.0714487112857207,-7.428069760602927,-0.4933116009874079
2021-05-09,882.9449999999999,-5.654500552462965,-5.282910369423496,-1.6114918,2.0145209235325767,-7.297431292956072,-0.4895135621076369
2021-05-10,888.1569999999999,-0.4530415320700278,-5.207638394817611,-1.5327176,1.957075752747236,-7.164714147564847,-0.4855762187874687
2021-05-11,887.1360000000001,-1.4849485127851016,-5.130843343510079,-1.4480145,1.8991313653603368,-7.029974708870416,-0.4815013237404091
2021-05-12,883.438,-5.193697266304628,-5.052563764419966,-1.3558522,1.8407059718427936,-6.893269736262759,-0.4772906575347937
2021-05-13,883.776,-4.8662859017363385,-4.972838510644621,-1.2558945,1.781817823978404,-6.754656334623025,-0.4729460275940197
2021-05-14,892.351,3.698287471811753,-4.891706712911885,-1.168927,1.7224852122767458,-6.614191925188631,-0.4684692672078362
2021-05-15,878.371,-10.292251795275304,-4.809207753238957,-1.0942924,1.6627264635214207,-6.471934216760378,-0.4638622345553532
2021-05-16,881.321,-7.352623187786283,-4.725381238821749,-1.0231185,1.6025599384484963,-6.327941177270246,-0.4591268117404206
2021-05-17,894.792,6.10817514349821,-4.640266976177824,-0.9606868,1.542004029549772,-6.182271005727595,-0.4542649038399847
2021-05-18,894.436,5.741886568346832,-4.553904945565684,-0.93292296,1.4810771589952063,-6.03498210456089,-0.4492784379660099
2021-05-19,892.2719999999999,3.5674749707441844,-4.46633527570238,-0.8972154,1.4197977766686871,-5.886133052371068,-0.4441693623415188
2021-05-20,884.211,-4.504025049268198,-4.377598218800916,-0.92087215,1.358184358311043,-5.735782577111959,-0.4389396453912685
2021-05-21,887.0360000000001,-1.6893530849709468,-4.287734125948284,-0.91945934,1.296255403764066,-5.58398952971235,-0.4335912748475632
2021-05-22,885.777,-2.958744177652329,-4.196783422844306,-0.87953424,1.2340294353090842,-5.430812858153391,-0.4281262568716577
2021-05-23,884.849,-3.896966261221194,-4.104786585920673,-0.8326025,1.1715249960934386,-5.276311582014111,-0.4225466151911832
2021-05-24,887.454,-1.302017641345866,-4.011784118859171,-0.80783135,1.1087606486381203,-5.120544767497291,-0.4168543902539935
2021-05-25,883.445,-5.321016768565358,-3.917816529526993,-0.79312253,1.0457549734195573,-4.96357150294655,-0.4110516383987969
2021-05-26,881.743,-7.032845068483351,-3.822924307346622,-0.70587564,0.9825265675185404,-4.805450874865162,-0.4051404310429104
2021-05-27,883.752,-5.033380719688809,-3.727147901116891,-0.6763008,0.9190940433290338,-4.646241944445925,-0.3991228538874324
2021-05-28,883.174,-5.620738925706398,-3.6305276973009937,-0.6165995,0.8554760273195575,-4.486003724620551,-0.3930010061401127
2021-05-29,891.196,2.3920820077955725,-3.533103998796714,-0.5343599,0.7916911588397587,-4.324795157636473,-0.3867769997561522
2021-05-30,889.025,0.2119636302776704,-3.43491700420296,-0.4526501,0.7277580889645687,-4.162675093167529,-0.3804529586971398
2021-05-31,889.01,0.188023500507084,-3.3360067875963444,-0.3689911,0.663695479368496,-3.999702266964841,-0.3740310182083041
2021-06-01,881.356,-7.474779997454236,-3.236413278830285,-0.2851514,0.5995220012223134,-3.835935280052598,-0.3675133241142214
2021-06-02,883.739,-5.100402109982545,-3.136176244368713,-0.21622142,0.5352563341044781,-3.671432578473192,-0.3609020321330912
2021-06-03,899.479,10.631158832754274,-3.0353352686653183,-0.13599126,0.4709171649195965,-3.506252433584915,-0.3541993072096606
2021-06-04,892.411,3.554828319474049,-2.9339297360985617,-0.058975942,0.4065231868161441,-3.340452922914705,-0.3474073228668516
2021-06-05,899.2130000000001,10.348434259181932,-2.83199881347197,-0.0089412825,0.3420930980957557,-3.174091911567725,-0.3405282605761026
2021-06-06,882.4269999999999,-6.44576932978462,-2.7295814330880663,0.035630774,0.277645601106293,-3.007227034194359,-0.3335643091464202
2021-06-07,888.693,-0.1877808269737446,-2.626716276403796,0.07200028,0.2131994011110416,-2.839915677514837,-0.3265176641320992
2021-06-08,884.402,-4.486598611934395,-2.523441758274162,0.12210429,0.1487732051262955,-2.672214963400457,-0.3193905272590389
2021-06-09,888.7629999999999,-0.133221064215423,-2.4197960117901767,0.1569728,0.0843857207197715,-2.504181732509948,-0.3121851058695574
2021-06-10,886.712,-2.19171618372002,-2.31581687371616,0.16456924,0.0200556547622578,-2.3358725284784176,-0.3049036123855788
2021-06-11,893.836,4.924795260938366,-2.211541870530758,0.09919749,-0.0441982878749741,-2.167343582655784,-0.2975482637900341
2021-06-12,887.068,-1.8506473498980367,-2.1070082050750107,0.05761985,-0.108357405684381,-1.9986507993906295,-0.2901212811262975
2021-06-13,883.955,-4.970835270914364,-2.002252743810188,0.06332394,-0.1724030019552667,-1.8298497418549209,-0.2826248890154463
2021-06-14,888.8439999999999,-0.0887602745591444,-1.8973120046870104,0.05881261,-0.2363163862829636,-1.6609956184040466,-0.2750613151911071
2021-06-15,887.1289999999999,-1.8105041382864484,-1.792222145627198,0.12372643,-0.3000788761611212,-1.4921432694660768,-0.2674327900516329
2021-06-16,891.478,2.532229775320052,-1.6870189536174551,0.21813276,-0.3636717986639779,-1.3233471549534772,-0.2597415462293211
2021-06-17,890.722,1.7701453297875034,-1.581737834415061,0.31997186,-0.4270764922253559,-1.1546613421897052,-0.2519898181763626
2021-06-18,894.026,5.068210985763635,-1.4764138028635418,0.41531864,-0.4902743085209158,-0.986139494342626,-0.2441798417671913
2021-06-19,890.922,1.9580510399999345,-1.3710814738160095,0.49546173,-0.5532466144600853,-0.8178348593559243,-0.2363138539168794
2021-06-20,892.944,3.973596372662688,-1.2657750536630064,0.56685036,-0.615974794293785,-0.6498002593692214,-0.228394092215198
2021-06-21,887.5509999999999,-1.425675889469049,-1.1605283324608628,0.6370269,-0.6784402518439876,-0.4820880806168752,-0.2204227945759457
2021-06-22,895.398,6.415199445554196,-1.055374676655828,0.70186967,-0.7406244128608137,-0.3147502637950143,-0.2124021989011309
2021-06-23,896.779,7.789926093263917,-0.9503470223985092,0.7756505,-0.8025087275127285,-0.1478382948857808,-0.2043345427595675
2021-06-24,892.7890000000001,3.7933533617776702,-0.8454778694422649,0.83335274,-0.8640746730150759,0.018596803572811,-0.1962220630794275
2021-06-25,893.612,4.609979420808698,-0.7407992756187236,0.89196754,-0.92530375640204,0.1845044807833163,-0.1880669958542822
2021-06-26,890.9970000000001,1.9883905574437937,-0.6363428518825734,0.95154816,-0.9861775174467536,0.3498346655641801,-0.1798715758621377
2021-06-27,893.004,3.988367351911922,-0.5321397579173236,1.0172791,-1.046677531734081,0.5145377738167575,-0.1716380363969658
2021-06-28,887.2679999999999,-1.7545090142011417,-0.4282206982929262,1.0894927,-1.106785413890267,0.6785647155973409,-0.1633686090122051
2021-06-29,889.5809999999999,0.551803300595882,-0.3246159191655446,1.157701,-1.1664828209734064,0.8418669018078617,-0.1550655232757058
2021-06-30,895.6220000000001,6.586318293421771,-0.2213552055090607,1.2210459,-1.22575145602833,1.0043962505192694,-0.1467310065355686
2021-07-01,895.918,6.875873291771698,-0.1184678788673064,1.2754425,-1.2845730718092383,1.1661051929419322,-0.1383672836963221
2021-07-02,892.141,3.0924543579608725,-0.0159827956155078,1.3277642,-1.3429294746730789,1.326946679057571,-0.1299765770048751
2021-07-03,886.365,-2.6897675383301345,0.0860716542813806,1.3840492,-1.400802528646352,1.4868741829277323,-0.1215611058456618
2021-07-04,891.731,2.670261097722805,0.1876675480260344,1.4423015,-1.45817415966767,1.6458417076937044,-0.1131230865443993
2021-07-05,890.4029999999999,1.3363787513459342,0.2887774302752128,1.4914912,-1.5150263600081006,1.8038037902833133,-0.1046647321798615
2021-07-06,893.277,4.204666714830847,0.3893743129689733,1.5243167,-1.5713411928709302,1.9607155058399035,-0.0961882524030718
2021-07-07,895.261,6.183098832020061,0.4894316747170233,1.5659095,-1.627100797172198,2.1165324718892213,-0.0876958532633159
2021-07-08,897.177,8.093536181788634,0.5889234597567942,1.6250491,-1.6822873925029238,2.271210852259718,-0.0791897370403507
2021-07-09,892.98,3.8906058875975136,0.6878240764985258,1.6923224,-1.7368832842736488,2.4247073607721745,-0.0706721020822189
2021-07-10,887.434,-1.6612106638867097,0.7861083956728625,1.7412745,-1.7908708690415278,2.5769792647143905,-0.0621451426480367
2021-07-11,896.125,7.024232116286568,0.8837517480968878,1.787985,-1.844232640019804,2.727984388116692,-0.0536110487551482
2021-07-12,899.7420000000001,10.635893671151315,0.9807299220749394,1.8453617,-1.8969511927692468,2.877681114844186,-0.0450720060300315
2021-07-13,891.123,2.0117306674992963,1.077019160450852,1.9153681,-1.949009231070572,3.026028391521424,-0.0365301955623377
2021-07-14,898.047,8.930788936324829,1.172596157328486,1.9727633,-2.0003895729766747,3.172985730305161,-0.0279877937614524
2021-07-15,891.5600000000001,2.4387240491660345,1.2674380544778223,2.018815,-2.0510751570430146,3.3185132115208367,-0.0194469722149703
2021-07-16,899.777,10.650782977915677,1.3615224374440438,2.0564709,-2.101049048734149,3.4625714861781924,-0.0109098975484781
2021-07-17,895.336,6.204731246573064,1.4548273313772393,2.0897806,-2.150294447004039,3.605121778381278,-0.0023787312860386
2021-07-18,891.411,2.274773670471117,1.5473311966006815,2.1440747,-2.1987946910473504,3.746125887648032,0.0061443702892123
2021-07-19,890.4060000000001,1.264962273181507,1.639012923935529,2.1852174,-2.246533267218645,3.885546191154174,0.0146572562749462
2021-07-20,895.043,5.897271623127697,1.7298518298003072,2.2132387,-2.2934938161158898,4.023345645916197,0.0231577812905832
2021-07-21,892.627,3.4767270030724013,1.819827651103261,2.2462099,-2.339660139824467,4.159487790927728,0.0316438056198632
2021-07-22,900.757,11.60240261597772,1.9089205399459208,2.2751808,-2.385016209317346,4.293936749263267,0.040113195355611
2021-07-23,887.0400000000001,-2.118700717903077,1.9971110581563607,2.3077786,-2.4295461720068485,4.426657230163209,0.0485638225472448
2021-07-24,892.909,3.746514994914426,2.08438017167039,2.3429644,-2.473234359442969,4.557614531113359,0.056993565351573
2021-07-25,894.615,5.448950717109784,2.170709244779175,2.3865025,-2.5160652951529032,4.686774539932078,0.0654003081874012
2021-07-26,900.34,11.170510110495078,2.2560800342615384,2.41989,-2.5580237026160817,4.81410373687762,0.0737819418944714
2021-07-27,896.162,6.989248585373073,2.3404746834192447,2.4527614,-2.599094513368608,4.939569196787852,0.0821363638972291
2021-07-28,888.158,-1.017790799824069,2.4238757160334448,2.4905171,-2.639262875230695,5.06313859126414,0.0904614783739091
2021-07-29,891.7929999999999,2.6143900119407,2.506266030260325,2.5353172,-2.6785141606503893,5.184780190910715,0.0987551964314055
2021-07-30,894.239,5.057782684096161,2.587628892483834,2.5765903,-2.7168339751563795,5.304462867640213,0.1070154362863902
2021-07-31,892.635,3.451401951368936,2.6679479311432126,2.6011121,-2.754208165912595,5.422156097055808,0.1152401234531052
2021-08-01,894.01,4.823675899245357,2.74720713055288,2.6342862,-2.7906228303667744,5.537829960919654,0.1234271909382632
2021-08-02,888.324,-0.8648830508169154,2.825390824731881,2.6594641,-2.8260643249849884,5.6514551497168695,0.1315745794434465
2021-08-03,888.971,-0.2202143523503066,2.902483691260018,2.6932695,-2.860519274063738,5.763002965323755,0.139680237575396
2021-08-04,888.1360000000001,-1.0574857821737238,2.9784707451772765,2.7283583,-2.893974578611008,5.872445323788284,0.147742122064549
2021-08-05,897.9399999999999,8.744618780948361,3.0533373329431392,2.755365,-2.92641742528734,5.979754758230479,0.155758197992173
2021-08-06,896.231,7.033457415826078,3.1270691264717367,2.769015,-2.9578352953977114,6.084904421869448,0.1637264390264195
2021-08-07,895.499,6.299553654633318,3.19965211725868,2.7769203,-2.988215973924747,6.187868091183427,0.1716448276675958
2021-08-08,887.676,-1.525436554478877,3.2710726106149144,2.7899718,-3.0175475585935656,6.28862016920848,0.1795113555029376
2021-08-09,892.933,3.7298416098819582,3.3413172200225523,2.8090348,-3.0458184689582923,6.387135688980845,0.1873240234711464
2021-08-10,893.7779999999999,4.573279061315549,3.410372861627217,2.8254604,-3.073017455500035,6.4833903171272524,0.1950808421369196
2021-08-11,894.3480000000001,5.141983049576024,3.478226748881033,2.8628006,-3.0991336087259302,6.577360357606963,0.2027798319756937
2021-08-12,890.8960000000001,1.6888994299554652,3.54486638734985,2.910532,-3.1241563682586517,6.669022755608501,0.2104190236687881
2021-08-13,890.3950000000001,1.186961768842132,3.6102795696979215,2.9565604,-3.148075531905552,6.758355101603474,0.2179964584091184
2021-08-14,899.3870000000001,10.177997315296404,3.674454370862557,2.999178,-3.1708812646965123,6.845335635559069,0.2255101882176223
2021-08-15,890.0649999999999,0.8550131474538074,3.737379143430987,3.0183666,-3.192564107879286,6.929943251310273,0.2329582762705181
2021-08-16,896.2909999999999,7.079767278671511,3.799042513230992,3.0480282,-3.213114987861094,7.012157501092085,0.2403387972374917
2021-08-17,897.332,8.119597122214925,3.8594333751462857,3.0586128,-3.2325252250850216,7.091958600231307,0.2476498376308863
2021-08-18,895.397,6.183700067907956,3.918540889167137,3.0721714,-3.250786542829658,7.169327431996795,0.2548894961659362
2021-08-19,903.287,14.073053745628746,3.976354476686104,3.0732813,-3.2678910759203323,7.244245552606436,0.2620558841320744
2021-08-20,889.005,-0.2099592421437282,4.0328638170481295,3.0650902,-3.2838313793401888,7.316695196388318,0.2691471257753078
2021-08-21,898.754,9.538283851772494,4.088058844363691,3.0714836,-3.298600436729268,7.3866592810929586,0.2761613586916377
2021-08-22,895.344,6.127783257869489,4.141929744592954,3.0845022,-3.3121916687597084,7.454121413352662,0.2830967342314725
2021-08-23,895.312,6.095511877648452,4.19446695290845,3.114105,-3.324598941375157,7.519065894283607,0.2899514179149581
2021-08-24,890.985,1.7684562363073848,4.245661151342898,3.1568751,-3.335816573882385,7.581477725225284,0.2967235898581292
2021-08-25,890.3109999999999,1.0944494797556137,4.295503266728347,3.21261,-3.345839346883159,7.641342613611506,0.3034114452097574
2021-08-26,896.42,7.203692500413145,4.343984468932059,3.240933,-3.35466251003441,7.698646978966469,0.3100131945987441
2021-08-27,894.76,5.544146519665303,4.391096169393844,3.2579849,-3.362281789624705,7.753377959018549,0.3165270645918971
2021-08-28,897.732,8.516849637061327,4.436830019968984,3.2771134,-3.368693395955136,7.805523415924121,0.3229512981618875
2021-08-29,897.952,8.73780203676208,4.481177912080119,3.2992456,-3.373894030512755,7.855071942592874,0.3292841551651727
2021-08-30,898.3149999999999,9.10200390292807,4.5241319761808425,3.323985,-3.3778808929247512,7.902012869105594,0.3355239128296423
2021-08-31,898.184,8.972455419720117,4.565684581532983,3.3322027,-3.380651687681669,7.946336269214651,0.3416688662517287
2021-09-01,898.146,8.93615677129874,4.6058283362989405,3.3255656,-3.38220463061804,7.988032966916981,0.3477173289026895
2021-09-02,893.747,4.539108141824638,4.644556087949747,3.3273082,-3.382538455138965,8.027094543088712,0.3536676331437591
2021-09-03,895.631,6.42518515221295,4.681860923988741,3.3553905,-3.38165241818126,8.063513342170001,0.3595181307498355
2021-09-04,891.3870000000001,2.1835091649990845,4.717736172990195,3.3724177,-3.379546305897985,8.09728247888818,0.3652671934413591
2021-09-05,893.663,4.462080345897324,4.752175405951388,3.3864415,-3.376220439055302,8.12839584500669,0.3709132134240018
2021-09-06,891.02,1.8218422450403653,4.78517243795613,3.4188755,-3.37167567813082,8.15684811608695,0.3764546039357878
2021-09-07,893.4839999999999,4.288850105257682,4.816721330146794,3.4531517,-3.365913428102766,8.18263475824956,0.3818897998012244
2021-09-08,888.532,-0.6599002181797053,4.846816392001547,3.480875,-3.358935642919541,8.205752034921089,0.38721725799202
2021-09-09,897.169,7.9803997991397235,4.875452183912517,3.509492,-3.350744829639479,8.226197013551996,0.39243545819394
2021-09-10,895.1980000000001,6.012940810840825,4.902623520060223,3.3625977,-3.341344052230813,8.243967572291035,0.3975429033793345
2021-09-11,887.8439999999999,-1.337400472859115,4.928325471578659,3.3829525,-3.3307369350221703,8.25906240660083,0.4025381203848546
2021-09-12,894.158,4.980312042714261,4.952553370005121,3.4146554,-3.318927665794216,8.271481035799336,0.4074196604938598
2021-09-13,896.6469999999999,7.473243937495827,4.975302811007882,3.4408033,-3.305920998503245,8.281223809511127,0.4121861000230003
2021-09-14,896.134,6.9642548745515285,4.996569658384493,3.4565225,-3.2917222556279704,8.288291914012463,0.4168360409124459
2021-09-15,898.548,9.382346111570492,5.016350048322592,3.4818628,-3.276337330130978,8.29268737845357,0.4213681113192168
2021-09-16,899.968,10.806518005232284,5.034640393914882,3.5123134,-3.2597726870267314,8.294413080941613,0.4257809662130559
2021-09-17,898.9979999999999,9.84091066756186,5.051437389918884,3.5202127,-3.2420353645482463,8.29347275446713,0.4300732879742791
2021-09-18,900.482,11.329007306409949,5.066738017751893,3.1086435,-3.223132974905059,8.289870992656953,0.4342437869930151
2021-09-19,898.294,9.145310698468284,5.080539550710885,2.960212,-3.2030737046254125,8.283613255336297,0.4382912022692435
2021-09-20,893.503,4.358563827963398,5.092839559406412,2.9858465,-3.1818663144759105,8.274705873882322,0.442214302013028
2021-09-21,884.5840000000001,-4.556632225659545,5.103635917399345,3.0182264,-3.1595201389524727,8.263156056351818,0.4460118842443307
2021-09-22,888.312,-0.8240194766097981,5.112926807028461,3.06096,-3.136045085336625,8.248971892365086,0.4496827773917857
2021-09-23,888.341,-0.7902423272954899,5.120710725416669,3.109169,-3.1114516323117503,8.23216235772842,0.4532258408898038
2021-09-24,889.547,0.420581022521564,5.126986490643057,3.1458876,-3.0857508281342736,8.21273731877733,0.4566399657733694
2021-09-25,892.389,3.267565361084347,5.131753248067488,3.1973002,-3.0589542883551943,8.190707536422682,0.4599240752698881
2021-09-26,891.996,2.879710569745252,5.135010476794132,3.2183816,-3.031074193087924,8.166084669882055,0.463077125387439
2021-09-27,888.689,-0.4219834701433269,5.136757996259923,2.985957,-3.002123283818741,8.138881280078664,0.4660981054987749
2021-09-28,892.1170000000001,3.0114831227710988,5.136995972933385,2.8998857,-2.9721148597567058,8.10911083269009,0.4689860389204218
2021-09-29,896.879,7.779110229840608,5.135724927109165,2.9159691,-2.9410627737203985,8.076787700829563,0.4717399834862134
2021-09-30,891.578,2.4838977324177525,5.132945739783026,2.8925517,-2.908981427559197,8.041927167342223,0.4743590321146074
2021-10-01,892.3879999999999,3.29977490416142,5.12865965959198,2.904922,-2.875885767107538,8.004545426699519,0.4768423133691155
2021-10-02,892.659,3.576741140242779,5.122868309803721,2.9190495,-2.841791276670834,7.964659586474555,0.4791889920111968
2021-10-03,888.836,-0.2405272852638043,5.1155736953394735,2.9635642,-2.806713973042467,7.922287668381941,0.4813982695449499
2021-10-04,894.3,5.229311826289647,5.106778209813946,3.015362,-2.770670399051654,7.8774486088656,0.483469384752948
2021-10-05,891.009,1.9440163572234224,5.096484642576026,3.0345492,-2.733677616642557,7.830162259218584,0.4854016142225644
2021-10-06,889.47,0.4107435533238299,5.084696185733524,3.0212355,-2.6957531994855315,7.780449385219056,0.4871942728621411
2021-10-07,890.048,0.9944798434567153,5.071416441145312,3.040441,-2.656915225121908,7.72833166626722,0.4888467144063497
2021-10-08,893.612,4.564023828637856,5.056649427363767,3.0121448,-2.617182266644285,7.673831694008053,0.4903583319101119
2021-10-09,890.383,1.340600186847685,5.040399586510662,3.0171444,-2.576573383914788,7.616972970425451,0.4917285582304422
2021-10-10,895.227,6.190294294077448,5.022671791069346,3.0098786,-2.535108114324341,7.557779905393687,0.4929568664955921
2021-10-11,897.9359999999999,8.905105810267402,5.003471350576044,2.989486,-2.492806463096485,7.496277813672528,0.4940427705608726
2021-10-12,898.598,9.572696721672528,4.982804018193152,2.9649568,-2.4496888931398724,7.432492911333024,0.4949858254505539
2021-10-13,900.281,11.26124758318788,4.960675997147307,2.8837175,-2.405776314454028,7.366452311601336,0.49578562778524
2021-10-14,898.942,9.92772592091169,4.937093947015174,2.8826034,-2.361090073093604,7.298184020108778,0.4964418161941316
2021-10-15,896.668,7.659253423455821,4.912064989839765,2.9030454,-2.3156519396967896,7.227716929536554,0.4969540717116054
2021-10-16,898.2869999999999,9.283774910123649,4.885596716060357,2.9265182,-2.269484097584152,7.15508081364451,0.49732211815754
2021-10-17,896.88,7.882228196860647,4.857697190239159,2.8470259,-2.22260913043468,7.080306320673839,0.4975457225008435
2021-10-18,900.6800000000001,11.687734963154597,4.82837495656786,2.7579966,-2.1750500095463057,7.003424966114165,0.4976246952056485
2021-10-19,898.19,9.20332844257316,4.797639044137638,2.8000624,-2.126830080688774,6.924469124826412,0.497558890559643
2021-10-20,897.346,8.364969265934793,4.7654989719560845,2.6119156,-2.077973050557174,6.843472022513259,0.4973482069840432
2021-10-21,895.1700000000001,6.194694767296356,4.731964753695039,2.485339,-2.028502972835004,6.760467726530044,0.4969925873247094
2021-10-22,893.625,4.655498355448472,4.697046902153256,1.6707339,-1.9784442338761472,6.675491136029404,0.4964920191239367
2021-10-23,901.95,12.98637613162673,4.660756433418405,1.4998795,-1.9278215380155963,6.588577971434002,0.4958465348724599
2021-10-24,897.222,8.264227472671259,4.62310487071293,0.5956995,-1.8766598925193336,6.499764763232264,0.4950562122412375
2021-10-25,894.572,5.62015812138001,4.584104247908827,0.21265444,-1.824984592184167,6.409088840092994,0.4941211742925966
2021-10-26,894.47,5.5241675642348405,4.543767112696639,0.01952055,-1.772821203598876,6.3165883162955145,0.4930415896703327
2021-10-27,892.671,3.7312552877176777,4.502106529394362,-0.0830539,-1.7201955490784748,6.222302078472836,0.4918176727683895
2021-10-28,898.8770000000001,9.943420778310458,4.45913608138233,-0.09464516,-1.6671336902837677,6.126269771666098,0.4904496838777548
2021-10-29,897.259,8.331473520742346,4.414869873150693,-0.108437024,-1.6136619115390067,6.028531784689699,0.4889379293112354
2021-10-30,897.489,8.567274683677674,4.369322531946276,-0.21423255,-1.5598067028606628,5.929129234806939,0.4872827615057906
2021-10-31,898.003,9.086946231014736,4.322509209006468,-0.18555555,-1.5055947427109693,5.828103951717438,0.4854845791021259
2021-11-01,900.153,11.242674228898514,4.274445580367856,-0.35014752,-1.4510528804901504,5.725498460858006,0.4835438270012771
2021-11-02,896.1510000000001,7.246326459226525,4.225147847238175,-0.33319706,-1.3962081187817048,5.62135596601988,0.4814609963979286
2021-11-03,891.447,2.5480303281628403,4.174632735920402,-0.297471,-1.34108759536552,5.515720331285921,0.4792366247902359
2021-11-04,892.713,3.8197851982958255,4.122917497278691,-0.74960655,-1.2857185650139331,5.408636062292624,0.476871295965949
2021-11-05,899.127,10.239590432214044,4.070019905735978,-0.8843255,-1.2301283810862147,5.300148286822193,0.4743656399646523
2021-11-06,899.421,10.539445392506032,4.015958257794186,-0.98340636,-1.174344476937309,5.190302734731495,0.4717203330159605
2021-11-07,896.418,7.542349441759995,3.960751370068092,-0.9471303,-1.118394347156967,5.079145717225059,0.4689360974535359
2021-11-08,896.317,7.447301942564568,3.90441857682489,-0.8710498,-1.0623055286557794,4.966724105480669,0.4660137016048168
2021-11-09,893.444,4.580302257508113,3.8469797270219313,-1.2317362,-1.0061055816147888,4.85308530863672,0.4629539596563704
2021-11-10,889.838,0.9803497491791812,3.788455180835837,-1.2138059,-0.949822070315806,4.738277251151643,0.4597577314948034
2021-11-11,886.871,-1.9805562198338165,3.728865805676873,-1.2503566,-0.8934825438696478,4.622348349546521,0.4564259225231997
2021-11-12,887.659,-1.186161486679668,3.6682329716830986,-1.2743876,-0.8371145168598921,4.505347488542991,0.4529594834530632
2021-11-13,897.147,8.308525253305849,3.606578546689577,-1.2252113,-0.7807454499198678,4.387323996609444,0.4493594100717855
2021-11-14,887.892,-0.9399313353199727,3.543924890668508,-1.2187968,-0.72440273026088,4.268327620929388,0.4456267429856655
2021-11-15,890.915,2.089792010100545,3.4802948496371235,-1.2681657,-0.668113652169813,4.148408501806936,0.4417625673385519
2021-11-16,888.101,-0.7174357458189817,3.415711749030492,-1.2732292,-0.6119053974944153,4.027617146524907,0.4377680125061808
2021-11-17,891.962,3.150707982641691,3.3501993865376,-1.2034103,-0.5558050161347869,3.9060044026723872,0.4336442517663309
2021-11-18,885.035,-3.7690917503295975,3.283782024399449,-1.1596863,-0.4998394065596103,3.78362143095906,0.4293925019449195
2021-11-19,891.32,2.523753910083871,3.216484381168844,-1.2267517,-0.4440352963658705,3.6605196775347135,0.4250140230382073
2021-11-20,887.525,-1.2635408078891466,3.14833162293225,-1.1584934,-0.3884192229008616,3.536750845833112,0.4205101178112829
2021-11-21,883.887,-4.893606128592333,3.079349353994853,-1.1098428,-0.3330175139653266,3.41236686796018,0.4158821313730428
2021-11-22,889.452,0.6804666739339282,3.0095636070307594,-1.0603274,-0.2778562686166498,3.287419875647409,0.4111314507278906
2021-11-23,890.931,2.16836751809493,2.939000832700989,-1.0610173,-0.2229613380910473,3.1619621707920365,0.4062595043044135
2021-11-24,887.517,-1.236719024763186,2.8676878887427466,-1.0040607,-0.1683583068636931,3.03604619560644,0.4012677614613018
2021-11-25,884.038,-4.706496739935025,2.795652028534153,-0.99859715,-0.1140724738657003,2.909724502399853,0.396157731970822
2021-11-26,883.153,-5.581899953473348,2.7229208891394494,-1.0077931,-0.0601288338768803,2.7830497230163296,0.3909309654801595
2021-11-27,887.475,-1.2502415337786164,2.6495224788404306,-0.9868743,-0.0065520591130664,2.656074537953497,0.3855890509509669
2021-11-28,892.615,3.8996388682271874,2.575485164160652,-0.98742,0.0466335189732079,2.5288516451874443,0.3801336160774924
2021-11-29,890.812,2.106521583306983,2.50083765638964,-0.93492234,0.0994039276600456,2.401433728729594,0.3745663266836707
2021-11-30,887.088,-1.607702752645538,2.425608997615198,-0.9035544,0.1517355706729915,2.2738734269422065,0.3688888860995724
2021-12-01,886.3069999999999,-2.378613534035741,2.3498285462726214,-0.8773585,0.2036052456329391,2.146223300639682,0.3631030345176589
2021-12-02,884.362,-4.313207819390631,2.273525962220305,-0.821511,0.2549901612169016,2.018535801003403,0.3572105483292605
2021-12-03,886.912,-1.7527559635040872,2.196731191352036,-0.75431836,0.3058679540136276,1.8908632373384089,0.3512132394417692
2021-12-04,889.635,0.98164558835406,2.1194744497570146,-0.70175457,0.3562167050562235,1.763257744700791,0.3451129545770086
2021-12-05,892.886,4.243970047675732,2.041786207439294,-0.64785224,0.4060149560141928,1.635771251425101,0.3389115745512965
2021-12-06,887.3689999999999,-1.2617446832397574,1.963697171609058,-0.6495031,0.4552417250275465,1.5084554465815114,0.3326110135377043
2021-12-07,895.5459999999999,6.926708109397897,1.885238269558896,-0.72325444,0.5038765221658748,1.3813617473930213,0.3262132183110631
2021-12-08,894.4459999999999,5.83811005370956,1.8064406311388213,-0.72693044,0.5518993644956687,1.2545412666431528,0.3197201674762533
2021-12-09,892.86,4.263457850624217,1.7273355708446103,-0.77206415,0.5992907907393094,1.1280447801053013,0.3131338706803522
2021-12-10,891.8580000000001,3.2726514766754207,1.6479545695344464,-0.7799565,0.6460318755096781,1.0019226940247683,0.3064563678092183
2021-12-11,891.9580000000001,3.383607272601631,1.5683292557897806,-1.0505201,0.6921042431045166,0.876225012685264,0.2996897281691027
2021-12-12,879.0179999999999,-9.545489836760408,1.4884913869366658,-1.6863017,0.737490080845172,0.7510013060914938,0.2928360496539032
2021-12-13,887.552,-1.0005212899842095,1.4084728297446207,-2.3409433,0.7821721519446428,0.6263006777999779,0.285897457898672
2021-12-14,889.616,1.0749983580332794,1.3283055408206186,-2.5533862,0.8261338078903285,0.50217173293029,0.2788761054200179
2021-12-15,890.918,2.388265656859154,1.2480215467162057,-2.8608577,0.8693590003272749,0.3786625463889308,0.2717741707440348
2021-12-16,885.006,-3.5128575436207883,1.167652923766617,-3.1022902,0.9118322924281372,0.2558206313384794,0.2645938575224241
2021-12-17,886.48,-2.028056728786225,1.0872317776809028,-3.0453176,0.9535388697366116,0.1336929079442913,0.2573373936374552
2021-12-18,887.0980000000001,-1.3989999393465211,1.006790222902925,-3.0376112,0.9944645504714514,0.0123256724314736,0.2500070302964521
2021-12-19,894.531,6.045442584472603,0.9263603617632608,-3.1104546,1.0345957952788345,-0.1082354335155737,0.2426050411164738
2021-12-20,890.841,2.366482318561172,0.8459742634427965,-3.1252875,1.0739197164211844,-0.2279454529783879,0.2351337211998757
2021-12-21,889.27,0.8064338478107764,0.7656639427689175,-3.1293082,1.1124240863912358,-0.3467601436223183,0.2275953862014473
2021-12-22,892.5889999999999,4.13565246985105,0.6854613388659468,-3.2706165,1.1500973459405557,-0.4646360070746086,0.2199923713878202
2021-12-23,892.298,3.854781799744609,0.6053982936814905,-3.7958336,1.1869286115123852,-0.5815303178308947,0.2123270306898461
2021-12-24,891.1360000000001,2.7026992536740697,0.5255065304110731,-4.145566,1.222907682069157,-0.6974011516580838,0.2046017357486574
2021-12-25,882.2860000000001,-6.137510140871688,0.4458176318434613,-4.4368534,1.2580250453056805,-0.8122074134622189,0.196818874956105
2021-12-26,874.086,-14.327804450291453,0.3663630186495993,-4.770232,1.292271883239578,-0.9259088645899788,0.1889808524902975
2021-12-27,884.685,-3.71918363715154,0.2871739276382264,-5.042874,1.3256400771711454,-1.038466149532919,0.1810900873469433
2021-12-28,895.284,6.889352335981419,0.2082813900015178,-5.080991,1.3581222120054448,-1.149840822003927,0.1731490123672077
2021-12-29,890.667,2.281803506541211,0.1297162095743419,-5.174951,1.3897115799300748,-1.2599953703557327,0.1651600732628024
2021-12-30,890.583,2.207169911961202,0.0515089411309052,-5.1684976,1.4204021834427123,-1.368893242311807,0.1571257276390056
2021-12-31,894.632,6.265435368233632,-0.0263101312573967,-5.2023335,1.4501887377231473,-1.476498868980544,0.1490484440163311
2022-01-01,886.567,-1.790480462985676,-0.1037110157787345,-5.179703,1.4790666723452024,-1.5827776881239368,0.1409307008515417
2022-01-02,891.217,2.868524707907179,-0.1806640343282128,-5.136168,1.5070321323246332,-1.687696166652846,0.1327749855587128
2022-01-03,881.484,-6.855650630861673,-0.2571398438215739,-5.7477427,1.5340819784997537,-1.7912218223213277,0.1245837935310378
2022-01-04,881.366,-6.964907203677463,-0.3331094573509866,-6.1548786,1.5602137872421915,-1.8933232445931785,0.1163596271640694
2022-01-05,882.043,-6.2788009590521,-0.4085442651587082,-6.3086047,1.5854258494959108,-1.9939701146546192,0.1081049948810781
2022-01-06,892.5070000000001,4.194528608744627,-0.4834160554044272,-6.392591,1.60971716914335,-2.093133224547777,0.099822410161205
2022-01-07,891.038,2.7344251595049744,-0.5576970347020157,-6.6753287,1.6330874606981471,-2.190784495400163,0.0915143905710789
2022-01-08,886.675,-1.6205967089093392,-0.6313598484017466,-6.5722065,1.6555371463247113,-2.286896994726458,0.0831834568005605
2022-01-09,885.4889999999999,-2.798265327739198,-0.7043776005939305,-6.4807835,1.677067352185559,-2.3814449527794896,0.0748321317032599
2022-01-10,881.8240000000001,-6.45480411473063,-0.7767238738101954,-6.385415,1.6976799041180584,-2.474403777928254,0.0664629393424766
2022-01-11,884.027,-4.24334406213206,-0.848372748398775,-6.3136153,1.717377322642942,-2.565750071041717,0.0580784040431852
2022-01-12,880.6070000000001,-7.654827399423504,-0.9192988215504,-6.236817,1.7361628173076389,-2.6554616388580388,0.0496810494506924
2022-01-13,882.579,-5.674437754898646,-0.9894772259516216,-6.1893096,1.7540402803682331,-2.7435175063198547,0.0412733975965696
2022-01-14,880.605,-7.640175021669702,-1.0588836480426356,-6.101389,1.7710142798144812,-2.829897927857117,0.0328579679724596
2022-01-15,886.103,-2.134039092849603,-1.1274943458570656,-6.005246,1.7870900517431545,-2.91458439760022,0.0244372766123344
2022-01-16,879.636,-8.593029861550725,-1.195286166421411,-5.913319,1.8022734920855727,-2.997559658506984,0.016013835183776
2022-01-17,881.1139999999999,-7.10709112703047,-1.2622365626922425,-5.825121,1.8165711476959097,-3.078807710388152,0.0075901500888334
2022-01-18,882.852,-5.361280425810614,-1.3283236100097189,-5.733658,1.8299902068076577,-3.158313816817376,-0.0008312784250093
2022-01-19,875.316,-12.889597642466374,-1.393526022046239,-5.650115,1.8425384888661696,-3.236064510912409,-0.0092479571432255
2022-01-20,883.693,-4.504817690130469,-1.4578231662296757,-5.6222873,1.8542244337460083,-3.312047599975684,-0.0176574007514983
2022-01-21,876.835,-11.35517163950102,-1.521195078621042,-5.5428386,1.8650570903624824,-3.3862521689835248,-0.0260571326913358
2022-01-22,875.949,-12.233659340912702,-1.583622478226901,-5.441914,1.875046104687386,-3.458668582914287,-0.0344446860035859
2022-01-23,885.655,-2.519917695203648,-1.645086780727434,-5.342516,1.8842017071796937,-3.529288487907128,-0.04281760415938
2022-01-24,879.749,-8.418215769717833,-1.7055701116016544,-5.253741,1.8925346996425263,-3.5981048112441805,-0.051173441878087
2022-01-25,886.1560000000001,-2.00363495170159,-1.765055318631782,-5.154021,1.9000564415185,-3.665111760150282,-0.0595097659318425
2022-01-26,882.36,-5.792078868902232,-1.823525983769408,-5.043034,1.906778835635984,-3.730304819405392,-0.0678241559362602
2022-01-27,882.36,-5.784624627517638,-1.880966434346811,-4.928446,1.912714313419695,-3.7936807477665058,-0.0761142051269409
2022-01-28,877.823,-10.314287778116284,-1.93736175361737,-4.823113,1.917875819579424,-3.855237573196794,-0.0843775211214225
2022-01-29,881.59,-6.540068088222821,-1.9926977906096184,-4.722494,1.922276796291423,-3.9149745869010415,-0.0926117266662209
2022-01-30,885.966,-2.156965325362197,-2.046961169280518,-4.6534014,1.9259311668875865,-3.9728923361681048,-0.1008144603686448
2022-01-31,879.7629999999999,-8.352979257059179,-2.100139296953747,-4.648245,1.92885331906803,-4.028992616021776,-0.1089833774130786
2022-02-01,883.857,-4.252109650838339,-2.152220372030109,-4.575479,1.9310580876533137,-4.083278459683423,-0.1171161502614575
2022-02-02,882.2719999999999,-5.830356274224684,-2.2031933909575283,-4.5310206,1.932560736893126,-4.135754127850654,-0.1252104693376618
2022-02-03,873.178,-14.917718894742803,-2.2530481544490377,-4.4922233,1.933376942348638,-4.186425096797676,-0.1332640436956046
2022-02-04,870.7,-17.389197279917596,-2.301775272938049,-4.4518514,1.93352277236641,-4.235298045304459,-0.141274601670779
2022-02-05,874.63,-13.452791197273925,-2.349366171260894,-4.3777065,1.93301466916216,-4.282380840423054,-0.1492398915150771
2022-02-06,878.3910000000001,-9.685500414336332,-2.3958130925574985,-4.285314,1.9318694295330925,-4.327682522090591,-0.1571576820146923
2022-02-07,881.668,-6.402324698629883,-2.441109101382027,-4.2109213,1.930104185218144,-4.371213286600171,-0.1650257630909599
2022-02-08,871.8639999999999,-16.20026381767922,-2.48524808601603,-4.1398606,1.927736382925724,-4.412984468941755,-0.1728419463839853
2022-02-09,876.06,-11.998317539008998,-2.5282247599776424,-4.0805583,1.92478376404912,-4.453008524026762,-0.1806040658189606
2022-02-10,880.0360000000001,-8.016485630144016,-2.570034662721264,-4.0171165,1.921264344090015,-4.491299006811278,-0.1883099781550615
2022-02-11,880.227,-7.819767858609339,-2.610674159523013,-3.9413855,1.9171963918110175,-4.527870551334031,-0.1959575635168595
2022-02-12,881.528,-6.513163991929421,-2.6501404405482254,-3.8534453,1.9125984081384548,-4.56273884868668,-0.2035447259081964
2022-02-13,882.266,-5.7696307377323,-2.688431519098143,-3.7642,1.9074891048369316,-4.595920623935075,-0.211069393708483
2022-02-14,880.9879999999999,-7.042209753333809,-2.7255462290340056,-3.74841,1.9018873829776235,-4.627433612011629,-0.2185295201514177
2022-02-15,886.089,-1.935865757194149,-2.761484221377432,-3.720865,1.89581231122238,-4.657296532599812,-0.2259230837861294
2022-02-16,865.86,-22.159634521179605,-2.796245960087385,-3.6693153,1.889283103946197,-4.685529064033582,-0.2332480889207754
2022-02-17,874.4,-13.614515801104698,-2.829832717014396,-3.6230524,1.8823190992205805,-4.712151816234977,-0.2405025660486407
2022-02-18,878.713,-9.29650935278409,-2.86224656603423,-3.5500224,1.8749397366808769,-4.737186302715107,-0.2476845722568077
2022-02-19,881.2130000000001,-6.79161493203236,-2.893490376363809,-3.484062,1.8671645353005408,-4.76065491166435,-0.254792191617484
2022-02-20,889.82,1.8201677053355407,-2.923567805063199,-3.4591343,1.8590130710956696,-4.782580876158869,-0.2618235355620954
2022-02-21,878.513,-9.482239299079536,-2.952483288728644,-3.5190566,1.8505049547832093,-4.802988243511853,-0.2687767432382635
2022-02-22,885.7779999999999,-2.212757800583615,-2.98024203438232,-3.552133,1.8416598094163903,-4.821901843798711,-0.2756499818498156
2022-02-23,883.439,-4.547387566701181,-3.0068500095656754,-3.523595,1.8324972480209936,-4.8393472575866685,-0.282441446979986
2022-02-24,881.5169999999999,-6.465128364957279,-3.03231393164396,-3.4712925,1.8230368512562007,-4.855350782900161,-0.2891493628979865
2022-02-25,880.0550000000001,-7.922979962876456,-3.0566412563308023,-3.4149694,1.8132981451237604,-4.8699394014545625,-0.2957719828491392
2022-02-26,879.3180000000001,-8.655942127983732,-3.079840165442228,-3.3620794,1.803300578749246,-4.883140744191474,-0.3023075893287824
2022-02-27,861.315,-26.65501462780387,-3.101919553890961,-3.4001524,1.793063502259208,-4.894983056150169,-0.308754494340181
2022-02-28,880.831,-7.135154169964713,-3.12288901593222,-3.4656928,1.7826061447779231,-4.905495160710142,-0.3151110396366796
2022-03-01,871.484,-16.478402411781953,-3.142758830673704,-3.4857848,1.7719475925674646,-4.914706423241168,-0.321375596948355
2022-03-02,867.364,-20.59475911440385,-3.1615399468629093,-3.4844484,1.761106767334668,-4.922646714197577,-0.3275465681934428
2022-03-03,875.968,-11.987188996290852,-3.1792439669661445,-3.5520754,1.7501024047285252,-4.9293463716946695,-0.3336223856748221
2022-03-04,883.846,-4.105727829308783,-3.1958831305542708,-3.5453207,1.738953033051327,-4.934836163605597,-0.339601512261859
2022-03-05,885.823,-2.125375369272505,-3.211470297011299,-3.5401928,1.7276769522067987,-4.939147249218098,-0.3454824415579141
2022-03-06,881.8439999999999,-6.101131371996647,-3.226018927582581,-3.473549,1.7162922129082208,-4.942311140490801,-0.3512636980538478
2022-03-07,883.849,-4.092995593295722,-3.239543066780383,-3.3985848,1.70481659616936,-4.944359662949743,-0.3569438372678454
2022-03-08,889.294,1.3550322110152653,-3.2520573231653858,-3.3312306,1.6932675931007584,-4.945324916266144,-0.362521445871923
2022-03-09,886.287,-1.649125817462702,-3.263576849523377,-3.3016946,1.6816623850337409,-4.945239234557118,-0.3679951418054527
2022-03-10,889.948,2.014608465964251,-3.2741173224573625,-3.237263,1.6700178239941,-4.944135146451463,-0.3733635743760878
2022-03-11,881.3689999999999,-6.562005899112507,-3.28369492141597,-3.1669717,1.6583504135472358,-4.942045334963206,-0.3786254243484533
2022-03-12,883.8770000000001,-4.0517217134528885,-3.2923263071797217,-3.130167,1.646676290036072,-4.939002597215794,-0.3837794040209845
2022-03-13,886.429,-1.497538781224976,-3.3000285998277006,-3.3525167,1.6350112042328315,-4.935039804060532,-0.3888242572913076
2022-03-14,880.9979999999999,-6.926456906596098,-3.3068193562075336,-3.2979603,1.6233705034252317,-4.930189859632765,-0.3937587597105552
2022-03-15,888.8589999999999,0.9365241062661008,-3.312716546932566,-3.6104763,1.6117691139574064,-4.924485660889973,-0.3985817185270192
2022-03-16,882.678,-5.242775572953727,-3.31773853293054,-3.5411928,1.600221524245286,-4.917960057175826,-0.4032919727195508
2022-03-17,880.871,-7.048180614290491,-3.3219040415688843,-3.4963949,1.588741768285834,-4.910645809854718,-0.4078883930211189
2022-03-18,884.95,-2.9676908485710087,-3.3252321423822115,-3.4292903,1.5773434096789636,-4.902575552061175,-0.4123698819329447
2022-03-19,897.707,9.790693893377188,-3.3277422224282263,-3.531424,1.566039526180556,-4.893781748608783,-0.4167353737296273
2022-03-20,888.7230000000001,0.8078611530459705,-3.3294539612988165,-3.4694736,1.5548426948043967,-4.8842966561032135,-0.4209838344556929
2022-03-21,883.658,-4.256076259401904,-3.330387305813562,-3.4476032,1.5437649774903692,-4.874152283303931,-0.4251142619139769
2022-03-22,881.876,-6.03711819170279,-3.3305624444234203,-3.4194741,1.5328179073556485,-4.863380351779069,-0.4291256856462795
2022-03-23,882.977,-4.935264491593168,-3.329999781352806,-3.360125,1.5220124755450746,-4.852012256897881,-0.4330171669067072
2022-03-24,881.617,-6.294515006809592,-3.3287199105086462,-3.2578394,1.5113591186963091,-4.840079029204956,-0.4367877986281335
2022-03-25,886.73,-1.1808695850884794,-3.326743589185458,-3.1467912,1.5008677070346812,-4.82761129622014,-0.4404367053822006
2022-03-26,881.394,-6.5163280741664735,-3.324091711595838,-3.0425537,1.490547533112118,-4.814639244707956,-0.443963043333281
2022-03-27,889.702,1.7921096782199983,-3.320785282255974,-2.9558768,1.480407301203761,-4.801192583459735,-0.4473660001868264
2022-03-28,890.556,2.645247249195233,-3.316845389256297,-2.9928143,1.4704551173753586,-4.787300506631656,-0.4506447951325123
2022-03-29,886.625,-1.2869396197750582,-3.3122931774473727,-2.951417,1.4606984802336518,-4.7729916576810245,-0.4537986787825972
2022-03-30,893.7969999999999,5.883748380112047,-3.307149821571626,-2.9159443,1.4511442723714654,-4.758294093943092,-0.4568269331059028
2022-03-31,886.7629999999999,-1.1522752087655914,-3.301436499371502,-2.8460863,1.4417987525183522,-4.743235251889854,-0.4597288713578178
2022-04-01,888.229,0.311573293904674,-3.295174364704851,-2.7618246,1.432667548407002,-4.7278419131118525,-0.4625038380067255
2022-04-02,890.125,2.205293744774271,-3.288384520698479,-2.6924827,1.423755650364796,-4.712140171063275,-0.4651512086572434
2022-04-03,893.383,5.460158809543319,-3.2810879929709444,-2.6413865,1.41506740563925,-4.696155398610195,-0.4676703899706614
2022-04-04,897.307,9.380581631231852,-3.2733057029555463,-3.0118768,1.406606513465232,-4.679912216420778,-0.4700608195829533
2022-04-05,887.5840000000001,-0.3466294606491078,-3.2650584413546024,-3.004209,1.398376020881055,-4.663434462235657,-0.4723219660207319
2022-04-06,884.6089999999999,-3.32596323872028,-3.256366841756146,-2.9267454,1.39037831929988,-4.646745161056026,-0.4744533286155079
2022-04-07,878.994,-8.945420078587505,-3.247251354443877,-2.8338318,1.3826151418418955,-4.629866496285773,-0.4764544374165961
2022-04-08,879.9599999999999,-7.9840003558575,-3.23773222043136,-2.7758932,1.3750875614320974,-4.6128197818634575,-0.4783248531030207
2022-04-09,887.161,-0.7877044461361908,-3.227829445751161,-2.7154608,1.3677959896675624,-4.595625435418723,-0.4800641668947376
2022-04-10,893.456,5.502467274970082,-3.217562776029469,-2.7122593,1.3607401764573608,-4.57830295248683,-0.4816720004635026
2022-04-11,888.427,0.4681207402573228,-3.206951671376681,-3.0916803,1.353919210437435,-4.560870881814116,-0.4831480058436851
2022-04-12,890.582,2.617656384888677,-3.196015281623907,-3.2076588,1.347331520161852,-4.543346801785759,-0.4844918653433277
2022-04-13,886.454,-1.517040815078416,-3.1847724219353646,-3.449018,1.3409748760711473,-4.525747298006512,-0.4857032914557332
2022-04-14,886.231,-1.7468334653044089,-3.173241548826156,-3.647441,1.3348463932375318,-4.508087942063687,-0.4867820267718516
2022-04-15,888.13,0.1452778298925667,-3.1614407366145545,-3.6004553,1.3289425348859225,-4.490383271500477,-0.4877278438937158
2022-04-16,882.471,-5.5207075338054405,-3.1493876543376573,-3.8691764,1.323259116688969,-4.472646771026627,-0.488540545349186
2022-04-17,880.774,-7.224790160716453,-3.137099543158731,-3.7955782,1.317791311833352,-4.454890854992083,-0.4892199635082123
2022-04-18,884.802,-3.2039706551584377,-3.1245931942941474,-3.9236708,1.3125336568538155,-4.437126851147963,-0.4897659605008476
2022-04-19,886.047,-1.9662496214494376,-3.1118849274874205,-4.1502466,1.307480058230565,-4.419364985717985,-0.4901784281372047
2022-04-20,886.824,-1.1966276639075129,-3.098990570057086,-4.264919,1.3026237997448165,-4.401614369801902,-0.490457287829539
2022-04-21,876.812,-11.216105386850352,-3.0859254365449647,-4.5044007,1.2979575505864875,-4.383882987131452,-0.4906024905166386
2022-04-22,886.6030000000001,-1.432683394596312,-3.0727043089903594,-4.46941,1.2934733742071314,-4.366177683197491,-0.4906140165906673
2022-04-23,881.352,-6.6912245341152765,-3.05934141785551,-4.3987365,1.289162737910455,-4.348504155765966,-0.4904918758266042
2022-04-24,879.538,-8.512863423666927,-3.045850423626617,-4.289559,1.285016523171935,-4.330866946798552,-0.4902361073144047
2022-04-25,883.8240000000001,-4.234532099567414,-3.032244399114411,-4.197672,1.2810250366782214,-4.313269435792632,-0.4898467793939888
2022-04-26,879.255,-8.811221877600305,-3.0185358124771557,-4.1121254,1.277178022076226,-4.295713834553381,-0.4893239895931504
2022-04-27,883.726,-4.347765342958192,-3.0047365109886144,-3.9992235,1.27346467242102,-4.278201183409634,-0.4886678645684608
2022-04-28,886.0649999999999,-2.0163983630610267,-2.990857705572453,-3.9647143,1.269873643310872,-4.260731348883326,-0.4878785600492297
2022-04-29,886.577,-1.5121214646091028,-2.9769099561238805,-3.881738,1.2663930666969767,-4.243303022820857,-0.486956260784563
2022-04-30,883.034,-5.06293517430308,-2.962903157638445,-3.9736712,1.2630105653546944,-4.225913722993139,-0.4859011804935448
2022-05-01,887.749,-0.3558400188433257,-2.948846527167212,-3.906353,1.259713268002369,-4.208559795169581,-0.4847135618185577
2022-05-02,887.145,-0.9674892441345012,-2.934748591616374,-3.9991791,1.2564878250530116,-4.191236416669385,-0.4833936762817271
2022-05-03,885.8190000000001,-2.299778687788552,-2.920617176408771,-3.946164,1.2533204249835088,-4.17393760139228,-0.4819418242444782
2022-05-04,880.579,-7.546112158720974,-2.90645939502364,-3.8393638,1.2501968113052515,-4.156656206328892,-0.4803583348701559
2022-05-05,881.7009999999999,-6.430489918584305,-2.892281639430111,-3.9514494,1.2471023001193524,-4.139383939549464,-0.47864356608966
2022-05-06,876.457,-11.680912229031335,-2.8780895714288848,-4.1334558,1.244021798239085,-4.122111369667969,-0.4767979045700242
2022-05-07,876.29,-11.854379351715137,-2.863888114915673,-4.300812,1.240939821861346,-4.104827936777019,-0.474821765685847
2022-05-08,887.463,-0.6878350144623626,-2.84968144907884,-4.4628296,1.237840515768459,-4.087521964847299,-0.4727155934934792
2022-05-09,887.258,-0.8993344765065734,-2.835473002542788,-4.498958,1.2347076730409454,-4.0701806755837335,-0.4704798607078452
2022-05-10,882.0219999999999,-6.141877991128942,-2.8212654484674866,-4.4644547,1.2315247552612614,-4.052790203728748,-0.4681150686817676
2022-05-11,880.8679999999999,-7.30246581161011,-2.8070607006135617,-4.3707314,1.2282749131880153,-4.035335613801577,-0.4656217473876421
2022-05-12,880.301,-7.876098191231012,-2.7928599103812672,-4.374586,1.2249410078795229,-4.01780091826079,-0.4630004554013104
2022-05-13,879.7040000000001,-8.479775383272758,-2.778663464830549,-4.3648324,1.221505632245093,-4.000169097075642,-0.4602517798879403
2022-05-14,875.7239999999999,-12.466497641016344,-2.764470985688414,-4.36986,1.217951133001869,-3.982422118690283,-0.4573763365897316
2022-05-15,878.0649999999999,-10.13208519159462,-2.7502813293485238,-4.2601686,1.214259633014611,-3.9645409623631354,-0.4543747698152379
2022-05-16,881.987,-6.216713422421533,-2.736092587867132,-4.157158,1.2104130539952789,-3.9465056418624105,-0.4512477524300876
2022-05-17,883.051,-5.15938256011849,-2.7219020909579323,-4.0208225,1.2063931395388483,-3.9282952304967806,-0.4479959858488724
2022-05-18,880.4929999999999,-7.724076609865701,-2.7077064089877303,-3.92876,1.202181478471454,-3.909887887459184,-0.4446202000279572
2022-05-19,883.835,-4.3887685190287975,-2.6935013569732877,-3.8526723,1.1977595284863585,-3.891260885459646,-0.4411211534589564
2022-05-20,888.625,0.3947543016531338,-2.679281999578873,-3.7523277,1.193108640043125,-3.8723906396219983,-0.4374996331626106
2022-05-21,883.236,-5.001067153328689,-2.6650426571126915,-3.6368759,1.1882100805048073,-3.853252737617499,-0.4337564546827812
2022-05-22,884.869,-3.3749134671022807,-2.6507769125193925,-3.510328,1.1830450584877932,-3.8338219710071857,-0.4298924620802728
2022-05-23,885.269,-2.981784867127321,-2.63647761936452,-3.4064574,1.1775947483985671,-3.814072367763087,-0.4259085279261871
2022-05-24,883.654,-4.603681580863308,-2.622136910805839,-3.3246648,1.1718403151314278,-3.793977225937267,-0.4218055532944915
2022-05-25,882.417,-5.847603835769673,-2.6077462095451662,-3.2305608,1.1657629389009447,-3.773509148446111,-0.4175844677534931
2022-05-26,884.929,-3.3425518593063543,-2.593296238753243,-3.1249382,1.1593438401827256,-3.752640078935968,-0.4132462293558788
2022-05-27,883.113,-5.165525878932579,-2.5787770339591325,-3.081122,1.1525643047358831,-3.731341338695016,-0.4087918246269956
2022-05-28,884.78,-3.505526122108225,-2.564177955894303,-3.1854389,1.1454057086804226,-3.7095836645747258,-0.4042222685510199
2022-05-29,895.233,6.940447183707356,-2.54948770428072,-3.2609491,1.1378495436026743,-3.687337247883394,-0.3995386045546721
2022-05-30,890.616,2.316188496988133,-2.5346943325508766,-3.2185805,1.1298774416617618,-3.6645717742126394,-0.3947419044881187
2022-05-31,891.2489999999999,2.941908576000114,-2.5197852634867823,-3.1158643,1.12147120067004,-3.641256464156823,-0.3898332686026919
2022-06-01,882.087,-6.227606418324207,-2.504747305763724,-3.0028439,1.1126128091203744,-3.6173601148840975,-0.3848138255250737
2022-06-02,888.374,0.0520763160352872,-2.4895666713836606,-2.8935056,1.1032844711331844,-3.592851142516845,-0.3796847322275598
2022-06-03,881.783,-6.546476572865428,-2.4742289939818645,-2.8208344,1.0934686312960755,-3.5676976252779404,-0.3744471739940387
2022-06-04,886.289,-2.04797709695751,-2.45871934798962,-2.913684,1.0831479993690722,-3.541867347358692,-0.3691023643812975
2022-06-05,889.93,1.5856511687433756,-2.443022268634476,-3.2375896,1.0723055748283707,-3.5153278434628468,-0.3636515451752842
2022-06-06,885.657,-2.6950344280366467,-2.4271217727587677,-3.1809099,1.060924671221791,-3.4880464439805583,-0.3580959863419359
2022-06-07,882.6650000000001,-5.694420466613208,-2.4110013804360277,-3.0738773,1.0489889403091328,-3.45999032074516,-0.352436985972192
2022-06-08,886.174,-2.1928182734249635,-2.394644137363882,-2.9986084,1.0364823959608402,-3.431126533324722,-0.3466758702208137
2022-06-09,891.197,2.822771891763729,-2.3780326380112258,-2.8705862,1.0233894377885562,-3.4014220757997817,-0.3408139932386154
2022-06-10,884.532,-3.8497938447670137,-2.361149049496297,-2.7990682,1.0096948744813663,-3.3708439239776635,-0.3348527370977362
2022-06-11,888.1869999999999,-0.2021624510205839,-2.3439751361716508,-2.8322983,0.9953839468217875,-3.3393590829934383,-0.3287935117095649
2022-06-12,892.444,4.047589925557305,-2.326492284890895,-3.0913038,0.980442350355808,-3.306934635246703,-0.3226377547349386
2022-06-13,883.965,-4.438820288915715,-2.308681530931318,-3.0600092,0.9648562576915904,-3.2735377886229085,-0.3163869314862457
2022-06-14,888.791,0.3797463897046484,-2.290523584545698,-3.004215,0.9486123404017964,-3.2391359249474942,-0.3100425348210526
2022-06-15,890.791,2.372220946485536,-2.27199885811571,-2.911213,0.9316977905048182,-3.2036966486205283,-0.3036060850268947
2022-06-16,893.9449999999999,5.517856027289591,-2.253087493878681,-2.8220582,0.9141003415006111,-3.167187835379292,-0.297079129696862
2022-06-17,890.312,1.876337661134063,-2.2337693921985378,-2.8485577,0.8958082889371941,-3.129577681135732,-0.2904632435956275
2022-06-18,887.337,-1.108079251264921,-2.2140242403512227,-2.8072488,0.8768105104843389,-3.090834750835562,-0.2837600285155654
2022-06-19,885.5079999999999,-2.945308372681475,-2.1938315417940824,-2.7182243,0.8570964854914861,-3.0509280272855683,-0.2769711131226144
2022-06-20,896.7420000000001,8.280656066118489,-2.173170645888132,-2.6067576,0.8366563140072601,-3.009826959895392,-0.2700981527915522
2022-06-21,880.5920000000001,-7.87752465882186,-2.152020778041306,-2.4896197,0.8154807352386105,-2.9675015132799163,-0.2631428294303505
2022-06-22,886.2950000000001,-2.182713291086707,-2.130361070240577,-2.377263,0.793561145428116,-2.9239222156686937,-0.2561068512932944
2022-06-23,886.202,-2.283766564194986,-2.108170591939792,-2.2619226,0.7708896151284458,-2.8790602070682376,-0.2489919527825536
2022-06-24,892.0590000000001,3.565797434226618,-2.0854283812699954,-2.1349652,0.7474589058536911,-2.8328872871236865,-0.2417998942379081
2022-06-25,894.749,6.248232086421751,-2.0621134765382108,-2.0071526,0.7232624860877601,-2.785375962625971,-0.2345324617143357
2022-06-26,884.6659999999999,-3.843207559068476,-2.0382049479803768,-1.8821213,0.6982945466307491,-2.7364994946111256,-0.2271914667471894
2022-06-27,883.909,-4.608153009549451,-2.0136819297336426,-1.7452674,0.672550015264797,-2.68623194499844,-0.2197787461046904
2022-06-28,886.105,-2.4191180618732298,-1.9885236519929097,-1.6258403,0.6460245707216121,-2.634548222714522,-0.2122961615274908
2022-06-29,893.445,4.913937946036329,-1.962709473316072,-1.5468738,0.6187146559345188,-2.581424129250591,-0.2047455994550578
2022-06-30,890.28,1.7411325352250846,-1.936218913042225,-1.4527452,0.5906174905586381,-2.5268364036008637,-0.197128970738657
2022-07-01,892.9939999999999,4.447302489158542,-1.9090316837867936,-1.3613759,0.5617310827434858,-2.47076276653028,-0.1894482103407166
2022-07-02,889.568,1.0134034776057337,-1.8811277239772783,-1.2856945,0.5320542401430344,-2.413181964120313,-0.1817052770203737
2022-07-03,889.464,0.9012788306846592,-1.8524872303932092,-1.225253,0.5015865801490297,-2.354073810542239,-0.173902153005019
2022-07-04,893.663,5.092157204708043,-1.823090690673691,-1.1934086,0.470328539334164,-2.293419230007855,-0.1660408436476656
2022-07-05,890.434,1.8550686084280188,-1.7929189157558616,-1.1961315,0.4382813820924578,-2.23120029784832,-0.158123377069994
2022-07-06,880.197,-8.39019021149948,-1.7619530722075063,-1.140062,0.4054472084650043,-2.167400280672511,-0.1501518037909226
2022-07-07,881.981,-6.614108769336003,-1.7301747144170403,-1.0715724,0.3718289611401201,-2.1020036755571607,-0.1421281963405965
2022-07-08,884.386,-4.21675029877391,-1.6975658166041048,-0.98081946,0.3374304316176633,-2.034996248221768,-0.1340546488596722
2022-07-09,887.066,-1.5437806257071958,-1.6641088046140744,-0.88389057,0.3022562655282143,-1.9663650701422888,-0.1259332766838226
2022-07-10,892.2719999999999,3.655316971506815,-1.6297865874598811,-0.8058901,0.2663119670986543,-1.8960985545585356,-0.1177662159133795
2022-07-11,892.999,4.375437578583885,-1.5945825885746772,-0.71171755,0.2296039027564857,-1.824186491331163,-0.109555622968067
2022-07-12,893.347,4.716610580517211,-1.5584807767390652,-0.6147819,0.1921393038661776,-1.7506200806052428,-0.101303674126782
2022-07-13,891.773,3.1358582659958105,-1.5214656966468276,-0.5207279,0.1539262685916813,-1.675391965238509,-0.0930125650524062
2022-07-14,884.88,-3.764045062123305,-1.4835224990733231,-0.43654737,0.1149737628801118,-1.5984962619534349,-0.0846845103016492
2022-07-15,892.021,3.3701850145329715,-1.4446369706111128,-0.36753383,0.0752916205625647,-1.5199285911736775,-0.0763217428199355
2022-07-16,884.5070000000001,-4.150722260886882,-1.4047955629375983,-0.30577385,0.0348905425688671,-1.4396861055064654,-0.0679265134213743
2022-07-17,885.19,-3.474398708676488,-1.3639854215798346,-0.23246439,-0.0062179047460317,-1.3577675168338028,-0.0595010902538654
2022-07-18,890.029,1.3581396828125922,-1.3221944141423077,-0.16353264,-0.0480212921653022,-1.2741731219770054,-0.0510477582494125
2022-07-19,887.192,-1.4852408313379528,-1.2794111579635636,-0.08818871,-0.0905063310636618,-1.1889048268999018,-0.0425688185597345
2022-07-20,888.875,0.1915724511613619,-1.2356250471684147,-0.0017393389,-0.133658877750449,-1.1019661694179657,-0.0340665879772865
2022-07-21,889.343,0.6533580061026552,-1.190826279082764,0.080602214,-0.1774639387009675,-1.0133623403817964,-0.0255433983418172
2022-07-22,891.7460000000001,3.050243048887956,-1.1450058799787488,0.1501335,-0.2219056766738509,-0.9231002033048978,-0.0170015959326099
2022-07-23,891.88,3.1781255481693327,-1.0981557301184288,0.22115253,-0.2669674177111762,-0.8311883124072525,-0.0084435408465732
2022-07-24,894.8190000000001,6.110979139040697,-1.050268588065071,0.27716774,-0.3126316590172647,-0.7376369290478063,0.0001283936376365
2022-07-25,887.7819999999999,-0.9328427183757304,-1.0013381142314708,0.3178332,-0.3588800777110623,-0.6424580365204084,0.0087118217092565
2022-07-26,888.205,-0.5164441141837841,-0.951358893635722,0.37697998,-0.4056935404462927,-0.5456653531894293,0.0173043456885998
2022-07-27,889.1940000000001,0.4660773399360951,-0.9003264578354551,0.44126922,-0.4530521138924097,-0.4472743439430453,0.0259035567035473
2022-07-28,881.931,-6.803722951598182,-0.8482373060123573,0.48911378,-0.5009350760687334,-0.3473022299436238,0.0345070353790821
2022-07-29,887.6500000000001,-1.0913890005686957,-0.7950889251796494,0.52792215,-0.5493209285231107,-0.2457679966565387,0.0431123525396042
2022-07-30,892.6579999999999,3.909524834877034,-0.7408798094859637,0.57164407,-0.5981874093456208,-0.1426924001403429,0.0517170699237183
2022-07-31,884.865,-3.8905165672998896,-0.6856094785899689,0.6134737,-0.6475115070070069,-0.038097971582962,0.0603187409112004
2022-08-01,890.182,1.4201822543435778,-0.6292784950810383,0.645552,-0.6972694750105506,0.0679909799295123,0.0689149112618077
2022-08-02,891.915,3.147048055601565,-0.5718884809220647,0.640076,-0.7474368473454079,0.1755483664233432,0.0775031198655895
2022-08-03,885.9979999999999,-2.7759196826701915,-0.513442132891667,0.6894308,-0.797988454728443,0.2845463218367761,0.0860808995043458
2022-08-04,890.371,1.5915712393869534,-0.4539432370037592,0.7397347,-0.8488984416208876,0.3949552046171283,0.0946457776238484
2022-08-05,887.3330000000001,-1.4519583782746055,-0.3933966818837582,0.77335393,-0.9001402840052689,0.5067436021215107,0.1031952771164465
2022-08-06,891.274,2.48419697140421,-0.3318084710815054,0.8120928,-0.9516868079072788,0.6198783368257734,0.1117269171136358
2022-08-07,884.096,-4.698471913470547,-0.2691857343021501,0.8701786,-1.00351020864648,0.7343244743443299,0.1202382137881848
2022-08-08,886.6039999999999,-2.194043432624151,-0.2055367375372893,0.9223427,-1.0555820707989834,0.8500453332616941,0.1287266811653727
2022-08-09,889.726,0.924553903996395,-0.1408708920797781,0.9725284,-1.1078733888544614,0.9670024967746832,0.1371898319428946
2022-08-10,888.642,-0.1626801905328014,-0.0751987624067081,1.0118897,-1.1603545885491444,1.0851558261424363,0.1456251783189696
2022-08-11,886.3389999999999,-2.468746003135617,-0.0085320729162321,1.0599366,-1.212995548855767,1.2044634759395352,0.1540302328281801
2022-08-12,886.158,-2.6513684792125467,0.0591162864949031,1.1144814,-1.2657656246106304,1.3248819111055334,0.1624025091845499
2022-08-13,882.677,-6.133728774762074,0.1277322560252516,1.1633033,-1.3186336697574403,1.446365925782692,0.1707395231313641
2022-08-14,888.0630000000001,-0.7486967534372138,0.197300602744621,1.2096907,-1.3715680611867698,1.568868663931391,0.1790387932972228
2022-08-15,886.794,-2.0185206982403505,0.2678049185618506,1.2378484,-1.4245367231494706,1.6923416417113213,0.1872978420578011
2022-08-16,897.6070000000001,8.794322709178653,0.339227619392741,1.2699131,-1.477507152221656,1.816734771614397,0.1955141964027915
2022-08-17,887.81,-1.0026812758931536,0.4115499455353499,1.298425,-1.5304464427984208,1.9419963883337708,0.2036853888074802
2022-08-18,891.444,2.6313656568121786,0.4847519632584877,1.3305655,-1.5833213130927275,2.0680732763512157,0.211808958108417
2022-08-19,891.811,2.998568089829243,0.5588125676082469,1.3792284,-1.636098131615534,2.194910699223781,0.2198824503826124
2022-08-20,888.984,0.1719260489511249,0.6337094864358764,1.4179354,-1.6887429441125434,2.32245243054842,0.2279034198297012
2022-08-21,897.4490000000001,8.637439559971146,0.7094192856492507,1.4572959,-1.7412215009326293,2.45064078658188,0.2358694296565016
2022-08-22,890.25,1.4391086486823967,0.7859173756887877,1.4958797,-1.7934992848023934,2.579416660491181,0.2437780529633878
2022-08-23,895.123,6.31293334087831,0.8631780192275362,1.5235561,-1.845541538980961,2.708719558208497,0.251626873631896
2022-08-24,895.088,6.278913662351865,0.9411743400937076,1.5591822,-1.897313295768633,2.8384876358623403,0.2594134872129739
2022-08-25,900.532,11.724018905434512,1.0198783334128674,1.5924088,-1.9487794053427343,2.968657738755602,0.2671355018152819
2022-08-26,897.7610000000001,8.954280678372,1.0992608769655234,1.626987,-1.999904564893502,3.099165441859025,0.2747905389929454
2022-08-27,900.007,11.201699002279767,1.1792917437547794,1.6522692,-2.050653348032648,3.2299450917874277,0.2823762346321738
2022-08-28,898.61,9.806273898273776,1.259939615777259,1.6741096,-2.100990234446844,3.360929850224103,0.2898902398361227
2022-08-29,893.433,4.631005387469324,1.3411720989894438,1.7101765,-2.150879639768158,3.4920517387576018,0.2973302218074214
2022-08-30,894.189,5.387674368899821,1.4229557394601478,1.7435294,-2.200285945633188,3.623241685093336,0.3046938647277475
2022-08-31,894.836,6.035533663168778,1.5052560406987636,1.777645,-2.2491735299024547,3.7544295706012174,0.3119788706338553
2022-09-01,896.835,8.035583105841233,1.5880374821474852,1.8163998,-2.2975067970113607,3.8855442791588457,0.3191829602894498
2022-09-02,894.9780000000001,6.179822532482358,1.6712635388247348,1.8629841,-2.345250208423993,4.016513747248728,0.326303874052317
2022-09-03,893.561,4.764251778657233,1.754896702105554,1.8983679,-2.392368313160745,4.147265015266299,0.333339372736102
2022-09-04,889.852,1.0568706799311371,1.838898501623726,1.9203091,-2.438825778370795,4.277724279994521,0.3402872384661521
2022-09-05,889.865,1.0716790718691105,1.9232295282790368,1.94609,-2.484587419920304,4.407816948199341,0.3471452755288293
2022-09-06,892.8009999999999,4.009676790036201,2.007849458332111,1.9843434,-2.529618232967193,4.537467691299304,0.3539113112137046
2022-09-07,896.159,7.369863669997802,2.092717078567844,2.011108,-2.5738834224933558,4.6666005010612,0.3605831966480658
2022-09-08,895.67,6.883239547318818,2.1777903125076,2.031198,-2.6173484337651645,4.795138746272764,0.36715880762315
2022-09-09,902.757,13.972804257564622,2.2630262476489955,2.0374885,-2.6599789826931963,4.923005230342191,0.3736360454115441
2022-09-10,900.0,11.218557636300057,2.348381163711099,2.063282,-2.701741086062144,5.050122249773243,0.3800128375751915
2022-09-11,898.064,9.28549951909045,2.433810561861856,2.09561,-2.7426010916020527,5.176411653463909,0.3862871387634529
2022-09-12,890.396,1.6206297415009487,2.5192691949032864,2.1074755,-2.7825257078721077,5.301794902775393,0.3924569315006775
2022-09-13,897.544,8.771851867775812,2.6047110983892927,2.1219435,-2.821482033928344,5.4261931323176364,0.3985202269627524
2022-09-14,893.089,4.320264664229832,2.690089622649548,2.141135,-2.859437588746965,5.549527211396513,0.4044750657421086
2022-09-15,894.847,6.081867951775456,2.7753574656922737,2.174047,-2.896360340375008,5.6717178060672815,0.4103195186006685
2022-09-16,896.2860000000001,7.524661551325627,2.860466706957581,2.2073724,-2.9322187347805118,5.792685441738093,0.4160516872102356
2022-09-17,900.723,11.965645283792764,2.945368841892176,2.2265377,-2.9669817243745045,5.912350566266681,0.4216697048798355
2022-09-18,898.9549999999999,10.20181897008942,3.0300148173153105,2.1662092,-3.000618796177527,6.030633613492837,0.4271717372695351
2022-09-19,900.445,11.696182431128658,3.1143550675450804,2.1195319,-3.033099999603665,6.147455067148746,0.4325559830902732
2022-09-20,898.338,9.593735487822643,3.1983395512532438,2.0427697,-3.064395973835534,6.262735525088777,0.4378206747892519
2022-09-21,894.307,5.567477961084366,3.281917789015956,1.9939079,-3.0944779747639166,6.376395763779872,0.4429640792204585
2022-09-22,892.7270000000001,3.9917653705769016,3.3650389015270474,2.0098531,-3.123317901466286,6.488356802993334,0.4479844982998914
2022-09-23,891.6129999999999,2.8822243302759705,3.4476516484398574,2.0669875,-3.150888322198908,6.598539970638765,0.4528802696450851
2022-09-24,894.227,5.500854565682154,3.5297044678026244,2.134168,-3.1771624998774834,6.706866967680108,0.4576497671985505
2022-09-25,890.713,1.9916558022954107,3.6111455160521744,2.1948645,-3.202114417022119,6.813259933074294,0.4622914018347455
2022-09-26,891.826,3.1096277656160365,3.691922708529664,2.242747,-3.225718800142616,6.917641508672279,0.4668036219502293
2022-09-27,898.7570000000001,10.045770181144128,3.771983760481774,2.2872784,-3.247951143540821,7.019934904022595,0.4711849140366552
2022-09-28,896.8580000000001,8.152082774379844,3.851276228510054,2.306407,-3.2687877325072536,7.120063961017308,0.4754338032362761
2022-09-29,896.9979999999999,8.297565270823283,3.9297475524306686,2.320288,-3.2882056658898557,7.217953218320524,0.4795488538796656
2022-09-30,903.947,15.252217395974832,4.007345097506315,2.3509178,-3.3061828780132987,7.313527975519614,0.4835286700053578
2022-10-01,895.8580000000001,7.169038875334811,4.0840161970115965,2.3685377,-3.322698159927937,7.406714356939533,0.487371895861147
2022-10-02,895.7,7.017029434402998,4.159708195092719,2.402927,-3.3377311799681304,7.49743937506085,0.4910772163867867
2022-10-03,893.8960000000001,5.219188798679805,4.234368489882163,2.4372947,-3.3512625036003763,7.585630993482539,0.4946433576778656
2022-10-04,893.011,4.340516693665242,4.307944576828387,2.4692957,-3.363273612542315,7.671218189370702,0.4980690874306435
2022-10-05,895.929,7.265012844859733,4.380384092200643,2.5042212,-3.3737469231344863,7.75413101533513,0.5013532153676571
2022-10-06,896.073,7.415676977763346,4.451634856728459,2.5535595,-3.382665803947328,7.834300660675787,0.504494593643917
2022-10-07,896.47,7.819508817876425,4.521644919335389,2.5955625,-3.390014592606767,7.911659511942156,0.5074921172335548
2022-10-08,890.893,2.2495080906988343,4.590362600926213,2.627528,-3.395778611822448,7.9861412127486595,0.5103447242967676
2022-10-09,889.659,1.022674521730878,4.657736538186931,2.658366,-3.399944184603444,8.057680722790375,0.5130513965269647
2022-10-10,902.044,13.415007836472803,4.723715727356533,2.6856627,-3.402498648647111,8.126214376003643,0.5156111594780147
2022-10-11,902.378,13.75650776042484,4.788249567929724,2.7140281,-3.403430369887516,8.19167993781724,0.5180230828715107
2022-10-12,896.993,8.37917401908704,4.851287906249597,2.7344298,-3.4027287551907244,8.254016661440321,0.5202862808840205
2022-10-13,898.5490000000001,9.943006337959677,4.912781078949454,2.7438567,-3.400384264185049,8.313165343134504,0.522399912414265
2022-10-14,895.571,6.97300444254279,4.972679956202917,2.7806506,-3.396388420215221,8.369068376418138,0.5243631813302297
2022-10-15,903.787,15.197168058336748,5.03093598474171,2.8062868,-3.3907338204102886,8.421669805151998,0.5261753366961985
2022-10-16,897.9430000000001,9.361025405886048,5.087501230600555,2.8190053,-3.3834141448558963,8.470915375456451,0.5278356729797558
2022-10-17,900.317,11.743060740645102,5.142328421548942,2.839192,-3.374424164862546,8.516752586411489,0.5293435302387781
2022-10-18,900.755,12.189273716351249,5.195370989169694,2.876177,-3.3637597503221826,8.559130739491877,0.5306982942885027
2022-10-19,894.485,5.927663986741537,5.246583110544577,2.9082127,-3.351417876146494,8.598000986691071,0.5318993968487419
2022-10-20,893.4590000000001,4.910231205553076,5.295919749507506,2.9434206,-3.3373966277811147,8.63331637728862,0.5329463156713534
2022-10-21,900.38,11.839870495633994,5.343336697426298,2.9489112,-3.321695205790779,8.665031903217077,0.533838574648088
2022-10-22,908.814,20.282688929203985,5.388790613474342,2.729274,-3.304313929511546,8.693104542985887,0.5345757438989521
2022-10-23,905.259,16.736686144090598,5.432239064353863,2.7002592,-3.28525423976686,8.717493304120723,0.5351574398412506
2022-10-24,895.839,7.325861778121239,5.4736405634332135,2.6012912,-3.264518700645408,8.738159264078622,0.5355833252394764
2022-10-25,893.3480000000001,4.844215469123386,5.512954609260834,2.5770147,-3.242111000339392,8.755065609600226,0.5358531092362525
2022-10-26,896.3109999999999,7.816746854924396,5.550141723419291,2.4982207,-3.2180359510428795,8.76817767446217,0.5359665473645321
2022-10-27,899.907,11.422455573352202,5.585163487683354,2.4811254,-3.192299487910802,8.777462975594156,0.5359234415412851
2022-10-28,904.05,15.575341262233945,5.6179825804466414,2.481609,-3.1649086670799624,8.782891247526603,0.5357236400429163
2022-10-29,901.338,12.873173412826953,5.648562812382082,2.4730806,-3.1358716627544907,8.784434475136573,0.5353670374626818
2022-10-30,895.159,6.7041881671691685,5.676869161302139,2.4427133,-3.1051977633588743,8.782066924661013,0.5348535746503681
2022-10-31,898.454,10.009385128059574,5.702867806185461,2.4219768,-3.072897366762793,8.775765172948255,0.5341832386345363
2022-11-01,903.552,15.11776389829752,5.726526160337348,2.0875318,-3.038981974582713,8.765508134920061,0.5333560625276357
2022-11-02,900.845,12.42132408068201,5.747812903652381,1.9325768,-3.003464185566141,8.751277089218522,0.5323721254142981
2022-11-03,895.555,7.142065278012205,5.766698013948114,1.9129988,-2.9663576880653366,8.73305570201345,0.531231552223155
2022-11-04,898.344,9.941797264054124,5.783152797339883,1.7354747,-2.927677251608074,8.710830048947958,0.5299345135825219
2022-11-05,895.649,7.257714714535988,5.79714991762747,1.1364734,-2.887438717573975,8.684588635201445,0.5284812256603049
2022-11-06,894.572,6.191817203365183,5.808663424665352,0.9253971,-2.845658988985707,8.654322413651059,0.5268719499885017
2022-11-07,888.879,0.51010430444886,5.8176687816892585,0.42937893,-2.8023560194252406,8.6200248011145,0.5251069932726747
2022-11-08,893.288,4.930575591694168,5.824142891572579,0.16811551,-2.757548801086143,8.581691692658723,0.5231867071867968
2022-11-09,898.9110000000001,10.565230639008378,5.82806412198731,0.07386643,-2.711257351973665,8.539321473960975,0.5211114881538541
2022-11-10,898.454,10.120069020298583,5.829412329445279,0.08139842,-2.663502702265274,8.492915031710552,0.5188817771126345
2022-11-11,888.9979999999999,0.6760903094719848,5.828168882196161,0.0583943,-2.614306879844937,8.442475762041099,0.516498059271104
2022-11-12,891.5020000000001,3.1921674582841693,5.824316681960222,0.021790722,-2.5636928950253166,8.388009576985539,0.5139608638468065
2022-11-13,894.378,6.080367002533826,5.817840184474535,0.05411224,-2.5116847244727807,8.329524908947315,0.5112707637947167
2022-11-14,887.479,-0.8062830696510406,5.808725418832698,0.08416691,-2.458307294350767,8.267032713183465,0.5084283755229856
2022-11-15,898.601,10.328299992147947,5.796960005599116,0.13337852,-2.403586462697946,8.200546468297063,0.5054343585970186
2022-11-16,888.8430000000001,0.5830610390267088,5.782533173680001,0.1874611,-2.347549001058071,8.130082174738071,0.502289415432343
2022-11-17,889.999,1.7519996221445382,5.765435775934618,0.22784904,-2.2902225753793486,8.055658351313966,0.4989942909767148
2022-11-18,888.167,-0.0668847073388336,5.745660303511219,0.27081224,-2.231635726201596,7.977296029712814,0.4955497723819164
2022-11-19,892.805,4.583997132498015,5.723200898893469,0.31279323,-2.1718178481502344,7.895018747043704,0.4919566886657098
2022-11-20,891.098,2.8900440079973984,5.698053367644307,0.3471503,-2.110799168756719,7.808852536401026,0.4882159103644071
2022-11-21,894.1419999999999,5.947064889598547,5.670215188835378,0.38388798,-2.048610726625624,7.718825915461002,0.4843283491765117
2022-11-22,892.298,4.1152489469809606,5.639685524151471,0.37497658,-1.985284348969162,7.624969873120633,0.4802949575979005
2022-11-23,891.139,2.968533124676816,5.606465225660528,0.39241678,-1.9208526285304592,7.527317854190986,0.4761167285490051
2022-11-24,890.208,2.0499521411104227,5.570556842241135,0.3963357,-1.855348899917536,7.425905742158671,0.471794694994451
2022-11-25,889.772,1.626395838668444,5.531964624660516,0.39534715,-1.788807215370209,7.320771840030725,0.4673299295556101
2022-11-26,889.715,1.5817119945076876,5.490694529297483,0.3529341,-1.721262319982934,7.211956849280416,0.4627235441165322
2022-11-27,895.1080000000001,6.987097871958845,5.446754220505875,0.32471573,-1.65274962640678,7.099503846912655,0.4579766894236931
2022-11-28,902.345,14.236384813991624,5.400153071615378,0.2151813,-1.5833051890543155,6.9834582606696936,0.4530905546800152
2022-11-29,897.241,9.144785615406542,5.350902164567822,0.22177154,-1.5129656778315614,6.863867842399383,0.448066367133601
2022-11-30,903.659,15.575299490644053,5.29901428818839,-0.034893636,-1.441768351421507,6.740782639609897,0.4429053916616149
2022-12-01,900.783,12.711714637170417,5.244503935092325,-0.645189,-1.3697510301440925,6.614254965236418,0.4376089303497444
2022-12-02,899.375,11.315915907912414,5.187387297229031,-0.645938,-1.2969520684178415,6.484339365646872,0.43217832206766
2022-12-03,895.297,7.250159638542637,5.127682260066749,-0.6485282,-1.2234103268486742,6.3510925869154224,0.4266149420408943
2022-12-04,889.317,1.28150552631035,5.0654083954221525,-0.8784752,-1.1491651439716697,6.214573539393822,0.4209202014195422
2022-12-05,899.1479999999999,11.123919811768204,5.000586952940527,-1.0399429,-1.074256307671806,6.074843260612333,0.4150955468441819
2022-12-06,898.196,10.18340147576439,4.933240850233316,-1.0416406,-0.9987240263099316,5.931964876543248,0.4091424600093966
2022-12-07,894.696,6.694737118783445,4.863394661681263,-1.034133,-0.922608899580427,5.7860035612616905,0.4030624572252881
2022-12-08,892.712,4.721843344325524,4.791074605912241,-1.3204416,-0.8459518891271154,5.637026495039357,0.3968570889773303
2022-12-09,894.188,6.209016071345886,4.716308531964493,-1.4618326,-0.7687942889442467,5.48510282090874,0.3905279394849301
2022-12-10,888.967,0.9992542052579174,4.639125904146745,-2.217388,-0.6911776955893262,5.330303599736071,0.3840766262590288
2022-12-11,892.9019999999999,4.945556651475005,4.559557785608204,-2.4815104,-0.6131439782347906,5.172701763842995,0.3775047996590747
2022-12-12,891.7239999999999,3.77892231541069,4.477636820632433,-2.5112152,-0.5347352485854943,5.012372069217927,0.3708141424496822
2022-12-13,893.148,5.214228307480532,4.393397215670219,-2.5047727,-0.4559938306890306,4.84939104635925,0.3640063693572795
2022-12-14,893.656,5.733163268863326,4.306874719127776,-2.493936,-0.3769622306659168,4.683836949793692,0.3570832266270284
2022-12-15,891.698,3.786143185718084,4.218106599927677,-2.4730988,-0.2976831063866326,4.51578970631431,0.3500464915802867
2022-12-16,885.3149999999999,-2.585833118070164,4.127131624861019,-2.4218197,-0.2181992371224327,4.345330861983452,0.342897972172875
2022-12-17,890.861,2.9712331813838317,4.033990034750328,-2.3720276,-0.1385534931968076,4.172543527947136,0.3356395065543818
2022-12-18,894.808,6.929331954901455,3.9387235194439407,-2.3253229,-0.0587888056643398,3.9975123251082807,0.3282729626287317
2022-12-19,894.3839999999999,6.516005158671973,3.8413751916634,-2.2759273,0.0210518639564552,3.820323327706944,0.32080023761623
2022-12-20,891.558,3.700704541162828,3.741989559726557,-2.3356867,0.1009255538698447,3.641064005856713,0.3132232576172618
2022-12-21,884.8620000000001,-2.98457114401275,3.640612499169989,-2.3777363,0.1807893320829073,3.459823167087082,0.3055439771778329
2022-12-22,884.76,-3.0750685792665826,3.537291223295369,-2.3691578,0.2606003263528074,3.276690896942561,0.2977643788570944
2022-12-23,898.054,10.23051167051624,3.4320742526652497,-2.4602811,0.3403157539755462,3.0917584986897038,0.2898864727969975
2022-12-24,891.405,3.593116988369734,3.325011383574696,-2.5360303,0.419892951390664,2.905118432184032,0.281912296294192
2022-12-25,875.991,-11.809253751502087,3.2161536555260763,-2.5614524,0.4992894035765792,2.716864251949497,0.2738439133742749
2022-12-26,881.146,-6.642567222656996,3.105553317735099,-2.689566,0.5784627732117735,2.5270905445233254,0.2656834143684649
2022-12-27,886.6045,0.1490442063829871,2.993263794697178,-3.9816098,0.6573709295770817,2.3358928651200963,0.2574329154927716
2022-12-28,892.0630000000001,4.297866931371248,2.8793396508437263,-4.0779486,0.7359719771750143,2.143367673668712,0.2490945584297023
2022-12-29,890.867,3.113577863211102,2.763836554318964,-4.208907,0.8142242840421627,1.9496122702768008,0.2406705099125327
2022-12-30,890.2613333333333,2.480546592367572,2.646811239908496,-5.1550145,0.8920865097313339,1.7547247301771622,0.2321629613121482
2022-12-31,889.6556666666667,2.010800508416217,2.52832147115152,-5.4573193,0.9695176329404176,1.5588038382111025,0.223574128226446
2023-01-01,889.05,1.3318161297008937,2.4084260016693224,-5.433268,1.046476978765404,1.3619490229039184,0.2149062500722643
2023-01-02,887.59,-0.1164153301960211,2.287184535743226,-5.4144588,1.1229242455555604,1.1642602901876655,0.2061615896797929
2023-01-03,888.893,1.198334121618902,2.1646576881758537,-5.3817563,1.1988195313491556,0.965838156826698,0.1973424328893928
2023-01-04,900.966,13.283088468921685,2.0409069434701,-5.437655,1.2741233598686716,0.7667835836014283,0.1884510881507419
2023-01-05,893.1179999999999,5.446389711885374,1.9159946143606368,-5.910268,1.348796706055058,0.5671979083055787,0.1794898861241991
2023-01-06,885.4830000000001,-2.177848204032234,1.7899837997334709,-5.894385,1.4228010211209745,0.3671827786124966,0.170461179284263
2023-01-07,881.087,-6.562838553213588,1.6629383419693586,-6.063268,1.4960982571037094,0.1668400848656492,0.1613673415249854
2023-01-08,899.598,11.959929847102208,1.5349227837473156,-6.3983593,1.5686508908989307,-0.0337281071516151,0.1522107677671763
2023-01-09,893.084,5.45724027759309,1.4060023243450446,-6.7158785,1.6404219477571007,-0.2344196234120561,0.1429938735672278
2023-01-10,890.346,2.730295670222015,1.2762427754731296,-6.8105454,1.711375024224944,-0.4351322487518145,0.1337190947273573
2023-01-11,891.303,3.698215841815988,1.145710516680485,-6.9533863,1.7814743105150657,-0.6357637938345806,0.1243888869070617
2023-01-12,882.479,-5.115066393499957,1.014472450368605,-7.049952,1.8506846122874367,-0.8362121619188319,0.1150057252355552
2023-01-13,873.655,-13.928331926631314,0.8825959564524933,-7.3169966,1.9189713718270665,-1.036375415374573,0.1055721039249419
2023-01-14,877.709,-9.863590363469449,0.7501488467063887,-7.6946044,1.9863006886029888,-1.2361518418966,0.0960905358838668
2023-01-15,886.0835,-0.1633504243867456,0.6171993188324572,-7.8442483,2.0526393391942603,-1.4354400203618032,0.0865635523313701
2023-01-16,894.458,6.906768280628642,0.4838159102908908,-7.7631903,2.1179547965694123,-1.6341388862785216,0.0769937024106514
2023-01-17,885.593,-1.9477155081979007,0.35006745192988,-7.613362,2.1822152487065303,-1.8321477967766504,0.067383552802442
2023-01-18,878.736,-8.794232171517688,0.2160230214539691,-7.7394156,2.245389616541811,-2.0293665950878417,0.057735687337665
2023-01-19,893.756,6.236216997737178,0.0817518967693468,-7.6569157,2.307447571235238,-2.225695674465891,0.0480527066090553
2023-01-20,882.34,-5.169889500234547,-0.0526764907552876,-7.4875164,2.368359550742634,-2.421036041497921,0.0383372275813912
2023-01-21,880.735,-6.7650310516053445,-0.1871926030739315,-7.3525357,2.42809677568428,-2.615289378758212,0.0285918831999838
2023-01-22,885.633,-1.856920041026307,-0.321726842255967,-7.2261896,2.4866312645008297,-2.808358106756797,0.0188193219970552
2023-01-23,883.664,-3.815813185308535,-0.4562095972482433,-7.09115,2.5439358478881915,-3.0001454451364347,0.009022207695634
2023-01-24,885.278,-2.191720133121545,-0.5905712905681695,-6.964685,2.599984182503655,-3.190555473071824,-0.0007967811894289
2023-01-25,877.7620000000001,-9.697616891530624,-0.7247424248900552,-6.8426814,2.65475076393642,-3.379493188826475,-0.010634951753716
2023-01-26,880.486,-6.963567171145235,-0.8586536294868808,-6.712247,2.708210938936387,-3.566864568423268,-0.0204895971091735
2023-01-27,880.337,-7.102572278317979,-0.9922357064900648,-6.6108294,2.760340916895863,-3.752576623385928,-0.0303579967941339
2023-01-28,886.1790000000001,-1.2506335194015792,-1.1254196769299811,-6.5016174,2.811117780579566,-3.936537457509548,-0.0402374171878493
2023-01-29,884.62,-2.799752200749088,-1.258136826520505,-6.414724,2.8605194960991835,-4.118656322619689,-0.0501251119299564
2023-01-30,887.563,0.1530703712869834,-1.3903187511509243,-6.2828026,2.908524922129347,-4.298843673280271,-0.0600183223453144
2023-01-31,879.4250000000001,-7.975227827376097,-1.521897402049268,-6.1741223,2.9551138183628267,-4.477011220412095,-0.0699142778746397
2023-02-01,885.9449999999999,-1.4455249903460512,-1.6528051305813038,-6.0733647,3.000266853203379,-4.653071983784683,-0.0798101965113849
2023-02-02,885.876,-1.5048585694651124,-1.7829747326499283,-5.974619,3.0439656106955133,-4.826940343345441,-0.0897032852452978
2023-02-03,882.9939999999999,-4.377067026199946,-1.912339492660371,-5.9719524,3.0861925966912214,-4.998532089351592,-0.0995907405131107
2023-02-04,880.922,-6.439116589265701,-2.040833227016792,-5.9001355,3.126931244254349,-5.167764471271141,-0.1094697486567945
2023-02-05,886.688,-0.6631405054482329,-2.168390327116734,-6.180509,3.166165918304212,-5.334556245420947,-0.1193374863898317
2023-02-06,883.1949999999999,-4.145775926710063,-2.2949458018103157,-6.1339064,3.203881919500655,-5.49882772131097,-0.1291911212719431
2023-02-07,878.082,-9.248508605531766,-2.420435319291521,-6.0916314,3.240065487373537,-5.660500806665059,-0.1390278121927167
2023-02-08,875.4929999999999,-11.827268817409117,-2.5447952483899314,-6.016564,3.274703802700394,-5.819499051090325,-0.1488447098645695
2023-02-09,874.772,-12.538105150199728,-2.6679626992315284,-5.9310713,3.307784989136681,-5.975747688368209,-0.1586389573254849
2023-02-10,880.2520000000001,-7.048044841481503,-2.789875563237995,-5.8661814,3.3392981141037312,-6.129173677341726,-0.1684076904519478
2023-02-11,887.441,0.1509109726349109,-2.910472552434879,-5.851136,3.369233188940308,-6.279705741375187,-0.1781480384825085
2023-02-12,886.496,-0.784264240014378,-3.0296932380392807,-5.7687454,3.397581168324215,-6.427274406363496,-0.1878571245523871
2023-02-13,881.8340000000001,-5.436545517938232,-3.1474780882988846,-5.744939,3.424333948971237,-6.571812037270121,-0.1975320662395319
2023-02-14,890.865,3.604065998887126,-3.263768505554681,-5.836946,3.449484367619225,-6.713252873173905,-0.2071699761225335
2023-02-15,883.595,-3.656466845565387,-3.3785068625006227,-5.765148,3.473026198305856,-6.851533060806478,-0.2167679623507815
2023-02-16,883.8399999999999,-3.402110153917663,-3.491636537614254,-5.6902914,3.494954148949238,-6.986590686563492,-0.2263231292272539
2023-02-17,880.29,-6.942865071478884,-3.6031019497331913,-5.5976386,3.515263857241121,-7.118365806974312,-0.2358325778043011
2023-02-18,884.043,-3.1807073475054266,-3.712848591753195,-5.5037794,3.5339518858631047,-7.2468004776163,-0.245293406492786
2023-02-19,878.657,-8.557664224908326,-3.820823063424417,-5.423563,3.5510157170367966,-7.371838780461214,-0.2547027116849254
2023-02-20,879.668,-7.537736845132047,-3.926973103223357,-5.3557787,3.5664537464195294,-7.493426849642885,-0.2640575883911636
2023-02-21,881.9630000000001,-5.233890333569176,-4.031247619278905,-5.458809,3.580265276357685,-7.61151289563659,-0.2733551308913882
2023-02-22,888.614,1.4258391309816112,-4.133596719331794,-5.5674906,3.5924505085103227,-7.726047227842116,-0.2825924334007966
2023-02-23,880.5509999999999,-6.628574983643553,-4.233971739707772,-5.6501207,3.6030105358562703,-7.836982275564042,-0.2917665907506891
2023-02-24,884.3839999999999,-2.787107715953548,-4.332325273285615,-5.8220363,3.6119473340983816,-7.944272607383996,-0.3008746990844531
2023-02-25,883.63,-3.5327602059242844,-4.428611196442244,-5.8216643,3.619263752479113,-8.047874948921356,-0.3099138565689935
2023-02-26,886.48,-0.6745335935319243,-4.5227846949580295,-6.0318303,3.624963504022078,-8.147748198980107,-0.3188811641218246
2023-02-27,886.842,-0.3044036226991724,-4.614802288866394,-6.3060827,3.6290511552146594,-8.243853444081054,-0.3277737261540421
2023-02-28,879.24,-7.898397531003555,-4.70462185623289,-6.7269487,3.631532115147216,-8.336153971380106,-0.3365886513293499
2023-03-01,886.092,-1.0385164545558678,-4.792202655849788,-6.751872,3.63241262412478,-8.424615279974569,-0.3453230533393189
2023-03-02,889.033,1.9102384705333104,-4.877505348833329,-6.742568,3.631699741767611,-8.50920509060094,-0.3539740516950075
2023-03-03,885.535,-1.5801953039514007,-4.960492019111749,-6.727721,3.629401334617238,-8.589893353728987,-0.3625387725350719
2023-03-04,885.3969999999999,-1.7107577791646456,-5.041126192793222,-6.916204,3.625526063265068,-8.66665225605829,-0.3710143494504561
2023-03-05,884.866,-2.2344501004158177,-5.119372856403857,-7.1270094,3.620083369020876,-8.739456225424734,-0.3793979243257362
2023-03-06,878.096,-8.997273413014499,-5.195198473986953,-7.140426,3.613083460138855,-8.808281934125809,-0.3876866481971571
2023-03-07,881.6500000000001,-5.436228862270052,-5.268571003055697,-7.225636,3.604537297619161,-8.873108300674858,-0.3958776821273936
2023-03-08,869.1,-17.979317593492166,-5.339459909392498,-7.394442,3.5944565806031425,-8.93391648999564,-0.4039681980970143
2023-03-09,876.519,-10.55350473593878,-5.4078361806893005,-7.5013576,3.582853731380695,-8.990689912069996,-0.4119553799126296
2023-03-10,881.575,-5.490826472273623,-5.473672339024007,-8.1487055,3.569741880028359,-9.043414219052366,-0.4198364241316495
2023-03-11,880.969,-6.090052722108871,-5.536942452169429,-8.143666,3.55513484869705,-9.092077300866478,-0.4276085410035745
2023-03-12,881.2959999999999,-5.7564095626223954,-5.597622143731964,-8.309888,3.5390471355683544,-9.136669279300316,-0.435268955427692
2023-03-13,882.1360000000001,-4.909898099549114,-5.655688602118416,-8.8715105,3.521493898498602,-9.177182500617018,-0.4428149079270405
2023-03-14,886.9129999999999,-0.1265194386249153,-5.711120588330204,-9.436668,3.502490938369941,-9.213611526700143,-0.4502436556384628
2023-03-15,876.261,-10.772274685584518,-5.763898442585328,-9.451698,3.4820546821678087,-9.245953124753136,-0.4575524733185441
2023-03-16,879.7120000000001,-7.31516494616341,-5.814004089769372,-9.322629,3.4602021658042483,-9.27420625557362,-0.4647386543652022
2023-03-17,876.697,-10.324191326097193,-5.861421043717958,-9.167401,3.436951016706548,-9.298372060424509,-0.4717995118546649
2023-03-18,874.282,-12.733354931120791,-5.906134410333759,-8.988398,3.412319436190764,-9.318453846524523,-0.4787323795935427
2023-03-19,876.457,-10.552656866969732,-5.948130889542494,-9.0520315,3.386326181639641,-9.334457071182134,-0.4855346131856665
2023-03-20,872.322,-14.68204058743233,-5.987398776093018,-9.114023,3.358990548504489,-9.346389324597506,-0.4922035911133443
2023-03-21,878.428,-8.570563283561803,-6.023927959207681,-9.00549,3.3303323521504824,-9.354260311358164,-0.4987367158326424
2023-03-22,881.7629999999999,-5.230226052556029,-6.057709921090064,-8.929578,3.3003719095648103,-9.358081830654877,-0.5051314148822783
2023-03-23,885.2529999999999,-1.7350299916126568,-6.088737734298105,-8.9511595,3.269130020947075,-9.35786775524518,-0.5113851420056833
2023-03-24,877.787,-9.19597619792949,-6.117006057991503,-8.936915,3.2366279512011378,-9.35363400919264,-0.517495378285745
2023-03-25,879.3720000000001,-7.606065768704393,-6.142511133063209,-8.861474,3.2028874113475743,-9.345398544410784,-0.5234596332917363
2023-03-26,873.681,-13.292299801135403,-6.165250776165731,-8.715685,3.167930539875711,-9.333181316041442,-0.5292754462378794
2023-03-27,877.3570000000001,-9.611679392420076,-6.185224372643819,-8.562946,3.131779884054094,-9.317004256697912,-0.5349403871529824
2023-03-28,879.9590000000001,-7.005021904575526,-6.202432868385764,-9.0992775,3.0944583812179705,-9.296891249603735,-0.5404520580605497
2023-03-29,883.1,-3.859386098431724,-6.216878760606767,-9.082442,3.0559893400522538,-9.27286810065902,-0.5458080941687335
2023-03-30,878.326,-8.628890832539211,-6.228566087578259,-8.9748535,3.0163964218882096,-9.244962509466468,-0.5510061650694714
2023-03-31,872.206,-14.744288298468929,-6.2375004173179445,-8.879886,2.975703622031712,-9.213204039349655,-0.5560439759461195
2023-04-01,876.676,-10.269821646254517,-6.2436888352563455,-9.002119,2.933935251140916,-9.177624086397262,-0.5609192687888662
2023-04-02,883.8979999999999,-3.0434918911021502,-6.247139930895975,-9.035371,2.8911159166706413,-9.138255847566615,-0.5656298236171814
2023-04-03,883.79,-3.1469095854835363,-6.247863783480393,-9.006271,2.8472705044006528,-9.095134287881043,-0.570173459708527
2023-04-04,872.749,-14.183380482202748,-6.245871946690766,-8.9260235,2.8024241600646107,-9.048296106755377,-0.5745480368325285
2023-04-05,876.2769999999999,-10.650540909568647,-6.241177432388521,-8.806926,2.756602271096158,-8.997779703484678,-0.5787514564897833
2023-04-06,876.867,-10.055817622396656,-6.233794693423205,-8.800575,2.7098304485082885,-8.943625141931493,-0.5827816631544452
2023-04-07,874.2220000000001,-12.696211502128998,-6.2237396055252185,-9.044918,2.662134508921677,-8.885874114446896,-0.5866366455197115
2023-04-08,883.0360000000001,-3.877723430208131,-6.211029448304034,-8.916088,2.6135404567574105,-8.824569905061445,-0.5903144377453086
2023-04-09,872.8430000000001,-14.066354288076033,-6.19568288537266,-8.817693,2.564074466609061,-8.75975735198172,-0.5938131207060405
2023-04-10,870.469,-16.43610495717499,-6.177719943620163,-8.755137,2.513762865808636,-8.691482809428798,-0.5971308232404591
2023-04-11,877.043,-9.857642143586224,-6.157161991654117,-8.846547,2.4626321172005583,-8.619794108854675,-0.6002657233986681
2023-04-12,878.216,-8.680291823260617,-6.134031717435878,-8.733968,2.410708802137385,-8.544740519573264,-0.6032160496882767
2023-04-13,874.9879999999999,-11.90305086383808,-6.108353105131637,-8.586864,2.3580196037104697,-8.466372708842107,-0.6059800823174737
2023-04-14,873.76,-13.125896779950152,-6.080151411203041,-8.417429,2.3045912902283963,-8.384742701431438,-0.6085561544341948
2023-04-15,874.0360000000001,-12.844830254878406,-6.049453139761281,-8.258349,2.250450698955429,-8.29990383871671,-0.6109426533603158
2023-04-16,874.888,-11.987851971904435,-6.016286017209378,-8.164166,2.195624720121879,-8.211910737331257,-0.6131380218198066
2023-04-17,883.266,-3.604962614309677,-5.9806789661973685,-8.172682,2.1401402812176458,-8.120819247415014,-0.615140759159744
2023-04-18,879.482,-7.38416286537548,-5.94266207891581,-8.195265,2.0840243315798053,-8.026686410495616,-0.6169494225630833
2023-04-19,876.428,-10.433453408383386,-5.902266589753178,-8.17464,2.0273038272845407,-7.929570417037718,-0.6185626282520588
2023-04-20,877.518,-9.338834926614892,-5.859524847343145,-8.081153,1.9700057163532028,-7.829530563696348,-0.619979052681082
2023-04-21,872.045,-14.807308103351582,-5.814470286027994,-7.99295,1.912156924281794,-7.726627210309788,-0.6211974337179826
2023-04-22,876.301,-10.54687362187468,-5.767137396764723,-7.8459682,1.8537843399025864,-7.620921736667309,-0.6222165718124352
2023-04-23,878.9350000000001,-7.908532165465891,-5.717561697500496,-7.76266,1.7949148015860756,-7.5124764990865724,-0.6230353311503959
2023-04-24,875.98,-10.859284417406682,-5.66577970304472,-7.643139,1.7355750837909476,-7.401354786835667,-0.6236526407933735
2023-04-25,878.831,-8.004131060978436,-5.611828894464615,-7.4756126,1.6757918839691104,-7.287620778433726,-0.6240674958013401
2023-04-26,874.5880000000001,-12.24307277946261,-5.555747688031894,-7.330092,1.6155918098324185,-7.171339497864312,-0.6242789583380947
2023-04-27,876.834,-9.99311025614094,-5.497575403747937,-7.177978,1.5550013669870146,-7.052576770734952,-0.6242861587578732
2023-04-28,873.13,-13.693244174294422,-5.437352233475182,-6.9993887,1.494046946940791,-6.931399180415973,-0.6240882966720017
2023-04-29,873.95,-12.869475217204938,-5.37511920870235,-6.8129354,1.4327548154888177,-6.807874024191168,-0.6236846419943923
2023-04-30,866.597,-20.21880406815397,-5.310918167971434,-6.6690145,1.3711511014810889,-6.682069269452523,-0.6230745359646644
2023-05-01,872.694,-14.118231410422846,-5.244791723994177,-6.588103,1.3092617859763465,-6.554053509970523,-0.6222573921476965
2023-05-02,882.681,-4.127757927292983,-5.176783230485968,-6.5801563,1.2471126917851902,-6.423895922271159,-0.6212326974083924
2023-05-03,879.3149999999999,-7.490384302046142,-5.106936748744991,-6.5066156,1.1847294734051406,-6.291666222150131,-0.6200000128604657
2023-05-04,875.735,-11.067111217963452,-5.035297014004459,-6.4465604,1.122137607349751,-6.15743462135421,-0.6185589747880411
2023-05-05,880.552,-6.246939358326633,-4.961909401585683,-6.458336,1.059362382873312,-6.021271784458995,-0.6169092955388868
2023-05-06,879.337,-7.458869406417136,-4.886819892879698,-6.5453806,0.9964288930921638,-5.883248785971862,-0.6150507643880856
2023-05-07,877.394,-9.398902045516357,-4.810075041185027,-6.472644,0.9333620265030808,-5.743437067688108,-0.6129832483709757
2023-05-08,877.401,-9.389037958905886,-4.731721937429112,-6.620316,0.8701864588986433,-5.601908396327755,-0.6107066930841939
2023-05-09,874.0459999999999,-12.741277829867109,-4.651808175800582,-6.484961,0.8069266456789531,-5.458734821479535,-0.6082211234536681
2023-05-10,874.135,-12.64962234168146,-4.570381819319727,-6.331496,0.7436068145586521,-5.313988633878379,-0.6055266444684185
2023-05-11,877.513,-9.269072177630507,-4.4874913653739865,-6.1996284,0.6802509586674623,-5.167742324041448,-0.6026234418790434
2023-05-12,876.282,-10.497628020995757,-4.403185711245267,-6.05673,0.6168828300421859,-5.020068541287452,-0.5995117828597818
2023-05-13,875.068,-11.709290555058711,-4.31751411965564,-5.9112344,0.5535259335074224,-4.871040053163062,-0.5961920166330582
2023-05-14,875.0409999999999,-11.73406046310078,-4.2305261843576325,-5.7428813,0.4902035209418776,-4.72072970529951,-0.5926645750554395
2023-05-15,870.232,-16.540938428403376,-4.142271795795165,-5.5925813,0.4269385859265966,-4.569210381721762,-0.5889299731639561
2023-05-16,871.477,-15.293925134248084,-4.052801106860798,-5.416382,0.3637538587709761,-4.416554965631774,-0.5849888096817464
2023-05-17,870.957,-15.81202126391634,-3.962164498774726,-5.239696,0.300671801911987,-4.262836300686713,-0.5808417674820348
2023-05-18,871.86,-14.90722750068964,-3.87041254711056,-5.082311,0.2377146056815596,-4.10812715279212,-0.5764896140094469
2023-05-19,875.7470000000001,-11.018544527849429,-3.777595987992612,-4.925766,0.1749041844366002,-3.952500172429212,-0.571933201657714
2023-05-20,879.779,-6.98497302867735,-3.68376568448904,-4.764409,0.1122621730457801,-3.796027857534821,-0.5671734681028449
2023-05-21,876.3720000000001,-10.390194042123069,-3.588972593224836,-4.6149383,0.0498099237266722,-3.638782516951508,-0.5622114365908493
2023-05-22,877.058,-9.702519209812632,-3.493267731238215,-4.494366,-0.0124314967734128,-3.4808362344648023,-0.5570482161791653
2023-05-23,881.9970000000001,-4.7619491676921335,-3.396702143103536,-4.378246,-0.07444130966012,-3.322260833443416,-0.5516850019309396
2023-05-24,878.2299999999999,-8.527484551708374,-3.2993268683435533,-4.249286,-0.1361990262457232,-3.16312784209783,-0.5461230750613635
2023-05-25,883.744,-3.012125997807217,-3.201192909153188,-4.1133795,-0.1976844497816969,-3.003508459371491,-0.5403638030352925
2023-05-26,883.498,-3.256874141935458,-3.10235119845669,-3.9928095,-0.2588776769784084,-2.8434735214782814,-0.5344086396154188
2023-05-27,886.5920000000001,-0.1617296200393585,-3.002852568319565,-3.8987782,-0.3197590992204566,-2.683093469099109,-0.5282591248602954
2023-05-28,880.656,-6.096693068065551,-2.902747718736063,-3.8433664,-0.3803094034866082,-2.5224383152494547,-0.5219168850715522
2023-05-29,877.393,-9.358765121960005,-2.8020871868126287,-3.724791,-0.4405095729834298,-2.361577613829199,-0.5153836326896868
2023-05-30,888.2,1.4492645993051532,-2.700921316367204,-3.6163642,-0.50034088750217,-2.2005804288650337,-0.5086611661378503
2023-05-31,885.611,-1.13888069830177,-2.59930022796365,-3.5041964,-0.5597849235085427,-2.0395153044551075,-0.5017513696130794
2023-06-01,890.651,3.902090726546056,-2.497273789400113,-3.3989217,-0.618823553975492,-1.878450235424621,-0.4946562128244889
2023-06-02,873.106,-13.642812905107164,-2.394891586669677,-3.3012078,-0.6774389479690731,-1.7174526387006042,-0.4873777506779626
2023-06-03,882.559,-4.189585595565685,-2.2922028954108327,-3.203469,-0.735613569998015,-1.5565893254128178,-0.4799181229069373
2023-06-04,886.018,-0.7298834903677565,-2.189256652865148,-3.1042914,-0.7933301791374487,-1.3959264737276993,-0.4722795536489098
2023-06-05,882.7049999999999,-4.0422807773796965,-2.0861014303585104,-3.0018606,-0.8505718279378118,-1.2355296024206983,-0.4644643509673525
2023-06-06,894.23,7.483603902362578,-1.9827854063221009,-2.9110882,-0.9073218611298,-1.0754635451923007,-0.4564749063187613
2023-06-07,886.066,-0.6799874229838312,-1.8793563398684503,-2.8721004,-0.9635639141365658,-0.9157924257318848,-0.4483136939646169
2023-06-08,883.2769999999999,-3.46860895735396,-1.7758615449374489,-2.8123224,-1.0192819114044234,-0.7565796335330255,-0.4399832703280703
2023-06-09,888.746,2.0006658831266373,-1.672347865026525,-2.7765653,-1.0744600645634848,-0.5978878004630404,-0.4314862732952399
2023-06-10,891.78,5.034765650999464,-1.5688616485187044,-2.7079034,-1.1290828704296345,-0.4397787780890698,-0.4228254214610303
2023-06-11,886.715,-0.0310150083964151,-1.465448724621511,-2.633969,-1.1831351088595206,-0.2823136157619905,-0.4140035133194499
2023-06-12,890.768,4.021110389758388,-1.3621543799292273,-2.5576005,-1.2366018404700383,-0.1255525394591887,-0.4050234263984473
2023-06-13,884.047,-2.700858854964138,-1.2590233356202605,-2.4639049,-1.2894684042341116,0.0304450686138513,-0.3958881163393432
2023-06-14,890.3330000000001,3.584076557007994,-1.1560997253009206,-2.3729353,-1.3417204149643298,0.1856206896634091,-0.3866006159209764
2023-06-15,887.5600000000001,0.8099159252465684,-1.0534270735061222,-2.2690508,-1.393343760696206,0.3399166871900838,-0.3771640340287494
2023-06-16,884.189,-2.5618288042286377,-0.9510482748670704,-2.1881146,-1.4443245999826693,0.4932763251155989,-0.3675815545687928
2023-06-17,885.745,-1.0065005279890062,-0.8490055739552032,-2.1084254,-1.4946493591114969,0.6456437851562935,-0.3578564353275414
2023-06-18,900.179,13.427654644908827,-0.747340545811243,-2.0724006,-1.5443047292571972,0.7969641834459542,-0.3479920067770437
2023-06-19,889.905,3.15284713717625,-0.6460940771674044,-2.1400042,-1.5932776635789383,0.947183586411534,-0.3379916708264023
2023-06-20,883.502,-3.2511968882368194,-0.5453063483703307,-2.1020026,-1.6415553742758873,1.0962490259055566,-0.3278588995197786
2023-06-21,881.786,-4.9681881357738735,-0.4450168160115431,-2.0223546,-1.6891253296113786,1.2441085135998355,-0.3175972336814571
2023-06-22,886.278,-0.4772431615718617,-0.3452641962718744,-1.9284004,-1.7359752509170412,1.3907110546451666,-0.3072102815085141
2023-06-23,895.356,8.59961900166869,-0.2460864489853316,-1.8683555,-1.7820931095880523,1.5360066606027207,-0.2967017171116892
2023-06-24,881.1790000000001,-5.578739851420801,-0.1475207624276296,-1.8265787,-1.8274671240803584,1.6799463616527288,-0.286075279005111
2023-06-25,887.282,0.5229511462239336,-0.0496035388337178,-1.764635,-1.872085756920709,1.822482218086991,-0.2753347685455786
2023-06-26,879.174,-7.585553616334417,0.0476296193517746,-1.6901212,-1.915937711740032,1.9635673310918065,-0.2644840483221567
2023-06-27,890.263,3.502899453884784,0.1441439224879741,-1.6100292,-1.9590119303405344,2.1031558528285084,-0.2535270404968893
2023-06-28,879.2370000000001,-7.524633283309895,0.2399054060123779,-1.528173,-2.0012975898066943,2.241202995819072,-0.2424677250974898
2023-06-29,884.503,-2.2602516994844115,0.3348809419746774,-1.43407,-2.0427840996701105,2.377665041644788,-0.2313101382629224
2023-06-30,887.337,0.5729504098278115,0.4290382498281864,-1.3446234,-2.0834610991378337,2.51249934896602,-0.2200583704428239
2023-07-01,885.813,-0.95228431130179,0.5223459064780979,-1.2661334,-2.1233184543937,2.645664360871798,-0.2087165645517879
2023-07-02,885.32,-1.4464486041382607,0.6147733555861475,-1.1784593,-2.1623462559817224,2.77711961156787,-0.1972889140795596
2023-07-03,890.653,3.886070442571542,0.7062909161320099,-1.0903462,-2.200534816280523,2.906825732412533,-0.1857796611582555
2023-07-04,886.0120000000001,-0.7554614001981257,0.7968697902321343,-1.0015899,-2.237874667077308,3.034744457309442,-0.1741930945877567
2023-07-05,886.1949999999999,-0.5730219694134191,0.886482070217492,-0.92377675,-2.2743565572497,3.160838627467192,-0.1625335478204833
2023-07-06,891.386,4.617598069804145,0.9751007449720116,-0.8537357,-2.30997145056333,3.285072195535342,-0.150805396906794
2023-07-07,891.6370000000001,4.8674950135,1.0626997055342184,-0.7793808,-2.344710523592868,3.407410229127086,-0.1390130584023031
2023-07-08,885.672,-1.098730831134625,1.1492537499650188,-0.703374,-2.37856516377369,3.527818913738709,-0.1271609872384549
2023-07-09,885.1179999999999,-1.6539955837467744,1.234738587485127,-0.6420781,-2.4115269675911755,3.646265555076303,-0.1152536745577315
2023-07-10,887.7199999999999,0.9467609964123798,1.319130841886099,-0.5762202,-2.4435877389141014,3.7627185808002,-0.1032956455149205
2023-07-11,882.7669999999999,-4.007584680383811,1.402408054219528,-0.5193096,-2.474739487478402,3.87714754169793,-0.0912914570458979
2023-07-12,888.923,2.1470518759973998,1.484548684769328,-0.45113182,-2.5049744275270243,3.989523112296352,-0.0792456956054388
2023-07-13,885.096,-1.6813862133999715,1.565532114312664,-0.38790515,-2.5342849766113407,4.099817090924004,-0.0671629748755837
2023-07-14,878.4530000000001,-8.32563233382071,1.6453386446754217,-0.3124427,-2.5626637545590865,4.208002399234508,-0.0550479334461498
2023-07-15,880.0160000000001,-6.763877900575158,1.7239494985886463,-0.24212816,-2.5901035826134597,4.314053081202106,-0.0429052324689942
2023-07-16,870.225,-16.555873118320168,1.8013468188528663,-0.18732437,-2.6165974827475957,4.417944301600462,-0.0307395532876737
2023-07-17,883.447,-3.3348996354230818,1.877513666817564,-0.15008353,-2.6421386771581457,4.51965234397571,-0.0185555950441904
2023-07-18,886.6800000000001,-0.1025116142943995,1.9524340201835648,-0.104688436,-2.66672058794138,4.619154608124945,-0.0063580722645268
2023-07-19,881.4269999999999,-5.356154886831534,2.026092770136564,-0.049098123,-2.6903368369547302,4.716429607091294,0.0058482875752862
2023-07-20,882.221,-4.56284255137882,2.098475717820314,0.0070771505,-2.7129812458662577,4.811456963686572,0.018058746500797
2023-07-21,889.366,2.5815525808834714,2.169569570158484,0.057314236,-2.7346478363941635,4.904217406552647,0.0302685585066618
2023-07-22,886.787,0.0019061323968259,2.239361935034629,0.12347777,-2.7553308307379623,4.994692765772591,0.0424729720382537
2023-07-23,880.591,-6.195184600234434,2.307841315839944,0.17825784,-2.7750246522025,5.082865968042444,0.0546672324855076
2023-07-24,883.7049999999999,-3.082269097140397,2.374997105398988,0.2219104,-2.7937239260156344,5.168721031414622,0.0668465846871341
2023-07-25,888.138,1.3509429191565965,2.440819579283909,0.24367072,-2.811423480339869,5.252243059623778,0.0790062754433183
2023-07-26,895.1289999999999,8.342136851828833,2.5052998885278472,0.27723426,-2.828118347477811,5.333418236005658,0.0911415560349994
2023-07-27,886.949,0.1617876484775757,2.568430051748931,0.32883054,-2.8438037652709776,5.412233817019908,0.1032476847478123
2023-07-28,883.8399999999999,-2.947143431270633,2.6302029466961128,0.39554167,-2.8584751786908527,5.488678125386965,0.1153199293987568
2023-07-29,885.2529999999999,-1.5340308678360544,2.6906123012288434,0.4623827,-2.8721282416209006,5.562740542849744,0.1273535698636481
2023-07-30,882.407,-4.378801817580852,2.749652683742594,0.5158034,-2.884758818827569,5.634411502570163,0.1393439006033944
2023-07-31,886.655,-0.1288979975092996,2.807319493052641,0.5549719,-2.896362988118049,5.7036824811706905,0.1512862331871322
2023-08-01,893.0559999999999,6.274073419542085,2.863608947748839,0.5968573,-2.90693704268211,5.770545990430949,0.163175898810252
2023-08-02,894.691,7.911039688098159,2.9185180750342554,0.6349222,-2.916477493614794,5.834995568649049,0.1750082508053371
2023-08-03,889.918,3.139930031350911,2.9720446990609326,0.6582828,-2.924981072616504,5.897025771677437,0.1867786671440328
2023-08-04,887.9540000000001,1.177151843774246,3.0241874287761754,0.66542983,-2.9324447348664973,5.956632163642673,0.1984825529278744
2023-08-05,889.139,2.3628239105238973,3.074945645293081,0.68815213,-2.938865662065381,6.013811307358463,0.2101153428660875
2023-08-06,887.888,1.1125210071713103,3.124319488799173,0.70889837,-2.944241265641905,6.068560754441078,0.2216725037383911
2023-08-07,890.246,3.471243035404956,3.1723098450173266,0.7297529,-2.948569190118884,6.120879035136211,0.2331495368408327
2023-08-08,886.916,0.1413647258905628,3.2189183312331564,0.7442668,-2.9518473166326507,6.170765647865807,0.2445419804126947
2023-08-09,894.0669999999999,7.292496443912286,3.2641472819035187,0.7581721,-2.954073766600225,6.218221048503744,0.2558454120425146
2023-08-10,892.8629999999999,6.088637998408569,3.3079997338607483,0.7815188,-2.9552469055278565,6.263246639388605,0.2670554510512877
2023-08-11,893.3050000000001,6.530789198317156,3.350479411127411,0.8122631,-2.955365346954285,6.305844758081696,0.2781677608509147
2023-08-12,885.768,-1.007303132462579,3.3915907093566706,0.8554355,-2.954427956521816,6.346018665878487,0.2891780512759883
2023-08-13,890.9540000000001,4.177621375442846,3.43133867991338,0.89228296,-2.9524338561678194,6.383772536081199,0.300082080887023
2023-08-14,896.695,9.917487984555256,3.4697290136111163,0.93733734,-2.949382428429028,6.419111442040144,0.3108756592432529
2023-08-15,890.903,4.124327053381705,3.5067680241207,0.98378533,-2.9452733208507005,6.4520413449714,0.3215546491431448
2023-08-16,892.222,5.4420336502256985,3.5424626310655736,1.0177741,-2.940106450492347,6.482569081557921,0.3321149688307941
2023-08-17,886.1,-0.681290884342038,3.5768203428197243,1.0330924,-2.933882008521496,6.51070235134122,0.3425525941664064
2023-08-18,889.6690000000001,2.886457615981411,3.6098492390239354,1.0605688,-2.9266004648866897,6.536449703910624,0.3528635607590757
2023-08-19,890.505,3.721135421328122,3.641557952836,1.0933343,-2.918262573060528,6.559820525896528,0.363043966060125
2023-08-20,887.865,1.079784930478497,3.671955652930926,1.0678642,-2.908869374843563,6.580825027774489,0.3730899714152822
2023-08-21,892.137,5.350405762142152,3.701052025267016,0.9183069,-2.8984222052193176,6.599474230486333,0.3829978040740147
2023-08-22,890.171,3.382708548523797,3.728857254633758,0.85305876,-2.8869226972507147,6.615779951884473,0.3927637591543692
2023-08-23,890.5450000000001,3.7549898778909663,3.7553820059976393,0.88617575,-2.8743727870078786,6.629754793005517,0.4023842015617098
2023-08-24,886.6279999999999,-0.163750675030377,3.780637405661933,0.93905276,-2.860774718517105,6.641412124179038,0.4118555678597752
2023-08-25,893.914,7.12051805161653,3.804635022256514,0.989506,-2.846131048720623,6.650766070977137,0.4211743680925284
2023-08-26,888.464,1.6687649037731287,3.8273868475738633,1.052999,-2.830444652436574,6.657831500010437,0.4303371875553056
2023-08-27,888.9820000000001,2.18498946084305,3.8489052772673737,1.1170633,-2.8137187273085726,6.662624004575946,0.43934068851381
2023-08-28,890.9,4.101191302229876,3.869203091428029,1.1807663,-2.795956798733967,6.665159890161997,0.4481816118695587
2023-08-29,881.5509999999999,-5.249629992662513,3.8882934350556617,1.2225072,-2.777162724759878,6.665456159815539,0.4568567787704237
2023-08-30,890.308,3.507067127113249,3.906189798440764,1.2473352,-2.7573407009360054,6.663530499376769,0.4653630921649527
2023-08-31,892.948,6.146766334870862,3.9229059974730096,1.2310761,-2.73649526511304,6.65940126258605,0.473697538299228
2023-09-01,892.174,5.372467439548301,3.938456153892488,1.0778937,-2.7146313021755173,6.653087456068006,0.4818571881550352
2023-09-02,889.529,2.727170250083458,3.952854675499592,0.9974055,-2.691754048697859,6.644608724197451,0.4898391988282117
2023-09-03,891.145,4.342874575414166,3.96611623633958,0.9679424,-2.667869097512367,6.633985333851947,0.4976408148460601
2023-09-04,894.218,7.415580224478338,3.978255756877589,0.9827663,-2.6429824021778354,6.621238159055425,0.5052593694227875
2023-09-05,893.32,6.516998019708629,3.98928838418,1.0202967,-2.617100281337537,6.606388665517537,0.5126922856519835
2023-09-06,889.77,2.9664247396006376,3.999229472117813,1.0709705,-2.590229422955316,6.589458895073129,0.5199370776352037
2023-09-07,893.6659999999999,6.861860149108674,4.00809456160772,1.1353804,-2.5623768884185028,6.570471450026223,0.5269913515457945
2023-09-08,890.689,3.884304013186905,4.015899360906436,1.1969314,-2.533550116496574,6.54944947740301,0.5338528066271396
2023-09-09,890.805,3.999756096789348,4.022659725973735,1.2560798,-2.5037569271443303,6.526416653118066,0.5405192361245829
2023-09-10,889.657,2.851216164870384,4.028391640919553,1.3051776,-2.4730055251386647,6.501397166058218,0.546988528150338
2023-09-11,889.677,2.870683982383701,4.033111198550419,1.3380021,-2.441304503537955,6.474415702088374,0.5532586664807569
2023-09-12,886.2679999999999,-0.5388406857164423,4.0368345810302815,1.362958,-2.4086628469532587,6.44549742798354,0.559327731285396
2023-09-13,892.199,5.3920298574317975,4.039578040670858,1.3983765,-2.375089934620709,6.414667975291567,0.5651938997873825
2023-09-14,889.6070000000001,2.7999021505561226,4.041357880866197,1.4375242,-2.340595543264536,6.381953424130733,0.5708554468546434
2023-09-15,888.617,1.8097760172465784,4.042190437186367,1.4690871,-2.3051898497403887,6.347380286926756,0.5763107455216324
2023-09-16,894.538,7.730651281093974,4.042092058644671,1.5064566,-2.268883433448809,6.31097549209348,0.581558267441248
2023-09-17,893.0930000000001,6.2855277656885375,4.041079089152988,1.53587,-2.2316872785088853,6.272766367661873,0.586596583266713
2023-09-18,895.5,8.692405294620505,4.039167849179371,1.5665634,-2.1936127756823294,6.2327806248617,0.5914243629632389
2023-09-19,899.049,12.241283691480447,4.036374617622114,1.6047021,-2.154671724038489,6.191046341660603,0.5960403760493737
2023-09-20,890.617,3.809162779858713,4.0327156139140925,1.6265152,-2.114876332351008,6.1475919462651,0.6004434917680038
2023-09-21,894.931,8.12304238334577,4.028206980371267,1.6285522,-2.0742392202171214,6.102446200588388,0.6046326791870357
2023-09-22,893.726,6.917922325531792,4.022864764798834,1.6314912,-2.032773418890893,6.055638183689727,0.6086070072298551
2023-09-23,894.9639999999999,8.155802430007267,4.016704903368406,1.6436992,-1.9904923718218916,6.007197275190297,0.6123656446357411
2023-09-24,895.287,8.47868252036275,4.009743203779381,1.6453862,-1.9474099348912324,5.957153138670614,0.6159078598504589
2023-09-25,889.718,2.9095624201883084,4.0019953287176016,1.3786,-1.9035403763371093,5.905535705054711,0.6192330208473336
2023-09-26,895.504,8.695441953074626,3.993476779623834,1.2083777,-1.858898376362369,5.852375155986204,0.6223405948791837
2023-09-27,891.344,4.535320942611934,3.984202880784848,1.154472,-1.8134990264169129,5.797701907201761,0.6252301481615367
2023-09-28,895.711,8.902199212390572,3.974188763759321,1.1752487,-1.7673578281482556,5.741546591907577,0.6279013454876392
2023-09-29,895.76,8.951076586001014,3.9634493521506258,1.083826,-1.7204906920136285,5.683940044164254,0.6303539497758205
2023-09-30,892.485,5.675952887033672,3.951999346738463,1.0025123,-1.6729139355477676,5.624913282286231,0.6325878215498487
2023-10-01,895.42,8.610827939078812,3.9398532109808873,1.0006099,-1.6246442812805728,5.56449749226146,0.6346029183529803
2023-10-02,893.548,6.738701565726994,3.9270251568981855,0.99537784,-1.5756988542994743,5.50272401119766,0.636399294096451
2023-10-03,894.094,7.284573590568513,3.913529131349652,0.94186234,-1.526095179451585,5.439624310801237,0.6379770983432543
2023-10-04,894.1750000000001,7.365443837193718,3.899378802714193,0.9829978,-1.475851178181249,5.375229980895442,0.6393365755280772
2023-10-05,890.484,3.674312129192977,3.884587547985363,1.0168308,-1.4249851649989207,5.309572712984284,0.6404780641143559
2023-10-06,888.594,1.784178290156769,3.869168440291205,1.0658915,-1.3735158435778874,5.242684283869092,0.6414019956894551
2023-10-07,895.371,8.561042143675353,3.85313423684885,1.1234895,-1.3214623024755767,5.174596539324427,0.6421088939990457
2023-10-08,892.919,6.10890351333927,3.83649736736386,1.1790699,-1.2688440104768808,5.105341377840741,0.6425993739218068
2023-10-09,897.378,10.567762222738892,3.819269922883623,1.0975311,-1.2156808115572135,5.034950734440836,0.642874140385644
2023-10-10,898.5849999999999,11.774618095464367,3.801463645114163,0.919421,-1.1619929194635257,4.9634565645776885,0.6429339872266604
2023-10-11,902.582,15.771470955106455,3.783089916209205,0.7423005,-1.107800911912029,4.890890828121233,0.6427797959921852
2023-10-12,897.7610000000001,10.950320625255362,3.764159749040118,0.7407309,-1.0531257244017391,4.817285473441857,0.6424125346892062
2023-10-13,898.3489999999999,11.538166929501228,3.744683777955107,0.74470526,-0.9979886436435697,4.742672421598677,0.641833256479617
2023-10-14,886.944,0.1330096914349552,3.724672250035581,0.77276707,-0.9424113006050288,4.66708355064061,0.6410430983237256
2023-10-15,883.439,-3.372151265353488,3.704135016857387,0.812894,-0.8864156631711854,4.5905506800285725,0.6400432795735356
2023-10-16,897.091,10.28076944578845,3.683081526764319,0.6226895,-0.8300240284230048,4.513105555187324,0.638835100517349
2023-10-17,897.079,10.269682652771843,3.661520817660848,0.6378523,-0.7732590145346125,4.43477983219546,0.6374199408772879
2023-10-18,891.3870000000001,4.578588342416772,3.6394615103308254,0.65551984,-0.7161435522916059,4.355605062622431,0.6357992582613808
2023-10-19,891.786,4.978486501542658,3.6169118022884894,0.6924785,-0.6587008762329388,4.275612678521429,0.6339745865718909
2023-10-20,884.6129999999999,-2.1936228830303515,3.593879462167774,0.75082433,-0.6009545154194822,4.1948339775872565,0.6319475343716197
2023-10-21,890.605,3.799996587919328,3.57037182465554,0.7990002,-0.5429282838327659,4.113300108488306,0.6297197832099475
2023-10-22,889.721,2.916965055129465,3.546395785974123,0.73585856,-0.4846462704079476,4.031042056382071,0.6272930859104077
2023-10-23,896.475,9.671328008808509,3.521957799918017,0.7483135,-0.4261328287055524,3.9480906286235697,0.624669264821638
2023-10-24,890.631,3.82741402766701,3.4970638744493403,0.74560285,-0.3674125662269316,3.864476440676272,0.6218502100335741
2023-10-25,893.656,6.852519992526128,3.47171956885624,0.5097389,-0.3085103333789736,3.780229902235214,0.6188378775607829
2023-10-26,889.3689999999999,2.565645770665132,3.4459299914780828,0.50410825,-0.2494512120939838,3.6953812035720666,0.61563428749487
2023-10-27,888.2130000000001,1.4090330316097153,3.419699798000824,0.541311,-0.1902605041111585,3.609960302111982,0.612241522127917
2023-10-28,881.652,-5.152539214918051,3.3930331903256525,0.5809411,-0.1309637189265985,3.523996909252251,0.608661724048919
2023-10-29,886.9749999999999,0.1701653222020034,3.365933916013563,0.61613774,-0.071586561419127,3.43752047743269,0.6048970942152425
2023-10-30,890.112,3.3069162833099446,3.3384052683080303,0.6586023,-0.0121549191597802,3.3505601874678104,0.6009498900011068
2023-10-31,892.524,5.7187134553154495,3.3104500867378026,0.7101626,0.0473051505867977,3.2631449361510048,0.5968224232251486
2023-11-01,890.803,3.997556625128397,3.282070758301117,0.7601419,0.106767434160359,3.175303324140758,0.5925170581591106
2023-11-02,892.736,5.930445579658712,3.253269219232429,0.6193086,0.1662055750933583,3.08706364413907,0.5880362095197366
2023-11-03,886.563,-0.2426198941837012,3.224046957352328,0.63463914,0.22559308797999,2.9984538693723377,0.5833823404459455
2023-11-04,889.359,2.553555092332447,3.194405015000771,0.49119443,0.2849033726159976,2.909501642384773,0.5785579604633807
2023-11-05,890.1940000000001,3.388780525975562,3.1643439925534413,0.3620562,0.3441097283989278,2.820234264154513,0.5735656234384261
2023-11-06,900.359,13.554056222547464,3.1338640525206163,-0.19716616,0.4031853689780349,2.7306786835425814,0.5684079255237944
2023-11-07,890.0989999999999,3.293863345200532,3.1029649242274115,-0.2538719,0.4621034371427341,2.6408614870846776,0.5630875030977857
2023-11-08,891.842,5.036734689807636,3.0716459090739363,-0.23613717,0.520837019938072,2.5508088891358645,0.5576070306993249
2023-11-09,887.8470000000001,1.0416699932315996,3.0399058863733344,-0.22573552,0.5793591639953612,2.4605467223779733,0.5519692189608673
2023-11-10,893.006,6.200668992335056,3.0077433197654333,-0.23873259,0.6376428910657638,2.3701004286996694,0.5461768125412771
2023-11-11,891.216,4.410731423981317,2.9751562642030054,-0.2726321,0.695661213744282,2.2794950504587232,0.5402325880607557
2023-11-12,888.396,1.5908570250330576,2.9421423735074645,-0.25923118,0.7533871513712777,2.188755222136187,0.5341393520399057
2023-11-13,886.484,-0.3209544676465841,2.9086989084902064,-0.375838,0.8107937460983436,2.0979051623918625,0.5278999388449835
2023-11-14,889.587,2.782323670948683,2.874822745635378,-0.39556316,0.8678540791050956,2.006968666530282,0.5215172086413974
2023-11-15,893.91,7.105664922911776,2.8405103863394463,-0.39534098,0.9245412869530796,1.9159690993863667,0.5149940453574868
2023-11-16,890.615,3.8110690291022378,2.8057579667024117,-0.41631973,0.9808285780628494,1.824929388639562,0.5083333546605853
2023-11-17,889.7929999999999,2.989535730379469,2.770561267865132,-0.39041278,1.036689249299886,1.733872018565246,0.5015380619473654
2023-11-18,890.25,3.4470647676031305,2.734915726886657,-0.60445255,1.0920967026549495,1.6428190242317071,0.4946111103504368
2023-11-19,897.207,10.404655881632506,2.6988164481550694,-0.844858,1.1470244620040868,1.5517919861509826,0.4875554587631295
2023-11-20,891.3720000000001,4.570308813327301,2.662258215324912,-0.8109435,1.2014461899334372,1.460812025391475,0.4803740798843875
2023-11-21,883.992,-2.80897669645325,2.625235503773678,-0.7932936,1.2553357046137013,1.3698997991599766,0.4730699582856461
2023-11-22,881.4889999999999,-5.31113850259279,2.5877424935694697,-0.7783985,1.3086669967090747,1.279075496860395,0.465646088501548
2023-11-23,891.926,5.126797836480732,2.549773082941473,-0.750272,1.361414246305155,1.1883588366363178,0.4581054731463171
2023-11-24,893.957,7.158791540110455,2.511320902244361,-0.70648646,1.4135518398403917,1.09776906240397,0.4504511210575616
2023-11-25,891.695,4.897207310835664,2.472379328407283,-0.66068757,1.465054387025318,1.007324941381965,0.4426860454692546
2023-11-26,887.6690000000001,0.8716074066148902,2.43294149985771,-0.6162518,1.515896737733862,0.9170447621238478,0.4348132622155866
2023-11-27,888.7049999999999,1.9080906671515103,2.3930003319097817,-0.57735825,1.566053998850956,0.8269463330588258,0.4268357879673488
2023-11-28,888.962,2.16565673456796,2.352548532606536,-0.5425953,1.615501551060422,0.7370469815461138,0.4187566385024597
2023-11-29,892.18,5.384305250985899,2.3115786190047087,-0.51390547,1.6642150655573351,0.6473635534473736,0.4105788270122034
2023-11-30,899.1329999999999,12.33803585852743,2.2700829338905484,-0.61207896,1.7121705206688314,0.557912413221717,0.4023053624446872
2023-12-01,898.014,11.219848199314644,2.228053662914454,-0.8039839,1.759344218367388,0.4687094445470661,0.3939392478870008
2023-12-02,893.697,6.903646559508406,2.185482852131875,-1.1943008,1.8057128006606804,0.3797700514711948,0.3854834789874818
2023-12-03,883.614,-3.178473571999469,2.142362425937487,-1.980223,1.8512532658420189,0.2911091600954683,0.3769410424194527
2023-12-04,892.985,6.193532415011957,2.0986842053790378,-2.0706067,1.895942984585557,0.2027412207934804,0.3683149143877415
2023-12-05,909.351,22.56048574983506,2.054439926837093,-2.119602,1.939759715870417,0.1146802109666762,0.3596080591792294
2023-12-06,897.098,10.308424614976015,2.0096212610561137,-2.389023,1.98268162271804,0.0269396383380737,0.3508234277586254
2023-12-07,879.7139999999999,-7.074546548811494,1.964219832512212,-2.7461507,2.02468728772713,-0.060467455214918,0.3419639564106005
2023-12-08,893.981,7.193868869288151,1.9182272391022224,-2.7330444,2.0657557283907084,-0.1475284892884858,0.3330325654293511
2023-12-09,886.857,0.0713783790619533,1.8716350721384345,-2.7043295,2.105866412179913,-0.234231340041479,0.3240321578566102
2023-12-10,887.302,0.5178991711837626,1.8244349366328596,-2.7636385,2.1449992713793717,-0.3205643347465119,0.3149656182690483
2023-12-11,891.642,4.85933298407149,1.77661847185458,-2.7638066,2.183134717659094,-0.4065162458045137,0.3058358116159548
2023-12-12,887.916,1.134710874222454,1.7281773721431233,-2.7157362,2.2202536563681017,-0.4920762842249784,0.2966455821080144
2023-12-13,891.429,4.648963028196639,1.679103407960598,-2.672203,2.2563375005351776,-0.5772340925745796,0.2873977521579368
2023-12-14,888.3180000000001,1.5393289540391994,1.6293884471648907,-2.6224196,2.291368184562305,-0.6619797373974141,0.2780951213736234
2023-12-15,889.413,2.63580819134957,1.5790244764856678,-2.5622907,2.3253281775967567,-0.7463037011110889,0.2687404656044924
2023-12-16,885.9359999999999,-0.8395997202721956,1.5280036231848468,-2.498739,2.3582004965678616,-0.8301968733830147,0.2593365360415107
2023-12-17,887.9899999999999,1.216001667598022,1.4763181768825369,-2.4559004,2.389968718874954,-0.913650541992417,0.2498860583714149
2023-12-18,893.266,6.493634565576384,1.4239606115292842,-2.568124,2.420616994713124,-0.9966563831838396,0.2403917319855395
2023-12-19,899.158,12.387359054003356,1.3709236075050568,-2.9142637,2.45013005902386,-1.079206451518803,0.230856229243581
2023-12-20,890.8660000000001,4.097166153394978,1.317200073824964,-2.9844043,2.47849324305791,-1.161293169232946,0.2212821947925855
2023-12-21,890.0590000000001,3.2916392520442286,1.2627831704316093,-2.9334972,2.5056924855380154,-1.242909315106406,0.2116722449413492
2023-12-22,893.009,6.242732593327193,1.2076663305533577,-2.9385493,2.531714343409636,-1.3240480128562782,0.2020289670903679
2023-12-23,887.276,0.5105927863620359,1.1518432831077894,-2.9105961,2.556546002168026,-1.4047027190602368,0.1923549192173909
2023-12-24,889.721,2.956226479465599,1.0953080751291135,-2.8949997,2.5801752857505216,-1.484867210621408,0.1826526294185698
2023-12-25,890.045,3.281002805731153,1.038055094198114,-2.9191773,2.6025906659832034,-1.5645355717850893,0.1729245955051175
2023-12-26,885.181,-1.582114396072818,0.980079090852944,-2.932405,2.62378127157162,-1.6437021807186758,0.1631732846553244
2023-12-27,893.223,6.460908569017501,0.9213752009588664,-3.1295955,2.6437368966255588,-1.7223616956666925,0.1534011331217035
2023-12-28,883.749,-3.011929056271745,0.861938968014624,-3.1456525,2.662448008708423,-1.800509040693799,0.1436105459929752
2023-12-29,889.3839999999999,2.624407379986128,0.8017663653732291,-3.2298357,2.679905756402094,-1.8781393910288648,0.1338038970105168
2023-12-30,890.83,4.071841242336829,0.7408538183543707,-3.3617861,2.696101976378741,-1.9552481580243704,0.123983528438852
2023-12-31,889.149,2.392414354443207,0.6791982262258215,-3.303934,2.7110291999714278,-2.0318309737456057,0.1141517509896673
