date,gps_raw_up_mm,gps_detrended_mm,gps_seasonal_mm,hydl_original_up_mm,hydl_seasonal_mm,gps_minus_hydl_mm,poroelastic_mm
2021-01-01,415.951,-7.549103700144797,0.7667681042916121,-2.0540981,0.7017080778412983,0.0650600264503138,0.0375834765319249
2021-01-02,429.107,5.602226747425556,0.6797322782536606,-2.152538,0.7485152424925432,-0.0687829642388826,0.0297822054016424
2021-01-03,416.07,-7.439521804638175,0.5925108357465632,-2.291114,0.7950848025030002,-0.202573966756437,0.0219659576621646
2021-01-04,424.086,0.5717636523257319,0.5051473188982553,-2.6034813,0.8413974953975139,-0.3362501764992586,0.0141379817161359
2021-01-05,421.766,-1.7529519778167932,0.4176851547136002,-2.6028004,0.8874341628799617,-0.4697490081663614,0.0063015261563976
2021-01-06,426.151,2.6273051014224267,0.3301676172772531,-2.7387958,0.9331757615469046,-0.6030081442696515,-0.0015401622062693
2021-01-07,418.436,-5.092487228925574,0.2426377903739579,-2.715526,0.9786033735094166,-0.7359655831354587,-0.0093838403030301
2021-01-08,414.5460000000001,-8.986747614800114,0.1551385305692901,-2.8283398,1.023698216914771,-0.8685596863454809,-0.0172262707527573
2021-01-09,417.671,-5.865645403192431,0.0677124307932357,-2.7771735,1.0684416563597867,-1.000729225566551,-0.0250642237919447
2021-01-10,415.428,-8.11252376574485,-0.0195982155319271,-2.7953403,1.1128152131877709,-1.132413428719698,-0.0328944791870774
2021-01-11,419.852,-3.692379823889493,-0.1067514497788701,-2.7717025,1.1568005756611357,-1.2635520254400057,-0.0407138281277854
2021-01-12,418.744,-4.8042106990582925,-0.1937056827778044,-2.9629748,1.2003796090018872,-1.3940852917796915,-0.0485190750991474
2021-01-13,424.156,0.6039864873166227,-0.280419728815806,-3.1435938,1.2435343652924231,-1.523954094108229,-0.056307039731537
2021-01-14,417.481,-6.0750446226801165,-0.3668528389350745,-3.0739257,1.2862470932290964,-1.6530999321641708,-0.0640745586264395
2021-01-15,415.46,-8.10004895846669,-0.4529647334935908,-3.0370433,1.3285002477213457,-1.781464981214936,-0.0718184871567034
2021-01-16,419.932,-3.631764443380794,-0.5387156339526146,-2.9710941,1.3702764993292234,-1.908992133281838,-0.0795357012397329
2021-01-17,422.054,-1.5134404292579426,-0.6240662938566408,-2.9136543,1.4115587435324195,-2.0356250373890603,-0.0872230990821545
2021-01-18,416.53,-7.041333274013757,-0.708978028972691,-2.8483326,1.452330109824045,-2.1613081387967363,-0.094877602894548
2021-01-19,417.245,-6.33018790706624,-0.7934127465569725,-2.8043144,1.4925739706226375,-2.28598671717961,-0.1024961605748592
2021-01-20,415.519,-8.060001488236855,-0.8773329737182716,-2.7458594,1.5322739499960594,-2.409606923714331,-0.1100757473591663
2021-01-21,421.078,-2.504771177346949,-0.9607018848486356,-2.700286,1.5714139321911464,-2.5321158170397817,-0.1176133674385074
2021-01-22,427.286,3.699505865781826,-1.043483328093465,-2.6870244,1.6099780699632331,-2.653461398056698,-0.1251060555405321
2021-01-23,429.56,5.969179062305139,-1.125641850834248,-2.6528018,1.6479507926998318,-2.77359264353408,-0.1325508784747809
2021-01-24,424.271,0.6754051581590255,-1.2071427241587416,-2.6959527,1.6853168143330113,-2.892459538491753,-0.1399449366404478
2021-01-25,428.761,5.160357618573493,-1.2879519662947747,-2.73809,1.722061141035254,-3.0100131073300287,-0.147285365495526
2021-01-26,427.507,3.9002635879931,-1.3680363649853635,-2.756348,1.758169078693767,-3.1262054436791304,-0.154569336986302
2021-01-27,436.243,12.629763082141922,-1.4473634987841368,-3.1773465,1.7936262401585108,-3.2409897389426474,-0.1617940609361895
2021-01-28,424.344,0.723829568126475,-1.5259017572518785,-3.3907194,1.8284185522593988,-3.354320309511277,-0.1689567863929786
2021-01-29,420.521,-3.1060783984537217,-1.6036203600361914,-3.4164214,1.8625322625884275,-3.4661526226246187,-0.1760548029336021
2021-01-30,415.983,-7.650956558616731,-1.680489374818034,-3.4262402,1.895953946042657,-3.576443320860691,-0.1830854419255886
2021-01-31,423.81,0.1691974026237201,-1.7564797341104026,-3.5760884,1.9286705111243487,-3.6851502452347513,-0.1900460777444275
2021-02-01,422.863,-0.7847792491497267,-1.8315632508959687,-3.720529,1.9606692059946516,-3.7922324568906207,-0.1969341289461206
2021-02-02,425.658,2.003164740997498,-1.905712633092056,-3.882026,1.9919376242776488,-3.8976502573697047,-0.203747059394255
2021-02-03,415.609,-8.05303712157614,-1.978901496833008,-3.9823642,2.022463710611716,-4.001365207444724,-0.2104823793409887
2021-02-04,420.251,-3.4182099715775243,-2.0511043785615564,-3.9188888,2.052235765945474,-4.103340144507031,-0.2171376464613935
2021-02-05,412.632,-11.04435156126184,-2.122296745922385,-3.8652663,2.0812424525758404,-4.203539198498225,-0.2237104668406652
2021-02-06,420.008,-3.675459642884192,-2.192455007452719,-3.8011556,2.1094727989259683,-4.301927806378687,-0.2301984959137585
2021-02-07,420.887,-2.8035319686997284,-2.2615565210664164,-3.7353592,2.1369162040611203,-4.398472725127537,-0.2365994393570715
2021-02-08,424.802,1.1044337090364895,-2.3295796013296366,-3.6560173,2.1635624419408,-4.493142043270437,-0.2429110539318537
2021-02-09,421.892,-1.8126340747243843,-2.396503525527682,-3.5691588,2.1894016654056814,-4.585905190933364,-0.2491311482790781
2021-02-10,421.942,-1.7698750905269096,-2.4623085385243813,-3.4916558,2.2144244098982258,-4.676732948422608,-0.255257583665571
2021-02-11,420.012,-3.707497622728887,-2.526975856416835,-3.6012292,2.238621596916046,-4.765597453332881,-0.2612882746812465
2021-02-12,420.62,-3.1070923954629235,-2.5904876689900407,-3.674813,2.2619845371974163,-4.852472206187457,-0.267221189887368
2021-02-13,431.167,7.432342734483971,-2.6528271409773723,-3.941978,2.284504933638546,-4.937332074615918,-0.2730543524157873
2021-02-14,419.117,-4.625846669246866,-2.71397841213463,-3.983242,2.3061748839425,-5.02015329607713,-0.2787858405192016
2021-02-15,425.273,1.522014256487124,-2.7739265961367274,-4.1262145,2.326986882999928,-5.100913479136655,-0.2844137880724987
2021-02-16,419.383,-4.376191304909932,-2.832657778307801,-4.0989456,2.3469338250020124,-5.179591603309813,-0.2899363850253373
2021-02-17,419.332,-4.435339311643187,-2.8901590121968974,-4.03266,2.3660090052862754,-5.256168017483173,-0.2953518778061422
2021-02-18,417.296,-6.479427738360641,-2.946418315012956,-4.0278964,2.384206121916173,-5.33062443692913,-0.300658569677781
2021-02-19,417.287,-6.496454559710405,-3.0014246619343474,-4.136353,2.4015192769956637,-5.402943938930011,-0.3058548210452079
2021-02-20,416.916,-6.875417750340533,-3.055167979309449,-4.23501,2.417942977720088,-5.473110957029537,-0.3109390497154438
2021-02-21,419.004,-4.795199072591792,-3.107639136766447,-4.212633,2.4334721371651096,-5.5411112739315564,-0.3159097311102916
2021-02-22,415.329,-8.477295790561168,-3.158829938251711,-4.183838,2.448102074815524,-5.606932013067235,-0.3207653984322595
2021-02-23,417.872,-5.941343125102094,-3.2087331120175966,-4.1286154,2.461828516836112,-5.670561628853708,-0.3255046427841957
2021-02-24,412.634,-11.18622258679459,-3.2573422995817336,-4.056127,2.474647596086859,-5.731989895668592,-0.3301261132432007
2021-02-25,414.195,-9.632051604354626,-3.3046520436813256,-4.015045,2.4865558518851816,-5.791207895566507,-0.3346285168894306
2021-02-26,420.881,-2.952828022649629,-3.350657775246995,-3.9929056,2.49755022951788,-5.848208004764874,-0.3390106187904467
2021-02-27,422.738,-1.1025496865471185,-3.3953557994222603,-3.9362433,2.507628079505926,-5.902983878928186,-0.3432712419418248
2021-02-28,424.114,0.2667002904733198,-3.438743280655541,-3.8814976,2.51678715662526,-5.955530437280801,-0.3474092671647661
2021-03-01,417.288,-6.566106238845231,-3.4808182268930783,-3.8069289,2.5250256186870685,-6.005843845580147,-0.3514236329615184
2021-03-02,422.734,-1.126856955629861,-3.5215794729019847,-3.7284796,2.532342025081157,-6.053921497983142,-0.3553133353294336
2021-03-03,424.225,0.3574320130488222,-3.561026662753901,-3.6526217,2.5387353350862827,-6.099761997840184,-0.3590774275345531
2021-03-04,414.269,-9.60530179886254,-3.59916023150063,-3.5815203,2.544204905951447,-6.1433651374520775,-0.3627150198456348
2021-03-05,425.533,1.652023842525605,-3.635981386074112,-3.618596,2.548750490752358,-6.184731876826469,-0.366225279229586
2021-03-06,418.959,-4.928720029914436,-3.671492085444041,-3.768833,2.5523722360274514,-6.223864321471492,-0.3696074290092914
2021-03-07,419.037,-4.8573974134011015,-3.705695020067363,-3.7200027,2.5550706791980105,-6.260765699265374,-0.3728607484848787
2021-03-08,412.656,-11.245006216987676,-3.7385935906645447,-3.6854665,2.556846745777102,-6.295440336441647,-0.3759845725194749
2021-03-09,424.988,1.080455650272631,-3.770191886358498,-3.711469,2.5577017463721976,-6.327893632730696,-0.3789782910905641
2021-03-10,423.298,-0.6160174669854199,-3.8004946622125866,-3.7507632,2.5576373734864988,-6.358132035699086,-0.3818413488080638
2021-03-11,420.299,-3.6214432938516072,-3.829507316204929,-3.7055964,2.5566556981240933,-6.386163014329022,-0.3845732444002855
2021-03-12,418.282,-5.644793131932221,-3.857235865676809,-3.64131,2.554759166204306,-6.411995031881116,-0.3871735301689599
2021-03-13,415.509,-8.423948543481833,-3.8836869232935065,-3.5961914,2.551950594790554,-6.435637518084061,-0.3896418114145353
2021-03-14,423.097,-0.8419785629604282,-3.908867672556505,-3.7099924,2.548233168139341,-6.457100840695846,-0.3919777458329889
2021-03-15,423.345,-0.600013725875912,-3.9327858429063536,-3.7851477,2.54361043357499,-6.476396276481344,-0.3941810428853957
2021-03-16,424.49,0.5389176006154428,-3.955449684455957,-3.7263713,2.538086297195844,-6.493535981651801,-0.39625146314154
2021-03-17,419.167,-4.790149680094925,-3.976867942394419,-3.6679826,2.5316650194178334,-6.508532961812252,-0.3981888175988573
2021-03-18,425.964,2.000918473197828,-3.997049831101726,-3.7297583,2.52435121036128,-6.521401041463006,-0.3999929669780105
2021-03-19,418.061,-5.90815297956563,-4.016005008015074,-3.7703068,2.5161498250870027,-6.5321548331020765,-0.4016638209964363
2021-03-20,418.458,-5.517089140812184,-4.033743547287459,-3.7537487,2.5070661586877665,-6.540809705975226,-0.4032013376211835
2021-03-21,416.296,-7.684948332032194,-4.050275913279599,-3.6874464,2.4971058412412286,-6.547381754520828,-0.4046055223023951
2021-03-22,418.561,-5.425728496714331,-4.065612933926094,-3.681903,2.486274832630587,-6.55188776655668,-0.4058764271887899
2021-03-23,415.407,-8.585427578347026,-4.079765774016952,-3.6423924,2.474579417239184,-6.554345191256136,-0.4070141503265002
2021-03-24,415.571,-8.427043520418856,-4.092745908435317,-3.618206,2.462026198525312,-6.554772106960629,-0.408018834842631
2021-03-25,422.583,-1.4205742664182144,-4.1045650953923705,-3.6076612,2.44862209348358,-6.553187188875951,-0.4088906681149112
2021-03-26,419.713,-4.295866527773101,-4.115235349700049,-3.5527227,2.434374326999149,-6.549609676699198,-0.4096298809288009
2021-03-27,416.44,-7.57407747312319,-4.124768916122119,-3.4889543,2.4192904261011945,-6.5440593422233135,-0.410236746623428
2021-03-28,417.412,-6.606930761693057,-4.133178242843809,-3.447384,2.403378214121944,-6.536556456965753,-0.4107115802277097
2021-03-29,423.919,-0.1043694529790597,-4.140475955099904,-3.393444,2.3866458047676566,-6.52712175986756,-0.4110547375880276
2021-03-30,421.843,-2.184439247196645,-4.146674829000861,-3.3178349,2.369101596107891,-6.515776425108752,-0.4112666144887987
2021-03-31,416.085,-7.946667517573953,-4.151787765595975,-3.246866,2.350754264489355,-6.50254203008533,-0.4113476457672954
2021-04-01,422.066,-1.9698395799912036,-4.155827765212258,-3.1721175,2.3316127583806763,-6.487440523592935,-0.4112983044240381
2021-04-02,422.2600000000001,-1.779863066010924,-4.158807902107102,-3.0927665,2.311686292154347,-6.470494194261449,-0.4111191007300887
2021-04-03,422.752,-1.2918797869962635,-4.160741299472129,-3.0273285,2.290984339812058,-6.451725639284186,-0.4108105813325437
2021-04-04,421.304,-2.7442582001840465,-4.161641104825182,-2.9558961,2.269516628659604,-6.431157733484786,-0.4103733283595252
2021-04-05,424.359,0.3065466871067763,-4.161520465826492,-2.8913648,2.247293132937494,-6.408813598763985,-0.4098079585259332
2021-04-06,419.715,-4.341777062508955,-4.160392506554517,-2.8313336,2.2243240674133054,-6.384716573967823,-0.409115122241221
2021-04-07,420.433,-3.628058859673547,-4.15827030427602,-2.802545,2.200619880941784,-6.358890185217804,-0.4082955027204166
2021-04-08,422.002,-2.0632965777567303,-4.155166866744167,-2.7776701,2.176191249998581,-6.331358116742748,-0.4073498150996092
2021-04-09,423.405,-0.6645796294882755,-4.151095110057604,-2.7423284,2.1510490721934814,-6.3021441822510855,-0.406278805557073
2021-04-10,420.642,-3.4319746929891286,-4.146067837112428,-2.7071455,2.1252044597688218,-6.27127229688125,-0.4050832504412002
2021-04-11,418.753,-5.3253260881387465,-4.140097716678104,-2.6465416,2.098668733088762,-6.2387664497668665,-0.4037639554063633
2021-04-12,422.912,-1.170355095475264,-4.133197263127308,-2.5937023,2.071453414124937,-6.2046506772522445,-0.4023217545578168
2021-04-13,420.037,-4.049356386348362,-4.125378816848684,-2.548687,2.0435702199439003,-6.1689490367925846,-0.4007575096067049
2021-04-14,421.499,-2.591317015811589,-4.116654525370312,-2.5121462,2.0150310562016807,-6.131685581571993,-0.3990721090362163
2021-04-15,417.855,-6.239232562769347,-4.1070363252207,-2.4650288,1.9858480106506184,-6.092884335871318,-0.3972664672798965
2021-04-16,423.735,-0.3631032515022454,-4.096535924552838,-2.4073899,1.9560333466635724,-6.05256927121641,-0.3953415239130848
2021-04-17,420.43,-3.671960014770238,-4.085164786555652,-2.3360577,1.9255994967803745,-6.010764283336027,-0.3932982428584176
2021-04-18,420.821,-3.284768557467742,-4.072934113676134,-2.2680948,1.8945590562813703,-5.967493169957505,-0.3911376116062921
2021-04-19,421.402,-2.707511716176713,-4.059854832673852,-2.2054038,1.862924776792642,-5.922779609466494,-0.3888606404511609
2021-04-20,419.686,-4.427066124511798,-4.045937580528622,-2.1603658,1.8307095599274563,-5.876647140456078,-0.3864683617444706
2021-04-21,424.062,-0.0545314242294328,-4.031192691220531,-2.1028104,1.7979264509682555,-5.829119142188787,-0.3839618291650377
2021-04-22,427.589,3.469021757673306,-4.015630183400239,-2.055298,1.7645886325933722,-5.780218815993611,-0.3813421170075921
2021-04-23,423.346,-0.7775052325644909,-3.999259748966213,-2.0026135,1.7307094186525431,-5.729969167618757,-0.3786103194902007
2021-04-24,421.611,-2.515993478663505,-3.982090742564008,-2.0275843,1.696302247995028,-5.678392990559035,-0.3757675500812179
2021-04-25,426.508,2.377580442984253,-3.9641321720214138,-2.1566558,1.6613806783540996,-5.625512850375514,-0.3728149408463853
2021-04-26,428.69,4.556149975009504,-3.945392689731841,-2.1471717,1.6259583802913715,-5.571351070023212,-0.3697536418166422
2021-04-27,424.876,0.7380539696660171,-3.9258805849968015,-2.089564,1.5900491312043716,-5.515929716201173,-0.3665848203771809
2021-04-28,422.395,-1.7470452304815345,-3.905603777337004,-2.0389864,1.5536668094005155,-5.45927058673752,-0.3633096606782187
2021-04-29,419.005,-5.141209279141355,-3.8845698107800257,-1.9902382,1.5168253882404947,-5.40139519902052,-0.3599293630679243
2021-04-30,421.428,-2.722323740638312,-3.8627858491310447,-1.9453391,1.4795389303539028,-5.342324779484947,-0.3564451435478863
2021-05-01,421.165,-2.9892757647337564,-3.840258672231742,-1.9292119,1.4418215819297475,-5.28208025416149,-0.3528582332514616
2021-05-02,420.504,-3.654173515424637,-3.8169946732108113,-1.8788506,1.403687567084298,-5.220682240295109,-0.3491698779453033
2021-05-03,416.15,-8.01201499383572,-3.792999856728157,-1.8215237,1.365151182308556,-5.158151039036714,-0.345381337554307
2021-05-04,423.924,-0.2417982010924104,-3.7682798382133424,-1.7621129,1.3262267909974432,-5.094506629210786,-0.3414938857101818
2021-05-05,419.69,-4.479634361131335,-3.74283984409726,-1.6823615,1.2869288180625924,-5.029768662159852,-0.3375088093237959
2021-05-06,423.374,-0.7994113289728078,-3.71668471303462,-1.6130623,1.247271744630496,-4.963956457665116,-0.3334274081813974
2021-05-07,418.056,-6.121137383341189,-3.689818898113279,-1.5627531,1.207270102827493,-4.897089000940772,-0.329250994564774
2021-05-08,415.739,-8.441800560122836,-3.662246470045002,-1.5190046,1.166938470653012,-4.829184940698014,-0.3249808928953572
2021-05-09,417.465,-6.719388617896524,-3.633971121330661,-1.4786562,1.1262914669421615,-4.760262588272823,-0.320618439402234
2021-05-10,423.138,-1.049909558079174,-3.604996171391593,-1.4250709,1.0853437464187006,-4.690339917810293,-0.3161649818139827
2021-05-11,423.55,-0.6413716593954457,-3.575324572657149,-1.3676771,1.0441099948391446,-4.6194345674962936,-0.3116218790742021
2021-05-12,414.915,-9.279798061795464,-3.544958917597285,-1.3048983,1.0026049242286417,-4.547563841825927,-0.3069905010805587
2021-05-13,419.787,-4.411117530477277,-3.513901446687325,-1.2346866,0.9608432682090352,-4.474744714896361,-0.3022722284471243
2021-05-14,417.572,-6.629362240200221,-3.482154057290938,-1.1729616,0.9188397774193858,-4.400993834710325,-0.2974684522897436
2021-05-15,417.083,-7.121519949542824,-3.4497183134456515,-1.1245135,0.8766092150289861,-4.326327528474637,-0.2925805740341141
2021-05-16,418.112,-6.09559865992221,-3.4165954565341403,-1.0818214,0.8341663523428163,-4.250761808876956,-0.2876100052462224
2021-05-17,422.832,-1.3785963892301414,-3.3827864168230235,-1.0439154,0.7915259644991319,-4.174312381322156,-0.2825581674847413
2021-05-18,421.493,-2.720521416191306,-3.3482918258496097,-1.0311898,0.7487028262587664,-4.096994652108376,-0.2774264921749417
2021-05-19,422.823,-1.39336177669181,-3.313112029635774,-1.0052896,0.7057117078855204,-4.018823737521295,-0.2722164205036375
2021-05-20,418.601,-5.618225329686535,-3.2772471027068724,-1.0093194,0.6625673711168908,-3.939814473823763,-0.2669294033346383
2021-05-21,414.885,-9.337003239813567,-3.2406968628923454,-1.0090833,0.6192845652241945,-3.85998142811654,-0.2615669011441485
2021-05-22,414.058,-10.166693542750084,-3.203460886883483,-0.9829807,0.5758780231610033,-3.779338910044486,-0.2561303839755056
2021-05-23,418.432,-5.795294274173282,-3.165538526522683,-0.95266604,0.5323624577986755,-3.6979009843213584,-0.2506213314126216
2021-05-24,421.599,-2.630803469760336,-3.126928925797326,-0.933438,0.4887525582475734,-3.615681484044899,-0.2450412325714481
2021-05-25,417.195,-7.03710932564482,-3.087631038510396,-0.9149841,0.4450629862624634,-3.5326940247728595,-0.2393915861087514
2021-05-26,417.315,-6.919316732277214,-3.047643646598837,-0.8557658,0.4013083727304348,-3.4489520193292718,-0.2336739002474557
2021-05-27,420.767,-3.4694237090689635,-3.0069653790696744,-0.8367736,0.3575033142395409,-3.3644686933092154,-0.2278896928177696
2021-05-28,417.273,-6.96542827543135,-2.9655947315229203,-0.80343485,0.3136623697262368,-3.279257101249157,-0.2220404913132867
2021-05-29,422.107,-2.1333284507757524,-2.9235300862294133,-0.754657,0.2698000571995754,-3.1933301434289887,-0.2161278329612217
2021-05-30,423.007,-1.235217056143227,-2.880769732730751,-0.70442396,0.2259308505400178,-3.106700583270769,-0.210153264805908
2021-05-31,418.773,-5.471000709497705,-2.837311888927732,-0.65295947,0.1820691763705436,-3.019381065298276,-0.204118343804661
2021-06-01,414.412,-9.833677444227623,-2.7931547226228948,-0.60160595,0.1382294109977316,-2.9313841336206266,-0.1980246369350863
2021-06-02,425.222,0.9748583373250872,-2.7482963734819688,-0.56428003,0.09442587742031,-2.8427222509022787,-0.1918737213128792
2021-06-03,431.927,7.678384966041997,-2.7027349753783936,-0.51315737,0.0506728424026081,-2.7534078177810017,-0.185667184319152
2021-06-04,425.126,0.87602406184683,-2.6564686790843752,-0.46405,0.0069845136102594,-2.6634531926946345,-0.1794066237362956
2021-06-05,421.905,-2.34665783788494,-2.6094956752713934,-0.43559402,-0.0366249631945782,-2.5728707120768157,-0.1730936478913603
2021-06-06,423.308,-0.9452408523659792,-2.561814217782487,-0.41025242,-0.0801415069013156,-2.481672710881172,-0.1667298758059333
2021-06-07,419.284,-4.970723081040109,-2.5134226471381518,-0.38729042,-0.1235511037451902,-2.389871543392961,-0.1603169373514665
2021-06-08,423.268,-0.9876902188598122,-2.464319414237283,-0.34706953,-0.1668398099506474,-2.2974796042866354,-0.1538564734089917
2021-06-09,423.959,-0.2975338981370239,-2.414503104214163,-0.31678352,-0.2099937543268447,-2.204509349887318,-0.1473501360321554
2021-06-10,421.539,-2.718310030341315,-2.363972460412149,-0.3077244,-0.2529991408182941,-2.110973319593855,-0.1407995886124891
2021-06-11,424.242,-0.0160019536899573,-2.3127264084345067,-0.33328894,-0.2958422510137606,-2.016884157420746,-0.1342065060458225
2021-06-12,427.748,3.4892828421712947,-2.260764080232517,-0.36593795,-0.3385094466165041,-1.922254633616013,-0.1275725748987424
2021-06-13,429.251,4.991633802483522,-2.20808483819088,-0.35153025,-0.3809871718790256,-1.8270976663118543,-0.1208994935739878
2021-06-14,426.852,2.591824638835066,-2.1546882991702883,-0.33835724,-0.4232619560054742,-1.731426343164814,-0.1141889724736789
2021-06-15,422.932,-1.3293565281206925,-2.100574358467007,-0.28921014,-0.4653204155248859,-1.6352539429421211,-0.1074427341592635
2021-06-16,419.251,-5.011029282263563,-2.045743213649271,-0.22846952,-0.5071492566384502,-1.538593957010821,-0.1006625135070747
2021-06-17,424.333,0.0703951003933838,-1.9901953882303884,-0.16382241,-0.548735277543968,-1.4414601106864204,-0.0938500578583881
2021-06-18,426.008,1.7448899142377372,-1.9339317551384985,-0.105017036,-0.5900653707406799,-1.3438663843978182,-0.0870071271628723
2021-06-19,423.578,-0.6859284906335796,-1.876953559943193,-0.058390517,-0.631126525317623,-1.24582703462557,-0.0801354941143383
2021-06-20,426.113,1.848393393541624,-1.819262443799261,-0.019105759,-0.6719058292286514,-1.1473566145706098,-0.0732369442776862
2021-06-21,424.778,0.5124136136714124,-1.7608604660683322,0.019624375,-0.7123904715572063,-1.048469994511126,-0.066313276205974
2021-06-22,428.921,4.654418812018552,-1.701750126579271,0.058593262,-0.7525677447739351,-0.949182381805336,-0.0593663015465273
2021-06-23,431.916,7.648062817695048,-1.6419343874887322,0.10474373,-0.7924250469901531,-0.8495093404985791,-0.0523978451350376
2021-06-24,427.502,3.232551644576608,-1.5814166947036772,0.13681991,-0.8319498842101426,-0.7494668104935346,-0.0454097450765954
2021-06-25,422.995,-1.2758610749786872,-1.5202009988281104,0.16811632,-0.8711298725852024,-0.6490711262429081,-0.0384038528126327
2021-06-26,430.139,5.866777780480234,-1.4582917755968765,0.19930995,-0.9099527406722936,-0.5483390349245828,-0.0313820331727607
2021-06-27,429.061,4.787176025148503,-1.3956940457599765,0.23679934,-0.9484063317000796,-0.4472877140598967,-0.0243461644105118
2021-06-28,426.197,1.9215872891873584,-1.332413394381441,0.27961215,-0.9864786058450654,-0.3459347885363755,-0.0172981382220106
2021-06-29,420.426,-3.850909022270351,-1.2684559895175909,0.31958604,-1.0241576425204522,-0.2442983469971387,-0.0102398597466292
2021-06-30,428.895,4.616688688110461,-1.2038286002401526,0.3573281,-1.061431642680268,-0.1423969575598846,-0.0031732475487013
2021-07-01,432.874,8.59438201766521,-1.1385386139706657,0.38818225,-1.0982889311411868,-0.0402496828294787,0.0038997664206061
2021-07-02,430.068,5.786915661188008,-1.0725940530932538,0.41697907,-1.1347179589244052,0.0621239058311513,0.0109772368821274
2021-07-03,425.775,1.4924945368063889,-1.006003590813921,0.44838277,-1.170707305619811,0.1647037148058896,0.0180572053090874
2021-07-04,426.939,2.65497145272014,-0.9387765662353796,0.48286203,-1.2062456817745382,0.2674691155391586,0.0251377000298509
2021-07-05,427.013,2.727448126748694,-0.8709229986173488,0.509015,-1.241321931307967,0.3703989326906183,0.032216736353814
2021-07-06,426.579,2.2918732634744114,-0.802453600793494,0.5200429,-1.2759250339550103,0.4734714331615163,0.0392923167211817
2021-07-07,433.303,9.014352570830184,-0.7333797917169679,0.5394399,-1.3100441077394736,0.5766643160225057,0.0463624308773367
2021-07-08,426.426,2.1358535074033638,-0.6637137081079445,0.5770079,-1.3436684114790856,0.6799547033711411,0.053425056072487
2021-07-09,428.535,4.243428934293206,-0.593468215177323,0.6225966,-1.376787347323738,0.783319132146415,0.0604781572872113
2021-07-10,427.151,2.857749022415286,-0.5226569164023661,0.65058637,-1.4093904633282297,0.8867335469258634,0.0675196874845145
2021-07-11,429.094,4.798863122168635,-0.4512941623309403,0.6763551,-1.4414674560607523,0.9901732937298122,0.0745475878889438
2021-07-12,433.537,9.239816316062427,-0.3793950583924527,0.7120395,-1.473008173248169,1.0936131148557164,0.0815597882932857
2021-07-13,424.741,0.4416466573184094,-0.3069754716948501,0.7608491,-1.5040026164589817,1.1970271447641314,0.0885542073933186
2021-07-14,426.389,2.087323265169001,-0.2340520367883414,0.7992718,-1.5344409438247382,1.3003889070363968,0.0955287531510534
2021-07-15,423.552,-0.7521523743069065,-0.1606421603778705,0.82712066,-1.5643134728004695,1.403671312422599,0.1024813231868508
2021-07-16,425.551,1.244462670331297,-0.0867640249678072,0.84836704,-1.5936106829645695,1.5068466579967623,0.109409805200759
2021-07-17,424.864,0.5545754005397736,-0.012436591423604,0.8653755,-1.6223232188584056,1.6098866274348016,0.1163120774233718
2021-07-18,423.132,-1.1804954010642446,0.0623203995632138,0.90175897,-1.6504418928657123,1.712762292428926,0.123186009096456
2021-07-19,422.257,-2.058500682753065,0.1374864271190995,0.92539793,-1.677957688131747,1.8154441152508467,0.130029460983556
2021-07-20,424.84,0.5218189244941711,0.2130401909522823,0.9382802,-1.7048617615219024,1.9179019524741847,0.1368402859107341
2021-07-21,430.266,5.945247992435325,0.2889596132456716,0.95617855,-1.7311454466193965,2.020105059865068,0.1436163293375494
2021-07-22,429.025,4.701620834216507,0.3652218416866525,0.9693676,-1.7568002567614427,2.1220220984480958,0.1503554299583467
2021-07-23,424.381,0.0550025388027779,0.4418032536399559,0.9860386,-1.781817888113096,2.223621141753052,0.1570554203338575
2021-07-24,426.768,2.439504623181487,0.5186794614683914,1.005122,-1.8061902227778848,2.3248696842462766,0.1637141275530801
2021-07-25,427.131,2.7999262501122595,0.5958253190045985,1.0322456,-1.8299093319440676,2.425734650948666,0.170329373925353
2021-07-26,431.968,7.634475996680642,0.6732149291753045,1.0499827,-1.852967479065216,2.526182408240521,0.1768989777024791
2021-07-27,431.372,7.036108552208381,0.7508216527782918,1.0771579,-1.8753571230736892,2.626178775851981,0.1834207538307192
2021-07-28,431.872,7.533751678603366,0.828618118410356,1.1038018,-1.897070921625294,2.7256890400356504,0.1898925147324152
2021-07-29,421.933,-2.407474151263305,0.9065762335432264,1.1323462,-1.918101734373356,2.8246779679165823,0.1963120711169537
2021-07-30,428.57,4.227472791068967,0.9846671967427196,1.1581552,-1.9384426262701584,2.923109823012878,0.2026772328207375
2021-07-31,428.106,3.761389136365584,1.0628615110248614,1.1713508,-1.9580868708936248,3.020948381918486,0.2089858096757726
2021-08-01,421.014,-3.33255473344232,1.1411289983410895,1.1919671,-1.977027953796838,3.1181569521379275,0.2152356124064374
2021-08-02,427.538,3.189642188138075,1.219438815183162,1.2015263,-1.9952595758779543,3.214698391061116,0.2214244535539466
2021-08-03,421.935,-2.4150597953127573,1.2977594692967542,1.2184105,-2.0127756567677584,3.3105351260645124,0.2275501484279751
2021-08-04,421.901,-2.450620080446625,1.376058837491246,1.2361575,-2.029570338232075,3.405629175723321,0.2336105160848551
2021-08-05,426.047,1.694127131128905,1.454304184531639,1.2501843,-2.045637987585989,3.499942172117628,0.2396033803317194
2021-08-06,428.914,4.55984869159664,1.5324621830969496,1.2510858,-2.060973201116717,3.5934353842136666,0.2455265707559081
2021-08-07,427.2000000000001,2.844714976860119,1.6104989347880847,1.2477632,-2.075570807511816,3.686069742299901,0.2513779237789126
2021-08-08,426.062,1.7051736342662842,1.6883799921665064,1.2516454,-2.089425871289238,3.777805863455744,0.257155283734081
2021-08-09,425.698,1.3397943033969364,1.7660703818036982,1.2574784,-2.1025336962256187,3.8686040780293167,0.2628565039672769
2021-08-10,428.927,4.567577900496954,1.843534628319886,1.2599757,-2.1148898287790105,3.958424457098897,0.2684794479596147
2021-08-11,424.744,0.3834697938168303,1.9207367793890815,1.2818886,-2.1264900615021824,4.047226840891264,0.2740219904713761
2021-08-12,427.436,3.074400537734096,1.997640431686164,1.3146827,-2.137330436442417,4.134970868128581,0.2794820187061526
2021-08-13,429.273,4.910327829734486,2.074208757750167,1.3469331,-2.14740724852362,4.221616006273788,0.2848574334942245
2021-08-14,420.292,-4.071726863000086,2.150404533736888,1.375727,-2.156717048906482,4.3071215826433695,0.2901461504941446
2021-08-15,424.188,-0.1766003371167719,2.2261901680323266,1.3830528,-2.1652566483222264,4.391446816354553,0.2953461014114537
2021-08-16,431.889,7.523487671732521,2.3015277306973743,1.4009378,-2.173023120375436,4.47455085107281,0.3004552352334221
2021-08-17,428.37,4.003536912557308,2.3763789837128098,1.4049246,-2.1800138048112947,4.5563927885241045,0.3054715194786661
2021-08-18,427.658,3.290718685729314,2.450705411992625,1.4103048,-2.186226310742529,4.636931722735154,0.3103929414604568
2021-08-19,427.82,3.4520001495472963,2.5244682551322333,1.4038239,-2.191658519831151,4.716126774963384,0.31521750956251
2021-08-20,423.174,-1.1946367048957462,2.597628539857377,1.3894663,-2.196308589420138,4.793937129277516,0.319943254525999
2021-08-21,430.064,5.6948458067977406,2.6701471131380337,1.3903888,-2.200174955609969,4.870322068748003,0.3245682307465174
2021-08-22,429.913,5.543510707358481,2.741984675930991,1.3956435,-2.203256336274976,4.945241012205967,0.3290905175796734
2021-08-23,428.917,4.547358722248744,2.8131018175133686,1.415411,-2.205551734014302,5.01865355152767,0.33350822065398
2021-08-24,423.266,-1.1038086341163562,2.88345905036876,1.4462249,-2.207060439032297,5.090519489401057,0.3378194731896742
2021-08-25,425.448,1.0781135565097073,2.953016845586451,1.4893863,-2.20778203194301,5.16079887752946,0.342022437322074
2021-08-26,424.85,0.480212932483786,3.021735668733549,1.507863,-2.207716386493505,5.229452055227054,0.3461153054280538
2021-08-27,424.544,0.1744901752611971,3.08957601615887,1.517515,-2.2068636722006043,5.296439688359474,0.3500963014542104
2021-08-28,434.276,9.9069459662974,3.156498451686812,1.5264158,-2.205224356895685,5.361722808582497,0.3539636822452542
2021-08-29,426.695,2.3265809870475964,3.2224636436585734,1.5372154,-2.2027992091720785,5.425262852830652,0.3577157388711579
2021-08-30,426.04,1.6722434892002398,3.2874324022775925,1.5519571,-2.1995893007296727,5.487021703007265,0.3613507979515664
2021-08-31,429.429,5.062090794744914,3.3513657172152977,1.5522234,-2.195596008611248,5.546961725826545,0.3648672229759691
2021-09-01,427.023,2.657123561936886,3.4142247954328857,1.5379666,-2.19082101732511,5.605045812757996,0.3682634156181096
2021-09-02,427.989,3.624262375201598,3.475971099174189,1.5315299,-2.1852663208486014,5.661237420022791,0.3715378170431156
2021-09-03,423.758,-0.6054142092945209,3.5365663840843893,1.5494304,-2.178934224507055,5.715500608591444,0.3746889092057982
2021-09-04,427.404,3.041947343036927,3.595972737408782,1.5576882,-2.1718273467228064,5.767800084131589,0.3777152161385928
2021-09-05,426.192,1.8313174110060144,3.6541526162257534,1.5629076,-2.163948620628932,5.818101236854686,0.3806153052275822
2021-09-06,428.491,4.131865289556679,3.711068885667484,1.5849656,-2.1553012955423654,5.86637018120985,0.3833877884750589
2021-09-07,427.94,3.5825915776259336,3.76668485708205,1.6087768,-2.1458889382911623,5.912573795373213,0.3860313237470725
2021-09-08,426.921,2.5654349569347548,3.820964326090136,1.629004,-2.135715434390689,5.956679760480824,0.3885446160044147
2021-09-09,429.867,5.513402377336904,3.873871610489796,1.6503812,-2.1247849890636448,5.998656599553441,0.390926418515495
2021-09-10,430.914,6.562484025160533,3.925371587962309,1.5982981,-2.113102128098801,6.038473716061111,0.393175534049569
2021-09-11,430.443,6.093741598020521,3.9754297335325006,1.6075537,-2.1006716985435663,6.076101432076067,0.3952908160487831
2021-09-12,419.619,-4.727843490159936,4.02401215673686,1.6264478,-2.087498869225444,6.111511025962304,0.3972711697775187
2021-09-13,425.694,1.3497671296146114,4.071085638452909,1.6385694,-2.073589131097642,6.144674769550552,0.3991155534475185
2021-09-14,426.536,2.1945362304815874,4.116617667343569,1.6413554,-2.058948297404176,6.1755659647477446,0.4008229793173008
2021-09-15,432.477,8.138350290714254,4.160576475870412,1.6555448,-2.043582503659927,6.204158979530339,0.402392514764382
2021-09-16,428.379,4.042852742356912,4.202931075830149,1.6736726,-2.0274982074412278,6.230429283271376,0.4038232833288375
2021-09-17,433.4740000000001,9.140535449579527,4.243651293369034,1.6750234,-2.0107021879827505,6.254353481351784,0.405114465726763
2021-09-18,433.704,9.373388218193146,4.282707803430188,1.4499297,-1.9932015455765024,6.275909349006691,0.4062653008322106
2021-09-19,424.674,0.3464219056432385,4.320072163589576,1.3536382,-1.975003700769012,6.295075864358588,0.4072750866262021
2021-09-20,425.364,1.0395935134980825,4.355716847236753,1.3629409,-1.956116393352864,6.311833240589617,0.4081431811114449
2021-09-21,424.6,0.2789130614494861,4.389615276057105,1.3751849,-1.9365476811489224,6.326162957206027,0.4088690031914066
2021-09-22,423.147,-1.170729933939258,4.42174185177315,1.4001971,-1.9163059385758152,6.3380477903489645,0.4094520335124317
2021-09-23,424.457,0.1426508224321181,4.452071987103004,1.4296656,-1.895399855003338,6.347471842106342,0.4098918152676166
2021-09-24,426.68,2.3692046195986127,4.480582135894934,1.4476228,-1.8738384328867053,6.354420568781639,0.4101879549611897
2021-09-25,427.586,3.2789318769923623,4.507249822397926,1.4800271,-1.851630985678767,6.358880808076693,0.4103401231321781
2021-09-26,427.542,3.2388022542099697,4.532053669628796,1.4871048,-1.828787135517439,6.360840805146236,0.4103480550361887
2021-09-27,430.51,6.210847780238179,4.554973426797579,1.3673687,-1.8053168106859112,6.36029023748349,0.4102115512841505
2021-09-28,427.198,2.903068869827236,4.575989995753766,1.3139937,-1.7812302428433475,6.357220238597114,0.4099304784369275
2021-09-29,432.63,8.339465937727532,4.595085456417046,1.3163245,-1.7565379640240109,6.351623420441056,0.4095047695547341
2021-09-30,425.822,1.5359077854051244,4.612243091157306,1.2871748,-1.7312508034030254,6.343493894560331,0.4089344247003434
2021-10-01,428.313,4.031434601795574,4.627447408089784,1.2862817,-1.7053798838271772,6.332827291916962,0.4082195113951063
2021-10-02,431.309,7.031948507953755,4.640684163252415,1.2859244,-1.678936618109409,6.319620781361824,0.4073601650268714
2021-10-03,431.067,6.794561455846926,4.651940381633673,1.3142083,-1.651932705085922,6.3038730867195945,0.4063565892089117
2021-10-04,431.769,7.501339529270442,4.661204377020527,1.349051,-1.624380125435031,6.285584502455558,0.4052090560890394
2021-10-05,432.517,8.254131098029827,4.668465770637277,1.365568,-1.5962911372571789,6.264756907894456,0.4039179066081277
2021-10-06,432.322,8.063950671564822,4.673715508547626,1.3694621,-1.5676782714157869,6.2413937799634125,0.4024835507073143
2021-10-07,426.871,2.6179273313973583,4.67694587779352,1.3785787,-1.5385543266388635,6.215500204432384,0.4009064674832088
2021-10-08,423.905,-0.3432302248855388,4.678150521245859,1.3484602,-1.5089323643815789,6.187082885627438,0.3991872052904892
2021-10-09,427.45,3.206763206094332,4.677324451143594,1.3439797,-1.4788257034502663,6.156150154593861,0.3973263817913207
2021-10-10,430.622,6.383907883391323,4.674464061299135,1.3422469,-1.448247914388587,6.1227119756877215,0.3953246839510879
2021-10-11,430.858,6.625204066059988,4.669567137949778,1.329865,-1.4172128136269024,6.0867799515766805,0.3931828679799883
2021-10-12,436.812,12.58465201315474,4.6626328692360905,1.2991208,-1.3857344573961254,6.048367326632216,0.3909017592200983
2021-10-13,433.692,9.470196640670476,4.653661853289985,1.2377995,-1.3538271354076383,6.007488988697624,0.3884822519775678
2021-10-14,437.6110000000001,13.394699336269769,4.642656104916854,1.230362,-1.3215053643011467,5.964161469218001,0.3859253092996792
2021-10-15,430.996,6.78534556028328,4.629619060857583,1.2418976,-1.2887838808626046,5.918402941720188,0.3832319626965448
2021-10-16,434.633,10.428137737891898,4.614555583618103,1.2562242,-1.255677635014658,5.8702332186327615,0.3804033118072969
2021-10-17,436.37,12.171068088739611,4.597471963855737,1.1806662,-1.2222017825822924,5.8196737464380295,0.3774405240106686
2021-10-18,438.598,14.405119228831635,4.578375921313273,1.1345656,-1.1883716778367333,5.766747599150007,0.3743448339799455
2021-10-19,430.778,6.591316079866683,4.557276604293477,1.1637684,-1.1542028658208592,5.7114794701143365,0.3711175431823033
2021-10-20,440.5,16.31965885888529,4.53418458766844,1.0034297,-1.1197110744596983,5.653895662128138,0.3677600193226381
2021-10-21,420.545,-3.628852217071925,4.509111869419838,0.88657683,-1.0849122064599084,5.594024075879746,0.3642736957320364
2021-10-22,438.984,14.816813828870966,4.482071865708068,0.37484646,-1.049822331002335,5.531894196710403,0.3606600707011039
2021-10-23,426.471,2.30992621034539,4.453079404469827,0.25223464,-1.0144576752321286,5.467537079701955,0.3569207067584363
2021-10-24,435.191,11.036103886843902,4.422150717545575,-0.58817667,-0.978834615551091,5.400985333096666,0.3530572298945726
2021-10-25,442.43,18.28140695204052,4.389303431339983,-0.9453987,-0.942969668717261,5.332273100057244,0.349071328731838
2021-10-26,430.294,6.151835514956881,4.354556556020321,-1.0676339,-0.906879482756994,5.261436038777315,0.3449647536405435
2021-10-27,434.903,10.767346291071112,4.317930473259452,-1.149611,-0.870580827695086,5.188511300954538,0.3407393158020756
2021-10-28,431.996,7.866935242833519,4.27944692253185,-1.1574157,-0.8340905861087445,5.1135375086405945,0.3363968862194625
2021-10-29,436.097,11.974647573974018,4.239128985972829,-1.1615639,-0.7974257435114654,5.036554729484294,0.3319393946760761
2021-10-30,432.608,8.492082466470867,4.197001071812903,-1.1867722,-0.7606033785731897,4.957604450386093,0.3273688286431853
2021-10-31,436.095,11.98502065207189,4.153088896400959,-1.1544596,-0.7236406531833037,4.876729549584263,0.3226872321371242
2021-11-01,433.239,9.13505499114634,4.107419464831562,-1.3084098,-0.6865548023633328,4.793974267194894,0.3178967045269261
2021-11-02,425.35,1.2521854298128954,4.060021050193556,-1.2883745,-0.649363124036448,4.709384174230004,0.3129993992933042
2021-11-03,429.834,5.742282991536437,4.010923171458623,-1.2640225,-0.6120829686611043,4.623006140119728,0.3079975227399363
2021-11-04,435.34,11.254473041756311,3.960156570030363,-1.5380636,-0.5747317287363913,4.534888298766754,0.3028933326580608
2021-11-05,428.428,4.348755507499416,3.907753184975883,-1.5927064,-0.5373268281868991,4.445080013162782,0.2976891369454512
2021-11-06,429.947,5.874130315792631,3.8537461269636366,-1.6374611,-0.4998857116351466,4.353631838598783,0.2923872921808865
2021-11-07,425.304,1.2375973936629483,3.7981696509328695,-1.5980483,-0.462425833569793,4.260595484502662,0.2869902021552966
2021-11-08,429.847,5.787125908301764,3.741059127521516,-1.5446867,-0.4249646474181164,4.166023774939632,0.281500316360806
2021-11-09,426.307,2.253472668771767,3.6824510132809705,-1.8478198,-0.387519594531404,4.069970607812374,0.2759201284389617
2021-11-10,425.989,1.94191991409494,3.622382819707731,-1.8232491,-0.3501080930921142,3.972490912799845,0.2702521745894687
2021-11-11,420.228,-3.812532475196925,3.560893081123279,-1.8292243,-0.3127475269518516,3.87364060807513,0.2644990319408196
2021-11-12,421.944,-2.089480968399545,3.4980213214351137,-1.848287,-0.2754552344093753,3.773476555844489,0.2586633168842386
2021-11-13,427.914,3.888275962360297,3.4338080198132115,-1.807554,-0.2382484969380453,3.672056516751257,0.2527476833724223
2021-11-14,425.385,1.3671454345101393,3.368294575317532,-1.8035831,-0.2011445278722288,3.5694391031897608,0.2467548211845863
2021-11-15,425.754,1.7438527522098948,3.301523270513576,-1.8164409,-0.1641604610623911,3.465683731575967,0.2406874541593865
2021-11-16,425.265,1.261989575194633,3.233537234114266,-1.8018367,-0.1273133395087118,3.3608505736229777,0.2345483383973118
2021-11-17,425.981,1.985134013093004,3.1643804026876494,-1.7481827,-0.0906201039832115,3.255000506670861,0.228340260434198
2021-11-18,420.923,-3.065626922672582,3.094097481471131,-1.7158549,-0.0540975816504543,3.1481950631215856,0.2220660353875347
2021-11-19,429.426,5.44534409719919,3.0227339043340864,-1.762979,-0.0177624746970879,3.0404963790311745,0.2157285050772901
2021-11-20,423.382,-0.5905601091853674,2.950335792931866,-1.7102687,0.0183686510195053,2.9319671419123603,0.209330536122998
2021-11-21,425.339,1.374037191774241,2.876949915095166,-1.6750969,0.0542793772930197,2.8226705378021464,0.2028750180188925
2021-11-22,420.286,-3.67125698530562,2.802623642499762,-1.6386238,0.0899534448500376,2.7126701976497243,0.1963648611889041
2021-11-23,428.091,4.142180458697544,2.7274049076626707,-1.6190137,0.1253747645812489,2.602030143081422,0.1898029950233579
2021-11-24,426.996,3.055742341889954,2.651342160311488,-1.5720942,0.1605274287115199,2.4908147315999685,0.1831923658992401
2021-11-25,423.395,-0.5365713731923019,2.574484323174689,-1.5714138,0.1953957218981033,2.3790886012765853,0.1765359351859269
2021-11-26,420.896,-3.026774569610092,2.4968807472413665,-1.5665842,0.2299641322463259,2.266916614995041,0.1698366772382882
2021-11-27,422.376,-1.5374382974075886,2.4185811665395973,-1.5459604,0.2642173622320314,2.154363804307566,0.1630975773790972
2021-11-28,429.343,5.439177772887572,2.3396356524833584,-1.5449537,0.2981403395200413,2.041495312963317,0.1563216298727007
2021-11-29,421.373,-2.5211187686659566,2.260094567838452,-1.5010116,0.3317182276679222,1.9283763401705296,0.149511835891916
2021-11-30,426.071,2.1867985280731106,2.1800085203585526,-1.4740756,0.3649364367043191,1.8150720836542336,0.1426712014801252
2021-12-01,428.254,4.37984614868168,2.099428316142823,-1.4539661,0.3977806335711962,1.701647682571627,0.1358027355105729
2021-12-02,428.08,4.216024142394722,2.018404912767139,-1.4075354,0.4302367524192964,1.5881681603478426,0.1289094476448487
2021-12-03,421.596,-2.2576674415527185,1.9369893722412437,-1.3532146,0.4622910047462398,1.4746983674950036,0.121994346292571
2021-12-04,423.7000000000001,-0.1432285539255398,1.855232813844415,-1.3095969,0.4939298893666881,1.3613029244777268,0.1150604365742759
2021-12-05,421.078,-2.755060059240859,1.7731863668925565,-1.2634869,0.5251402022041437,1.248046164688413,0.1081107182895211
2021-12-06,424.545,0.7225028386119923,1.690901123489809,-1.2496877,0.5559090458939473,1.1349920775958615,0.1011481838922148
2021-12-07,442.086,18.274177812820916,1.6084280913177502,-1.2618566,0.5862238391872154,1.0222042521305348,0.0941758164751777
2021-12-08,431.596,7.794964895064729,1.5258181465154466,-1.256215,0.6160723261455411,0.9097458203699056,0.0871965877659335
2021-12-09,428.289,4.498589389502739,1.4431219867036014,-1.2911857,0.645442585116367,0.7976794015872344,0.0802134561357241
2021-12-10,424.859,1.0786429558704542,1.3603900842058043,-1.2956024,0.674323037479157,0.6860670467266475,0.0732293646237339
2021-12-11,425.059,1.288673036671692,1.2776726395199618,-1.4137133,0.7027024561525336,0.5749701833674282,0.066247238978485
2021-12-12,433.08,9.31980493847597,1.1950195350926291,-1.7686805,0.7305699738528139,0.4644495612398153,0.059269985718368
2021-12-13,436.089,12.33885918776424,1.1124802894487182,-2.2041738,0.7579150910944537,0.3545651983542646,0.0523004902132373
2021-12-14,424.168,0.428001659586438,1.0301040117287763,-2.410174,0.7847276839231657,0.2453763278056108,0.0453416147889953
2021-12-15,426.732,3.001701242697353,0.947939356685568,-2.6745882,0.8109980113726128,0.1369413453129551,0.0383961968570564
2021-12-16,424.956,1.2354304784399537,0.8660344801912851,-2.8676717,0.836716722635825,0.0293177575554601,0.0314670470705671
2021-12-17,420.573,-3.137873798982452,0.7844369953060764,-2.8236413,0.8618748639426861,-0.0774378686366097,0.0245569475092244
2021-12-18,421.398,-2.3028861414618644,0.7031939289582079,-2.8155184,0.8864638851350666,-0.1832699561768587,0.0176686498945114
2021-12-19,425.685,1.994197051292368,0.6223516792852342,-2.8258088,0.9104756459314096,-0.2881239666461753,0.0108048738371357
2021-12-20,427.725,4.044375536959308,0.5419559736851439,-2.8151698,0.9339024218728575,-0.3919464481877137,0.003968305118424
2021-12-21,425.147,1.4765824244679897,0.4620518276254168,-2.8388045,0.956736909943232,-0.494685082317815,-0.0028384059926097
2021-12-22,424.775,1.114642183588546,0.3826835042572959,-2.939349,0.9789722338554512,-0.5962887295981552,-0.0096126463848405
2021-12-23,439.036,15.38563858665512,0.3038944748815583,-3.3376946,1.0006019489973066,-0.6967074741157483,-0.0163518417116123
2021-12-24,443.964,20.323293013632675,0.225727380311229,-3.5696766,1.021620047029718,-0.7958926667184888,-0.0230534579567183
2021-12-25,428.056,4.424022771159946,0.148223993175549,-3.7924929,1.0420209601309878,-0.8937969669554386,-0.0297150029582295
2021-12-26,433.114,9.490788602722404,0.071425181208624,-4.0051103,1.061799564880788,-0.990374383672164,-0.0363340278886542
2021-12-27,425.162,1.547599300664238,-0.0046291284350902,-4.2346144,1.0809511857780305,-1.0855803142131206,-0.0429081286899648
2021-12-28,422.925,-0.6806113575870514,-0.0798999837973538,-4.244758,1.099471598387007,-1.179371582184361,-0.0494349474620766
2021-12-29,429.062,5.465271775313385,-0.1543494416249839,-4.317427,1.117357032106605,-1.271706473731589,-0.0559121738034092
2021-12-30,416.266,-7.321922447619226,-0.2279405997322484,-4.2968717,1.1346041725576752,-1.3625447722899238,-0.0623375461022221
2021-12-31,425.266,1.686977970787293,-0.3006376281797048,-4.297854,1.1512101635840473,-1.4518477917637522,-0.0687088527774566
2022-01-01,419.442,-4.128126356275459,-0.3724057992334277,-4.2794294,1.1671726088630028,-1.5395784080964303,-0.0750239334678887
2022-01-02,419.836,-3.7251378064800815,-0.4432115160701869,-4.2397013,1.182489573121403,-1.6257010891915895,-0.0812806801684356
2022-01-03,418.386,-5.16595819280434,-0.5130223401954697,-4.556903,1.1971595829540405,-1.71018192314951,-0.087477038312535
2022-01-04,423.7310000000001,0.1883136626376247,-0.5818070175427951,-4.7697873,1.2111816272411686,-1.7929886447839638,-0.093611007799561
2022-01-05,419.86,-3.673421626963005,-0.6495355032242534,-4.839849,1.224555157162541,-1.8740906603867944,-0.0996806439663127
2022-01-06,426.852,3.327933560721492,-0.7161789849037598,-4.893888,1.237280085805683,-1.9534590707094428,-0.1056840585016669
2022-01-07,430.302,6.78728202175092,-0.7817099047662188,-5.0355387,1.2493567873665534,-2.0310666921327725,-0.1116194203035518
2022-01-08,425.515,2.009213541675172,-0.8461019800572522,-4.9565263,1.2607860959410764,-2.1068880759983286,-0.1174849562774658
2022-01-09,415.3200000000001,-8.177123507523884,-0.9093302221699948,-4.892475,1.2715693039065394,-2.1808995260765345,-0.123278952075826
2022-01-10,412.9380000000001,-10.5503931765208,-0.9713709542570572,-4.823257,1.2817081598921582,-2.2530791141492155,-0.1289997527775007
2022-01-11,414.904,-8.575499617254751,-1.03220182734749,-4.772783,1.2912048663386,-2.32340669368609,-0.1346457635069512
2022-01-12,421.888,-1.5825428433863302,-1.0918018349504064,-4.715957,1.3000620766466415,-2.391863911597048,-0.1402154499924649
2022-01-13,421.159,-2.302523588805484,-1.1501513261285878,-4.6755567,1.308282891915559,-2.4584342180441467,-0.1457073390630457
2022-01-14,420.975,-2.47744258740235,-1.2072320170273387,-4.615585,1.3158708572722817,-2.52310287429962,-0.1511200190835817
2022-01-15,418.372,-5.071300573066878,-1.2630270008455446,-4.549076,1.3228299577927531,-2.585856958638298,-0.1564521403279948
2022-01-16,416.788,-6.6460982796891415,-1.3175207562378215,-4.486706,1.3291646140173916,-2.6466853702552133,-0.1617024152901375
2022-01-17,414.433,-8.991836441159057,-1.3706991541384257,-4.42715,1.3348796770629254,-2.705578831201352,-0.1668696189322718
2022-01-18,421.682,-1.733477375059333,-1.4225494629995632,-4.3624506,1.339980423333354,-2.762529886332917,-0.1719525888710493
2022-01-19,416.324,-7.08206129281136,-1.473060352438479,-4.3034697,1.3444725488332028,-2.817532901271682,-0.1769502255009638
2022-01-20,420.097,-3.2995889224581227,-1.522221895289733,-4.2869425,1.3483621630866045,-2.8705840583763376,-0.181861492055338
2022-01-21,417.026,-6.36106099204252,-1.570025568060873,-4.2324996,1.3516557826662845,-2.921681350727157,-0.1866854146049586
2022-01-22,409.749,-13.628478229607786,-1.6164642497916286,-4.1623883,1.3543603243368232,-2.970824574128452,-0.191421081994569
2022-01-23,418.321,-5.046374524332553,-1.6615322193187023,-4.095587,1.3564830978170808,-3.018015317135783,-0.196067645717469
2022-01-24,421.343,-2.013702504057672,-1.7052251509500689,-4.0391164,1.3580317981670555,-3.0632569491171244,-0.200624319728576
2022-01-25,420.135,-3.210957871378357,-1.747540108554619,-3.9724603,1.3590144978048464,-3.1065546063594653,-0.2050903801963443
2022-01-26,418.867,-4.46808083134864,-1.7884755380749071,-3.8949943,1.35943963815984,-3.147915176234747,-0.2094651651940264
2022-01-27,418.768,-4.556080912730993,-1.828031258472552,-3.8147168,1.3593160209686312,-3.1873472794411835,-0.2137480743308209
2022-01-28,416.153,-7.159888199977543,-1.8662084511178896,-3.7426145,1.35865279922058,-3.2248612503384697,-0.2179385683235332
2022-01-29,417.589,-5.712618956305237,-1.9030096476370852,-3.6722977,1.35745946776032,-3.260469115397405,-0.2220361685094213
2022-01-30,418.766,-4.524273730843841,-1.938438716232057,-3.6290863,1.355745853554952,-3.294184569787009,-0.2260404563009926
2022-01-31,421.885,-1.3938012572004288,-1.9725008464901583,-3.6201656,1.3535221056339808,-3.326022952124139,-0.2299510725835663
2022-02-01,418.809,-4.4582553313960105,-2.005202532702446,-3.572388,1.350798684710485,-3.356001217412931,-0.2337677170564904
2022-02-02,418.799,-4.45657761883786,-2.0365515557112968,-3.5494566,1.347586352492411,-3.384137908203708,-0.2374901475189618
2022-02-03,413.861,-9.382828507382088,-2.0665569633096434,-3.5337367,1.343896160693144,-3.410453124002788,-0.2411181791014724
2022-02-04,416.344,-6.88786632199376,-2.095229049216077,-3.5156014,1.3397394397509903,-3.4349684889670677,-0.2446516834439495
2022-02-05,412.727,-10.492838385986603,-2.1225793306516825,-3.4677157,1.335127787267486,-3.4577071179191687,-0.2480905878217405
2022-02-06,418.086,-5.121639297804308,-2.148620524546116,-3.4041486,1.3300730561748082,-3.4786935807209245,-0.2514348742206359
2022-02-07,421.564,-1.6313784056383662,-2.173366522402204,-3.3545666,1.3245873426428885,-3.4979538650450923,-0.2546845783621915
2022-02-08,411.9380000000001,-11.24505620381374,-2.1968323638498704,-3.3085098,1.3186829737371968,-3.515515337587068,-0.2578397886806689
2022-02-09,417.194,-5.97667318665521,-2.2190342089218174,-3.2721996,1.312372494838406,-3.531406703760223,-0.2609006452529629
2022-02-10,418.701,-4.457229848487701,-2.239989309084946,-3.2324598,1.3056686568355311,-3.545657965920477,-0.2638673386829461
2022-02-11,418.508,-4.637585595320109,-2.259715977062991,-3.1829488,1.298584403104367,-3.558300380167358,-0.2667401089417067
2022-02-12,420.024,-3.108837253970227,-2.2782335554873008,-3.1219254,1.2911328562833666,-3.5693664117706674,-0.2695192441652173
2022-02-13,418.037,-5.082764154115104,-2.2955623844141817,-3.0597103,1.283327304859383,-3.5788896892735647,-0.2722050794110009
2022-02-14,420.621,-2.485008033470028,-2.311723767748518,-3.035211,1.275181189575916,-3.5869049573244336,-0.2747979953754387
2022-02-15,416.111,-6.981189354972364,-2.3267399386147507,-3.0135283,1.2667080896767942,-3.5934480282915446,-0.2772984170733746
2022-02-16,414.472,-8.606189008136834,-2.3406340237175907,-2.9775565,1.257921708998447,-3.5985557327160373,-0.2797068124817434
2022-02-17,418.081,-4.983123517377368,-2.3534300067361,-2.9519477,1.2488358619241278,-3.602265868660228,-0.2820236911489777
2022-02-18,415.601,-7.44894856919067,-2.365152690795832,-2.9033432,1.2394644592136912,-3.6046171500095214,-0.2842496027719827
2022-02-19,419.307,-3.728598382697609,-2.375827660065032,-2.8606398,1.2298214937226866,-3.605649153787718,-0.2863851357425226
2022-02-20,424.755,1.7338116928608387,-2.3854812405218286,-2.836997,1.2199210260247535,-3.605402266546582,-0.2884309156648811
2022-02-21,425.9740000000001,2.967049977581871,-2.3941404599404184,-2.8582878,1.2097771699514452,-3.603917629891864,-0.290387603846694
2022-02-22,418.007,-4.986289936541555,-2.4018330071452096,-2.890007,1.1994040780637527,-3.6012370852089624,-0.2922558957648922
2022-02-23,423.7310000000001,0.7514116662473529,-2.408587190582805,-2.8736954,1.188815927069811,-3.5974031176526164,-0.294036519508712
2022-02-24,420.043,-2.923009840896752,-2.414431896262472,-2.8361003,1.178026903203275,-3.592458799465746,-0.2957302342017547
2022-02-25,418.839,-4.113392682711082,-2.419396545116632,-2.7949204,1.167051187577093,-3.586447732693725,-0.2973378284051102
2022-02-26,421.691,-1.2477373010831387,-2.4235110498335715,-2.7566063,1.155902941527427,-3.5794139913609984,-0.2988601185035667
2022-02-27,419.971,-2.954044137900074,-2.426805771215192,-2.7787278,1.1445962919625314,-3.571402063177723,-0.3002979470769676
2022-02-28,419.282,-3.629269009439304,-2.4293114741132973,-2.8154125,1.1331453167315693,-3.5624567908448665,-0.3016521812587627
2022-03-01,421.684,-1.2133462646022108,-2.4310592829983784,-2.818598,1.1215640300282617,-3.55262331302664,-0.3029237110838463
2022-03-02,418.088,-4.795391382410459,-2.4320806372153414,-2.802608,1.1098663678444105,-3.541947005059752,-0.3041134478277658
2022-03-03,419.972,-2.8974047809202435,-2.4324072459810453,-2.8308752,1.0980661734882995,-3.530473419469345,-0.3052223223393977
2022-03-04,420.203,-2.652386878188028,-2.432071043178775,-2.8187683,1.0861771831829865,-3.518248226361761,-0.306251283369196
2022-03-05,420.167,-2.674338092269987,-2.431104142005158,-2.806587,1.074213011759498,-3.505317153764656,-0.3072012958951211
2022-03-06,421.344,-1.4831392573741509,-2.4295387895251324,-2.761045,1.0621871384599135,-3.491725927985046,-0.3080733394483564
2022-03-07,412.007,-10.805907125843971,-2.4274073211907243,-2.7105293,1.0501128928652477,-3.477520214055972,-0.3088684064409182
2022-03-08,412.018,-10.78064209802714,-2.4247421153794853,-2.6630273,1.038003440963028,-3.4627455563425134,-0.3095875004972649
2022-03-09,418.47,-4.314344574271107,-2.421575548008459,-2.6327245,1.0258717713693484,-3.4474473193778072,-0.3102316347919973
2022-03-10,418.906,-3.86401495492346,-2.417939947279364,-2.589985,1.0137306817201024,-3.4316706289994663,-0.3108018303957378
2022-03-11,418.943,-3.812525879213697,-2.413867548610665,-2.5437503,1.0015927652459855,-3.4154603138566517,-0.3112991146312652
2022-03-12,424.466,1.7249909620800803,-2.4093904498119767,-2.5126834,0.9894703975457432,-3.39886084735772,-0.3117245194419606
2022-03-13,428.1,5.373287843088854,-2.4045405665558106,-2.6092498,0.9773757235719612,-3.381916290127772,-0.3120790797746127
2022-03-14,418.257,-4.45554973530851,-2.399349588201672,-2.5703743,0.965320644843622,-3.3646702330452936,-0.312363831978605
2022-03-15,420.561,-2.137246757337383,-2.393848934026663,-2.7768404,0.9533168068993452,-3.347165740926008,-0.3125798122234833
2022-03-16,417.756,-4.927918709392765,-2.3880697099167345,-2.731593,0.9413755870051946,-3.329445296921929,-0.3127280549368854
2022-03-17,423.015,0.3454339830954471,-2.3820426655717606,-2.7084606,0.9295080821305962,-3.311550747702357,-0.3128095912647852
2022-03-18,421.889,-0.7663614346521332,-2.3757981522773712,-2.665907,0.917725097205776,-3.293523249483147,-0.3128254475559667
2022-03-19,426.483,3.841928771158577,-2.369366081295546,-2.7228994,0.9060371336738708,-3.275403214969417,-0.3127766438726241
2022-03-20,422.27,-0.3568595917901245,-2.362775882925354,-2.6769464,0.8944543783505865,-3.2572302612759403,-0.3126641925289428
2022-03-21,417.699,-4.9138935107875685,-2.356056466284456,-2.6568258,0.8829866926040589,-3.239043158888515,-0.3124890966594796
2022-03-22,418.629,-3.969894813489478,-2.349236179861022,-2.6471035,0.8716436018672497,-3.2208797817282715,-0.3122523488191269
2022-03-23,421.376,-1.2088639993654016,-2.3423427728848942,-2.6093843,0.86043428549497,-3.2027770583798643,-0.3119549296163998
2022-03-24,420.988,-1.5825304274070264,-2.335403357565798,-2.535507,0.8493675669772299,-3.184770924543028,-0.311597806381747
2022-03-25,425.351,2.794826772369632,-2.3284443722453947,-2.452924,0.8384519045204119,-3.1668962767658067,-0.311181931872535
2022-03-26,421.71,-0.83229099197432,-2.3214915455087994,-2.37665,0.8276953820072972,-3.1491869275160966,-0.3107082430163194
2022-03-27,426.215,3.686615276869493,-2.314569861300171,-2.3156726,0.8171057003467367,-3.131675561646908,-0.3101776596939516
2022-03-28,430.558,8.043214513554359,-2.3077035250856524,-2.3739522,0.806690169223342,-3.1143936943089945,-0.3095910835640379
2022-03-29,427.18,4.678343262990972,-2.300915931105704,-2.3485646,0.7964556992571813,-3.0973716303628853,-0.3089493969301956
2022-03-30,422.366,-0.1229126270395015,-2.294229630757632,-2.3277473,0.7864087945831479,-3.08063842534078,-0.308253461652514
2022-03-31,418.734,-3.7422752602438343,-2.2876663021476245,-2.2781618,0.7765555458591828,-3.0642218480068077,-0.307504118104556
2022-04-01,423.876,1.4123634876501403,-2.281246720850369,-2.2175024,0.7669016237122104,-3.04814834456258,-0.3067021841771937
2022-04-02,420.464,-1.9872367133272903,-2.274990731912648,-2.1683064,0.7574522726301368,-3.0324430045427846,-0.3058484543304928
2022-04-03,421.311,-1.1278392501362542,-2.268917223136034,-2.133896,0.7482123053079258,-3.01712952844396,-0.3049436986948222
2022-04-04,429.772,7.345555111827353,-2.2630440996720584,-2.3070214,0.7391860974552273,-3.002230197127286,-0.3039886622222804
2022-04-05,419.105,-3.3092605710233465,-2.2573882599617874,-2.301013,0.7303775830726561,-2.987765843034444,-0.3029840638894811
2022-04-06,421.741,-0.6610829140422503,-2.251965573050021,-2.250875,0.7217902502033219,-2.9737558232533434,-0.3019305959526704
2022-04-07,419.524,-2.86591271342556,-2.246790857302708,-2.189153,0.7134271371657569,-2.960217994468465,-0.3008289232560785
2022-04-08,422.637,0.2592492346301176,-2.241877860554402,-2.1489546,0.7052908292738678,-2.9471686898282696,-0.2996796825943455
2022-04-09,421.543,-0.8226567419079944,-2.2372392417110016,-2.1075957,0.6973834560491489,-2.9346226977601506,-0.298483482129788
2022-04-10,422.188,-0.1655709369956541,-2.232886553830979,-2.092731,0.6897066889297606,-2.9225932427607395,-0.2972409008652095
2022-04-11,429.251,6.909454028686814,-2.2288302287068507,-2.32922,0.682261739480714,-2.9110919681875647,-0.2959524881728771
2022-04-12,426.307,3.977065494646361,-2.225079562966469,-2.3887613,0.6750493581087887,-2.9001289210752583,-0.2946187633802237
2022-04-13,421.364,-0.9544001325396968,-2.2216427057121417,-2.5034556,0.6680698332853646,-2.8897125389975065,-0.2932402154127606
2022-04-14,426.654,4.347120146775835,-2.2185266477135177,-2.7053542,0.6613229912797914,-2.879849638993309,-0.291817302494611
2022-04-15,418.917,-3.378473501832465,-2.215737212168409,-2.6820018,0.6548081964054177,-2.8705454085738267,-0.2903504519069956
2022-04-16,416.85,-5.434080405691745,-2.2132790470437205,-2.9386635,0.6485243517798496,-2.86180339882357,-0.2888400598049471
2022-04-17,413.79,-8.482701462944151,-2.2111556190068398,-2.8929076,0.6424699006005185,-2.8536255196073577,-0.287286491092424
2022-04-18,425.611,3.349662428268435,-2.2093692089556547,-2.9464123,0.6366428279360347,-2.846012036891689,-0.2856900793559548
2022-04-19,424.492,2.241978207309963,-2.2079209091537986,-3.0701668,0.6310406630333357,-2.8389615721871344,-0.284051126856841
2022-04-20,421.025,-1.2139273675766056,-2.2068106219753485,-3.155668,0.6256604821400654,-2.832471104115414,-0.2823699045818844
2022-04-21,419.971,-2.256850837776464,-2.206037060261518,-3.34293,0.6204989118410498,-2.826535972102568,-0.2806466523525294
2022-04-22,416.633,-5.583793136957359,-2.205597749289784,-3.3373592,0.6155521329072589,-2.8211498821970427,-0.2788815789922347
2022-04-23,421.199,-1.0066486892318625,-2.2054890303539234,-3.304393,0.6108158846550391,-2.8163049150089625,-0.2770748625518069
2022-04-24,417.513,-4.681522043541239,-2.205706065951508,-3.2373626,0.6062854698128863,-2.8119915357643945,-0.2752266505923684
2022-04-25,416.574,-5.609414117780447,-2.2062428465733515,-3.1755648,0.60195575989249,-2.808198606465841,-0.2733370605255418
2022-04-26,415.131,-7.041310374229919,-2.2070921990874948,-3.1124163,0.597821201060216,-2.8049134001477105,-0.271406180010372
2022-04-27,416.456,-5.705224411728396,-2.208245796708347,-3.0365703,0.5938758205046768,-2.802121617213024,-0.2694340674064254
2022-04-28,422.282,0.131840563422521,-2.209694170539626,-3.000758,0.5901132332955101,-2.799807403835136,-0.2674207522824364
2022-04-29,425.525,3.385693064921223,-2.211426722677788,-2.9426932,0.5865266497278857,-2.797953372405673,-0.2653662359798007
2022-04-30,419.869,-2.259563443175535,-2.213431740860822,-2.975795,0.5831088831468638,-2.7965406240076858,-0.2632704922301391
2022-05-01,419.696,-2.4218360516269444,-2.215696414645165,-2.940744,0.5798523582450203,-2.7955487728901858,-0.2611334678260908
2022-05-02,421.027,-1.0801257186054245,-2.218206853091852,-2.9759064,0.5767491198264298,-2.794955972918282,-0.2589550833444198
2022-05-03,415.794,-6.302433402283333,-2.220948103940974,-2.9434032,0.5737908420294073,-2.7947389459703813,-0.2567352339204576
2022-05-04,416.736,-5.349760060832956,-2.2239041742517225,-2.8794427,0.5709688380000247,-2.794873012251747,-0.2544737900728274
2022-05-05,419.991,-2.0841066524268097,-2.227058052483532,-2.9287245,0.5682740700078406,-2.7953321224913728,-0.2521705985773421
2022-05-06,420.147,-1.9174741352371305,-2.2303917319919706,-3.0204864,0.5656971599948262,-2.796088891986797,-0.2498254833888894
2022-05-07,416.977,-5.076863467436438,-2.2338862359113407,-3.0919518,0.5632284005479629,-2.797114636459304,-0.2474382466100699
2022-05-08,421.674,-0.3692756071969576,-2.2375216433941465,-3.197653,0.5608577662855153,-2.798379409679662,-0.2450086695052765
2022-05-09,422.326,0.2929648732201091,-2.2412771171759878,-3.2477808,0.5585749256464858,-2.799852042822473,-0.2425365135588549
2022-05-10,417.551,-4.471919245687721,-2.245130932432746,-3.2235951,0.5563692530723638,-2.80150018550511,-0.2400215215759221
2022-05-11,411.838,-10.174817150372254,-2.24906050689526,-3.161002,0.5542298415697251,-2.8032903484649845,-0.2374634188243601
2022-05-12,416.221,-5.78172986482138,-2.2530424321852403,-3.1512537,0.5521455156418987,-2.805187947827139,-0.2348619142164547
2022-05-13,419.932,-2.060658413023412,-2.257052506334509,-3.1426916,0.5501048445774122,-2.807157350911921,-0.2322167015285844
2022-05-14,418.189,-3.7936038189663854,-2.261065767448324,-3.1217341,0.5480961560825627,-2.8091619235308865,-0.2295274606573288
2022-05-15,416.428,-5.544567106638375,-2.2650565284718644,-3.0517626,0.5461075502449815,-2.811164078716846,-0.2267938589102959
2022-05-16,415.278,-6.68454930002753,-2.2689984130178944,-2.986433,0.544126913814756,-2.81312532683265,-0.2240155523299434
2022-05-17,417.656,-4.2965514231219295,-2.2728643922120013,-2.8987827,0.5421419347892136,-2.815006327001215,-0.2211921870486033
2022-05-18,417.145,-4.797574499909715,-2.276626822510631,-2.8347468,0.5401401172871277,-2.8167669397977586,-0.2183234006728908
2022-05-19,416.359,-5.573619554379022,-2.280257484445934,-2.790481,0.538108796697758,-2.818366281143692,-0.2154088236956263
2022-05-20,417.687,-4.235687610517893,-2.283727622250223,-2.7310612,0.5360351550897967,-2.81976277734002,-0.212448080933372
2022-05-21,416.846,-5.066779692314454,-2.2870079843117197,-2.6596217,0.5339062368649441,-2.820914221176664,-0.2094407929876374
2022-05-22,416.0,-5.902896823756832,-2.290068864412161,-2.5797782,0.5317089646405162,-2.821777829052677,-0.2063865777277797
2022-05-23,420.979,-0.9140400288332065,-2.292880143696024,-2.5195467,0.5294301553452659,-2.82231029904129,-0.2032850517935947
2022-05-24,418.153,-3.730210331531513,-2.295411333319815,-2.4817593,0.5270565365121945,-2.8224678698320096,-0.2001358321155592
2022-05-25,418.631,-3.24240875584011,-2.2976316177294422,-2.429443,0.5245747627519579,-2.8222063804814,-0.1969385374506653
2022-05-26,417.529,-4.334636325746839,-2.299509898512476,-2.3600552,0.5219714323902088,-2.8214813309026843,-0.1936927899317596
2022-05-27,418.01,-3.8438940652400286,-2.30101483877158,-2.3266108,0.519233104251929,-2.820247943023509,-0.1903982166282764
2022-05-28,415.326,-6.5181829983076645,-2.3021149079646155,-2.3962808,0.5163463145756628,-2.8184612225402783,-0.1870544511162397
2022-05-29,424.137,2.302495851062113,-2.3027784271563028,-2.4214115,0.5132975940402926,-2.8160760211965954,-0.1836611350553919
2022-05-30,415.583,-6.242049840902977,-2.3029736146258077,-2.3997135,0.5100734848868917,-2.813047099512699,-0.1802179197712879
2022-05-31,420.797,-1.0186253608226925,-2.302668631774022,-2.3359835,0.5066605581179349,-2.809329189891957,-0.1767244678401882
2022-06-01,426.487,4.680768238262736,-2.3018316292740546,-2.2664742,0.5030454307561054,-2.80487706003016,-0.1731804546745733
2022-06-02,422.58,0.7825955265441515,-2.3004307934078647,-2.194907,0.4992147831446913,-2.799645576552556,-0.1695855701070957
2022-06-03,427.478,5.689143880162344,-2.2984343925319823,-2.1450574,0.495155376271582,-2.793589768803564,-0.1659395199707852
2022-06-04,424.8970000000001,3.116238710745469,-2.295810823614623,-2.1806386,0.4908540690986508,-2.786664892713274,-0.1622420276733164
2022-06-05,419.79,-1.9828807080973692,-2.29252865878689,-2.442407,0.4862978358783896,-2.7788264946652794,-0.1584928357631603
2022-06-06,416.575,-5.1900026250415365,-2.2885566918501152,-2.4059577,0.48147378343941,-2.7700304752895253,-0.1546917074854346
2022-06-07,428.828,7.070978123766787,-2.2838639846818443,-2.338836,0.4763691684226307,-2.760233153104475,-0.1508384283252831
2022-06-08,424.398,2.6484205938829426,-2.278419913482736,-2.279251,0.4709714144497117,-2.749391327932448,-0.1469328075366257
2022-06-09,421.753,0.0104894878624959,-2.272194214806924,-2.195286,0.4652681292055113,-2.737462344012435,-0.1429746796541226
2022-06-10,420.892,-0.8439026903368094,-2.265157031318509,-2.1454065,0.459247121416193,-2.724404152734702,-0.1389639059862299
2022-06-11,421.084,-0.6453352341784369,-2.2572789572171987,-2.1347706,0.4528964177047682,-2.710175374921967,-0.1349003760872233
2022-06-12,423.745,2.0219846919728464,-2.2485310832763425,-2.2667427,0.4462042793058696,-2.694735362582212,-0.1307840092061008
2022-06-13,420.2000000000001,-1.5168407453185857,-2.2388850414371486,-2.2478795,0.4391592186216366,-2.678044260058785,-0.126614755710295
2022-06-14,421.795,0.0845781550502495,-2.228313048903197,-2.2254615,0.4317500156006855,-2.6600630645038823,-0.1223925984821459
2022-06-15,429.832,8.12842052201416,-2.216787951680052,-2.1801884,0.4239657339222929,-2.640753685602345,-0.1181175542861284
2022-06-16,418.793,-2.9041513244988275,-2.2042832675052737,-2.1253548,0.4157957369679833,-2.620079004473257,-0.113789675104839
2022-06-17,424.911,3.2202735413030683,-2.1907732281148924,-2.0935626,0.4072297035629805,-2.5980029316778728,-0.1094090494418011
2022-06-18,419.518,-2.1666752961454905,-2.1762328207930164,-2.0542567,0.398257643470004,-2.5744904642630204,-0.1049758035891697
2022-06-19,425.388,3.7096161216212775,-2.1606378291523165,-1.9992875,0.3888699126182755,-2.549507741770592,-0.1004901028584633
2022-06-20,422.691,1.0182896127510963,-2.143964873093616,-1.9306504,0.3790572280505937,-2.5230221011442096,-0.095952152772483
2022-06-21,419.724,-1.9429756211374904,-2.1261914478941697,-1.8617672,0.3688106825717934,-2.495002130465963,-0.0913622002166351
2022-06-22,420.442,-1.21923325740008,-2.107295962374833,-1.7982581,0.3581217590819418,-2.4654177214567747,-0.0867205345479059
2022-06-23,420.555,-1.1001796440186349,-2.0872577760977005,-1.7292737,0.346982344578076,-2.4342401206757764,-0.0820274886597918
2022-06-24,424.281,2.631933886874567,-2.0660572355466136,-1.649782,0.3353847438084,-2.4014419793550137,-0.0772834400015374
2022-06-25,421.353,-0.290629578528693,-2.0436757092444133,-1.5700232,0.3233216925633265,-2.36699740180774,-0.0724888115500864
2022-06-26,423.561,1.9227550260540145,-2.020095621761747,-1.4920071,0.3107863705879159,-2.330881992349662,-0.0676440727332015
2022-06-27,419.639,-1.9939934757255395,-1.9953004865737685,-1.4015245,0.2977724141007197,-2.2930729006744883,-0.0627497403022659
2022-06-28,423.454,1.826480673954188,-1.9692749377222711,-1.3235722,0.2842739279043118,-2.2535488656265827,-0.0578063791533432
2022-06-29,421.948,0.3258184531051045,-1.942004760242206,-1.2808911,0.2702854970731864,-2.2122902573153924,-0.0528146030951225
2022-06-30,423.859,2.2420430933821467,-1.913476919313032,-1.2253468,0.2558021982051066,-2.1692791175181383,-0.0477750755624431
2022-07-01,424.064,2.4521670508322493,-1.883679588096796,-1.1689396,0.2408196102223422,-2.124499198319138,-0.0426885102741579
2022-07-02,427.194,5.587244487768322,-1.85260217422634,-1.1221162,0.2253338247096749,-2.077935998936015,-0.0375556718341527
2022-07-03,426.748,5.146277478743855,-1.820235344908742,-1.0824121,0.2093414557765139,-2.029576800685256,-0.0323773762744099
2022-07-04,429.94,8.343025456523105,-1.7865710506105494,-1.0737288,0.1928396494308188,-1.9794107000413683,-0.0271544915390774
2022-07-05,424.158,2.565728213001617,-1.7516025472932055,-1.0721109,0.1758260924530819,-1.9274286397462876,-0.0218879379085584
2022-07-06,418.893,-2.6949231246920005,-1.7153244171686095,-1.0343757,0.1582990207590388,-1.873623437927648,-0.0165786883627242
2022-07-07,426.702,5.118517115189533,-1.6777325879466805,-0.99524206,0.140257227240265,-1.8179898151869451,-0.0112277688824165
2022-07-08,423.668,2.0890204339109144,-1.638824350548366,-0.9384426,0.1217000690723387,-1.7605244196207046,-0.0058362586884757
2022-07-09,418.942,-2.632467089494824,-1.5985983752595447,-0.87540543,0.1026274744807254,-1.70122584974027,-0.0004052904176112
2022-07-10,418.046,-3.5236071872151373,-1.557054726302956,-0.8295886,0.0830399489550896,-1.6400946752580456,0.0050639497654948
2022-07-11,419.665,-1.8995373838987697,-1.5141948748072882,-0.77014744,0.0629385809032613,-1.5771334557105496,0.0105702221203906
2022-07-12,422.528,0.968661595682624,-1.4700217101543511,-0.7066326,0.0423250467366069,-1.512346756890958,0.0161122333478196
2022-07-13,428.322,6.767778821080585,-1.4245395496872604,-0.6443888,0.0212016153791524,-1.4457411650664127,0.0216886366718303
2022-07-14,421.235,-0.3145927677745233,-1.3777541467644543,-0.5910174,-0.0004288478066765,-1.377325298957778,0.027298031987334
2022-07-15,420.229,-1.316163168868452,-1.3296726971463242,-0.5503454,-0.0225628776842575,-1.3071098194620667,0.0329389660733376
2022-07-16,421.05,-0.4906915236298532,-1.280303843703301,-0.5157018,-0.0451964066028391,-1.2351074371004618,0.0386099328719935
2022-07-17,418.309,-3.2265032679383783,-1.229657679436089,-0.46876264,-0.068324762258914,-1.161332917177175,0.0443093738335416
2022-07-18,418.578,-2.9520230773919747,-1.1777457488009098,-0.42435086,-0.0919426661636452,-1.0858030826372644,0.0500356783271229
2022-07-19,423.411,1.886580375651414,-1.1245810473344822,-0.37396625,-0.1160442327205386,-1.0085368146139435,0.0557871841173819
2022-07-20,423.861,2.341803473923011,-1.0701780195756283,-0.31468675,-0.1406229689169648,-0.9295550506586636,0.0615621779066808
2022-07-21,418.848,-2.666497239233583,-1.0145525552822974,-0.2592472,-0.1656717746324741,-0.8488807806498233,0.0673588959426797
2022-07-22,422.204,0.6945134504043353,-0.9577219839449352,-0.21519491,-0.1911829435662831,-0.7665390403786521,0.073175524690953
2022-07-23,420.161,-1.3434823606557185,-0.8997050675990866,-0.16911814,-0.2171481647856439,-0.6825569028134427,0.0790102015722308
2022-07-24,419.714,-1.7854529537086417,-0.8405219919422091,-0.13719422,-0.2435585248962324,-0.5969634670459767,0.0848610157637871
2022-07-25,423.595,2.100616695847533,-0.7801943557616196,-0.11890969,-0.27040451083502,-0.5097898449265996,0.0907260090643992
2022-07-26,425.083,3.5937575658037986,-0.7187451586825992,-0.083387606,-0.2976760132855086,-0.4210691453970906,0.0966031768222468
2022-07-27,421.964,0.4795108524018947,-0.6561987872476355,-0.042711936,-0.3253623307145368,-0.3308364565330987,0.1024904689250249
2022-07-28,424.185,2.705522254779293,-0.5925809993397962,-0.017669158,-0.3534521740292584,-0.2391288253105378,0.1083857908514784
2022-07-29,421.573,0.0986971752863703,-0.5279189069652064,-0.00014683351,-0.3819336718522844,-0.145985235112922,0.1142870047834887
2022-07-30,418.128,-3.341268067398472,-0.4622409574115341,0.022445122,-0.4107943764123038,-0.0514465809992303,0.1201919307777667
2022-07-31,423.948,2.4844358565503173,-0.3955769128014258,0.045846213,-0.4400212700468887,0.0444443572454628,0.126098347996133
2022-08-01,417.292,-4.165683465967813,-0.3279578280616376,0.066748634,-0.4696007723135946,0.141642944251957,0.1320039959932979
2022-08-02,424.507,3.055386582401903,-0.259416027330572,0.074835986,-0.4995187477047991,0.240102720374227,0.1379065760609794
2022-08-03,420.516,-0.9293712941107706,-0.1899850788288155,0.104264975,-0.5297605139610999,0.3397754351322843,0.1438037526271241
2022-08-04,423.975,2.536026018505296,-0.1196997682190853,0.13442168,-0.5603108509775431,0.4406110827584577,0.1496931547089371
2022-08-05,417.47,-3.9625778280520607,-0.0485960704838033,0.14688696,-0.5911540102962317,0.5425579398124284,0.1555723774183537
2022-08-06,425.788,4.362163931854231,0.023288879649688,0.16644084,-0.6222737251783675,0.6455626048280556,0.1614389835185157
2022-08-07,421.499,0.0800544517328289,0.0959168187044762,0.20053236,-0.6536532212480851,0.7495700399525613,0.1672905050297631
2022-08-08,422.592,1.1803587986810338,0.1692483868366011,0.23101945,-0.6852752276999192,0.8545236145365203,0.173124444883582
2022-08-09,422.199,0.7945386152492815,0.243243161569559,0.26361436,-0.7171219890610968,0.960365150630656,0.1789382786228871
2022-08-10,418.031,-3.3663668873881694,0.3178596928440332,0.28596318,-0.7491752774993021,1.0670349703433353,0.1847294561469657
2022-08-11,420.974,-0.4157439656643671,0.393055539344544,0.31202158,-0.781416405665966,1.17447194501051,0.1904954034993502
2022-08-12,421.037,-0.3448025691552829,0.468787306063111,0.34501535,-0.8138262400646135,1.2826135461277244,0.1962335246968295
2022-08-13,420.348,-1.025768840484397,0.5450106830585172,0.37436768,-0.8463852149331537,1.391395897991671,0.2019412035977584
2022-08-14,420.978,-0.3873813290157062,0.6216804853684686,0.40081042,-0.8790733466286017,1.5007538319970704,0.207615805807778
2022-08-15,420.208,-1.1487924818006707,0.6987506940302745,0.40917194,-0.9118702485020064,1.610620942532281,0.2132546806210033
2022-08-16,426.164,4.816222290322885,0.7761744981646892,0.42160347,-0.944755146251025,1.720929644415714,0.2188551629946964
2022-08-17,424.438,3.099424831935976,0.853904338075898,0.4315355,-0.9777068937368943,1.8316112318127924,0.2244145755553951
2022-08-18,417.711,-3.6184131808826367,0.9318919493197398,0.45085672,-1.0107039892522185,1.9425959385719584,0.2299302306344269
2022-08-19,422.701,1.3812718449206365,1.0100884076907974,0.4809951,-1.0437245922253642,2.0538129999161616,0.2353994323306984
2022-08-20,420.77,-0.5398436732145977,1.0884441750781206,0.50140923,-1.0767465403468912,2.165190715425012,0.2408194785986176
2022-08-21,424.113,2.813238195915992,1.166909146138065,0.5220225,-1.1097473671029177,2.2766565132409826,0.246187663358965
2022-08-22,422.004,0.7145153835167513,1.2454326957319186,0.54284793,-1.1427043196999052,2.388137015431824,0.2515012786305045
2022-08-23,419.189,-2.0900141792080014,1.323963727074972,0.5531618,-1.1755943773649402,2.499558104439912,0.2567576166800945
2022-08-24,426.655,5.386804102680083,1.402450720542809,0.5704697,-1.208394270005126,2.610844990547935,0.2619539721890334
2022-08-25,429.003,7.745416910876358,1.480841783079779,0.58640516,-1.2410804972093308,2.7219222802891103,0.2670876444333465
2022-08-26,425.352,4.105223475593374,1.5590846981540407,0.60494787,-1.27362934757518,2.8327140457292206,0.272155939475704
2022-08-27,428.529,7.293200412297487,1.6371269762025789,0.6171627,-1.306016918343762,2.943143894546341,0.2771561723666478
2022-08-28,429.784,8.55936748202602,1.714915905509307,0.6256077,-1.3382191353242143,3.0531350408335216,0.2820856693527682
2022-08-29,421.15,-0.0632774241151219,1.7923986034586383,0.6483721,-1.370211773090002,3.16261037654864,0.2869417700894879
2022-08-30,424.502,3.300420248713935,1.869522068106534,0.6661467,-1.4019704754284108,3.271492543534945,0.2917218298560757
2022-08-31,423.73,2.5403059850520555,1.946233230010539,0.68361974,-1.4334707760244445,3.3797040060349834,0.296423221770521
2022-09-01,425.025,3.8473776992049222,2.0224790042601395,0.70591474,-1.4646881193601065,3.487167123620246,0.3010433390018827
2022-09-02,428.597,7.431633305478513,2.0982063426483166,0.7363517,-1.4955978818096929,3.593804224458009,0.3055795969777438
2022-09-03,421.811,0.6580707181786609,2.1733622859252093,0.7585063,-1.5261753929115995,3.699537678836809,0.3100294355843767
2022-09-04,424.73,3.589687851611177,2.2478940160744503,0.7685854,-1.5563959567968262,3.8042899728712767,0.3143903213572574
2022-09-05,423.35,2.2224826200817573,2.321748908552884,0.78178054,-1.58623487375422,3.907983782307104,0.3186597496595508
2022-09-06,426.913,5.798452937896297,2.394874584434248,0.8055279,-1.6156674619123246,4.010542046346572,0.3228352468462101
2022-09-07,427.454,6.352596719360709,2.4672189623976197,0.8193691,-1.6446690790174796,4.111888041415099,0.3269143724113482
2022-09-08,426.431,5.342911878780725,2.538730310501481,0.825324,-1.67321514428777,4.211945454789251,0.3308947211165387
2022-09-09,428.842,7.767396330462164,2.609357297684596,0.8172678,-1.701281160322239,4.310638458006835,0.3347739250977432
2022-09-10,430.079,9.018047988710904,2.679049044935041,0.8284546,-1.7288427350446691,4.40789177997971,0.3385496559485654
2022-09-11,427.695,6.647864767832767,2.747755176069348,0.84752595,-1.755875603661243,4.503630779730591,0.342219626777565
2022-09-12,419.274,-1.7591554178664244,2.815425868063893,0.8504357,-1.7823556506112417,4.597781518675135,0.3457815942373835
2022-09-13,431.173,10.15398534591902,2.8820119008813605,0.8548132,-1.8082589314899604,4.690270832371321,0.3492333605234715
2022-09-14,424.223,3.218284973495222,2.9474647067356217,0.8652267,-1.833561694922996,4.781026401658618,0.3525727753402299
2022-09-15,421.127,0.1367413791676406,3.0117364187390345,0.8903627,-1.85824040437105,4.869976823110084,0.3557977378324147
2022-09-16,421.872,0.8966950479945788,3.0747799188768403,0.91480273,-1.8822717598444327,4.957051678721273,0.358906198479696
2022-09-17,422.276,1.3158106325172767,3.1365488852542005,0.9276952,-1.905632719506516,5.042181604760716,0.361896160952288
2022-09-18,433.546,12.601086097771905,3.1969978385621505,0.814133,-1.9283005211454016,5.125298359707552,0.3647656839256263
2022-09-19,427.035,6.105519408794413,3.2560821877097847,0.7558178,-1.9502527034932249,5.206334891203009,0.3675128828520949
2022-09-20,417.668,-3.2458914693791816,3.313758274570798,0.70644176,-1.971467127372572,5.28522540194337,0.3701359316878633
2022-09-21,425.609,4.710904321401434,3.3699834177937014,0.6835163,-1.9919219966496584,5.36190541444336,0.3726330645729369
2022-09-22,422.187,1.3048521243260829,3.4247159556260467,0.69840425,-2.011595878974024,5.436311834600071,0.3750025774625782
2022-09-23,428.6710000000001,7.804918298115102,3.4779152877040858,0.74181837,-2.03046772628473,5.508383013988816,0.3772428297083029
2022-09-24,425.884,5.034131570878174,3.529541915760646,0.7925764,-2.048516895063183,5.578058810823829,0.3793522455867208
2022-09-25,420.892,0.0584899108901542,3.579557483205137,0.83703554,-2.065723166312944,5.645280649518082,0.3813293157745356
2022-09-26,425.838,5.021022900661798,3.6279248135309703,0.86962,-2.082066765247122,5.709991578778093,0.3831725987680836
2022-09-27,427.836,7.035697753313989,3.67460794750711,0.90033597,-2.097528380664185,5.772136328171295,0.384880722245861
2022-09-28,430.462,9.678512441803155,3.719572179111727,0.9265625,-2.112089183993313,5.83166136310504,0.3864523843725252
2022-09-29,428.218,7.451464939085495,3.7627840901676417,0.9392237,-2.12573084799068,5.8885149381583215,0.3878863550429584
2022-09-30,422.975,2.225553218117459,3.8042115836405066,0.96146303,-2.138435565068388,5.942647148708895,0.389181477065009
2022-10-01,425.408,4.675775251855242,3.843823915562474,0.97035605,-2.15018606523809,5.9940099808005645,0.3903366672796263
2022-10-02,429.112,8.397129013255114,3.881591725545529,0.99303955,-2.160965633651684,6.042557359197213,0.3913509176171524
2022-10-03,426.677,5.979612475273404,3.9174870658504304,1.0152466,-2.1707581277218395,6.08824519357227,0.3922232960886144
2022-10-04,432.018,11.338223610866544,3.951483428978879,1.0356638,-2.179547993805467,6.131031422784346,0.3929529477109334
2022-10-05,427.921,7.258960392990554,3.98355577375818,1.0596505,-2.187320283433676,6.170876057191856,0.393539095365038
2022-10-06,424.864,4.219820794602024,4.01368054988956,1.0969503,-2.1940606690721496,6.20774121896171,0.3939810405859406
2022-10-07,428.487,7.860802788657009,4.041835720933034,1.1272326,-2.199755459396333,6.241591180329367,0.3942781642839205
2022-10-08,428.218,7.60990434811192,4.068000785703505,1.1477319,-2.2043916140662385,6.272392399769744,0.3944299273960264
2022-10-09,427.284,6.694123445923088,4.092156798054747,1.1678292,-2.207956757986146,6.300113556040893,0.3944358714671888
2022-10-10,429.572,9.000458055046813,4.114286385029714,1.1853005,-2.210439195034986,6.324725580064699,0.3942956191603184
2022-10-11,429.766,9.212906148439249,4.134373763357614,1.2050948,-2.2118279212536405,6.346201684611254,0.3940088746948376
2022-10-12,429.363,8.828465699056935,4.152404754280017,1.2161957,-2.21211263747592,6.364517391755937,0.3935754242131757
2022-10-13,428.281,7.765134679855947,4.168366796690379,1.2176021,-2.211283761390505,6.379650558080884,0.3929951360748427
2022-10-14,434.167,13.66991106379275,4.182248958573155,1.2443326,-2.209332439021669,6.391581397594824,0.3922679610777692
2022-10-15,435.014,14.535792823823463,4.194041946730775,1.2599454,-2.2062505556171,6.400292502347876,0.3913939326066844
2022-10-16,429.488,9.028756654026374,4.203738114788823,1.2619271,-2.2020307459318027,6.405768860720626,0.3903731667083956
2022-10-17,427.635,7.194822394050153,4.211331469471553,1.2731655,-2.196666403897474,6.407997873369027,0.3892058620938936
2022-10-18,431.164,10.742988013612573,4.2168176751421385,1.3014017,-2.190151691667505,6.406969366809644,0.3878923000673119
2022-10-19,428.571,8.169251482431203,4.220194056603935,1.3254837,-2.1824815480281603,6.402675604632096,0.3864328443818332
2022-10-20,436.421,16.0386107702237,4.221459600161084,1.3523573,-2.173651696167263,6.395111296328347,0.3848279410227261
2022-10-21,430.731,10.36806384670771,4.220614952938867,1.3597981,-2.1636586507921725,6.384273603731039,0.3830781179177778
2022-10-22,433.8080000000001,13.464577067364878,4.217662420466214,1.2584914,-2.15249972458957,6.370162145055783,0.3811839845754566
2022-10-23,433.269,12.94517915706628,4.212605962524799,1.2395529,-2.140173034020101,6.352778996544901,0.3791462316512439
2022-10-24,429.774,9.469868080848006,4.205451187271136,1.1777933,-2.12667750444162,6.332128691712756,0.3769656304426197
2022-10-25,422.803,2.518641803746073,4.196205343640202,1.1600187,-2.112012874555385,6.308218218195586,0.3746430323133017
2022-10-26,425.821,5.556498290796574,4.184877312041003,1.1217185,-2.096179700170185,6.281057012211188,0.3721793680473916
2022-10-27,429.703,9.45794442526584,4.171477593356541,1.1007206,-2.079179357280065,6.250656950636606,0.3695756471341673
2022-10-28,434.381,14.155482819754248,4.156018296262582,1.0970887,-2.061014044451921,6.217032340714503,0.3668329569843402
2022-10-29,427.275,7.069111364555086,4.138513122881596,1.0931332,-2.0416867845199267,6.180199907401523,0.3639524620786721
2022-10-30,431.678,11.491827949961582,4.118977352790186,1.062304,-2.021201425584393,6.14017877837458,0.3609354030499092
2022-10-31,431.408,11.24163046626728,4.097427825400124,1.0464239,-1.9995626413133296,6.096990466713454,0.3577830956990852
2022-11-01,429.261,9.114516803765335,4.073882920735182,0.84907913,-1.9767759305456256,6.050658851280808,0.3544969299472993
2022-11-02,429.487,9.360484852749195,4.048362538627552,0.7574061,-1.9528476161954555,6.001210154823008,0.3510783687241554
2022-11-03,434.635,14.528532503512054,4.0208880763597366,0.73555756,-1.927784843458151,5.948672919817888,0.3475289467941106
2022-11-04,426.329,6.242657646347441,3.9914824047793656,0.61265653,-1.9015955773184685,5.893077982097834,0.3438502695220676
2022-11-05,434.023,13.95685817154847,3.960169842916217,0.26786882,-1.8742885993628056,5.834458442279023,0.3400440115795803
2022-11-06,426.6,6.554131969408682,3.926976131132557,0.17386721,-1.8458735038976384,5.772849635030195,0.3361119155931397
2022-11-07,419.569,-0.4565230697786884,3.8919284028393664,-0.16492108,-1.8163606933770424,5.708289096216409,0.3320557907360476
2022-11-08,419.318,-0.6870774414841376,3.855055154812888,-0.404043,-1.7857613731428754,5.640816527955764,0.3278775112654582
2022-11-09,427.757,7.772718347922387,3.816386216147337,-0.48004842,-1.7540875454818012,5.570473761629138,0.3235790150062191
2022-11-10,424.548,4.584587507710642,3.7759527158813433,-0.48110327,-1.7213520030040077,5.497304718885351,0.3191623017832073
2022-11-11,424.915,4.972527974668971,3.7337870493370335,-0.48299664,-1.6875683213491222,5.421355370686157,0.314629431803908
2022-11-12,420.577,0.6551795168420325,3.6899228432122606,-0.52479815,-1.6527508512254214,5.342673694437682,0.3099825239930327
2022-11-13,424.699,4.797892661183065,3.644394919467776,-0.5010302,-1.616914709789116,5.261309629256892,0.3052237542810338
2022-11-14,419.119,-0.761334708871144,3.597239258052628,-0.4813461,-1.580075771371072,5.1773150294237,0.3003553538484129
2022-11-15,415.984,-3.875222351393557,3.5484929585122424,-0.4443062,-1.5422506575589596,5.090743616071202,0.2953796073277647
2022-11-16,416.209,-3.628887694741107,3.4981942005249564,-0.40255263,-1.503456726643435,5.001650927168392,0.2902988509655562
2022-11-17,419.287,-0.5288999445353928,3.4463822034139917,-0.3725556,-1.4637120624375433,4.910094265851535,0.2851154707456648
2022-11-18,426.031,6.237150190426701,3.393097184682924,-0.33960292,-1.4230354624791175,4.816132647162042,0.2798319004767474
2022-11-19,423.802,4.0302326753375,3.338380317623868,-0.30901343,-1.3814464256265675,4.719826743250435,0.2744506198455511
2022-11-20,416.018,-3.731640605346141,3.2822736880484737,-0.28463846,-1.3389651390589423,4.621238827107416,0.2689741524383026
2022-11-21,423.87,4.142563896293188,3.224820250193001,-0.25684154,-1.2956124646917953,4.520432714884796,0.2634050637323512
2022-11-22,422.076,2.3707872300559933,3.166063781849324,-0.25351492,-1.2514099250208377,4.417473706870161,0.2577459590602661
2022-11-23,427.363,7.6795439948926,3.1060488387749685,-0.23513551,-1.2063796884059876,4.312428527180956,0.2519994815486154
2022-11-24,424.082,4.420350722824271,3.044820708435558,-0.23816581,-1.1605445538088677,4.205365262244426,0.246168310033677
2022-11-25,420.232,0.5921295677149652,2.9824253631341557,-0.24268268,-1.1139279349973343,4.09635329813149,0.2402551569563539
2022-11-26,422.177,2.5589706283208944,2.9189094125824053,-0.27090052,-1.0665538442311495,3.985463256813555,0.2342627662385845
2022-11-27,422.732,3.135843783553108,2.854320055968997,-0.2868207,-1.018446875443318,3.8727669314123143,0.2281939111435499
2022-11-28,424.606,5.031659846862965,2.7887050335814787,-0.3279622,-0.9696321869321304,3.758337220513609,0.2220513921219971
2022-11-29,432.573,13.020352048051686,2.7221125780378426,-0.31926662,-0.9201354835793732,3.642248061617216,0.215838034647006
2022-11-30,432.587,13.056002226188776,2.6545913651847783,-0.42581204,-0.8699829986106125,3.5245743637953906,0.2095566870395328
2022-12-01,428.281,8.771689587002548,2.5861904647195764,-0.86143684,-0.8192014749138583,3.405391939633435,0.2032102182870679
2022-12-02,424.999,5.511412030940273,2.5169592905931384,-0.8638328,-0.7678181459333336,3.284777436526472,0.1968015158577473
2022-12-03,416.366,-3.099832541550992,2.4469475512514807,-0.87296337,-0.7158607161554335,3.162808267406914,0.1903334835122561
2022-12-04,426.113,6.669116733328546,2.3762051997733344,-1.0790858,-0.6633573412043491,3.039562540977684,0.1838090391158564
2022-12-05,434.009,14.58709029092336,2.3047823839614785,-1.2437575,-0.6103366075651662,2.9151189915266444,0.1772311124528684
2022-12-06,430.548,11.147803697993352,2.2327293964452144,-1.255312,-0.5568275119525627,2.789556908397777,0.1706026430459137
2022-12-07,422.601,3.222529565493959,2.160096624851519,-1.2546594,-0.5028594403435751,2.662956065195094,0.1639265779822376
2022-12-08,419.916,0.5591028135092568,2.0869345021019976,-1.4088608,-0.4484621466931544,2.5353966487951523,0.1572058697493838
2022-12-09,419.089,-0.2460288509308921,2.013293456892597,-1.492854,-0.3936657313515501,2.406959188244147,0.1504434740825023
2022-12-10,425.223,5.909941308759953,1.9392238644127648,-2.0319157,-0.3385006192027696,2.2777244836155344,0.1436423478255364
2022-12-11,427.722,8.430328920422156,1.8647759973601736,-2.2486064,-0.2829975375436421,2.147773534903816,0.1368054468085126
2022-12-12,417.395,-1.8752505217731004,1.7899999773068442,-2.2825177,-0.2271874937231798,2.017187471030024,0.1299357237431347
2022-12-13,419.552,0.3033017882514939,1.7149457264718413,-2.2866175,-0.1711017525621794,1.8860474790340207,0.1230361261388558
2022-12-14,418.691,-0.5361003385469099,1.6396629199551749,-2.2860243,-0.1147718135731269,1.754434733528302,0.1161095942415621
2022-12-15,422.035,2.829695613610472,1.5642009384868727,-2.2762423,-0.0582293880006897,1.6224303264875624,0.1091590589969762
2022-12-16,420.386,1.2025235396054403,1.4886088217444131,-2.2380297,-0.0015063757031284,1.4901151974475415,0.1021874400408523
2022-12-17,420.693,1.5310472363617071,1.412935222291009,-2.1999903,0.0553651581048184,1.3575700641861903,0.0951976437179901
2022-12-18,418.368,-0.7725162522767346,1.337228360186235,-2.16267,0.1123530062270429,1.224875353959192,0.0881925611320553
2022-12-19,422.729,3.609958627348545,1.2615359783197426,-2.122483,0.1694248429584452,1.0921111353612971,0.0811750662281586
2022-12-20,420.844,1.746469667777507,1.1859052985176706,-2.1408255,0.2265482476339231,0.9593570508837476,0.0741480139100852
2022-12-21,418.943,-0.1329853384493979,1.11038297847044,-2.1610515,0.2836907282331607,0.8266922502372792,0.0671142381940329
2022-12-22,413.813,-5.241277288916125,1.0350150695294522,-2.1406205,0.340819745020499,0.6941953245089532,0.0600765504006556
2022-12-23,409.188,-9.843909830313253,0.9598469754191165,-2.1922138,0.3979027341991195,0.561944241219997,0.0530377373871661
2022-12-24,411.893,-7.115590279581732,0.8849234119093522,-2.235764,0.454907131558784,0.4300162803505681,0.0460005598211879
2022-12-25,420.28,1.2953813910794167,0.810288367492556,-2.2419643,0.5118003960965097,0.2984879713960462,0.038967750497999
2022-12-26,418.89,-0.0705714160141501,0.7359850651076116,-2.305616,0.5685500335895083,0.1674350315181033,0.031942012702745
2022-12-27,420.7905,1.8538050558977797,0.6620559249521966,-3.1790264,0.6251236200999228,0.0369323048522737,0.0249260186191442
2022-12-28,422.691,3.778202520165644,0.588542528423299,-3.2503488,0.681488825390916,-0.092946296967617,0.0179224077861397
2022-12-29,416.365,-2.5238809002400453,0.5154855832242503,-3.3735886,0.7376134362338433,-0.222127853009593,0.0109337856038996
2022-12-30,391.811,-27.05358416500217,0.4429248896752364,-4.1300616,0.7934653795863892,-0.3505404899111528,0.0039627218904875
2022-12-31,404.366,-15.743171140652198,0.3708993082626222,-4.4100823,0.8490127456216775,-0.4781134373590552,-0.0029882505095258
2023-01-01,416.921,-1.8939267404837812,0.2994467284608196,-4.430637,0.904223810588618,-0.6047770821277982,-0.0099166370633185
2023-01-02,420.36,1.5701092606419491,0.2286040388588844,-4.42065,0.9590670594838993,-0.7304630206250148,-0.0168199828338135
2023-01-03,409.937,-8.827905528330556,0.1584070986223464,-4.4008417,1.0135112085162723,-0.855104109893926,-0.0236958737083591
2023-01-04,419.478,0.7380655924424573,0.0888907103189446,-4.5176425,1.0675252273440812,-0.9786345170251366,-0.0305419375711089
2023-01-05,411.0455,-7.669622654296381,0.0200885941354806,-5.0064206,1.1210783610671475,-1.1009897669316668,-0.0373558454181906
2023-01-06,402.613,-16.07713925065856,-0.0479666364890101,-5.0116825,1.1741401519545045,-1.2221067884435144,-0.0441353124148269
2023-01-07,420.6,1.934925244009812,-0.1152434977902293,-5.178319,1.2266804608896946,-1.341923958679924,-0.050878098893642
2023-01-08,421.605,2.964972537141392,-0.1817116571440281,-5.494627,1.2786694885157202,-1.4603811456597482,-0.0575820112934724
2023-01-09,415.515,-3.100182111350542,-0.247341953050356,-5.7896166,1.3300777960620165,-1.5774197491123725,-0.0642449030380625
2023-01-10,420.793,2.202830747431741,-0.3121064136178206,-5.956104,1.3808763258362171,-1.692982739454038,-0.0708646753541164
2023-01-11,416.342,-2.2232779906969955,-0.3759782735326425,-6.1020565,1.4310364213638045,-1.8070146948964472,-0.0774392780282454
2023-01-12,410.744,-7.796354304664755,-0.4389319894978205,-6.156407,1.480529847159145,-1.9194618366569656,-0.0839667101024319
2023-01-13,404.409,-14.10644516921595,-0.5009432541301664,-6.3970046,1.5293288081118033,-2.03027206224197,-0.0904450205077067
2023-01-14,415.386,-3.104292625773832,-0.5619890083047877,-6.751797,1.577405968472414,-2.1393949767772016,-0.0968723086358159
2023-01-15,418.46,-0.0051815796265867,-0.6220474519385603,-6.824411,1.6247344704228626,-2.2467819223614227,-0.1032467248487346
2023-01-16,416.61,-1.8301136880854911,-0.681098053206075,-6.779826,1.6712879522159318,-2.352386005422007,-0.109566470925952
2023-01-17,421.125,2.7100808552375724,-0.7391215561833586,-6.651833,1.7170405658700127,-2.456162122053372,-0.1158298004495474
2023-01-18,414.392,-3.99781529061278,-0.7960999869169068,-6.68215,1.7619669944050012,-2.558066981321908,-0.1220350191271422
2023-01-19,418.192,-0.1727653463906293,-0.8520166579170786,-6.614836,1.806042468605907,-2.658059126522985,-0.1281804850528891
2023-01-20,410.703,-7.636770949157477,-0.9068561710773556,-6.468795,1.8492427833012604,-2.756098954378616,-0.1342646089067518
2023-01-21,409.556,-8.758696815028078,-0.9606044190224036,-6.3478136,1.8915443131438312,-2.852148732166235,-0.1402858540923872
2023-01-22,420.214,1.9244632833383308,-1.013248584890233,-6.230387,1.932924027881781,-2.9461726127720143,-0.1462427368140305
2023-01-23,417.496,-0.7685690857968904,-1.0647771405553488,-6.1129065,1.9733595071087744,-3.0381366476641234,-0.1521338260928555
2023-01-24,414.474,-3.7655066300947047,-1.115179843301933,-6.0053926,2.012828954482237,-3.12800879778417,-0.1579577437233561
2023-01-25,412.038,-6.176523721308249,-1.164447730957841,-5.8998537,2.051311211399359,-3.2157589423572,-0.163713164170371
2023-01-26,413.14,-5.049607193050117,-1.212573115502123,-5.7856483,2.0887857701211097,-3.301358885623233,-0.1693988144074462
2023-01-27,411.817,-6.347761621167895,-1.2595495751606995,-5.6938663,2.1252327863350025,-3.384782361495702,-0.1750134736972983
2023-01-28,416.661,-1.4786690645968343,-1.305371945006555,-5.595513,2.1606330911479503,-3.466005036154505,-0.1805559733152218
2023-01-29,411.618,-6.496672310138038,-1.350036306082694,-5.509512,2.194968202501126,-3.54500450858382,-0.1860251962163398
2023-01-30,421.323,3.233227110434614,-1.3935399730679077,-5.395838,2.228220335999304,-3.621760309067212,-0.1914200766476817
2023-01-31,412.858,-5.2070255894300335,-1.4358814805071,-5.3019233,2.260372415147745,-3.696253895654845,-0.1967395997061206
2023-02-01,420.227,2.186828336371545,-1.4770605676297257,-5.214386,2.2914080809902977,-3.768468648620023,-0.2019828008432865
2023-02-02,417.292,-0.7236958623502665,-1.5170781617815146,-5.129439,2.3213117011429376,-3.838389862924452,-0.2071487653186211
2023-02-03,421.565,3.5736734024363224,-1.5559363604964305,-5.136438,2.350068378217601,-3.906004738714032,-0.2122366276018132
2023-02-04,417.348,-0.6195442630871157,-1.5936384122372975,-5.0824614,2.3776639576317558,-3.971302369869053,-0.2172455707259029
2023-02-05,421.467,3.523465652667409,-1.6301886958352751,-5.3415756,2.404085034799726,-4.034273730635001,-0.222174825592416
2023-02-06,417.763,-0.1567485295561319,-1.6655926986597798,-5.295329,2.429318961702452,-4.094911660362231,-0.227023670229931
2023-02-07,411.061,-6.835414516566691,-1.699856993552051,-5.248879,2.4533538528328824,-4.153210846384933,-0.2317914290075503
2023-02-08,411.043,-6.83019269035428,-1.7329892145570136,-5.1789985,2.4761785905149054,-4.209167805071919,-0.2364774718047909
2023-02-09,409.809,-8.041084687936163,-1.764998031489398,-5.1078377,2.497782829594209,-4.262780861083607,-0.2410812131394664
2023-02-10,421.299,3.4719078536706,-1.7958931233716569,-5.0548368,2.5181570015001604,-4.314050124871818,-0.2456021112551742
2023-02-11,422.066,4.261626119302521,-1.8256851507823424,-5.019191,2.537292317678377,-4.362977468460719,-0.2500396671700618
2023-02-12,420.8,3.0181572883831933,-1.8543857271549824,-4.9494696,2.555180772394188,-4.40956649954917,-0.2543934236885681
2023-02-13,413.612,-4.147883280708755,-1.8820073890687063,-4.9107103,2.5718151449078874,-4.453822533976594,-0.2586629643779083
2023-02-14,420.057,2.318946601002426,-1.908563565573023,-4.9400144,2.587189001023196,-4.495752566596219,-0.2628479125110782
2023-02-15,414.152,-3.5643548033320007,-1.9340685465902168,-4.8797116,2.6012966940109554,-4.535365240601172,-0.2669479299782149
2023-02-16,414.497,-3.1977892305604643,-1.9585374504400288,-4.8168197,2.6141333649106997,-4.572670815350728,-0.2709627161681796
2023-02-17,420.209,2.5356415824684886,-1.981986190532084,-4.7371264,2.625694942213261,-4.607681132745345,-0.2748920068222499
2023-02-18,421.013,3.3606045451103483,-2.00443144127263,-4.6541686,2.6359781409281933,-4.640409582200823,-0.2787355728618571
2023-02-19,414.887,-2.745066934244355,-2.0258906032329587,-4.5841937,2.64498046104035,-4.6708710642733084,-0.2824932191923153
2023-02-20,414.058,-3.5534764206468443,-2.0463817676276923,-4.525132,2.652700185360481,-4.699081952988173,-0.2861647834845264
2023-02-21,422.172,4.581376272308794,-2.065923680151904,-4.5688324,2.6591363767753284,-4.725060056927232,-0.2897501349366526
2023-02-22,416.775,-0.7952014575281126,-2.084535704226708,-4.6426873,2.66428887490318,-4.748824579129888,-0.2932491730177874
2023-02-23,418.305,0.7550820212705776,-2.102237783703589,-4.7125463,2.6681582921614067,-4.770396075864996,-0.296661826195652
2023-02-24,409.533,-7.997117000915576,-2.119050405078317,-4.887363,2.670746009253034,-4.789796414331351,-0.2999880506503724
2023-02-25,410.06,-7.450058642264689,-2.134994559265785,-4.9112134,2.672054170079924,-4.807048729345709,-0.303227828976399
2023-02-26,413.566,-3.9241432421474,-2.150091702987493,-5.0448775,2.6720856760906018,-4.822177379078095,-0.3063811688746378
2023-02-27,429.27,11.799912907778772,-2.1643637198238816,-5.29644,2.6708441800713376,-4.835207899895219,-0.3094481018368725
2023-02-28,422.772,5.321768786991287,-2.177832880983903,-5.5987244,2.6683340793894983,-4.8461669603734014,-0.3124286818245508
2023-03-01,417.356,-0.0749332721481014,-2.19052180584449,-5.631324,2.664560508698689,-4.855082314543179,-0.3153229839440253
2023-03-02,415.195,-2.21678970390221,-2.2024534223127725,-5.6159782,2.6595293321157065,-4.861982754428479,-0.3181311031203162
2023-03-03,411.479,-5.913516823759692,-2.213650927063996,-5.593406,2.653247134879683,-4.866898061943679,-0.3208531527714751
2023-03-04,417.831,0.4577583047591106,-2.224137745708032,-5.7272515,2.6457212145043174,-4.869858960212349,-0.3234892634856123
2023-03-05,416.139,-1.215138838784498,-2.233937492937506,-5.9135365,2.6369595714344656,-4.870897064371972,-0.3260395817026432
2023-03-06,407.69,-9.645183065798632,-2.2430739327102645,-5.931979,2.6269708992187994,-4.870044831929064,-0.3285042684027905
2023-03-07,414.762,-2.5541172850293945,-2.251570938518911,-5.969007,2.6157645742105857,-4.867335512729497,-0.3308834978038752
2023-03-08,412.493,-4.8041920968929,-2.2594524537998044,-6.0749407,2.6033506448091086,-4.862803098608913,-0.3331774560693956
2023-03-09,407.918,-9.360455985299897,-2.266742452533608,-6.1555715,2.589739820254497,-4.856482272788105,-0.3353863400293811
2023-03-10,420.43,3.170089369290454,-2.273464900089192,-6.612604,2.574943458989205,-4.848408359078398,-0.3375103559159855
2023-03-11,410.71,-6.531734562006715,-2.279643714362119,-6.62361,2.558973556599596,-4.838617270961715,-0.3395497181157502
2023-03-12,413.117,-4.1067549214572345,-2.285302727258616,-6.7757716,2.541842733351504,-4.8271454606101205,-0.3415046479404466
2023-03-13,415.427,-1.7787965674707849,-2.290465646575212,-7.126682,2.523564221333892,-4.814029867909103,-0.3433753724183684
2023-03-14,423.372,6.1840793158892255,-2.2951560183237,-7.632857,2.504151851225,-4.7993078695487,-0.3451621231079179
2023-03-15,414.755,-2.415401485660236,-2.2993971895503345,-7.6492376,2.4836200386957232,-4.783017228246058,-0.3468651349352864
2023-03-16,410.5750000000001,-6.578081904709977,-2.3032122716974954,-7.543191,2.461983770465089,-4.765196042162584,-0.3484846450579975
2023-03-17,408.768,-8.36796362865018,-2.3066241045551066,-7.4106054,2.4392585900230674,-4.745882694578175,-0.3500208917560338
2023-03-18,409.143,-7.9759332839057935,-2.3096552208484105,-7.260893,2.4154605830360536,-4.725115803884464,-0.3514741133522283
2023-03-19,409.556,-7.546058953625703,-2.312327811507602,-7.3348913,2.390606362450677,-4.70293417395828,-0.3528445471635578
2023-03-20,414.435,-2.6503432395281536,-2.314663691663952,-7.3461056,2.364713053311622,-4.679376744975573,-0.354132428484921
2023-03-21,415.41,-1.658553752037402,-2.316684267415928,-7.2927537,2.337798277309499,-4.654482544725427,-0.3553379896069435
2023-03-22,411.983,-5.068963246992023,-2.318410503407834,-7.247305,2.309880137074772,-4.628290640482605,-0.3564614588692892
2023-03-23,421.31,4.274426660247587,-2.319862891262184,-7.2285395,2.2809772002340085,-4.600840091496192,-0.3575030597509142
2023-03-24,410.47,-6.549709856042819,-2.3210614189059844,-7.175138,2.25110848324477,-4.572169902150755,-0.3584630099986375
2023-03-25,411.144,-5.860056515492862,-2.322025540829756,-7.080633,2.2202934350255443,-4.5423189758553,-0.3593415207953431
2023-03-26,409.74,-7.248290771298157,-2.322774149316849,-6.951278,2.1885519203972703,-4.511326069714119,-0.3601387959690796
2023-03-27,405.162,-11.810732182748646,-2.323325546679268,-6.8226447,2.1559042033529705,-4.479229750032238,-0.3608550312442435
2023-03-28,413.43,-3.5273323604962905,-2.323697418534828,-7.177655,2.1223709301721074,-4.446068348706936,-0.3614904135359933
2023-03-29,422.466,5.524211911710676,-2.3239068081590304,-7.2136316,2.0879731123963,-4.4118799205553305,-0.3620451202889588
2023-03-30,410.443,-6.4836647402533165,-2.3239700919435964,-7.1277237,2.0527321096830167,-4.376702201626613,-0.3625193188612474
2023-03-31,410.996,-5.915640788186844,-2.3239029559920223,-7.0473742,2.0166696125538643,-4.340572568545887,-0.3629131659546953
2023-04-01,411.028,-5.868823714453247,-2.323720373881049,-7.05385,1.9798076250540737,-4.303527998935122,-0.3632268070922243
2023-04-02,414.112,-2.7701353189926934,-2.323436585615307,-7.026532,1.942168447339704,-4.265605032955011,-0.3634603761431119
2023-04-03,414.389,-2.4786547749146126,-2.3230650778007704,-6.989692,1.90377465820907,-4.226839736009841,-0.3636139948968996
2023-04-04,410.002,-6.851383640768229,-2.3226185650610467,-6.9109898,1.8646490975947567,-4.187267662655803,-0.3636877726866036
2023-04-05,410.996,-5.8432564326553,-2.3221089727188087,-6.8153152,1.8248148490325464,-4.146923821751355,-0.3636818060618098
2023-04-06,412.993,-3.8323399297666296,-2.3215474207629843,-6.779478,1.7842952221234272,-4.105842642886412,-0.3635961785121705
2023-04-07,411.2720000000001,-5.53963568072332,-2.3209442091206225,-6.9356127,1.7431137350047383,-4.064057944125361,-0.3634309602417394
2023-04-08,408.814,-7.984145234146422,-2.320308804250516,-6.8428197,1.7012940968463532,-4.021602901096869,-0.3631862079945134
2023-04-09,404.522,-12.262809627455296,-2.319649827073993,-6.7662888,1.6588601903876397,-3.978510017461633,-0.3628619649314691
2023-04-10,406.877,-9.894689276146408,-2.3189750422564623,-6.705568,1.6158360545307633,-3.9348110967872256,-0.36245826055931
2023-04-11,407.694,-9.064732465102564,-2.318291348851376,-6.7298245,1.572245867005691,-3.8905372158570666,-0.3619751107110635
2023-04-12,408.096,-8.649868397879729,-2.3176047723166997,-6.6374726,1.5281139271220563,-3.845718699438756,-0.3614125175785919
2023-04-13,410.03,-6.703179893143213,-2.316920457911903,-6.5332127,1.483464638622802,-3.800385096534705,-0.360770469797004
2023-04-14,406.689,-10.031706874743085,-2.3162426654817767,-6.4127936,1.438322492654303,-3.75456515813608,-0.360048942580879
2023-04-15,410.199,-6.509351570451575,-2.315574765631545,-6.3060565,1.3927120508674042,-3.7082868164989495,-0.3592478979121374
2023-04-16,405.333,-11.363212069762044,-2.314919237295765,-6.231433,1.3466579286635223,-3.661577165959288,-0.358367284779321
2023-04-17,413.355,-3.3292898655156726,-2.3142776667018894,-6.2246037,1.3001847785997345,-3.614462445301624,-0.3574070394679616
2023-04-18,414.493,-2.1795864505529075,-2.3136507477271966,-6.2433896,1.2533172739663838,-3.5669680216935804,-0.3563670859016516
2023-04-19,408.192,-8.469086146776732,-2.3130382836462964,-6.210717,1.206080092550559,-3.519118376196856,-0.3552473360333491
2023-04-20,404.81,-11.839706390128155,-2.312439190264276,-6.139295,1.1584979005983569,-3.470937090862632,-0.3540476902863753
2023-04-21,405.738,-10.90054669406429,-2.311851500428946,-6.065471,1.110595336988582,-3.422446837417528,-0.3527680380444946
2023-04-22,411.391,-5.236608533961774,-2.311272369913637,-5.9614363,1.062396997630177,-3.3736693675438136,-0.3514082581903902
2023-04-23,410.446,-6.17089338519725,-2.310698084660343,-5.897034,1.0139274200953097,-3.3246255047556525,-0.349968219691773
2023-04-24,410.19,-6.416402723147117,-2.310124069371139,-5.8188424,0.9652110684997024,-3.275335137870841,-0.3484477822343009
2023-04-25,410.593,-6.003138023188185,-2.309544897433971,-5.7070503,0.9162723186413876,-3.2258172160753587,-0.3468467969004062
2023-04-26,410.357,-6.229100760696944,-2.3089543021672982,-5.6184735,0.8671354434087094,-3.176089745576008,-0.3451651068930632
2023-04-27,412.307,-4.269292411050183,-2.308345189366185,-5.5251017,0.8178245984680145,-3.1261697878342,-0.3434025483034625
2023-04-28,412.268,-4.298714449624178,-2.3077096511308297,-5.4087543,0.7683638082410023,-3.076073459371832,-0.3415589509214903
2023-04-29,414.023,-2.53417248735336,-2.30703898095674,-5.283593,0.7187769521814042,-3.025815933138144,-0.3396341390878443
2023-04-30,406.313,-10.234766965284155,-2.3063236900642576,-5.1917405,0.6690877513601456,-2.975411441424403,-0.3376279325865586
2023-05-01,409.249,-7.289588417669217,-2.3055535249432726,-5.1355677,0.6193197553677701,-2.9248732803110427,-0.3355401475766473
2023-05-02,416.695,0.165361722681166,-2.3047174860876165,-5.1453686,0.5694963295424811,-2.874213815630098,-0.3333705975615115
2023-05-03,415.855,-0.6659179770436101,-2.303803847891904,-5.0786676,0.5196406425316837,-2.823444490423588,-0.3311190943947039
2023-05-04,414.088,-2.4242204794132127,-2.3028001796821167,-5.040614,0.4697756541944879,-2.772575833876605,-0.3287854493205791
2023-05-05,413.252,-3.2517614463252373,-2.301693367849749,-5.0574107,0.4199241038522253,-2.721617471701975,-0.326369474048317
2023-05-06,413.864,-2.631448916459177,-2.3004696390578787,-5.1271777,0.3701084988934741,-2.670578137951353,-0.3238709818577331
2023-05-07,404.277,-12.21038023236992,-2.2991145844860834,-5.0746284,0.3203511037397701,-2.6194656882258536,-0.3212897887352632
2023-05-08,412.216,-4.263556780928941,-2.2976131850798733,-5.142206,0.2706739291776159,-2.568287114257489,-0.3186257145384396
2023-05-09,411.7,-4.771647346049262,-2.2959498377688434,-5.048096,0.2210987220619756,-2.517048559830819,-0.3158785841871421
2023-05-10,415.834,-0.629865041900511,-2.294108382616616,-4.93751,0.1716469553960099,-2.4657553380126256,-0.3130482288798619
2023-05-11,412.405,-4.051320004573021,-2.292072130864349,-4.8550205,0.1223398187912772,-2.4144119496556264,-0.3101344873331677
2023-05-12,414.432,-2.0166940983138946,-2.2898238938284474,-4.7680936,0.0731982093122279,-2.3630221031406755,-0.3071372070425281
2023-05-13,413.472,-2.9691654190230587,-2.287346012612009,-4.679544,0.0242427227082969,-2.3115887353203064,-0.3040562455626139
2023-05-14,403.974,-12.459890931142237,-2.2846203885884195,-4.568339,-0.0245063549635165,-2.260114033624903,-0.3008914718051481
2023-05-15,409.107,-7.319871884046472,-2.2816285146145745,-4.460591,-0.0730290553232188,-2.208599459291356,-0.2976427673523698
2023-05-16,408.767,-7.6531095271108915,-2.27835150693026,-4.334797,-0.1213057352575652,-2.157045771672694,-0.2943100277841158
2023-05-17,411.396,-5.017605109710571,-2.274770137699184,-4.210823,-0.1693170841135457,-2.105453053585638,-0.2908931640165251
2023-05-18,411.888,-4.519359881220588,-2.270864868146542,-4.1046987,-0.2170441304945821,-2.0538207376519604,-0.2873921036503225
2023-05-19,405.517,-10.88437509101597,-2.266615882247061,-3.9990213,-0.2644682486588792,-2.0021476335881823,-0.2838067923266345
2023-05-20,415.295,-1.100651988471913,-2.262003120916769,-3.8869193,-0.3115711645198608,-1.9504319563969088,-0.2801371950882649
2023-05-21,408.933,-7.457191822963432,-2.2570063166611454,-3.7786222,-0.3583349612490115,-1.898671355412134,-0.2763832977443279
2023-05-22,411.903,-4.481995843865631,-2.251605028631691,-3.697104,-0.4047420844819422,-1.8468629441497488,-0.2725451082361496
2023-05-23,409.994,-6.3860653005535495,-2.245778678042389,-3.6198459,-0.4507753471289262,-1.7950033309134628,-0.2686226580023134
2023-05-24,408.962,-7.413401442402413,-2.2395065838970667,-3.5339537,-0.4964179337915697,-1.743088650105497,-0.2646160033407242
2023-05-25,414.126,-2.2450055187871176,-2.232767998978387,-3.44029,-0.5416534047877386,-1.6911145941906485,-0.2605252267655701
2023-05-26,415.425,-0.9416452456524622,-2.2255421460486224,-3.3603456,-0.5864656997872714,-1.6390764462613512,-0.2563504383570401
2023-05-27,417.8490000000001,1.4864381429964235,-2.2178082542123665,-3.2894151,-0.6308391410614368,-1.5869691131509298,-0.2520917771016731
2023-05-28,409.45,-6.908990100102328,-2.209545595390933,-3.2271395,-0.6747584363494779,-1.534787159041455,-0.2477494122212032
2023-05-29,418.75,2.394308795850385,-2.2007335208580696,-3.1393151,-0.7182086813460575,-1.482524839512012,-0.2433235444877814
2023-05-30,411.547,-4.80563719675218,-2.1913514977867403,-3.0614202,-0.7611753618136977,-1.4301761359730425,-0.2388144075234573
2023-05-31,412.289,-4.060849452683668,-2.181379145756372,-2.9861135,-0.8036443553248298,-1.3777347904315422,-0.2342222690818174
2023-06-01,410.556,-5.791177710877112,-2.1707962731703674,-2.9169261,-0.8456019326383323,-1.3251943405320352,-0.2295474323096859
2023-06-02,415.573,-0.7713391571390754,-2.159582913533562,-2.857715,-0.8870347587158869,-1.2725481548176751,-0.2247902369868237
2023-06-03,413.07700000000006,-3.264391395834558,-2.1477193615396435,-2.799141,-0.9279298933837682,-1.2197894681558754,-0.2199510607415633
2023-06-04,411.761,-4.577243452227368,-2.135186208918673,-2.7368803,-0.968274791646115,-1.166911417272558,-0.2150303202403529
2023-06-05,412.517,-3.818228173588038,-2.1219643799953163,-2.6685581,-1.008057303655984,-1.1139070763393322,-0.2100284723492038
2023-06-06,419.478,3.1456626211318364,-2.1080351669086563,-2.6096869,-1.0472656743508777,-1.0607694925577786,-0.2049460152650603
2023-06-07,416.928,0.5980840532017073,-2.0933802644448978,-2.5739481,-1.0858885427597338,-1.007491721685164,-0.1997834896151477
2023-06-08,414.055,-2.272630235706476,-2.077981804434984,-2.518301,-1.123914940988636,-0.9540668634463474,-0.1945414795223789
2023-06-09,416.753,0.4275209872550105,-2.0618223896693544,-2.4920142,-1.1613342928928827,-0.9004880967764717,-0.1892206136349452
2023-06-10,416.456,0.1328811837585133,-2.0448851272831465,-2.4498117,-1.1981364124432283,-0.846748714839918,-0.1838215661182459
2023-06-11,416.515,0.1940402027406806,-2.0271536615654333,-2.4080374,-1.234311501794459,-0.7928421597709743,-0.1783450576073597
2023-06-12,416.875,0.5562101112577169,-2.0086122061471454,-2.3683896,-1.2698501490646923,-0.7387620570824529,-0.1727918561182967
2023-06-13,413.405,-2.911660957055509,-1.989245575523009,-2.309121,-1.3047433258340326,-0.6845022496889763,-0.1671627779163244
2023-06-14,420.693,4.378245199789493,-1.9690392158636427,-2.249419,-1.3389823843714477,-0.6300568314921953,-0.1614586883396963
2023-06-15,418.839,2.525885352261234,-1.9479792350751384,-2.1796064,-1.372559054598942,-0.5754201804761965,-0.1556805025771759
2023-06-16,414.571,-1.7408493447590736,-1.9260524320640664,-2.1318145,-1.4054654408023566,-0.52058699126171,-0.1498291863977922
2023-06-17,408.001,-8.309804074757285,-1.903246325167296,-2.0803084,-1.4376940180982036,-0.4655523070690921,-0.1439057568313169
2023-06-18,416.228,-0.0818575047169319,-1.8795491797067552,-2.0606678,-1.46923762866627,-0.4103115510404851,-0.1379112827980173
2023-06-19,410.709,-5.600129443248972,-1.8549500346306909,-2.0907383,-1.5000894777577458,-0.354860556872945,-0.1318468856862895
2023-06-20,415.015,-1.2932472518142963,-1.8294387282039533,-2.0642502,-1.5302431294888976,-0.2991955987150556,-0.1257137398768442
2023-06-21,413.023,-3.284384024802372,-1.8030059227113049,-2.0166667,-1.5596925024303483,-0.2433134202809561,-0.1195130732121716
2023-06-22,409.946,-6.360726547999834,-1.7756431281388123,-1.9568292,-1.5884318650022309,-0.1872112631365818,-0.1132461674100868
2023-06-23,417.876,1.5699978107601351,-1.7473427247999285,-1.9157294,-1.6164558306855037,-0.1308868941144247,-0.1069143584202126
2023-06-24,413.044,-3.2615540162349315,-1.7180979848741336,-1.8915831,-1.6437593530599075,-0.0743386318142258,-0.1005190367223323
2023-06-25,413.178,-3.126437150545607,-1.6879030928274577,-1.8491358,-1.6703377206790022,-0.0175653721484554,-0.0940616475656093
2023-06-26,406.616,-9.687412613129638,-1.6567531646857063,-1.7988243,-1.6961865517929224,0.0394333871072161,-0.0875436911477443
2023-06-27,420.448,4.145605946097817,-1.624644266132672,-1.746519,-1.7213017889294022,0.0966575227967301,-0.0809667227332109
2023-06-28,415.905,-0.3968886561047971,-1.5915734294071733,-1.6967725,-1.745679693343782,0.1541062639366086,-0.0743323527097836
2023-06-29,415.31,-0.9913862698008508,-1.5575386689743902,-1.6372355,-1.7693168393486194,0.2117781703742292,-0.0676422465826525
2023-06-30,413.205,-3.095903251697903,-1.5225389959484408,-1.5814074,-1.7922101085336262,0.2696711125851854,-0.0608981249054839
2023-07-01,410.855,-5.445446013257352,-1.4865744312449385,-1.5347325,-1.8143566838865792,0.3277822526416409,-0.0541017631478744
2023-07-02,411.002,-5.298064386048333,-1.4496460174438648,-1.4784229,-1.8357540438258668,0.386108026382002,-0.0472549914987159
2023-07-03,416.197,-0.1027575879730388,-1.4117558293447203,-1.4207884,-1.856399956155304,0.4446441268105834,-0.0403596946050725
2023-07-04,415.071,-1.2282755244090129,-1.3729069831977911,-1.3630527,-1.8762924719517475,0.5033854887539562,-0.0334178112462447
2023-07-05,413.793,-2.5058482085971345,-1.3331036445969455,-1.315575,-1.895429919396056,0.5623262747991102,-0.0264313339427829
2023-07-06,410.989,-5.30915483530939,-1.2923510350212175,-1.274903,-1.9138108975578088,0.6214598625365915,-0.0194023085002848
2023-07-07,416.827,0.529393122441438,-1.2506554370142666,-1.2285618,-1.931434270144108,0.680778833129841,-0.012332833487901
2023-07-08,414.2120000000001,-2.085823756023564,-1.2080241979923787,-1.1809723,-1.948299159222744,0.7402749612303654,-0.0052250596515463
2023-07-09,416.91,0.6118861808940528,-1.1644657326737813,-1.1478056,-1.9644049389297984,0.7999392062560169,0.0019188107380997
2023-07-10,414.069,-2.2295318988745656,-1.1199895241235638,-1.1075654,-1.9797512291717143,0.8597617050481505,0.0090965246026353
2023-07-11,414.673,-1.6260784976406442,-1.0746061234105355,-1.074495,-1.9943378893316737,0.919731765921138,0.0163057788377813
2023-07-12,410.724,-5.575647485330445,-1.0283271478740217,-1.0309485,-2.0081650119899788,0.9798378641159572,0.0235442211596939
2023-07-13,414.737,-1.5631797649410095,-0.9811652780005816,-0.99194795,-2.02123291666798,1.040067638667398,0.0308094510153429
2023-07-14,410.719,-5.581251147945585,-0.9331342529122584,-0.9421007,-2.0335421436049166,1.1004078906926584,0.038099020556458
2023-07-15,411.603,-4.696996722052671,-0.8842488644700289,-0.89811224,-2.0450934475768183,1.1608445831067895,0.0454104356764748
2023-07-16,417.321,1.0212276247198224,-0.8345249499977624,-0.86808646,-2.0558877917664624,1.2213628417687,0.0527411571098294
2023-07-17,413.899,-2.4006424378253737,-0.7839793836339194,-0.85186803,-2.0659263416931406,1.281946958059221,0.0600886015928668
2023-07-18,411.732,-4.567607211722717,-0.7326300663199541,-0.82906973,-2.0752104592107727,1.3425803928908189,0.0674501430855533
2023-07-19,413.347,-2.9526669990061505,-0.6804959144362716,-0.7973527,-2.0837416965826856,1.403245782146414,0.0748231140531038
2023-07-20,411.279,-5.020482615286227,-0.6275968470982906,-0.7645168,-2.091521790641127,1.4639249435428363,0.0822048068065563
2023-07-21,413.595,-2.703718815580923,-0.5739537721269771,-0.73616683,-2.098552657039325,1.524598884912348,0.0895924749012503
2023-07-22,412.018,-4.280023567300626,-0.5195885707099371,-0.69237465,-2.104836384603681,1.5852478138937445,0.0969833345920892
2023-07-23,408.643,-7.654130296842707,-0.4645240807709239,-0.65932715,-2.11037522979336,1.6458511490224357,0.1043745663443962
2023-07-24,413.292,-3.004169627652119,-0.4087840790672797,-0.6342116,-2.115171611274324,1.706387532207044,0.1117633163990914
2023-07-25,412.496,-3.7989388459992255,-0.3523932620365407,-0.62700945,-2.119228104614528,1.7668348425779867,0.1191466983908606
2023-07-26,400.955,-15.337888702758828,-0.295377225415054,-0.6114816,-2.122547437106748,1.8271702116916937,0.1265217950178977
2023-07-27,417.141,0.8507036490713831,-0.2377624426531803,-0.5787766,-2.1251324827251485,1.887370040071968,0.1338856597617521
2023-07-28,413.629,-2.6588001851105743,-0.1795762421530652,-0.53128535,-2.126986257221481,1.9474100150684164,0.1412353186557325
2023-07-29,408.652,-7.633341335609483,-0.1208467833567317,-0.4835684,-2.128111913366414,2.0072651300096824,0.148567772100258
2023-07-30,417.749,1.466433457252703,-0.061603031713623,-0.44868246,-2.1285127363412206,2.066909704627597,0.1558799967234853
2023-07-31,416.938,0.6577963596682469,-0.0018747325582945,-0.42737395,-2.1281921392847307,2.1263174067264363,0.163168947285476
2023-08-01,418.355,2.0763349681876297,0.0583076160696882,-0.40368626,-2.127153659000095,2.185461275069783,0.1704315586241082
2023-08-02,420.054,3.776828436638584,0.1189127916300323,-0.38297117,-2.1254009518256285,2.2443137434556606,0.1776647476408852
2023-08-03,414.555,-1.7207084297965891,0.1799088762753761,-0.37384716,-2.1229377896736104,2.3028466659489863,0.1848654153247267
2023-08-04,416.424,0.1505123800348297,0.2412632869980892,-0.37482813,-2.1197680562406203,2.3610313432387096,0.1920304488117888
2023-08-05,422.216,5.944724384306997,0.3029428066927208,-0.36646214,-2.1158957433926515,2.4188385500853724,0.1991567234792934
2023-08-06,412.284,-3.98517329845412,0.3649136160954134,-0.35937446,-2.1113249477278444,2.476238563823258,0.2062411050713126
2023-08-07,412.175,-4.0921070457585405,0.427141326560415,-0.35258248,-2.1060598673194275,2.5332011938798424,0.2132804518543955
2023-08-08,410.665,-5.599765958414346,0.4895910136326891,-0.353443,-2.100104798641009,2.589695812273698,0.2202716168008905
2023-08-09,411.119,-5.143149548849334,0.5522272513745413,-0.35306466,-2.0934641336760964,2.645691385050638,0.2272114497977647
2023-08-10,417.966,1.7067173136552094,0.61501414740322,-0.3442815,-2.086142357213326,2.701156504616546,0.2340967998786962
2023-08-11,424.647,8.38950330130026,0.6779153785954016,-0.3299393,-2.078144044328537,2.7560594229239386,0.2409245174771621
2023-08-12,413.947,-2.308767119959065,0.7408942274136974,-0.30320144,-2.0694738580545025,2.8103680854682,0.2476914566982305
2023-08-13,417.93,1.676281782693012,0.8039136188093207,-0.2822207,-2.0601365472387703,2.864050166048091,0.2543944776067142
2023-08-14,421.614,5.362327804552274,0.8669361576544284,-0.25392634,-2.050136944589694,2.917073102244123,0.2610304485293335
2023-08-15,421.055,4.805371137332705,0.929924166656752,-0.22301707,-2.0394799649104347,2.969404131567187,0.2675962483684951
2023-08-16,412.601,-3.646588027252138,0.9928397247087072,-0.20349772,-2.028170603520341,3.021010328229049,0.2740887689252855
2023-08-17,414.306,-1.9387607661659116,1.0556447056222735,-0.19465539,-2.016213934862791,3.0718586404850647,0.280504917229244
2023-08-18,416.422,0.1803347326282925,1.1183008172007147,-0.1758586,-2.0036151112982186,3.1219159284989333,0.2868416178724727
2023-08-19,416.744,0.5052374775506684,1.1807696405974666,-0.1566115,-1.9903793620807564,3.1711490026782228,0.2930958153456267
2023-08-20,425.514,9.278114665913847,1.243012669912296,-0.19684051,-1.9765119925165588,3.2195246624288547,0.2992644763733114
2023-08-21,420.401,4.167966627011008,1.3049913519744232,-0.3205715,-1.96201838330156,3.267009735275983,0.3053445922464092
2023-08-22,416.268,0.0377204142941549,1.3666671262619663,-0.34867242,-1.9469039900360905,3.313571116298057,0.3113331811488544
2023-08-23,418.268,2.0405249329326653,1.4280014649070396,-0.32954785,-1.9311743429135129,3.3591758078205523,0.3172272904763706
2023-08-24,415.431,-0.7936947989684041,1.4889559127354182,-0.29575083,-1.9148350465796256,3.403790959315044,0.3230239991446841
2023-08-25,418.636,2.4143104539848004,1.5494921272898905,-0.26225638,-1.8978917801593969,3.4473839074492867,0.3287204198847369
2023-08-26,413.859,-2.359701121262932,1.6095719187862023,-0.21964699,-1.8803502974472088,3.489922216233412,0.3343137015224247
2023-08-27,418.908,2.6927813465783497,1.669157289950648,-0.1759784,-1.8622164272565556,3.5313737172072037,0.3398010312403948
2023-08-28,418.379,2.1672348146056843,1.7282104756884806,-0.13162111,-1.8434960739248116,3.571706549613292,0.3451796368194535
2023-08-29,418.886,2.6776597265808277,1.7866939825324586,-0.10354869,-1.824195217968455,3.610889200500914,0.350446788857155
2023-08-30,421.0,4.795056526265473,1.844570627821169,-0.08915771,-1.8043199168838475,3.648890544705017,0.3555998029611433
2023-08-31,416.994,0.7924256574212557,1.90180357855703,-0.098001614,-1.78387630608839,3.68567988464542,0.3606360419148686
2023-09-01,419.476,3.2777675638098462,1.9583563898943035,-0.19432656,-1.7628705999966774,3.721226989890981,0.3655529178132926
2023-09-02,421.868,5.673082689192937,2.0141930432078854,-0.2556318,-1.741309093225959,3.755502136433845,0.3703478941662562
2023-09-03,417.106,0.9138828421263044,2.0692779836941573,-0.28873706,-1.71919816192509,3.788476145619248,0.3750184879671856
2023-09-04,425.2310000000001,9.0416705997877,2.123576157455785,-0.28108904,-1.696544265220788,3.820120422676573,0.3795622717248679
2023-09-05,420.601,4.414373055727292,2.177053048022992,-0.2640108,-1.673353946774969,3.850406994797961,0.383976875456047
2023-09-06,418.361,2.1770658793721265,2.2296747122644818,-0.2334682,-1.6496338364465584,3.87930854871104,0.3882599886366401
2023-09-07,419.302,3.1207494289609183,2.2814078156421247,-0.1886531,-1.6253906520511554,3.90679846769328,0.392409362109415
2023-09-08,416.7,0.5214240627322855,2.332219666764109,-0.1460711,-1.600631201211585,3.932850867975694,0.3964228099460034
2023-09-09,419.531,3.3550901389251733,2.382078251192383,-0.10657976,-1.5753623832923378,3.957440634484721,0.4002982112611837
2023-09-10,419.022,2.8487480157783343,2.4309522644610304,-0.075719774,-1.5495911914106406,3.980543455871671,0.4040335119774134
2023-09-11,415.949,-0.2216019484694449,2.4788111442632697,-0.058362488,-1.5233247145168185,4.002135858780088,0.4076267265376349
2023-09-12,422.357,6.189113880261373,2.5256251017658107,-0.047064602,-1.496570139536423,4.022195241302233,0.4110759395644439
2023-09-13,422.257,6.091820560174344,2.571365152010488,-0.025569523,-1.4693347535665295,4.040699905577018,0.4143793074637598
2023-09-14,422.792,6.629518460660746,2.616003143364171,-0.0016117804,-1.4416259461184175,4.057629089482589,0.4175350599711936
2023-09-15,419.1,2.940207951111976,2.6595117859792623,0.014186722,-1.413451211398859,4.072962997378122,0.4205415016393802
2023-09-16,420.149,3.991889400919359,2.701864679228273,0.036795277,-1.3848181506220094,4.086682829850282,0.4233970132645958
2023-09-17,418.436,2.2815631794742144,2.7430363380774603,0.053696394,-1.3557344743439554,4.098770812421416,0.426100053251048
2023-09-18,424.745,8.59322965616807,2.7830022183656387,0.07174562,-1.326208004811822,4.1092102231774605,0.4286491589112989
2023-09-19,421.846,5.696889200392154,2.8217387409559382,0.097690806,-1.2962466783192923,4.117985419275231,0.4310429477013413
2023-09-20,419.112,2.9655421815377663,2.859223314729584,0.112249345,-1.2658585475604311,4.125081862290015,0.4332801183889349
2023-09-21,423.753,7.609167099065333,2.8954343583923565,0.10979667,-1.2350517839735609,4.130486142365918,0.4353594521538613
2023-09-22,422.499,6.3577855980056,2.9303513210658823,0.10396805,-1.2038346800670172,4.1341860011329,0.4372798136188484
2023-09-23,423.377,7.23839804451133,2.963954701637528,0.107552394,-1.1722156517185591,4.136170353356087,0.4390401518099857
2023-09-24,425.121,8.985004804735219,2.9962260668442884,0.10618951,-1.140203240440232,4.13642930728452,0.4406395010455265
2023-09-25,428.74,12.60660624483,3.027148068067651,-0.0473568,-1.1078061156005128,4.134954183668164,0.4420769817520539
2023-09-26,427.592,11.46120273094839,3.056704456818197,-0.14704062,-1.0750330765955645,4.131737533413761,0.4433518012070723
2023-09-27,419.104,2.975794629243074,3.0848800988903378,-0.17784563,-1.041893054961542,4.12677315385188,0.4444632542071594
2023-09-28,424.586,8.460382305866828,3.1116609871693472,-0.17124018,-1.0083951164198577,4.120056103589205,0.4454107236609047
2023-09-29,425.06,8.936966126972358,3.137034253074616,-0.20268387,-0.974548462847484,4.1115827159221,0.4461936811059397
2023-09-30,422.0,5.879546458712316,3.1609881766248606,-0.2589313,-0.9403624341643508,4.101350610789211,0.4468116871494466
2023-10-01,425.927,9.809123667239543,3.1835121951128342,-0.27357665,-0.905846510130111,4.089358705242946,0.4472643918316297
2023-10-02,425.354,9.238698118706573,3.204596910378781,-0.28500417,-0.8710103120424981,4.075607222421279,0.4475515349117038
2023-10-03,429.244,13.13127017926636,3.224234094674022,-0.31641012,-0.8358636043298111,4.060097699003833,0.447672946076053
2023-10-04,427.251,11.14084021507134,3.242416695107503,-0.29404193,-0.8004162960299812,4.042832991137484,0.447628545068298
2023-10-05,421.052,4.944408592274478,3.2591388366704157,-0.2811913,-0.7646784421489959,4.023817278819411,0.4474183417410904
2023-10-06,418.894,2.7889756770283887,3.274395823835549,-0.25389138,-0.728660244891501,4.00305606872705,0.4470424360295512
2023-10-07,425.358,9.25554183548581,3.288184140730124,-0.21704648,-0.6923720547565791,3.980556195486703,0.4465010178463537
2023-10-08,429.328,13.228034157958438,3.3005014498826486,-0.18027566,-0.6558243714919452,3.9563258213745938,0.4457943668985346
2023-10-09,424.281,8.183528310634616,3.3113465895462344,-0.2514845,-0.6190278448998575,3.930374434446092,0.4449228524262158
2023-10-10,428.787,12.692024648514236,3.3207195696027103,-0.36891478,-0.5819932754883741,3.902712845091085,0.4438869328634989
2023-10-11,427.418,11.325523526597658,3.3286215660537737,-0.4564283,-0.5447316149616819,3.873353181015456,0.4426871554218859
2023-10-12,426.62,10.530025299884812,3.335054914107216,-0.46570444,-0.5072539665435009,3.842308880650717,0.441324155596662
2023-10-13,427.869,11.781530323375945,3.3400230998682647,-0.46483302,-0.4695715851277487,3.809594684996013,0.4397986565967797
2023-10-14,419.708,3.623038952071184,3.3435307506477514,-0.44947794,-0.4316958772509378,3.7752266278986895,0.4381114686988377
2023-10-15,414.83,-1.2524484590294074,3.3455836239008323,-0.4256131,-0.3936384008809188,3.739222024781751,0.436263488525877
2023-10-16,422.059,5.9791635908464285,3.3461885948117582,-0.53514737,-0.355410865016985,3.701599459828744,0.4342556982517572
2023-10-17,425.491,9.413778881023816,3.3453536425418884,-0.52887064,-0.3170251290964266,3.662378771638315,0.4320891647319995
2023-10-18,419.127,3.052397780894151,3.343087835160165,-0.5246614,-0.2784932022030549,3.62158103736322,0.4297650385620312
2023-10-19,423.047,6.975020659848839,3.339401313276715,-0.50335807,-0.2398272420733712,3.579228555350086,0.4272845530638803
2023-10-20,417.997,1.927647887279109,3.334305272402355,-0.4619703,-0.2010395538964065,3.535344826298761,0.4246490232024202
2023-10-21,419.055,2.9882798325764703,3.327811944058108,-0.4280727,-0.1621425889035089,3.489954532961617,0.4218598444323717
2023-10-22,418.9860000000001,2.921916865132216,3.3199345756608296,-0.49068365,-0.1231489427446366,3.4430835184054662,0.4189184914773234
2023-10-23,425.83,9.768486078496757,3.310687409212504,-0.48854783,-0.0840713536480776,3.3947587628605818,0.4158265170421243
2023-10-24,418.901,2.8420207816109704,3.300085658822422,-0.4956136,-0.0449227003607115,3.345008359183133,0.4125855504600723
2023-10-25,421.716,5.658746528639579,3.288145487093117,-0.61154056,-0.0057159998663763,3.2938614869594938,0.4091972962763909
2023-10-26,413.456,-2.5998859624872352,3.274883980402345,-0.6149747,0.0335355951199309,3.241348385282414,0.4056635327695702
2023-10-27,420.117,4.063420196195076,3.260319123114974,-0.5890397,0.0728187988838557,3.187500324231119,0.4019861104122044
2023-10-28,415.796,-0.2552271984290893,3.244469770760084,-0.56127995,0.1121201956710505,3.1323495750890333,0.3981669502730319
2023-10-29,418.184,2.135990490363203,3.22735562220996,-0.53932923,0.1514262428753702,3.07592937933459,0.3942080423619578
2023-10-30,417.908,1.8632326238841592,3.208997190899089,-0.51053435,0.1907232744567572,3.0182739164423324,0.3901114439198804
2023-10-31,416.59,0.5484996286679722,3.1894157751224954,-0.47324613,0.2299975045894391,2.9594182705330563,0.3858792776552363
2023-11-01,418.317,2.27797359650961,3.168633427454081,-0.43453857,0.269235031540639,2.8993983959134417,0.3815137299292057
2023-11-02,419.646,3.609105320082071,3.1466729233268538,-0.5210345,0.3084218417797344,2.83825108154712,0.3770170488915983
2023-11-03,417.747,1.7122964652530506,3.1235577288179783,-0.5085121,0.3475438143174289,2.7760139145005494,0.3723915425694896
2023-11-04,421.47,5.437547274560811,3.099311967682846,-0.5735952,0.3865867252741737,2.7127252424086725,0.3676395769107218
2023-11-05,430.633,14.602857990543349,3.073960387683285,-0.6698445,0.425536252676731,2.6484241350065547,0.3627635737844436
2023-11-06,427.144,11.115652496174947,3.0475283262560477,-1.0340885,0.4643779814814364,2.583150344774611,0.3577660089409036
2023-11-07,424.144,8.117335439722446,3.0200416755686432,-1.080043,0.5030974088224196,2.516944266746224,0.3526494099327588
2023-11-08,420.193,4.168100041299387,2.9915268470104484,-1.0722312,0.5416799494826268,2.449846897527822,0.3474163540001992
2023-11-09,419.338,3.31494642712744,2.962010735167901,-1.0703838,0.5801109415852128,2.3818997935826887,0.3420694659222322
2023-11-10,421.298,5.276874723428071,2.9315206813331023,-1.0824337,0.6183756525025592,2.313145028830543,0.3366114158365004
2023-11-11,414.114,-1.905114943577195,2.9000844365960936,-1.1128868,0.6564592849797699,2.243625151616324,0.3310449170300463
2023-11-12,419.223,3.206243343701128,2.867730124571566,-1.1094737,0.6943469834692144,2.1733831411023514,0.3253727237034647
2023-11-13,417.06,1.045680847471823,2.834486203811187,-1.1573937,0.7320238406723993,2.1024623631387875,0.3195976287109044
2023-11-14,423.064,7.052197734089351,2.800381429953449,-1.2153327,0.7694749042850297,2.03090652566842,0.3137224612784213
2023-11-15,423.313,7.303794169908235,2.7654448176631186,-1.2259091,0.8066851839409064,1.958759633722212,0.3077500847031862
2023-11-16,417.314,1.3073924052851678,2.729705602412811,-1.2606711,0.843639658349948,1.8860659440628629,0.3016833940360873
2023-11-17,418.538,2.5333758076128583,2.693193202159535,-1.2461898,0.8803232826252886,1.812869919534246,0.295525313750268
2023-11-18,418.798,2.795428604031729,2.655937178969093,-1.4632101,0.9167209957941737,1.73921618317492,0.2892787953981626
2023-11-19,419.083,3.082550846020727,2.617967200641467,-1.6168535,0.9528177284870128,1.6651494721544542,0.2829468152595957
2023-11-20,418.019,2.0207425850586307,2.579313002390392,-1.5920521,0.9885984107986944,1.5907145915916976,0.2765323719835217
2023-11-21,414.332,-1.6642532875514655,2.5400043486301738,-1.5837783,1.0240479803159672,1.5159563683142063,0.2700384842259793
2023-11-22,413.641,-2.353151784784972,2.500070994922896,-1.5671647,1.0591513903044252,1.4409196046184705,0.2634681882868363
2023-11-23,421.149,5.157530552454772,2.4595426501388413,-1.5442035,1.0938936180483445,1.365649032090497,0.2568245357479022
2023-11-24,414.526,-1.4626972671916076,2.4184489388828263,-1.5081198,1.128259673336414,1.2901892655464122,0.2501105911149699
2023-11-25,416.443,0.4574780529289335,2.376819364238836,-1.4713136,1.1622346070860363,1.2145847571527997,0.243329429466346
2023-11-26,418.35,2.3675037242913683,2.3346832708849243,-1.4355835,1.195803520098754,1.1388797507861703,0.2364841341104148
2023-11-27,416.51,0.5306216746308362,2.2920698086299724,-1.4039406,1.2289515719390456,1.0631182366909269,0.229577794254761
2023-11-28,414.62,-1.3561679941039948,2.249007896423308,-1.3753259,1.2616639899285031,0.9873439064948052,0.2226135026893639
2023-11-29,424.265,8.292302309941253,2.205526186887765,-1.3581493,1.2939260782472222,0.911600108640543,0.2155943534863496
2023-11-30,423.714,7.744628851124259,2.161653031425844,-1.4079005,1.3257232271340038,0.8359298042918402,0.2085234397187595
2023-12-01,426.479,10.512777926705414,2.1174164459482494,-1.5130459,1.3570409221767432,0.7603755237715062,0.2014038512007785
2023-12-02,424.4215,9.08626858270654,2.0728440772729795,-1.7506278,1.3878647536842577,0.6849793235887218,0.1942386722518173
2023-12-03,422.364,6.403350090420102,2.027963170242587,-2.139102,1.4181804261305206,0.6097827441120662,0.187030979486824
2023-12-04,419.312,3.3534222947248105,1.9828005356060656,-2.184054,1.447973767662223,0.5348267679438425,0.1797838396351587
2023-12-05,420.396,4.439351692114743,1.9373825187109603,-2.2285917,1.4772307396603137,0.4601517790506466,0.1725003073903194
2023-12-06,416.693,0.7384185978969633,1.8917349690503005,-2.4328542,1.505937446346088,0.3857975227042123,0.1651834232927754
2023-12-07,413.327,-2.625364242931348,1.8458832107077283,-2.653636,1.5340801444222365,0.311803066285492,0.1578362116481164
2023-12-08,424.543,8.593170442699629,1.7998520137431218,-2.6416774,1.5616452527391358,0.2382067610039859,0.1504616784826656
2023-12-09,416.524,0.5767881157196141,1.7536655665597305,-2.6317942,1.588619361976569,0.1650462045831615,0.1430628095386798
2023-12-10,414.161,-1.7834726663697635,1.7073474492926564,-2.6659408,1.6149892443309233,0.092358204961733,0.1356425683111781
2023-12-11,418.204,2.2630411283973664,1.6609206082569836,-2.6496944,1.6407418631978756,0.0201787450591079,0.1282038941284089
2023-12-12,417.163,1.225715206027857,1.614407331492733,-2.6258206,1.6658643828404327,-0.0514570513476997,0.1207497002778918
2023-12-13,421.418,5.48455907790954,1.567829225442101,-2.6053627,1.6903441780322088,-0.1225149525901079,0.1132828721799185
2023-12-14,423.71,7.780452069219385,1.521207192793161,-2.578373,1.714168843665682,-0.1929616508725209,0.1058062656103337
2023-12-15,419.552,3.6264842712602894,1.4745614115224934,-2.54068,1.7373262043151914,-0.2627647927926979,0.0983227049743478
2023-12-16,412.757,-3.164568275280644,1.4279113151677736,-2.4986863,1.7598043237443843,-0.3318930085766107,0.0908349816330713
2023-12-17,423.63,7.713042541547719,1.3812755743595275,-2.4942675,1.7815915143478271,-0.4003159399882994,0.0833458522843907
2023-12-18,424.5785,8.707309969313265,1.3346720796397735,-2.6429021,1.8026763465164253,-0.4680042668766517,0.075858037399734
2023-12-19,425.527,9.619776402733462,1.2881179255933888,-2.9763472,1.823047657916423,-0.5349297323230342,0.068374219718201
2023-12-20,431.1110000000001,15.20881747223134,1.241629396316318,-3.114525,1.84269456267164,-0.6010651663553219,0.0608970427994629
2023-12-21,419.456,3.5588204563414125,1.1952219522430614,-3.0841725,1.8616064604387428,-0.6663845081956814,0.0534291096367502
2023-12-22,418.14,2.2480126119918173,1.1489102183537687,-3.086192,1.8797730453653525,-0.7308628270115836,0.045972981331188
2023-12-23,419.773,3.885901918826699,1.1027079737797612,-3.0718899,1.8971843149208232,-0.794476341141062,0.0385311758286332
2023-12-24,419.33,3.4471881632420573,1.0566281428240338,-3.0652263,1.9138305785896697,-0.8572024357656358,0.0311061667201128
2023-12-25,419.828,3.949295159633793,1.0106827874116713,-3.0783412,1.929702466417618,-0.9190196790059468,0.0237003821068655
2023-12-26,411.064,-4.810710400457548,0.9648831009829408,-3.0881813,1.9447909374004408,-0.9799078364174996,0.0163162035309081
2023-12-27,424.81,8.94001152128209,0.9192394038400074,-3.257919,1.959087287705752,-1.0398478838657446,0.0089559649719691
2023-12-28,423.262,7.396920132173466,0.8737611399560912,-3.287333,1.9725831587181537,-1.0988220187620623,0.0016219519115398
2023-12-29,422.3235,6.517783062492788,0.8284568752539695,-3.4125357,1.9852705448981915,-1.156813669644222,-0.0056835995352867
2023-12-30,421.385,5.530050451535844,0.783334297358666,-3.5126474,1.9971418014457305,-1.2138075040870642,-0.0129585034196109
2023-12-31,418.985,3.134466510743278,0.7384002168271212,-3.4684885,2.0081896517585607,-1.2697894349314396,-0.020200624689656
