date,gps_raw_up_mm,gps_detrended_mm,gps_seasonal_mm,hydl_original_up_mm,hydl_seasonal_mm,gps_minus_hydl_mm,poroelastic_mm
2021-01-01,-486.868,-3.880390001232153,-0.1027284478520047,-2.056952,0.8138901910110361,-0.9166186388630408,0.050341904767092
2021-01-02,-482.3,0.6876841637812168,-0.1897007571077585,-2.1555104,0.861349102161718,-1.0510498592694766,0.0403255259519424
2021-01-03,-488.873,-5.8852835859803285,-0.27648986494029,-2.295243,0.9084631784085192,-1.1849530433488091,0.0302921043392685
2021-01-04,-477.313,5.674708455787925,-0.3630638120307897,-2.6020145,0.9552150081287148,-1.3182788201595046,0.0202458249403094
2021-01-05,-486.323,-3.335480889323782,-0.4493907876211504,-2.6019144,1.0015874181599045,-1.4509782057810547,0.0101908700237532
2021-01-06,-484.436,-1.4487048889460663,-0.5354391473361102,-2.7371666,1.047563481332128,-1.5830026286682382,0.0001314165552405
2021-01-07,-480.824,2.163038141614132,-0.62117743088902,-2.714417,1.093126523735212,-1.7143039546242322,-0.0099283663441897
2021-01-08,-492.202,-9.215529597284702,-0.7065743796554141,-2.8254337,1.1382601317174772,-1.8448345113728912,-0.0199843199184129
2021-01-09,-487.934,-4.947855046962982,-0.7915989540986232,-2.77436,1.182948158612327,-1.9745471127109504,-0.0300322982730443
2021-01-10,-484.395,-1.40920845376739,-0.876220351031799,-2.7925706,1.2271747311895416,-2.1033950822213408,-0.0400681708465646
2021-01-11,-485.888,-2.9025881330044374,-0.9604080207008484,-2.7690861,1.2709242558284866,-2.231332276529335,-0.0500878248535672
2021-01-12,-483.632,-0.6469923999813163,-1.0441316836728758,-2.9621432,1.3141814244107786,-2.3583131080836544,-0.0600871676979993
2021-01-13,-486.977,-3.992699054339248,-1.1273613475149582,-3.141852,1.35693121993031,-2.4842925674452685,-0.0700621293543124
2021-01-14,-487.477,-4.493155037399045,-1.2100673232481896,-3.0722876,1.3991589218188842,-2.609226245067074,-0.0800086647144785
2021-01-15,-485.532,-2.5486305955070216,-1.2922202415621713,-3.0355976,1.44085011098607,-2.733070352548241,-0.0899227558988852
2021-01-16,-485.391,-2.4080910914182017,-1.373791068775312,-2.9695961,1.481990674572224,-2.855781743347536,-0.0998004145291749
2021-01-17,-484.422,-1.4395283112378108,-1.4547511225265353,-2.9122777,1.522566810414005,-2.9773179329405406,-0.1096376839611361
2021-01-18,-486.653,-3.67097810315562,-1.5350720871842496,-2.8470845,1.5625650312220214,-3.097637118406271,-0.1194306414758255
2021-01-19,-487.795,-4.813438771884602,-1.614726028958676,-2.8032248,1.6019721684706243,-3.2166981974293005,-0.1291754004271441
2021-01-20,-490.108,-7.126908622137708,-1.69368541070393,-2.7447038,1.6407753760001988,-3.334460786704129,-0.138868112344162
2021-01-21,-482.811,0.1696140413722244,-1.7719231063965188,-2.6989825,1.678962133332634,-3.450885239729153,-0.1485049689865305
2021-01-22,-479.805,3.175092327628575,-1.8494124152772704,-2.684194,1.7165202487010125,-3.565932663978283,-0.1580822043514055
2021-01-23,-481.156,1.822873620606752,-1.9261270756439763,-2.6498063,1.753437861794876,-3.679564937438853,-0.1675960966303499
2021-01-24,-481.454,1.522594712366216,-2.0020412782824337,-2.6921544,1.7897034462227674,-3.791744724505201,-0.1770429701147633
2021-01-25,-476.812,6.16204320030598,-2.0771296795238645,-2.733749,1.8253058116940608,-3.902435491217925,-0.1864191970484398
2021-01-26,-479.987,2.9842436657258355,-2.1513674139171304,-2.7508852,1.8602341059224283,-4.011601519839559,-0.1957211994259472
2021-01-27,-480.681,2.287462784236572,-2.2247301065044534,-3.1617162,1.894477816253606,-4.11920792275806,-0.2049454507355566
2021-01-28,-485.569,-2.6038219682569315,-2.29719388468986,-3.3720493,1.928026771020396,-4.225220655710256,-0.2140884776455617
2021-01-29,-484.179,-1.217049622513264,-2.368735389689876,-3.3972232,1.960871140628217,-4.3296065303180935,-0.2231468616328615
2021-01-30,-483.38,-0.4213073606300339,-2.439331787556476,-3.4067857,1.993001438374732,-4.432333225931208,-0.2321172405527835
2021-01-31,-491.226,-8.27055828867717,-2.508960779762737,-3.5545518,2.024408521007418,-4.533369300770155,-0.2409963101491802
2021-02-01,-485.077,-2.124297058109032,-2.5776006133420304,-3.6977675,2.055083589023227,-4.632684202365257,-0.2497808255039144
2021-02-02,-481.553,1.3970098652099614,-2.645230090572129,-3.8568957,2.0850181867147377,-4.730248277286867,-0.2584676024249188
2021-02-03,-487.39,-4.443231002211219,-2.7118285781960063,-3.9583025,2.1142042019674747,-4.826032780163481,-0.2670535187721
2021-02-04,-488.818,-5.874414816235055,-2.7773760161716208,-3.8956184,2.1426338658133406,-4.920009881984962,-0.2755355157204241
2021-02-05,-488.466,-5.525540375079272,-2.8418529259434515,-3.8427608,2.170299751745332,-5.012152677688784,-0.2839105989596033
2021-02-06,-484.465,-1.5276064769612647,-2.9052404182290665,-3.779274,2.1971947747989864,-5.102435193028053,-0.2921758398298806
2021-02-07,-486.709,-3.7746119200988586,-2.9675202003144907,-3.7139955,2.223312190406192,-5.190832390720683,-0.3003283763934848
2021-02-08,-485.387,-2.4555555027094997,-3.0286745828526804,-3.6349769,2.2486455930272573,-5.277320175879938,-0.3083654144414016
2021-02-09,-484.409,-1.4804360230107492,-3.0886864861599106,-3.5483453,2.2731889145673256,-5.361875400727236,-0.3162842284351989
2021-02-10,-484.821,-1.8952522792203623,-3.1475394460054256,-3.4711428,2.296936422583417,-5.444475868588842,-0.3240821623837023
2021-02-11,-486.391,-3.468003069555735,-3.2052176188902486,-3.5771656,2.3198827182886075,-5.525100337178856,-0.3317566306544072
2021-02-12,-486.706,-3.78568719223462,-3.2617057868115573,-3.6496513,2.3420227343599698,-5.603728521171528,-0.3393051187195884
2021-02-13,-483.162,-0.2443034454744557,-3.3169893615096075,-3.9166741,2.3633517325571485,-5.6803410940667565,-0.3467251838371405
2021-02-14,-486.74,-3.824850627493056,-3.371054388194735,-3.9585123,2.3838653011585427,-5.754919689353278,-0.3540144556662624
2021-02-15,-482.191,0.721672463492234,-3.4238875487525147,-4.1014524,2.403559352222251,-5.827446900974765,-0.3611706368181739
2021-02-16,-483.097,-0.1873304413027396,-3.475476164425705,-4.0756135,2.422430118679037,-5.897906283104742,-0.3681915033421276
2021-02-17,-488.223,-5.316518743100458,-3.5258081979721987,-4.009881,2.4404741512647523,-5.966282349236951,-0.3750749051470491
2021-02-18,-486.229,-3.3256314608841637,-3.5748722552987195,-4.006727,2.457688315299708,-6.032560570598427,-0.3818187663592186
2021-02-19,-486.077,-3.176667522805533,-3.622657586570617,-4.114708,2.4740697873226347,-6.096727373893252,-0.3884210856164752
2021-02-20,-489.508,-6.610164335117111,-3.6691540867986543,-4.2109876,2.4896160515869394,-6.158770138385593,-0.3948799362994965
2021-02-21,-488.55,-5.654234226003336,-3.7143522959041992,-4.18986,2.504324896427045,-6.218677192331245,-0.4011934667007719
2021-02-22,-488.303,-5.409232255107722,-3.758243398264925,-4.162085,2.518194410502687,-6.2764378087676125,-0.4073599001319714
2021-02-23,-491.964,-9.072157226512603,-3.8008192217435344,-4.1076393,2.5312229789290583,-6.332042200672593,-0.4133775349704609
2021-02-24,-489.016,-6.126007944300044,-3.842072236202686,-4.0357165,2.5434092793007976,-6.385481515503484,-0.4192447446457913
2021-02-25,-491.49,-8.60142183904292,-3.881995551509825,-3.995525,2.554752277617772,-6.436747829127597,-0.4249599775670545
2021-02-26,-487.842,-4.954769071026329,-3.920582915036175,-3.9744813,2.5652512241206917,-6.485834139156866,-0.4305217569920553
2021-02-27,-483.378,-0.4920483893313514,-3.9578287086546937,-3.9185588,2.574905649044565,-6.532734357699259,-0.4359286808393197
2021-02-28,-484.226,-1.3415256715769532,-3.9937279452423646,-3.864383,2.583715358298002,-6.577443303540367,-0.4411794214440071
2021-03-01,-484.616,-1.7329069707281235,-4.028276264692705,-3.7902849,2.591680429076376,-6.6199566937690815,-0.4462727252588693
2021-03-02,-486.937,-4.055228263120969,-4.061469929444921,-3.7123303,2.598801205416807,-6.660271134861728,-0.4512074125014302
2021-03-03,-479.355,3.525511667860948,-4.093305819536677,-3.6369476,2.6050782937028987,-6.698384113239575,-0.45598237674865
2021-03-04,-490.214,-7.33493197715612,-4.123781427187936,-3.5662441,2.610512558127101,-6.734293985315037,-0.4605965844803488
2021-03-05,-482.682,0.1956866024322283,-4.152894850923905,-3.604841,2.6151051161185395,-6.767999967042445,-0.4650490745727538
2021-03-06,-484.306,-1.4297001514877483,-4.1806447892455045,-3.751039,2.618857333744025,-6.79950212298953,-0.46933895774355
2021-03-07,-493.726,-10.851024189099777,-4.207030533856412,-3.7034464,2.6217708210899264,-6.828801354946338,-0.4734654159498889
2021-03-08,-488.894,-6.020284340792892,-4.232051962456132,-3.6680703,2.6238474276324597,-6.855899390088592,-0.4774277017408249
2021-03-09,-487.236,-4.363479436956135,-4.255709531109026,-3.6918347,2.625089237603844,-6.88079876871287,-0.4812251375657244
2021-03-10,-486.674,-3.802608307978404,-4.278004266199696,-3.7287688,2.625498565361688,-6.903502831561385,-0.4848571150401919
2021-03-11,-487.045,-4.174669784248847,-4.298937755985634,-3.6838815,2.6250779507687865,-6.92401570675442,-0.488323094171138
2021-03-12,-491.382,-8.512662696156239,-4.31851214175836,-3.620216,2.623830154590422,-6.942342296348782,-0.4916226025426109
2021-03-13,-489.616,-6.747490009385043,-4.33673010862483,-3.5756254,2.6217581539160943,-6.958488262540925,-0.4947552344640694
2021-03-14,-487.656,-4.788132828773836,-4.353594875921217,-3.6870432,2.618865137612441,-6.972460013533658,-0.4977206500827982
2021-03-15,-489.884,-7.016709419579285,-4.3691101872715885,-3.761273,2.615154501813949,-6.984264689085538,-0.5005185744621868
2021-03-16,-486.632,-3.7641063018693615,-4.383280300304459,-3.7031593,2.6106298454578964,-6.993910145762355,-0.5031487966276355
2021-03-17,-490.547,-7.678465277702563,-4.396109976040388,-3.6452925,2.6052949658697333,-7.001404941910121,-0.5056111685818527
2021-03-18,-489.478,-6.608784975896811,-4.407604467964408,-3.70443,2.5991538544049897,-7.006758322369397,-0.5079056042913436
2021-03-19,-490.276,-7.405995287366592,-4.417769510797132,-3.7439106,2.592210692153511,-7.009980202950644,-0.5100320786459056
2021-03-20,-490.93,-8.058811942918492,-4.426611308978907,-3.7279863,2.5844698457116864,-7.011081154690594,-0.511990626392954
2021-03-21,-486.956,-4.0832838628439765,-4.43413652488162,-3.6625981,2.575935863028065,-7.010072387909684,-0.513781341048514
2021-03-22,-486.556,-3.6816173483309607,-4.44035226676302,-3.658407,2.566613469327564,-7.006965736090585,-0.515404373786739
2021-03-23,-489.394,-6.517731730300523,-4.445266076478741,-3.6195414,2.556507563119216,-7.001773639597957,-0.5168599323097993
2021-03-24,-488.732,-5.853822974960044,-4.448885916967422,-3.5964088,2.545623212292184,-6.994509129259606,-0.5181482797000108
2021-03-25,-485.676,-2.795839516773081,-4.451220159524605,-3.5868528,2.533965650304508,-6.9851858098291135,-0.5192697332560602
2021-03-26,-487.284,-4.401710288969469,-4.4522775708812405,-3.5326164,2.5215402724688123,-6.973817843350053,-0.5202246633151921
2021-03-27,-489.071,-6.1865580570513306,-4.452067300102902,-3.4696717,2.508352632338959,-6.9604199324418605,-0.521013492063215
2021-03-28,-487.5,-4.613271295827068,-4.450598865325905,-3.4290822,2.494408438201301,-6.945007303527206,-0.5216366923341768
2021-03-29,-483.873,-0.9838793280006252,-4.447882140346792,-3.3760264,2.4797135496740497,-6.9275956900208415,-0.5220947864015583
2021-03-30,-485.043,-2.1514255793905903,-4.443927341081626,-3.3012176,2.46427397441785,-6.908201315499476,-0.5223883447628144
2021-03-31,-486.749,-3.854888761681562,-4.43874501191189,-3.2310011,2.44809586496052,-6.8868408768724105,-0.5225179849190833
2021-04-01,-482.972,-0.0751544638709214,-4.432346011933576,-3.1569684,2.431185515638536,-6.863531527572111,-0.5224843701518691
2021-04-02,-480.497,2.40262172302286,-4.424741501126467,-3.0782602,2.41354935965761,-6.838290860784077,-0.5222882082984807
2021-04-03,-487.276,-4.373862445686227,-4.415942926460372,-3.0132933,2.395193966274423,-6.811136892734795,-0.521930250527992
2021-04-04,-485.935,-3.030337554896878,-4.405962007955331,-2.942321,2.376126038101265,-6.782088046056597,-0.5214112901194716
2021-04-05,-482.842,0.0652409704201395,-4.394810724712694,-2.8781562,2.356352408535077,-6.751163133247772,-0.5207321612441842
2021-04-06,-490.026,-7.116191181784835,-4.382501300934019,-2.8185816,2.3358800393120847,-6.718381340246103,-0.5198937377534677
2021-04-07,-483.698,-0.7856129135246448,-4.369046191944751,-2.790289,2.31471601818892,-6.68376221013367,-0.5188969319739334
2021-04-08,-483.221,-0.3061389083650137,-4.354458070239496,-2.766064,2.2928675567508527,-6.647325626990349,-0.5177426935116188
2021-04-09,-482.837,0.0802889738607177,-4.338749811565746,-2.73124,2.270341988347453,-6.609091799913199,-0.516432008066687
2021-04-10,-480.361,2.558428740645612,-4.321934481062767,-2.6967034,2.2471467661557134,-6.569081247218481,-0.5149658962602246
2021-04-11,-485.184,-2.2629110296375643,-4.304025319472244,-2.6366146,2.22328946137039,-6.527314780842634,-0.5133454124746579
2021-04-12,-485.976,-3.053206035263345,-4.285035729437216,-2.5843217,2.198777761520999,-6.483813490958215,-0.5115716437092601
2021-04-13,-484.894,-1.9692533421474412,-4.26497926190561,-2.5397308,2.1736194689146706,-6.4385987308202814,-0.509645708452189
2021-04-14,-486.051,-3.1243138345295467,-4.243869602654541,-2.5034873,2.1478224992037225,-6.391692101858263,-0.5075687555704398
2021-04-15,-486.831,-3.9022177602957977,-4.2217205589513975,-2.4567227,2.1213948800765774,-6.343115439027975,-0.5053419632190589
2021-04-16,-487.516,-4.584842868075893,-4.19854604636746,-2.399404,2.094344750070356,-6.292890796437817,-0.5029665377709167
2021-04-17,-487.831,-4.897313287532073,-4.174360075759614,-2.3284538,2.066680357503188,-6.241040433262802,-0.5004437127682854
2021-04-18,-483.665,-0.7288084265211379,-4.149176740435449,-2.260959,2.038410059524049,-6.187586799959498,-0.4977747478974111
2021-04-19,-482.871,0.0678234183295534,-4.123010203516795,-2.1986628,2.009542321277625,-6.13255252479442,-0.4949609279872382
2021-04-20,-484.816,-1.8745692691226936,-4.095874685516424,-2.1537533,1.9800857151814688,-6.075960400697893,-0.4920035620333594
2021-04-21,-480.39,2.554100728740182,-4.067784452142381,-2.0964942,1.9500489203124576,-6.017833372454838,-0.4889039822482393
2021-04-22,-483.566,-0.6192541701817902,-4.038753802344044,-2.049341,1.91944072189929,-5.958194524243334,-0.4856635431386794
2021-04-23,-480.234,2.7153469758985973,-4.008797056613724,-1.996952,1.888270010917533,-5.897067067531257,-0.4822836206114523
2021-04-24,-481.045,1.9066470767688328,-3.977928545557183,-2.0222478,1.8565457837834936,-5.834474329340677,-0.4787656111079643
2021-04-25,-480.158,2.795861996734125,-3.9461625987461626,-2.1486623,1.824277142142931,-5.770439740889094,-0.4751109307687466
2021-04-26,-477.336,5.6197884254526365,-3.91351353386555,-2.139341,1.7914732927504344,-5.704986826615984,-0.4713210146285194
2021-04-27,-486.121,-3.163666434756328,-3.8799956461674254,-2.082186,1.758143547435044,-5.63813919360247,-0.4673973158425103
2021-04-28,-484.13,-1.1711406306377865,-3.8456231982438265,-2.0321681,1.7242973231475005,-5.569920521391327,-0.4633413049446397
2021-04-29,-486.814,-3.853442942530683,-3.8104104101295975,-1.9839776,1.689944142084295,-5.500354552213892,-0.4591544691381313
2021-04-30,-486.246,-3.2834451815752788,-3.7743714497462464,-1.9396173,1.6550936318835032,-5.42946508162975,-0.4548383116190446
2021-05-01,-482.812,0.1525555593282586,-3.737520423697288,-1.9242541,1.6197555258871903,-5.357275949584478,-0.4503943509331462
2021-05-02,-484.535,-1.5685652047817606,-3.699871368424999,-1.8742062,1.583939663465019,-5.283811031890018,-0.4458241203664939
2021-05-03,-485.792,-2.823704194508084,-3.661438241738129,-1.8172349,1.5476559903934886,-5.209094232131617,-0.4411291673700261
2021-05-04,-480.512,2.45813541000257,-3.622234914719451,-1.7581562,1.510914559285118,-5.133149474004568,-0.436311053018395
2021-05-05,-490.265,-7.293063066787833,-3.5822751640216794,-1.6787069,1.4737255300616872,-5.056000694083367,-0.4313713515032125
2021-05-06,-484.739,-1.7652800915276463,-3.5415726645595997,-1.6096892,1.4360991704655617,-4.977671835025161,-0.4263116496608097
2021-05-07,-486.3,-3.3245095137725973,-3.5001409826058314,-1.5597799,1.398045856602956,-4.898186839208788,-0.4211335465345548
2021-05-08,-483.29,-0.3127545156870075,-3.4579935692970007,-1.5164496,1.3595760735128914,-4.817569642809892,-0.4158386529717065
2021-05-09,-487.142,-4.163325770632354,-3.415143754556594,-1.4764023,1.3207004157554931,-4.735844170312087,-0.4104285912547035
2021-05-10,-482.1,0.8803942290693816,-3.371604741440181,-1.4230883,1.2814295880131694,-4.65303432945335,-0.4049049947667533
2021-05-11,-487.272,-4.290208973667498,-3.327389600908073,-1.3659633,1.2417744056981304,-4.569164006606203,-0.3992695076914863
2021-05-12,-488.357,-5.37383009294054,-3.2825112670299763,-1.3034439,1.201745795559633,-4.484257062589609,-0.393523784746415
2021-05-13,-488.506,-5.521155404795749,-3.236982532625504,-1.2334933,1.161354796284254,-4.398337328909758,-0.3876694909498382
2021-05-14,-487.381,-4.394487144543327,-3.190816045343924,-1.171977,1.1206125590824736,-4.311428604426397,-0.3817083014208018
2021-05-15,-488.453,-5.464810140530318,-3.144024304185796,-1.1234612,1.0795303482547705,-4.223554652440567,-0.375641901211643
2021-05-16,-484.107,-1.1171360973846096,-3.0966196564686466,-1.0808971,1.038119541730423,-4.134739198199069,-0.3694719851725986
2021-05-17,-484.08,-1.0884770879131116,-3.048614295238132,-1.0431933,0.9963916315721932,-4.045005926810325,-0.3632002578478931
2021-05-18,-485.373,-2.380130530418101,-3.0000202571255965,-1.0308622,0.9543582244400398,-3.954378481565637,-0.356828433402667
2021-05-19,-484.547,-1.552791138997203,-2.950849420652243,-1.0053239,0.9120310420070324,-3.862880462659275,-0.3503582355800468
2021-05-20,-485.705,-2.7094574114719445,-2.9011135049795644,-1.0099167,0.8694219213206449,-3.770535426300209,-0.3437913976876016
2021-05-21,-488.082,-5.085127845664311,-2.8508240691050557,-1.0098552,0.8265428151026286,-3.677366884207684,-0.3371296626123868
2021-05-22,-488.999,-6.000800939395903,-2.7999925115015696,-0.9839104,0.7834057919807221,-3.583398303482292,-0.3303747828637062
2021-05-23,-487.576,-4.576475190488525,-2.748630070198105,-0.95375586,0.7400230366454714,-3.4886531068435764,-0.3235285206426855
2021-05-24,-484.517,-1.5161490967638165,-2.6967478232991517,-0.9349836,0.6964068499255296,-3.393154673224681,-0.3165926479376967
2021-05-25,-487.776,-4.7738211560437005,-2.644356689939177,-0.9171337,0.6525696487748703,-3.2969263387140475,-0.3095689466446224
2021-05-26,-484.242,-1.2384898661498167,-2.5914674316681,-0.85806197,0.6085239661654057,-3.199991397833505,-0.302459208710902
2021-05-27,-490.946,-7.941056475337247,-2.538090654263131,-0.83956164,0.5642824508786388,-3.10237310514177,-0.2952652363022663
2021-05-28,-486.689,-3.6826140883432408,-2.4842368099616405,-0.80639565,0.5198578671900587,-3.0040946771516994,-0.2879888419910066
2021-05-29,-484.059,-1.0511611885880807,-2.429916200109177,-0.75767976,0.4752630944401029,-2.90517929454928,-0.2806318489646008
2021-05-30,-485.773,-2.763682100878346,-2.375138978216168,-0.70755184,0.4305111264856716,-2.80565010470184,-0.2731960912534706
2021-05-31,-490.752,-7.741189858370057,-2.319915153416197,-0.6561573,0.3856150710262722,-2.705530224442469,-0.2656834139766034
2021-06-01,-484.4860000000001,-1.4734679701196876,-2.264254594318244,-0.60490006,0.3405881487990648,-2.6048427431173087,-0.2580956736037494
2021-06-02,-480.251,2.7633339790067284,-2.208167033244646,-0.5676441,0.2954436926372201,-2.5036107258818663,-0.2504347382328583
2021-06-03,-480.225,2.7908849104694857,-2.151662070846028,-0.51661676,0.2501951463861704,-2.4018572172321986,-0.2427024878813951
2021-06-04,-484.551,-1.533642105396658,-2.094749181083848,-0.46763054,0.2048560636725285,-2.2996052447563766,-0.2349008147901498
2021-06-05,-486.835,-3.816092915969976,-2.037437716570723,-0.43945488,0.1594401065206287,-2.196877823091352,-0.227031623738113
2021-06-06,-486.362,-3.3413895108640377,-1.9797369142581145,-0.414352,0.1139610438118541,-2.0936979580699684,-0.2190968323669908
2021-06-07,-481.24,1.7823350555466786,-1.9216559014604988,-0.39162764,0.0684327495821183,-1.9900886510426168,-0.2110983715138847
2021-06-08,-489.358,-6.334053819233143,-1.86320370220459,-0.35150963,0.0228692011530936,-1.8860729033576835,-0.2030381855506562
2021-06-09,-486.764,-3.738381147765797,-1.8043892438917215,-0.3213034,-0.0227155229070002,-1.7816737209847215,-0.1949182327284782
2021-06-10,-484.645,-1.6176853775105342,-1.745221364261036,-0.31243667,-0.0683072449969824,-1.6769141192640538,-0.1867404855260517
2021-06-11,-480.818,2.2110350106162286,-1.6857088186406273,-0.3390084,-0.1138916908743835,-1.5718171277662438,-0.1785069309999674
2021-06-12,-478.389,4.641602112364845,-1.625860287473377,-0.37101385,-0.1594544922286476,-1.4664057952447294,-0.1702195711356663
2021-06-13,-476.269,6.763115633714788,-1.565684384103784,-0.35726357,-0.2049811894390404,-1.3607031946647434,-0.1618804231974552
2021-06-14,-483.728,-0.6945418592720971,-1.5051896628116743,-0.3444283,-0.2504572345202012,-1.2547324282914731,-0.1534915200760263
2021-06-15,-487.042,-4.007377287753458,-1.4443846270782734,-0.2956048,-0.2958679942579678,-1.1485166328203056,-0.1450549106319249
2021-06-16,-486.247,-3.2111573550522623,-1.3832777380697916,-0.23501496,-0.3411987535378442,-1.0420789845319474,-0.1365726600334119
2021-06-17,-480.385,2.6521064389298687,-1.321877423323247,-0.17040968,-0.3864347188681923,-0.9354427044550548,-0.1280468500871625
2021-06-18,-482.422,0.6163877369919128,-1.260192085618989,-0.11159415,-0.431561022099915,-0.8286310635190739,-0.1194795795602594
2021-06-19,-488.044,-5.004437821649463,-1.198230112023988,-0.06494536,-0.4765627243441419,-0.7216673876798461,-0.1108729644919349
2021-06-20,-483.506,-0.4652464299121224,-1.1359998830897458,-0.025620224,-0.5214248200890749,-0.6145750630006709,-0.1022291384935293
2021-06-21,-481.565,1.4769572781011973,-1.0735097821883026,0.01316562,-0.5661322415168868,-0.5073775406714158,-0.0935502530351449
2021-06-22,-480.557,2.4859874123301053,-1.0107682049696636,0.05217593,-0.6106698630212252,-0.4000983419484384,-0.0848384777174935
2021-06-23,-479.429,3.6150063198980216,-0.947783568923638,0.09841684,-0.6550225059255768,-0.2927610629980613,-0.0760960005274435
2021-06-24,-481.581,1.4640282161621698,-0.8845643230289407,0.13052365,-0.6991749434024176,-0.1853893796265231,-0.0673250280757967
2021-06-25,-479.768,3.27798205913434,-0.8211189574721645,0.16187477,-0.7431119055927576,-0.0780070518794068,-0.0585277858158491
2021-06-26,-479.064,3.9828979376866864,-0.7574560134190862,0.19314194,-0.7868180849253614,0.0293620715062752,-0.0497065182413069
2021-06-27,-481.731,1.3166584706333606,-0.6935840928206279,0.23075357,-0.8302781416346104,0.1366940488139825,-0.0408634890621654
2021-06-28,-482.529,0.5192867650525557,-0.6295118682356245,0.27376625,-0.8734767094756304,0.2439648412400058,-0.0320009813571699
2021-06-29,-482.204,0.8448868118068185,-0.5652480926525199,0.31393245,-0.9163984016349837,0.3511503089824637,-0.0231212977015311
2021-06-30,-483.871,-0.8218907211375495,-0.5008016092919566,0.3518051,-0.9590278168349136,0.4582262075429569,-0.0142267602685789
2021-07-01,-477.162,5.8872426276649135,-0.4361813613722295,0.38271272,-1.0013495456287702,0.5651681842565406,-0.0053197109040906
2021-07-02,-475.062,7.987381926103747,-0.3713964018195103,0.41152608,-1.0433481768849393,0.671951775065429,0.0035974888279495
2021-07-03,-480.137,2.912523178996134,-0.3064559029047488,0.4429562,-1.085008304456267,0.7785524015515182,0.0125224576293435
2021-07-04,-479.798,3.251352542839374,-0.2413691657891747,0.47744223,-1.1263145340316316,0.8849453682424568,0.0214527944825887
2021-07-05,-482.454,0.5951627811597024,-0.1761456299603667,0.5035916,-1.167251490166008,0.9911058602056412,0.0303860786978087
2021-07-06,-478.435,4.614008627056931,-0.1107948825409021,0.51466656,-1.2078038234850326,1.0970089409441304,0.039319869992773
2021-07-07,-477.147,5.901720797865519,-0.0453266674517158,0.5341033,-1.2479562180597583,1.2026295506080424,0.0482517086070193
2021-07-08,-479.187,3.861431451044404,0.0202491055876086,0.5716713,-1.2876933989469954,1.307942504534604,0.0571791154510575
2021-07-09,-478.028,5.0200675543287705,0.0859223522392676,0.61726815,-1.3270001398902662,1.4129224921295338,0.0660995922915609
2021-07-10,-477.036,6.011642784528803,0.1516828049258511,0.645278,-1.3658612711761642,1.5175440761020154,0.0750106219734253
2021-07-11,-487.065,-4.017786380800315,0.2175200044244364,0.67107624,-1.4042616876405405,1.6217816920649766,0.0839096686794983
2021-07-12,-479.282,3.764787137311056,0.2834232916932699,0.7068043,-1.4421863568186783,1.7256096485119483,0.0927941782287403
2021-07-13,-482.03,1.016292920397742,0.3493817999478685,0.7556461,-1.4796203272333002,1.8290021271811687,0.1016615784135208
2021-07-14,-482.077,0.968556682667186,0.4153844470031722,0.7940705,-1.5165487368139796,1.931933183817152,0.1105092793766887
2021-07-15,-484.782,-1.737280771331934,0.4814199278980506,0.8218775,-1.552956821441237,2.0343767493392875,0.1193346740290008
2021-07-16,-485.016,-1.972108420337821,0.5474767078182254,0.8430315,-1.588829923608317,2.1363066314265424,0.128135138507435
2021-07-17,-488.942,-5.898881709096104,0.6135430153332774,0.85994005,-1.6241535011933954,2.2376965165266727,0.136908032674845
2021-07-18,-481.479,1.5633408126389492,0.679606835963136,0.89630026,-1.6589131363346863,2.3385199722978225,0.1456507006613576
2021-07-19,-487.091,-4.049540144554071,0.7456559060890233,0.91996443,-1.693094544400659,2.438750450489682,0.1543604714478465
2021-07-20,-484.655,-1.6143254624932286,0.8116777072234858,0.93275535,-1.7266835830473497,2.5383612902708355,0.1630346594917557
2021-07-21,-481.95,1.0898882822101474,0.8776594606536807,0.9505356,-1.759666261354511,2.637325722008192,0.1716705653954718
2021-07-22,-479.756,3.283102178560399,0.9435881224717422,0.9636012,-1.792028749032091,2.735616871503833,0.1802654766173902
2021-07-23,-487.207,-4.168740711409749,1.0094503790054845,0.9801708,-1.8237573856883385,2.8332077646938227,0.1888166682257457
2021-07-24,-486.055,-3.017418334626377,1.0752326426623562,0.99920326,-1.8548386901506275,2.9300713328129837,0.1973214036952109
2021-07-25,-482.245,0.792155297993328,1.1409210481989789,1.0263019,-1.8852593698298687,3.026180418028848,0.2057769357462031
2021-07-26,-472.259,10.777536758333316,1.206501449428126,1.0439881,-1.9150063301191969,3.121507779547323,0.214180507226769
2021-07-27,-486.24,-3.2042165871387547,1.271959416374499,1.0711157,-1.9440666838174692,3.2160261001919683,0.2225293520368479
2021-07-28,-478.64,4.395075718746568,1.337280232890069,1.097636,-1.972427760567896,3.3097079934579647,0.2308206960946501
2021-07-29,-482.65400000000005,0.3803748043696902,1.4024488947392229,1.1261342,-2.000077116302017,3.40252601104124,0.2390517583448123
2021-07-30,-475.012,8.021708803115587,1.4674501081633784,1.1519586,-2.0270025426790523,3.4944526508424305,0.2472197518079313
2021-07-31,-480.751,2.2820239860652016,1.5322682889341168,1.1651329,-2.053192076510556,3.5854603654446726,0.2553218846710033
2021-08-01,-481.943,1.0892488592113696,1.5968875619033076,1.1857122,-2.078634009160143,3.6755215710634506,0.2633553614182294
2021-08-02,-477.989,5.042482168228533,1.661291761058041,1.1951674,-2.103316895908011,3.764608656966052,0.2713173840015858
2021-08-03,-486.002,-2.971732406461321,1.7254644300875868,1.2119639,-2.127229565269792,3.852693995357378,0.279205153050483
2021-08-04,-484.411,-1.381464376403286,1.789388823468937,1.2296121,-2.150361128259291,3.939749951728228,0.2870158691197704
2021-08-05,-480.823,2.2060631151456884,1.8530479080768183,1.2435154,-2.172700987584509,4.025748895661327,0.2947467339752939
2021-08-06,-483.835,-0.8063988145858128,1.9164243653233957,1.2442709,-2.1942388467663325,4.110663212089728,0.3023949519161215
2021-08-07,-479.27,3.758533782924752,1.9795005938322268,1.240732,-2.214964719169233,4.19446531300146,0.309957731132514
2021-08-08,-479.859,3.169468627020886,2.0422587126503147,1.2444227,-2.234868936933263,4.277127649583578,0.3174322850986344
2021-08-09,-483.863,-0.8345931024334989,2.104680565001405,1.2501028,-2.253942159796629,4.358622724798034,0.3248158339989426
2021-08-10,-478.949,4.079349774425729,2.166747722582988,1.2525022,-2.2721753837981264,4.4389231063811145,0.3321056061871509
2021-08-11,-487.989,-4.961084389462313,2.2284414904087138,1.2743763,-2.2895599498487167,4.5180014402574304,0.3392988396765539
2021-08-12,-481.391,1.6366022951909187,2.289742912197268,1.3071098,-2.306087552161552,4.595830464358819,0.3463927836605026
2021-08-13,-480.116,2.9110589212303,2.350632776307947,1.3392974,-2.321750246529797,4.672383022837744,0.3533847000617126
2021-08-14,-481.364,1.6625124031941958,2.41109162222253,1.3680425,-2.3365404584416387,4.747632080664168,0.3602718651090608
2021-08-15,-480.779,2.2468912470755544,2.471099747572215,1.3752024,-2.35045099102195,4.821550738594166,0.3670515709404539
2021-08-16,-481.145,1.879914940645949,2.530637215707748,1.3929623,-2.363475032790124,4.894112248497872,0.3737211272303172
2021-08-17,-482.559,0.4649535159453002,2.589683863810054,1.3967785,-2.3756061652237275,4.965290029033781,0.3802778628401747
2021-08-18,-482.082,0.940992868580702,2.648219311537975,1.402057,-2.3868383701176983,5.035057681655673,0.3867191274907702
2021-08-19,-480.977,2.045047257981375,2.70622297020898,1.3954815,-2.397166036728932,5.103389006937912,0.3930422934541137
2021-08-20,-479.208,3.813117705913413,2.763674052507955,1.380938,-2.4065839686962303,5.1702580212041855,0.3992447572637916
2021-08-21,-474.24,8.78020523414333,2.82055158271847,1.3816919,-2.4150873907257835,5.235638973444253,0.405323941441846
2021-08-22,-476.423,6.596310864437196,2.876834407470154,1.3867377,-2.422671955032408,5.299506362502562,0.411277296240476
2021-08-23,-479.199,3.8194356185613834,2.9325012069950933,1.4063292,-2.429333747527054,5.361834954522148,0.4171023013967782
2021-08-24,-482.621,0.3965445432980958,2.987530506885444,1.4370437,-2.435069293741203,5.422599800626647,0.4227964678987022
2021-08-25,-482.711,0.3058218794889464,3.04190069034374,1.4801021,-2.439875564478988,5.481776254822727,0.4283573397603757
2021-08-26,-483.3970000000001,-0.3805008456963379,3.095590010916609,1.4984108,-2.443749981188118,5.539339992104727,0.4337824958048895
2021-08-27,-480.252,2.764186597008667,3.1485766057019746,1.5078769,-2.446690421040858,5.595267026742833,0.4390695514526418
2021-08-28,-479.016,3.999882640729526,3.2008385090190687,1.5166314,-2.4486952217165814,5.64953373073565,0.4442161605132792
2021-08-29,-478.8,4.215588383125243,3.2523536665299315,1.5273751,-2.449763185877674,5.702116852407606,0.4492200169792619
2021-08-30,-481.279,1.736304921854973,3.303099949800333,1.5420425,-2.449893585330778,5.752993535131111,0.4540788568190537
2021-08-31,-479.959,3.056033354577627,3.353055171287457,1.5421877,-2.4490861648656947,5.802141336153151,0.4587904597679164
2021-09-01,-481.231,1.783774778952405,3.402197099740984,1.5278722,-2.447341145764508,5.8495382455054905,0.4633526511142662
2021-09-02,-483.112,-0.0974697073617485,3.450503476003556,1.5213389,-2.4446592289737885,5.895162704977345,0.4677633034795398
2021-09-03,-484.425,-1.4105343343505834,3.497952029196043,1.5391408,-2.4410415979330766,5.93899362712912,0.4720203385894967
2021-09-04,-480.468,2.54647872232604,3.544520493272294,1.5472316,-2.4364899210530977,5.981010414325391,0.4761217290348812
2021-09-05,-480.308,2.706504786991325,3.5901866239276106,1.5522796,-2.431006353837548,6.021192977765159,0.4800655000193499
2021-09-06,-481.241,1.7735090172728394,3.63492821584444,1.5742236,-2.4245935406425936,6.059521756487033,0.4838497310925781
2021-09-07,-481.773,1.241527543184806,3.678723120258337,1.5979288,-2.4172546160685537,6.0959777363268906,0.4874725578664403
2021-09-08,-479.583,3.4315614920115616,3.721549262826618,1.6179671,-2.4089932059786467,6.130542468805265,0.490932173712171
2021-09-09,-477.219,5.7956119910369095,3.763384661781636,1.639169,-2.3998134281399817,6.163198089921618,0.494226831436412
2021-09-10,-477.044,5.970680167545108,3.804207446350093,1.5869406,-2.389719892482371,6.193927338832464,0.4973548449340529
2021-09-11,-484.448,-1.433232851179743,3.8439958754192713,1.5959852,-2.378717700970939,6.222713576390209,0.5003145908157859
2021-09-12,-482.1230000000001,0.8922660697425027,3.8827283564306576,1.6146854,-2.366812447088848,6.249540803519505,0.5031045100083064
2021-09-13,-482.412,0.603383213464546,3.920383464480942,1.6266822,-2.3540102149268742,6.274393679407816,0.505723109325094
2021-09-14,-478.809,4.207758518312103,3.95693996160992,1.6293128,-2.34031757787699,6.29725753948691,0.5081689630057411
2021-09-15,-477.818,5.200123055432406,3.992376816254509,1.643365,-2.325741596927448,6.318118413181957,0.5104407142218041
2021-09-16,-480.792,2.227310395499132,4.026673222847599,1.6614038,-2.310289818557359,6.336963041404958,0.5125370765471731
2021-09-17,-485.804,-2.7835149596609523,4.059808621540177,1.6624953,-2.293970272229086,6.353778893769263,0.5144568353909895
2021-09-18,-478.274,4.74770150784112,4.091762718024785,1.4370914,-2.276791467477273,6.368554185502058,0.5161988493911585
2021-09-19,-478.056,4.966906390847253,4.122515503438092,1.3409358,-2.2587623905936973,6.38127789403179,0.5177620517665398
2021-09-20,-479.916,3.108058033138146,4.152047274320072,1.3499013,-2.239892500907577,6.391939775227649,0.5191454516259228
2021-09-21,-482.322,0.7030040399840947,4.180338652606957,1.361802,-2.220191726661431,6.400530379268387,0.5203481352319426
2021-09-22,-479.176,3.849952905686247,4.207370605635026,1.3865528,-2.199670460482959,6.407041066117985,0.5213692672181142
2021-09-23,-482.824,0.2023335409123312,4.23312446613197,1.4158273,-2.178339554453912,6.411464020585882,0.5222080917572148
2021-09-24,-481.249,1.777704949701021,4.257581952172443,1.4335303,-2.156210314777305,6.4137922669497485,0.5228639336792777
2021-09-25,-480.14,2.887050812229229,4.280725187074273,1.4658312,-2.133294496044818,6.414019683119091,0.5233361995375098
2021-09-26,-476.7120000000001,6.315355281791211,4.302536719211635,1.4727311,-2.1096042951066205,6.412141014318255,0.5236243786204968
2021-09-27,-476.999,6.028637048198839,4.322999541721458,1.3518231,-2.0851523445463265,6.408151886267785,0.5237280439090938
2021-09-28,-486.791,-3.7631027048496417,4.342097112079195,1.2977324,-2.0599517057642176,6.402048817843412,0.5236468529764771
2021-09-29,-476.021,7.007692055496732,4.359813371520106,1.2998034,-2.0340158616723207,6.393829233192427,0.5233805488298541
2021-09-30,-480.448,2.5814818078281787,4.376132764282201,1.2701241,-2.0073587090053326,6.383491473287534,0.5229289606924171
2021-10-01,-478.74,4.290267818078529,4.391040256646911,1.2690647,-1.9799945502518743,6.371034806898786,0.5222920047241587
2021-10-02,-477.878,5.152513536025572,4.404521355753755,1.2684305,-1.9519380852109285,6.356459440964684,0.521469684680242
2021-10-03,-480.325,2.705743429190337,4.41656212816522,1.2965344,-1.9232044021787933,6.339766530344013,0.5204620925056801
2021-10-04,-475.623,7.407958683863428,4.42714921815822,1.3312439,-1.8938089687722937,6.320958186930513,0.5192694088651315
2021-10-05,-475.31,7.721160486335415,4.436269865718692,1.3474175,-1.8637676223943973,6.300037488113089,0.5178919036066979
2021-10-06,-478.176,4.855350022897026,4.443911924215942,1.350865,-1.833096560348845,6.277008484564787,0.5163299361586773
2021-10-07,-479.474,3.55752847983891,4.4500638777336485,1.359896,-1.8018123296107595,6.251876207344408,0.5145839558582808
2021-10-08,-483.164,-0.1323029565483895,4.45471485803456,1.3299323,-1.7699318162606552,6.224646674295215,0.5126545022114044
2021-10-09,-481.408,1.624151942460768,4.457854661136326,1.3254626,-1.7374722345896565,6.195326895725983,0.5105422050826273
2021-10-10,-478.242,4.790591170378526,4.459473763475959,1.3232584,-1.704451115884098,6.1639248793600565,0.5082477848146583
2021-10-11,-475.688,7.345015958401122,4.459563337640949,1.3106079,-1.6708862968981264,6.130449634539076,0.5057720522765429
2021-10-12,-476.24300000000005,6.790427537724419,4.458115267645268,1.2796279,-1.6367959080232397,6.094911175668508,0.5031159088400271
2021-10-13,-469.279,13.75477504505568,4.455122163728873,1.2178891,-1.6021983611641306,6.057320524893004,0.5002803462835307
2021-10-14,-474.342,8.6921103904688,4.450577376659791,1.2102023,-1.5671123373305094,6.0176897139903,0.4972664466232752
2021-10-15,-478.188,4.846434797445461,4.444475011518165,1.221451,-1.5315567739549865,5.976031785473151,0.4940753818711937
2021-10-16,-475.362,7.672711111904649,4.436809940942204,1.2355139,-1.495550851947404,5.932360792889607,0.4907084137193166
2021-10-17,-471.954,11.080977892022055,4.427577817816384,1.1618527,-1.4591139824963588,5.886691800312743,0.4871668931504193
2021-10-18,-474.905,8.130236355596109,4.416775087382782,1.1169565,-1.4222657936289798,5.839040881011762,0.4834522599748041
2021-10-19,-476.192,6.843487720425177,4.404398998756907,1.1463302,-1.3850261165403293,5.789425115297236,0.4795660422931464
2021-10-20,-470.329,12.706720571560655,4.390447615830007,0.9911874,-1.347414971704134,5.737862587534141,0.4755098558854506
2021-10-21,-482.726,0.3099484162667458,4.374919827540357,0.8778344,-1.3094525547767804,5.684372382317138,0.4712854035262249
2021-10-22,-473.734,9.302274065348607,4.357815357496643,0.37357068,-1.2711592223068668,5.628974579803511,0.4668944742260625
2021-10-23,-481.151,1.8855943333680152,4.339134772937206,0.25252062,-1.232555477262801,5.571690250200007,0.4623389423999203
2021-10-24,-476.501,6.535858195329231,4.318879493009497,-0.5639851,-1.1936619543912392,5.512541447400737,0.4576207669624492
2021-10-25,-473.68,9.357117718998513,4.297051796354865,-0.9151291,-1.1544994054193796,5.451551201774245,0.4527419903508295
2021-10-26,-474.011,9.026358681589429,4.273654827984347,-1.0374497,-1.11508868411435,5.3887435120986975,0.4477047374756346
2021-10-27,-474.38,8.65759733345209,4.2486926054319865,-1.1194977,-1.075450731213164,5.32414333664515,0.4425112146003399
2021-10-28,-479.21,3.827834895950786,4.222170024172825,-1.1282576,-1.035606559236898,5.257776583409723,0.4371637081501714
2021-10-29,-471.957,11.081020146688203,4.1940928622935365,-1.1333027,-0.995577237202951,5.189670099496487,0.4316645834510695
2021-10-30,-476.907,6.1310986872874,4.164467784404382,-1.1601902,-0.9553838752493954,5.119851659653777,0.4260162833996324
2021-10-31,-471.603,11.43463171962802,4.133302344782001,-1.1280444,-0.915047609185627,5.048349953967628,0.4202213270649698
2021-11-01,-478.156,4.881149417974992,4.100604989733325,-1.2762076,-0.8745895849836067,4.975194574716932,0.414282308223498
2021-11-02,-479.274,3.762652899612464,4.066385059171719,-1.2567471,-0.8340309432241728,4.900416002395892,0.408201893827765
2021-11-03,-482.537,0.4991432818245709,4.030652787397315,-1.2330482,-0.7933928035129787,4.824045590910294,0.4019828224104945
2021-11-04,-468.662,14.373637981253896,3.993419303074324,-1.5055461,-0.7526962488807236,4.746115551955048,0.39562790242509
2021-11-05,-474.286,8.749121365567515,3.95469662839896,-1.5609462,-0.7119623101824148,4.666658938581375,0.3891400105239432
2021-11-06,-477.171,5.863594554530023,3.914497677452544,-1.606538,-0.6712119505104753,4.58570962796302,0.3825220897759434
2021-11-07,-478.766,4.268058667906342,3.872836253735177,-1.5680913,-0.630466049636566,4.503302303371743,0.375777147824667
2021-11-08,-480.659,2.374514825461272,3.829727046876266,-1.5147604,-0.5897453884969942,4.41947243537326,0.3689082549888025
2021-11-09,-483.238,-0.2050358530403437,3.785185628519159,-1.8098727,-0.5490706337366463,4.334256262255805,0.3619185423064279
2021-11-10,-481.376,1.6569083883687177,3.739228447377957,-1.7865136,-0.5084623223263377,4.247690769704295,0.3548111995248277
2021-11-11,-484.185,-1.1521657964783718,3.691872823465584,-1.7939992,-0.4679408462684766,4.159813669734061,0.3475894730376146
2021-11-12,-482.973,0.0606428513257779,3.6431369414930472,-1.8142639,-0.4275264374059329,4.07066337889898,0.3402566637709636
2021-11-13,-478.507,4.527716821863102,3.593039843440786,-1.7741883,-0.3872391523488913,3.980278995789678,0.3328161250208573
2021-11-14,-482.832,0.2034969617818949,3.54160142030395,-1.7711271,-0.347098857534481,3.888700277838431,0.3252712602432747
2021-11-15,-484.975,-1.9387312960868788,3.4888424030143264,-1.7853962,-0.3071252144338243,3.7959676174481514,0.317625520799341
2021-11-16,-477.674,5.363140017372484,3.4347843525426627,-1.7716185,-0.2673376649211075,3.70212201746377,0.3098824036574834
2021-11-17,-480.74,2.2976521816475617,3.379449649185989,-1.718505,-0.2277554168191178,3.6072050660051063,0.302045449054728
2021-11-18,-482.619,0.4186720604854987,3.3228614810455115,-1.6864275,-0.1883974296355923,3.511258910681104,0.2941182381192875
2021-11-19,-478.983,4.054715412093973,3.265043831701594,-1.7326564,-0.149282400504567,3.414326232206162,0.2861043904566729
2021-11-20,-485.287,-2.249216547447946,3.2060214670932914,-1.6805217,-0.1104287503467522,3.3164502174400434,0.278007561701585
2021-11-21,-488.625,-5.587122602061202,3.1458199216107463,-1.6459749,-0.0718546102627909,3.2176745318735374,0.2698314410378981
2021-11-22,-483.15,-0.1115008994642599,3.0844654834098195,-1.610049,-0.0335778081730563,3.118043291582876,0.2615797486890937
2021-11-23,-479.824,3.215135310490151,3.021985178959101,-1.5914272,0.0043841442825596,3.017601034676541,0.2532562333815326
2021-11-24,-482.865,0.1747873200777512,2.958406756830475,-1.5450467,0.0420140645716335,2.916392692258841,0.2448646697829923
2021-11-25,-483.887,-0.8465435784253001,2.8937586707452336,-1.5450786,0.0792951118099947,2.814463558935239,0.2364088559189415
2021-11-26,-486.47,-3.4288560927433034,2.8280700618886727,-1.5411346,0.1162107990035486,2.711859262885124,0.2278926105690411
2021-11-27,-481.551,1.491207380008471,2.7613707405069894,-1.5210904,0.1527450049786952,2.6086257355282942,0.219319770646398
2021-11-28,-480.865,2.177925668053986,2.6936911668011088,-1.5207856,0.1888819859891359,2.504809180811973,0.2106941885621191
2021-11-29,-485.3,-2.256333728657063,2.625062431133031,-1.4772644,0.2246063869871812,2.40045604414585,0.2020197295777472
2021-11-30,-479.145,3.899906939346236,2.55551623356103,-1.4509752,0.2599032525479914,2.2956129810130386,0.1933002691481553
2021-12-01,-484.817,-1.7708340708368846,2.485084862720932,-1.4314907,0.2947580374354672,2.190326825285465,0.184539690257529
2021-12-02,-484.551,-1.5032663381390998,2.413801174071499,-1.3854377,0.3291566167988929,2.084644557272606,0.1757418807510417
2021-12-03,-486.99,-3.940680269831597,2.3416985675227187,-1.3313744,0.3630852959897453,1.9786132715329727,0.1669107306648714
2021-12-04,-486.523,-3.471826671149201,2.268810964466608,-1.2880409,0.3965308199884642,1.8722801444781436,0.1580501295571923
2021-12-05,-479.125,3.9282897754832975,2.195172784230905,-1.2422509,0.4294803824313363,1.7656924017995688,0.1491639638427941
2021-12-06,-480.891,2.1643612943356043,2.1208189199767067,-1.2289555,0.4619216342280661,1.6588972857486406,0.1402561141339724
2021-12-07,-475.344,7.713318848433703,2.045784714061916,-1.2410549,0.4938426917609423,1.551942022300974,0.1313304525903432
2021-12-08,-481.749,1.310029525979847,1.9701059328929915,-1.2358518,0.5252321446569836,1.444873788236008,0.1223908402802173
2021-12-09,-478.379,4.681752999710112,1.893818741288179,-1.2704753,0.5560790631248198,1.3377396781633593,0.1134411245561774
2021-12-10,-481.738,1.3244906914877408,1.816959676376121,-1.2753669,0.5863730048485047,1.2305866715276166,0.1044851364474759
2021-12-11,-481.284,1.7801373847744872,1.7395656210542356,-1.3955057,0.6161040214309055,1.12346159962333,0.0955266880718631
2021-12-12,-476.234,6.831798242051799,1.661673777032019,-1.7452673,0.6452626643797374,1.0164111126522817,0.0865695700694474
2021-12-13,-478.905,4.162260556026341,1.583321637484865,-2.173555,0.6738399906297923,0.909481646855073,0.07761754906115
2021-12-14,-480.073,2.995197430589811,1.5045469593446363,-2.376186,0.7018275675953574,0.802719391749279,0.0686743651343129
2021-12-15,-481.429,1.6398674960654218,1.4253877352536672,-2.6326807,0.7292174777472866,0.6961702575063806,0.0597437293579768
2021-12-16,-483.311,-0.241800205847285,1.3458821652094757,-2.821965,0.756002322709687,0.5898798424997886,0.0508293213303327
2021-12-17,-489.361,-6.291438271512867,1.2660686279277873,-2.7788668,0.7821752268716405,0.4838934010561467,0.0419347867607984
2021-12-18,-488.017,-4.946501752632425,1.1859856519520566,-2.771837,0.8077298405098853,0.3782558114421713,0.0330637350891596
2021-12-19,-475.462,7.609481570297255,1.105671886537941,-2.7841036,0.8326603424188874,0.2730115441190535,0.0242197371441556
2021-12-20,-481.72,1.3514685852204016,1.0251660723416731,-2.7749226,0.8569614420452039,0.1682046302964692,0.0154063228438648
2021-12-21,-476.764,6.307287334769673,0.9445070119415234,-2.796975,0.880628381123573,0.0638786308179504,0.0066269789401878
2021-12-22,-479.694,3.3768823462965027,0.8637335402219214,-2.8959937,0.9036569348126692,-0.0399233945907476,-0.0021148531903026
2021-12-23,-474.063,9.007515715588587,0.7828844946500486,-3.2861998,0.9260434123289512,-0.1431589176789025,-0.0108157797069495
2021-12-24,-475.846,7.223868901142436,0.7019986854749621,-3.5174594,0.9477846570775852,-0.2457859716026231,-0.0194724564148646
2021-12-25,-480.583,2.4859250936725465,0.6211148658795429,-3.7352848,0.9688780462799124,-0.3477631804003694,-0.0280815908219586
2021-12-26,-488.332,-5.265094213381941,0.5402717021157089,-3.9472601,0.9893214900974532,-0.4490497879817443,-0.0366399441410938
2021-12-27,-481.758,1.3080242414070296,0.4595077436534909,-4.172837,1.0091134302529747,-0.5496056865994838,-0.0451443332353726
2021-12-28,-480.777,2.2870859626389994,0.3788613933746935,-4.1836686,1.0282528381496567,-0.6493914447749632,-0.0535916325046467
2021-12-29,-481.683,1.3784885907213322,0.2983708778419084,-4.254919,1.0467392124899102,-0.7483683346480017,-0.0619787757113756
2021-12-30,-485.846,-2.7872383107216043,0.2180742176736944,-4.235757,1.0645725763959353,-0.8464983587222409,-0.0703027577440519
2021-12-31,-484.38,-1.3239496039491865,0.1380091980567813,-4.238004,1.0817534740346093,-0.943744275977828,-0.078560636316462
2022-01-01,-486.662,-3.6084906770006415,0.0582133394260501,-4.220664,1.0982829667498168,-1.0400696273237666,-0.0867495336011351
2022-01-02,-486.859,-3.8079134525689264,-0.0212761316569449,-4.182118,1.1141626287058526,-1.1354387603627976,-0.0948666377953945
2022-01-03,-484.901,-1.8522426482255625,-0.1004223113963044,-4.4978538,1.1293945420460414,-1.229816853442346,-0.1029092046185127
2022-01-04,-486.223,-3.176581951370178,-0.1791886473944769,-4.7109613,1.1439812915712058,-1.3231699389656828,-0.1108745587385374
2022-01-05,-488.086,-5.041801347521172,-0.2575389669949654,-4.7829876,1.1579259589431552,-1.415464925938121,-0.1187600951274422
2022-01-06,-485.973,-2.930526136095338,-0.335437505304989,-4.839014,1.17123211641882,-1.506669621723809,-0.1265632803433304
2022-01-07,-475.4380000000001,7.602729965616495,-0.4128489328681788,-4.9814725,1.183903820121197,-1.596752752989376,-0.1342816537385106
2022-01-08,-484.797,-1.758532853749902,-0.4897383829577511,-4.9037375,1.1959456028537216,-1.6856839858114727,-0.1419128285923324
2022-01-09,-489.281,-6.244478650423547,-0.5660714784608705,-4.8407345,1.2073624664651854,-1.773433944926056,-0.1494544931677724
2022-01-10,-487.815,-4.780436186582172,-0.6418143583252576,-4.77245,1.2181598737727934,-1.859974232098051,-0.15690441169083
2022-01-11,-485.833,-2.800404664781409,-0.7169337035395213,-4.723006,1.2283437400514017,-1.945277443590923,-0.1642604252518985
2022-01-12,-491.025,-7.994383287576516,-0.7913967626190498,-4.667291,1.2379204240974602,-2.02931718671651,-0.1715204526283451
2022-01-13,-487.417,-4.388371257522998,-0.8651713765697973,-4.628019,1.2468967188766378,-2.112068095446435,-0.1786824910276377
2022-01-14,-486.749,-3.722367777176351,-0.938226003302756,-4.568886,1.2552798417645008,-2.1935058450672567,-0.1857446167504445
2022-01-15,-487.531,-4.506372049091944,-1.0105297414724266,-4.503145,1.2630774243901404,-2.273607165862567,-0.1927049857732169
2022-01-16,-488.012,-4.989203292624184,-1.0820523537131408,-4.4414997,1.2702975020929586,-2.352349855806099,-0.1995618342498641
2022-01-17,-488.941,-5.920045665441155,-1.152764289247694,-4.3826933,1.2769485030033287,-2.429712792251023,-0.20631347893222
2022-01-18,-488.872,-5.852898342704808,-1.222636705843314,-4.3186383,1.2830392367581982,-2.505675942601512,-0.212958317509092
2022-01-19,-494.291,-11.273760499577232,-1.2916414910906842,-4.260376,1.2885788828630813,-2.580220373953765,-0.2194948288637797
2022-01-20,-485.573,-2.5576313112203484,-1.3597512829823628,-4.244901,1.2935769787123246,-2.6533282616946874,-0.2259215732500395
2022-01-21,-490.6,-7.5865099527961455,-1.4269394897676686,-4.1911974,1.2980434072798377,-2.7249828970475063,-0.232237192386566
2022-01-22,-494.23,-11.218395599466604,-1.4931803090618427,-4.12187,1.3019883844928568,-2.7951686935546998,-0.2384404094701661
2022-01-23,-486.653,-3.6426102280254606,-1.5584487461880103,-4.055676,1.3054224463016573,-2.863871192489668,-0.2445300291078659
2022-01-24,-488.371,-5.360707923738698,-1.6227206317313048,-3.999728,1.3083564354584534,-2.931077067189758,-0.2505049371683247
2022-01-25,-485.694,-2.6837223636075165,-1.685972638285277,-3.9336147,1.3108014880190255,-2.996774126304303,-0.2563641005529842
2022-01-26,-483.613,-0.6024726839186778,-1.7481822963715932,-3.8566399,1.3127690195809318,-3.060951315952525,-0.2621065668874993
2022-01-27,-490.277,-7.266169861135392,-1.809328009514868,-3.776834,1.3142707112724432,-3.123598720787311,-0.2677314641340751
2022-01-28,-492.67,-9.658345010967132,-1.869389068455329,-3.7052073,1.315318495506601,-3.18470756396193,-0.2732380001254384
2022-01-29,-488.446,-5.43345205351409,-1.9283456644829888,-3.6354094,1.3159245415150609,-3.244270205998049,-0.2786254620212459
2022-01-30,-487.303,-4.289489792814568,-1.9861789018778724,-3.59279,1.3161012406766224,-3.302280142554495,-0.2838932156878311
2022-01-31,-482.665,0.3498992777016849,-2.042870809441812,-3.5848792,1.3158611916555845,-3.3587320010973967,-0.2890407050022854
2022-02-01,-487.524,-4.5081175570438905,-2.0984043511083006,-3.5376544,1.3152171853652388,-3.4136215364735394,-0.2940674510819451
2022-02-02,-486.998,-3.9810840000662737,-2.152763435617885,-3.5152588,1.3141821897720465,-3.466945625389932,-0.2989730514404411
2022-02-03,-490.3080000000001,-7.289531112844691,-2.205932925247554,-3.49993,1.3127693345561922,-3.518702259803746,-0.3037571790715708
2022-02-04,-489.933,-6.912636337226662,-2.257898643583664,-3.4823897,1.3109918956443911,-3.5688905392280548,-0.3084195814623128
2022-02-05,-489.624,-6.601677905124186,-2.308647382328885,-3.4349606,1.308863279630935,-3.61751066195982,-0.3129600795364002
2022-02-06,-489.766,-6.741659228676114,-2.358166907134831,-3.3718696,1.3063970081031298,-3.6645639152379608,-0.3173785665299435
2022-02-07,-488.916,-5.889579014922069,-2.406445962452955,-3.3228066,1.3036067018873532,-3.710052664340308,-0.3216750068006808
2022-02-08,-490.303,-7.274435970901122,-2.453474275397501,-3.2773025,1.3005060652320712,-3.753980340629573,-0.3258494345724887
2022-02-09,-491.37,-8.339228803652682,-2.499242558615306,-3.241636,1.2971088699442157,-3.7963514285595226,-0.3299019526168932
2022-02-10,-487.072,-4.038956220216111,-2.543742512158372,-3.202418,1.2934289394953913,-3.8371714516537634,-0.3338327308733608
2022-02-11,-488.597,-5.561616927630652,-2.58696682435624,-3.1532989,1.2894801331144226,-3.8764469574706624,-0.3376420050102449
2022-02-12,-486.079,-3.041209632935693,-2.628909171686284,-3.0926535,1.2852763298827434,-3.914185501569027,-0.3413300749283169
2022-02-13,-488.336,-5.295733043170419,-2.6695642176411973,-3.0307386,1.280831412849199,-3.9503956304903967,-0.3448973032088804
2022-02-14,-488.273,-5.230185865374288,-2.7089276105940314,-3.0070097,1.2761592531807333,-3.985086863774765,-0.3483441135085376
2022-02-15,-489.951,-6.905352693221908,-2.7469959806622675,-2.9856696,1.2712736943654843,-4.018269675027752,-0.3516709889027248
2022-02-16,-488.425,-5.375977920484653,-2.783766935573595,-2.9501004,1.2661885364847132,-4.049955472058308,-0.3548784701802067
2022-02-17,-489.679,-6.62652167326906,-2.819239055537101,-2.9248693,1.2609175205699412,-4.080156576107043,-0.3579671540907672
2022-02-18,-487.999,-4.94298255578295,-2.8534118871247607,-2.876635,1.2554743130615809,-4.108886200186341,-0.360937691548385
2022-02-19,-484.541,-1.4813591722336388,-2.8862859361692395,-2.8343601,1.249872490385268,-4.136158426554507,-0.3637907857922439
2022-02-20,-481.09,1.9728755318045668,-2.917862659685136,-2.8113475,1.2441255236619493,-4.161988183347084,-0.366527190507966
2022-02-21,-488.929,-5.863126055978187,-2.9481444568218564,-2.8332772,1.2382467635676784,-4.186391220389535,-0.3691477079115035
2022-02-22,-484.933,-1.8640488536499469,-2.977134658857534,-2.8645372,1.2322494253589042,-4.209384084216438,-0.3716531867981665
2022-02-23,-484.754,-1.681891582517863,-3.0048375182443907,-2.848423,1.226146574078861,-4.230984092323252,-0.3740445205593092
2022-02-24,-484.458,-1.3826529638886762,-3.031258196717105,-2.8111625,1.2199511099605207,-4.251209306677626,-0.3763226451692206
2022-02-25,-488.97,-5.891703130273486,-3.0564027524767927,-2.7702746,1.213675754041304,-4.270078506518097,-0.3784885371448138
2022-02-26,-490.714,-7.632679484470817,-3.0802781264643366,-2.7322793,1.2073330340046011,-4.287611160468938,-0.3805432114807213
2022-02-27,-485.778,-2.69358080278881,-3.102892127737768,-2.7550917,1.200935270262862,-4.30382739800063,-0.3824877195624492
2022-02-28,-482.099,0.9885941384645748,-3.124253417969543,-2.7931733,1.1944945622967984,-4.318747980266341,-0.3843231470602495
2022-03-01,-486.597,-3.5062565424508545,-3.1443714950805237,-2.7973614,1.1880227752649668,-4.33239427034549,-0.3860506118063971
2022-03-02,-485.9,-2.806031067325956,-3.16325667602853,-2.7823095,1.1815315268977191,-4.3447882029262495,-0.3876712616585803
2022-03-03,-486.314,-3.216728227756088,-3.180920078770263,-2.81007,1.1750321746892092,-4.355952253459472,-0.3891862723521188
2022-03-04,-485.544,-2.443243709904438,-3.197373603416473,-2.7981617,1.1685358034008588,-4.365909406817332,-0.3905968453437374
2022-03-05,-484.826,-1.7216768598835157,-3.2126299126011144,-2.7857668,1.1620532128893224,-4.374683125490437,-0.3919042056496281
2022-03-06,-485.944,-2.83581234063685,-3.2267024110861984,-2.7404432,1.155594906271691,-4.38229731735789,-0.3931095996805457
2022-03-07,-492.129,-9.01686895657073,-3.2396052246249885,-2.6901982,1.1491710784403035,-4.388776303065292,-0.3942142930766688
2022-03-08,-492.71,-9.59384545140522,-3.2513531781070437,-2.643102,1.142791604939173,-4.394144783046216,-0.3952195685449669
2022-03-09,-488.612,-5.491740568860095,-3.2619617730094936,-2.6133294,1.136466031213668,-4.398427804223162,-0.3961267237018023
2022-03-10,-485.511,-2.38655305265551,-3.2714471641797727,-2.5708866,1.1302035622446858,-4.401650726424458,-0.3969370689234875
2022-03-11,-488.982,-5.853281646511165,-3.2798261359758416,-2.5250456,1.1240130525781693,-4.403839188554011,-0.3976519252075058
2022-03-12,-484.164,-1.030925094147125,-3.287116077790724,-2.4944758,1.1179029967603902,-4.405019074551115,-0.3982726220470853
2022-03-13,-477.806,5.331419333225153,-3.293334958988933,-2.5910656,1.111881520189015,-4.405216479177948,-0.398800495321798
2022-03-14,-487.833,-4.691270725150056,-3.2985013032830928,-2.5527983,1.1059563703895212,-4.4044576736726135,-0.3992368852068404
2022-03-15,-482.359,0.7871221931766823,-3.302634162579764,-2.7568183,1.1001349087261012,-4.402769071305865,-0.3995831341036033
2022-03-16,-485.884,-2.734757974401552,-3.305753090324122,-2.7121384,1.09442410255572,-4.400177192879842,-0.3998405845941399
2022-03-17,-487.442,-4.289577867038555,-3.3078781143738105,-2.6894598,1.0888305178335609,-4.396708632207371,-0.400010577422086
2022-03-18,-488.042,-4.886336462612948,-3.30902970943285,-2.647298,1.08336031217757,-4.39239002161042,-0.4000944495025593
2022-03-19,-479.882,3.276967260996175,-3.309228769077064,-2.70373,1.078019228399403,-4.387247997476467,-0.4000935319635229
2022-03-20,-483.542,-0.3800297354032187,-3.308496577403035,-2.6582983,1.072812588508513,-4.381309165911548,-0.4000091482210651
2022-03-21,-481.755,1.4097102745200742,-3.3068547803330515,-2.6390507,1.067745288195689,-4.374600068528741,-0.3998426120909853
2022-03-22,-481.305,1.862107930675632,-3.304325356609014,-2.6299062,1.0628217918018126,-4.367147148410826,-0.3995952259390495
2022-03-23,-485.515,-2.345995674759976,-3.300930588508648,-2.5927114,1.0580461277771145,-4.3589767162857616,-0.3992682788722093
2022-03-24,-479.994,3.1769586011434034,-3.2966930323178016,-2.5191875,1.0534218846356909,-4.350114916953492,-0.3988630449730375
2022-03-25,-482.243,0.9297401262530752,-3.2916354885928887,-2.4369729,1.0489522074095272,-4.340587696002416,-0.3983807815795704
2022-03-26,-486.796,-3.6216212962321848,-3.285780972247924,-2.3610415,1.044639794605756,-4.330420766853679,-0.3978227276126917
2022-03-27,-480.582,2.5940799156738987,-3.2791526825007837,-2.3002312,1.0404868956703457,-4.319639578171129,-0.3971901019531266
2022-03-28,-477.968,5.209492437736462,-3.2717739727136195,-2.356328,1.036495308960894,-4.308269281674514,-0.3964841018700557
2022-03-29,-479.524,3.654871837566244,-3.2636683201625174,-2.331187,1.032666380230668,-4.296334700393185,-0.395705901503289
2022-03-30,-482.359,0.8210740117237285,-3.254859295771614,-2.3107767,1.0290010016254916,-4.283860297397106,-0.3948566504008698
2022-03-31,-482.592,0.5891854327132848,-3.2453705338470624,-2.2616274,1.0254996111945671,-4.27087014504163,-0.3939374721139079
2022-04-01,-480.565,2.6170109646728723,-3.2352257018462187,-2.2014396,1.0221621929157505,-4.257387894761969,-0.3929494628503714
2022-04-02,-483.655,-0.4721678185458007,-3.224448470217528,-2.1527963,1.018988277235304,-4.243436747452832,-0.3918936901894816
2022-04-03,-484.726,-1.5422777318505965,-3.2130624823465124,-2.1190054,1.0159769421215648,-4.229039424468077,-0.3907711918582882
2022-04-04,-479.043,4.141681744949551,-3.201091324643255,-2.2947993,1.01312681463149,-4.214218139274745,-0.3895829745719117
2022-04-05,-481.48,1.7056137251254817,-3.1885584968066434,-2.2894144,1.0104360729884547,-4.198994569795098,-0.3883300129388676
2022-04-06,-485.543,-2.35658587884785,-3.1754873823005174,-2.2397282,1.00790244916918,-4.183389831469698,-0.3870132484327948
2022-04-07,-489.319,-6.131710370416693,-3.161901219076681,-2.1784542,1.0055232319971177,-4.167424451073799,-0.3856335884318315
2022-04-08,-485.325,-2.136759274694925,-3.147823070579506,-2.1388147,1.0032952707391172,-4.151118341318624,-0.3841919053267917
2022-04-09,-483.679,-0.4897321167963686,-3.1332757970666365,-2.097945,1.0012149792016491,-4.134490776268286,-0.382689035699206
2022-04-10,-485.278,-2.087682239465914,-3.11828202727993,-2.0839546,0.9992783403223652,-4.117560367602295,-0.3811257795702065
2022-04-11,-482.271,0.920497005009072,-3.102864130500508,-2.3195145,0.9974809112522356,-4.100345041752743,-0.3795028997211368
2022-04-12,-480.818,2.3743797280870957,-3.087044189021344,-2.3800411,0.9958178289230396,-4.082862017944384,-0.3778211210866792
2022-04-13,-485.745,-2.552625822163343,-3.0708439710704214,-2.4960806,0.9942838160944204,-4.065127787164842,-0.3760811302212016
2022-04-14,-480.74,2.452466899080372,-3.0542849042170386,-2.6911564,0.9928731878742773,-4.047158092091316,-0.3742835748389302
2022-04-15,-482.217,0.9752576852808676,-3.037388049293322,-2.667708,0.9915798587057434,-4.028967907999065,-0.3724290634284442
2022-04-16,-483.555,-0.3631673791070144,-3.020174074862463,-2.9155366,0.9903973498135336,-4.010571424675996,-0.3705181649419319
2022-04-17,-489.136,-5.944824518336862,-3.002663232264651,-2.8708568,0.9893187971019484,-3.9919820293666,-0.3685514085595004
2022-04-18,-483.662,-0.4713896287525481,-2.984875331271001,-2.9247625,0.988336959496392,-3.973212290767393,-0.3665292835287783
2022-04-19,-482.519,0.6711270078986153,-2.966829716375205,-3.0474212,0.9874442277197708,-3.954273944094976,-0.3644522390799263
2022-04-20,-482.826,0.3635614178787945,-2.9485452437518305,-3.1305833,0.9866326334947008,-3.935177877246531,-0.3623206844160882
2022-04-21,-480.53,2.658889348982461,-2.9300402589095977,-3.313549,0.9858938591620212,-3.915934118071619,-0.3601349887792062
2022-04-22,-485.019,-1.8309438377123328,-2.9113325750671253,-3.3081288,0.9852192477056892,-3.8965518227728144,-0.35789548159104
2022-04-23,-489.597,-6.409680813259113,-2.8924394522778205,-3.2760284,0.9845998131736784,-3.877039265451499,-0.3556024526691186
2022-04-24,-486.112,-2.925252472873752,-2.8733775773298564,-3.2097437,0.9840262514841496,-3.857403828814006,-0.3532561525172665
2022-04-25,-487.334,-4.147703561577657,-2.854163044446238,-3.1487422,0.983488951605718,-3.837651996051956,-0.3508567926902453
2022-04-26,-490.689,-7.502901599720333,-2.8348113368090853,-3.0864558,0.9829780071002928,-3.8177893439093777,-0.3484045462319556
2022-04-27,-489.195,-6.008815633036351,-2.8153373089313867,-3.0113056,0.982483228016582,-3.797820536947969,-0.3458995481865501
2022-04-28,-481.269,1.917378311486224,-2.795755169898453,-2.9762192,0.9819941531219868,-3.77774932302044,-0.3433418961817127
2022-04-29,-482.174,1.012192433090977,-2.776078467500382,-2.9189577,0.9815000624602886,-3.757578529960671,-0.3407316510832668
2022-04-30,-482.029,1.1568699783826593,-2.756320073275814,-2.953797,0.9809899902221748,-3.737310063497989,-0.3380688377201777
2022-05-01,-481.978,1.2073250382989218,-2.736492168486224,-2.9193637,0.9804527379153528,-3.7169449064015767,-0.3353534456789321
2022-05-02,-483.782,-0.5972024549322463,-2.7166062310389414,-2.9560971,0.9798768878206834,-3.696483118859625,-0.3325854301661742
2022-05-03,-488.167,-4.98263517862436,-2.6966730233760137,-2.924471,0.9792508167204824,-3.675923840096496,-0.3297647129384
2022-05-04,-489.323,-6.138950667006009,-2.6767025813449186,-2.8611171,0.9785627098848554,-3.655265291229774,-0.3268911832974169
2022-05-05,-487.127,-3.94314428415853,-2.656704204065999,-2.9117877,0.9778005753016916,-3.634504779367691,-0.3239646991501931
2022-05-06,-482.311,0.8727792732278536,-2.636686444810361,-3.004009,0.9769522581356694,-3.613638702946031,-0.3209850881316308
2022-05-07,-487.778,-4.594288818274951,-2.6166571029007937,-3.077168,0.9760054554014116,-3.592662558302205,-0.3179521487887239
2022-05-08,-486.676,-3.49223717880827,-2.5966232166471035,-3.1820893,0.9749477308357244,-3.571570947482828,-0.3148656518244693
2022-05-09,-484.061,-0.8770659188607071,-2.5765910573260475,-3.2308888,0.9737665299536316,-3.550357587279679,-0.3117253413998282
2022-05-10,-492.215,-9.03077514892058,-2.556566124214817,-3.2067566,0.972449195272744,-3.529015319487561,-0.3085309364919586
2022-05-11,-489.31,-6.125364979476538,-2.5365531406858364,-3.1446002,0.9709829816903568,-3.507536122376193,-0.3052821323068504
2022-05-12,-489.934,-6.748835521017051,-2.5165560513693634,-3.1358914,0.9693550719974772,-3.4859111233668405,-0.3019786017444508
2022-05-13,-485.003,-1.8171868840306864,-2.4965780203891352,-3.1282008,0.9675525925138928,-3.464130612903028,-0.2986199969142621
2022-05-14,-486.805,-3.618419179005844,-2.4766214306750536,-3.1089604,0.9655626288282412,-3.442184059503295,-0.2952059506993535
2022-05-15,-490.39,-7.202532516431043,-2.456687884355619,-3.0395231,0.963372241626954,-3.420060125982573,-0.2917360783666501
2022-05-16,-490.654,-7.4655270067949235,-2.436778204231568,-2.9746757,0.9609684825958854,-3.3977466868274533,-0.288209979221302
2022-05-17,-488.429,-5.239402760585815,-2.416892436330853,-2.8874052,0.9583384103783122,-3.375230846709165,-0.2846272383028774
2022-05-18,-492.69,-9.499159888292416,-2.3970298535438554,-2.8242311,0.95546910657301,-3.3524989601168653,-0.2809874281210639
2022-05-19,-486.655,-3.462798500403082,-2.377188960336405,-2.780533,0.95234769175602,-3.329536652092425,-0.2772901104285096
2022-05-20,-489.22,-6.026318707406338,-2.357367498536937,-2.7215343,0.948961341509739,-3.306328840046676,-0.2735348380283831
2022-05-21,-490.312,-7.116720619790825,-2.3375624541927538,-2.6503882,0.9452973024429504,-3.282859756635704,-0.2697211566141838
2022-05-22,-489.649,-6.452004348044842,-2.3177700654891606,-2.5707688,0.941342908185424,-3.2591129736745845,-0.2658486066392816
2022-05-23,-489.795,-6.596170002657028,-2.297985831723913,-2.5108147,0.9370855953407744,-3.235071427064688,-0.2619167252136378
2022-05-24,-486.201,-3.0002176941159195,-2.2782045233281427,-2.4732916,0.9325129193812752,-3.210717442709418,-0.257925048025096
2022-05-25,-486.636,-3.4331475329099668,-2.2584201929236647,-2.4213285,0.9276125704684236,-3.186032763392088,-0.2538731112826258
2022-05-26,-487.548,-4.3429596295276,-2.238626187405346,-2.352166,0.9223723891831352,-3.160998576588481,-0.2497604536788329
2022-05-27,-489.42,-6.212654094457505,-2.218815161035885,-2.319256,0.9167803821495134,-3.1355955431853983,-0.2455866183690549
2022-05-28,-495.281,-12.071231038188014,-2.198979089539198,-2.388684,0.9108247375362978,-3.1098038270754955,-0.2413511549643083
2022-05-29,-480.828,2.384309428792249,-2.17910928517732,-2.4151142,0.9044938404201882,-3.083603125597508,-0.2370536215353452
2022-05-30,-486.209,-2.994208687500871,-2.159196412794565,-2.3938015,0.8977762879954215,-3.0569727007899865,-0.2326935866250531
2022-05-31,-485.815,-2.5976055528178623,-2.139230506811449,-2.3303206,0.8906609046141014,-3.02989141142555,-0.2282706312664092
2022-06-01,-481.782,1.4381186956432392,-2.119200989149733,-2.260952,0.8831367566420134,-3.002337745791747,-0.2237843510032011
2022-06-02,-485.252,-2.029107354534484,-2.0990966880687947,-2.1895857,0.875193167114788,-2.974289855183583,-0.2192343579107026
2022-06-03,-479.692,3.5338457742591918,-2.0789058578923205,-2.1399636,0.8668197301795351,-2.945725588071856,-0.2146202826134935
2022-06-04,-480.105,3.123919916082936,-2.05861619960332,-2.1762886,0.8580063253072675,-2.9166225249105877,-0.2099417762976151
2022-06-05,-476.278,6.953890129695797,-2.0382148822842323,-2.4333258,0.84874313126168,-2.8869580135459123,-0.205198512714239
2022-06-06,-484.166,-0.9311892632583608,-2.017688565377936,-2.3978138,0.8390206398100912,-2.856709205188027,-0.200390190172049
2022-06-07,-485.047,-1.8091425554067904,-1.9970234217443443,-2.33112,0.8288296691626411,-2.825853090906985,-0.1955165335155294
2022-06-08,-480.028,3.213070020644907,-1.9762051614862997,-2.272109,0.8181613771260875,-2.794366538612387,-0.190577296086377
2022-06-09,-485.687,-2.442852762473384,-1.9552190565174703,-2.1885078,0.8070072739588644,-2.762226330476335,-0.1855722616652519
2022-06-10,-484.636,-1.388643898710205,-1.934049965843992,-2.1394281,0.7953592349143593,-2.729409200758351,-0.1805012463911265
2022-06-11,-482.373,0.8776963789704073,-1.9126823615306556,-2.1301525,0.7832095124596739,-2.695891873990329,-0.1753641006554812
2022-06-12,-485.024,-1.7700344631863247,-1.8911003553215795,-2.2612267,0.7705507481574768,-2.6616511034790564,-0.1701607109686523
2022-06-13,-485.918,-2.6603865016013453,-1.8692877258843708,-2.243043,0.7573759841989075,-2.626663710083278,-0.1648910017956434
2022-06-14,-483.311,-0.0495471309754416,-1.8472279466460144,-2.2211454,0.7436786745758038,-2.5909066212218184,-0.1595549373587555
2022-06-15,-480.031,3.234365764746439,-1.8249042141878915,-2.176087,0.7294526958809461,-2.554356910068837,-0.154152523404423
2022-06-16,-481.571,1.6981677181577828,-1.802299477166569,-2.121446,0.7146923577253315,-2.5169918348919005,-0.1486838089316768
2022-06-17,-481.336,1.9370683079488176,-1.7793964657262895,-2.0903852,0.6993924127619271,-2.4787888784882166,-0.1431488878797095
2022-06-18,-485.658,-2.3809813597952534,-1.756177721368387,-2.0513,0.6835480663056924,-2.439725787674079,-0.1375479007720486
2022-06-19,-485.3370000000001,-2.0558941113021394,-1.7326256272422085,-1.9965296,0.6671549855401232,-2.399780612782332,-0.1318810363149014
2022-06-20,-480.35,2.9353297712112623,-1.7087224388215392,-1.9280037,0.6502093083009323,-2.358931747122472,-0.1261485329472826
2022-06-21,-489.676,-6.386377127535648,-1.6844503149298806,-1.8592863,0.6327076514279372,-2.3171579663578177,-0.1203506803405915
2022-06-22,-485.943,-2.6489231290688,-1.659791349077519,-1.7958779,0.6146471186766377,-2.2744384677541567,-0.1144878208453632
2022-06-23,-482.16,1.1386956192410498,-1.6347276010727232,-1.7269491,0.5960253081814134,-2.2307529092541367,-0.1085603508829728
2022-06-24,-485.857,-2.553568801126829,-1.6092411288690307,-1.6475254,0.5768403194627072,-2.1860814483317377,-0.1025687222801461
2022-06-25,-487.168,-3.8596555438766194,-1.5833140206101806,-1.5677633,0.5570907599710176,-2.140404780581198,-0.096513443544182
2022-06-26,-485.27,-1.956544138499158,-1.556928426833846,-1.4897176,0.5367757511609812,-2.093704177994827,-0.0903950810768757
2022-06-27,-483.516,-0.197278333080785,-1.5300665927950583,-1.3991947,0.5158949340892869,-2.045961526884345,-0.0842142603251824
2022-06-28,-485.475,-2.150872557084698,-1.5027108908699247,-1.3213004,0.494448474530623,-1.997159365400548,-0.0779716668667603
2022-06-29,-487.742,-4.412327081360879,-1.4748438530000194,-1.2787248,0.4724370676063549,-1.9472809206063744,-0.0716680474285839
2022-06-30,-481.065,2.2703578232412305,-1.4464482031376396,-1.2231332,0.4498619419210748,-1.8963101450587143,-0.0653042108369108
2022-07-01,-481.963,1.3781098955202902,-1.417506889652023,-1.1667191,0.4267248632026824,-1.8442317528547056,-0.0588810288969616
2022-07-02,-479.938,3.408915532127634,-1.3880031176564815,-1.1198295,0.4030281374421026,-1.791031255098584,-0.0523994372007556
2022-07-03,-479.452,3.900820206015013,-1.357920381216431,-1.0801238,0.378774613529261,-1.7366949947456924,-0.0458604358616287
2022-07-04,-478.079,5.279607295952733,-1.3272424953982525,-1.070763,0.3539676853824144,-1.681210180780667,-0.0392650901740461
2022-07-05,-479.194,4.170437744222481,-1.295953628118996,-1.0690502,0.3286112935684204,-1.6245649216874165,-0.0326145311974169
2022-07-06,-485.7000000000001,-2.330171117865895,-1.2640383317570547,-1.0314991,0.3027099264120317,-1.5667482581690864,-0.0259099562626944
2022-07-07,-473.636,9.739444971287671,-1.2314815744840517,-0.99249905,0.2762686205927837,-1.5077501950768353,-0.0191526294006565
2022-07-08,-484.257,-0.8763165334513232,-1.198268771278398,-0.9358171,0.249292961228539,-1.447561732506937,-0.0123438816908335
2022-07-09,-485.722,-2.336199677856996,-1.1643858145812302,-0.8728771,0.2217890814452508,-1.386174896026481,-0.005485111530165
2022-07-10,-482.627,0.7641116241899439,-1.1298191045556918,-0.8272124,0.1937636614329813,-1.3235827659886732,0.0014222151794543
2022-07-11,-484.455,-1.058482882165391,-1.0945555789109016,-0.7678871,0.1652239269887281,-1.2597795058996295,0.0083765649254675
2022-07-12,-482.374,1.0280773874403568,-1.0585827422522731,-0.7044503,0.136177647547062,-1.1947603897993353,0.0153763365614291
2022-07-13,-472.082,11.3257012600695,-1.0218886949203492,-0.64225274,0.1066331337001024,-1.1285218286204517,0.0224198613667929
2022-07-14,-480.378,3.0355198524328646,-0.9844621612807216,-0.58895093,0.0765992342088204,-1.061061395489542,0.0295054031901513
2022-07-15,-482.601,0.8185178470988994,-0.9462925174281464,-0.54840124,0.0460853325081332,-0.9923778499362796,0.0366311586762677
2022-07-16,-478.928,4.497341626328561,-0.9073698182685516,-0.5139217,0.0151013427087439,-0.9224711609772956,0.043795257577129
2022-07-17,-486.062,-2.630957565215259,-0.8676848239431778,-0.46713024,-0.0163422949008555,-0.8513425290423222,0.0509957631471592
2022-07-18,-483.739,-0.3020492898637155,-0.8272290255598004,-0.42289296,-0.0482346188483348,-0.7789944067114656,0.0582306726226219
2022-07-19,-484.988,-1.545596838328945,-0.7859946701966545,-0.37267208,-0.0805641519630746,-0.7054305182335798,0.0654979177851415
2022-07-20,-484.436,-0.9881012766613848,-0.743974785145375,-0.3135061,-0.113318907348529,-0.630655877796846,0.0727953656091719
2022-07-21,-481.919,1.5345820808057002,-0.7011632013601032,-0.25814953,-0.1464863948361247,-0.5546768065239784,0.0801208189931353
2022-07-22,-484.649,-1.1895582765528925,-0.6575545760806876,-0.21417138,-0.1800536279150188,-0.4775009481656687,0.0874720175738553
2022-07-23,-483.773,-0.307595332891756,-0.6131444145987408,-0.16816944,-0.2140071311315748,-0.3991372834671659,0.0948466386238035
2022-07-24,-485.92800000000005,-2.456893844858045,-0.5679290911362762,-0.13632692,-0.2483329479519886,-0.3195961431842875,0.1022422980305843
2022-07-25,-481.117,2.36005253947444,-0.5219058688074822,-0.11810442,-0.2830166490810942,-0.238889219726388,0.1096565513579677
2022-07-26,-484.746,-1.2631774478193742,-0.4750729186352476,-0.0825598,-0.3180433412299302,-0.1570295774053173,0.1170868949876987
2022-07-27,-482.591,0.8973694450602157,-0.4274293375949971,-0.041886777,-0.3533976763242875,-0.0740316612707095,0.1245307673411943
2022-07-28,-482.376,1.118025340572382,-0.3789751656594549,-0.016841574,-0.3890638611460125,0.0100886954865576,0.1319855501801549
2022-07-29,-482.861,0.6387345745135846,-0.3297114018190208,0.0006784398,-0.4250256673985018,0.0953142655794809,0.1394485699850103
2022-07-30,-487.793,-4.28741811665435,-0.2796400190535424,0.02324308,-0.4612664421874029,0.1816264231338605,0.146917099410027
2022-07-31,-474.5,9.01183740634481,-0.2287639782324239,0.046664465,-0.4977691189072001,0.2690051406747762,0.1543883588138128
2022-08-01,-479.358,4.160256485635922,-0.1770872409211183,0.06775691,-0.5345162285239898,0.3574289876028715,0.1618595178638515
2022-08-02,-477.891,5.633947681521567,-0.124614781073326,0.075696096,-0.5714899112444084,0.4468751301710823,0.169327697213621
2022-08-03,-479.807,3.724909833888152,-0.0713525955893759,0.10494902,-0.6086719285603305,0.5373193329709545,0.1767899702507416
2022-08-04,-480.545,2.9934637923145173,-0.0173077137225255,0.13487902,-0.646043675658649,0.6287359619361234,0.1842433649145329
2022-08-05,-483.533,0.0115339094166175,0.0375117946837811,0.14742474,-0.6835861941851079,0.7210979888688891,0.1916848655812495
2022-08-06,-479.615,3.9359015198712175,0.0930968121433964,0.16689605,-0.721280185350881,0.8143769974942775,0.199111415015196
2022-08-07,-481.803,1.7540157426345928,0.1494371676740741,0.20085745,-0.7591060233702831,0.9085431910443572,0.2065199163838315
2022-08-08,-480.875,2.6883333561076936,0.2065216321562252,0.23122162,-0.7970437692177257,1.003565401373951,0.2139072353348984
2022-08-09,-484.84,-1.270085751330754,0.2643379149155006,0.26375735,-0.8350731846917681,1.0994110996072686,0.2212702021335222
2022-08-10,-489.79,-6.213400912606505,0.3228726615395177,0.2859765,-0.8731737467738483,1.196046408313366,0.2286056138571659
2022-08-11,-484.857,-1.2728459798645044,0.3821114529376476,0.3119549,-0.9113246622690564,1.293436115206704,0.2359102366462348
2022-08-12,-489.076,-5.48399486024115,0.4420388056513748,0.3448643,-0.9495048827160598,1.3915436883674346,0.2431808080080729
2022-08-13,-488.252,-4.651696635323884,0.502638173421341,0.37407795,-0.9876931195530984,1.4903312929744394,0.2504140391720002
2022-08-14,-481.999,1.6099528237222351,0.563891950015732,0.40039617,-1.0258678595267532,1.5897598095424852,0.2576066174930051
2022-08-15,-483.804,-0.1861015911167589,0.6257814733232587,0.4086703,-1.0640073803299963,1.6897888536532553,0.2647552089016078
2022-08-16,-478.466,5.161112771651581,0.688287030712518,0.4210275,-1.1020897664558722,1.7903767971683902,0.2718564603973853
2022-08-17,-480.2600000000001,3.3766211981985608,0.7513878656580807,0.430889,-1.1400929252529906,1.8914807909110716,0.2789070025835605
2022-08-18,-480.787,2.859209971206554,0.8150621856321965,0.4501758,-1.1779946031688489,1.9930567888010453,0.2859034522400275
2022-08-19,-479.363,4.292807906668623,0.8792871712595426,0.48026404,-1.2157724021668928,2.0950595734264352,0.2928424149321181
2022-08-20,-483.953,-0.2872920516480626,0.9440389867309924,0.5006695,-1.2534037963030868,2.197442783034079,0.2997204876523742
2022-08-21,-481.092,2.5839086267905405,1.009292791470917,0.52122355,-1.290866148447655,2.300158939918572,0.306534261492546
2022-08-22,-481.108,2.578408472518581,1.07502275305108,0.5419506,-1.3281367271375757,2.403159480188656,0.3132803243429858
2022-08-23,-483.048,0.6490423468180193,1.1412020613427225,0.55219585,-1.3651927235453225,2.506394784888045,0.319955263616586
2022-08-24,-478.933,4.774976970724984,1.2078029438970144,0.5694429,-1.4020112685492765,2.609814212446291,0.3265556689943524
2022-08-25,-483.584,0.1349565556114695,1.274796682542577,0.5853007,-1.4385694498911907,2.713366132433768,0.3330781351896961
2022-08-26,-481.939,1.790839117642438,1.3421536311873634,0.60373694,-1.47484432940605,2.816997960593413,0.3395192647284726
2022-08-27,-481.998,1.7430032284897292,1.4098432348107877,0.61576426,-1.5108129603096263,2.920656195120414,0.3458756707418093
2022-08-28,-480.614,3.1384498895611284,1.4778340496305349,0.62399596,-1.546452404529061,3.024286454159596,0.3521439797686905
2022-08-29,-481.692,2.0720624567061465,1.5460937644271433,0.6465395,-1.5817397500617454,3.1278335144888887,0.358320834565307
2022-08-30,-479.865,3.9109063923572895,1.6145892230080348,0.6641728,-1.6166521283478603,3.2312413513558957,0.3644028969181189
2022-08-31,-478.596,5.192031788230107,1.6832864477913252,0.6815666,-1.6511667316419036,3.334453179433229,0.370386850457599
2022-09-01,-480.743,3.057437943687125,1.7521506644883929,0.70375866,-1.6852608303686123,3.437411494857005,0.3762694034695896
2022-09-02,-478.226,5.586999290330723,1.8211463278628897,0.7340994,-1.7189117904487288,3.5400581183116184,0.3820472917012436
2022-09-03,-482.369,1.456672341163905,1.8902371485425256,0.75612396,-1.7520970905801527,3.642334239122678,0.3877172811584725
2022-09-04,-480.763,3.0754511464657366,1.959386120858737,0.76599497,-1.7847943394600538,3.744180460318791,0.3932761708918633
2022-09-05,-478.872,4.979505986712221,2.028555551688065,0.77904016,-1.816981292933673,3.845536844621738,0.3987207957680255
2022-09-06,-478.415,5.449835175835284,2.097707090267852,0.8027117,-1.8486358710556212,3.946342961323473,0.4040480292233238
2022-09-07,-483.09,0.788349197698968,2.16680175895766,0.81644017,-1.8797361750495816,4.046537934007241,0.4092547859970012
2022-09-08,-480.252,3.6401366225480434,2.2357999849166768,0.82230824,-1.910260504152516,4.146060489069193,0.4143380248406737
2022-09-09,-482.468,1.438195750946628,2.3046616326661846,0.8141965,-1.9401873723295415,4.244849004995727,0.4192947512012398
2022-09-10,-477.519,6.401299046481174,2.37334603750511,0.8253701,-1.9694955248458916,4.342841562351001,0.4241220198742435
2022-09-11,-481.421,2.513676885284114,2.4418120397455905,0.844417,-1.9981639546824368,4.439975994428027,0.4288169376247751
2022-09-12,-485.45,-1.50110158251699,2.5100180197344284,0.8475378,-2.0261719187815315,4.53618993851596,0.4333766657730233
2022-09-13,-473.883,10.080783697572144,2.5779219336253454,0.8519074,-2.053498954110049,4.631420887735395,0.4377984227416234
2022-09-14,-475.856,8.121668735913515,2.645481349865943,0.862204,-2.080124893526738,4.725606243392681,0.4420794865619898
2022-09-15,-479.788,4.203787521444561,2.712653486362397,0.88720083,-2.1060298814411955,4.818683367803592,0.4462171973368669
2022-09-16,-481.895,2.111138128260201,2.7793952482839783,0.9114708,-2.131194389252007,4.910589637535985,0.4502089596563707
2022-09-17,-480.114,3.906718630455239,2.845663266468698,0.92423016,-2.155599230551825,5.001262497020523,0.4540522449648469
2022-09-18,-476.111,7.924472396315439,2.9114139363905225,0.8166582,-2.1792255760873926,5.090639512477916,0.4577445938759283
2022-09-19,-475.076,8.974450719173769,2.976603457647883,0.7617599,-2.202054968462782,5.178658426110665,0.4612836184332199
2022-09-20,-483.685,0.3806516650237967,3.0411878739324885,0.7132707,-2.2240693365743733,5.265257210506862,0.4646670043141077
2022-09-21,-483.52,0.5610732998591943,3.1051231134367163,0.6900758,-2.245251009766364,5.35037412320308,0.4678925129742419
2022-09-22,-484.192,-0.0953038164402375,3.16836502965734,0.704387,-2.2655827316958885,5.433947761353228,0.4709579837303217
2022-09-23,-478.101,6.011552918636986,3.230869442552663,0.747248,-2.28504767389711,5.515917116449773,0.473861335778854
2022-09-24,-477.255,6.873607031974218,3.292592180009672,0.79750097,-2.303629449033916,5.596221629043588,0.4766005701486574
2022-09-25,-484.751,-0.6061263800307657,3.353489119577293,0.8414972,-2.321312123831208,5.674801243408501,0.4791737715849291
2022-09-26,-478.957,5.204368252136707,3.4135162304214344,0.87367356,-2.3380802316750198,5.751596462096454,0.4815791103627879
2022-09-27,-479.205,4.973071961473961,3.4726296154570706,0.9040394,-2.353918784872046,5.826548400329117,0.4838148440282691
2022-09-28,-479.766,4.42898281397442,3.530785553612339,0.9297348,-2.3688132865595164,5.899598840171855,0.4858793190648396
2022-09-29,-481.075,3.1370813695182678,3.5879405421792723,0.9419112,-2.382749742256582,5.970690284435854,0.4877709724835778
2022-09-30,-476.828,7.401382724502958,3.6440513392056095,0.9638241,-2.3957146710488444,6.0397660102544535,0.4894883333352456
2022-10-01,-477.81,6.436884942329705,3.6990750058819057,0.9723803,-2.407695116397885,6.106770122279791,0.4910300241425759
2022-10-02,-474.983,9.281586086399823,3.752968948878048,0.9948711,-2.4186786565680563,6.171647605446104,0.4923947622511752
2022-10-03,-478.581,5.7014842201144,3.8056909625831863,1.0169269,-2.4286534146631378,6.234344377246325,0.493581361097547
2022-10-04,-475.592,8.708577406874571,3.857199271203064,1.0371673,-2.437608068265789,6.2948073394688535,0.4945887313928201
2022-10-05,-480.752,3.5668637100816407,3.907452570668776,1.0609481,-2.4455318586731365,6.352984429341912,0.4954158822208676
2022-10-06,-481.202,3.13534119313678,3.956410070311003,1.0980707,-2.452414599722118,6.408824670033121,0.4960619220495991
2022-10-07,-479.844,4.511929794385246,4.004031534253964,1.1281774,-2.4582466861986614,6.4622782204526255,0.4965260596543024
2022-10-08,-480.589,3.7857078604348766,4.050277322483428,1.1485122,-2.463019101825076,6.513296424308503,0.4968076049520135
2022-10-09,-481.608,2.7853702051122102,4.095108431543441,1.1684157,-2.466723426820417,6.561831858363858,0.4969059697459855
2022-10-10,-475.382,9.030209877457311,4.1384865348166375,1.1856786,-2.4693518450289837,6.607838379845621,0.4968206683794446
2022-10-11,-475.724,8.707224884075316,4.180374022343357,1.2052356,-2.4708971506124464,6.651271172955804,0.4965513182979002
2022-10-12,-477.763,6.687413231571174,4.220734040135204,1.2161363,-2.4713527543015177,6.6920867944367215,0.4960976405194017
2022-10-13,-471.678,12.79177292655004,4.25953052893905,1.217261,-2.4707126892033955,6.730243218142445,0.4954594600122233
2022-10-14,-472.219,12.270301975616936,4.296728262408062,1.243804,-2.468971616161649,6.765699878569711,0.4946367059795689
2022-10-15,-470.734,13.774998385377028,4.332292884636776,1.2592422,-2.4661248286655604,6.798417713302337,0.4936294120509858
2022-10-16,-474.426,10.102860162435253,4.366190947017887,1.2611728,-2.4621682573063066,6.828359204324194,0.4924377163803012
2022-10-17,-480.62,3.9288853133968105,4.3983899443790175,1.2722932,-2.457098473777761,6.855488418156778,0.4910618616499654
2022-10-18,-472.346,12.223071844866688,4.428858350358484,1.3003607,-2.450912694420071,6.879771044778554,0.4895021949818363
2022-10-19,-479.055,5.5344177634499925,4.45756565197966,1.3242097,-2.4436087833045157,6.901174435284176,0.4877591677544983
2022-10-20,-472.87,11.739921075751866,4.484482383384516,1.3508579,-2.4351852548585486,6.919667638243064,0.4858333353273514
2022-10-21,-472.178,12.452579788377276,4.509580158687534,1.3578889,-2.425641276030316,6.93522143471785,0.4837253566717899
2022-10-22,-472.391,12.260287491102904,4.532831703912224,1.2549477,-2.414976667992229,6.947808371904452,0.4814359939099007
2022-10-23,-476.311,8.361143769948455,4.554210887973279,1.235722,-2.403191907383674,6.957402795356954,0.4789661117612173
2022-10-24,-477.133,7.560146616056264,4.57369275266841,1.1729614,-2.390288127093159,6.963980879761569,0.4763166768981627
2022-10-25,-476.93,7.784294020568569,4.5912535416449005,1.1548567,-2.376267116580673,6.967520658225574,0.4734887572109249
2022-10-26,-478.504,6.231583974627902,4.606870728306914,1.1155919,-2.361131321741335,6.968002050048249,0.4704835209826035
2022-10-27,-477.305,7.451182144618871,4.620523042630736,1.0942116,-2.344883844311766,6.965406886942501,0.4673022359755671
2022-10-28,-470.372,14.4049025732105,4.632190496856188,1.0903187,-2.327528440820997,6.959718937677184,0.4639462684300661
2022-10-29,-479.598,5.199673163802186,4.641854410023655,1.0860776,-2.3090695210880523,6.950923931111706,0.4604170819762383
2022-10-30,-475.902,8.916524873928903,4.649497431327333,1.0548743,-2.2895121462686823,6.939009577596016,0.4567162364607378
2022-10-31,-474.552,10.287248003092309,4.655103562256534,1.0385143,-2.268862026454077,6.923965588710612,0.4528453866893264
2022-11-01,-472.942,11.918138411260426,4.658658177498155,0.84342575,-2.247125517824724,6.905783695322879,0.4488062810868432
2022-11-02,-472.752,12.12915303272949,4.660148044574727,0.75173783,-2.224309619362877,6.884457663937605,0.4446007602760749
2022-11-03,-475.966,8.93631716710162,4.659561342193755,0.729735,-2.20042196912745,6.859983311321205,0.4402307555771239
2022-11-04,-478.587,6.336626706259127,4.65688767728542,0.60550404,-2.17547084009547,6.832358517380889,0.4356982874289801
2022-11-05,-475.648,9.297095724001084,4.652118100707159,0.26011786,-2.149465135574495,6.801583236281654,0.4310054637350622
2022-11-06,-477.774,7.192721994768228,4.645245121594932,0.16446804,-2.122414384190761,6.767659505785693,0.4261544781346021
2022-11-07,-482.417,2.5715032930009025,4.636262720342554,-0.16961293,-2.094328734458075,6.73059145480063,0.4211476082018105
2022-11-08,-481.195,3.815437393139681,4.62516636019182,-0.40330356,-2.065218948932805,6.690385309124625,0.4159872135748534
2022-11-09,-475.975,9.057474957870028,4.611952997417711,-0.47874355,-2.0350963979605408,6.647049395378252,0.4106757340167329
2022-11-10,-481.321,3.7331476326884,4.596621090094412,-0.48002326,-2.00397305302036,6.600594143114772,0.4052156874102505
2022-11-11,-483.643,1.4329537448707983,4.579170605429436,-0.48269695,-1.971861479672825,6.5510320851022605,0.3996096676893042
2022-11-12,-480.81,4.287524777816565,4.559603025654671,-0.5230887,-1.938774830118169,6.498377855772841,0.3938603427088177
2022-11-13,-487.519,-2.400069423138941,4.537921352464712,-0.49961022,-1.904726835371316,6.442648187836028,0.3879704520557032
2022-11-14,-484.822,0.3187292629131448,4.5141301099943965,-0.48016435,-1.8697317970606933,6.38386190705509,0.3819428048032857
2022-11-15,-485.209,-0.0463579512060925,4.4882353463290965,-0.44336897,-1.8338045788580104,6.322039925187108,0.3757802772116956
2022-11-16,-489.117,-3.932333428654028,4.4602446335428345,-0.40188533,-1.7969605975463827,6.257205231089217,0.3694858103767962
2022-11-17,-488.097,-2.8897862131591068,4.430167066260916,-0.37207776,-1.759215813734455,6.189382879995371,0.3630624078302542
2022-11-18,-486.355,-1.1246087953128945,4.398013258745393,-0.3393144,-1.7205867222243665,6.118599980969759,0.3565131330934183
2022-11-19,-483.641,1.6126959631226732,4.363795340503276,-0.30896938,-1.6810903420416132,6.044885682544889,0.3498411071877233
2022-11-20,-488.564,-3.286874163411869,4.3275269504189575,-0.28480285,-1.6407442061350646,5.968271156554022,0.3430495061043746
2022-11-21,-482.532,2.768693064788422,4.289223229414034,-0.25724512,-1.5995663507555913,5.888789580169625,0.336141558236105
2022-11-22,-484.936,0.3878515499136683,4.248900811639211,-0.254576,-1.557575304521935,5.806476116161146,0.3291205417738487
2022-11-23,-482.369,2.9780673817137497,4.206577814204655,-0.236592,-1.5147900771826377,5.721367891387293,0.3219897820711961
2022-11-24,-487.457,-2.0866133283828106,4.1622738254567375,-0.24001066,-1.4712301480830032,5.6335039735397405,0.3147526489795303
2022-11-25,-489.138,-3.744192889302868,4.116009891810688,-0.24489656,-1.4269154543462317,5.54292534615692,0.3074125541567702
2022-11-26,-481.131,4.286326390027053,4.067808503150304,-0.27364188,-1.381866378778027,5.449674881928331,0.2999729483526778
2022-11-27,-485.464,-0.0234722833759106,4.017693576807398,-0.29012558,-1.336103737504084,5.353797314311482,0.2924373186736904
2022-11-28,-471.105,14.359180855597277,3.9656904401352775,-0.33234042,-1.289648767350045,5.2553392074853225,0.2848091858302742
2022-11-29,-483.31,2.1779271800636675,3.911825811692028,-0.3239231,-1.2425231129735947,5.154348924665623,0.2770921013697903
2022-11-30,-473.813,11.6983981660751,3.8561277810510166,-0.4328368,-1.1947488137585156,5.050876594809532,0.2692896448978921
2022-12-01,-472.945,12.589947753735364,3.798625787257442,-0.85977966,-1.1463482904805984,4.94497407773804,0.2614054212914582
2022-12-02,-479.842,5.716289470423227,3.7393505959513,-0.86214894,-1.0973443317554268,4.836694927706727,0.2534430579060852
2022-12-03,-482.732,2.8496926224840773,3.6783342751786736,-0.87058634,-1.047760080278146,4.726094355456819,0.2454062017811522
2022-12-04,-478.948,6.6569393138984925,3.615610169914584,-1.0709376,-0.9976190188653776,4.613229188779962,0.2372985168454651
2022-12-05,-472.078,13.549982961296417,3.5512128753221965,-1.2300862,-0.9469449563095538,4.49815783163175,0.2291236811264879
2022-12-06,-483.498,2.153072352002721,3.485178208774494,-1.2416005,-0.8957620130559845,4.380940221830478,0.2208853839661361
2022-12-07,-485.697,-0.0227949980875292,3.417543180665976,-1.2411764,-0.8440946067130347,4.261637787379011,0.2125873232461236
2022-12-08,-482.453,3.244395092783255,3.3483459640432427,-1.3950766,-0.7919674374058356,4.140313401449078,0.2042332026257926
2022-12-09,-480.255,5.465637165953304,3.2776258630846584,-1.4785335,-0.7394054729839977,4.017031336068656,0.1958267287953779
2022-12-10,-482.83,2.9139078552949846,3.2054232804605918,-2.0080814,-0.6864339340938168,3.891857214554408,0.1873716087475895
2022-12-11,-481.973,3.794185563185258,3.1317796836069567,-2.2216551,-0.6330782791254976,3.7648579627324543,0.1788715470704006
2022-12-12,-487.004,-1.213490499936884,3.0567375699460437,-2.255522,-0.57936418904592,3.636101758991964,0.170330243263867
2022-12-13,-486.527,-0.7129027653696887,2.9803404310897226,-2.2599244,-0.5253175521275024,3.505657983217225,0.1617513890837891
2022-12-14,-486.52,-0.6822631007746338,2.9026327160613765,-2.2596357,-0.4709644485836969,3.3735971646450733,0.1531386659149742
2022-12-15,-487.557,-1.695294440676205,2.823659793573886,-2.2502081,-0.4163311351216429,3.2399909286955286,0.1444957421768145
2022-12-16,-487.694,-1.8081241345165524,2.7434679134021662,-2.2123559,-0.361444029422512,3.1049119428246783,0.1358262707638549
2022-12-17,-485.634,0.2755598852627523,2.6621041668897187,-2.1746652,-0.3063296945600251,2.968433861449744,0.1271338865239731
2022-12-18,-488.978,-3.044751812121779,2.579616446629644,-2.137723,-0.2510148233676102,2.830631269997254,0.1184222037767309
2022-12-19,-487.815,-1.8579154451762212,2.4960534053615318,-2.0978284,-0.1955262227646283,2.6915796281261595,0.1096948138744205
2022-12-20,-481.112,4.869506912018824,2.411464414126486,-2.1171093,-0.139890798052042,2.551355212178528,0.1009552828082481
2022-12-21,-485.078,0.9280122206841592,2.3258995197234285,-2.1376061,-0.0841355371878623,2.410035056911291,0.0922071488620498
2022-12-22,-484.227,1.803542696530814,2.239409401510598,-2.1174855,-0.0282874950526382,2.267696896563236,0.0834539203158647
2022-12-23,-492.476,-6.420857287584782,2.152045327596924,-2.1689236,0.0276262222848068,2.1244191053121173,0.0746990732016217
2022-12-24,-494.301,-8.221063312253534,2.063859110468638,-2.213576,0.0835784732912542,1.980280637177384,0.0659460491131296
2022-12-25,-485.491,0.6141846423379702,1.974903062097135,-2.2207448,0.1395420966725415,1.8353609654245933,0.0571982530724849
2022-12-26,-483.875,2.255460428894379,1.8852299485747184,-2.28554,0.1954899270466097,1.6897400215281084,0.048459051454934
2022-12-27,-482.993,3.1628012976276185,1.7948929443253965,-3.1452634,0.2513948105762685,1.543498133749128,0.0397317699741572
2022-12-28,-483.845,2.3362219308275494,1.7039455859383614,-3.218215,0.3072296205519055,1.396715965386456,0.0310196917298515
2022-12-29,-486.236,-0.0292800222120908,1.6124417256722707,-3.339247,0.3629672729144548,1.249474452757816,0.0223260553194158
2022-12-30,-481.737,4.495310593915838,1.5204354846788222,-4.081301,0.418580741709058,1.1018547429697645,0.0136540530154518
2022-12-31,-484.686,1.5719568919872593,1.4279812059944208,-4.3595033,0.4740430744599649,0.9539381315344558,0.0050068290107135
2023-01-01,-481.313,4.970486288877076,1.3351334073490695,-4.3804636,0.5293274074573198,0.80580599989175,-0.0036125222679573
2023-01-02,-483.577,2.7319521898924357,1.2419467338417742,-4.3703184,0.5844069809466492,0.657539752895125,-0.0122009577752508
2023-01-03,-489.051,-2.7166286256682297,1.1484759105319842,-4.3504944,0.6392551542119399,0.5092207563200443,-0.0207554873912115
2023-01-04,-482.97,3.389843024315207,1.0547756949966676,-4.461512,0.6938454205433673,0.3609302744533003,-0.0292731753919866
2023-01-05,-481.373,5.012347974987863,0.9609008299026842,-4.935058,0.7481514220808656,0.2127494078218186,-0.0377511418463331
2023-01-06,-487.903,-1.492614431658278,0.8669059956441354,-4.9415946,0.802146964524863,0.0647590311192723,-0.0461865639368014
2023-01-07,-486.249,0.1864371648257612,0.7728457630943051,-5.1042233,0.8558060317056629,-0.0829602686113578,-0.0545766772046147
2023-01-08,-484.595,1.8659786928374515,0.6787745465216986,-5.41212,0.9091028000031004,-0.2303282534814019,-0.0629187767173626
2023-01-09,-485.718,0.7682323833467555,0.5847465567195361,-5.701599,0.9620116526082588,-0.3772650958887228,-0.0712102181587195
2023-01-10,-485.102,1.409516414636412,0.4908157543978188,-5.862173,1.014507193619179,-0.5236914392213601,-0.0794484188395034
2023-01-11,-491.926,-5.3891716880124525,0.3970358038868219,-6.004014,1.0665642619626825,-0.6695284580758606,-0.0876308586294906
2023-01-12,-488.63,-2.0677810290478167,0.3034600272005474,-6.059103,1.1181579451345631,-0.8146979179340159,-0.0957550808094999
2023-01-13,-490.541,-3.95336892777614,0.2101413585082666,-6.2929034,1.1692635927505957,-0.959122234242329,-0.1038186928433607
2023-01-14,-491.073,-4.459937850793118,0.1171322990618512,-6.639514,1.2198568299009684,-1.1027245308391171,-0.1118193670694853
2023-01-15,-481.148,5.490526519624078,0.024484872626123,-6.7150884,1.2699135703009286,-1.2454286976748057,-0.1197548413118601
2023-01-16,-485.655,1.0088194863995743,-0.0677494185411379,-6.672479,1.319410029230598,-1.3871594477717362,-0.1276229194103788
2023-01-17,-485.519,1.1701185412997626,-0.1595196371134483,-6.547445,1.3683227362571138,-1.5278423733705622,-0.1354214716705367
2023-01-18,-485.921,0.7934044085709251,-0.2507754534787161,-6.579286,1.4166285477324028,-1.6674040012111189,-0.1431484352326128
2023-01-19,-486.995,-0.2553654547794459,-0.3414671878364746,-6.5125117,1.464304659060121,-1.8057718468965955,-0.1508018143605559
2023-01-20,-492.57,-5.805192635545352,-0.4315458515652804,-6.369365,1.5113286167254352,-1.9428744682907155,-0.1583796806509076
2023-01-21,-495.936,-9.14596208451894,-0.5209631878171181,-6.2512174,1.5576783300815482,-2.0786415178986664,-0.1658801731621761
2023-01-22,-487.8370000000001,-1.021678590423933,-0.6096717112965031,-6.136459,1.6033320828870363,-2.2130037941835394,-0.1733014984651971
2023-01-23,-487.567,-0.7264035383622187,-0.6976247471828582,-6.021593,1.648268544588266,-2.345893291771124,-0.1806419306150833
2023-01-24,-493.017,-6.151139422323495,-0.7847764691557118,-5.9164863,1.69246678134136,-2.477243250497072,-0.1878998110455016
2023-01-25,-494.716,-7.824871951977899,-0.8710819364832326,-5.813277,1.7359062667683562,-2.6069882032515888,-0.1950735483860766
2023-01-26,-494.692,-7.775620869288917,-0.9564971301356588,-5.701371,1.778566892442428,-2.735064022578087,-0.2021616182038395
2023-01-27,-488.381,-1.439388665691177,-1.0409789878862674,-5.611776,1.8204289780971976,-2.861407965983465,-0.2091625626697172
2023-01-28,-484.83,2.136805383061736,-1.1244854383636451,-5.515445,1.8614732815554065,-2.985958719919052,-0.2160749901511652
2023-01-29,-491.484,-4.492081266022838,-1.2069754340201768,-5.431012,1.901681008372369,-3.1086564423925456,-0.2228975747321212
2023-01-30,-482.644,4.3730077754578645,-1.2884089829828975,-5.3191986,1.94103382118988,-3.229442804172778,-0.229629055661563
2023-01-31,-490.045,-3.0032962028800902,-1.3687471797540591,-5.227071,1.97951384879639,-3.348261028550449,-0.236268236732022
2023-02-01,-490.32,-3.2536394473687267,-1.4479522347300768,-5.1412053,2.017103694889519,-3.465055929619596,-0.2428139855895114
2023-02-02,-489.876,-2.784967215416988,-1.5259875025088092,-5.0578794,2.053786446537133,-3.5797739490459426,-0.2492652329763864
2023-02-03,-483.568,3.547675837961336,-1.6028175089564904,-5.063499,2.089545682333443,-3.6923631912899335,-0.255620971908759
2023-02-04,-482.87,4.269969030137215,-1.6784079770070082,-5.0102987,2.124365480246757,-3.8027734572537657,-0.2618802567901482
2023-02-05,-488.774,-1.6098012597301317,-1.7527258511676338,-5.262341,2.158230425155749,-3.9109562763233834,-0.2680422024631405
2023-02-06,-490.297,-3.108616260369624,-1.8257393207067525,-5.2184668,2.1911256160712584,-4.016864936778011,-0.2741059832008958
2023-02-07,-494.41,-7.197484756597536,-1.89741784150062,-5.1741467,2.223036673040905,-4.120454514541525,-0.280070831640414
2023-02-08,-491.496,-4.259348562546215,-1.9677321565176549,-5.105927,2.2539497437339246,-4.221681900251579,-0.2859360376595429
2023-02-09,-491.781,-4.5202843914243305,-2.0366543149203045,-5.0362744,2.28385150970389,-4.3205058246241945,-0.29170094719978
2023-02-10,-488.765,-1.4802948190041525,-2.10415768976607,-4.984012,2.3127291923271507,-4.416886882093221,-0.2973649610369701
2023-02-11,-489.57,-2.2614545548687857,-2.170216994290836,-4.949615,2.3405705584150254,-4.510787552705861,-0.3029275335020852
2023-02-12,-488.49,-1.157692048333427,-2.2348082967592253,-4.8814383,2.3673639254979832,-4.602172222257209,-0.3083881711543063
2023-02-13,-486.001,1.3549790597042224,-2.2979090338683203,-4.8444886,2.393098166780241,-4.691007200648562,-0.3137464314086996
2023-02-14,-477.893,9.486550757683656,-2.359498022692702,-4.875038,2.417762715763398,-4.7772607384561,-0.3190019211208197
2023-02-15,-488.86,-1.4572976302700331,-2.4195554711603675,-4.815977,2.441347570537933,-4.8609030416983,-0.3241542951306329
2023-02-16,-489.464,-2.038236155255195,-2.4780629870507718,-4.7542515,2.463843297741553,-4.941906284792324,-0.3292032547681868
2023-02-17,-487.295,0.1538478163356862,-2.535003585507855,-4.675786,2.485241036183617,-5.0202446216914725,-0.3341485463235044
2023-02-18,-493.408,-5.93616681573217,-2.5903616950625925,-4.5940275,2.5055325001350006,-5.095894195197593,-0.3389899594832156
2023-02-19,-499.007,-11.512265890715982,-2.6441231621612777,-4.525221,2.5247099822829995,-5.168833144444277,-0.3437273257364753
2023-02-20,-491.287,-3.769469280166338,-2.6962752541974084,-4.4673843,2.5427663563510143,-5.239041610548423,-0.348360516752753
2023-02-21,-486.713,0.8274515097276247,-2.746806661046724,-4.512307,2.559695079382988,-5.306501740429712,-0.3528894427340993
2023-02-22,-489.633,-2.069742636487783,-2.795707495106624,-4.58641,2.575490193692712,-5.371197688799336,-0.3573140507445336
2023-02-23,-498.932,-11.346031891908378,-2.8429692898428645,-4.654987,2.590146328478324,-5.433115618321189,-0.3616343230192066
2023-02-24,-491.53,-3.92143020447736,-2.8885849968480906,-4.8236985,2.6036587011024936,-5.492243697950585,-0.3658502752560143
2023-02-25,-489.315,-1.683940160945745,-2.9325489814184533,-4.847094,2.616023118038966,-5.548572099457419,-0.3699619548923636
2023-02-26,-486.556,1.0978253798573234,-2.9748570166561814,-4.9798946,2.6272359754863235,-5.602092992142505,-0.3739694393697821
2023-02-27,-485.789,1.8874633372935108,-3.0155062761076685,-5.2245936,2.637294259649979,-5.652800535757647,-0.3778728343890982
2023-02-28,-487.841,-0.1420288160715583,-3.054495324948229,-5.5224338,2.6461955466936247,-5.700690871641854,-0.3816722721588911
2023-03-01,-487.826,-0.1050386304951072,-3.0918241097263337,-5.555474,2.6539380023614694,-5.745762112087803,-0.3853679096399469
2023-03-02,-484.931,2.811827283231283,-3.1274939466817373,-5.5416617,2.6605203812728586,-5.788014327954596,-0.388959926788417
2023-03-03,-482.884,4.880566339053098,-3.1615075086534987,-5.520493,2.6659420258909363,-5.827449534544435,-0.392448524800404
2023-03-04,-488.524,-0.7378398083301487,-3.1938688105954665,-5.651814,2.670202865167262,-5.8640716757627285,-0.3958339243606563
2023-03-05,-483.816,3.991622191780161,-3.2245831937183804,-5.8332424,2.673303412864392,-5.897886606582773,-0.3991163638980762
2023-03-06,-495.516,-7.687270309736013,-3.2536573082792164,-5.8506446,2.6752447655586558,-5.928902073837872,-0.4022960978506882
2023-03-07,-493.212,-5.3623058205360055,-3.281099095040008,-5.887668,2.676028600325443,-5.957127695365451,-0.4053733949427334
2023-03-08,-492.767,-4.896475907495394,-3.306917765419748,-5.991404,2.675657172109596,-5.982574937529344,-0.4083485364765006
2023-03-09,-489.998,-2.106404823223124,-3.331123780364502,-6.0698657,2.6741333107834766,-6.005257091147979,-0.4112218146415018
2023-03-10,-487.907,0.0055968182189631,-3.3537288279623017,-6.51986,2.6714604178956245,-6.025189245857926,-0.4139935308435444
2023-03-11,-490.608,-2.674661096746052,-3.374745799830702,-6.5309496,2.667642463112939,-6.042388262943641,-0.4166639940562454
2023-03-12,-492.997,-5.043086059672714,-3.39418876630636,-6.678866,2.662683980359513,-6.0568727466658725,-0.419233519197471
2023-03-13,-484.158,3.816411868580764,-3.412072950467228,-7.0259895,2.6565900636554085,-6.068663014122636,-0.4217024255331586
2023-03-14,-485.302,2.6926425744371367,-3.428414701019305,-7.5207305,2.649366362658771,-6.077781063678076,-0.4240710351109335
2023-03-15,-487.479,0.5353088384200722,-3.443231464081133,-7.540504,2.6410190779148515,-6.084250541995985,-0.4263396712258765
2023-03-16,-496.669,-8.634982399066239,-3.456541753900446,-7.437561,2.631554955815637,-6.088096709716083,-0.4285086569207579
2023-03-17,-493.687,-5.63343647862806,-3.4683651225385423,-7.3076067,2.6209812832739185,-6.089346405812461,-0.4305783135229964
2023-03-18,-492.209,-4.136055988699319,-3.478722128559136,-7.1603966,2.609305882115771,-6.088028010674908,-0.4325489592205443
2023-03-19,-491.593,-3.5008435177136725,-3.4876343047594704,-7.2315965,2.596537103195545,-6.084171407955015,-0.4344209076788405
2023-03-20,-490.689,-2.577796949004855,-3.4951241249826244,-7.2459044,2.5826838202376163,-6.077807945220241,-0.4361944667009171
2023-03-21,-491.359,-3.2289123941045426,-3.501214970050833,-7.1929708,2.567755423409237,-6.06897039346007,-0.4378699369326733
2023-03-22,-492.385,-4.235919698142567,-3.505931092860732,-7.148196,2.5517618126289974,-6.057692905489729,-0.4394476106152614
2023-03-23,-488.238,-0.069731621449987,-3.5092975826822315,-7.131577,2.534713390615483,-6.0440109732977145,-0.4409277703864739
2023-03-24,-489.91,-1.7227180185337234,-3.5113403287036986,-7.080759,2.5166210556808872,-6.027961384384586,-0.4423106881329311
2023-03-25,-492.266,-4.059685037130616,-3.512085982866865,-6.988956,2.497496194274415,-6.00958217714128,-0.4435966238947989
2023-03-26,-495.405,-7.179720160689013,-3.511561922035685,-6.8617835,2.477350673280436,-5.988912595316121,-0.4447858248247038
2023-03-27,-494.826,-6.581529114331681,-3.5097962095440702,-6.7350836,2.4561968320764853,-5.965993041620555,-0.4458785242024027
2023-03-28,-488.237,0.0267308080963231,-3.5068175561681088,-7.0826283,2.434047474356293,-5.940865030524402,-0.4468749405067199
2023-03-29,-487.091,1.191445265450907,-3.502655280568969,-7.1161695,2.410915859723138,-5.913571140292107,-0.4477752765461474
2023-03-30,-489.577,-1.275878787609872,-3.4973392692532497,-7.0324125,2.3868156950589268,-5.884154964312176,-0.4485797186494441
2023-03-31,-492.735,-4.415269591312112,-3.490899936098049,-6.953989,2.361761125674532,-5.852661061772581,-0.4492884359174643
2023-04-01,-490.945,-2.606646015134463,-3.483368181488489,-6.963344,2.335766726246961,-5.81913490773545,-0.4499015795373717
2023-04-02,-491.307,-2.9501643543657594,-3.4747753511157917,-6.938385,2.308847491549093,-5.783622842664885,-0.450419282160296
2023-04-03,-489.128,-0.7528439917989774,-3.4651531944843565,-6.9030647,2.2810188269777654,-5.746172021462122,-0.4508416573433963
2023-04-04,-493.201,-4.807687277230569,-3.454533823176608,-6.826424,2.252296538886116,-5.706830362062723,-0.4511687990572146
2023-04-05,-493.918,-5.506641854648038,-3.4429496689245367,-6.7324996,2.222696824726167,-5.665646493650703,-0.4514007812590912
2023-04-06,-492.268,-3.838586926289495,-3.430433441537097,-6.698259,2.1922362630077177,-5.622669704544815,-0.4515376575333317
2023-04-07,-492.778,-4.330685353924442,-3.4170180867326843,-6.852043,2.160931803079701,-5.577949889812386,-0.4515794607987153
2023-04-08,-491.855,-3.389950812639762,-3.4027367439260265,-6.7611055,2.1288007547402503,-5.531537498666276,-0.4515262030838369
2023-04-09,-494.647,-6.164385616330755,-3.387622704018755,-6.6869173,2.0958607776817924,-5.483483481700548,-0.4513778753706745
2023-04-10,-493.003,-4.502992078892686,-3.371709367242921,-6.628547,2.0621298707775617,-5.433839238020483,-0.4511344475066807
2023-04-11,-495.417,-6.899772514220518,-3.355030201106576,-6.654935,2.027626361215997,-5.382656562322572,-0.4507958681855967
2023-04-12,-494.014,-5.479400160022357,-3.337618698490386,-6.564465,1.992368893489566,-5.329987591979952,-0.4503620649970857
2023-04-13,-492.364,-3.811466482198136,-3.3195083359439894,-6.4616947,1.956376418244632,-5.275884754188621,-0.4498329445451835
2023-04-14,-496.715,-8.144684864167722,-3.300732532230564,-6.342488,1.919668180999007,-5.220400713229571,-0.4492083926354738
2023-04-15,-490.176,-1.5878235915447756,-3.281324607167684,-6.236896,1.88226371073396,-5.163588317901644,-0.4484882745307758
2023-04-16,-500.066,-11.460097495766512,-3.261317740812181,-6.163943,1.8441828083674383,-5.105500549179619,-0.4476724352750625
2023-04-17,-492.444,-3.820375260891786,-3.240744933036284,-6.157868,1.8054455351153773,-5.046190468151662,-0.4467607000851989
2023-04-18,-484.096,4.545197134879966,-3.2196389635417493,-6.1764545,1.766072200747973,-4.9857111642897225,-0.4457528748100119
2023-04-19,-494.428,-5.769541337281199,-3.198032352358196,-6.145389,1.7260833517478822,-4.924115704106078,-0.4446487464560983
2023-04-20,-497.658,-8.982289681436594,-3.175957320871224,-6.0754676,1.6854997593773549,-4.861457080248579,-0.443448083779682
2023-04-21,-501.483,-12.790065438965865,-3.1534457534251894,-6.003192,1.6443424076612982,-4.797788161086488,-0.442150637943729
2023-04-22,-495.552,-6.841738350836187,-3.130529159544868,-5.900318,1.6026324812934052,-4.733161640838273,-0.4407561432394516
2023-04-23,-491.218,-2.4905608130765966,-3.1072386368194027,-5.8375072,1.560391353472415,-4.667629990291818,-0.4392643178712123
2023-04-24,-492.856,-4.111534868430845,-3.083604834491134,-5.7606673,1.5176405736756795,-4.601245408166815,-0.437674864803768
2023-04-25,-490.144,-1.382651505496483,-3.05965791779106,-5.650001,1.4744018553772067,-4.534059773168266,-0.4359874726706942
2023-04-26,-495.545,-6.766924126526411,-3.0354275330617115,-5.562597,1.4306970637173857,-4.466124596779097,-0.4342018167427398
2023-04-27,-496.66,-7.865354772581942,-3.010942773707342,-5.4702015,1.3865482031316143,-4.397490976838958,-0.4323175599547716
2023-04-28,-495.165,-6.353945484724432,-2.986232147010207,-5.3546405,1.3419774049450914,-4.3282095519552986,-0.4303343539898863
2023-04-29,-495.792,-6.964382897910021,-2.961323541850765,-5.230167,1.2970069149410155,-4.25833045679178,-0.428251840419178
2023-04-30,-494.231,-5.386879271513172,-2.9362441973684734,-5.1388655,1.251659080909486,-4.187903278277959,-0.4260696518955708
2023-05-01,-494.398,-5.537211807220512,-2.911020672598712,-5.0833545,1.2059563401843694,-4.116977012783081,-0.4237874134000398
2023-05-02,-489.674,-0.7966602057366874,-2.885678817120198,-5.0911436,1.1599212071754388,-4.045600024295637,-0.4214047435384666
2023-05-03,-493.95,-5.056239962647914,-2.860243742746055,-5.0248466,1.1135762609030646,-3.97382000364912,-0.4189212558873013
2023-05-04,-490.205,-1.2949704757138054,-2.8347397962903766,-4.987061,1.0669441325427376,-3.901683928833114,-0.4163365603861231
2023-05-05,-491.594,-2.6678536703152416,-2.809190533440912,-5.003404,1.0200474929867296,-3.8292380264276416,-0.413650264775128
2023-05-06,-495.311,-6.368891471833261,-2.7836186937670786,-5.070957,0.9729090404301334,-3.756527734197212,-0.4108619760754884
2023-05-07,-492.717,-3.7589789180325353,-2.758046176891235,-5.019197,0.9255514879885568,-3.683597664879792,-0.4079713021104817
2023-05-08,-490.52,-1.5462219173553762,-2.732494019849656,-5.085528,0.8779975513547128,-3.610491571204369,-0.4049778530652013
2023-05-09,-491.619,-2.6296223793542253,-2.7069823756683107,-4.992367,0.8302699365011001,-3.537252312169411,-0.4018812430826131
2023-05-10,-493.777,-4.772182213581501,-2.681530493177019,-4.882679,0.7823913274359948,-3.463921820613014,-0.3986810918936663
2023-05-11,-495.833,-6.812903329589417,-2.656156698084116,-4.8009734,0.7343843740198938,-3.390541072104009,-0.3953770264790933
2023-05-12,-493.147,-4.111787636930256,-2.63087837533224,-4.7148232,0.6862716798495404,-3.3171500551817803,-0.3919686827605018
2023-05-13,-493.282,-4.231837045156506,-2.6057119527543087,-4.6270995,0.6380757902166362,-3.243787742970945,-0.3884557073183017
2023-05-14,-493.408,-4.343053463820397,-2.58067288604722,-4.51661,0.5898191801482615,-3.1704920661954814,-0.3848377591339587
2023-05-15,-493.764,-4.684438802474232,-2.555775645079224,-4.4096293,0.5415242425360265,-3.09729988761525,-0.381114511354038
2023-05-16,-493.042,-3.947605242748268,-2.531033701545315,-4.2846026,0.4932132763608911,-3.024246977906206,-0.3772856530734452
2023-05-17,-495.475,-6.365955188081616,-2.506459517983393,-4.1613464,0.4449084750205572,-2.9513679930039505,-0.3733508911352497
2023-05-18,-489.875,-0.7514904887100075,-2.4820645381623483,-4.0558667,0.396631914766259,-2.878696452928607,-0.369309951944426
2023-05-19,-501.061,-11.923212994869118,-2.457859178851496,-3.9506884,0.3484055432557357,-2.8062647221072314,-0.3651625832928383
2023-05-20,-492.326,-3.174124556794789,-2.4338528229792837,-3.839023,0.300251168229086,-2.7341039912083693,-0.3609085561927525
2023-05-21,-491.564,-2.398227024722684,-2.410053814187395,-3.7312233,0.252190446314136,-2.662244260501531,-0.3565476667161383
2023-05-22,-490.683,-1.5035222488884792,-2.3864694527848225,-3.65036,0.2042448719678887,-2.590714324752711,-0.3520797378370146
2023-05-23,-495.186,-5.993012079527937,-2.363105993104743,-3.5736678,0.1564357665605135,-2.5195417596652563,-0.3475046212740666
2023-05-24,-497.692,-8.485605867712403,-2.339968642265414,-3.488058,0.1087842676082925,-2.4487529098737064,-0.3428221993307518
2023-05-25,-493.786,-4.566400518067453,-2.3170615603345905,-3.3947008,0.0613113181618039,-2.3783728784963944,-0.3380323867301094
2023-05-26,-487.961,1.2716021332495229,-2.2943878618953555,-3.3150163,0.0140376563555677,-2.3084255182509232,-0.3331351324414759
2023-05-27,-487.664,1.5813077509168376,-2.27194961900951,-3.2444613,-0.0330161948747433,-2.2389334241347667,-0.328130421496316
2023-05-28,-488.494,0.7634198252448465,-2.2497478655730903,-3.1822832,-0.0798299379015121,-2.169917927671578,-0.3230182767903666
2023-05-29,-489.21,0.059325945738566,-2.227782603056895,-3.0947576,-0.1263835103348998,-2.101399092721995,-0.3177987608693211
2023-05-30,-492.176,-2.8947986248110733,-2.206052807623209,-3.0170958,-0.1726570947673004,-2.0333957128559086,-0.3124719776952651
2023-05-31,-487.58,1.7128828953106503,-2.1845564386083907,-2.9422085,-0.2186311283268349,-1.965925310281556,-0.3070380743911083
2023-06-01,-492.959,-3.654631380576104,-2.163290448359258,-2.8734505,-0.2642863120343346,-1.8990041363249237,-0.3014972429602604
2023-06-02,-491.133,-1.8173313794716772,-2.142250793409673,-2.8147235,-0.30960361995838,-1.8326471734512928,-0.2958497219788306
2023-06-03,-484.726,4.600769377255262,-2.1214324469820904,-2.7566009,-0.3545643081630803,-1.7668681388190102,-0.2900957982576478
2023-06-04,-491.496,-2.1583477796232,-2.100829412797314,-2.6947744,-0.3991499234434228,-1.7016794893538914,-0.2842358084714241
2023-06-05,-490.937,-1.588480951544414,-2.080434740174112,-2.6266756,-0.4433423118431521,-1.63709242833096,-0.2782701407524303
2023-06-06,-485.386,3.9733336619325,-2.060240540398821,-2.567884,-0.4871236269502759,-1.5731169134485457,-0.2721992362460619
2023-06-07,-487.192,2.177949544792161,-2.040238004343594,-2.5321271,-0.5304763379654466,-1.5097616663781477,-0.2660235906257436
2023-06-08,-486.697,2.683353805090784,-2.020417421310429,-2.4768178,-0.5733832375386015,-1.4470341837718277,-0.2597437555646291
2023-06-09,-492.854,-3.463232467177113,-2.000768199076685,-2.4511716,-0.6158274493694207,-1.3849407497072646,-0.2533603401616285
2023-06-10,-489.692,-0.2910160108858465,-1.98127888511638,-2.40937,-0.6577924355672892,-1.3234864495490908,-0.2468740123193214
2023-06-11,-487.303,2.10800136574552,-1.961937188970145,-2.3675616,-0.6992620037666242,-1.2626751852035207,-0.2402855000713806
2023-06-12,-485.722,3.699025774498621,-1.942730005735377,-2.3279154,-0.7402203139936021,-1.2025096917417746,-0.233595592857174
2023-06-13,-489.982,-0.551557456653138,-1.9236434406467835,-2.2689705,-0.7806518852804607,-1.1429915553663228,-0.2268051427412831
2023-06-14,-484.507,4.932660437392874,-1.9046628347162549,-2.2097461,-0.8205416020237442,-1.0841212326925107,-0.2199150655757267
2023-06-15,-492.395,-2.946501480668437,-1.8857727913997,-2.1404753,-0.8598747200830341,-1.0258980713166657,-0.2129263421027482
2023-06-16,-489.124,0.3333469158019376,-1.8669572042573293,-2.0933003,-0.8986368726168533,-0.9683203316404762,-0.2058400189960943
2023-06-17,-492.993,-3.5269890802121484,-1.848199285572642,-2.0423462,-0.9368140756526686,-0.9113852099199732,-0.1986572098387735
2023-06-18,-487.191,2.2837460769058486,-1.82948159589424,-2.0233676,-0.9743927333880444,-0.8550888625061953,-0.1913790960353662
2023-06-19,-489.33,0.1531023296064623,-1.8107860744635709,-2.0544536,-1.0113596432202216,-0.7994264312433492,-0.184006927657027
2023-06-20,-492.93,-3.4387380703342263,-1.792094070490571,-2.028514,-1.047702000501577,-0.7443920699889941,-0.176542024217403
2023-06-21,-493.039,-3.5397329264187407,-1.7733863752382089,-1.9812552,-1.0834074030186038,-0.689978972219605,-0.1689857753777611
2023-06-22,-494.2480000000001,-4.740926881385825,-1.7546432548760116,-1.9216326,-1.118463855192271,-0.6361793996837406,-0.1613396415797186
2023-06-23,-489.369,0.1458573483355301,-1.735844484061685,-1.8807395,-1.1528597719977758,-0.5829847120639091,-0.153605154604036
2023-06-24,-491.115,-1.5927240283588615,-1.7169693802091297,-1.8568344,-1.1865839826019713,-0.5303853976071582,-0.1457839180540386
2023-06-25,-491.714,-2.184509345478431,-1.6979968384003274,-1.8146024,-1.2196257337168688,-0.4783711046834586,-0.1378776077623006
2023-06-26,-498.353,-8.81650041455709,-1.6789053668977982,-1.7644756,-1.2519746926679087,-0.4269306742298895,-0.1298879721193401
2023-06-27,-484.645,4.898480051110408,-1.6596731232136586,-1.7124195,-1.2836209501758304,-0.3760521730378281,-0.1218168323231465
2023-06-28,-492.173,-2.622932903953392,-1.6402779506906142,-1.6629667,-1.3145550228512155,-0.3257229278393985,-0.1136660825484697
2023-06-29,-491.076,-1.5195570183193172,-1.6206974155496414,-1.6037709,-1.344767855400997,-0.2759295601486444,-0.1054376900348936
2023-06-30,-488.62,0.942605896478881,-1.6009088443585666,-1.5482808,-1.3742508225464043,-0.2266580218121621,-0.0971336950928085
2023-07-01,-492.713,-3.1445614968709266,-1.5808893618752349,-1.5019593,-1.402995730652074,-0.1778936312231607,-0.0887562110265066
2023-07-02,-493.235,-3.660850140675041,-1.5606159292185389,-1.4459972,-1.4309948190662267,-0.1296211101523121,-0.0803074239737191
2023-07-03,-493.898,-4.318304017394462,-1.5400653823201953,-1.3886981,-1.4582407611720687,-0.0818246211481266,-0.0717895926610155
2023-07-04,-491.879,-2.2935256182535624,-1.519214470609803,-1.3312128,-1.484726665150765,-0.0344878054590382,-0.0632050480745868
2023-07-05,-492.015,-2.4238471763153124,-1.4980398958854777,-1.2839352,-1.5104460744565524,0.0124061785710747,-0.0545561930460509
2023-07-06,-493.23,-3.6328300002361846,-1.476518351322115,-1.2434487,-1.5353929680048106,0.0588746166826956,-0.045845501752998
2023-07-07,-491.949,-2.346007994963676,-1.4546265605691808,-1.1972792,-1.5595617600740757,0.1049351995048948,-0.0370755191341286
2023-07-08,-488.404,1.205176385762749,-1.4323413168898365,-1.1498711,-1.5829472999232543,0.1506059830334178,-0.0282488602189168
2023-07-09,-491.766,-2.150670979350906,-1.4096395222931473,-1.1168478,-1.60554487112548,0.1959053488323328,-0.0193682093718502
2023-07-10,-491.277,-1.65551493277274,-1.3864982266111274,-1.0768396,-1.627350190620286,0.2408519640091584,-0.0104363194514106
2023-07-11,-492.223,-2.595259573016771,-1.3628946664724697,-1.0440634,-1.6483594074859904,0.2854647410135207,-0.001456010884041
2023-07-12,-493.012,-3.378147955149475,-1.338806304124902,-1.000769,-1.6685691014344075,0.3297627973095054,0.0075698293465155
2023-07-13,-486.34,3.300116288610968,-1.3142108660583085,-0.9620168,-1.6879762810302057,0.3737654149718974,0.0166382487940463
2023-07-14,-493.607,-3.960804725481744,-1.289086381381002,-0.91237754,-1.7065783816374678,0.4174920002564657,0.0257462307282772
2023-07-15,-490.173,-0.5209021569233465,-1.2634112199018035,-0.8686078,-1.7243732630962103,0.460962043194407,0.0348906953961812
2023-07-16,-491.678,-2.019807485922444,-1.2371641298709504,-0.83882076,-1.7413592071318489,0.5041950772608983,0.044068501365395
2023-07-17,-489.565,0.0993804836591596,-1.2103242753332666,-0.8229148,-1.7575349145007773,0.5472106391675107,0.0532764469488478
2023-07-18,-494.37,-4.699605310174978,-1.1828712730474682,-0.8003547,-1.7728995018754967,0.5900282288280285,0.0625112717096095
2023-07-19,-492.046,-2.3690741511975606,-1.1547852289260117,-0.7688024,-1.787452498472865,0.6326672695468534,0.0717696580448531
2023-07-20,-492.774,-3.0905149274836208,-1.1260467739504498,-0.73613274,-1.8011938424293206,0.6751470684788707,0.0810482328477379
2023-07-21,-492.862,-3.171678462201254,-1.096637099517883,-0.70797986,-1.8141238769270736,0.7174867774091911,0.0903435692459078
2023-07-22,-495.791,-6.093953178863738,-1.066537992174774,-0.66440743,-1.826243346075515,0.759705353900741,0.0996521884152048
2023-07-23,-494.752,-5.048201807347683,-1.0357318676951093,-0.63156605,-1.837553390552236,0.8018215228571268,0.1089705614671098
2023-07-24,-491.404,-1.6930694186616335,-1.004201804460679,-0.60672,-1.8480555430083092,0.8438537385476303,0.1182951114083057
2023-07-25,-490.561,-0.8430892218055923,-0.9719315761020512,-0.5998744,-1.8577517232426184,0.8858201471405672,0.1276222151706919
2023-07-26,-505.292,-15.56677283020973,-0.9389056833597276,-0.58459383,-1.8666442331502544,0.927738549790527,0.1369482057100596
2023-07-27,-493.528,-3.79477939145248,-0.9051093851258434,-0.55209166,-1.8747357514501493,0.969626366324306,0.1462693741715711
2023-07-28,-496.566,-6.824803403819685,-0.8705287286277823,-0.5047813,-1.8820293281973337,1.0115005995695514,0.1555819721200781
2023-07-29,-494.1710000000001,-4.421652799638373,-0.8351505787160718,-0.45722434,-1.8885283790853529,1.0533778003692809,0.1648822138332467
2023-07-30,-487.99,1.7676419925877611,-0.7989626462199836,-0.42251182,-1.894236679544559,1.0952740333245754,0.1741662786553573
2023-07-31,-489.946,-0.1803113076546393,-0.7619535153353677,-0.40140453,-1.8991583586421796,1.1372048433068116,0.1834303134095775
2023-08-01,-486.405,3.3687513319622795,-0.7241126700104016,-0.3778692,-1.9032978927902005,1.179185222779799,0.1926704348664206
2023-08-02,-486.367,3.4146728429686624,-0.6854305192960901,-0.357254,-1.906660099267287,1.221229579971197,0.2018827322660334
2023-08-03,-493.297,-3.5075957470243857,-0.6458984216296128,-0.3482605,-1.9092501295610973,1.2633517079314849,0.2110632698918746
2023-08-04,-493.071,-3.273288986537085,-0.6055087080198367,-0.34945074,-1.9110734625375163,1.3055647545176798,0.2202080896932829
2023-08-05,-487.88,1.9265300431548524,-0.5642547041056408,-0.34124994,-1.9121358974434504,1.3478811933378094,0.2293132139543637
2023-08-06,-492.69,-2.87475942574446,-0.5221307510590006,-0.3343588,-1.9124435467499936,1.3903127956909929,0.2383746480065505
2023-08-07,-489.3970000000001,0.4270024791949102,-0.4791322253061645,-0.32778096,-1.9120028288428852,1.432870603536721,0.2473883829821561
2023-08-08,-493.14200000000005,-3.309253439918636,-0.4352555570416233,-0.3288954,-1.9108204605673065,1.475564903525683,0.2563503986061442
2023-08-09,-496.189,-6.347585931103316,-0.3904982475110416,-0.32880977,-1.908903449634197,1.518405202123155,0.2652566660233154
2023-08-10,-485.175,4.67522698051637,-0.3448588850407073,-0.3202423,-1.906259086895373,1.5614002018546658,0.2741031506580457
2023-08-11,-486.091,3.7677503086210846,-0.2983371597925832,-0.30606925,-1.9028949384948384,1.604557778702255,0.2828858151036618
2023-08-12,-495.3,-5.432831865715576,-0.2509338772255313,-0.2795321,-1.8988188379037705,1.647884960678239,0.2916006220384949
2023-08-13,-488.222,1.6536600186127457,-0.2026509702447907,-0.25873396,-1.8940388778467907,1.691387907602,0.300243537165621
2023-08-14,-488.524,1.3600138417294387,-0.1534915100233603,-0.23053221,-1.8885634021271565,1.7350718921037962,0.3088105321732393
2023-08-15,-489.583,0.3090751186033305,-0.1034597154804673,-0.19976519,-1.8824009973586504,1.7789412818781831,0.3172975877126293
2023-08-16,-486.422,3.4782351005814363,-0.0525609614039194,-0.18042475,-1.8755604846119764,1.822999523208057,0.3257006963905723
2023-08-17,-491.352,-1.4437176111678096,-0.0008017852046998,-0.17174321,-1.868050910983547,1.8672491257788475,0.3340158657731195
2023-08-18,-490.23,-0.3133519673620267,0.0518101077062005,-0.15321712,-1.859881541094603,1.911691648800804,0.3422391213975417
2023-08-19,-488.213,1.7122926300604662,0.1052658399270995,-0.13407107,-1.8510618485286687,1.9563276884557683,0.3503665097892945
2023-08-20,-483.882,6.051827044075038,0.1595553594678841,-0.17388247,-1.8416015072153529,2.0011568666832367,0.3583941014808124
2023-08-21,-485.329,4.613250972647085,0.2146674385503193,-0.29568154,-1.8315103827685768,2.046177821318896,0.3663179940289232
2023-08-22,-489.933,0.0175641137423119,0.2705896738098863,-0.32385185,-1.820798523787322,2.0913881975972086,0.3741343150276771
2023-08-23,-486.958,3.0009343807386943,0.3273084879010214,-0.30522802,-1.8094761531269907,2.136784641028012,0.3818392251133834
2023-08-24,-489.508,0.4591978272604155,0.3848091325059145,-0.27184433,-1.7975536591495176,2.182362791655432,0.3894289209586254
2023-08-25,-488.476,1.4996545373620789,0.4430756927454189,-0.23873982,-1.785041586960329,2.228117279705748,0.3968996382520591
2023-08-26,-485.34,4.6440013176377954,0.5020910929889936,-0.19644026,-1.7719506296402945,2.274041722629288,0.4042476546607819
2023-08-27,-486.596,3.3962379362475668,0.5618371040588984,-0.15306894,-1.7582916194807252,2.320128723539624,0.4114692927720794
2023-08-28,-490.391,-0.3906358386488445,0.6222943518222996,-0.10896035,-1.7440755192295316,2.3663698710518317,0.4185609230113755
2023-08-29,-489.155,0.8536210002366387,0.6834423271632475,-0.08124697,-1.729313413356573,2.4127557405198203,0.4255189665332269
2023-08-30,-489.303,0.7138193969857077,0.7452593973249295,-0.06726163,-1.7140164993461846,2.459275896671114,0.4323398980822213
2023-08-31,-487.276,2.7489089019403097,0.8077228186109661,-0.07676834,-1.6981960790248471,2.505918897635813,0.4390202488206741
2023-09-01,-491.244,-1.2111115637439351,0.8708087504329103,-0.17302546,-1.6818635499319132,2.5526723003648235,0.4455566091200367
2023-09-02,-486.94,3.101012596996076,0.934492270689588,-0.23374873,-1.665030396741192,2.59952266743078,0.4519456313129821
2023-09-03,-491.616,-1.5669736455168892,0.998747392462292,-0.266758,-1.6477081827411684,2.6464555752034604,0.4581840324031414
2023-09-04,-484.97,5.087555359123743,1.063547082008372,-0.25953048,-1.6299085413815375,2.6934556233899096,0.4642685967295436
2023-09-05,-483.307,6.758964155355082,1.1288632780341714,-0.2427773,-1.6116431678936325,2.740506445927804,0.4701961785828212
2023-09-06,-496.417,-6.342747311591157,1.1946669122268463,-0.21254759,-1.5929238109922317,2.787590723219078,0.47596370477031
2023-09-07,-484.826,5.25651808878543,1.2609279310230552,-0.1680134,-1.5737622646661389,2.834690195689194,0.481568177127233
2023-09-08,-483.009,7.081665378390616,1.3276153185911292,-0.125681,-1.554170360064799,2.881785678655928,0.4870066749711816
2023-09-09,-490.043,0.0556945168769425,1.3946971210018648,-0.08638779,-1.5341599574880953,2.92885707848996,0.492276357497201
2023-09-10,-486.699,3.4080342811890296,1.4621404715617357,-0.055667724,-1.5137429384863377,2.9758834100480733,0.4973744661108316
2023-09-11,-491.325,-1.209743312882541,1.5299116172809484,-0.038516134,-1.4929311980773252,3.0228428153582736,0.5022983266965177
2023-09-12,-486.651,3.4724273175380733,1.5979759464474264,-0.027435448,-1.4717366370872178,3.069712583534644,0.5070453518188811
2023-09-13,-482.787,7.344480303193788,1.6662980172765671,-0.0061370414,-1.450171154621781,3.1164691718983484,0.5116130428544136
2023-09-14,-483.132,7.00741567791552,1.7348415876053165,0.017613592,-1.428246640674427,3.163088228279744,0.5159989920512238
2023-09-15,-484.023,6.124233475533916,1.8035696455979369,0.033243716,-1.405974968877307,3.209544614475244,0.5202008845145484
2023-09-16,-481.586,8.568933729879802,1.8724444414296184,0.055759877,-1.3833679894015067,3.255812430831125,0.5242165001158233
2023-09-17,-483.744,6.418516474783984,1.9414275199130209,0.07248021,-1.3604375220122544,3.301865041925275,0.5280437153231864
2023-09-18,-484.035,6.134981744077425,2.0104797540316426,0.09035876,-1.3371953492848252,3.347675103316468,0.5316805049513729
2023-09-19,-486.913,3.2643295715906384,2.079561379342991,0.11608034,-1.3136532099866538,3.3932145893296446,0.5351249438290528
2023-09-20,-484.975,5.209559991154733,2.148632029213394,0.13035898,-1.2898227926309496,3.438454821844344,0.5383752083817545
2023-09-21,-487.58,2.6116730366001937,2.2176507708454243,0.12765211,-1.2657157292069037,3.483366500052328,0.5414295781285955
2023-09-22,-485.503,4.69566874175813,2.28657614205796,0.12160123,-1.2413435890913669,3.5279197311493267,0.5442864370911623
2023-09-23,-487.492,2.713547140459245,2.355366188778027,0.124960974,-1.216717873146649,3.5720840619246763,0.5469442751129562
2023-09-24,-486.019,4.193308266534249,2.423978503202798,0.12331729,-1.1918500080088632,3.615828511211661,0.549401689087928
2023-09-25,-481.888,8.33095215381403,2.4923702625892803,-0.029753959,-1.166751340571005,3.659121603160285,0.5516573840967337
2023-09-26,-484.222,6.003478836129346,2.5604982686285944,-0.12929313,-1.141433132664737,3.701931401293331,0.5537101744494365
2023-09-27,-485.732,4.499888347311102,2.628318987361017,-0.16104105,-1.1159065559445696,3.7442255433055873,0.5555589846334844
2023-09-28,-481.789,8.449180721189895,2.69578858958735,-0.15481654,-1.0901826869779192,3.785971276565269,0.5572028501659094
2023-09-29,-483.439,6.805355991596825,2.762862991731654,-0.18721917,-1.064272502544237,3.8271354942758906,0.5586409183487878
2023-09-30,-480.751,9.499414192362504,2.829497897109864,-0.24255916,-1.0381868751461916,3.867684772256056,0.55987244892712
2023-10-01,-485.073,5.183355357317786,2.895648837558289,-0.25734904,-1.0119365687355657,3.907585406293855,0.5608968146483947
2023-10-02,-484.87,5.392179520293384,2.9612712153757084,-0.2692204,-0.985532234656326,3.9468034500320335,0.5617135017232092
2023-10-03,-484.201,6.066886715120305,3.0263203455323278,-0.30143568,-0.9589844078070094,3.985304753339337,0.5623221101864353
2023-10-04,-483.001,7.272476975629068,3.0907514980986224,-0.2793747,-0.9323035030243336,4.023055001122956,0.5627223541585253
2023-10-05,-488.791,1.4879503356507469,3.154519940846862,-0.26679337,-0.9054998116896296,4.060019752536491,0.56291406200668
2023-10-06,-489.92,0.3643068290160434,3.2175809819778847,-0.23974012,-0.8785834985594622,4.096164480537347,0.562897176405683
2023-10-07,-482.406,7.883686206337202,3.279890012925633,-0.2031219,-0.8515645988214833,4.131454611747117,0.5626717542983624
2023-10-08,-485.497,4.797949325112624,3.341402551191826,-0.16660334,-0.8244530153763086,4.165855566568134,0.5622379667557126
2023-10-09,-488.026,2.274096240107649,3.4020742831631954,-0.236465,-0.7972585163459216,4.199332799509117,0.5615960987368516
2023-10-10,-479.966,10.339127006087804,3.46186110686369,-0.3536915,-0.7699907328088184,4.231851839672509,0.5607465487490861
2023-10-11,-479.773,10.537041677818388,3.520719174594233,-0.44271186,-0.742659156761833,4.263378331356066,0.5596898284084827
2023-10-12,-483.961,6.353840310065037,3.5786049354126663,-0.45230526,-0.7152731393082892,4.293878074720956,0.5584265619014354
2023-10-13,-486.175,4.14452295759286,3.635475177406868,-0.45176002,-0.687841889071849,4.323317066478717,0.5569574853478662
2023-10-14,-482.292,8.032089675167553,3.6912870697141353,-0.43639216,-0.6603744708351337,4.351661540549269,0.5552834460667654
2023-10-15,-484.232,6.096540517554474,3.7459982042403808,-0.4127175,-0.632879804401917,4.378878008642298,0.5534054017449239
2023-10-16,-484.176,6.156875539518949,3.79956663703298,-0.52256775,-0.6053666636814037,4.404933300714383,0.5513244195097987
2023-10-17,-482.002,8.335094795826532,3.851950929261595,-0.5165031,-0.5778436759928228,4.429794605254418,0.549041674907574
2023-10-18,-486.323,4.018198341242592,3.903110187761736,-0.5127532,-0.5503193215882893,4.453429509350025,0.5465584507875727
2023-10-19,-486.105,4.240186230532549,3.95300410509636,-0.4918061,-0.5228019333915974,4.475806038487957,0.5438761360942984
2023-10-20,-484.824,5.525058518461885,4.001592999091469,-0.45061103,-0.4952996969503491,4.496892696041818,0.5409962245684751
2023-10-21,-482.747,7.605815259795974,4.048837851802166,-0.41684997,-0.4678206505985331,4.516658502400699,0.5379203133585656
2023-10-22,-488.915,1.4414565093001863,4.094700347866487,-0.47712997,-0.4403726858263997,4.535073033692887,0.534650101544347
2023-10-23,-484.814,5.54598232173996,4.139142912204898,-0.47497594,-0.4129635478542156,4.552106460059114,0.5311873885742182
2023-10-24,-486.211,4.152392751880895,4.182128747024275,-0.4824383,-0.3856008364062164,4.567729583430491,0.5275340726180199
2023-10-25,-486.654,3.7126284328039527,4.223621868085919,-0.5997805,-0.3582920066808003,4.58191387476672,0.5236921488372308
2023-10-26,-493.061,-2.691288128308777,4.263587140198115,-0.60355556,-0.331044370512775,4.59463151071089,0.5196637075745093
2023-10-27,-490.83,-0.4564617645558896,4.301990311894584,-0.57782364,-0.3038650977231899,4.6058554096177735,0.5154509324646337
2023-10-28,-492.729,-2.351645667129814,4.338798049261266,-0.5502703,-0.276761217652064,4.61555926691333,0.5110560984689765
2023-10-29,-495.811,-5.429745809377393,4.373977968874761,-0.52857596,-0.2497396208690568,4.623717589743817,0.5064815698357533
2023-10-30,-491.951,-1.5658107187560444,4.407498669816916,-0.5000219,-0.2228070610569055,4.630305730873822,0.5017297979883404
2023-10-31,-486.219,4.170336363725972,4.439329764731074,-0.4629354,-0.1959701570622217,4.635299921793296,0.4968033193440697
2023-11-01,-490.363,0.0304056858341999,4.469441909886665,-0.42447552,-0.1692353951080051,4.638677304994671,0.4917047530659554
2023-11-02,-490.069,0.3285803874826705,4.497806834220025,-0.5124538,-0.1426091311620309,4.640415965382056,0.4864367987498991
2023-11-03,-489.432,0.9697526618475644,4.524397367320451,-0.5001928,-0.1160975934550396,4.640494960775491,0.4810022340499914
2023-11-04,-489.532,0.8738439249398535,4.549187466331854,-0.5671069,-0.0897068851424679,4.638894351474322,0.4754039122445869
2023-11-05,-480.761,9.648854482842657,4.572152241741568,-0.66294515,-0.0634429871032488,4.635595228844817,0.4696447597458975
2023-11-06,-479.363,11.0507846416386,4.593267982029255,-1.0221109,-0.0373117608690428,4.630579742898298,0.4637277735559201
2023-11-07,-488.641,1.7766347074105215,4.612512177150082,-1.0678895,-0.0113189516770505,4.623831128827132,0.457656018671556
2023-11-08,-491.95,-1.5285950137586,4.629863540827868,-1.06041,0.0145298083605862,4.615333732467282,0.451432625441852
2023-11-09,-488.115,2.31014420456899,4.645302031635151,-1.0588493,0.0402289969779734,4.605073034657178,0.4450607868803243
2023-11-10,-485.599,4.829742880218102,4.658808872838635,-1.0712074,0.0657731983745612,4.5930356744640735,0.4385437559354003
2023-11-11,-484.777,5.655265741708604,4.670366570989886,-1.1022664,0.091157099739623,4.579209471250263,0.4318848427220231
2023-11-12,-487.779,2.6567130927533964,4.679958933242653,-1.0990413,0.1163754876897255,4.563583445552927,0.4250874117175431
2023-11-13,-486.491,3.9480852370651807,4.687571083379607,-1.1484846,0.1414232446269228,4.546147838752684,0.4181548789250184
2023-11-14,-488.621,1.8213824783567123,4.69318947653288,-1.2027721,0.1662953450255267,4.526894131507353,0.4110907090071094
2023-11-15,-480.482,9.963605120340958,4.696801912584246,-1.2128702,0.1909868516554194,4.5058150609288266,0.4038984123937665
2023-11-16,-483.493,6.9557534667305445,4.698397548232366,-1.246873,0.2154929117499606,4.482904636482405,0.3965815423669321
2023-11-17,-491.567,-1.1152205991167807,4.697966907716024,-1.2324685,0.2398087531266376,4.458158154589387,0.3891436921255131
2023-11-18,-484.33,6.12473033109618,4.695501892183889,-1.4429369,0.2639296802686853,4.431572211915204,0.3815884918338821
2023-11-19,-486.833,3.624606553911981,4.6909957877028665,-1.5960306,0.2878510703759561,4.40314471732691,0.3739196056571854
2023-11-20,-488.209,2.251408365872955,4.684443271898734,-1.5717067,0.3115683693933994,4.372874902505334,0.3661407287867511
2023-11-21,-492.812,-2.3488788035374566,4.675840419224226,-1.5638504,0.3350770880255158,4.34076333119871,0.3582555844588814
2023-11-22,-492.774,-2.30822532765528,4.665184704851491,-1.5477121,0.3583727977452428,4.3068119071062485,0.3502679209703222
2023-11-23,-485.959,4.509465728826404,4.652475007187235,-1.5249085,0.3814511268056867,4.271023880381548,0.3421815086937098
2023-11-24,-487.696,2.775083142598372,4.63771160901062,-1.4891005,0.4043077562631714,4.233403852747449,0.3340001370962633
2023-11-25,-491.366,-0.8924354567596553,4.620896197235446,-1.4525359,0.4269384160200677,4.193957781215378,0.3257276117650086
2023-11-26,-491.079,-0.603025340727539,4.6020318612997935,-1.4170477,0.4493388808958293,4.152692980403964,0.3173677514417795
2023-11-27,-488.501,1.9774260954124856,4.581123090187845,-1.3856826,0.4715049667346768,4.109618123453168,0.3089243850712443
2023-11-28,-487.881,2.599743787398456,4.55817576809018,-1.35735,0.4934325265583126,4.064743241531867,0.3004013488651644
2023-11-29,-486.32,4.162851583607699,4.533197168710393,-1.339816,0.5151174467719917,4.018079721938401,0.2918024833860823
2023-11-30,-484.711,5.77385441152609,4.506195948227386,-1.3900102,0.5365556434322655,3.9696403047951208,0.28313163065359
2023-12-01,-479.624,10.862734411545908,4.477182136924292,-1.496042,0.5577430585845837,3.919439078339708,0.2743926312763042
2023-12-02,-488.203,2.285514319588268,4.446167129496415,-1.7342916,0.5786756566789039,3.867491472817512,0.2655893216126361
2023-12-03,-481.707,8.783037380108121,4.4131636740521305,-2.1245189,0.59934942107135,3.8138142529807806,0.2567255309633947
2023-12-04,-486.158,4.333499087358223,4.378185859822103,-2.1710243,0.6197603506198562,3.7584255092022474,0.247805078799226
2023-12-05,-478.795,11.697739704044174,4.341249103593706,-2.2162828,0.6399044563816239,3.701344647212083,0.238831772025832
2023-12-06,-479.895,10.59876705723036,4.302370134888888,-2.4163063,0.6597777584200821,3.642592376468806,0.2298094022898651
2023-12-07,-491.373,-0.8782499988985398,4.26156697990518,-2.6350646,0.6793762827289241,3.582190697176256,0.2207417433283449
2023-12-08,-485.825,4.670937018241575,4.218858944240908,-2.6235337,0.6986960582806179,3.52016288596029,0.2116325483643607
2023-12-09,-494.355,-3.858065867511237,4.174266594427009,-2.613859,0.7177331142066509,3.4565334802203584,0.2024855475517927
2023-12-10,-493.328,-2.8300801376422253,4.127811738289216,-2.648966,0.7364834771165896,3.3913282611726263,0.1933044454716866
2023-12-11,-485.035,5.463915230680618,4.079517404165608,-2.6333084,0.7549431685628509,3.324574235602757,0.1840929186828686
2023-12-12,-485.921,4.5787524822054495,4.029407819005836,-2.60938,0.7731082026578913,3.2562996163479445,0.174854613329305
2023-12-13,-485.572,4.928439745703564,3.977508385379531,-2.5889192,0.7909745838503267,3.1865338015292046,0.165593142806635
2023-12-14,-481.229,9.27196406755044,3.9238456574225977,-2.5618653,0.8085383048662668,3.115307352556331,0.1563120854902308
2023-12-15,-491.58,-1.0786866468509169,3.8684473157512502,-2.5241883,0.8257953448219378,3.0426519709293127,0.1470149825270494
2023-12-16,-492.833,-2.331131613204529,3.811342141374764,-2.482264,0.842741667513432,2.968600473861332,0.137705335693466
2023-12-17,-491.264,-0.7610202064508165,3.752559988638977,-2.476115,0.8593732198891807,2.8931867687497963,0.1283866053211816
2023-12-18,-483.324,7.180172046972153,3.692131757233658,-2.618313,0.8756859307104822,2.8164458265231755,0.1190622082932203
2023-12-19,-479.788,10.717057315122284,3.630089363297764,-2.9426508,0.8916757094051874,2.7384136538925765,0.1097355161119173
2023-12-20,-490.409,0.0968493213663455,3.566465709657656,-3.0743532,0.9073384451193436,2.659127264538312,0.1004098530407368
2023-12-21,-492.561,-2.054341618827834,3.5012946552341684,-3.044531,0.9226700059713344,2.578624649262834,0.091088494321628
2023-12-22,-491.995,-1.4874411777152616,3.4346109836553578,-3.0472238,0.9376662385127672,2.4969447451425903,0.0817746644695557
2023-12-23,-487.137,3.3714900733728004,3.366450371112486,-3.0332587,0.952322967400068,2.414127403712418,0.0724715356457246
2023-12-24,-490.004,0.5052983209959259,3.296849353497648,-3.0269308,0.9666359952804308,2.3302133582172173,0.0631822261109195
2023-12-25,-490.779,-0.2692582965627944,3.2258452928621164,-3.040687,0.9806011028954704,2.245244189966646,0.0539097987602835
2023-12-26,-485.639,4.8712895584031335,3.1534763432351505,-3.0510473,0.9942140494056122,2.1592622938295385,0.0446572597407418
2023-12-27,-487.356,3.154867417334294,3.079781415843667,-3.2160592,1.0074705729379174,2.072310842905749,0.035427557152179
2023-12-28,-489.895,0.6164779500299683,3.004800143773698,-3.244594,1.0203663913597334,1.9844337524139648,0.0262235798333651
2023-12-29,-485.844,4.667827759967457,2.928572846115128,-3.3646913,1.0328972032802046,1.8956756428349235,0.0170481562335162
2023-12-30,-489.54,0.9721201403239506,2.851140491631607,-3.4631932,1.0450586892813531,1.8060818023502536,0.0079040533702674
2023-12-31,-496.364,-5.851636121279716,2.772544661998022,-3.4196517,1.0568465133800913,1.7156981486179308,-0.0012060241252769
