date,gps_raw_up_mm,gps_detrended_mm,gps_seasonal_mm,hydl_original_up_mm,hydl_seasonal_mm,gps_minus_hydl_mm,poroelastic_mm
2021-01-01,289.074,2.761865921903646,0.2047207170992011,-2.0168426,1.0632289058740507,-0.8585081887748496,0.4273907307599374
2021-01-02,293.511,7.19135657142856,0.0694424941043806,-2.122865,1.1247029110735205,-1.0552604169691395,0.3932534982624032
2021-01-03,284.976,-1.3511647340863446,-0.065251332420131,-2.2741425,1.185886964623909,-1.25113829704404,0.3588872198555753
2021-01-04,281.089,-5.245919035488351,-0.1992878469933421,-2.6693926,1.2467561474843054,-1.4460439944776475,0.3243044036063705
2021-01-05,287.333,0.9906539547505916,-0.3325952247366384,-2.6635857,1.307285618631941,-1.6398808433685794,0.2895177090063785
2021-01-06,294.514,8.16401079275903,-0.4651027890163861,-2.8269558,1.367450628753195,-1.832553417769581,0.2545399406527214
2021-01-07,286.635,0.2772735705333407,-0.5967410675360224,-2.7986846,1.427226533888918,-2.0239676014249404,0.2193840418153939
2021-01-08,279.786,-6.579256365038478,-0.7274418468204518,-2.9436443,1.4865888090235322,-2.214030655843984,0.1840630878961158
2021-01-09,283.56199999999995,-2.810456824463139,-0.8571382250376051,-2.8865433,1.5455130616074435,-2.4026512866450487,0.1485902797837333
2021-01-10,283.61,-2.7695689389304583,-0.985764663104204,-2.9070227,1.603975045002392,-2.589739708106596,0.1129789371113229
2021-01-11,281.342,-5.0445911899106655,-1.1132570340247985,-2.877803,1.6619506718394217,-2.77520770586422,0.0772424914202557
2021-01-12,291.942,5.5484779411262295,-1.2395526704154918,-3.0821092,1.7194160272793193,-2.958968697694811,0.0413944792365014
2021-01-13,286.525,0.1244011840774796,-1.3645904101660014,-3.292582,1.776347382165402,-3.1409377923314032,0.005448535064554
2021-01-14,281.87800000000004,-4.529638425471711,-1.4883106401959982,-3.2156227,1.832721206058728,-3.3210318462547264,-0.0305816156955872
2021-01-15,283.552,-2.862341324766957,-1.6106553382640871,-3.1722434,1.8885141801458736,-3.499169518409961,-0.0666821639028806
2021-01-16,284.632,-1.78894688986664,-1.7315681127902185,-3.100573,1.9437032100096228,-3.675271322799841,-0.1028392238956278
2021-01-17,284.298,-2.129467857971723,-1.8509942406547075,-3.0364535,1.9982654382529887,-3.849259678907696,-0.1390388407721632
2021-01-18,285.46,-0.9738914546662798,-1.9688807029396735,-2.9639556,2.052178256967237,-4.02105895990691,-0.1752669977262713
2021-01-19,288.92,2.479603357878913,-2.0851762185810983,-2.9130197,2.1054193200346507,-4.190595538615749,-0.2115096234316102
2021-01-20,284.96700000000004,-1.480027423309938,-2.1998312759024103,-2.8491342,2.1579665552570373,-4.357797831159448,-0.2477525994695135
2021-01-21,284.081,-2.372732219212112,-2.312798162003014,-2.799688,2.209798176301096,-4.52259633830411,-0.2839817677944138
2021-01-22,288.355,1.894651710739134,-2.424030989977845,-2.7987132,2.260892694452013,-4.684923684429858,-0.3201829382312021
2021-01-23,287.119,0.6521240246826481,-2.5334857239467112,-2.7623293,2.311228930166799,-4.84471465411351,-0.3563418959987554
2021-01-24,284.853,-1.6206872345865098,-2.64112020187479,-2.8199873,2.360786024419137,-5.001906226293928,-0.3924444092539205
2021-01-25,289.954,3.473793662919274,-2.746894156168409,-2.866911,2.409543449827692,-5.156437605996102,-0.4284762366501847
2021-01-26,285.215,-1.2722714782090283,-2.8507692320329125,-2.8970387,2.457481021560072,-5.308250253592984,-0.4644231349053411
2021-01-27,282.928,-3.56630787976949,-2.952709003582103,-3.443605,2.504578908004866,-5.457287911586969,-0.5002708663723799
2021-01-28,286.188,-0.3132708771585368,-3.05267898769154,-3.7008452,2.550817641204385,-5.603496628895925,-0.536005206607953
2021-01-29,287.016,0.5076993606746996,-3.1506466555906423,-3.7283292,2.596178127041044,-5.746824782631686,-0.5716119519326989
2021-01-30,288.565,2.049718661927868,-3.246581442191287,-3.7426147,2.640641655170465,-5.887223097361752,-0.6070769269777897
2021-01-31,277.734,-8.788535988683044,-3.3404547531533413,-3.9347215,2.68418990869478,-6.024644661848121,-0.6423859922120915
2021-02-01,271.61400000000003,-14.915713059517008,-3.432239969690252,-4.111347,2.7268049735696973,-6.159044943259949,-0.6775250514443588
2021-02-02,283.027,-3.5098113335830385,-3.5219124511205604,-4.312717,2.768469347739352,-6.290381798859912,-0.7124800592949219
2021-02-03,274.63,-11.9138295938896,-3.6094495351738662,-4.421421,2.8091659499930364,-6.418615485166903,-0.7472370286314125
2021-02-04,284.087,-2.463766623445598,-3.6948305360624847,-4.3437347,2.8488781285383533,-6.543708664600838,-0.7817820379630778
2021-02-05,278.543,-8.014621205259676,-3.7780367403326887,-4.277437,2.887589669285492,-6.665626409618181,-0.8161012387883337
2021-02-06,283.454,-3.1103921223405413,-3.859051400512061,-4.2009335,2.925284803837673,-6.784336204349733,-0.8501808628902582
2021-02-07,284.991,-1.5800781576970486,-3.937859726572103,-4.1234884,2.9619482171830582,-6.899807943755161,-0.8840072295747953
2021-02-08,287.363,0.7853219056622482,-4.01444887522782,-4.034136,2.997565055083754,-7.012013930311573,-0.9175667528464988
2021-02-09,284.964,-1.6203601915247725,-4.088807937098619,-3.937913,3.0321209311577664,-7.120928868256385,-0.950845948516786
2021-02-10,280.507,-6.083952209334264,-4.16092792175724,-3.8507001,3.065601933650133,-7.226529855407374,-0.9838314412396674
2021-02-11,284.14,-2.4574529563339005,-4.230801740696093,-4.004187,3.0979946318896814,-7.328796372585774,-1.0165099714700612
2021-02-12,282.221,-4.382861241091441,-4.298424188242688,-4.0920215,3.1292860824282256,-7.4277102706709135,-1.0488684023399135
2021-02-13,282.882,-3.728175872174524,-4.363791920458286,-4.396635,3.159463834859271,-7.523255755317557,-1.0808937264473677
2021-02-14,283.466,-3.1503956581509467,-4.426903432056258,-4.441744,3.188515937313607,-7.615419369369865,-1.1125730725544145
2021-02-15,280.617,-6.00551940758835,-4.487759031378946,-4.6041946,3.216430941629484,-7.70418997300843,-1.143893712188475
2021-02-16,288.045,1.4165663375843291,-4.546360813474024,-4.5626774,3.243197908195369,-7.789558721669393,-1.1748430661435711
2021-02-17,280.69,-5.944300623418986,-4.602712631313609,-4.4835014,3.268806410463551,-7.87151904177716,-1.2054087108767255
2021-02-18,277.86499999999995,-8.774834505917884,-4.656820065201474,-4.4683256,3.293246539133212,-7.950066604334686,-1.2355783847955095
2021-02-19,283.822,-2.8232785360145813,-4.70869039041582,-4.5950747,3.3165089060018444,-8.025199296417664,-1.2653399944325978
2021-02-20,281.006,-5.644631476099843,-4.7583325431370325,-4.727354,3.33858464748424,-8.096917190621273,-1.294681620503475
2021-02-21,277.455,-9.200876962367529,-4.805757084711858,-4.6882257,3.359465427798493,-8.16522251251035,-1.3235915238434313
2021-02-22,281.277,-5.383846430246593,-4.850976164307265,-4.6438394,3.3791434418188917,-8.230119606126156,-1.3520581512202057
2021-02-23,276.311,-10.354619628101457,-4.894003480009118,-4.5740614,3.397611417595716,-8.291614897604834,-1.3800701410187215
2021-02-24,275.893,-10.7772991219606,-4.9348542384225,-4.48815,3.4148626185423883,-8.34971685696489,-1.4076163287944834
2021-02-25,283.333,-3.3418314340219637,-4.97354511283217,-4.43273,3.430890845290609,-8.404435958122779,-1.4346857526923709
2021-02-26,279.897,-6.782248658305364,-5.010094199983336,-4.398622,3.445690437214492,-8.455784637197828,-1.4612676587276865
2021-02-27,297.838,11.15442311241908,-5.044520975544278,-4.330268,3.459256273624912,-8.50377724916919,-1.4873515059264522
2021-02-28,285.629,-1.058886628327375,-5.076846248313961,-4.2635083,3.4715837746356417,-8.548430022949603,-1.512926971322072
2021-03-01,282.556,-4.136747246840089,-5.107092113239014,-4.1773443,3.482668901703058,-8.589761014942072,-1.5379839548056844
2021-03-02,287.761,1.0634656163249132,-5.135281903305785,-4.0867224,3.492508157841543,-8.627790061147328,-1.5625125838275733
2021-03-03,287.825,1.1226257401132826,-5.16144014037434,-3.999111,3.5010985875169194,-8.66253872789126,-1.586503217947253
2021-03-04,289.669,2.9617737724138977,-5.185592485022428,-3.9175074,3.508437776220565,-8.694030261242993,-1.609946453229917
2021-03-05,279.023,-7.689391224800846,-5.2077656854683765,-3.9532578,3.5145238497270763,-8.722289535195452,-1.632833126487129
2021-03-06,284.76,-1.9574927630471477,-5.227987525642907,-4.156937,3.519355473038661,-8.747342998681567,-1.655154319359739
2021-03-07,283.461,-3.26152973853966,-5.246286772480597,-4.0952425,3.522931849019616,-8.769218621500213,-1.676901362241224
2021-03-08,276.896,-9.8315010474933,-5.262693122502588,-4.06599,3.52525271672457,-8.787945839227158,-1.698065838039735
2021-03-09,275.961,-10.771405586122842,-5.277237147762681,-4.1158285,3.526318349424346,-8.803555497187027,-1.7186395857773136
2021-03-10,280.968,-5.76924225064317,-5.289950241229628,-4.175584,3.526129552333576,-8.816079793563205,-1.7386147040248865
2021-03-11,281.578,-5.163983286865781,-5.300864561678869,-4.122372,3.5246876600443984,-8.825552221723267,-1.7579835541718185
2021-03-12,280.068,-6.678654977607811,-5.310012978167331,-4.0453143,3.5219945336708083,-8.832007511838139,-1.7767387635288794
2021-03-13,275.983,-10.768191021829209,-5.317429014165254,-3.9888985,3.5180525577084265,-8.83548157187368,-1.79487322826374
2021-03-14,281.446,-5.309360000491265,-5.323146791419169,-4.1339493,3.5128646366146823,-8.836011428033851,-1.812380116168164
2021-03-15,271.02700000000004,-15.73226216698065,-5.327200973620282,-4.226599,3.5064341911145704,-8.833635164734853,-1.8292528692562493
2021-03-16,285.486,-1.27703295659241,-5.329626709952527,-4.1557217,3.4987651542373883,-8.828391864189916,-1.845485206193256
2021-03-17,283.656,-3.111016849865186,-5.330459578594495,-4.086413,3.489861967089969,-8.820321545684465,-1.8610711245546077
2021-03-18,285.54,-1.2309495264361678,-5.32973553024924,-4.1802564,3.479729574372177,-8.809465104621417,-1.876004902914897
2021-03-19,285.001,-1.7739923984604178,-5.327490831775749,-4.235827,3.468373419640562,-8.795864251416312,-1.8902811027668285
2021-03-20,276.317,-10.461986141301272,-5.323762009995464,-4.21231,3.45579944032622,-8.779561450321683,-1.9038945702701469
2021-03-21,277.521,-9.261925987326954,-5.318585795746867,-4.1321483,3.442014062513092,-8.760599858259958,-1.9168404378307824
2021-03-22,280.13300000000004,-6.653686119369122,-5.311999068260496,-4.115871,3.427024195483067,-8.739023263743563,-1.9291141255105828
2021-03-23,278.468,-8.322397345606083,-5.304038799926271,-4.0651,3.4108372260343605,-8.714876025960631,-1.9407113422680848
2021-03-24,277.479,-9.315058504846755,-5.294742001524174,-4.0270863,3.393461012579828,-8.688203014104001,-1.9516280870309783
2021-03-25,282.408,-4.389668435899793,-5.284145667988617,-4.006246,3.3749038790319195,-8.659049547020537,-1.9618606496010167
2021-03-26,280.729,-6.072077443225595,-5.2722867247758805,-3.9384818,3.355174608481169,-8.627461333257049,-1.971405611392248
2021-03-27,279.217,-7.587437003140337,-5.259201974903058,-3.8603957,3.334282436675135,-8.593484411578192,-1.9802598460035887
2021-03-28,282.687,-4.120566156033731,-5.244928046725907,-3.8046577,3.3122370453048737,-8.55716509203078,-1.988420519626884
2021-03-29,281.033,-5.777549337679888,-5.229501342521806,-3.7380254,3.2890485551060618,-8.518549897627867,-1.995885091291706
2021-03-30,279.945,-6.868484581521415,-5.212957987942851,-3.648654,3.2647275187819758,-8.477685506724827,-2.0026513129482915
2021-03-31,283.949,-2.8673733495859497,-5.195333782402785,-3.5638616,3.2392849137556103,-8.434618696158395,-2.008717229390081
2021-04-01,286.511,-0.3081216863436418,-5.176664150460108,-3.475719,3.2127321347582773,-8.389396285218385,-2.0140811780175216
2021-04-02,282.084,-4.737581364911159,-5.1569840942582,-3.3839002,3.1850809862620304,-8.34206508052023,-2.018741788444803
2021-04-03,283.80100000000004,-3.023006494889932,-5.136328147081842,-3.308381,3.156343674763395,-8.292671821845236,-2.0226979819513997
2021-04-04,276.545,-10.28139579816757,-5.114730328087805,-3.2273264,3.1265328009257938,-8.241263129013598,-2.0259489707803326
2021-04-05,280.797,-6.031275174085174,-5.092224098265629,-3.1537418,3.0956613515882005,-8.18788544985383,-2.028494257285199
2021-04-06,281.45300000000003,-5.37681426828669,-5.068842317682851,-3.0834384,3.063742691647461,-8.132585009330313,-2.0303336329280763
2021-04-07,283.319,-3.512229088274308,-5.044617204067218,-3.045736,3.0307905558218238,-8.07540775988904,-2.031467177130573
2021-04-08,284.40700000000004,-2.425620933807508,-5.019580292776473,-3.0112033,2.9968190403031225,-8.016399333079596,-2.0318952559803054
2021-04-09,280.773,-6.060988392140974,-4.99376239820447,-2.9669204,2.961842594305129,-7.955604992509599,-2.031618520795206
2021-04-10,285.173,-1.6623300505290564,-4.967193576670244,-2.9223747,2.9258760115155087,-7.893069588185753,-2.030637906548197
2021-04-11,280.055,-6.781634250562624,-4.939903090834748,-2.8519964,2.8889344214588286,-7.828837512293576,-2.0289546301547343
2021-04-12,289.498,2.6602758434273825,-4.911919375687742,-2.7884955,2.8510332807779726,-7.762952656465715,-2.0265701886259104
2021-04-13,287.049,0.2100943756403079,-4.88327000614528,-2.7345223,2.81218836444137,-7.69545837058665,-2.023486357089816
2021-04-14,281.115,-5.725381545930258,-4.853981666295931,-2.6898458,2.77241575688326,-7.626397423179192,-2.019705186683937
2021-04-15,283.594,-3.2478417605685226,-4.824080120331691,-2.6340275,2.7317318430842867,-7.5558119634159775,-2.015229002321447
2021-04-16,287.723,0.879837093478717,-4.793590185197236,-2.5678642,2.690153299599532,-7.483743484796768,-2.010060400334306
2021-04-17,287.023,0.178391086588781,-4.762535704988802,-2.4868824,2.6476970855411306,-7.410232790529933,-2.00420224599611
2021-04-18,286.782,-0.0640787733774428,-4.730939527131653,-2.4088988,2.6043804335224072,-7.3353199606540604,-1.997657670927726
2021-04-19,284.969,-1.8785290598498268,-4.69882348036267,-2.3377154,2.560220840570505,-7.2590443209331745,-1.9904300703887807
2021-04-20,286.539,-0.3099151780554456,-4.666208354542153,-2.2879305,2.515236059014268,-7.181444413556421,-1.982523100458094
2021-04-21,285.164,-1.686094943506439,-4.633113882316514,-2.2222428,2.469444087354131,-7.102557969670645,-1.9739406751062305
2021-04-22,289.48,2.62878595877701,-4.599558722650958,-2.1665502,2.4228631611205667,-7.022421883771525,-1.964686963163338
2021-04-23,294.219,7.366686881722094,-4.565560446248867,-2.1064231,2.3755117437276203,-6.941072189976487,-1.9547663851855035
2021-04-24,290.531,3.677566010053437,-4.5311355228719625,-2.1325858,2.3274085173278287,-6.858544040199791,-1.944183610222875
2021-04-25,285.395,-1.4597717310257634,-4.496299310572848,-2.3007543,2.278572373674808,-6.774871684247656,-1.932943552492824
2021-04-26,290.18100000000004,3.324919505472677,-4.461066046848945,-2.2901795,2.229022404999532,-6.690088451848476,-1.9210513679614296
2021-04-27,287.73900000000003,0.8813460317647457,-4.425448841724311,-2.223253,2.178777894906312,-6.604226736630623,-1.908512450836633
2021-04-28,283.078,-3.781253367117822,-4.389459672763195,-2.161492,2.1278583092942296,-6.517317982057424,-1.8953324299763303
2021-04-29,285.11,-1.750808376528076,-4.35310938201671,-2.1018105,2.076283287309695,-6.429392669326404,-1.8815171652148024
2021-04-30,283.786,-3.0762786469179013,-4.316407674901335,-2.0466998,2.024072632335598,-6.340480307236932,-1.8670727436107748
2021-05-01,286.548,-0.3155895317918391,-4.279363121005453,-2.023244,1.9712463030224256,-6.2506094240278784,-1.852005475620485
2021-05-02,289.34700000000004,2.482020498741328,-4.241983156817558,-1.9654783,1.917824404366439,-6.159807561183998,-1.8363218911990664
2021-05-03,283.956,-2.91033921483455,-4.204274090367223,-1.8997867,1.8638271788399816,-6.0681012692072045,-1.8200287358336211
2021-05-04,289.777,2.909343179215069,-4.166241107767351,-1.8324505,1.8092749975786828,-5.975516105346034,-1.8031329665112863
2021-05-05,284.36499999999995,-2.5040804983424856,-4.127888281643791,-1.743572,1.7541883516302228,-5.882076633274014,-1.7856417476256263
2021-05-06,290.786,3.915541988518284,-4.089218581435794,-1.6668805,1.6985878432691215,-5.787806424704916,-1.7675624468246327
2021-05-07,281.623,-5.249092840578485,-4.050233885548426,-1.6093265,1.6424941773818342,-5.692728062930261,-1.7489026308036464
2021-05-08,296.161,9.287412747174509,-4.010934995335513,-1.5574518,1.5859281529262386,-5.596863148261752,-1.7296700610464366
2021-05-09,286.46700000000004,-0.4081426283343092,-3.9713216508893208,-1.5100743,1.5289106544694386,-5.500232305358759,-1.709872689517688
2021-05-10,292.371,5.494239443469969,-3.9313925486107975,-1.4487973,1.4714626438075826,-5.4028551924183805,-1.6895186543101035
2021-05-11,285.919,-0.9599787325405508,-3.891145360531802,-1.3832417,1.4136051516712431,-5.304750512203046,-1.6686162752492946
2021-05-12,289.083,2.2017633597824435,-3.850576755358484,-1.3122879,1.355359269519672,-5.205936024878156,-1.647174049459622
2021-05-13,282.783,-4.100538967574561,-3.809682421202679,-1.233934,1.2967461414270849,-5.106428562629763,-1.625200646894071
2021-05-14,283.789,-3.096806937566277,-3.7684570899659606,-1.165692,1.2377869560639057,-5.006244046029867,-1.6027049058312537
2021-05-15,280.551,-6.336967754849098,-3.726894563338816,-1.1133127,1.1785029387757382,-4.905397502114554,-1.5796958283425555
2021-05-16,279.708,-7.182090026025765,-3.6849877403752624,-1.0640025,1.1189153437625887,-4.803903084137851,-1.5561825757324097
2021-05-17,289.674,2.781827380045345,-3.642728646601171,-1.0199198,1.0590454463607235,-4.701774092961895,-1.532174463954636
2021-05-18,285.41299999999995,-1.481758902855847,-3.600108464612492,-1.0006442,0.9989145354293002,-4.599023000041792,-1.5076809590077462
2021-05-19,286.576,-0.3212204576983124,-3.55711756611769,-0.9688801,0.9385439058437574,-4.495661471961447,-1.482711672312037
2021-05-20,277.985,-8.914697637864714,-3.513745545376666,-0.96877235,0.8779548510977044,-4.391700396474371,-1.4572763560712656
2021-05-21,280.853,-6.049119657045813,-3.4699812539867425,-0.9651676,0.8171686560149304,-4.287149910001673,-1.4313848986216324
2021-05-22,284.8,-2.104485466677733,-3.425812836964355,-0.9347357,0.7562065895728635,-4.182019426537218,-1.4050473197707567
2021-05-23,282.439,-4.467794018196207,-3.3812277700695272,-0.89969903,0.6950898978387329,-4.07631766790826,-1.378273766129244
2021-05-24,281.35900000000004,-5.5499177455361774,-3.3362128983184305,-0.87407947,0.633839797019391,-3.9700526953378215,-1.351074506437412
2021-05-25,281.987,-4.923639307547712,-3.2907544756278404,-0.84959227,0.5724774666256501,-3.86323194225349,-1.3234599268896603
2021-05-26,278.829,-8.083237950107476,-3.244838205533745,-0.78447074,0.5110240427517492,-3.7558622482854944,-1.2954405264589373
2021-05-27,277.721,-9.192718522889813,-3.19844928292499,-0.75863385,0.4495006114704271,-3.6479498943954174,-1.2670269122236324
2021-05-28,279.433,-7.482149620997591,-3.151572436731409,-0.71913475,0.3879282023438501,-3.53950063907526,-1.2382297946992342
2021-05-29,288.25,1.333469898211029,-3.104191973504713,-0.6642306,0.3263277820505398,-3.4305197555552533,-1.2090599831769695
2021-05-30,284.522,-2.395930497438187,-3.0562918218291224,-0.60783595,0.2647202481281873,-3.32101206995731,-1.1795283810715955
2021-05-31,281.294,-5.625085042660491,-3.0078555774976943,-0.55025053,0.2031264228321601,-3.2109820003298544,-1.14964598128045
2021-06-01,281.448,-5.472188957141975,-2.9588665493891964,-0.49249908,0.1415670471092704,-3.100433596498467,-1.119423861555792
2021-06-02,283.798,-3.122722663891398,-2.909307805979497,-0.44932348,0.0800627746862724,-2.9893705806657698,-1.0888731798923852
2021-06-03,292.749,5.827810670272262,-2.859162222420523,-0.3925067,0.018634166272358,-2.877796388692881,-1.0580051699322444
2021-06-04,290.449,3.526770647223854,-2.808412528119089,-0.3376992,-0.0426983161251996,-2.76571421199389,-1.02683113638834
2021-06-05,284.354,-2.5692822168881566,-2.757041354747228,-0.30319044,-0.1039143147732767,-2.6531270399739517,-0.9953624504890198
2021-06-06,285.026,-1.898153831594984,-2.705031284615009,-0.27249646,-0.1649935816741309,-2.540037702940878,-0.9636105454448692
2021-06-07,284.759,-2.1659696894520546,-2.6523648993363427,-0.244877,-0.2259159839169491,-2.426448915419394,-0.9315869119395692
2021-06-08,283.25600000000003,-3.669728639677247,-2.599024828717881,-0.20105648,-0.2866615089210952,-2.3123633197967863,-0.8993030936463381
2021-06-09,284.311,-2.615429531489049,-2.544993799800705,-0.16792472,-0.3472102695726199,-2.1977835302280857,-0.8667706827714089
2021-06-10,281.983,-4.94397127749051,-2.490254685984334,-0.1559019,-0.4075425092556702,-2.082712176728664,-0.8340013156259667
2021-06-11,285.01,-1.9174554241947332,-2.434790556162395,-0.17813434,-0.4676386067805928,-1.967151949381802,-0.8010066682278653
2021-06-12,275.96700000000004,-10.960880805609335,-2.3785847237992344,-0.22245696,-0.5274790812105843,-1.85110564258865,-0.7677984519344133
2021-06-13,285.42,-1.5082462557421783,-2.321620795876791,-0.20210919,-0.5870445965888819,-1.734576199287909,-0.7343884091074024
2021-06-14,279.68,-7.248540362937347,-2.263882721641155,-0.18722118,-0.6463159665685613,-1.6175667550725938,-0.7007883088115469
2021-06-15,284.82,-2.108586538279039,-2.205354841078477,-0.13088803,-0.7052741589471117,-1.5000806821313653,-0.6670099425473655
2021-06-16,285.663,-1.2653395124577456,-2.146021933050163,-0.06266575,-0.7639003001080101,-1.382121632942153,-0.6330651200195557
2021-06-17,288.397,1.4691810064241446,-2.0858692630176923,0.008946744,-0.8221756793716425,-1.2636935836460497,-0.598965664941755
2021-06-18,281.908,-5.019522783168529,-2.024882630287882,0.07419087,-0.8800817532579325,-1.1448008770299496,-0.5647234108785885
2021-06-19,282.333,-4.594123362909979,-1.9630484147099885,0.12687136,-0.9376001496631384,-1.0254482650468502,-0.5303501971258276
2021-06-20,288.632,1.7053172958768663,-1.900353622756692,0.17189302,-0.9947126719533226,-0.9056409508033694,-0.4958578646293923
2021-06-21,287.147,0.2205149698979549,-1.8367859329217544,0.21590398,-1.0514013029770428,-0.7853846299447114,-0.4612582519439103
2021-06-22,286.831,-0.0951299573163013,-1.7723337403679875,0.25960463,-1.1076482089998567,-0.6646855313681308,-0.4265631912314774
2021-06-23,280.87600000000003,-6.049873929884132,-1.706986200760047,0.31011748,-1.163435743563273,-0.543550457196774,-0.3917845043011706
2021-06-24,294.782,7.856401812477832,-1.6407332732176396,0.34674695,-1.2187464512707988,-0.4219868219468408,-0.3569339986898896
2021-06-25,291.161,4.234916718930498,-1.5735657623257289,0.38264987,-1.273563071503765,-0.3000026908219642,-0.3220234637849603
2021-06-26,291.899,4.972270307054298,-1.5054753591395729,0.4185176,-1.3278685420696144,-0.1776068170699585,-0.2870646669889513
2021-06-27,292.637,5.709153287508752,-1.4364546811236092,0.46035126,-1.381646002785354,-0.0548086783382553,-0.2520693499270792
2021-06-28,283.706,-3.2236507707538578,-1.3664973109645886,0.5068381,-1.4348787989988638,0.0683814880342752,-0.2170492246975074
2021-06-29,289.972,3.040530895714439,-1.2955978342006915,0.5501231,-1.4875504850507586,0.1919526508500668,-0.1820159701648578
2021-06-30,294.53000000000003,7.596526999870827,-1.2237518756099264,0.5914918,-1.5396448276794643,0.3158929520695379,-0.1469812282971409
2021-07-01,292.233,5.297451228966998,-1.1509561343025734,0.6261026,-1.591145809372186,0.4401896750696126,-0.1119566005463256
2021-07-02,293.607,6.669357619252304,-1.0772084174641228,0.65912396,-1.6420376316643752,0.5648292142002524,-0.0769536442726999
2021-07-03,286.419,-0.5208098719143184,-1.0025076726968338,0.6949833,-1.692304718390302,0.6897970456934681,-0.0419838692131373
2021-07-04,285.836,-1.105739302438713,-0.9268540189097888,0.7338081,-1.7419317188872807,0.8150776999774918,-0.0070587339933674
2021-07-05,285.93037735849055,-1.106905266312272,-0.8502487757091465,0.7643077,-1.7909035111560625,0.9406547354469158,0.0278103573157147
2021-07-06,286.0247547169811,-1.1064637391357222,-0.7726944912422132,0.77895004,-1.8392052049798344,1.0665107137376215,0.0626120585976645
2021-07-07,286.11913207547167,-1.1042237794180525,-0.6941949684508703,0.8019421,-1.8868221450042404,1.19262717655337,0.0973350850460337
2021-07-08,286.2135094339622,-1.1001454503056838,-0.6147552896919158,0.8434773,-1.9337399137807263,1.3189846240888108,0.1319682164759198
2021-07-09,286.3078867924528,-1.0941122726497672,-0.534381839683945,0.8930163,-1.979944334775492,1.445562495091547,0.1665003005915192
2021-07-10,286.4022641509434,-1.0860077673010484,-0.4530823267425227,0.9247226,-2.025421475346203,1.5723391486036804,0.2009202562098214
2021-07-11,286.4966415094339,-1.0757154551105623,-0.3708658022675485,0.9541131,-2.0701576496885856,1.699291847421037,0.235217076440521
2021-07-12,286.5910188679245,-1.0631188569292274,-0.2877426784489232,0.99334264,-2.114139421754885,1.8263967433059616,0.2693798318222697
2021-07-13,286.68539622641504,-1.0479759080845297,-0.2037247441589599,1.0457708,-2.1573536081461206,1.9536288639871608,0.3033976734154237
2021-07-14,286.7797735849056,-1.0302269689744423,-0.1188251790021697,1.0875759,-2.1997872809799417,2.080962101977772,0.3372598358514239
2021-07-15,286.87415094339616,-1.009777927790665,-0.0330585654954986,1.1188983,-2.2414277707357884,2.20836920524029,0.3709556403389796
2021-07-16,286.96852830188675,-0.9865614642166532,0.0535591006455796,1.1438156,-2.2822626690789782,2.335821769724558,0.4044744976272311
2021-07-17,287.06290566037734,-0.9604041776491878,0.1410104021372713,1.1646513,-2.322279831665174,2.4632902338024456,0.4378059109260757
2021-07-18,287.1572830188679,-0.9311902183477212,0.2292764936937215,1.2045984,-2.361467380926634,2.5907438746203555,0.470939478783844
2021-07-19,287.25166037735846,-0.8988562480792948,0.318337097546541,1.2311714,-2.39981370884146,2.718150806388001,0.5038648979225138
2021-07-20,287.346037735849,-0.8631135717271952,0.4081705009323794,1.247545,-2.4373074796869885,2.845477980619368,0.536571966030673
2021-07-21,287.4404150943396,-0.8240131405580304,0.4987535555607673,1.2691778,-2.4739376327782927,2.97269118833906,0.5690505845144055
2021-07-22,287.5347924528302,-0.7814383963142939,0.5900616790719373,1.2863297,-2.509693385192673,3.09975506426461,0.6012907612063042
2021-07-23,287.6291698113207,-0.7347502431920101,0.6820688584917513,1.306846,-2.544564234480828,3.226633092972579,0.6332826130327966
2021-07-24,287.7235471698113,-0.6843412540120681,0.7747476556883383,1.3294026,-2.578539961365316,3.3532876170536543,0.6650163686399763
2021-07-25,287.81792452830183,-0.6300947930762852,0.8680692148324368,1.3597976,-2.611610632426716,3.4796798472591526,0.6964823709780832
2021-07-26,287.9123018867924,-0.5718504715754511,0.9620032718608807,1.3809485,-2.643766602777798,3.605769874638679,0.7276710798448519
2021-07-27,288.0066792452829,-0.5097664248501599,1.0565181659400738,1.4103649,-2.674998518725836,3.73151668466591,0.7585730743878217
2021-07-28,288.10105660377354,-0.4435994756178587,1.151580852923719,1.4405191,-2.7052973204230657,3.856878173346785,0.7891790555658088
2021-07-29,288.19543396226413,-0.3731491571869796,1.2471569207965298,1.4726498,-2.7346542445051205,3.98181116530165,0.8194798485696245
2021-07-30,288.28981132075467,-0.2982988715120283,1.3432106070929788,1.5014215,-2.763060826717154,4.106271433810133,0.8494664052021794
2021-07-31,288.38418867924526,-0.2190804581058665,1.4397048182777323,1.5171245,-2.79050890452716,4.230213722804892,0.8791298062180636
2021-08-01,288.4785660377358,-0.135033160902354,1.5366011510717472,1.5405622,-2.8169906197259045,4.353591770797651,0.908461263622672
2021-08-02,288.5729433962264,-0.0463016481629749,1.633859915705517,1.5538278,-2.842498421012667,4.476358336718183,0.9374521229309456
2021-08-03,288.66732075471697,0.0472582189074541,1.731440161078488,1.5744843,-2.867025066565883,4.598465227644371,0.9660938653857648
2021-08-04,288.7616981132075,0.1457140693067358,1.8292997018011348,1.596211,-2.8905636265975976,4.719863328398732,0.9943781101359987
2021-08-05,288.8560754716981,0.2492527506524906,1.9273951470937216,1.6137155,-2.91310748589049,4.8405026329842125,1.0222966163742195
2021-08-06,288.9504528301886,0.3581081113320734,2.025681931513392,1.6180769,-2.9346503463160736,4.960332277829465,1.0498412854340522
2021-08-07,289.0448301886792,0.4722342811817324,2.1241143474787827,1.6186445,-2.9551862293325355,5.079300576811319,1.0770041628470852
2021-08-08,289.13920754716975,0.5917885808164529,2.222645579559048,1.6259917,-2.974709478460493,5.197355058019541,1.1037774403592748
2021-08-09,289.23358490566034,0.7168872343333779,2.321227740491789,1.6354864,-2.993214761734844,5.314442502226633,1.1301534579067447
2021-08-10,289.3279622641509,0.8476449486989437,2.419811908892179,1.6412933,-3.010697074130673,5.430508983022852,1.1561247055508377
2021-08-11,289.42233962264146,0.9841805088222966,2.5183481686132727,1.6662855,-3.027151739961108,5.545499908574381,1.1816838253722437
2021-08-12,289.51671698113205,1.1266304105369294,2.616785649715345,1.7023009,-3.042574415244785,5.65936006496013,1.2068236133240566
2021-08-13,289.6110943396226,1.2749067165330978,2.7150725709999244,1.7377275,-3.056961090040524,5.772033661040448,1.2315370210434946
2021-08-14,289.7054716981132,1.4292629858546055,2.8131562840621247,1.7694892,-3.070308090746598,5.883464374808723,1.255817157622077
2021-08-15,289.79984905660376,1.5898376586004992,2.9109833188128453,1.7802941,-3.08261208236192,5.993595401174765,1.2796572913339563
2021-08-16,289.8942264150943,1.756766947364246,3.0084994304204,1.8012418,-3.093870070706264,6.102369501126664,1.3030508513221346
2021-08-17,289.9886037735849,1.9300171934245285,3.105649647619264,1.808052,-3.104079404596559,6.209729052215822,1.3259914292421977
2021-08-18,290.0829811320754,2.1098593289010346,3.2023783223317595,1.8158578,-3.1132377779761327,6.315616100307892,1.3484727808632286
2021-08-19,290.177358490566,2.296409892760057,3.2986291805466856,1.8116709,-3.1213432319937016,6.419972412540387,1.3704888276255096
2021-08-20,290.27173584905654,2.489750003247553,3.394345374397209,1.8001856,-3.1283941570287306,6.522739531425939,1.392033658154597
2021-08-21,290.3661132075472,2.68980371660415,3.489469535378673,1.8038158,-3.134389294659721,6.623858830038394,1.4131015297313183
2021-08-22,290.4604905660377,2.896920586849695,3.5839438286453937,1.8122569,-3.139327739571856,6.72327156821725,1.4336868697172245
2021-08-23,290.55486792452825,3.111037909715325,3.677710008324005,1.8353409,-3.1432089414003164,6.820918949724321,1.4537842769350011
2021-08-24,290.64924528301884,3.332093364669773,3.7707094737794855,1.869191,-3.1460327065055163,6.916742180285002,1.4733885230033064
2021-08-25,290.7436226415094,3.5602572171219022,3.8628833267686526,1.9154996,-3.147799199676386,7.010682526445039,1.492494553625506
2021-08-26,290.838,3.795940941190022,3.9541724294146174,1.937208,-3.148508945757743,7.102681375172361,1.5110974898316885
2021-08-27,292.108,5.062210962634358,4.04451746293451,1.9498907,-3.148162831197743,7.192680294132254,1.5291926291734126
2021-08-28,296.432,9.382450579106685,4.13385898705167,1.9618886,-3.146762105511288,7.280621092562958,1.5467754468705353
2021-08-29,296.892,9.838673539234216,4.222137500022463,1.9752655,-3.1443083826552143,7.366445882677677,1.563841596909469
2021-08-30,292.948,5.890880572230405,4.309293499206952,1.9924495,-3.140803642311046,7.450097141517998,1.5803869130922348
2021-08-31,294.461,7.400072407309116,4.395267542111761,1.9951748,-3.1362502310710143,7.531517773182776,1.5964074100356005
2021-09-01,290.506,3.441249773683979,4.480000307832747,1.9827797,-3.1306508635229737,7.6106511713557214,1.6118992841195992
2021-09-02,279.45,-7.618586599431286,4.563432658824368,1.9786474,-3.124008623229911,7.687441282054279,1.6268589143847505
2021-09-03,303.189,16.11657848702387,4.645505702922066,1.9992869,-3.1163269635995468,7.761832666521613,1.641282863377174
2021-09-04,288.307,1.2307164228499072,4.726160855543482,2.0106015,-3.1076097086396524,7.833770564183135,1.655167877940929
2021-09-05,290.33500000000004,3.254842809029372,4.805339901993871,2.0189068,-3.097861053594593,7.903200955588463,1.6685108899567391
2021-09-06,292.115,5.030631239414309,4.882985059800819,2.043874,-3.087085565458647,7.970070625259466,1.6813090170264051
2021-09-07,289.67900000000003,2.590400689032124,4.959039041003107,2.0705233,-3.075288183361608,8.034327224364715,1.69355956310205
2021-09-08,294.93,7.837151838652074,5.03344511431841,2.0937936,-3.062474218822216,8.095919333140627,1.7052600190594525
2021-09-09,300.432,13.334885369043374,5.106147167114491,2.1180549,-3.048649355864953,8.154796522979444,1.716408063214664
2021-09-10,282.048,-5.05339803902446,5.17708976710863,2.058072,-3.033819650995777,8.210909418104407,1.7270015617830838
2021-09-11,293.26000000000005,6.154643900425863,5.246218223720102,2.0709302,-3.017991533032348,8.26420975675245,1.7370385692802184
2021-09-12,285.933,-1.1763212472162548,5.313478649000817,2.0935354,-3.001171802784448,8.314650451785264,1.746517328863305
2021-09-13,291.56100000000004,4.447720630512544,5.3788180180695,2.1088579,-2.9833676325801664,8.362185650649666,1.755436272612987
2021-09-14,293.325,6.207742777749465,5.442184228975258,2.1148672,-2.9645865656336663,8.406770794608924,1.763794021754268
2021-09-15,299.296,12.17476079745868,5.503526161916865,2.1319668,-2.9448365152502536,8.448362677167118,1.7715893868159176
2021-09-16,293.821,6.695775420835314,5.562793737744675,2.152781,-2.9241257638646347,8.48691950160931,1.7788213677275615
2021-09-17,298.56,11.430787379074593,5.619937975672824,2.1574051,-2.902462961908266,8.52240093758109,1.7854891538536732
2021-09-18,291.039,3.905797403371897,5.6749110501301,1.9036413,-2.8798571265018515,8.554768176631951,1.7915921239636972
2021-09-19,294.643,7.505792843875269,5.727666346678743,1.7967466,-2.8563176399690318,8.583983986647773,1.797129846137552
2021-09-20,287.892,0.7504603138504424,5.778158516931451,1.8120993,-2.8318542481675437,8.610012765098993,1.8021020776057743
2021-09-21,293.673,6.527118788324442,5.826343532397789,1.8309414,-2.806477058634109,8.632820591031898,1.806508764523572
2021-09-22,294.889,8.280366537437992,5.87217873719249,1.8614727,-2.780196538539537,8.652375275732027,1.8103500416781184
2021-09-23,296.105,8.950411473846401,5.915622899539186,1.8960713,-2.753023512450551,8.668646411989737,1.8136262321283647
2021-09-24,294.13700000000006,7.322934175145782,5.956636262004525,1.9195695,-2.724969159895082,8.681605421899608,1.8163378467767468
2021-09-25,292.16900000000004,5.00556096158147,5.995180590398937,1.9562143,-2.6960450127278253,8.691225603126762,1.8184855838721457
2021-09-26,291.107,3.594179020900162,6.031219221281827,1.9672074,-2.6662629522930623,8.697482173574889,1.820070328443508
2021-09-27,290.045,2.8725632742099307,6.064717108010403,1.8428897,-2.6356352063818798,8.700352314392283,1.8210931516635287
2021-09-28,290.3012,2.9116766652991046,6.095640865273149,1.7906965,-2.604174345981091,8.69981521125424,1.821555310141913
2021-09-29,290.5574,3.0456469865626734,6.123958812050374,1.7977288,-2.5718932818113154,8.695852093861689,1.8214582451476464
2021-09-30,290.8136,3.28589940231633,6.149641012946298,1.7743667,-2.5388052606519005,8.688446273598199,1.8208035817598611
2021-10-01,291.0698,3.6436164271557145,6.17265931783877,1.7774315,-2.5049238614504707,8.67758317928924,1.8195931279468287
2021-10-02,291.326,3.7979785366541385,6.192987399794673,1.7819401,-2.470262991215173,8.663250391009846,1.8178288735727253
2021-10-03,293.608,6.075185344834024,6.2106007912011,1.8146956,-2.434836880687804,8.645437671888903,1.8155129893317885
2021-10-04,296.649,9.11138206974656,6.22547691806426,1.853752,-2.3986600797962843,8.624136997860544,1.812647825609595
2021-10-05,305.56699999999995,18.024569339140967,6.23759513243033,1.8743082,-2.3617474528850617,8.59934258531539,1.80923591127117
2021-10-06,302.50474999999994,16.10583971677467,6.246936742884463,1.8814169,-2.324114173722354,8.571050916606817,1.8052799523757637
2021-10-07,299.4425,11.890387602999391,6.253485043086503,1.8926864,-2.285775720283253,8.539260763369755,1.800782830818078
2021-10-08,296.38025000000005,7.674927140704147,6.257225338304077,1.8610017,-2.2467478693080296,8.503973207612107,1.7957476028958907
2021-10-09,293.31800000000004,5.756146453409007,6.258144969906146,1.8577253,-2.207046690635128,8.465191660541274,1.7901774978039893
2021-10-10,295.92425000000003,7.380171164634536,6.256233337782414,1.8598888,-2.1666885413086763,8.42292187909109,1.7840759160544228
2021-10-11,298.5305,10.958876897900906,6.251481920656353,1.8493367,-2.125690059460456,8.37717198011681,1.7774464278231343
2021-10-12,301.13675,14.537576776728525,6.243884294262133,1.8213747,-2.0840681579666525,8.327952452228786,1.7702927712230685
2021-10-13,303.743,16.16158392463781,6.233436147358131,1.7618669,-2.041840017879828,8.275276165237958,1.7626188505039515
2021-10-14,302.53883333333334,15.696251671460642,6.22013529555227,1.7575208,-1.9990230816369363,8.219158377189206,1.7544287341789515
2021-10-15,301.3346666666667,14.517921149801758,6.203981692916983,1.7729412,-1.9556350460443572,8.15961673896134,1.7457266530785314
2021-10-16,300.1305,12.938189959023076,6.184977441374157,1.791068,-1.911693855041251,8.096671296415408,1.7365169983318365
2021-10-17,298.92633333333333,11.268668838476795,6.163126797833028,1.6896573,-1.8672176922427453,8.030344490075773,1.7268043192760392
2021-10-18,297.7221666666667,9.820962047029916,6.138436179066654,1.625715,-1.822224973264811,7.960661152331466,1.7165933212941469
2021-10-19,296.51800000000003,8.906673843548717,6.110914164315188,1.655246,-1.7767343378328433,7.887648502148032,1.705888863581772
2021-10-20,296.116,8.499673156751005,6.0805714956069465,1.4313837,-1.7307646416763465,7.811336137283293,1.6946959568435385
2021-10-21,296.419,8.79767023519834,6.047421075790792,1.2681444,-1.684334948212303,7.731756024003095,1.6830197609197686
2021-10-22,288.664,1.0376656918888014,6.011477964276282,0.6301684,-1.6374645200201363,7.648942484296419,1.670865582344213
2021-10-23,308.742,21.110444535200312,5.972759370480428,0.48084453,-1.590172810111422,7.562932180591849,1.6582388718336496
2021-10-24,295.684,8.047217123929766,5.93128464498297,-0.63539684,-1.5424794529977957,7.473764097980766,1.6451452217102198
2021-10-25,289.195,1.5529840391471352,5.887075268394463,-1.0601043,-1.4944042555607524,7.381479523955216,1.6315903632574826
2021-10-26,298.62,10.972745861922265,5.840154837944406,-1.1964394,-1.445967187727354,7.28612202567176,1.6175801640111989
2021-10-27,295.704,8.051503173325028,5.790549051799231,-1.287305,-1.3971883729560617,7.1877374247552925,1.603120624985929
2021-10-28,289.996,2.338256554425335,5.738285691122713,-1.2854819,-1.3480880785372784,7.086373769659992,1.5882178778386369
2021-10-29,294.58,6.917006586293005,5.683394599894009,-1.281488,-1.2986867057133555,6.982081305607364,1.572878181970511
2021-10-30,295.257,7.58875384999801,5.625907662501259,-1.3014536,-1.249004779623185,6.874912442124444,1.5571079215683252
2021-10-31,305.719,18.045498926610065,5.565858779131266,-1.2671053,-1.1990629390766727,6.764921718207939,1.5409136025866728
2021-11-01,300.403,12.72417613613197,5.503283838978465,-1.4902836,-1.1488819261647514,6.652165765143216,1.5243018496725684
2021-11-02,278.671,-9.013149479871604,5.438220691298942,-1.465324,-1.09848257571075,6.536703267009692,1.50727940303389
2021-11-03,283.552,-4.137396619229381,5.370709114337869,-1.4328808,-1.0478858045693007,6.41859491890717,1.4898531152532384
2021-11-04,288.24,0.5456580417903103,5.300790782161271,-1.7619063,-0.9971126007791262,6.297903382940397,1.4720299480488717
2021-11-05,295.83500000000004,8.135716473853025,5.228509229425557,-1.822465,-0.9461840125763824,6.174693242001939,1.453816968984417
2021-11-06,293.651,6.653151935994954,5.153909814120659,-1.871696,-0.8951211372754093,6.049030951396069,1.4352213481291294
2021-11-07,291.467,3.757410096495124,5.077039678325199,-1.8227609,-0.8439451100240563,5.920984788349255,1.416250354670541
2021-11-08,287.771,0.056169779755097,4.997947707014292,-1.7657655,-0.7926770924409043,5.7906247994551965,1.396911353481397
2021-11-09,283.736,-3.983981308362633,4.916684484963176,-2.1740708,-0.7413382611420414,5.6580227461052175,1.3772118016428494
2021-11-10,290.377,2.652279381991197,4.833302251791927,-2.1392431,-0.6899497961651687,5.523252047957096,1.3571592449259202
2021-11-11,288.77500000000003,1.6462920796274043,4.747854855198961,-2.132869,-0.6385328692991242,5.386387724498085,1.3367613142333232
2021-11-12,287.173,-0.5613877861421814,4.660397702433054,-2.140854,-0.5871086323270702,5.247506334760124,1.3160257220037856
2021-11-13,285.571,-2.7690589354172754,4.570987710055887,-2.090428,-0.535698205191834,5.106685915247721,1.294960258581065
2021-11-14,283.96900000000005,-3.775214079344593,4.479683252049045,-2.0761003,-0.4843226640920581,4.964005916141104,1.2735727885498902
2021-11-15,296.819,9.069982067387876,4.386544106321599,-2.0783324,-0.4330030295180579,4.819547135839657,1.2518712470411777
2021-11-16,283.977,-3.776895003701278,4.291631399676152,-2.0585804,-0.3817602542364108,4.673391653912562,1.2298636360088089
2021-11-17,295.192,7.433246031032106,4.195007551293253,-1.9956545,-0.3306152112325476,4.525622762525801,1.2075580204804328
2021-11-18,296.251,8.487389566725295,4.096736214795837,-1.9600616,-0.2795886816207208,4.376324896416558,1.184962524784697
2021-11-19,294.116,6.347551102896279,3.996882218957082,-2.0210805,-0.228701342530945,4.225583561488027,1.1620853287574204
2021-11-20,287.414,-0.3592687327059907,3.895511507116775,-1.9592443,-0.1779737549826056,4.07348526209938,1.1389346639292277
2021-11-21,290.03000000000003,2.251943343522829,3.792691075372833,-1.914642,-0.1274263517546246,3.9201174271274577,1.1155188096972302
2021-11-22,296.519,8.73617485446389,3.688488909616154,-1.8695579,-0.0770794252621629,3.765568334878317,1.0918460894833564
2021-11-23,297.08,9.29241195995311,3.582973921478405,-1.8417492,-0.0269531154499992,3.6099270369284047,1.0679248668819723
2021-11-24,290.852,3.059496707351075,3.4762158832637158,-1.7869636,0.02293260228719,3.453283280976525,1.043763541799472
2021-11-25,288.332,0.5346079675154902,3.3682853619364788,-1.7778232,0.0725579291472884,3.29572743278919,1.019370546588549
2021-11-26,290.54799999999994,2.745671867850473,3.259253652238688,-1.7651248,0.1219032549155145,3.137350397323173,0.9947543421798702
2021-11-27,289.246,1.4387530788245255,3.149192709011297,-1.7376865,0.1709491699009721,2.978243539110325,0.9699234142139108
2021-11-28,288.654,0.8418649959996305,3.038175078795145,-1.7294098,0.2196764768044063,2.8184986019907385,0.9448862691757312
2021-11-29,288.67900000000003,0.8620082072254833,2.926273830787829,-1.6792518,0.2680662025064768,2.6582076282813523,0.919651430535491
2021-11-30,287.474,-0.3478166996485754,2.8135624872338574,-1.6447761,0.3160996097658706,2.497462877467987,0.8942274348974898
2021-12-01,286.978,-0.8485966751991754,2.7001149533260227,-1.6169542,0.3637582088164803,2.3363567445095423,0.8686228281606049
2021-12-02,289.40700000000004,1.5757323502758775,2.58600544669668,-1.5645722,0.411023768852897,2.174981677843783,0.8428461616928844
2021-12-03,289.564,1.7280926708632722,2.471308426578144,-1.5047262,0.4578783293934036,2.0134300971847403,0.8169059885232038
2021-12-04,287.494,-0.3465151120869154,2.3560985227118194,-1.4562441,0.5043042115096906,1.851794311202129,0.7908108595527734
2021-12-05,284.468,-3.3769187593282988,2.2404504640861638,-1.4051607,0.5502840289124957,1.6901664351736676,0.7645693197893674
2021-12-06,287.124,-0.725277864351356,2.124439007583727,-1.3878847,0.5958006988824023,1.5286383087013249,0.7381899046070808
2021-12-07,291.93,4.076478043974521,2.0081388666177857,-1.4058378,0.6408374530350553,1.3673014135827304,0.7116811360344862
2021-12-08,298.69,10.83225891480138,1.8916246398390977,-1.3970424,0.6853778479101095,1.2062467919289883,0.6850515190739398
2021-12-09,292.51300000000003,4.650980678026274,1.7749707399933623,-1.4362726,0.7294057753732666,1.0455649646200955,0.6583095380549112
2021-12-10,292.868,5.001718373454467,1.6582513230097713,-1.4361708,0.7729054728208316,0.8853458501889397,0.6314636530240848
2021-12-11,290.168,2.297314048446651,1.5415402174009247,-1.5543574,0.8158615331763064,0.7256786842246183,0.6045222961749983
2021-12-12,291.47200000000004,3.596946573860496,1.424910854054005,-2.0004432,0.8582589146686253,0.5666519393853797,0.5774938683199882
2021-12-13,286.289,-1.5903834492229505,1.308436196492757,-2.5469398,0.900082950381734,0.4083532461110231,0.5503867354071249
2021-12-14,296.599,8.715499846157984,1.192188671689296,-2.7887418,0.941319357565361,0.250869314123935,0.5232092250848579
2021-12-15,290.368,2.480243601119773,1.0762401015042218,-3.1505218,0.9819542466969196,0.0942858548073021,0.4959696233169953
2021-12-16,288.566,0.6739522131119946,0.9606616348327836,-3.3931375,1.021974130284663,-0.0613124954518794,0.4686761710506573
2021-12-17,282.989,-4.907309647128496,0.8455236805341118,-3.3374126,1.061365931402328,-0.2158422508682163,0.4413370609397587
2021-12-18,283.42400000000004,-4.476528583770779,0.730895841219667,-3.3173532,1.1001169919457217,-0.3692211507260546,0.4139604341265813
2021-12-19,295.838,7.933538641023072,0.6168468479760539,-3.3144376,1.1382150806018254,-0.5213682326257715,0.3865543770838939
2021-12-20,290.578,2.669656559393831,0.5034444960963826,-3.2925713,1.1756484005212324,-0.6722039044248498,0.3591269185200769
2021-12-21,285.663,-2.249576886238969,0.3907555818931545,-3.3344114,1.2124055966849094,-0.8216500147917549,0.331686026349633
2021-12-22,288.488,0.5716421184683247,0.2788458406644586,-3.4593804,1.248475762956501,-0.9696299222920428,0.3042396047314087
2021-12-23,289.491,1.5707535967045383,0.1677798858839777,-3.964258,1.2838484488116144,-1.1160685629276368,0.276795491176793
2021-12-24,295.204,7.27967997548433,0.0576211496838676,-4.2240705,1.318513665735766,-1.2608925160518984,0.2493614537301249
2021-12-25,291.312,3.38363940105335,-0.0515681753018521,-4.508384,1.352461893282921,-1.4040300685847733,0.2219451882234161
2021-12-26,278.24100000000004,-9.691561289167556,-0.1597271926673669,-4.749555,1.3856840847868117,-1.5454112774541786,0.1945543156074909
2021-12-27,275.49800000000005,-12.438490262492982,-0.2667963574741304,-5.0342827,1.4181716727174982,-1.6849680301916286,0.1671963793615508
2021-12-28,288.901,0.9608771347040364,-0.3727175299362377,-5.0411124,1.4499165736759214,-1.8226341036121592,0.1398788429830705
2021-12-29,290.491,2.547305407390285,-0.4774340274911844,-5.131396,1.4809111930194732,-1.9583452205106575,0.1126090875599099
2021-12-30,283.734,-4.213204847556964,-0.5808906751969066,-5.0952873,1.511148429111936,-2.0920391043088427,0.0853944094263937
2021-12-31,287.749,-0.2016345238340662,-0.6830338543980103,-5.0837703,1.5406216771914414,-2.2236555315894515,0.0582420179050819
2022-01-01,287.056,-0.8978420133880034,-0.7838115496060284,-5.0507317,1.5693248328504152,-2.3531363824564435,0.0311590331358029
2022-01-02,284.307,-3.649978707633718,-0.8831733935406417,-4.996066,1.5972522951218378,-2.48042568866248,0.0041524839935219
2022-01-03,287.288,-0.6718669296446391,-0.98107071028092,-5.3754363,1.6243989691664464,-2.605469679447366,-0.0227706939035498
2022-01-04,290.925,2.9623632328890475,-1.077456556477846,-5.6173587,1.6507602685559042,-2.7282168250337504,-0.0496036600942539
2022-01-05,285.529,-2.4367696610967493,-1.172285760581617,-5.6805363,1.6763321171472652,-2.8486178777288824,-0.0763396710819233
2022-01-06,285.895,-2.0734345469564266,-1.2655149600395406,-5.720223,1.7011109505444963,-2.966625910584037,-0.1029720820478181
2022-01-07,291.59200000000004,3.6210702623191335,-1.357102636422688,-5.8749905,1.7250937171431266,-3.0821963535658146,-0.1294943484694855
2022-01-08,288.00199999999995,0.0283443439575576,-1.447009148441899,-5.776726,1.7482778787545297,-3.1952870271964287,-0.1559000276430802
2022-01-09,286.48400000000004,-1.4923903261737692,-1.535196762816179,-5.69431,1.7706614108066925,-3.305858173622872,-0.182182780108783
2022-01-10,286.742,-1.2370752981919164,-1.621629682959018,-5.607932,1.792242802118759,-3.413872485077777,-0.208336370978549
2022-01-11,285.411,-2.5707099443477848,-1.7062740754507617,-5.5402737,1.8130210542470004,-3.519295129697762,-0.2343546711655367
2022-01-12,281.416,-6.568293636892197,-1.7890980942676709,-5.4658294,1.832995680400308,-3.622093774667978,-0.2602316585146473
2022-01-13,282.446,-5.540583098356141,-1.8700719027410104,-5.411063,1.852166703923685,-3.7222386066646953,-0.2859614188337333
2022-01-14,288.569,0.5801862430319846,-1.9491676932220807,-5.335168,1.8705346563486691,-3.8197023495707514,-0.3115381468251253
2022-01-15,288.057,0.0655989493459117,-2.026359704431885,-5.2531996,1.8881005750099988,-3.914460279441884,-0.3369561469172479
2022-01-16,289.991,1.9969812343803968,-2.101624236476716,-5.1762443,1.904866000228305,-4.006490236705021,-0.362209833996194
2022-01-17,281.051,-6.94559074538898,-2.1749396635138027,-5.1022553,1.920832972059012,-4.095772635572814,-0.3872937340372165
2022-01-18,279.627,-8.372014342967658,-2.2462864440538315,-5.0244913,1.936004026608084,-4.182290470661915,-0.4122024846362775
2022-01-19,286.192,-1.8093783095852904,-2.3156471288899296,-4.9521203,1.950382191915676,-4.266029320805606,-0.4369308354417948
2022-01-20,284.462,-3.5415855706531016,-2.383006366645541,-4.9216003,1.963970983409205,-4.346977350054745,-0.4614736484869413
2022-01-21,279.208,-8.79773381636731,-2.448350906936354,-4.8538156,1.9767743989277824,-4.425125305864136,-0.4858258984228789
2022-01-22,277.605,-10.4028224333294,-2.5116696011442703,-4.768964,1.9887969133204124,-4.500466514464683,-0.50998267265351
2022-01-23,285.527,-2.4827420018737376,-2.572953400804213,-4.689038,2.0000434726207748,-4.572996873424987,-0.53393917137232
2022-01-24,288.841,0.8296390285566306,-2.632195353607357,-4.6207857,2.0105194878018966,-4.642714841409254,-0.5576907075021142
2022-01-25,286.879,-1.1342644100594912,-2.689390597027199,-4.5420446,2.0202308281144155,-4.709621425141615,-0.581232706538491
2022-01-26,287.887,-0.1278629982772314,-2.7445363495776323,-4.4530644,2.0291838140126304,-4.773720163590262,-0.6045607062980117
2022-01-27,285.581,-2.435634828126707,-2.7976318997150127,-4.3616414,2.0373852096729297,-4.835017109387943,-0.6276703565721417
2022-01-28,281.714,-6.30434319402988,-2.8486785923989766,-4.2786036,2.0448422151096763,-4.8935208075086525,-0.6505574186881833
2022-01-29,287.726,-0.293987482319785,-2.8976798133294794,-4.1975627,2.0515624578940224,-4.949242271223502,-0.6732177649784429
2022-01-30,283.554,-4.467568893320806,-2.9446409708803336,-4.1439824,2.0575539844816166,-5.002194955361951,-0.6956473781590464
2022-01-31,284.23900000000003,-3.7837335926804334,-2.98956947575215,-4.1246576,2.062825251155532,-5.052394726907682,-0.7178423506199167
2022-02-01,286.773,-1.2508287355391503,-3.0324747183703638,-4.067339,2.067385114591254,-5.099859832961617,-0.7397988836275061
2022-02-02,279.579,-8.445853656012218,-3.0733680440565885,-4.0355844,2.0712428220509267,-5.144610866107515,-0.7615132864419693
2022-02-03,281.858,-6.167721210300194,-3.11226272600425,-4.0123997,2.0744080012145183,-5.186670727218768,-0.7829819753506118
2022-02-04,279.932,-8.094466429498866,-3.149173936091984,-3.9850986,2.076890649655952,-5.226064585747936,-0.8042014726194944
2022-02-05,282.007,-6.020143273168637,-3.1841187135708537,-3.9280975,2.0787011239727176,-5.262819837543571,-0.8251684053651956
2022-02-06,282.972,-5.055751054170425,-3.217115931663925,-3.8547752,2.079850128577795,-5.29696606024172,-0.8458795043488175
2022-02-07,285.686,-2.342289085365123,-3.248186262119251,-3.795891,2.0803487041632125,-5.328534966282463,-0.8663316026944298
2022-02-08,278.136,-9.89275667961386,-3.2773521377596766,-3.740122,2.0802082158448947,-5.357560353604571,-0.8865216345342039
2022-02-09,285.90500000000003,-2.1240377647633397,-3.304637713075252,-3.693584,2.0794403409988624,-5.384078054074115,-0.9064466335826212
2022-02-10,285.81,-2.2192439032265665,-3.33006882290637,-3.6444764,2.078057056799217,-5.408125879705587,-0.926103731642168
2022-02-11,285.492,-2.537232331839948,-3.3536729392679856,-3.5864255,2.076070627468721,-5.429743566736708,-0.9454901570430604
2022-02-12,282.223,-5.805809388806663,-3.375479126367451,-3.5168731,2.073493591253131,-5.448972717620582,-0.9646032330196054
2022-02-13,282.09000000000003,-5.93830275161045,-3.395517993870665,-3.4469736,2.070338747130801,-5.465856741001466,-0.9834403760258552
2022-02-14,286.468,-1.5597320930160057,-3.413821648473279,-3.4154544,2.0666191412694066,-5.480440789742685,-1.0019990939933336
2022-02-15,290.536,2.508951263213398,-3.430423643835693,-3.3891566,2.062348053241986,-5.492771697077679,-1.020276984533628
2022-02-16,290.018,1.9915834936653136,-3.4453589289425515,-3.3464587,2.0575389820147825,-5.5028979109573335,-1.038271733088761
2022-02-17,290.898,2.8722297398705776,-3.458663794949246,-3.3138163,2.0522056317197266,-5.510869426668973,-1.0559811110322792
2022-02-18,284.435,-3.590324372817664,-3.470375820579778,-3.2577343,2.0463618972246413,-5.51673771780442,-1.07340297372406
2022-02-19,285.747,-2.277819810148479,-3.480533816141997,-3.2073967,2.0400218495145994,-5.520555665656596,-1.0905352585219377
2022-02-20,290.185,2.160744152023559,-3.4891777662278893,-3.1769607,2.033199720898063,-5.5223774871259526,-1.1073759827532357
2022-02-21,288.028,0.0040137507059476,-3.4963487711681376,-3.1971252,2.0259098900517745,-5.522258661219912,-1.1239232416493836
2022-02-22,291.8,3.7761651872044633,-3.50208898731164,-3.2349532,2.0181668669185413,-5.520255854230181,-1.1401752062468422
2022-02-23,293.24,5.216130011330879,-3.506441566202053,-3.214013,2.009985277472356,-5.516426843674409,-1.1561301212575943
2022-02-24,287.979,-0.0448976257695501,-3.50945059272476,-3.1704838,2.001379848365449,-5.510830441090209,-1.1717863029124789
2022-02-25,293.81600000000003,5.792083534494475,-3.511161022298833,-3.1235282,1.9923653914721595,-5.503526413770993,-1.1871421367807122
2022-02-26,283.072,-4.952088366432173,-3.5116186171897152,-3.0796459,1.9829567883445964,-5.494575405534311,-1.20219607556895
2022-02-27,278.988,-9.036187280909733,-3.510869882019373,-3.0993927,1.973168974595356,-5.484038856614729,-1.2169466369032729
2022-02-28,287.115,-0.9089917949701024,-3.5089619985516336,-3.1263065,1.963016924222613,-5.471978922774246,-1.2313924010974953
2022-03-01,283.02500000000003,-4.998754207170297,-3.5059427598312367,-3.1210012,1.9525156338931535,-5.45845839372439,-1.2455320089112265
2022-03-02,287.255,-0.7684472845415011,-3.501860503755927,-3.0969055,1.941680107198949,-5.443540610954876,-1.259364159301119
2022-03-03,289.578,1.5549295554819769,-3.4967640461615748,-3.1344888,1.9305253389030763,-5.427289385064651,-1.2728876071687505
2022-03-04,284.137,-3.8856231045342295,-3.490702613500852,-3.121445,1.9190662991908327,-5.409768912691685,-1.286101161108569
2022-03-05,283.65200000000004,-4.370077291366068,-3.483725775196511,-3.1109073,1.9073179179419948,-5.391043693138506,-1.2990036811593924
2022-03-06,280.50199999999995,-7.519459068795294,-3.4758833757506724,-3.0599291,1.8952950690402404,-5.371178444790913,-1.311594076562848
2022-03-07,280.049,-7.971767850200027,-3.467225466691791,-3.0027175,1.8830125547358192,-5.35023802142761,-1.3238713035322491
2022-03-08,287.038,-0.982003048958576,-3.4578022384412,-2.9479697,1.870485090077534,-5.3282873285187335,-1.335834363035299
2022-03-09,283.93800000000005,-4.081164078449147,-3.4476639521811823,-2.9115279,1.8577272874302144,-5.305391239611397,-1.347482298594025
2022-03-10,288.37800000000004,0.3597496479498496,-3.436860871806524,-2.8623586,1.8447536410937453,-5.281614512900269,-1.358814194105353
2022-03-11,284.213,-3.804468474313016,-3.425443196041424,-2.8084219,1.8315785120398032,-5.2570217080812265,-1.3698291716856752
2022-03-12,293.056,5.039393555110973,-3.413460990803355,-2.7722535,1.818216112782348,-5.231677103585703,-1.380526389542705
2022-03-13,290.298,2.2822556177078974,-3.400964121895304,-2.8875551,1.8046804923979043,-5.205644614293208,-1.3909050398779843
2022-03-14,287.358,-0.6572759288830308,-3.388002188107235,-2.8411167,1.7909855217115878,-5.178987709818823,-1.400964346823245
2022-03-15,290.6,2.585059402947911,-3.3746244548073467,-3.096153,1.777144878664736,-5.151769333472083,-1.4107035644138504
2022-03-16,281.89300000000003,-6.121609019495067,-3.3608797881028982,-3.0417714,1.7631720338799406,-5.124051821982839,-1.4201219746024998
2022-03-17,282.791,-5.223207577895883,-3.346816589649846,-3.0107052,1.7490802364391025,-5.095896826088948,-1.4292188853163046
2022-03-18,284.986,-3.027735842066771,-3.332482732189668,-2.9600072,1.7348824998900294,-5.067365232079697,-1.4379936285602914
2022-03-19,285.977,-2.0361933818200653,-3.317925495890932,-3.030152,1.7205915884969658,-5.038517084387898,-1.4464455585703369
2022-03-20,290.519,2.50658809774262,-3.303191505572168,-2.9764438,1.7062200037501898,-5.009411509322358,-1.454574050018488
2022-03-21,287.785,-0.2267350670275294,-3.28832666888155,-2.946591,1.691779971149742,-4.980106640031292,-1.4623784962735042
2022-03-22,286.866,-1.145118261922219,-3.2733761155078063,-2.927563,1.677283427278025,-4.950659542785831,-1.46985830771947
2022-03-23,284.026,-3.984432674060296,-3.2583841374954443,-2.8810701,1.6627420071759014,-4.921126144671346,-1.4770129101351512
2022-03-24,286.6,-1.4096778933490075,-3.2433941307361382,-2.7987828,1.64816703203658,-4.891561162772718,-1.4838417431367823
2022-03-25,288.384,0.3751464903042425,-3.228448537706697,-2.7075942,1.6335694972314263,-4.862018034938124,-1.4903442586868303
2022-03-26,286.952,-1.0562137023196323,-3.2135887915225334,-2.6230838,1.6189600606814532,-4.8325488522039866,-1.496519919671219
2022-03-27,294.213,6.205495195535083,-3.198855261373991,-2.5563262,1.6043490315880695,-4.803204292962061,-1.5023681985473865
2022-03-28,291.9,3.893030683769695,-3.184287199411205,-2.6367316,1.5897463595362669,-4.7740335589474725,-1.507888576065512
2022-03-29,293.678,5.671512205444408,-3.16992268914154,-2.605417,1.5751616239831945,-4.745084313124734,-1.5130805400650609
2022-03-30,284.951,-3.0551894512038875,-3.1557985954016696,-2.5781722,1.560604024144637,-4.716402619546306,-1.51794358434879
2022-03-31,292.295,4.2891804018242485,-3.1419505159646857,-2.520903,1.5460823692916772,-4.688032885256363,-1.5224772076361954
2022-04-01,295.236,7.230017481380388,-3.1284127348405018,-2.4517393,1.5316050694693493,-4.660017804309851,-1.5266809125982954
2022-04-02,282.251,-5.755431173333365,-3.11521817732588,-2.393691,1.5171801266488016,-4.632398303974681,-1.5305542049755425
2022-04-03,286.68,-1.326806079445232,-3.102398366858333,-2.3506138,1.502815126324031,-4.605213493182364,-1.534096592780532
2022-04-04,291.416,3.408892896911207,-3.089983383725934,-2.5282319,1.4885172295638864,-4.578500613289821,-1.5373075855870848
2022-04-05,292.171,4.162848771293411,-3.0780018256828976,-2.5152235,1.4742931655295868,-4.552294991212484,-1.5401866939071265
2022-04-06,289.728,1.7184986276776275,-3.066480770518531,-2.4555814,1.460149224467601,-4.526629994986132,-1.542733428656727
2022-04-07,285.385,-2.625956687764124,-3.0554457406247773,-2.3838131,1.4460912511872497,-4.501536991812027,-1.544947300712471
2022-04-08,284.229,-3.783343557886814,-3.0449206696052187,-2.3354123,1.4321246390319755,-4.477045308637194,-1.5468278205592871
2022-04-09,283.942,-4.071662053726218,-3.0349278709659644,-2.2862253,1.4182543243527237,-4.453182195318687,-1.5483744980306675
2022-04-10,288.273,0.2580877536818353,-3.025488008926384,-2.2635741,1.4044847814913983,-4.429972790417782,-1.5495868421421364
2022-04-11,291.796,3.779716969740087,-3.016620071385024,-2.5370944,1.3908200182819042,-4.407440089666928,-1.550464361018675
2022-04-12,288.285,0.2671113524684529,-3.00834134507364,-2.595588,1.3772635720757185,-4.385604917149358,-1.5510065619166773
2022-04-13,286.611,-1.4085497774150024,-3.0006673929294627,-2.7159364,1.3638185062984762,-4.3644858992279385,-1.5512129513409036
2022-04-14,285.14,-2.881136839980374,-2.993612033713363,-2.9919224,1.3504874075435171,-4.34409944125688,-1.5510830352567653
2022-04-15,291.328,3.305349999791648,-2.9871873238987185,-2.9665568,1.337272383207777,-4.324459707106495,-1.55061631939808
2022-04-16,282.88,-5.144372230812142,-2.9814035418532394,-3.3209398,1.324175059674939,-4.305578601528179,-1.549812309670442
2022-04-17,281.34700000000004,-6.678894575193934,-2.976269174333127,-3.261001,1.3111965810501194,-4.287465755383247,-1.5486705126500435
2022-04-18,286.869,-1.158339205644439,-2.9717909053062925,-3.3234835,1.2983376084498972,-4.270128513756189,-1.5471904361778186
2022-04-19,287.598,-0.4307063111058804,-2.967973607118497,-3.473378,1.285598319850861,-4.253571926969358,-1.5453715900485114
2022-04-20,289.383,1.352682322077281,-2.964820334013523,-3.5907528,1.2729784104993376,-4.237798744512861,-1.5432134867942262
2022-04-21,286.713,-1.319088267016947,-2.9623323180156844,-3.837704,1.2604770938843342,-4.222809411900019,-1.540715642561848
2022-04-22,289.533,1.4992209784205213,-2.9605089671800817,-3.8260062,1.2480931032752065,-4.208602070455288,-1.5378775780835818
2022-04-23,288.377,0.3415687100064506,-2.9593478662132817,-3.7774556,1.235824693824927,-4.195172560038209,-1.5346988197397395
2022-04-24,283.166,-4.871471466600238,-2.9588447794642354,-3.6951272,1.2236696452392906,-4.182514424703526,-1.5311789007127763
2022-04-25,277.935,-10.104186194373636,-2.958993656282324,-3.6191702,1.2116252650117332,-4.170618921294057,-1.527317362231433
2022-04-26,282.671,-5.36980188209724,-2.959786638736777,-3.5422845,1.1996883922229469,-4.159475030959724,-1.5231137549037082
2022-04-27,282.426,-5.616127730448919,-2.9612140716886803,-3.4526355,1.1878554019037566,-4.149069473592437,-1.518567640137273
2022-04-28,289.302,1.2586605501275838,-2.9632645152041595,-3.4075017,1.1761222099592443,-4.139386725163404,-1.513678591645798
2022-04-29,284.69,-3.3544885260011554,-2.965924759294365,-3.3354478,1.1644842786514096,-4.130409037945775,-1.5084461970395249
2022-04-30,281.448,-6.597533739661673,-2.969179840965252,-3.3580165,1.1529366226371245,-4.122116463602376,-1.502870059498331
2022-05-01,286.482,-1.5644753845638455,-2.97301306355726,-3.31028,1.141473815557502,-4.114486879114761,-1.4969497995253462
2022-05-02,283.906,-4.141313754417524,-2.9774060183523416,-3.335438,1.1300899971742309,-4.107496015526572,-1.4906850567791297
2022-05-03,282.622,-5.426038612680125,-2.9823386084230297,-3.2895079,1.118778881047788,-4.101117489470818,-1.4840754919822503
2022-05-04,287.382,-0.6666604971656098,-2.987789074695574,-3.2116277,1.107533762751907,-4.0953228374474815,-1.477120788903987
2022-05-05,285.63,-2.4190864189911525,-2.993734024196519,-3.2554262,1.0963475286180349,-4.090081552814554,-1.4698206564148055
2022-05-06,291.51899999999995,3.4695931002979337,-3.0001484604494792,-3.356827,1.0852126650029552,-4.085361125452435,-1.4621748306101003
2022-05-07,288.12,0.0703373765157935,-3.007005815986296,-3.4264224,1.074121268072158,-4.081127084058454,-1.454183077000597
2022-05-08,275.015,-13.034986474758922,-3.0142779869342253,-3.5533803,1.063065054090972,-4.077343041025197,-1.445845192766724
2022-05-09,277.568,-10.482102715803483,-3.0219353696383324,-3.6197736,1.0520353702148793,-4.073970739853212,-1.4371610090741187
2022-05-10,278.444,-9.606111578627356,-3.0299468992757856,-3.5930595,1.0410232057698967,-4.070970105045682,-1.4281303934473837
2022-05-11,277.09,-10.959886715288302,-3.0382800904164315,-3.5195992,1.0300192040133147,-4.068299294429746,-1.418753252199038
2022-05-12,278.371,-9.678551623123036,-3.046901079481607,-3.5010343,1.0190136743645704,-4.065914753846178,-1.409029532910618
2022-05-13,280.266,-7.783028922254664,-3.0557746690509444,-3.4830651,1.0079966050954383,-4.063771274146383,-1.3989592269626572
2022-05-14,279.911,-8.137394435609915,-3.064864373964663,-3.4458568,0.9969576764682518,-4.061822050432915,-1.3885423721103325
2022-05-15,282.003,-6.044648428329344,-3.074132469166688,-3.3635137,0.985886274310259,-4.060018743476946,-1.3777790551013558
2022-05-16,282.702,-5.344791165553708,-3.083540039231884,-3.287161,0.9747715040117958,-4.058311543243679,-1.36666941433268
2022-05-17,283.84,-4.205822912423622,-3.093047029518599,-3.1875594,0.9636022049353532,-4.056649234453952,-1.355213642542512
2022-05-18,283.26,-4.784257978173611,-3.102612298885828,-3.109464,0.9523669652222116,-4.05497926410804,-1.3434119895340024
2022-05-19,284.472,-3.5705693785269954,-3.112193673912369,-3.0537791,0.941054136982762,-4.053247810895131,-1.331264764926984
2022-05-20,278.284,-9.756757306660724,-3.1217480045535866,-2.982825,0.9296518518562014,-4.051399856409788,-1.318772340934004
2022-05-21,283.214,-4.824821955751983,-3.1312312211695925,-2.9004307,0.9181480369248208,-4.0493792580944135,-1.305935155156886
2022-05-22,284.551,-3.485763518977727,-3.140598392857099,-2.809953,0.906530430967652,-4.047128823824751,-1.2927537133999611
2022-05-23,287.464,-0.5705821895150813,-3.1498037870155,-2.7390473,0.894786601037815,-4.044590388053315,-1.2792285924960989
2022-05-24,290.836,2.8034696879916967,-3.158800930076381,-2.6904447,0.8829039593474896,-4.041704889423871,-1.2653604431415806
2022-05-25,289.136,1.1052052361853089,-3.167542669324124,-2.6267908,0.8708697804440282,-4.038412449768153,-1.251149992735872
2022-05-26,284.107,-3.922213514841348,-3.175981235734036,-2.5482984,0.8586712186603489,-4.034652454394385,-1.2365980482222387
2022-05-27,280.144,-7.883514656481882,-3.184068307753153,-2.506447,0.8462953258223527,-4.030363633575506,-1.2217054989252076
2022-05-28,286.035,-1.9906985256853929,-3.191755075947742,-2.586767,0.8337290691957909,-4.025484145143533,-1.2064733193807688
2022-05-29,293.603,5.579234540599511,-3.198992308440441,-2.6034925,0.820959349654634,-4.019951658095075,-1.1909025721552584
2022-05-30,297.619,9.59728420542396,-3.2057304170590424,-2.5734048,0.8079730200526904,-4.013703437111733,-1.1749944106487946
2022-05-31,281.046,-6.97384350927314,-3.211919524118016,-2.4997592,0.7947569037799128,-4.006676427897929,-1.1587500818791614
2022-06-01,285.867,-2.1508541275251405,-3.217509529753142,-2.4209778,0.7812978134845588,-3.9988073432377007,-1.14217092924201
2022-06-02,285.52,-2.495748030452198,-3.222450179728832,-2.3397593,0.767582569942066,-3.9900327496708976,-1.1252583952432638
2022-06-03,282.718,-5.295525599174383,-3.226691133637269,-2.2830973,0.7535980210513071,-3.980289154688576,-1.108014024199605
2022-06-04,292.057,4.045939428525447,-3.23018203340786,-2.3209653,0.7393310609386098,-3.969513094346469,-1.0904394649029143
2022-06-05,296.105,8.096102366532019,-3.23287257204519,-2.6553974,0.7247686491497479,-3.9576412211949377,-1.0725364732445988
2022-06-06,284.13899999999995,-3.867731055123794,-3.234712562513318,-2.605429,0.7098978299098991,-3.9446103924232174,-1.0543069147957072
2022-06-07,285.919,-2.085438060957556,-3.235652006684058,-2.5259407,0.6947057514314141,-3.930357758115473,-1.0357527673387796
2022-06-08,286.619,-1.3825979931283667,-3.235641164266785,-2.45479,0.6791796852490595,-3.914820849515844,-1.0168761233474355
2022-06-09,291.257,3.258522965192717,-3.23463062163729,-2.3582706,0.6633070455623058,-3.897937667199596,-0.9976791924096748
2022-06-10,286.861,-1.1343498905926324,-3.232571360483283,-2.2949872,0.6470754085640796,-3.8796467690473615,-0.9781643035909756
2022-06-11,279.344,-8.648116994782892,-3.2294148261843376,-2.2736766,0.6304725317353492,-3.859887357919687,-0.9583339077332574
2022-06-12,282.988,-5.000587346172196,-3.2251129958443663,-2.4330754,0.6134863730848089,-3.838599368929175,-0.938190579685881
2022-06-13,288.403,0.4181247771442926,-3.219618445895036,-2.4037418,0.5961051103129071,-3.815723556207943,-0.9177370204648694
2022-06-14,293.322,5.340840714255325,-3.212884419189073,-2.3700638,0.5783171598794258,-3.791201579068499,-0.8969760593366108
2022-06-15,291.38100000000003,3.403272928662736,-3.204864891502942,-2.3145652,0.5601111959538141,-3.764976087456756,-0.8759106558223765
2022-06-16,291.861,3.88639493828122,-3.195514637369032,-2.2520168,0.5414761692274921,-3.736990806596524,-0.8545439016200368
2022-06-17,288.07899999999995,0.1073067870229178,-3.1847892951582657,-2.2137008,0.5224013255673988,-3.707190620725664,-0.8328790224394418
2022-06-18,289.224,1.2548907279658068,-3.172645431334907,-2.169117,0.5028762244900925,-3.675521655825,-0.8109193797480315
2022-06-19,287.626,-0.3406814413718004,-3.1590406038062406,-2.105731,0.4828907574358119,-3.6419313612420527,-0.7886684724232681
2022-06-20,293.193,5.228583623200503,-3.143933424290872,-2.0282025,0.462435165822002,-3.606368590112874,-0.7661299383086382
2022-06-21,288.757,0.7948382567903449,-3.1272836196305103,-1.9487439,0.4415000588559408,-3.568783678486451,-0.743307555670009
2022-06-22,282.983,-4.97729384580741,-3.109052091971305,-1.8751966,0.4200764310862415,-3.5291285230575467,-0.720205244549262
2022-06-23,280.557,-7.401316429182045,-3.089200977742093,-1.7971956,0.3981556796731762,-3.487356657415269,-0.6968270680121802
2022-06-24,283.989,-3.967230238666658,-3.0676937053583297,-1.708424,0.3757296213579703,-3.4434233267163,-0.6731772332877162
2022-06-25,288.781,0.8273138751481408,-3.044495051581925,-1.6196766,0.3527905091114007,-3.3972855606933257,-0.6492600927958457
2022-06-26,293.226,5.27495350271818,-3.01957119646874,-1.53289,0.3293310484422887,-3.3489022449110286,-0.6250801450613453
2022-06-27,291.724,3.775650533003812,-2.9928897768371883,-1.4339082,0.3053444133467252,-3.2982341901839134,-0.6006420355109013
2022-06-28,280.482,-7.463616879459148,-2.964419938193016,-1.3477855,0.2808242618791313,-3.2452442000721478,-0.575950557151153
2022-06-29,288.54600000000005,0.6032348957806963,-2.9341323850471954,-1.2975858,0.2557647513265623,-3.189897136373758,-0.5510106511253254
2022-06-30,288.696,0.7560640646207681,-2.9019994295656755,-1.2355528,0.2301605529679799,-3.1321599825336555,-0.5258274071462622
2022-07-01,290.219,2.2816374783242184,-2.867995038491686,-1.1729989,0.2040068664005434,-3.0720019048922294,-0.5004060638038045
2022-07-02,291.644,3.709201044758601,-2.8320948782832907,-1.1213522,0.1772994334153385,-3.009394311698629,-0.4747520087445726
2022-07-03,287.844,-0.0881734980920612,-2.7942763584109627,-1.0774415,0.1500345514053231,-2.9443109098162856,-0.4488707787223583
2022-07-04,288.487,0.5571931143094719,-2.7545186727620403,-1.0728747,0.122209086288689,-2.876727759050729,-0.4227680595174641
2022-07-05,284.225,-3.702338680093948,-2.712802839101224,-1.0718228,0.0938204849312162,-2.80662332403244,-0.3964496857234773
2022-07-06,288.07899999999995,0.1542558608253075,-2.66911173653838,-1.0286423,0.0648667870516655,-2.733978523590045,-0.3699216404000826
2022-07-07,287.801,-0.1211487110523963,-2.6234301409573666,-0.9828298,0.0353466365946823,-2.658776777552049,-0.3431900545906908
2022-07-08,284.485,-3.4344667805636715,-2.575744758361898,-0.9184521,0.0052592925561573,-2.581004050918055,-0.3162612067037977
2022-07-09,282.51300000000003,-5.4036236384693055,-2.526044256096865,-0.8481353,-0.0253953607535135,-2.500648895343352,-0.2891415217571116
2022-07-10,284.989,-2.92461051285622,-2.474319291906041,-0.7947874,-0.0566168040223397,-2.417702487883701,-0.2618375704836855
2022-07-11,285.978,-1.9324648377732547,-2.420562540789592,-0.72733176,-0.0884038738393551,-2.332158666950237,-0.2343560682993895
2022-07-12,289.01,1.102799312418698,-2.364768719627359,-0.65629905,-0.1207547541999602,-2.2440139654273987,-0.2067038741312483
2022-07-13,283.611,-4.2929480377262506,-2.3069346095364778,-0.5875435,-0.1536669686264373,-2.15326764091004,-0.1788879891063016
2022-07-14,290.958,3.057417776605552,-2.247059075934549,-0.5280085,-0.1871373729155292,-2.05992170301902,-0.1509155551008248
2022-07-15,285.04,-2.857166177981619,-2.185143086282197,-0.4809673,-0.2211621485243986,-1.963980937757798,-0.1227938531498404
2022-07-16,283.25,-4.643639792302556,-2.121189725481588,-0.43975663,-0.2557367966056738,-1.865452928875914,-0.0945303017171187
2022-07-17,283.223,-4.6670039963027055,-2.0552042089101885,-0.38631114,-0.2908561327016974,-1.764348076208491,-0.0661324548258809
2022-07-18,287.088,-0.7982597199274242,-1.987193893071763,-0.33516195,-0.3265142821074533,-1.6606796109643096,-0.0376080000507075
2022-07-19,286.375,-1.5074559067351625,-1.917168283849407,-0.27795276,-0.3627046759110398,-1.5544636079383674,-0.0089647563712103
2022-07-20,284.85,-3.0285814416387806,-1.8451390423481957,-0.21206209,-0.3994200477198804,-1.4457189946283149,0.0197893281117487
2022-07-21,285.744,-2.1305989367215066,-1.7711199883177793,-0.1506133,-0.4366524310802424,-1.3344675572375368,0.0486461785964083
2022-07-22,293.919,6.048575973623262,-1.6951271011481277,-0.10098537,-0.474393157596935,-1.2207339435511924,0.0775975961359291
2022-07-23,284.84700000000004,-3.019245498964084,-1.617178518434388,-0.049140044,-0.5126328557594161,-1.1045456626749717,0.1066352603284963
2022-07-24,285.863,-1.9989621516591625,-1.5372945321096556,-0.011483376,-0.5513614504798021,-0.9859330816298536,0.135750732140316
2022-07-25,294.049,6.19142507040648,-1.4554975821472915,0.012174189,-0.5905681633476695,-0.8649294187996223,0.1649354568599677
2022-07-26,286.398,-1.4556174431242677,-1.3718122478372203,0.052457906,-0.6302415136057147,-0.7415707342315057,0.1941807671824586
2022-07-27,283.549,-4.300641387454499,-1.2862652366434382,0.098170534,-0.6703693198497479,-0.6158959167936903,0.2234778864211364
2022-07-28,284.048,-3.7974770179550568,-1.1988853706527935,0.12793452,-0.7109387024557116,-0.487946668197082,0.2528179318454886
2022-07-29,287.591,-0.25021192078017,-1.1097035706278744,0.14989254,-0.7519360867357153,-0.357767483892159,0.2821919181427123
2022-07-30,280.649,-7.18793134270145,-1.0187528376796051,0.17709406,-0.7933472068243564,-0.2254056308552486,0.3115907610007827
2022-07-31,290.719,2.886450239297941,-0.9260682325779094,0.20436716,-0.8351571102958699,-0.0909111222820394,0.3410052808106206
2022-08-01,284.86400000000003,-2.964509734516432,-0.831686852721543,0.2266951,-0.8773501635119008,0.0456633107903577,0.3704262064848058
2022-08-02,295.88,8.05584066536911,-0.7356478067908728,0.23730797,-0.9199100576989953,0.1842622509081223,0.3998441793901601
2022-08-03,284.999,-2.820749450113788,-0.6379921871100928,0.2723127,-0.9628198157541158,0.324827628644023,0.4292497573913754
2022-08-04,283.42,-4.395249927551125,-0.5387630397479753,0.30816773,-1.006061799775808,0.4672987600278325,0.4586334190027445
2022-08-05,291.038,3.227338156312539,-0.4380053323889059,0.32382154,-1.0496177193178604,0.6116123869289545,0.4879855676449208
2022-08-06,286.371,-1.4353204062029818,-0.3357659200084701,0.34741202,-1.093468640361596,0.7577027203531257,0.5172965360034912
2022-08-07,282.195,-5.607090628302476,-0.2320935083904424,0.38664937,-1.1375949950021569,0.9055014866117144,0.5465565904860572
2022-08-08,285.807,-1.990566903849028,-0.1270386155244746,0.42210343,-1.1819765918434837,1.0549379763190088,0.5757559357743742
2022-08-09,286.156,-1.636744692343298,-0.0206535309262447,0.4583933,-1.2265926270958467,1.205939096169602,0.6048847194679886
2022-08-10,281.126,-6.661758586481559,0.087007727075805,0.48509336,-1.2714216963691825,1.3584294234449874,0.633933036815719
2022-08-11,289.529,1.7465826285472956,0.1958894560406539,0.5156365,-1.316441807154658,1.512331263195312,0.662890935531198
2022-08-12,289.772,1.994691998539228,0.3059343160530532,0.5530107,-1.361630391986255,1.667564708039308,0.6917484206886052
2022-08-13,286.368,-1.4041250575689983,0.4170833782490783,0.5869576,-1.4069643222733617,1.82404770052244,0.7204954596946206
2022-08-14,288.627,0.860150828385152,0.5292761751757206,0.6179163,-1.452419922794759,1.98169609797048,0.7491219873325197
2022-08-15,288.724,0.962498673902815,0.6424507529292859,0.63043743,-1.4979729868435736,2.14042373977286,0.7776179108742619
2022-08-16,285.742,-2.014082603052506,0.7565437250153153,0.6470397,-1.5435987920121896,2.300142517027505,0.8059731152563331
2022-08-17,293.315,5.564839166478556,0.8714903278708122,0.66117114,-1.5892721166053236,2.460762444476136,0.8341774683150175
2022-08-18,288.22,0.475547283832217,0.9872244779875988,0.6838043,-1.6349672566688993,2.6221917346564982,0.8622208260766867
2022-08-19,289.9,2.161243071763141,1.1036788305738765,0.7176268,-1.6806580436215772,2.784336874195453,0.8900930380986675
2022-08-20,286.04200000000003,-1.690987980725332,1.2207848396892724,0.74133956,-1.7263178624752666,2.947102702164539,0.9177839528561276
2022-08-21,289.087,1.3600827407262388,1.3384728197869789,0.7658884,-1.7719196706302016,3.1103924904171807,0.9452834231703896
2022-08-22,291.445,3.724230719252497,1.4566720085950204,0.79068077,-1.8174360172295936,3.274108025824614,0.9725813116740376
2022-08-23,287.427,-0.2875450831246735,1.575310631267178,0.80443805,-1.8628390630582248,3.438149694325403,0.9996674963081036
2022-08-24,295.383,7.674796267594818,1.694315965732614,0.82542133,-1.908100600968804,3.6024165667014176,1.026531875846581
2022-08-25,294.548,6.84622451020172,1.813614409171968,0.8449165,-1.9531920768191884,3.766806485991157,1.0531643754435072
2022-08-26,284.637,-3.0595810782903605,1.933131545546382,0.8671987,-1.9980846109031905,3.931216156449573,1.079554952197749
2022-08-27,289.306,1.614749487140649,2.052792214104729,0.8833684,-2.042749019856931,4.09554123396166,1.1056936007307132
2022-08-28,289.035,1.349200505359419,2.1725205787933013,0.896011,-2.087155839022326,4.259676417815627,1.13157035877202
2022-08-29,290.397,2.716770745077632,2.2922401984911054,0.9229751,-2.1312753452486493,4.423515543739755,1.1571753127483342
2022-08-30,291.888,4.2134589750068585,2.411874097993134,0.9446794,-2.175077580112686,4.58695167810582,1.1824986033703926
2022-08-31,290.617,2.9482639638586696,2.531344839663024,0.9656306,-2.2185323735374407,4.749877213200464,1.2075304312133586
2022-09-01,292.936,5.27318448034463,2.650574595675917,0.9916843,-2.2616093677889504,4.912183963464868,1.2322610622855503
2022-09-02,288.786,1.1292192931763618,2.7694852207716214,1.0256733,-2.304278041830242,5.073763262601863,1.2566808335806834
2022-09-03,286.622,-1.02864770070323,2.88799832543767,1.0511767,-2.3465077360110973,5.234506061448768,1.2807801586086978
2022-09-04,296.77500000000003,9.130611606830708,3.0060353494414063,1.0650741,-2.388267677071814,5.394303026513221,1.3045495329002892
2022-09-05,289.608,1.9699815146427613,3.12351763562991,1.0818092,-2.429527003438837,5.553044639068747,1.3279795394803129
2022-09-06,292.19,4.558460791444711,3.2403665039162948,1.1087517,-2.470254790789666,5.710621294705961,1.3510608543051728
2022-09-07,293.101,5.476048205948014,3.3565033253707424,1.1259074,-2.510420077864189,5.866923403234932,1.3737842516594645
2022-09-08,291.014,3.395742526864321,3.471849596334608,1.1351656,-2.549991892499192,6.0218414888338,1.3961406095070323
2022-09-09,293.856,6.244377939664766,3.5863270124759485,1.1300675,-2.588939277862541,6.17526629033849,1.4181209147917628
2022-09-10,297.596,9.99112234279971,3.699857542704904,1.144006,-2.627231318863182,6.327088861568086,1.4397162686834364
2022-09-11,297.011,9.412959608162597,3.81236350286768,1.1656106,-2.664837168712946,6.477200671580626,1.4609178917639942
2022-09-12,287.051,-0.5400970529402223,3.9237676291381134,1.1666036,-2.701726075615785,6.625493704753898,1.4817171291496778
2022-09-13,285.317,-2.2670488990488766,4.033993151026245,1.1726519,-2.7378674095599536,6.771860560586198,1.502105455544534
2022-09-14,289.372,1.795282266305465,4.1429638639238044,1.1854719,-2.773230689188387,6.916194553112192,1.5220744802208428
2022-09-15,287.868,0.298711587199028,4.250604201107175,1.213109,-2.807785608722436,7.058389809829611,1.541615951922132
2022-09-16,295.976,8.414237832343561,4.356839305118997,1.2404647,-2.8415020649138643,7.1983413700328605,1.56072176368449
2022-09-17,295.591,8.036859770450528,4.461595098450425,1.2554921,-2.8743501840000305,7.335945282450455,1.579383957571968
2022-09-18,292.659,5.1125761702315415,4.56479835344689,1.0860163,-2.9063003486369583,7.471098702083848,1.5975947293219874
2022-09-19,289.211,1.6723858003983132,4.666376761361192,0.98873645,-2.9373232247850303,7.603699986146223,1.615346432896725
2022-09-20,289.68100000000004,2.150287429662288,4.766259000478773,0.9240862,-2.9673897885219165,7.733648789000689,1.6326315849365571
2022-09-21,292.937,5.414279826735106,4.864374803241182,0.9012396,-2.9964713527573896,7.860846155998571,1.6494428691117493
2022-09-22,287.91,0.3953617603283446,4.960655022294953,0.92295724,-3.02453959382465,7.985194616119603,1.6657731403686926
2022-09-23,292.373,4.866531999153559,5.05503169539439,0.9743952,-3.0515665779228307,8.106598273317221,1.6816154290670635
2022-09-24,292.208,4.709789311922514,5.147438109088204,1.0333657,-3.0775247873853853,8.22496289647359,1.6969629450044477
2022-09-25,292.448,4.958132467346534,5.237808861121332,1.0855988,-3.102387146749204,8.340196007870535,1.7118090813250315
2022-09-26,292.925,5.443560234137484,5.326079921484858,1.125134,-3.1261270485993102,8.452206970084168,1.72614741830914
2022-09-27,292.642,5.169071381006715,5.412188692048609,1.1616794,-3.1487183791642277,8.560907071212837,1.7399717270404949
2022-09-28,289.649,2.18466467666594,5.496074064712574,1.1922584,-3.1701355436371808,8.666209608349755,1.7532759729481815
2022-09-29,290.367,2.911338889826744,5.577676478015218,1.2102016,-3.1903534911985387,8.768029969213757,1.7660543192204852
2022-09-30,291.7,4.253092789200711,5.656937972138465,1.2375071,-3.2093477397150543,8.86628571185352,1.7783011300878533
2022-10-01,294.512,7.0739251434994666,5.733802242251091,1.2514772,-3.2270944000917448,8.960896642342835,1.790010973972423
2022-10-02,295.839,8.409834721434486,5.808214690134279,1.2781627,-3.243570200252461,9.05178489038674,1.8011786265016196
2022-10-03,296.182,8.761820291717452,5.8801224740350095,1.3040415,-3.2587525087255265,9.138874982760536,1.81179907338357
2022-10-04,291.552,4.1408806230599176,5.949474556695141,1.3281778,-3.2726193578110583,9.2220939145062,1.821867513142137
2022-10-05,296.811,9.409014484173502,6.01622175150621,1.3560199,-3.2851494663070007,9.30137121781321,1.831379359709581
2022-10-06,291.631,4.238220643769818,6.080316766742076,1.3973106,-3.2963222617711643,9.37663902851324,1.84033024487498
2022-10-07,296.111,8.72733328731991,6.141714247823921,1.4315288,-3.306117902297008,9.447832150120927,1.8487160205866948
2022-10-08,297.38100000000003,10.006520313274256,6.200370817574348,1.455803,-3.3145172977812374,9.514888115355586,1.856532761107338
2022-10-09,299.98,12.61478046529485,6.256245114419707,1.4797508,-3.3215021306617785,9.577747245081486,1.863776765019815
2022-10-10,301.798,14.44211248704364,6.309297828502196,1.5009909,-3.3270548761050507,9.636352704607246,1.870444557083228
2022-10-11,301.279,13.932515122182767,6.359491735665693,1.5245982,-3.331158821622019,9.690650557287713,1.876532889937513
2022-10-12,297.577,10.239987114374127,6.4067917292818,1.539194,-3.333798086092869,9.740589815374667,1.8820387456559204
2022-10-13,298.51800000000003,11.190527207279812,6.45116484988508,1.5444776,-3.334957638180792,9.786122488065873,1.8869593371445328
2022-10-14,301.254,13.93613414456182,6.492580312588986,1.5747262,-3.3346233141157637,9.82720362670475,1.8912921093882344
2022-10-15,304.11,16.80180666988209,6.531009532256677,1.5936444,-3.332781834829856,9.863791367086533,1.895034740542637
2022-10-16,305.719,18.42054352690274,6.566426146403347,1.5977283,-3.329420822426085,9.895846968829431,1.898185142871734
2022-10-17,295.327,8.0383434592857,6.598806035809521,1.6114031,-3.3245288159634714,9.923334851772992,1.9007414635310829
2022-10-18,296.661,9.382205210693014,6.628127342827257,1.6426542,-3.3180952865415207,9.946222629368778,1.902702085196585
2022-10-19,295.115,7.84612752478676,6.654370487363989,1.6700689,-3.310110651668007,9.964481139031996,1.9040656265390152
2022-10-20,296.726,9.467109145228813,6.677518180531331,1.7003621,-3.300566288894528,9.97808446942586,1.904830942544684
2022-10-21,300.056,12.807148815681307,6.69755543594893,1.7113063,-3.289454548704998,9.987009984653929,1.904997124682684
2022-10-22,302.476,15.237245279806189,6.714469578696131,1.6118948,-3.276768766642879,9.99123834533901,1.904563500919417
2022-10-23,296.477,9.248397281265502,6.728250251906894,1.5948126,-3.2625032746636617,9.990753526570556,1.9035296355811948
2022-10-24,292.158,4.939603563721198,6.738889421006149,1.5368928,-3.2466534116997776,9.985542832705928,1.9018953290658676
2022-10-25,291.315,4.106862870835394,6.746381375588496,1.5213977,-3.2292155334258728,9.975596909014367,1.8996606174046269
2022-10-26,293.658,6.460173946270023,6.750722728942769,1.4877131,-3.210187021213056,9.960909750155825,1.8968257716752284
2022-10-27,297.997,10.809424774564413,6.751912415228792,1.4702669,-3.1895662902615185,9.94147870549031,1.8933912972680464
2022-10-28,305.649,18.47167459175818,6.749951684315232,1.4691623,-3.167352796901618,9.917304481216853,1.889357933006539
2022-10-29,295.25600000000003,8.088976924149836,6.744844094290173,1.467973,-3.1435470450543472,9.88839113934452,1.884726650123824
2022-10-30,294.65599999999995,7.499330490427476,6.736595501658678,1.4403,-3.118150591842797,9.854746093501475,1.8794986510971905
2022-10-31,299.88100000000003,12.734734009279611,6.725214049244193,1.4275793,-3.0911660523471003,9.816380101591292,1.8736753683425609
2022-11-01,306.459,19.322844803678667,6.7107101518133145,1.1808077,-3.0625971034960293,9.773307255309344,1.867258462771017
2022-11-02,303.71,16.583999262592307,6.693096479445913,1.0769895,-3.032448487089308,9.72554496653522,1.86024982220962
2022-11-03,295.746,8.630194700669032,6.672387938675279,1.0569876,-3.000726011945431,9.67311395062071,1.8526515596889284
2022-11-04,290.235,3.1292270848658137,6.648601651425327,0.9361611,-2.967436555170655,9.616038206595984,1.8444660115997311
2022-11-05,296.921,9.82531337169886,6.621756931774477,0.5564256,-2.932588062545584,9.55434499432006,1.8356957357215895
2022-11-06,290.267,3.181452191004189,6.591875260578212,0.46365872,-2.8961895480266486,9.48806480860486,1.82634350912598
2022-11-07,283.275,-3.800357827382075,6.558980257984687,0.046792854,-2.858251092360553,9.41723135034524,1.816412325956868
2022-11-08,296.04,8.975099111789056,6.523097653880173,-0.25694883,-2.818783840810629,9.341881494690805,1.805905395091712
2022-11-09,295.363,8.308514464390857,6.484255256303332,-0.34050408,-2.777799999994832,9.262055256298163,1.7948261376859656
2022-11-10,288.713,1.6687727061614246,6.442482917869654,-0.33798844,-2.7353128338359967,9.17779575170565,1.7831781846042738
2022-11-11,286.175,-0.8589323144876935,6.397812500249513,-0.33572552,-2.691336658625736,9.089149158875248,1.7709653737416369
2022-11-12,285.63100000000003,-1.3924013263709574,6.350277836745475,-0.39763847,-2.645886837204253,8.996164673949728,1.7581917472379234
2022-11-13,286.447,-0.5658309088919093,6.29991469301655,-0.36931905,-2.598979772259133,8.898894465275683,1.7448615485892076
2022-11-14,287.682,0.6797775873106922,6.246760725999136,-0.34531412,-2.5506328987470366,8.797393624746173,1.7309792196594842
2022-11-15,286.867,-0.1245771884020943,6.190855441076302,-0.30359042,-2.5008646754430206,8.691720116519322,1.7165493975963593
2022-11-16,284.923,-2.057807706699584,6.132240147549022,-0.25683102,-2.4496945756230417,8.581934723172065,1.701576911654479
2022-11-17,287.369,0.3989982170263095,6.070957912464719,-0.22287397,-2.397143076886015,8.468100989350734,1.6860667799304363
2022-11-18,289.609,2.6498541170672985,6.007053512860317,-0.18600644,-2.343231650122642,8.350285162982958,1.670024206013012
2022-11-19,288.788,1.8397441883019536,5.9405733864786034,-0.15087378,-2.287982747638939,8.228556134117543,1.6534545755526395
2022-11-20,289.251,2.3136670954556053,5.871565581018384,-0.122575365,-2.231419790443349,8.102985371461733,1.636363452754088
2022-11-21,289.274,2.34747834604152,5.800079701980392,-0.09087349,-2.17356715470693,7.973646856687322,1.6187565767963228
2022-11-22,286.514,-0.4016770983301674,5.726166859172443,-0.082763806,-2.114450157407068,7.840617016579511,1.6006398581836376
2022-11-23,286.473,-0.4318402837562458,5.6498796119386085,-0.06043884,-2.05409504116579,7.703974653104399,1.5820193750321296
2022-11-24,289.068,2.1742073029631386,5.57127191317859,-0.058599655,-1.992528958294652,7.563800871473242,1.5629013692956568
2022-11-25,286.817,-0.0657091267651992,5.490399052224627,-0.059024386,-1.9297799540588003,7.420179006283428,1.543292242935409
2022-11-26,287.611,0.7394856326498496,5.407317596644437,-0.083405666,-1.865876949173657,7.273194545818094,1.5231985540373043
2022-11-27,288.43,1.5697167455379422,5.3220853330397135,-0.09547487,-1.80084972154833,7.122935054588043,1.502627012881383
2022-11-28,295.42400000000004,8.57483334858393,5.234761206910726,-0.13624918,-1.7347288872906228,6.9694900942013485,1.481584477967414
2022-11-29,302.86999999999995,16.031987489231422,5.145405261658389,-0.12499664,-1.66754588098917,6.81295114264756,1.4600779520009313
2022-11-30,300.241,13.41416760019752,5.054078576796026,-0.22589415,-1.599332935288956,6.653411512084982,1.438114577843912
2022-12-01,293.36,6.544370027370487,4.960843205443684,-0.7889072,-1.5301230597771212,6.4909662652208056,1.415701634434322
2022-12-02,290.338,3.5335293385847835,4.865762111178567,-0.7903249,-1.459950019196628,6.325712130375194,1.392846532678708
2022-12-03,293.386,6.59271864473898,4.768899104315596,-0.80572987,-1.3888483110059875,6.157747415321584,1.3695568113220515
2022-12-04,296.051,9.268936583054725,4.670318777692616,-1.0771471,-1.3168531423038934,5.987171919996509,1.3458401327990457
2022-12-05,295.124,8.35300352097697,4.570086442035083,-1.3062707,-1.244000406138181,5.814086848173265,1.32170427907092
2022-12-06,289.377,2.6170766494477937,4.46826806097531,-1.3166442,-1.1703266572191573,5.638594718194468,1.297157147451945
2022-12-07,288.07700000000006,1.3280801669646367,4.36493018580159,-1.3123752,-1.0958690870578671,5.460799272859457,1.2722067464297118
2022-12-08,285.377,-1.3612369994644502,4.260139890012493,-1.489969,-1.0206654985504602,5.280805388562953,1.2468611914831622
2022-12-09,286.567,-0.1601057958714506,4.15396470375172,-1.588765,-0.944754280030304,5.098718983782025,1.2211287009024283
2022-12-10,285.558,-1.158280849484501,4.046472548198729,-2.2696772,-0.8681743788100251,4.914646927008754,1.1950175916143757
2022-12-11,289.277,2.5713111348921176,3.937731669990177,-2.5240824,-0.7909652742361414,4.728696944226318,1.1685362750177553
2022-12-12,293.695,6.999700083369024,3.827810575746962,-2.5578017,-0.7131669502793978,4.54097752602636,1.141693252831766
2022-12-13,290.43600000000004,3.751132954191603,3.716777966781244,-2.556784,-0.6348198676843679,4.351597834465612,1.114497112961816
2022-12-14,282.55400000000003,-4.120570039290816,3.604702674057379,-2.550968,-0.55596493570232,4.160667609759699,1.0869565253861362
2022-12-15,283.165,-3.4989773055181894,3.49165359348017,-2.5354345,-0.4766434834317018,3.968297076911872,1.0590802380668762
2022-12-16,286.473,-0.1801105864018404,3.377699621583176,-2.4909701,-0.3968972307910114,3.774596852374187,1.0308770728892136
2022-12-17,286.974,0.3318021827731234,3.2629095916891195,-2.4470265,-0.3167682591491406,3.57967785083826,1.002355921631929
2022-12-18,286.232,-0.3992529264137112,3.14735221061363,-2.4039724,-0.236298981638621,3.383651192252251,0.9735257419727892
2022-12-19,288.68100000000004,2.060562272485218,3.031095995982641,-2.3591135,-0.1555321131774828,3.186628109160124,0.9443955535320416
2022-12-20,283.647,-2.9625889112036123,2.914209214232845,-2.3745108,-0.0745106402257283,2.9887198544585734,0.9149744339571676
2022-12-21,288.71200000000005,2.113616855014673,2.7967598193634826,-2.3967865,0.0067222096973369,2.790037609666145,0.8852715150519768
2022-12-22,283.767,-2.8204715275856675,2.6788153925066878,-2.3739386,0.0881229987084545,2.590692393798233,0.8552959789530241
2022-12-23,291.085,4.508633759273977,2.5604430823823208,-2.432468,0.1696481094417741,2.3907949729405464,0.8250570543562012
2022-12-24,287.246,0.6806898036193423,2.4417095467019982,-2.4697764,0.2512537760893911,2.190455770612607,0.7945640127962702
2022-12-25,286.879,0.3247978242599085,2.3226808945856243,-2.469469,0.3328961155740791,1.9897847790115453,0.7638261649819852
2022-12-26,295.27500000000003,8.732112542102072,2.2034226300523088,-2.531837,0.4145311588271114,1.788891471225197,0.7328528571893052
2022-12-27,279.514,-7.017751964528289,2.083999596646028,-3.6222904,0.4961148821439837,1.5878847145020445,0.7016534677151406
2022-12-28,292.331,5.810413754580248,1.9644759232548443,-3.685562,0.5776032385907653,1.386872684664079,0.670237403393894
2022-12-29,290.618,4.108466945436513,1.8449149711807995,-3.8403978,0.6589521894337851,1.1859627817470142,0.6386140961789781
2022-12-30,295.859,9.360538624582436,1.725379282515945,-4.796242,0.7401177355653357,0.9852615469506094,0.6067929997913246
2022-12-31,291.396,4.908621288424687,1.605930529878136,-5.103596,0.8210559488980765,0.7848745809800594,0.5747835864368218
2023-01-01,297.61,11.133567460228155,1.4866294675584375,-5.1121025,0.9017230037008956,0.5849064638575419,0.54259534359443
2023-01-02,289.161,2.695522830713886,1.3675358841300482,-5.101557,0.9820752078490128,0.3854606762810354,0.5102377708766475
2023-01-03,290.906,4.451421783784953,1.2487085565667413,-5.077537,1.0620690339612244,0.1866395226055168,0.4777203769638145
2023-01-04,287.087,0.6431589766318142,1.130205205916755,-5.2560945,1.141661150397294,-0.0114559444805388,0.4450526766136558
2023-01-05,287.961,1.5280845578106312,1.0120824545760987,-5.9193435,1.2208084520886626,-0.2087259975125639,0.4122441877472863
2023-01-06,283.77000000000004,-2.6521547410537174,0.8943957852030322,-5.915591,1.2994680911757786,-0.4050723059727463,0.3793044286127949
2023-01-07,273.187,-13.224387041181895,0.7771995013134186,-6.1345625,1.377597507425597,-0.6003980061121784,0.3462429150273691
2023-01-08,290.165,3.764577028312633,0.6605466895943847,-6.5539813,1.4551544584029754,-0.7946077688085907,0.3130691576987776
2023-01-09,279.312,-7.077641499499597,0.5444891839715585,-6.915899,1.5320970493699724,-0.9876078653984138,0.2797926596269245
2023-01-10,282.673,-3.7058450453558898,0.4290775314627947,-7.132229,1.608383762887294,-1.1793062314244995,0.2464229135859987
2023-01-11,284.556,-1.811906935583327,0.3143609598490638,-7.3258524,1.6839734880924844,-1.3696125282434206,0.2129693996876424
2023-01-12,270.395,-15.961931829727698,0.2003873471908568,-7.3828373,1.7588255496297125,-1.5584382024388554,0.1794415830254142
2023-01-13,279.143,-7.202883112145227,0.0872031932159594,-7.7114797,1.83289973620641,-1.7456965429904503,0.1458489114006611
2023-01-14,282.993,-3.341685641553403,-0.0251464073977615,-8.170513,1.9061563287523524,-1.931302736150114,0.1122008131298117
2023-01-15,283.105,-3.2183274552310284,-0.1366177898234744,-8.224808,1.9785561281571808,-2.115173917980655,0.0785066949329494
2023-01-16,287.71200000000005,1.400540412595698,-0.2471687419517012,-8.146589,2.050060482562781,-2.2972292245144827,0.0447759399033676
2023-01-17,292.243,5.942948460284391,-0.3567585253055776,-7.9772053,2.1206313141873743,-2.477389839492952,0.0110179055577167
2023-01-18,286.93600000000004,0.64709214222549,-0.4653478939912933,-8.003027,2.190231145658617,-2.6555790396499104,-0.0227580780338279
2023-01-19,288.831,2.553140276596698,-0.5728991116724214,-7.9205256,2.258823125833545,-2.831722237505966,-0.0565427100380253
2023-01-20,279.037,-7.229950241601573,-0.6793759665593172,-7.734163,2.3263710550836185,-3.005747021642936,-0.090326720570505
2023-01-21,283.175,-3.081056764254871,-0.7847437844072777,-7.57472,2.392839410023732,-3.17758319443101,-0.1241008723300767
2023-01-22,290.803,4.557861258308715,-0.8889694395196406,-7.421582,2.458193367664547,-3.3471628071841875,-0.1578559621565149
2023-01-23,280.855,-5.379350921500049,-0.9920213637544864,-7.2683997,2.5223988289680914,-3.5144201927225778,-0.191582822512974
2023-01-24,285.178,-1.0455064437138295,-1.093869553536115,-7.1270337,2.585422441787139,-3.679291995323254,-0.2252723228943724
2023-01-25,282.055,-4.157420205105161,-1.1944855748749197,-6.989028,2.647231623169518,-3.841717198044438,-0.2589153711631525
2023-01-26,281.552,-4.648930943190704,-1.293842566401786,-6.8431525,2.707794581009056,-4.001637147410842,-0.2925029148139691
2023-01-27,282.31800000000004,-3.8714867021791513,-1.391915240425566,-6.7225995,2.767080335025593,-4.15899557545116,-0.3260259421689699
2023-01-28,279.444,-6.73375276196321,-1.4886798820246414,-6.597275,2.825058737057054,-4.313738619081695,-0.3594754835054234
2023-01-29,287.634,1.4679240190239775,-1.5841143461860043,-6.489832,2.881700490647316,-4.46581483683332,-0.3928426121175691
2023-01-30,290.24499999999995,4.090542265686533,-1.678198053007676,-6.3498654,2.9369771699142544,-4.6151752229219305,-0.4261184453146822
2023-01-31,280.333,-5.8100093612183645,-1.7709119809826708,-6.231006,2.990861237683057,-4.761773218665728,-0.4592941453574027
2023-02-01,285.725,-0.4066252607958471,-1.862238658385028,-6.1201506,3.043326062870604,-4.905564721255632,-0.4923609203345268
2023-02-02,290.852,4.731693175574158,-1.9521621527807929,-6.012914,3.0943459371074624,-5.046508089888255,-0.5253100249824957
2023-02-03,287.757,1.6478556765420476,-2.0406680586890658,-6.032795,3.1438960905847315,-5.184564149273797,-0.5581327614499648
2023-02-04,284.04200000000003,-2.0561073312185822,-2.127743483420494,-5.9673567,3.191952707113795,-5.319696190534289,-0.5908204800098518
2023-02-05,285.06,-1.0271440905151366,-2.213377031122808,-6.309752,3.2384929383877146,-5.451869969510522,-0.6233645797214037
2023-02-06,282.912,-3.1642457946904035,-2.2975587850651267,-6.2380013,3.283494917433844,-5.581053702498971,-0.655756509044861
2023-02-07,279.904,-6.161275108174574,-2.3802802881948906,-6.167819,3.3269377712479757,-5.707218059442866,-0.6879877664113642
2023-02-08,277.398,-8.65638681476626,-2.461534522003362,-6.0766664,3.3688016326011296,-5.830336154604492,-0.720049900750853
2023-02-09,287.04200000000003,0.9984841023714268,-2.541315883737628,-5.9846444,3.4090676510108957,-5.950383534748523,-0.7519345119807125
2023-02-10,293.392,7.35920161007737,-2.619620161999045,-5.921469,3.44771800287005,-6.067338164869096,-0.783633251458025
2023-02-11,289.034,3.011537315057371,-2.696444510769911,-5.874068,3.4847359007259318,-6.181180411495842,-0.8151378223983095
2023-02-12,289.583,3.570426664311552,-2.7717874219120966,-5.7838526,3.5201056017049366,-6.291893023617034,-0.8464399802636874
2023-02-13,281.76800000000003,-4.234802837294303,-2.8456486961830763,-5.726157,3.553812415077259,-6.399461111260335,-0.8775315331234547
2023-02-14,298.567,12.573877441122352,-2.918029412816612,-5.751237,3.5858427089578537,-6.5038721217744655,-0.908404341990066
2023-02-15,288.525,2.54139606365459,-2.9889318977169395,-5.6739283,3.616183916140378,-6.605115813857317,-0.9390503211335766
2023-02-16,282.493,-3.481526213301696,-3.058359690316999,-5.5951915,3.6448245390617706,-6.70318422937877,-0.9694614383776228
2023-02-17,285.45500000000004,-0.5104962275807212,-3.126317509152701,-5.498601,3.671754153895851,-6.798071663048552,-0.999629715380002
2023-02-18,286.851,0.8940243405476442,-3.192811216206774,-5.3995514,3.696963413775233,-6.889774629982007,-1.0295472279009945
2023-02-19,276.04200000000003,-9.90654129571741,-3.257847780077074,-5.3139043,3.720444051141617,-6.978291831218691,-1.059206106062495
2023-02-20,281.343,-4.5971947392367065,-3.3214352380256216,-5.239365,3.742188879225381,-7.063624117251003,-1.0885985346011189
2023-02-21,285.454,-0.4775892374908079,-3.3835826569658245,-5.2799487,3.762191792656154,-7.145774449621978,-1.1177167531183414
2023-02-22,274.78799999999995,-11.13506713258326,-3.4443000934465875,-5.358503,3.780447767206987,-7.224747860653574,-1.1465530563308486
2023-02-23,271.092,-14.822482069801676,-3.503598552693072,-5.4476304,3.7969528586753727,-7.300551411368445,-1.1750997943241213
2023-02-24,275.165,-10.74092299131837,-3.561489946764877,-5.6848216,3.811704200905362,-7.373194147670239,-1.2033493728123863
2023-02-25,280.12,-5.777442738760714,-3.617987051893452,-5.7068543,3.8247000029556704,-7.442687054849122,-1.2312942534079767
2023-02-26,278.455,-7.433413193310566,-3.673103465061264,-5.8635545,3.835939545419577,-7.509043010480841,-1.2589269539030934
2023-02-27,290.489,4.610021647515571,-3.726853559886192,-6.1984277,3.845423175903096,-7.572276735789288,-1.286240048567031
2023-02-28,281.63300000000004,-4.236847793144149,-3.7792524418751703,-6.5712757,3.853152303668809,-7.63240474554398,-1.3132261684617434
2023-03-01,286.224,0.3632369798294963,-3.830315903111887,-6.5966606,3.859129393453362,-7.68944529656525,-1.3398780017787304
2023-03-02,287.155,1.303206346568135,-3.880060376443684,-6.5650597,3.863357958467556,-7.74341833491124,-1.3661882942000494
2023-03-03,288.10799999999995,2.264992531707704,-3.9285028892334335,-6.5277977,3.865842552588546,-7.79434544182198,-1.3921498492863056
2023-03-04,287.674,1.8391667892291292,-3.975661016742465,-6.701595,3.866588761754541,-7.842249778497006,-1.4177555288943315
2023-03-05,283.624,-2.2031956523416025,-4.021552835210834,-6.949062,3.865603194573023,-7.887156029783856,-1.4429982536272663
2023-03-06,277.144,-8.67521890035167,-4.066196874701555,-6.9800463,3.8628934721542687,-7.929090346855824,-1.4678710033196205
2023-03-07,278.90700000000004,-6.903853511573672,-4.109612071775437,-7.025726,3.858468217182627,-7.968080288958064,-1.4923668175599096
2023-03-08,274.516,-11.286610248199024,-4.151817722063186,-7.1654325,3.852337042238727,-8.004154764301914,-1.5164787962532589
2023-03-09,278.62,-7.174424085298237,-4.192833432801473,-7.274406,3.844510537386412,-8.037343970187884,-1.5402001002264103
2023-03-10,280.989,-4.797364642740189,-4.232679075399394,-7.8281474,3.835000257038884,-8.067679332438278,-1.563523951877397
2023-03-11,282.066,-3.712192728647616,-4.27137473810166,-7.8357286,3.8238187061191775,-8.095193444220836,-1.586443635872075
2023-03-12,280.603,-5.167146794162144,-4.308940678814389,-8.047036,3.8109793255306847,-8.119920004345074,-1.6089524998896396
2023-03-13,282.581,-3.181214124222988,-4.345397278159169,-8.484735,3.7964964769540592,-8.141893755113228,-1.6310439554191
2023-03-14,286.86,1.10576280667092,-4.380764992820353,-9.136814,3.780385426987459,-8.161150419807813,-1.652711478608634
2023-03-15,292.273,6.526559059831966,-4.415064309250221,-9.120283,3.762662330647566,-8.177726639897788,-1.6739486111695865
2023-03-16,280.40500000000003,-5.33383576879196,-4.448315697795837,-8.973464,3.743344214249449,-8.191659912045285,-1.6947489613368096
2023-03-17,279.24100000000004,-6.490288349571822,-4.480539567310762,-8.804439,3.722448957683827,-8.20298852499459,-1.7151062048868884
2023-03-18,284.726,-0.9978682473811832,-4.511756220313997,-8.619114,3.699995276110797,-8.211751496424794,-1.7350140862157222
2023-03-19,287.894,2.177423222611423,-4.54198580875763,-8.7238,3.6760027010895886,-8.217988509847219,-1.7544664194767317
2023-03-20,284.66200000000003,-1.047654187369389,-4.571248290463712,-8.713293,3.6504915611643662,-8.221739851628078,-1.773457089780946
2023-03-21,286.404,0.701306813673656,-4.59956338628983,-8.640438,3.623482961926543,-8.223046348216373,-1.7919800544599975
2023-03-22,280.187,-5.508862964245695,-4.626950538081806,-8.579153,3.5949987655745,-8.221949303656306,-1.810029344392975
2023-03-23,281.452,-4.237098441203306,-4.653428867470625,-8.544264,3.5650615699919896,-8.218490437462615,-1.827599065397946
2023-03-24,275.079,-10.603469182072391,-4.679017135569664,-8.465163,3.533694687366898,-8.212711822936562,-1.8446833996887968
2023-03-25,281.4,-4.275976502021883,-4.7037337036267175,-8.339422,3.5009221223723666,-8.204655825999083,-1.8612766073979503
2023-03-26,281.16,-4.509516955785298,-4.727596494684135,-8.17936,3.4667685499326466,-8.19436504461678,-1.8773730281653311
2023-03-27,281.777,-3.886193772215608,-4.750622956298811,-8.0227995,3.431259292596308,-8.181882248895118,-1.892967082793837
2023-03-28,275.494,-10.162892767067254,-4.772830024372261,-8.486114,3.3944202975397664,-8.167250321912029,-1.9080532749714345
2023-03-29,282.115,-3.535639099994106,-4.794234088139482,-8.539716,3.3562781132242985,-8.15051220136378,-1.922626193059834
2023-03-30,287.009,1.3649348821090863,-4.81485095636359,-8.424899,3.316859865729997,-8.131710822093588,-1.936680511949564
2023-03-31,280.443,-5.194843187991947,-4.834695824781566,-8.319875,3.27619323479027,-8.110889059571836,-1.9502109949811288
2023-04-01,285.157,-0.4742351278207481,-4.853783244844657,-8.307459,3.2343064295507333,-8.088089674395391,-1.963212495931774
2023-04-02,279.083,-6.541750473201406,-4.872127093795185,-8.262737,3.19122816407645,-8.063355257871635,-1.9756799610672384
2023-04-03,279.344,-6.27439123059275,-4.889740546119628,-8.2091875,3.146987632631648,-8.036728178751275,-1.9876084312577305
2023-04-04,278.447,-7.165158553538431,-4.906636046415955,-8.104567,3.10161448475612,-8.008250531172074,-1.99899304415722
2023-04-05,282.273,-3.3327132346435486,-4.92282528371121,-7.9837165,3.0551388001626165,-7.977964083873826,-2.0098290364449785
2023-04-06,278.845,-6.754210955984062,-4.938319167263336,-7.9342365,3.007591063479597,-7.945910230742932,-2.0201117461281752
2023-04-07,276.045,-9.547750854138547,-4.953127803879221,-8.133657,2.9590021388637227,-7.912129942742943,-2.0298366149041525
2023-04-08,277.921,-7.665405753545301,-4.9672604767787965,-8.01559,2.909403244506498,-7.876663721285294,-2.0389991905809226
2023-04-09,283.30100000000004,-2.27917672027394,-4.980725626032975,-7.908985,2.858825927059456,-7.839551553092431,-2.047595129554211
2023-04-10,278.872,-6.702064820393939,-4.993530830600991,-7.8206563,2.807302036002202,-7.800832866603193,-2.055620199339276
2023-04-11,280.214,-5.353887874300021,-5.005682791990573,-7.83441,2.7548636979776235,-7.760546489968196,-2.063070281155581
2023-04-12,278.481,-7.080705460918267,-5.017187319562125,-7.7172747,2.7015432911184103,-7.718730610680535,-2.069941372562266
2023-04-13,275.674,-9.881505373421096,-5.028049317495896,-7.5888925,2.6473734193889835,-7.675422736884879,-2.0762295901421832
2023-04-14,278.201,-7.348414852241452,-5.038272773438808,-7.4461656,2.5923868869667293,-7.630659660405538,-2.081931172232212
2023-04-15,277.17900000000003,-8.364434899365005,-5.047860748845391,-7.317767,2.536616672686311,-7.584477421531702,-2.0870424816973245
2023-04-16,279.746,-5.791404707639193,-5.056815371024912,-7.221664,2.480095904570605,-7.536911275595518,-2.0915600087458595
2023-04-17,277.708,-7.823482691200764,-5.065137826904529,-7.2139626,2.422857834471643,-7.487995661376171,-2.0954803737832197
2023-04-18,267.115,-18.410669828073782,-5.072828358515948,-7.237797,2.3649358128446325,-7.43776417136058,-2.098800330301194
2023-04-19,277.435,-8.084967096282302,-5.079886260210762,-7.1886177,2.3063632636779574,-7.38624952388872,-2.101516767799882
2023-04-20,275.872,-9.64204494359517,-5.08630987760728,-7.095917,2.24717365960168,-7.33348353720896,-2.103626714739163
2023-04-21,273.49,-12.0182126568225,-5.092096608269333,-7.0009727,2.187400497196856,-7.27949710546619,-2.1051273415164795
2023-04-22,273.246,-12.256484044936265,-5.097242904115255,-6.876302,2.127077272527547,-7.224320176642802,-2.106015963467627
2023-04-23,278.097,-7.399817820034862,-5.101744275552811,-6.7918005,2.06623745691717,-7.167981732469981,-2.1062900438871126
2023-04-24,278.714,-6.776774639718745,-5.105595297333632,-6.69281,2.0049144729903485,-7.11050977032398,-2.10594719706458
2023-04-25,283.17,-2.3148236824188326,-5.10878961611832,-6.5596604,1.943141671001131,-7.051931287119451,-2.10498519133362
2023-04-26,281.579,-3.89996579772002,-5.111319959741115,-6.4489994,1.88095230546795,-6.992272265209065,-2.1034019521293064
2023-04-27,280.863,-4.610201835207665,-5.11317814816075,-6.3348894,1.818379512135332,-6.931557660296082,-2.1011955650505967
2023-04-28,278.667,-6.800532644466713,-5.114355106081827,-6.198962,1.755456285281855,-6.869811391363681,-2.0983642789237185
2023-04-29,277.958,-7.503717636225684,-5.114840877228818,-6.055667,1.692215455393438,-6.807056332622256,-2.094906508862564
2023-04-30,274.431,-11.025004055119908,-5.114624640252568,-5.9498177,1.6286896672205096,-6.743314307473078,-2.090820839322024
2023-05-01,280.71000000000004,-4.740392714116015,-5.113694726246987,-5.883218,1.5649113582371306,-6.678606084484118,-2.086106027140165
2023-05-02,281.589,-3.855884426180952,-5.112038637851471,-5.9094205,1.5009127375195923,-6.612951375371064,-2.080761004565027
2023-05-03,282.321,-3.1183356239460163,-5.10964306991242,-5.8319244,1.4367257650615168,-6.546368834973936,-2.0747848822618247
2023-05-04,283.783,-1.6508954891202066,-5.1064939316751845,-5.7879467,1.3723821315418692,-6.478876063217053,-2.0681769522962106
2023-05-05,274.98,-10.44855511925049,-5.10257637047566,-5.8101225,1.3079132385617869,-6.410489609037446,-2.060936691089313
2023-05-06,282.959,-2.464324735365065,-5.097874796898775,-5.907407,1.2433501793654758,-6.34122497626425,-2.053063762340072
2023-05-07,277.637,-7.781163598877618,-5.092372911369118,-5.8434086,1.1787237200599137,-6.271096631429032,-2.04455801991052
2023-05-08,271.16200000000003,-14.251039499797518,-5.0860537321370325,-5.933323,1.1140642813473716,-6.2001180134844045,-2.035419510669517
2023-05-09,282.51300000000003,-2.8949712998065005,-5.078899624621631,-5.8223014,1.0494019207842644,-6.128301545405895,-2.0256484772904138
2023-05-10,278.726,-6.6769038118131245,-5.070892332070339,-5.694415,0.9847663155791078,-6.055658647649446,-2.0152453609982373
2023-05-11,276.368,-9.02995161900534,-5.062013007492829,-5.595243,0.9201867459417664,-5.982199753434595,-2.0042108042617746
2023-05-12,280.28,-5.113115468946813,-5.0522422468254335,-5.4909344,0.8556920789954866,-5.9079343258209205,-1.9925456534261157
2023-05-13,275.821,-9.567396109200894,-5.041560123280517,-5.3836474,0.7913107532625799,-5.8328708765430965,-1.980250961281081
2023-05-14,275.369,-10.014491971485327,-5.029946222833647,-5.2544127,0.7270707637339002,-5.757016986567548,-1.9673279895610585
2023-05-15,277.397,-7.981714470475836,-5.017379680799876,-5.1304207,0.6629996475316119,-5.680379328331488,-1.953778211371702
2023-05-16,272.681,-12.693064307723596,-5.003839219448925,-4.9875097,0.5991244701740271,-5.602963689622952,-1.939603313539052
2023-05-17,272.003,-13.366542184779531,-4.989303186607724,-4.8467836,0.5354718124506207,-5.524774999058345,-1.9248051988766008
2023-05-18,275.609,-9.756148803194614,-4.973749595197316,-4.725162,0.4720677579145947,-5.445817353111911,-1.909385988365863
2023-05-19,275.263,-10.097884864519967,-4.957156163649918,-4.6058116,0.4089378809996866,-5.366094044649604,-1.8933480232460895
2023-05-20,281.091,-4.265688836545683,-4.939500357150709,-4.4809504,0.346107235767183,-5.285607592917891,-1.876693867008775
2023-05-21,281.401,-3.951625373748394,-4.920759429647735,-4.3606887,0.2836003452883974,-5.204359774936132,-1.8594263072926376
2023-05-22,279.262,-6.086695168207058,-4.900910466572299,-4.2659,0.2214411916671292,-5.122351658239428,-1.841548357674896
2023-05-23,270.678,-14.666898912000631,-4.879930428211204,-4.1765094,0.1596532067059477,-5.039583634917152,-1.8230632593546097
2023-05-24,277.63300000000004,-7.70803865001136,-4.85779619367126,-4.080568,0.098259263219359,-4.956055456890619,-1.803974482724021
2023-05-25,282.977,-2.360227281175731,-4.834484605375662,-3.9763374,0.0372816669962628,-4.871766272371925,-1.7842857288238676
2023-05-26,279.292,-6.0413381113259765,-4.809972514031088,-3.8866193,-0.0232578505866885,-4.7867146634444,-1.7640009306787128
2023-05-27,283.37800000000004,-1.951576911222796,-4.784236824003623,-3.8065062,-0.0833381392998518,-4.700898684703771,-1.7431242545084558
2023-05-28,282.769,-2.556944299465241,-4.7572545390410985,-3.738817,-0.1429386361433088,-4.61431590289779,-1.7216601008122432
2023-05-29,290.04200000000003,4.719746121424237,-4.729002808278811,-3.6409624,-0.20203937077799,-4.526963437500822,-1.6996131053211416
2023-05-30,278.978,-6.340698449419663,-4.699458972465222,-3.5547082,-0.2606209703064474,-4.438838002158775,-1.6769881398160087
2023-05-31,286.481,1.1658930342581066,-4.668600610343814,-3.469138,-0.3186646634051713,-4.349935946938643,-1.6537903128071298
2023-06-01,282.62100000000004,-2.690834006111674,-4.63640558512705,-3.389773,-0.3761522838110787,-4.260253301315971,-1.6300249700722815
2023-06-02,281.985,-3.323687952980698,-4.602852090998144,-3.3197386,-0.4330662731654672,-4.169785817832676,-1.6056976950500432
2023-06-03,283.483,-1.822669399530855,-4.567918699576217,-3.2501347,-0.4893896832194403,-4.078529016356777,-1.580814309085267
2023-06-04,282.616,-2.6867789389439123,-4.531584406280468,-3.1770847,-0.5451061774054734,-3.986478228874995,-1.5553808715237805
2023-06-05,287.13899999999995,1.8394156354239977,-4.493828676528895,-3.1003723,-0.6002000317804687,-3.8936286447484254,-1.529403679653515
2023-06-06,286.524,1.227479283804725,-4.454631491707375,-3.0347836,-0.6546561353463045,-3.799975356361071,-1.5028892684894006
2023-06-07,287.552,2.2584252551100343,-4.41397339484501,-2.9975588,-0.7084599897545379,-3.705513405090473,-1.4758444103995467
2023-06-08,291.125,5.833820218383534,-4.371835535932024,-2.9351795,-0.7615977084025651,-3.610237827529459,-1.4482761145703036
2023-06-09,287.43800000000005,2.148877835861839,-4.328199716816786,-2.8999074,-0.814056014929171,-3.514143701887615,-1.420191626308068
2023-06-10,286.624,1.3368006665136511,-4.283048435619099,-2.8485832,-0.8658222411180102,-3.417226194501089,-1.391598426175739
2023-06-11,286.833,1.5475880843408778,-4.236364930597313,-2.802242,-0.9168843242181968,-3.319480606379116,-1.3625042289620144
2023-06-12,288.842,3.5580048493950973,-4.188133223407533,-2.756687,-0.967230803691726,-3.220902419715807,-1.3329169824817624
2023-06-13,281.308,-3.974866631231649,-4.1383381616938415,-2.6883442,-1.0168508173980797,-3.121487344295762,-1.302844866206012
2023-06-14,285.54,0.258204723360777,-4.086965460949228,-2.6186645,-1.0657340972268976,-3.0212313637223307,-1.2722962897201473
2023-06-15,282.523,-2.757667820888685,-4.034001745587803,-2.5375447,-1.1138709641901623,-2.9201307813976407,-1.2412798910091871
2023-06-16,283.75,-1.529504640951942,-3.979434589169747,-2.4779046,-1.1612523229858702,-2.818182266183877,-1.2098045345691346
2023-06-17,282.628,-2.6503295061832493,-3.923252553721527,-2.4159372,-1.2078696560457014,-2.715382897675825,-1.1778793093436113
2023-06-18,286.003,0.7261449106949434,-3.865445228094894,-2.3871424,-1.2537150170796647,-2.611730211015229,-1.1455135264851506
2023-06-19,286.16200000000003,0.8866373630183914,-3.8060032653094096,-2.4112833,-1.2987810241312188,-2.507222241178191,-1.1127167169407448
2023-06-20,282.257,-3.0170105705710304,-3.7449184188244127,-2.3768017,-1.3430608521568033,-2.4018575666676094,-1.0794986288614214
2023-06-21,275.985,-9.28732847842412,-3.68218357768766,-2.3206651,-1.386548225144198,-2.295635352543462,-1.0458692248357884
2023-06-22,273.353,-11.9175941315346,-3.617792800509213,-2.2528613,-1.4292374077845138,-2.188555392724699,-1.0118386789477571
2023-06-23,279.579,-5.689960288133939,-3.551741348210573,-2.2058353,-1.4711231967130742,-2.080618151497499,-0.9774173736587636
2023-06-24,277.834,-7.433427375480093,-3.48402571550056,-2.1754196,-1.5122009113348078,-1.971824804165752,-0.9426158965150924
2023-06-25,281.955,-3.31099582083131,-3.414643661030964,-2.1271687,-1.5524663842501585,-1.8621772767808047,-0.9074450366810204
2023-06-26,281.856,-3.40864418295363,-3.3435942361866378,-2.070707,-1.5919159512978611,-1.7516782848887766,-0.8719157812988032
2023-06-27,279.55,-5.713333233901285,-3.2708778124663307,-2.0114393,-1.630546441231277,-1.6403313712350538,-0.8360393116766055
2023-06-28,285.555,0.2929616772758848,-3.196496107412331,-1.9534193,-1.6683551650452744,-1.5281409423670564,-0.7998269993058034
2023-06-29,284.51500000000004,-0.7458419210558861,-3.1204522090487243,-1.8847646,-1.705339904970943,-1.415112304077781,-0.7632904017091892
2023-06-30,285.255,-0.0045994369766759,-3.042750598789926,-1.8198078,-1.7414989031556936,-1.3012516956342324,-0.7264412581218653
2023-07-01,283.81800000000004,-1.4400644409818493,-2.963397172783062,-1.7641106,-1.7768308500465384,-1.1865663227365235,-0.6892914850068064
2023-07-02,285.511,0.2545926765191548,-2.8823992616496144,-1.6988587,-1.8113348724945744,-1.07106438915504,-0.6518531714072441
2023-07-03,283.259,-1.9957589595554688,-2.7997656485938114,-1.632469,-1.845010521598893,-0.9547551269949184,-0.6141385741382693
2023-07-04,276.86100000000005,-8.392095277000337,-2.715506585847221,-1.5666955,-1.877857760308311,-0.8376488255389098,-0.5761601128201949
2023-07-05,285.915,0.6635002702356335,-2.629633809421036,-1.5116715,-1.909876950799505,-0.719756858621531,-0.5379303647564715
2023-07-06,274.225,-11.025023325924304,-2.542160552139705,-1.4641181,-1.9410688416502104,-0.6010917104894948,-0.4994620596590932
2023-07-07,280.429,-4.819578009487086,-2.4531015549316195,-1.411547,-1.97143455482632,-0.4816670001052998,-0.4607680742246628
2023-07-08,287.385,2.137826273180121,-2.362473076354749,-1.3575094,-2.000975572501772,-0.3614975038529771,-0.4218614265644391
2023-07-09,291.082,5.8361136383839005,-2.2702929003373598,-1.31829,-2.0296937237301758,-0.240599176607184,-0.3827552704919058
2023-07-10,291.958,6.71327177018354,-2.1765803421160728,-1.2714738,-2.0575911709871986,-0.1189891711288742,-0.3434628896715897
2023-07-11,282.759,-2.484726995242149,-2.081356252355856,-1.2313961,-2.084670396602738,0.0033141442468815,-0.3039976916329711
2023-07-12,287.029,1.7861938389340062,-1.9846430194387337,-1.1811116,-2.1109341891019007,0.126291169663167,-0.2643732016536217
2023-07-13,282.15000000000003,-3.091966009618938,-1.886464569910318,-1.135441,-2.136385629473794,0.2499210595634766,-0.2246030565157583
2023-07-14,273.896,-11.345144589470983,-1.786846367075554,-1.0789164,-2.161028077387093,0.374181710311539,-0.1847009981406696
2023-07-15,278.3,-6.940392963112913,-1.6858154077373615,-1.0281459,-2.184865157371249,0.4990497496338875,-0.1446808671055624
2023-07-16,282.395,-2.844686292032429,-1.5834002170742203,-0.9915082,-2.20790074498217,0.6245005279079496,-0.1045565960475946
2023-07-17,279.319,-5.92002861179932,-1.4796308416549953,-0.96867687,-2.230138952971018,0.7505081113160226,-0.0643422029599727
2023-07-18,276.099,-9.139456369382984,-1.3745388405917192,-0.9395999,-2.251584117474699,0.87704527688298,-0.0240517843851918
2023-07-19,278.873,-6.36490706967138,-1.268157274833297,-0.90206695,-2.2722407842464207,1.0040835094131235,0.0163004914894122
2023-07-20,276.108,-9.129404425902424,-1.160520694605485,-0.8635434,-2.2921136949445344,1.1315930003390495,0.0567003918284417
2023-07-21,287.319,2.0820140222483863,-1.0516651250047728,-0.8294147,-2.311207773497666,1.259542648492893,0.0971336262320737
2023-07-22,280.758,-4.478739648080717,-0.9416280497561768,-0.77953374,-2.329528112563955,1.387900062807778,0.1375858539009383
2023-07-23,283.348,-1.888492707980308,-0.8304483931471576,-0.7406809,-2.347079960101897,1.51663156695474,0.178042690876528
2023-07-24,274.256,-10.980330710738832,-0.7181665001522904,-0.70971864,-2.36386870607015,1.6457022059178597,0.218489717351254
2023-07-25,277.451,-7.785066885032088,-0.6048241147654794,-0.6965922,-2.379899869273238,1.7750757545077585,0.2589124850422147
2023-07-26,279.177,-6.058599865149219,-0.4904643565588357,-0.67545694,-2.395179084369924,1.904714727811088,0.2992965246225797
2023-07-27,286.555,1.3199435590498036,-0.3751316954895468,-0.6374711,-2.409712089060585,2.0345803935710385,0.3396273532044366
2023-07-28,285.369,0.1343173579342308,-0.2588719249782691,-0.58480334,-2.423504711469682,2.164632786491413,0.3798904818668162
2023-07-29,282.618,-2.6163944085144517,-0.1417321332847713,-0.5321055,-2.436562857738969,2.294830724454198,0.4200714232225629
2023-07-30,277.5,-7.734052158754439,-0.0237606732086925,-0.49222583,-2.4488924998468056,2.425131826638113,0.4601556990176093
2023-07-31,282.451,-2.7827767586007384,0.0949928698545777,-0.46583486,-2.460499663668449,2.555492533523027,0.5001288477561463
2023-08-01,288.188,2.954630713228637,0.2144777114708529,-0.43741632,-2.4713904172918846,2.685868128762737,0.5399764323451187
2023-08-02,289.146,3.9127405961614663,0.3346419033027792,-0.4126699,-2.4815708596032318,2.8162127629060105,0.5796840477514439
2023-08-03,283.752,-1.481253568260589,0.4554323697880599,-0.3997156,-2.4910471091554376,2.9464794789434974,0.6192373286652298
2023-08-04,277.213,-8.020333260539116,0.5767949463221578,-0.39672005,-2.499825293333385,3.0766202396555427,0.6586219571623222
2023-08-05,282.395,-2.8384804654832023,0.698674418905515,-0.38403016,-2.5079115378281758,3.20658595673369,0.6978236703593792
2023-08-06,284.008,-1.2254962618108651,0.8210145652133817,-0.3723278,-2.5153119564328126,3.3363265216461944,0.7368282680547243
2023-08-07,289.648,4.414700028711829,0.9437581970446154,-0.36089024,-2.5220326411710183,3.465790838215634,0.7756216203481505
2023-08-08,287.267,2.033612727430852,1.0668472041039776,-0.3567802,-2.5280796527704097,3.5949268568743875,0.8141896752328847
2023-08-09,291.904,6.670138166748663,1.1902225990708066,-0.35142955,-2.533459011490741,3.723681610561548,0.8525184661528606
2023-08-10,288.164,2.929490335986156,1.313824563905213,-0.33812556,-2.538176688317366,3.8520012522225793,0.8905941195185165
2023-08-11,284.985,-0.2505514534662429,1.4375924973414655,-0.31920356,-2.5422385965295726,3.979831093871038,0.9284028621742992
2023-08-12,288.07700000000006,2.8405967240111454,1.5614650635165923,-0.28759205,-2.545650583652804,4.107115647169396,0.965931028811092
2023-08-13,289.866,4.628602674861099,1.6853802416808132,-0.26198027,-2.548418423803314,4.233798665484128,1.0031650693168137
2023-08-14,287.3,2.061520896846293,1.809275376935024,-0.22966234,-2.550547810433156,4.35982318736818,1.0400915560584698
2023-08-15,292.065,6.825278159715678,1.9330872319391743,-0.19433844,-2.552044349482854,4.485131581422029,1.0766971910889829
2023-08-16,286.134,0.8929493889285315,2.0567520395341443,-0.17045367,-2.552913552948497,4.609665592482642,1.1129688132721731
2023-08-17,278.477,-6.765759380996972,2.18020555621852,-0.15842885,-2.553160832869437,4.733366389087957,1.1488934053193438
2023-08-18,280.264,-4.9802683268967165,2.303383116420544,-0.13481854,-2.5527914957421065,4.856174612162651,1.1844581007309434
2023-08-19,292.141,6.895295761368961,2.426219687504444,-0.11182929,-2.551810737364941,4.9780304248693845,1.2196501906369308
2023-08-20,283.003,-2.2442265848356064,2.548649925449391,-0.15289158,-2.550223638118696,5.098873563568087,1.254457130529472
2023-08-21,292.089,6.840217667855224,2.6706082311384183,-0.29629058,-2.548035158685914,5.218643389824332,1.2888665468817455
2023-08-22,286.072,0.821573719329811,2.7920288071937867,-0.32663608,-2.545250136212596,5.337278943406383,1.322866243646702
2023-08-23,282.81600000000003,-2.436211753308183,2.9128457152945924,-0.3000975,-2.541873280914598,5.45471899620919,1.3564442086297572
2023-08-24,289.997,4.743186662153931,3.0329929339116557,-0.2591453,-2.537909173130549,5.570902107042205,1.389588619729466
2023-08-25,285.37600000000003,0.1205023624406848,3.152404416394201,-0.21908797,-2.5333622608225776,5.68576667721678,1.422287851040421
2023-08-26,280.141,-5.11489025827203,3.2710141493423266,-0.17012563,-2.52823685752539,5.799251006867717,1.4545304788126647
2023-08-27,285.697,0.440756996133351,3.388756211198758,-0.12025674,-2.5225371407437334,5.911293351942492,1.4863052872620874
2023-08-28,292.156,6.899980317839055,3.505564830993153,-0.070291966,-2.516267150797554,6.021831981790708,1.51760127422645
2023-08-29,290.429,5.172512678208523,3.6213744471718097,-0.036554698,-2.50943079011363,6.13080523728544,1.5484076566617466
2023-08-30,288.517,3.259996480850746,3.7361197664455936,-0.016651547,-2.5020318229617597,6.238151589407353,1.5787138759738464
2023-08-31,285.689,0.4314318340669875,3.849735822588659,-0.019724978,-2.494073875633054,6.343809698221713,1.6085096031805055
2023-09-01,285.675,0.417443782904625,3.962158035120632,-0.1294694,-2.485560437057196,6.447718472177828,1.6377847438989477
2023-09-02,286.691,1.4340471543659197,4.07332226780491,-0.20006686,-2.476494859854988,6.549817127659898,1.6665294431545026
2023-09-03,295.392,10.13556708604423,4.183164886895892,-0.23436812,-2.466880361821865,6.650045248717758,1.694734090005857
2023-09-04,289.57500000000005,4.31834696244685,4.291622819068224,-0.22072826,-2.456720027837508,6.748342846905732,1.7223893219827395
2023-09-05,290.17,4.91306215279688,4.398633608961378,-0.19692115,-2.4460168121960373,6.844650421157416,1.7494860293320182
2023-09-06,286.032,0.7747128605114578,4.504135476273346,-0.15972967,-2.434773541350792,6.9389090176241375,1.7760153590683856
2023-09-07,294.146,8.888299289007376,4.608067372337638,-0.10874263,-2.4229929170670053,7.0310602894046434,1.8019687188260547
2023-09-08,282.846,-2.412178358298694,4.710369036118411,-0.06037203,-2.410677519975265,7.121046556093677,1.827337780508018
2023-09-09,288.668,3.410106195691375,4.810981049559048,-0.015397385,-2.3978298135179816,7.208810863077029,1.8521144837297236
2023-09-10,290.04600000000005,4.788313530379985,4.909844892220407,0.020126786,-2.384452148280635,7.294297040501041,1.876291039054172
2023-09-11,286.284,1.0264439742165534,5.006902995145557,0.042083744,-2.370546766698978,7.377449761844535,1.899859931015694
2023-09-12,290.155,4.897497855650781,5.102098793888844,0.057791695,-2.3561158081329374,7.458214602021782,1.9228139209298944
2023-09-13,291.678,6.420475503132061,5.19537678064797,0.08375604,-2.341161314297352,7.536538094945322,1.9451460494874584
2023-09-14,297.277,12.01920809032152,5.286682555438825,0.11248026,-2.3256852350393094,7.612367790478133,1.9668496391297687
2023-09-15,294.56,9.301860503859512,5.375962876253933,0.13276838,-2.3096894344512595,7.685652310705192,1.987918296204508
2023-09-16,286.337,1.0784330471459609,5.463165708146491,0.1590412,-2.2931756973087363,7.7563414054552275,2.008345912899661
2023-09-17,293.779,8.5199260235809,5.54824027118323,0.18011321,-2.276145735820941,7.824386007004172,2.028126668954599
2023-09-18,298.529,13.269339736564117,5.631137087210676,0.20185183,-2.258601196682156,7.889738283892832,2.0472550331470853
2023-09-19,297.057,11.79667448949567,5.7118080253806855,0.23196846,-2.2405436684113997,7.952351693792085,2.065725764555437
2023-09-20,298.81,13.548930585775324,5.790206346382681,0.25063157,-2.2219746889674665,8.012181035350148,2.0835339135951654
2023-09-21,294.45300000000003,9.191108328803136,5.8662867453313785,0.25156572,-2.202895753626002,8.06918249895738,2.100674822829784
2023-09-22,296.48,11.217208021979005,5.940005393260523,0.24933326,-2.1833083231049817,8.123313716365505,2.117144127555651
2023-09-23,295.08,9.816229968702762,6.011319977174657,0.25649384,-2.1632138319245646,8.174533809099222,2.132937756161021
2023-09-24,292.996,7.731174472374499,6.080189738612682,0.2584061,-2.1426136969869947,8.222803435599676,2.148051930259667
2023-09-25,307.68,22.414041836394027,6.146575510678756,0.07726565,-2.121509326361889,8.268084837040645,2.1624831645997697
2023-09-26,292.049,6.781832364161241,6.210439753497784,-0.035241045,-2.0999021282619847,8.310341881759769,2.176228266748909
2023-09-27,294.305,9.03654635907624,6.271746588054724,-0.06079236,-2.0777935201941222,8.349540108248846,2.1892843365563905
2023-09-28,290.663,5.393184124538753,6.330461828378711,-0.048324466,-2.0551849382700067,8.385646766648717,2.201648765394226
2023-09-29,291.701,6.429745963948793,6.386553012035064,-0.076232776,-2.032077846661041,8.418630858696105,2.213319235178481
2023-09-30,296.295,11.02223218070626,6.439989428890178,-0.14411452,-2.0084737471813394,8.448463176071517,2.2242937171728587
2023-10-01,295.423,10.148643078211151,6.490742148116348,-0.1552265,-1.9843741889827915,8.47511633709914,2.2345704705766654
2023-10-02,293.888,8.611978959863325,6.538784043405692,-0.16086778,-1.959780778345932,8.498564821751625,2.2441480408995536
2023-10-03,295.155,9.877240129062688,6.584089816364384,-0.18660586,-1.934695188550165,8.518785004914548,2.253025258125678
2023-10-04,289.064,3.784426889209252,6.626636018060647,-0.15802413,-1.909119169806812,8.535755187867458,2.261201234670111
2023-10-05,286.653,1.3715395437028388,6.666401068702108,-0.13903908,-1.8830545592382937,8.549455627940402,2.268675363130654
2023-10-06,285.291,0.0075783959434605,6.703365275420278,-0.10580239,-1.8565032908867316,8.55986856630701,2.275447313838355
2023-10-07,297.16,11.87476620413681,6.737510848142311,-0.063407816,-1.8294674057350988,8.566978253877409,2.281517032210327
2023-10-08,296.934,11.646883941098324,6.768821913532256,-0.021305328,-1.801949061724123,8.570770975256378,2.2868847359086284
2023-10-09,296.598,11.30893194338984,6.797284526986555,-0.11259615,-1.773950543747987,8.571235070734541,2.291550911809257
2023-10-10,291.253,5.961910547573069,6.822886682670572,-0.24688312,-1.7454742736120017,8.568360956282573,2.29551631278546
2023-10-11,301.817,16.52382009020979,6.84561832158556,-0.33296826,-1.716522819935335,8.562141141520895,2.2987819543098227
2023-10-12,295.836,10.540660907861811,6.8654713376575405,-0.33734924,-1.687098907982009,8.552570245639549,2.3013491108797672
2023-10-13,292.052,6.754433337090763,6.882439581842107,-0.3327285,-1.6572054294033642,8.53964501124547,2.3032193122713616
2023-10-14,296.913,11.613137714458668,6.896518864241453,-0.3148517,-1.6268454518753477,8.523364316116801,2.304394339626412
2023-10-15,290.25600000000003,4.9537743765270585,6.907706954232237,-0.28634107,-1.5960222286140149,8.503729182846252,2.3048762213781617
2023-10-16,310.207,24.90234365985774,6.916003578605407,-0.410894,-1.5647392077528322,8.480742786358238,2.304667229020969
2023-10-17,293.263,7.9558459010126015,6.921410417721263,-0.40053296,-1.533000041565446,8.45441045928671,2.3037698727295925
2023-10-18,292.77500000000003,7.46528143655336,6.923931099685601,-0.3897472,-1.5008085955178154,8.424739695203415,2.3021868968338457
2023-10-19,290.466,5.153650603041739,6.923571192554969,-0.36226907,-1.4681689571337364,8.391740149688706,2.2999212751545883
2023-10-20,289.814,4.498953737039518,6.920338194581526,-0.3158095,-1.4350854446580548,8.35542363923958,2.296976206207112
2023-10-21,288.143,2.825191175108417,6.914241522510215,-0.27829528,-1.40156261550203,8.315804138012245,2.29335510827822
2023-10-22,294.757,9.43636325381041,6.9052924979434005,-0.3657498,-1.3676052744556288,8.272897772399029,2.2890616143833635
2023-10-23,295.498,10.17447030970702,6.89350433179026,-0.36170197,-1.3332184816517283,8.226722813441988,2.284099567110376
2023-10-24,290.031,4.704512679360206,6.8788921068206506,-0.36413115,-1.2984075602675684,8.177299667088219,2.2784730133564643
2023-10-25,288.34900000000005,3.0194906993316204,6.861472758345279,-0.48135215,-1.2631781039490244,8.124650862294303,2.272186198965227
2023-10-26,282.475,-2.857648593834454,6.841265053046347,-0.48113912,-1.2275359839436717,8.068801036990019,2.265243563270602
2023-10-27,282.762,-2.5736829555404244,6.818289565984923,-0.45133334,-1.1914873559288994,8.009776921913822,2.257649733554756
2023-10-28,288.811,3.472642112366473,6.792568655813545,-0.4193037,-1.1550386665217296,7.947607322335275,2.2494095194269343
2023-10-29,286.60799999999995,1.2668986888123426,6.764126438224592,-0.39228517,-1.1181966594573487,7.88232309768194,2.240527907130548
2023-10-30,293.788,8.44408719086703,6.7329887576671785,-0.35856268,-1.0809683814237956,7.813957139090974,2.2310100537856687
2023-10-31,278.508,-6.838791964399744,6.699183157367186,-0.3166969,-1.0433611875406108,7.742544344907796,2.2208612815742894
2023-11-01,284.13300000000004,-1.216341212361841,6.662738847687237,-0.27343112,-1.0053827464697334,7.66812159415697,2.210087071875738
2023-11-02,288.687,3.3352472479472013,6.623686672865243,-0.3609056,-0.9670410451473268,7.59072771801257,2.1986930593596568
2023-11-03,283.846,-1.5082270632547787,6.58205907617214,-0.34585938,-0.9283443931257258,7.510403469297866,2.1866850260440263
2023-11-04,304.376,19.01936820868721,6.5378900635312345,-0.40315044,-0.8893014265151233,7.427191490046358,2.1740688953257594
2023-11-05,302.284,16.924905303744787,6.491215165643438,-0.5147512,-0.8499211115151384,7.341136277158577,2.1608507259913607
2023-11-06,299.707,14.345384747332869,6.442071398664388,-0.96913636,-0.8102127475268885,7.252284146191276,2.1470367062152147
2023-11-07,290.473,5.1088070648662445,6.390497223481158,-1.0190954,-0.7701859698367225,7.1606831933178805,2.132633147553036
2023-11-08,293.294,7.927040932994794,6.336532503637894,-1.0062381,-0.7298507518632613,7.066383255501155,2.117646478938039
2023-11-09,286.946,1.5762151430516138,6.280218461961318,-1.0000513,-0.6892174069599833,6.969435868921301,2.1020832406873176
2023-11-10,288.549,3.1763302009266976,6.221597635938491,-1.0089684,-0.648296589766091,6.869894225704583,2.085950078525965
2023-11-11,288.884,3.508386612509928,6.160713831900767,-1.0341139,-0.6070992970989917,6.767813128999759,2.0692537376363678
2023-11-12,291.504,6.1253848836911216,6.097612078069134,-1.0270926,-0.5656368683822613,6.663248946451396,2.052001056740133
2023-11-13,292.487,7.105325520360299,6.032338576517592,-1.0698665,-0.5239209856035787,6.556259562121171,2.034198962219958
2023-11-14,288.342,2.9572090284070693,5.964940654112338,-1.1631134,-0.4819636727976489,6.446904326909987,2.0158544622887997
2023-11-15,286.676,1.2880359137215052,5.8954667124857725,-1.1783442,-0.4397772950497941,6.335244007535566,1.996974641213532
2023-11-16,282.028,-3.363193317806472,5.823966177105424,-1.218914,-0.3973745570164262,6.22134073412185,1.9775666536002665
2023-11-17,287.71000000000004,2.315921440291396,5.750489445498904,-1.20158,-0.3547685009592792,6.105257946458184,1.9576377187483645
2023-11-18,294.302,8.904970054636527,5.675087834696979,-1.4943002,-0.3119725042908324,5.987060338987811,1.9371951150801288
2023-11-19,294.91,9.509953091937964,5.597813527957703,-1.671051,-0.2690002766290422,5.866813804586745,1.9162461746529769
2023-11-20,281.232,-4.171128881095206,5.518719520835338,-1.6398348,-0.2258658563600557,5.744585377195394,1.8947982777608667
2023-11-21,285.972,0.5658565510115656,5.437859566658562,-1.6255779,-0.1825836067082452,5.620443173366808,1.872858847631544
2023-11-22,279.601,-5.808218310951168,5.355288121483017,-1.60407,-0.1391682113135073,5.494456332796525,1.8504353452260696
2023-11-23,292.593,7.180747143286033,5.271060288583904,-1.5785446,-0.0956346693164247,5.366694957900329,1.8275352641469689
2023-11-24,288.446,3.0306537857126647,5.18523176255474,-1.5381428,-0.0519982899524845,5.237230052507225,1.804166125661138
2023-11-25,295.97,10.551458269894564,5.0978587730788,-1.4969242,-0.0082746866571991,5.106133459735998,1.780335473843522
2023-11-26,284.957,-0.4647936412558988,5.008998028440113,-1.4569304,0.035520229315387,4.973477799124726,1.7560508708473948
2023-11-27,281.69,-3.735045232207833,4.918706658841081,-1.4209695,0.0793702557577181,4.8393364030833625,1.7313198923068738
2023-11-28,287.12,1.6920078196137889,4.827042159593945,-1.3880539,0.1232589068535522,4.703783252740393,1.7061501228771665
2023-11-29,285.014,-0.4169961741994958,4.7340623342534025,-1.3710511,0.1671694209982152,4.566892913255187,1.6805491519178004
2023-11-30,289.458,4.02395394680269,4.639825237757631,-1.4247423,0.2110847690893474,4.428740468668283,1.6545245693238877
2023-12-01,293.992,8.554641285365685,4.544389119644917,-1.5357736,0.25498766328252,4.289401456362397,1.6280839615103475
2023-12-02,288.193,2.752235617042855,4.447812367412879,-1.7997077,0.2988605662055487,4.14895180120733,1.6012349075536585
2023-12-03,289.859,4.414383130242141,4.350153450086996,-2.2268317,0.3426857006246846,4.007467749462311,1.5739849754956228
2023-12-04,287.3,1.8514950848442768,4.251470862064832,-2.2663298,0.3864450595552779,3.865025802509554,1.5463417188133306
2023-12-05,297.315,11.862572040642249,4.15182306730192,-2.3054662,0.4301204168089204,3.721702650493,1.5183126730592609
2023-12-06,295.48600000000005,10.02943180425913,4.051268443904717,-2.5678282,0.4736933379684788,3.577575105936238,1.4899053526752637
2023-12-07,281.835,-3.625737262912159,3.9498652291955048,-2.8348732,0.5171451917818592,3.4327200374136453,1.4611272479839204
2023-12-08,287.701,2.2364108544438728,3.847671465313384,-2.817703,0.5604571619647829,3.2872143033486005,1.4319858223604616
2023-12-09,281.445,-4.0238511592946,3.7447449454148263,-2.802632,0.603610259402269,3.141134686012558,1.4024885095882726
2023-12-10,283.86400000000003,-1.608747326178216,3.641143160536332,-2.8305779,0.6465853347380167,2.994557825798315,1.372642711400641
2023-12-11,281.9,-3.576214145733382,3.536923247180941,-2.8091173,0.689363091340296,2.847560155840645,1.3424557952112417
2023-12-12,284.963,-0.5164370412948516,3.4321419356892435,-2.7818062,0.7319240986324683,2.7002178370567758,1.3119350920355053
2023-12-13,289.85,4.367525666506918,3.3268554994546062,-2.7575598,0.7742488057757178,2.5526066936788885,1.28108789460479
2023-12-14,291.58,6.0943041089750185,3.221119705041082,-2.7274625,0.8163175556911113,2.4048021493499707,1.2499214556749905
2023-12-15,287.78700000000003,2.297956857997626,3.1149897632613675,-2.6858127,0.8581105994075732,2.256879163853794,1.2184429865309188
2023-12-16,287.37,1.877030570287584,3.008520281270818,-2.6393964,0.8996081107219317,2.1089121705488862,1.186659655687541
2023-12-17,287.90900000000005,2.4116477153401714,2.9017652157322567,-2.6464682,0.94079020115671,1.960975014575547,1.1545785877888493
2023-12-18,279.561,-5.940898615998403,2.794777827104855,-2.863464,0.981636935200922,1.813140891903933,1.122206862704879
2023-12-19,285.25600000000003,-0.2502492330947514,2.687610635108916,-3.3074071,1.0221283458186623,1.6654822892902537,1.0895515148270545
2023-12-20,292.321,6.810436020355542,2.580315375416841,-3.5094757,1.0622444502099275,1.5180709252069131,1.0566195325618315
2023-12-21,283.744,-1.771033008393064,2.4729429576189728,-3.4705074,1.1019652658076748,1.370977691811298,1.023417858022224
2023-12-22,282.416,-3.1033041240408554,2.365543424511301,-3.4648757,1.1412708264947595,1.2242725980165412,0.9899533869165976
2023-12-23,284.888,-0.6355371742184697,2.2581659127504,-3.4440548,1.180141199024043,1.0780247137263572,0.956232968633752
2023-12-24,292.672,7.144352014691012,2.150858614919081,-3.4316833,1.2185564996246263,0.9323021152944546,0.9222634065230672
2023-12-25,284.357,-1.1753165405811068,2.043668743044467,-3.4405415,1.2564969107768271,0.78717183226764,0.8880514583682023
2023-12-26,288.12100000000004,2.584116556464488,1.9366424936083435,-3.4458685,1.29394269813825,0.6426997954700933,0.8536038370525019
2023-12-27,280.31600000000003,-5.225621210999432,1.8298250140876688,-3.6750762,1.3308742276029757,0.4989507864846929,0.8189272114140211
2023-12-28,283.939,-1.6072921807312412,1.7232603710611614,-3.7150164,1.3672719824756925,0.3559883885854691,0.7840282072877943
2023-12-29,281.835,-3.715750766040074,1.6169915199159035,-3.895426,1.403116580742288,0.2138749391736156,0.748913408732637
2023-12-30,287.122,1.5668752012778655,1.511060276185771,-4.0198374,1.4383887924182557,0.0726714837675153,0.7135893594395696
2023-12-31,291.854,6.294566272799178,1.405507288551482,-3.967214,1.4730695569560384,-0.0675622684045564,0.6780625643186067
