date,gps_raw_up_mm,gps_detrended_mm,gps_seasonal_mm,hydl_original_up_mm,hydl_seasonal_mm,gps_minus_hydl_mm,poroelastic_mm
2021-01-01,396.939,1.1879403704659013,0.8799055831268575,-2.0096724,0.7171043264863413,0.1628012566405162,0.056538173230009
2021-01-02,394.429,-1.3319676247306762,0.7974335073025993,-2.120502,0.7720221375455077,0.0254113697570915,0.0498730230976406
2021-01-03,397.971,2.200233218001796,0.714715535019402,-2.2925706,0.8266701700345028,-0.1119546350151008,0.043187086996339
2021-01-04,394.303,-1.4775348822624146,0.6317878954455426,-2.6713355,0.8810254956046676,-0.249237600159125,0.0364829483834482
2021-01-05,395.311,-0.479368897680577,0.5486868609969477,-2.6675253,0.9350653355098202,-0.3863784745128724,0.0297631956109949
2021-01-06,392.509,-3.291266420487064,0.4654487210860736,-2.8353338,0.9887670735073432,-0.5233183524212695,0.0230304205097681
2021-01-07,392.879,-2.9310714893896126,0.3821097559864415,-2.8094113,1.042108268603937,-0.6599985126174952,0.0162872169787105
2021-01-08,395.009,-0.810721003031297,0.2987062108401397,-2.9535255,1.0950666676360823,-0.7963604567959428,0.0095361795807925
2021-01-09,393.379,-2.450176454398554,0.2152742698355854,-2.893265,1.1476202176754142,-0.9323459478398288,0.0027799021465288
2021-01-10,394.766,-1.072826840634734,0.1318500305823458,-2.917488,1.1997470782493964,-1.0678970476670506,-0.0039790236137325
2021-01-11,395.386,-0.4626497658083557,0.0484694787094989,-2.8859153,1.2514256333679967,-1.2029561546584977,-0.0107380094876155
2021-01-12,399.17,3.31143518514379,-0.0348315372864183,-3.11004,1.3026345033472355,-1.337466040633654,-0.0174944721275186
2021-01-13,392.796,-3.072890087324878,-0.1180173309182766,-3.323222,1.353352556420746,-1.4713698873390226,-0.0242458344053275
2021-01-14,392.101,-3.7781441467786863,-0.2010524022848276,-3.242607,1.4035589201307663,-1.604611322415594,-0.0309895267539703
2021-01-15,394.395,-1.4943222850950737,-0.2839014623222025,-3.1971037,1.4532329924902043,-1.7371344548124068,-0.0377229884947736
2021-01-16,394.039,-1.8602249359552068,-0.3665294567062618,-3.1215913,1.5023544529077382,-1.868883909614,-0.0444436691495986
2021-01-17,396.402,0.4927152153000342,-0.4489015893822403,-3.0548472,1.5509032728681358,-1.999804862250376,-0.0511490297367555
2021-01-18,396.805,0.8851715320640676,-0.5309833456987151,-2.9797819,1.5988597263603272,-2.1298430720590424,-0.0578365440497296
2021-01-19,396.528,0.5973475087308868,-0.6127405151234798,-2.9265566,1.6462044000460152,-2.258944915169495,-0.0645036999177661
2021-01-20,394.3130000000001,-1.6289621052817975,-0.6941392135196293,-2.8590226,1.692918203161918,-2.3870574166815475,-0.071148000447393
2021-01-21,397.392,1.43843196235472,-0.7751459049607032,-2.805827,1.7389823771490505,-2.5141282821097537,-0.077766965243991
2021-01-22,394.828,-1.1375074108897203,-0.8557274230645292,-2.7926612,1.78437850500277,-2.640105928067299,-0.0843581316125426
2021-01-23,399.069,3.091548450601469,-0.935850991826038,-2.753203,1.8290885203376015,-2.7649395121636395,-0.0909190557367251
2021-01-24,390.635,-5.35487491597133,-1.0154842459300726,-2.8113604,1.8730947161612104,-2.888578962091283,-0.0974473138355407
2021-01-25,396.068,0.0661764888997828,-1.094595250525982,-2.8546205,1.916379753352205,-3.010975003878187,-0.1039405032967067
2021-01-26,399.24,3.2262419206929187,-1.1731525204464586,-2.8778527,1.958926668836758,-3.1320791892832167,-0.110396243786065
2021-01-27,395.977,-0.0487304663832959,-1.2511250388540287,-3.380905,2.000718883459431,-3.2518439223134594,-0.1168121783322939
2021-01-28,392.7840000000001,-3.2540011693021067,-1.328482275299253,-3.624261,2.0417402095438533,-3.370222484843106,-0.1231859743862464
2021-01-29,397.497,1.4467403361406532,-1.4051942031755658,-3.6466506,2.0819748581392843,-3.48716906131485,-0.1295153248542663
2021-01-30,396.832,0.7692313685930712,-1.4812313165565438,-3.6581423,2.1214074459494388,-3.6026387625059826,-0.1357979491048709
2021-01-31,384.812,-11.263310037946596,-1.5565646464022085,-3.8498034,2.160023001940263,-3.716587648342471,-0.1420315939482205
2021-02-01,387.005,-9.08234210925238,-1.6311657761217973,-4.023753,2.1978069736237367,-3.828972749745534,-0.1482140345878335
2021-02-02,392.215,-3.884375924121874,-1.7050068564814107,-4.215502,2.2347452330150968,-3.939752089496508,-0.1543430755440358
2021-02-03,389.177,-6.934409389548394,-1.7780606198456677,-4.3436894,2.2708240822612216,-4.048884702106889,-0.1604165515486751
2021-02-04,392.015,-4.108440412525416,-1.8503003937435711,-4.2663035,2.3060302589383093,-4.156330652681881,-0.166432328410659
2021-02-05,388.799,-7.336466900046338,-1.921700113749485,-4.200907,2.3403509410172307,-4.262051054766716,-0.1723883038519199
2021-02-06,391.442,-4.705486759104471,-1.992234335671256,-4.124132,2.3737737514954294,-4.366008087166685,-0.1782824083134399
2021-02-07,391.224,-4.935497896693295,-2.061878247038201,-4.0459375,2.406286762694466,-4.468165009732667,-0.1841126057310078
2021-02-08,392.8,-3.371498219806158,-2.130607677882741,-3.9547832,2.4378785002226784,-4.568486178105419,-0.189876894280416
2021-02-09,395.961,-0.2224856354362856,-2.1983991108103598,-3.8563907,2.468537946602815,-4.666937057413174,-0.1955733070918448
2021-02-10,391.626,-4.569608133347091,-2.265229690353386,-3.767524,2.498254544564811,-4.763484234918197,-0.2011999129332142
2021-02-11,394.077,-2.130717616098157,-2.331077231605196,-3.9016087,2.5270182000042,-4.858095431609396,-0.206754816862318
2021-02-12,393.572,-2.6478120129082123,-2.395920228132184,-3.9843621,2.554819284606999,-4.950739512739183,-0.212236160847606
2021-02-13,396.315,0.0831107470041008,-2.459737859161829,-4.3160963,2.58164863814226,-5.041386497304089,-0.2176421243574914
2021-02-14,394.77,-1.474198731020807,-2.52250999604617,-4.3722544,2.607497570423788,-5.130007566469958,-0.2229709249181239
2021-02-15,395.143,-1.1135121203983882,-2.584217208000812,-4.5529013,2.632357862942844,-5.216575070943655,-0.2282208186395844
2021-02-16,395.264,-1.0048437694932422,-2.6448407671205034,-4.5184565,2.656221770173997,-5.3010625372945,-0.2333901007105063
2021-02-17,392.838,-3.4434031275311163,-2.704362652673328,-4.4374332,2.679082020556549,-5.383444673229878,-0.2384771058611537
2021-02-18,392.952,-3.3419500131678768,-2.762765554676317,-4.437365,2.7009318171543577,-5.4636973718306745,-0.2434802087950336
2021-02-19,388.02,-8.286482436908159,-2.820032876756244,-4.571075,2.7217648379970987,-5.541797714753343,-0.2483978245891409
2021-02-20,390.7360000000001,-5.582998409256734,-2.876148738300213,-4.69692,2.741575236106325,-5.6177239744065375,-0.2532284090629811
2021-02-21,391.26,-5.071495940718481,-2.931097975901561,-4.66011,2.760357639210042,-5.691455615111604,-0.2579704591165423
2021-02-22,388.814,-7.5299730417979855,-2.9848661441073467,-4.6166906,2.7781071491496947,-5.762973293257041,-0.262622513037423
2021-02-23,389.478,-6.878427722999936,-3.03743951547466,-4.5465794,2.794819340983804,-5.832258856458464,-0.2671831507773591
2021-02-24,388.734,-7.634857994829099,-3.088805079943707,-4.458921,2.810490261792786,-5.899295341736493,-0.2716509941984191
2021-02-25,388.812,-7.569261867790358,-3.1389505435364766,-4.4044156,2.825116429189668,-5.964066972726144,-0.2760247072891722
2021-02-26,392.437,-3.956637352388366,-3.1878643263906388,-4.3747253,2.838694829541745,-6.026559155932384,-0.280302996351166
2021-02-27,397.188,0.7820175408722614,-3.2355355601389504,-4.3072243,2.851222915908433,-6.086758476047384,-0.2844846101560774
2021-02-28,392.946,-3.4723482984030705,-3.281954084645378,-4.2396264,2.862698605700816,-6.144652690346194,-0.2885683400739308
2021-03-01,393.719,-2.7116812237611256,-3.3271104441097896,-4.151975,2.8731202780686367,-6.200230722178427,-0.2925530201728118
2021-03-02,396.364,-0.0789792535700524,-3.370995882553753,-4.060007,2.882486771020651,-6.253482653574404,-0.2964375272905172
2021-03-03,399.604,3.1479073351466758,-3.413602338700768,-3.971268,2.890797378284556,-6.304399716985324,-0.3002207810786329
2021-03-04,394.688,-1.781462602251827,-3.4549224402649084,-3.8879492,2.898051845912826,-6.352974286177735,-0.3039017440195338
2021-03-05,387.399,-9.083816343812243,-3.494949497662373,-3.9460895,2.904250368641022,-6.399199866303395,-0.3074794214168413
2021-03-06,391.303,-5.193152074877176,-3.5336774971613214,-4.1330466,2.9093935860053457,-6.443071083166667,-0.3109528613598876
2021-03-07,388.269,-8.240467980789342,-3.5711010934857272,-4.0786023,2.9134825782263163,-6.484583671712043,-0.3143211546627701
2021-03-08,388.011,-8.511762246891145,-3.6072156018897625,-4.0394278,2.9165188618657067,-6.523734463755469,-0.317583434778589
2021-03-09,394.133,-2.4030330585251782,-3.642016989719584,-4.073368,2.9185043852639216,-6.560521374983506,-0.3207388776894948
2021-03-10,394.77,-1.7792786010341946,-3.6755018674801168,-4.1140966,2.9194415237652187,-6.594943391245336,-0.3237867017731832
2021-03-11,392.762,-3.80049705976051,-3.7076674794248,-4.0589895,2.919333074738306,-6.627000554163106,-0.326726167646499
2021-03-12,386.825,-9.75068662004692,-3.738511693686795,-3.9822178,2.918182252399925,-6.656693946086721,-0.3295565779868281
2021-03-13,387.468,-9.120735276760389,-3.768032991970536,-3.9257848,2.9159926824491667,-6.684025674419702,-0.3322772773319704
2021-03-14,390.874,-5.727754449654711,-3.79623045882305,-4.0597887,2.9127683965203617,-6.7089988553434114,-0.3348876518592111
2021-03-15,395.854,-0.7607423073016601,-3.8231037705046815,-4.152137,2.9085138264625248,-6.731617596967207,-0.3373871291443063
2021-03-16,393.567,-3.060740969449487,-3.848653183479425,-4.0820684,2.903233798453298,-6.7518869819327225,-0.3397751779011349
2021-03-17,391.411,-5.229705847818541,-3.872879522545179,-4.0128207,2.8969335269555323,-6.769813049500711,-0.342051307702759
2021-03-18,390.43,-6.2236351174888895,-3.895784168624752,-4.090222,2.889618608524635,-6.785402777149386,-0.3442150686846592
2021-03-19,392.59,-4.076526953540748,-3.917369046238516,-4.13809,2.8812950154748425,-6.798664061713359,-0.3462660512309207
2021-03-20,383.874,-12.805379531054218,-3.937636610680037,-4.1189885,2.871969089412682,-6.809605700092719,-0.3482038856441496
2021-03-21,390.106,-6.58611331196239,-3.956589834916072,-4.0417523,2.861647534645837,-6.81823736956191,-0.3500282417999074
2021-03-22,390.272,-6.432806331264633,-3.97423219623254,-4.0348625,2.850337411475686,-6.824569607708225,-0.3517388287864667
2021-03-23,390.171,-6.546456752213073,-3.990567662648304,-3.985893,2.838046129381778,-6.828613792030082,-0.3533353945306818
2021-03-24,391.752,-4.978062738059919,-4.005600679118602,-3.9520736,2.824781440106508,-6.83038211922511,-0.354817725410783
2021-03-25,393.851,-2.891622452057435,-4.019336153550103,-3.9370193,2.8105514306481987,-6.8298875841983016,-0.3561856458569064
2021-03-26,394.161,-2.5941229618092176,-4.031779442649617,-3.8708696,2.7953645161708294,-6.827143958820447,-0.3574390179401624
2021-03-27,387.964,-8.80357383272577,-4.0429363376285234,-3.7948732,2.779229432838541,-6.822165770467064,-0.3585777409510565
2021-03-28,392.702,-4.077823598217757,-4.052813049784972,-3.7426467,2.762155230583082,-6.814968280368055,-0.3596017509680741
2021-03-29,391.495,-5.296912619225707,-4.061416195985776,-3.678934,2.7441512658121767,-6.805567461797953,-0.3605110204172324
2021-03-30,390.708,-6.095953678517054,-4.068752784070077,-3.5917325,2.725227194066882,-6.793979978136959,-0.3613055576234068
2021-03-31,392.832,-3.983944897902101,-4.074830198196455,-3.508546,2.705392962635765,-6.78022316083222,-0.3619854063542307
2021-04-01,393.837,-2.9908843991911565,-4.079656184155311,-3.4219525,2.684658803133759,-6.764314987289071,-0.3625506453573638
2021-04-02,395.716,-1.1237199010963337,-4.083238834668013,-3.331498,2.6630352240533868,-6.746274058721399,-0.3630013878919141
2021-04-03,391.447,-5.404698111243596,-4.085586574694164,-3.2562206,2.640533003295962,-6.726119577990126,-0.3633377812547985
2021-04-04,391.679,-5.184625700969454,-4.086708146768117,-3.175815,2.617163180690247,-6.703871327458364,-0.3635600063028094
2021-04-05,397.501,0.6255383354157718,-4.086612596385693,-3.101985,2.5929370505059297,-6.679549646891623,-0.3636682769711475
2021-04-06,394.468,-2.4192961950404994,-4.085309257461593,-3.0320945,2.5678661539691268,-6.65317541143072,-0.3636628397891769
2021-04-07,392.378,-4.521080453104835,-4.082807737877951,-2.9956622,2.54196227178701,-6.62477000966496,-0.3635439733941329
2021-04-08,392.183,-4.72781258351572,-4.079117905143892,-2.9632778,2.51523741668844,-6.594355321832332,-0.3633119880435125
2021-04-09,390.715,-6.207490731011591,-4.074249872185806,-2.9202025,2.4877038259874014,-6.561953698173207,-0.3629672251268557
2021-04-10,391.687,-5.247113040330737,-4.068213983287498,-2.8779602,2.4593739541758155,-6.527587937463313,-0.3625100566776164
2021-04-11,393.007,-3.9386584711791928,-4.061020800199091,-2.808477,2.43026046555213,-6.491281265751221,-0.3619408848857973
2021-04-12,395.938,-1.019022675148574,-4.052681088433065,-2.7461495,2.400376226891945,-6.45305731532501,-0.3612601416120162
2021-04-13,395.441,-1.5274210868189968,-4.043205803765374,-2.6927378,2.369734300166696,-6.412940103932069,-0.3604682879036452
2021-04-14,394.994,-1.985785683125968,-4.032606078959034,-2.6478386,2.3383479353162184,-6.370954014275252,-0.3595658135136494
2021-04-15,393.24,-3.751083631319065,-4.020893210727234,-2.5921216,2.306230563080894,-6.327123773808128,-0.3585532364227305
2021-04-16,395.545,-1.457321833276824,-4.008078646952297,-2.525873,2.273395787898714,-6.281474434851011,-0.3574311023653644
2021-04-17,395.936,-1.077556938367076,-3.994173974176409,-2.445088,2.2398573808725777,-6.234031355048987,-0.3561999843602922
2021-04-18,395.174,-1.85099513981054,-3.9791909053794137,-2.3679032,2.2056292728127302,-6.184820178192144,-0.3548604822460087
2021-04-19,396.673,-0.3633768107970958,-3.963141268058365,-2.297393,2.1707255473591744,-6.133866815417539,-0.3534132222217737
2021-04-20,393.465,-3.582770832146286,-3.946036992623013,-2.2471955,2.135160434188558,-6.081197426811571,-0.3518588563946332
2021-04-21,398.126,1.0668933822851407,-3.927890101120597,-2.1810894,2.098948302309859,-6.026838403430455,-0.350198062332933
2021-04-22,400.28,3.2093241586860186,-3.908712696302923,-2.1256177,2.062103653452936,-5.970816349755859,-0.3484315426267629
2021-04-23,398.747,1.6646039891305735,-3.888516951047804,-2.065591,2.0246411155537665,-5.91315806660157,-0.3465600244557661
2021-04-24,396.675,-0.4191234866271793,-3.867315098146436,-2.0969074,1.9865754363399597,-5.853890534486395,-0.3445842591647012
2021-04-25,395.237,-1.8688955886512304,-3.8451194204675487,-2.2577133,1.9479214770198845,-5.793040897487433,-0.3425050218471345
2021-04-26,398.754,1.6363894826653844,-3.821942241508426,-2.2484543,1.908694206078492,-5.730636447586918,-0.3403231109376047
2021-04-27,393.472,-3.657543099627696,-3.7977959163422494,-2.1821637,1.868908693182676,-5.666704609524926,-0.3380393478125815
2021-04-28,394.2840000000001,-2.8572053272676907,-3.772692822970488,-2.1214485,1.8285801031987543,-5.6012729261692416,-0.3356545764005053
2021-04-29,392.559,-4.593803580849531,-3.746645354088225,-2.062821,1.787723690324384,-5.534369044412609,-0.333169662801176
2021-04-30,395.944,-1.2203361664001946,-3.719665909269798,-2.0087197,1.746354792337032,-5.46602070160683,-0.3305854949147214
2021-05-01,394.28,-2.89601524409981,-3.69176688758109,-1.9909432,1.7044888249607482,-5.396255712541838,-0.3279029820803603
2021-05-02,393.828,-3.3596310770772044,-3.662960680624349,-1.9333279,1.6621412763528811,-5.32510195697723,-0.3251230547251339
2021-05-03,396.203,-0.9961820030286432,-3.633259666020383,-1.8676525,1.6193277017119918,-5.2525873677323744,-0.32224666402276
2021-05-04,394.204,-3.006716172797788,-3.6026762013324736,-1.8002734,1.5760637180080397,-5.178739919340513,-0.3192747815627342
2021-05-05,393.002,-4.220183464551567,-3.5712226184353906,-1.7108388,1.5323649988356594,-5.1035876172710495,-0.3162083990297712
2021-05-06,395.361,-1.8725822233630744,-3.5389112183321547,-1.6342815,1.4882472693910322,-5.027158487723187,-0.3130485278936543
2021-05-07,393.065,-4.179910794305139,-3.505754266420624,-1.5776008,1.4437263015727198,-4.949480567993343,-0.3097961991095295
2021-05-08,389.415,-7.841167522450709,-3.4717639882108298,-1.5262874,1.3988179092064383,-4.870581897417268,-0.3064524628286588
2021-05-09,394.934,-2.333350752872752,-3.436952565493664,-1.4789517,1.353537943393642,-4.790490508887306,-0.3030183881196086
2021-05-10,397.085,-0.1934588306441238,-3.401332132960369,-1.4173542,1.3079022879834372,-4.709234420943806,-0.2994950626998341
2021-05-11,393.144,-4.145548361909088,-3.3649147752717874,-1.3513181,1.261926855167193,-4.62684163043898,-0.2958835926775784
2021-05-12,395.078,-2.222561013850597,-3.3277125245754307,-1.27979,1.2156275811948971,-4.543340105770328,-0.2921851023039974
2021-05-13,390.68,-6.631495140169213,-3.2897373584677334,-1.2009343,1.1690204222121463,-4.45875778067988,-0.2884007337353662
2021-05-14,392.962,-4.36034909456567,-3.2510011983980758,-1.132289,1.1221213502163956,-4.373122548614471,-0.2845316468052303
2021-05-15,392.044,-5.2891212307404825,-3.21151590851048,-1.0774143,1.0749463491308675,-4.286462257641348,-0.2805790188063062
2021-05-16,396.511,-0.8328099023943514,-3.171293294918097,-1.0267881,1.0275114109943222,-4.198804705912419,-0.2765440442819331
2021-05-17,396.523,-0.8315836604009315,-3.1303451054049,-0.9822965,0.979832532264677,-4.110177637669577,-0.2724279348268398
2021-05-18,393.488,-3.877341596199974,-3.0886830295483234,-0.96427184,0.931925710234216,-4.020608739782539,-0.2682319188969715
2021-05-19,394.27,-3.1060175806089267,-3.046318699255854,-0.9337732,0.8838069395540071,-3.930125638809861,-0.263957241628093
2021-05-20,392.942,-4.444610002351894,-3.003263689707956,-0.9386264,0.8354922088648745,-3.838755898572831,-0.2596051646628645
2021-05-21,388.917,-8.480117250153235,-2.959529520698876,-0.93561274,0.7869974975321157,-3.7465270182309913,-0.2551769659860629
2021-05-22,391.819,-5.5885377127371765,-2.915127658366517,-0.9048274,0.738338772480994,-3.653466430847511,-0.250673939767593
2021-05-23,395.78,-1.6378697788276817,-2.870069517301632,-0.8694197,0.6895319851298337,-3.559601502431466,-0.2460973962129222
2021-05-24,392.573,-4.855272462624272,-2.824366463026114,-0.8454801,0.6405930684173466,-3.46495953144346,-0.2414486614205387
2021-05-25,394.357,-3.0815878921984945,-2.7780298148295937,-0.8249681,0.5915379339207929,-3.3695677487503866,-0.2367290772460238
2021-05-26,391.661,-5.787751803751446,-2.731070848952816,-0.75897956,0.5423824690612032,-3.273453318014019,-0.2319400011723046
2021-05-27,390.198,-7.26082701749335,-2.6835008021058826,-0.7352714,0.4931425343920016,-3.176643336497884,-0.2270828061856306
2021-05-28,391.604,-5.864811936395536,-2.6353308753087386,-0.6949601,0.4438339609670233,-3.079164836275762,-0.222158880656808
2021-05-29,396.561,-0.9177049634294044,-2.5865722380408678,-0.6381557,0.3944725477839129,-2.98104478582478,-0.2171696282272059
2021-05-30,394.708,-2.780741208231147,-2.537236032686587,-0.58015573,0.34507405929871,-2.8823100919852966,-0.2121164676990259
2021-05-31,395.568,-1.9306887993537565,-2.487333379261902,-0.520707,0.2956542230073963,-2.7829876022692983,-0.2070008329293241
2021-06-01,395.444,-2.0645461748214764,-2.4368753804083534,-0.46122167,0.24622872708996,-2.683104107498313,-0.2018241727272483
2021-06-02,393.238,-4.280311772658906,-2.3858731266389435,-0.41629812,0.1968132181125491,-2.5826863447514925,-0.1965879507539467
2021-06-03,394.745,-2.782984030890389,-2.334337701820704,-0.35806584,0.1474232987831457,-2.481761000603849,-0.1912936454245912
2021-06-04,397.86,0.322457797492075,-2.282280188878168,-0.3020364,0.098074525756139,-2.380354714634307,-0.1859427498119473
2021-06-05,394.271,-3.2762399394635797,-2.229711675701645,-0.2674829,0.0487824074811186,-2.278494083182764,-0.1805367715509096
2021-06-06,397.456,-0.1007158430802226,-2.176643261243737,-0.2366904,-0.0004375979089068,-2.1762056633348306,-0.1750772327434193
2021-06-07,396.422,-1.1441691072437798,-2.1230860617874354,-0.20943914,-0.0495700846745742,-2.0735159771128613,-0.169565669863165
2021-06-08,395.975,-1.6007077897901736,-2.0690512173686013,-0.1652843,-0.098599701517417,-1.9704515158511844,-0.1640036336594657
2021-06-09,393.038,-4.547220488542642,-2.01454989833562,-0.13197157,-0.147511153602106,-1.8670387447335135,-0.15839268905973
2021-06-10,392.872,-4.722633478961627,-1.959593312028575,-0.12043488,-0.1962892045585607,-1.7633041074700142,-0.1527344150698742
2021-06-11,395.627,-1.9769598915932385,-1.90419270956025,-0.15544754,-0.2449186784688093,-1.659274031091441,-0.1470304046720909
2021-06-12,405.137,7.523801781201424,-1.8483593926809485,-0.20265493,-0.29338446184346,-1.5549749308374885,-0.1412822647193413
2021-06-13,401.941,4.318627482078982,-1.7921047207091276,-0.18680985,-0.3416715055926301,-1.4504332151164974,-0.1354916158259584
2021-06-14,391.31,-6.32158636485919,-1.735440117509565,-0.17728703,-0.3897648269961781,-1.3456752905133869,-0.1296600922537379
2021-06-15,395.183,-2.457703910087221,-1.6783770785007806,-0.120925784,-0.4376495116780457,-1.2407275668227349,-0.123789341792901
2021-06-16,396.25,-1.399592935421306,-1.6209271776733964,-0.050600532,-0.4853107155894328,-1.1356164620839635,-0.1178810256373098
2021-06-17,396.205,-1.4536245546410616,-1.5631020746009463,0.023851221,-0.5327336670055394,-1.0303684075954072,-0.1119368182533261
2021-06-18,397.287,-0.3805793638064028,-1.5049135214248408,0.09217607,-0.579903668540509,-0.9250098528843318,-0.105958407241702
2021-06-19,395.075,-2.601508109481089,-1.4463733697949948,0.14794399,-0.6268060991851382,-0.8195672706098566,-0.0999474931919016
2021-06-20,401.376,3.690653719348317,-1.3874935777479152,0.19597065,-0.6734264163718401,-0.7140671613760751,-0.0939057895282607
2021-06-21,400.609,2.914899278880023,-1.3282862165038904,0.2428232,-0.7197501580712805,-0.6085360584326099,-0.0878350223473876
2021-06-22,398.254,0.5511041277593733,-1.268763477165207,0.2889797,-0.7657629449249669,-0.5030005322402401,-0.0817369302462393
2021-06-23,396.173,-1.5387363168231571,-1.2089376772973646,0.3422922,-0.8114504824179823,-0.3974871948793822,-0.0756132641402929
2021-06-24,394.951,-2.7696606192053794,-1.1488212673755085,0.3813055,-0.8567985630959665,-0.2920227042795418,-0.0694657870712622
2021-06-25,399.018,1.288503428930551,-1.088426837078324,0.4198636,-0.9017930688302668,-0.186633768248057,-0.0632962740038098
2021-06-26,402.8,5.061589047550617,-1.027767121412109,0.458545,-0.9464199731350916,-0.0813471482770173,-0.057106511610728
2021-06-27,406.961,9.213707631438435,-0.966855006647745,0.5034625,-0.9906653435403304,0.0238103368925853,-0.0508982980460662
2021-06-28,401.555,3.7988217596366742,-0.9057035360537232,0.55341554,-1.0345153440235866,0.1288118079698634,-0.0446734427057069
2021-06-29,396.427,-1.3381110995513206,-0.8443259154086282,0.5998789,-1.0779562375047569,0.2336303220961286,-0.0384337659749041
2021-06-30,398.804,1.0300447449433283,-0.7827355182767465,0.64403194,-1.120974388406396,0.3382388701296496,-0.0321810989623152
2021-07-01,403.746,5.963236773062635,-0.7209458910310053,0.68086696,-1.1635562652828624,0.4426103742518571,-0.02591728322008
2021-07-02,404.674,6.88248510040093,-0.6589707576075546,0.7159892,-1.2056884435211253,0.5467176859135706,-0.019644170449513
2021-07-03,401.64,3.83970857047248,-0.5968240239770303,0.75412303,-1.2473576081158586,0.6505335841388283,-0.0133636221920047
2021-07-04,398.583,0.7738163200251256,-0.5345197823176093,0.7950174,-1.288550556521323,0.754030774203714,-0.0070775095047385
2021-07-05,397.18,-0.6381647633159888,-0.4720723148757293,0.8274536,-1.3292542015822997,0.8571818867065704,-0.0007877126208612
2021-07-06,399.147,1.3199104995096196,-0.409496097500675,0.84416515,-1.3694555745461177,0.9599594770454428,0.0055038794062406
2021-07-07,401.858,4.021648297847289,-0.346805802839681,0.8691396,-1.4091418281576469,1.0623360253179657,0.0117953690748718
2021-07-08,401.152,3.306411762508585,-0.284016303180851,0.9125191,-1.4483002398388984,1.1642839366580473,0.0180848508234697
2021-07-09,401.05,3.1950367873547103,-0.2211426729316027,0.96404415,-1.4869182149546265,1.2657755420230234,0.024370411435819
2021-07-10,402.393,4.528659721803925,-0.1582001907210328,0.99770296,-1.5249832901651377,1.3667830994441048,0.030650130463288
2021-07-11,395.778,-2.0956799769623053,-0.0952043411150408,1.0290902,-1.5624831368672445,1.4672787957522038,0.0369220806643026
2021-07-12,403.571,5.68813369594375,-0.0321708159337579,1.0703828,-1.5994055647241252,1.5672347487903673,0.0431843284612476
2021-07-13,400.03,2.138024281449356,0.0308844848386513,1.1248577,-1.6357385252845236,1.666623010123175,0.0494349344149607
2021-07-14,403.952,6.050720474216419,0.0939454525610134,1.1683359,-1.6714701156915786,1.765415568252592,0.0556719537169491
2021-07-15,403.012,5.101449501487629,0.1569957698676841,1.2008933,-1.706588582481257,1.8635843523489413,0.0618934366994374
2021-07-16,398.578,0.658119778018559,0.220018911034453,1.2267296,-1.7410823254701384,1.9611012365045917,0.0680974293633231
2021-07-17,400.129,2.199716296171607,0.2829981427852145,1.248388,-1.774939901732077,2.057938044517292,0.0742819739240824
2021-07-18,398.615,0.6763621488173701,0.3459165255458802,1.2897373,-1.8081500296629809,2.154066555208861,0.0804451093756481
2021-07-19,395.777,-2.170985745379852,0.4087569151514902,1.3179903,-1.8407015931327024,2.249458508284192,0.0865848720722404
2021-07-20,393.321,-4.636252819532035,0.4715019650116797,1.3351626,-1.872583645722787,2.3440856107344663,0.0926992963281086
2021-07-21,398.994,1.0276375361315475,0.5341341287389773,1.3574555,-1.903785415048594,2.437919543787572,0.0987864150351067
2021-07-22,401.691,3.71553721540362,0.5966356632436253,1.3753316,-1.934296307164004,2.5309319704076287,0.1048442602979969
2021-07-23,396.838,-1.1469190201831152,0.6589886322979681,1.3967379,-1.964105911046704,2.6230945433446715,0.1108708640873407
2021-07-24,402.047,4.052659692952133,0.7211749105726101,1.4205325,-1.9932040031617893,2.7143789137344,0.116864258909809
2021-07-25,400.785,2.781311286838795,0.7831761881458346,1.4523025,-2.021580552101152,2.804756740246986,0.1228224784957094
2021-07-26,409.203,11.19003671047103,0.8449739754871022,1.4745699,-2.0492257232958955,2.8941996987829977,0.1287435585034982
2021-07-27,407.995,9.972822405974703,0.9065496089144764,1.5043776,-2.076129883798736,2.982679492713212,0.134625537241009
2021-07-28,398.41,0.3786834350044099,0.9678842565253392,1.5346996,-2.102283607133132,3.0701678636584706,0.1404664564031083
2021-07-29,400.422,2.381620744406302,1.0289589245987274,1.5681057,-2.1276776782056444,3.1566366028043715,0.1462643618254421
2021-07-30,398.735,0.6855575678793642,1.089754464467069,1.5984699,-2.15230309827774,3.242057562744809,0.1520173042539227
2021-07-31,398.644,0.5853082271202048,1.1502515798542157,1.6152928,-2.176151089993074,3.326402669847289,0.1577233401295601
2021-08-01,402.679,4.611134296754379,1.2104308346758874,1.6398318,-2.1992131024559995,3.4096439371318867,0.1633805323882183
2021-08-02,400.873,2.7959032745046084,1.270272661298061,1.6538965,-2.221480816356876,3.4917534776549366,0.1689869512748486
2021-08-03,397.303,-0.7832581446581477,1.3297573692477915,1.675464,-2.242946149139463,3.572703518387254,0.1745406751717156
2021-08-04,400.957,2.861565315114201,1.3888651543705055,1.698084,-2.263601260205512,3.652466414576017,0.1800397914401025
2021-08-05,402.599,4.494460123222071,1.4475761084268377,1.7159644,-2.28343855615143,3.731014664578268,0.1854823972749614
2021-08-06,401.167,3.0534271413934877,1.505870229121447,1.7206429,-2.30245069603168,3.808320925153127,0.1908666005719347
2021-08-07,402.298,4.175467231356595,1.5637274305555475,1.7211105,-2.3206305966433973,3.884358027198945,0.1961905208061523
2021-08-08,402.988,4.856426060016298,1.6211275540939956,1.728355,-2.3379714378264613,3.959098991920457,0.2014522899221736
2021-08-09,401.898,3.757380131273212,1.6780503796373785,1.7382582,-2.3544666677731367,4.032517047410515,0.2066500532344321
2021-08-10,400.653,2.5034002737922565,1.7344756372884698,1.7448728,-2.370110008341133,4.104585645629603,0.2117819703374945
2021-08-11,399.389,1.2302612334233354,1.7903830194020405,1.7710812,-2.384895460363832,4.175278479765872,0.2168462160254305
2021-08-12,400.977,2.809172490791754,1.8457521930062013,1.8081219,-2.3988173089512044,4.244569501957406,0.2218409812195709
2021-08-13,405.281,7.104164781731315,1.9005628125827856,1.8444723,-2.4118701287748188,4.312432941357605,0.2267644739038873
2021-08-14,400.246,2.060243471044026,1.954794533193653,1.8771654,-2.424048789330142,4.378843322523795,0.231614920067227
2021-08-15,400.529,2.3344093425487067,2.008427023939277,1.8880749,-2.43534846016927,4.443775484108548,0.2363905646515952
2021-08-16,401.173,2.969663180064029,2.0614399817351137,1.9093325,-2.445764616096979,4.507204597832093,0.2410896725056677
2021-08-17,402.143,3.9310057674087417,2.113813145390945,1.9160265,-2.4552930423229653,4.569106187713911,0.245710529342685
2021-08-18,403.819,5.598437888401508,2.1655263099776176,1.9242603,-2.463929839562957,4.629456149540575,0.2502514427018705
2021-08-19,406.208,7.978960326861165,2.216559341465093,1.9204862,-2.4716714290813124,4.688230770546405,0.2547107429124868
2021-08-20,403.467,5.229516668708296,2.266892191615265,1.9087875,-2.478514557667596,4.745406749282861,0.2590867840596352
2021-08-21,402.761,4.515057076726087,2.3165049131123703,1.912237,-2.48445630253955,4.80096121565192,0.2633779449508742
2021-08-22,405.878,7.623600384644462,2.3653776749133697,1.9203241,-2.4894940761647866,4.854871751078156,0.2675826300827344
2021-08-23,401.22,2.957236016709106,2.4134907778003054,1.9433669,-2.493625630993507,4.907116408793812,0.2716992706061731
2021-08-24,397.672,-0.5992377382290552,2.4608246701160152,1.9776821,-2.4968490640944148,4.95767373421043,0.2757263252900178
2021-08-25,399.222,0.9423813652853168,2.5073599636643094,2.0244155,-2.4991628216860198,5.006522785350329,0.2796622814814185
2021-08-26,396.902,-1.3859059573920431,2.5530774497552646,2.0460763,-2.5005657035554525,5.053643153310717,0.2835056560623275
2021-08-27,400.435,2.139103465922214,2.597958115375905,2.0585501,-2.5010568673569358,5.099014982732841,0.2872549964010155
2021-08-28,404.915,6.611208850806489,2.641983159466246,2.0707633,-2.500635832781952,5.142618992248199,0.2909088812976197
2021-08-29,403.107,4.795410942938872,2.685134009280288,2.0848627,-2.4993024855932573,5.184436494873545,0.294465921922712
2021-08-30,402.736,4.416710487997606,2.727392336811321,2.1025472,-2.497057081514826,5.224449418326147,0.2979247627478757
2021-08-31,399.166,0.8391082316607186,2.7687400752606224,2.1054437,-2.493900249969886,5.2626403252305085,0.3012840824672685
2021-09-01,402.812,4.477604919606388,2.809159435528336,2.0936055,-2.4898329976591573,5.298992433187493,0.3045425949091448
2021-09-02,402.624,4.282201297512542,2.8486329227052467,2.0898144,-2.4848567119715805,5.333489634676827,0.3076990499363187
2021-09-03,401.837,3.4878981110574694,2.8871433525437755,2.1108582,-2.478973164219735,5.36611651676351,0.3107522343345281
2021-09-04,400.466,2.1096961059192028,2.924673867886666,2.1221008,-2.472184512692345,5.396858380579011,0.3137009726876869
2021-09-05,403.08,4.71659602777581,2.961207955031369,2.1302834,-2.464493305516257,5.425701260547625,0.3165441282389882
2021-09-06,398.423,0.0524696382002884,2.996729460008375,2.1555,-2.455902483320412,5.452631943328787,0.3192806037368478
2021-09-07,398.668,0.2904431619729664,3.0312226047514126,2.182481,-2.4464153816944543,5.477637986445867,0.3219093422646589
2021-09-08,402.988,4.603517325671173,3.0646720031375843,2.2054417,-2.4360357334346743,5.5007077365722585,0.3244293280533575
2021-09-09,400.19,1.798692855872198,3.0970626768754386,2.2294285,-2.42476767057019,5.521830347445629,0.3268395872757871
2021-09-10,395.726,-2.672029520846688,3.1283800712189738,2.1635945,-2.4126157261623247,5.540995797381298,0.3291391888218701
2021-09-11,400.115,1.7105861708399015,3.158610070485732,2.1761513,-2.3995848358703937,5.558194906356126,0.3313272450535973
2021-09-12,395.272,-3.138694021723472,3.18773901335712,2.1986086,-2.385680339277163,5.573419352634283,0.3334029125388689
2021-09-13,399.618,1.2012218050639047,3.21575370793929,2.214262,-2.370907980967497,5.586661688906787,0.3353653927632131
2021-09-14,402.722,4.299245747982581,3.242641446563087,2.2205038,-2.3552739113538843,5.597915357916971,0.3372139328184443
2021-09-15,403.008,4.5793785823808975,3.2683900203015908,2.237846,-2.338784687242676,5.607174707544266,0.3389478260673269
2021-09-16,402.988,4.55362108360755,3.292987733184249,2.2591717,-2.321447272135148,5.614435005319397,0.3405664127833224
2021-09-17,403.393,4.952974027010838,3.3164234160866397,2.2631023,-2.303269036257676,5.619692452344316,0.3420690807645302
2021-09-18,406.112,7.666438187939185,3.3386864402751883,1.9872167,-2.28425775631554,5.622944196590728,0.3434552659209406
2021-09-19,403.516,5.06501434174122,3.359766730586626,1.8717413,-2.264421614965115,5.62418834555174,0.3447244528341368
2021-09-20,400.167,1.7106121220163502,3.379654778222086,1.8867462,-2.2437691999994818,5.623423978221568,0.3458761752886172
2021-09-21,403.288,4.826191985078864,3.3983416531362645,1.9056342,-2.222309503242692,5.6206511563789565,0.3469100167739182
2021-09-22,401.863,3.395855090743908,3.4158190160024,1.9363049,-2.2000519191482546,5.615870935150654,0.3478256109567524
2021-09-23,401.877,3.4044938100094786,3.432079129734161,1.9715265,-2.177006243097623,5.609085372831784,0.3486226421223936
2021-09-24,403.076,4.598243868447695,3.447114870546173,1.9953698,-2.15318266939481,5.600297539940983,0.3493008455845766
2021-09-25,402.206,3.723105984996507,3.4609197385351536,2.033112,-2.1285917889534907,5.589511527488645,0.3498600080631955
2021-09-26,402.429,3.941024591712893,3.4734878677642853,2.0443962,-2.103244586673306,5.576732454437591,0.3502999680291243
2021-09-27,398.751,0.2580551648806235,3.4848140358339164,1.9017152,-2.0771524385023645,5.56196647433628,0.3506206160155045
2021-09-28,397.788,-0.7102197637951928,3.494893672922198,1.8401688,-2.0503271081832524,5.545220781105451,0.3508218948948819
2021-09-29,397.079,-1.4243926683716517,3.5037228702799363,1.8471338,-2.022780743680212,5.526503613960148,0.3509038001216016
2021-09-30,403.321,4.8126433644695465,3.511298388164375,1.8219492,-1.994525873285452,5.505824261449827,0.3508663799389057
2021-10-01,398.458,-0.0552202167258633,3.5176176631974365,1.8254662,-1.965575401402924,5.483193064600361,0.3507097355502105
2021-10-02,404.292,5.774017252891171,3.522678815134421,1.8299365,-1.935942604008202,5.458621419142623,0.3504340212540782
2021-10-03,401.782,3.259356438169913,3.5264806530298616,1.8632634,-1.905641123783488,5.432121776813349,0.3500394445424256
2021-10-04,401.732,3.2047980039595414,3.5290226807880987,1.9030975,-1.874684964927134,5.403707645715233,0.3495262661615581
2021-10-05,400.626,2.094342615109289,3.530305102086454,1.9224232,-1.8430884876373608,5.373393589723815,0.3488948001356469
2021-10-06,404.431,5.89499093646841,3.5303288246600766,1.9260882,-1.8108664022703085,5.341195226930385,0.3481454137523122
2021-10-07,399.41,0.8693393623484837,3.5290954639378698,1.937826,-1.7780337631728802,5.3071292271107495,0.3472785275100014
2021-10-08,398.175,-0.3702181574760992,3.526607346019892,1.9075108,-1.7446059621911825,5.271213308211075,0.3462946150269089
2021-10-09,398.583,0.0333234391551666,3.522867509987362,1.9055898,-1.7105987218558285,5.23346623184319,0.3451942029112032
2021-10-10,396.716,-1.8380398230805837,3.517879709537113,1.9053786,-1.6760280882456495,5.193907797782762,0.3439778705923862
2021-10-11,403.368,4.810130410611314,3.511648413933234,1.8933687,-1.640910423531837,5.152558837465071,0.3426462501136326
2021-10-12,408.175,9.6134070575465,3.504178808269395,1.864928,-1.6052623982048266,5.109441206474221,0.3412000258850157
2021-10-13,407.769,9.203386517810529,3.4954767930361768,1.8018842,-1.5691009829867153,5.064577776022892,0.3396399343975533
2021-10-14,406.654,8.084151993888113,3.4855489829886737,1.7969787,-1.532443440432322,5.017992423420996,0.3379667638980546
2021-10-15,401.659,3.084841500546589,3.47440270531028,1.8117697,-1.4953073162224022,4.969710021532682,0.3361813540247997
2021-10-16,405.923,7.344505612771713,3.4620459970696715,1.8294548,-1.45771043015294,4.919756427222612,0.334284595404106
2021-10-17,407.567,8.984252283840544,3.448487601968652,1.7334981,-1.4196708668248004,4.868158468793452,0.3322774292078961
2021-10-18,405.363,6.776082037719666,3.4337369663795734,1.6724054,-1.3812069660384263,4.814943932418,0.330160846672425
2021-10-19,412.85,14.25899539837571,3.417804234671799,1.7044094,-1.3423373128986211,4.76014154757042,0.3279358885783451
2021-10-20,403.956,5.360856150949521,3.4007002438276026,1.5103842,-1.303080727634884,4.703780971462487,0.3256036446923609
2021-10-21,407.018,8.418797842504466,3.382436517348869,1.3608836,-1.2634562551431066,4.645892772491975,0.3231652531707467
2021-10-22,403.052,4.448813358410956,3.3630252584566502,0.74238825,-1.2234831542548277,4.586508412711478,0.3206218999250507
2021-10-23,405.693,7.085898330413551,3.3424793425867843,0.6029603,-1.1831808867406235,4.525660229327408,0.3179748179503514
2021-10-24,408.374,9.7630652106156,3.3208123091854334,-0.36651155,-1.142569106054579,4.463381415240012,0.3152252866164754
2021-10-25,406.139,7.524295461811066,3.2980383528094555,-0.7529112,-1.1016676458271193,4.399705998636575,0.3123746309226256
2021-10-26,399.442,0.8236081054102158,3.274172313537336,-0.8969648,-1.0604965081139035,4.33466882165124,0.3094242207159126
2021-10-27,403.908,5.285805124185414,3.2492296666972966,-0.99518335,-1.0190758514087717,4.268305518106068,0.3063754698743239
2021-10-28,401.108,2.4818971708557465,3.2232265119201107,-0.9979211,-0.977425978429119,4.2006524903492295,0.3032298354547027
2021-10-29,403.382,4.752062708049359,3.196179561524976,-0.9987632,-0.9355673236824148,4.131746885207391,0.2999888168063604
2021-10-30,405.929,7.29530217722492,3.1681061282477723,-1.0372369,-0.893520440822909,4.061626569070682,0.2966539546509695
2021-10-31,410.856,12.21861601984105,3.1390241123216547,-1.0035235,-0.8513059898078843,3.9903301021295383,0.2932268301294373
2021-11-01,405.008,6.36700467735638,3.108951987921185,-1.1882732,-0.808944723863179,3.917896711784364,0.2897090638164989
2021-11-02,400.614,1.9694685912296563,3.07790878898153,-1.166331,-0.7664574762679488,3.844366265249479,0.2861023147037968
2021-11-03,405.992,7.344008202919405,3.0459140944055982,-1.1363293,-0.7238651469690104,3.769779241374609,0.2824082791522635
2021-11-04,405.804,7.152623953884368,3.012988012672385,-1.4809349,-0.6811886890353465,3.694176701707732,0.2786286898146523
2021-11-05,404.087,5.432316285583179,2.979151165860884,-1.5530592,-0.6384490949636834,3.617600260824567,0.2747653145291051
2021-11-06,399.335,0.676705121741497,2.94442467310454,-1.6195347,-0.5956673828462846,3.5400920559508244,0.2708199551846727
2021-11-07,402.745,4.083161081395215,2.9088301334920903,-1.5758314,-0.5528645824124045,3.461694715904495,0.2667944465597454
2021-11-08,397.944,-0.7213154503466868,2.872389608431327,-1.5165721,-0.5100617209550774,3.3824513293864045,0.2626906551343794
2021-11-09,400.686,2.0175115364199296,2.8351256034930863,-1.8822554,-0.4672798091551825,3.3024054126482687,0.2585104778775439
2021-11-10,399.141,0.4694002930367853,2.797061049753529,-1.8539536,-0.4245398268149234,3.221600876568453,0.2542558410103365
2021-11-11,400.089,1.4143512404749323,2.7582192846533355,-1.8565211,-0.3818627085131093,3.140081993166445,0.2499286987462519
2021-11-12,400.135,1.4573647997055783,2.7186240323933317,-1.8706485,-0.3392693291948387,3.05789336158817,0.2455310320096138
2021-11-13,400.076,1.3954413916998334,2.6782993838864693,-1.8227134,-0.2967804897083479,2.975079873594817,0.2410648471333146
2021-11-14,398.649,-0.034654187366117,2.6372697762869484,-1.8127244,-0.2544169023019844,2.8916866785889326,0.2365321745370219
2021-11-15,400.867,2.180287138649337,2.595559972117715,-1.8247396,-0.2121991760944599,2.807759148212175,0.231935067387055
2021-11-16,401.313,2.6233001582751365,2.553195038018253,-1.8157576,-0.1701478025316645,2.723342840549918,0.2272756002391349
2021-11-17,402.537,3.844380794346277,2.5102003231350616,-1.754348,-0.12828314084345,2.6384834639785115,0.2225558676652624
2021-11-18,402.64,3.944427742538564,2.466601437177837,-1.719441,-0.0866254035139716,2.5532268406918086,0.2177779828659747
2021-11-19,401.631,2.93246765090273,2.4224242281648154,-1.7762268,-0.0451946417792447,2.46761886994406,0.2129440762692699
2021-11-20,397.875,-0.8264138950619513,2.377694759881245,-1.7160233,-0.0040107311656972,2.3817054910469424,0.208056294117495
2021-11-21,401.1950000000001,2.490837674644691,2.3324392890753947,-1.6735319,0.0369066429164464,2.2955326461589483,0.2031167970435213
2021-11-22,401.755,3.048165419962409,2.2866842424169485,-1.6301298,0.0775379995109935,2.209146242905955,0.1981277586375393
2021-11-23,406.177,7.46748676838653,2.240456193242969,-1.6085123,0.1178640763708726,2.1225921168720965,0.1930913640058213
2021-11-24,400.426,1.7138873011646112,2.1937818381170917,-1.5557246,0.1578658441164415,2.03591599400065,0.1880098083228171
2021-11-25,398.328,-0.38663263541563,2.146687973227818,-1.549612,0.1975245202829867,1.9491634529448312,0.1828852953779544
2021-11-26,398.474,-0.2429897636518863,2.099201470652136,-1.5424114,0.2368215832433617,1.8623798874087736,0.1777200361185301
2021-11-27,399.808,1.0888373050486928,2.0513492545109915,-1.5175016,0.2757387859917029,1.7756104685192886,0.1725162471900803
2021-11-28,400.306,1.5847397294657384,2.003158277043334,-1.5127077,0.3142581697742235,1.6889001072691106,0.1672761494756351
2021-11-29,399.524,0.8007178846826912,1.9546554946256416,-1.4639415,0.3523620775531033,1.6022934170725385,0.1620019666352559
2021-11-30,401.351,2.625772145782734,1.9058678437640693,-1.4322132,0.3900331672895351,1.5158346764745343,0.1566959236472662
2021-12-01,402.577,3.849902887849291,1.8568222170864823,-1.4070207,0.427254425032063,1.4295677920544194,0.1513602453525887
2021-12-02,401.124,2.3951104859656738,1.807545439361654,-1.3556693,0.4640091777965031,1.3435362615651507,0.1459971550035909
2021-12-03,392.222,-6.5086046847846415,1.758064243573172,-1.2961143,0.50028110622369,1.257783137349482,0.1406088728188572
2021-12-04,396.52,-2.2122090801856764,1.708405247075386,-1.2482395,0.5360542570015935,1.1723509900737925,0.1351976145452861
2021-12-05,401.106,2.3722986413994667,1.6585949278589796,-1.1980162,0.5713130550383325,1.087281872820647,0.1297655900289224
2021-12-06,400.009,1.273855744610338,1.608659600953556,-1.1834861,0.6060423153728597,1.0026172855806963,0.1243150017959068
2021-12-07,403.001,4.264281687913277,1.5586253949945714,-1.2056959,0.6402272548102175,0.918398140184354,0.1188480436449465
2021-12-08,403.9980000000001,5.259733193605068,1.508518228981992,-1.2004212,0.6738535032684482,0.8346647257135439,0.1133668992526683
2021-12-09,405.733,6.993256180190162,1.4583637892577352,-1.2375884,0.7069071148244527,0.7514566744332826,0.107873740793235
2021-12-10,402.585,3.8438509906600657,1.4081875067289018,-1.2398163,0.7393745784463115,0.6688129282825903,0.1023707275735674
2021-12-11,406.697,7.9545009724070255,1.3580145343635883,-1.3767285,0.7712428283997863,0.586771705963802,0.0968600046855198
2021-12-12,400.676,1.9322230021847044,1.307869724985831,-1.8041188,0.8024992543169617,0.5053704706688694,0.0913437016763277
2021-12-13,404.753,6.007964535863316,1.2577776093958963,-2.326281,0.8331317109153371,0.4246458984805592,0.0858239312386359
2021-12-14,404.594,5.847777361440259,1.2077623748419783,-2.5448725,0.8631285273557707,0.3446338474862076,0.0803027879213914
2021-12-15,398.671,-0.076338188441511,1.1578478438688973,-2.8513787,0.8924785162281772,0.2653693276407201,0.0747823468628705
2021-12-16,398.019,-0.7295209557003011,1.108057453569061,-3.0777714,0.9211709821540194,0.1868864714150416,0.0692646625470805
2021-12-17,397.24,-1.5095276845165202,1.05841423526061,-3.0268853,0.949195729995043,0.109218505265567,0.0637517675847576
2021-12-18,394.174,-4.576390175067983,1.0089407946171454,-3.0136397,0.9765430726579966,0.0323977219591488,0.0582456715201563
2021-12-19,401.752,3.00083844010122,0.9596592922730438,-3.025522,1.0032038384854516,-0.0435445462124077,0.0527483596647962
2021-12-20,405.107,6.355103627183035,0.9105914249278498,-3.013914,1.0291693782231557,-0.1185779532953058,0.047261791959309
2021-12-21,408.274,9.521441948299264,0.8617584069726691,-3.0438464,1.0544315715547643,-0.1926731645820953,0.0417879018644917
2021-12-22,406.348,7.594836574025022,0.8131809526610476,-3.1601183,1.078982833195154,-0.2658018805341064,0.0363285952826513
2021-12-23,403.651,4.897271999862009,0.764879258846059,-3.621013,1.102816118533944,-0.337936859687885,0.0308857495102803
2021-12-24,405.049,6.294672808729874,0.7168729883049264,-3.8914866,1.125924928821206,-0.4090519405162794,0.0254612122230873
2021-12-25,400.186,1.4302026228239466,0.6691812536716178,-4.149855,1.1483033158878375,-0.4791220622162199,0.0200568004943476
2021-12-26,387.321,-11.436428288423102,0.621822601997469,-4.4107304,1.1699458863934415,-0.5481232843959726,0.0146742998475278
2021-12-27,393.2240000000001,-5.53499484473106,0.5748149999588952,-4.695149,1.190847805595021,-0.6160328056361255,0.0093154633440864
2021-12-28,398.788,0.0282580046091958,0.5281758197307972,-4.711006,1.2110048006302567,-0.6828289808994595,0.0039820107073112
2021-12-29,400.501,1.740595997475071,0.4819218255433552,-4.79837,1.2304131633095887,-0.7484913377662334,-0.0013243725169665
2021-12-30,397.26,-1.5017355304147504,0.4360691609391605,-4.771494,1.249069752411771,-0.8130005914726108,-0.0066020357620095
2021-12-31,399.667,0.9042169331838804,0.3906333367469373,-4.7707357,1.2669719954780994,-0.8763386587311621,-0.0118493642034052
2022-01-01,400.256,1.4917959118604631,0.3456292197871841,-4.7445974,1.284117890100947,-0.9384886703137628,-0.017064779483196
2022-01-02,398.868,0.1022762430986778,0.3010710223242501,-4.6971664,1.3005060047027626,-0.9994349823785124,-0.0222467403942463
2022-01-03,398.198,-0.5692618562328615,0.2569722922785677,-5.0880666,1.3161354788022053,-1.0591631865236375,-0.0273937435242301
2022-01-04,394.679,-4.089695603951034,0.2133459042118334,-5.3550963,1.3310060227645435,-1.1176601185527102,-0.032504323858675
2022-01-05,394.788,-3.9818962319436224,0.1702040510970138,-5.4405823,1.3451179170340508,-1.174913865937037,-0.0375770553425324
2022-01-06,393.322,-5.4490580777893936,0.127558236884246,-5.495962,1.3584720108465318,-1.2309137739622855,-0.0426105513998026
2022-01-07,402.028,3.255823429374791,0.0854192698726196,-5.670191,1.37106972042078,-1.2856504505481603,-0.0476034654107815
2022-01-08,400.312,1.5386771720805417,0.0437972568970647,-5.575143,1.3829130266281584,-1.3391157697310936,-0.0525544911465486
2022-01-09,397.074,-1.7005647568614108,0.002701598338447,-5.4944425,1.394004472140155,-1.391302873801708,-0.057462363160364
2022-01-10,394.382,-4.393772764491332,-0.037859016035885,-5.4089694,1.4043471580541935,-1.4422061740900785,-0.062325857135686
2022-01-11,394.866,-3.91094230886737,-0.0778766103948534,-5.3426814,1.4139447399986138,-1.4918213503934672,-0.0671437901905805
2022-01-12,398.8610000000001,0.0829555930658099,-0.1173439253245063,-5.2701173,1.4228014237182256,-1.540145349042732,-0.0719150211383321
2022-01-13,395.742,-3.0371468552663616,-0.1562544194626937,-5.22153,1.4309219601423735,-1.5871763796050673,-0.0766384507041228
2022-01-14,399.445,0.6647848400933505,-0.1946022702843726,-5.145936,1.438311639938073,-1.6329139102224457,-0.0813130216976944
2022-01-15,398.741,-0.0402560316948523,-0.2323823740352644,-5.063871,1.4449762875512195,-1.677358661586484,-0.0859377191419595
2022-01-16,396.652,-2.1309125612341235,-0.2695903448127118,-4.9866476,1.4509222547395113,-1.7205125995522232,-0.0905115703575785
2022-01-17,394.4810000000001,-4.303541928519041,-0.3062225127935165,-4.9127183,1.4561564136012048,-1.7623789263947214,-0.095033645003565
2022-01-18,394.625,-4.161144146171896,-0.3422759216096578,-4.834517,1.460686149104434,-1.802962070714092,-0.0995030550740454
2022-01-19,391.448,-7.339719226814772,-0.3777483248736983,-4.7624307,1.4645193511222625,-1.8422676759959609,-0.1039189548513315
2022-01-20,395.774,-3.015267183069926,-0.4126381818568434,-4.734769,1.467664405979333,-1.8803025878361763,-0.1082805408155337
2022-01-21,389.451,-9.33978802755946,-0.446944652323525,-4.667737,1.4701301875163275,-1.9170748398398525,-0.112587051510974
2022-01-22,394.418,-4.37428177290546,-0.4806675905275387,-4.583968,1.471926047679165,-1.9525936382067035,-0.1168377673697316
2022-01-23,395.157,-3.636559235672655,-0.5138075383756433,-4.503848,1.4730618066402437,-1.986869345015887,-0.1210320104926735
2022-01-24,399.167,0.3726459848819177,-0.5463657177656678,-4.4351225,1.4735477424596837,-2.019913460225351,-0.1251691443884046
2022-01-25,397.902,-0.8937644400790798,-0.5783440221070891,-4.3560114,1.4733945802949138,-2.051738602402003,-0.1292485736705933
2022-01-26,399.971,1.1738523094496855,-0.6097450070331586,-4.266319,1.4726134811675975,-2.0823584882007564,-0.133269743714194
2022-01-27,395.41,-3.388722642847129,-0.6405718803144971,-4.174104,1.4712160302972577,-2.1117879106117545,-0.1372321402711291
2022-01-28,395.262,-3.538264399940015,-0.6708284909852673,-4.090396,1.4692142250115932,-2.14004271599686,-0.1411352890460441
2022-01-29,396.81,-1.991773007762415,-0.7005193176937498,-4.009358,1.4666204622438308,-2.1671397799375804,-0.1449787552327914
2022-01-30,397.895,-0.9082485122474936,-0.7296494562904191,-3.9565837,1.463447525628074,-2.1930969819184933,-0.1487621430123462
2022-01-31,399.97,1.165309040671545,-0.7582246066672501,-3.942266,1.4597085722039442,-2.2179331788711942,-0.1524850950129086
2022-02-01,395.923,-2.8838753547351788,-0.7862510588632089,-3.8857148,1.4554171187424194,-2.241668177605628,-0.1561472917329835
2022-02-02,395.157,-3.6520334977777393,-0.8137356784515704,-3.8548174,1.4505870277050636,-2.264322706156634,-0.1597484509282714
2022-02-03,392.669,-6.142165550227478,-0.8406858912257632,-3.8316092,1.445232492849421,-2.285918384075184,-0.1632883269632603
2022-02-04,393.677,-5.136271673855627,-0.8671096672012292,-3.8053758,1.4393680244937148,-2.306477691694944,-0.1667667101284291
2022-02-05,392.237,-6.578352030433572,-0.8930155039517594,-3.7484605,1.4330084344543672,-2.3260239384061268,-0.1701834259240352
2022-02-06,395.871,-2.9464067817326214,-0.9184124092994624,-3.6752098,1.426168820670365,-2.3445812299698274,-0.1735383343114777
2022-02-07,396.686,-2.1334360895239417,-0.9433098833784944,-3.6168852,1.4188645515287994,-2.3621744349072937,-0.1768313289332869
2022-02-08,392.597,-6.224440115578991,-0.9677179000934056,-3.5619607,1.411111249906287,-2.3788291499996927,-0.1800623363028076
2022-02-09,395.831,-2.9924190216690416,-0.991646887993734,-3.5169218,1.402924776941437,-2.394571664935171,-0.1832313149646971
2022-02-10,395.047,-3.778372969565347,-1.015107710587262,-3.4684243,1.3943212155537292,-2.409428926140992,-0.1863382546273801
2022-02-11,396.173,-2.654302121039225,-1.0381116461150854,-3.4101038,1.3853168537246665,-2.423428499839752,-0.1893831752686429
2022-02-12,397.581,-1.2482066378619605,-1.0606703668122748,-3.34016,1.3759281675572228,-2.4365985343694976,-0.1923661262155825
2022-02-13,397.737,-1.094086681804968,-1.0827959176787096,-3.2695825,1.366171804130064,-2.4489677218087738,-0.1952871852001484
2022-02-14,395.35,-3.482942414639547,-1.1045006947852138,-3.2429485,1.356064564163164,-2.4605652589483777,-0.1981464573915532
2022-02-15,396.422,-2.4127739981368865,-1.1257974231407106,-3.218241,1.3456233845118208,-2.471420807652532,-0.2009440744068512
2022-02-16,396.012,-2.824581594068316,-1.14669913414691,-3.1759696,1.334865320506286,-2.481564454653196,-0.2036801933010076
2022-02-17,391.3440000000001,-7.494365364205101,-1.167219142667284,-3.1435738,1.3238075281544286,-2.4910266708217126,-0.2063549955378132
2022-02-18,392.642,-6.198125470318785,-1.187371023737911,-3.0874739,1.312467246225132,-2.499838269963043,-0.2089686859430116
2022-02-19,394.651,-4.1908620741804965,-1.207168588948058,-3.0377288,1.3008617782302778,-2.508030367178336,-0.2115214916410367
2022-02-20,397.816,-1.0275753375614336,-1.226625862518969,-3.010097,1.2890084743233832,-2.515634336842352,-0.214013660976773
2022-02-21,395.854,-2.991265422233152,-1.245757057109651,-3.0375397,1.2769247131330967,-2.522681770242748,-0.2164454624237682
2022-02-22,395.249,-3.597932489966686,-1.2645765493789225,-3.0765529,1.26462788354992,-2.5292044329288426,-0.2188171834803457
2022-02-23,398.826,-0.0225767025335841,-1.2830988553333131,-3.055231,1.2521353664846544,-2.5352342218179675,-0.2211291295550809
2022-02-24,397.746,-1.1042301498717757,-1.3013386054907388,-3.0122998,1.2394645166171452,-2.540803122107884,-0.2233816228431107
2022-02-25,395.211,-3.640860183592273,-1.3193105198901591,-2.965762,1.2266326441540356,-2.545943164044195,-0.2255750011947676
2022-02-26,394.318,-4.535466970325817,-1.3370293829776994,-2.9223576,1.2136569966142678,-2.5506863795919674,-0.2277096169780212
2022-02-27,394.035,-4.820050676703163,-1.3545100183999137,-2.9544377,1.200554740661132,-2.555064759061046,-0.2297858359362436
2022-02-28,392.074,-6.782579541188641,-1.371767263735046,-2.989449,1.187342943999701,-2.559110207734747,-0.2318040360427894
2022-03-01,396.848,-2.0100865405730257,-1.3888159451933697,-2.9893477,1.1740385573584784,-2.562854502551848,-0.2337646063539115
2022-03-02,395.11800000000005,-3.741571836627596,-1.4056708523176011,-2.9703379,1.1606583965740938,-2.566329248891695,-0.2356679458615166
2022-03-03,395.192,-3.669035591123899,-1.4223467127147678,-3.008349,1.1472191247978585,-2.5695658375126262,-0.2375144623472802
2022-03-04,395.888,-2.9743647146506422,-1.4388581668505462,-2.9982336,1.1337372348428647,-2.5725954016934107,-0.2393045712396202
2022-03-05,395.626,-3.237669542683946,-1.4552197429374911,-2.9856262,1.1202290316903931,-2.575448774627884,-0.241038694475045
2022-03-06,394.414,-4.450950220223914,-1.4714458319482036,-2.9339502,1.1067106151741102,-2.5781564471223137,-0.2427172593653675
2022-03-07,391.564,-7.302206892270901,-1.4875506627846042,-2.8761384,1.0931978628605987,-2.5807485256452027,-0.2443406974722843
2022-03-08,397.953,-0.9144397038253178,-1.5035482776343128,-2.8218906,1.079706413144514,-2.5832546907788267,-0.2459094434907994
2022-03-09,397.515,-1.3536487998872817,-1.5194525075449028,-2.7877142,1.066251648576543,-2.5857041561214458,-0.2474239341429643
2022-03-10,397.063,-1.8068343254572816,-1.5352769482467523,-2.7386847,1.0528486794422147,-2.5881256276889677,-0.2488846070833956
2022-03-11,393.964,-4.906996425535556,-1.551034936254874,-2.6850955,1.0395123276093372,-2.5905472638642117,-0.2502918998180135
2022-03-12,402.284,3.4118647548775654,-1.5667395252798213,-2.650997,1.026257110661663,-2.592996635941484,-0.2516462486374266
2022-03-13,398.808,-0.0653961085672145,-1.58240346297764,-2.77338,1.013097226336197,-2.595500689313837,-0.252948087566375
2022-03-14,395.046,-3.82890077469076,-1.5980391680682375,-2.7299683,1.0000465372812102,-2.5980857053494475,-0.2541978473306219
2022-03-15,395.98,-2.896377503110223,-1.6136587078514135,-2.984238,0.9871185561518484,-2.6007772640032623,-0.2553959543426561
2022-03-16,397.389,-1.4888265007281625,-1.629273776149192,-2.9309866,0.9743264310598666,-2.6036002072090585,-0.2565428297075516
2022-03-17,395.123,-3.756247974447112,-1.6448956717027752,-2.9011524,0.9616829313937568,-2.606578603096532,-0.2576388882503077
2022-03-18,394.733,-4.147642131169581,-1.660535277051947,-2.8506818,0.949200434025187,-2.6097357110771338,-0.2586845375659508
2022-03-19,397.66,-1.222009177798098,-1.6762030379240933,-2.921565,0.9368909099173072,-2.6130939478414006,-0.2596801770936716
2022-03-20,401.518,2.634650678764591,-1.69190894315971,-2.8692737,0.9247659111501616,-2.6166748543098715,-0.2606261972162241
2022-03-21,393.608,-5.276908015221848,-1.7076625052004684,-2.8435817,0.9128365583780392,-2.6204990635785075,-0.2615229783857898
2022-03-22,392.418,-6.468437821877319,-1.7234727411653417,-2.8261147,0.9011135287331546,-2.6245862698984963,-0.2623708902774749
2022-03-23,393.538,-5.349938985102395,-1.7393481545398404,-2.7809737,0.889607044189745,-2.628955198729585,-0.2631702909715752
2022-03-24,398.849,-0.0404117487976396,-1.755296717502318,-2.698641,0.8783268604020836,-2.6336235779044017,-0.2639215261657046
2022-03-25,400.115,1.224127558963536,-1.77132585391112,-2.607535,0.8672822560296396,-2.63860810994076,-0.264624928417847
2022-03-26,394.477,-4.41542797051271,-1.7874424229751469,-2.5228505,0.8564820225619871,-2.6439244455371336,-0.2652808164213554
2022-03-27,400.942,2.048047387923895,-1.8036527036299328,-2.4550946,0.8459344546556828,-2.649587158285616,-0.2658894943128737
2022-03-28,406.4,7.504212378504145,-1.8199623796404365,-2.5213754,0.8356473409948424,-2.6556097206352787,-0.2664512510141276
2022-03-29,395.223,-3.674721931113796,-1.836376525450854,-2.4900217,0.825627955686539,-2.662004481137393,-0.2669663596084728
2022-03-30,398.858,-0.0416278807994299,-1.8528995928011829,-2.4638705,0.8158830502017923,-2.668782643002975,-0.267435076753064
2022-03-31,396.947,-1.9546565174045696,-1.8695353981289624,-2.4073918,0.8064188458721905,-2.675954244001153,-0.2678576421274393
2022-04-01,399.36,0.4563466977506483,-1.8862871107741896,-2.3391163,0.7972410269518023,-2.6835281377259923,-0.2682342779192971
2022-04-02,396.274,-2.631818359974728,-1.9031572420041345,-2.2826123,0.7883547342533767,-2.691511976257511,-0.2685651883481669
2022-04-03,396.51,-2.3979496036007752,-1.920147634874011,-2.2419012,0.7797645593672943,-2.699912194241305,-0.2688505592276478
2022-04-04,401.495,2.5849525780115137,-1.9372594549385111,-2.4629986,0.7714745394711618,-2.708733994409673,-0.2690905575668336
2022-04-05,399.941,1.0287920045870438,-1.9544931818280769,-2.452794,0.7634881527372994,-2.7179813345653763,-0.2692853312114879
2022-04-06,397.227,-1.6874142700744486,-1.9718486017030168,-2.3930109,0.7558083143448403,-2.7276569160478576,-0.2694350085254924
2022-04-07,396.653,-2.2635892126350035,-1.9893248005973343,-2.3209047,0.7484373731024805,-2.737762173699815,-0.2695396981130297
2022-04-08,395.229,-3.6897332380962418,-2.0069201586632364,-2.274009,0.7413771086873421,-2.7482972673505786,-0.2695994885819208
2022-04-09,395.641,-3.2798467614600195,-2.0246323453262085,-2.2254434,0.7346287295047552,-2.759261074830964,-0.269614448348475
2022-04-10,401.09,2.1670698022719,-2.0424583153595224,-2.208039,0.7281928711731782,-2.7706511865327004,-0.2695846254841646
2022-04-11,403.319,4.393982156835658,-2.060394305885826,-2.500073,0.72206959563772,-2.782463901523546,-0.2695100476043787
2022-04-12,398.439,-0.4882929841804948,-2.078435834312613,-2.5709994,0.7162583909152612,-2.7946942252278744,-0.2693907217994577
2022-04-13,398.032,-0.8977287515083292,-2.096577697207027,-2.7152898,0.7107581714733078,-2.807335868680335,-0.269226634608159
2022-04-14,400.112,1.179868026897689,-2.114813970114605,-2.950211,0.7055672792442422,-2.820381249358847,-0.2690177520336458
2022-04-15,398.546,-0.3887193853626591,-2.133138008325166,-2.920922,0.7006834852758205,-2.8338214936009867,-0.268764019602033
2022-04-16,398.454,-0.4834032314033019,-2.1515424485882724,-3.2169302,0.6961039920182284,-2.8476464406065007,-0.2684653624634858
2022-04-17,393.33,-5.610192303853175,-2.1700192117792154,-3.1601155,0.6918254362472213,-2.861844648026437,-0.268121685535786
2022-04-18,392.307,-6.635937640904379,-2.1885595065156878,-3.231133,0.6878438926223143,-2.8764033991380016,-0.2677328736902508
2022-04-19,397.976,-0.9696397991028878,-2.207153833723904,-3.3818731,0.6841548778782254,-2.8913087116021297,-0.2672987919798192
2022-04-20,397.167,-1.7812993349946415,-2.225791992152005,-3.487666,0.680753355647164,-2.9065453477991694,-0.266819285909071
2022-04-21,394.493,-4.457916805125572,-2.244463084827291,-3.714241,0.6776337419088572,-2.922096826736148,-0.2662941817458881
2022-04-22,395.24,-3.7134927660417736,-2.263155526452937,-3.6992593,0.6747899110645593,-2.9379454375174965,-0.2657232868744159
2022-04-23,394.287,-4.668893408659847,-2.281857051738377,-3.6523678,0.6722152026305729,-2.95407225436895,-0.2651063901889254
2022-04-24,393.703,-5.255230285989358,-2.3005547246568083,-3.571017,0.6699024285462135,-2.970457153203022,-0.2644432625281271
2022-04-25,394.47,-4.490523116791254,-2.3192349486218684,-3.4975884,0.6678438810904396,-2.987078829712308,-0.2637336571494258
2022-04-26,391.248,-7.714772434793592,-2.3378834775746142,-3.4236305,0.6660313414007208,-3.003914818975335,-0.2629773102425704
2022-04-27,391.97,-6.9949143564857525,-2.3564854279707337,-3.3351743,0.6644560885870613,-3.020941516557795,-0.2621739414820785
2022-04-28,398.233,-0.7340120823663883,-2.37502529165687,-3.2950532,0.6631089094334721,-3.038134201090342,-0.2613232546177843
2022-04-29,396.589,-2.3800661366246256,-2.393486949623954,-3.2252595,0.6619801086785092,-3.055467058302463,-0.2604249381027949
2022-04-30,394.787,-4.184077043449298,-2.4118536866241684,-3.2638156,0.6610595198658723,-3.072913206490041,-0.2594786657580964
2022-05-01,396.562,-2.411045327029256,-2.4301082066374016,-3.216821,0.6603365167554426,-3.090444723392844,-0.2584840974730003
2022-05-02,396.757,-2.2179715115535137,-2.4482326491718,-3.2567587,0.6598000252845153,-3.108032674456316,-0.2574408799405751
2022-05-03,392.9,-6.076856121210859,-2.466208606382051,-3.2133381,0.6594385360683317,-3.125647142450383,-0.2563486474271548
2022-05-04,394.969,-4.009699680190423,-2.4840171409882164,-3.1355526,0.6592401174284973,-3.1432572584167136,-0.2552070225749798
2022-05-05,395.192,-3.788502712680948,-2.501638804976639,-3.1971843,0.6591924289371911,-3.16083123391383,-0.2540156172369714
2022-05-06,395.805,-3.177265742871421,-2.5190536590638257,-3.3070307,0.6592827354645608,-3.1783363945283867,-0.2527740333426038
2022-05-07,389.965,-9.01898929495072,-2.5362412929030325,-3.400617,0.6594979217160902,-3.1957392146191226,-0.2514818637937903
2022-05-08,394.336,-4.649673893107773,-2.5531808460124297,-3.5358121,0.6598245072461738,-3.213005353258604,-0.250138693389666
2022-05-09,393.6470000000001,-5.340320061531515,-2.569851029402954,-3.596496,0.6602486619336186,-3.230099691336573,-0.2487440997790972
2022-05-10,396.3,-2.6889283244109388,-2.5862301478829024,-3.569208,0.6607562219042271,-3.246986369787129,-0.2472976544397271
2022-05-11,391.642,-7.348499205934862,-2.6022961230155954,-3.495241,0.6613327058851266,-3.263628828900722,-0.2457989236823074
2022-05-12,390.627,-8.365033230292202,-2.6180265167056325,-3.4840555,0.6619633319749699,-3.2799898486806023,-0.2442474696790554
2022-05-13,392.879,-6.114530921671905,-2.633398555388407,-3.4723587,0.6626330348137218,-3.2960315902021287,-0.2426428515147177
2022-05-14,394.257,-4.737992804262856,-2.6483891547968788,-3.4456651,0.6633264831351814,-3.31171563793206,-0.2409846262590059
2022-05-15,393.512,-5.484419402254051,-2.662974945278776,-3.363367,0.664028097685021,-3.327003042963797,-0.2392723500590312
2022-05-16,394.291,-4.706811239834361,-2.677132297636767,-3.287458,0.6647220694865994,-3.3418543671233665,-0.2375055792503365
2022-05-17,393.38,-5.619168841192703,-2.690837349463559,-3.186007,0.6653923784365141,-3.356229727900073,-0.2356838714850973
2022-05-18,391.899,-7.101492730517935,-2.7040660319429453,-3.1096468,0.6660228122112721,-3.3700888441542176,-0.2338067868760368
2022-05-19,391.702,-7.299783431999105,-2.7167940970876763,-3.054061,0.6665969854662976,-3.383391082553974,-0.2318738891545744
2022-05-20,392.549,-6.454041469825078,-2.7289971453840227,-2.9817142,0.6670983593079094,-3.396095504691932,-0.2298847468417083
2022-05-21,393.736,-5.26826736818473,-2.740650653812656,-2.8970659,0.6675102610187149,-3.408160914831371,-0.2278389344301071
2022-05-22,393.614,-5.391461651266975,-2.75173000421486,-2.804018,0.6678159040165069,-3.4195459082313677,-0.2257360335758695
2022-05-23,396.552,-2.454624843260766,-2.762210511972606,-2.7310007,0.6679984080263407,-3.4302089199989467,-0.2235756342983948
2022-05-24,397.444,-1.5637574683550666,-2.7720674549707063,-2.680036,0.6680408194453729,-3.440108274416079,-0.2213573361867868
2022-05-25,399.28,0.2711399492612658,-2.781276102808703,-2.6146507,0.6679261318795786,-3.449202234688282,-0.2190807496112095
2022-05-26,396.053,-2.957707928479346,-2.7898117462299616,-2.5343854,0.6676373068313763,-3.457449053061338,-0.2167454969375905
2022-05-27,394.319,-4.693508938139072,-2.7976497267350315,-2.4941013,0.6671572945168791,-3.464807021251911,-0.2143512137440665
2022-05-28,393.547,-5.467263721568459,-2.804765466346067,-2.5824656,0.6664690547913182,-3.471234521137385,-0.2118975500375567
2022-05-29,398.21,-0.8059729206182737,-2.811134497488884,-2.6101434,0.6655555781610208,-3.4766900756499046,-0.2093841714688401
2022-05-30,396.429,-2.58876741079231,-2.8167324929590163,-2.5797226,0.6643999068601304,-3.481132399819147,-0.2068107605445163
2022-05-31,397.16,-1.8595140026732613,-2.821535295937972,-2.5040243,0.6629851559701682,-3.48452045190814,-0.2041770178342177
2022-06-01,397.869,-1.1522133579335732,-2.8255189500257774,-2.4225953,0.6612945345603893,-3.4868134845861665,-0.2014826631714559
2022-06-02,395.681,-3.341866138245249,-2.8286597292557905,-2.3391914,0.659311366826815,-3.4879710960826054,-0.1987274368464696
2022-06-03,400.677,1.6525269947193246,-2.830934168057759,-2.2826319,0.6570191132077641,-3.487953281265523,-0.1959111007894629
2022-06-04,397.449,-1.5772300329323947,-2.832319091135036,-2.3354003,0.6544013914536182,-3.4867204825886544,-0.1930334397426182
2022-06-05,403.209,4.181061846968052,-2.8327916432219538,-2.6587157,0.6514419976286345,-3.4842336408505883,-0.1900942624192804
2022-06-06,396.795,-2.2348194536237607,-2.832329318687454,-2.6122372,0.6481249270225008,-3.4804542457099545,-0.1870934026487178
2022-06-07,397.652,-1.3796544763955136,-2.8309099909510165,-2.5323033,0.6444343949494432,-3.47534438590046,-0.1840307205048797
2022-06-08,398.61,-0.4234439458239958,-2.8285119416773816,-2.4625523,0.6403548574127397,-3.4688667990901214,-0.180906103417586
2022-06-09,400.279,1.2437939553064572,-2.8251138897164045,-2.3634698,0.635871031612497,-3.460984921328901,-0.1777194672645912
2022-06-10,398.097,-0.9399782943351972,-2.8206950197549325,-2.3016465,0.630967916274748,-3.4516629360296807,-0.1744707574429986
2022-06-11,396.761,-2.2777059745100283,-2.8152350106475765,-2.2907403,0.6256308117799656,-3.440865822427542,-0.171159949918507
2022-06-12,399.256,0.2156101793772737,-2.808714063393857,-2.4631522,0.6198453400692808,-3.4285594034631384,-0.1677870522509988
2022-06-13,396.712,-2.330555687106486,-2.801112928729184,-2.4356923,0.6135974643068027,-3.4147103930359863,-0.164352104595011
2022-06-14,399.143,0.0984704834885397,-2.792412934297925,-2.4013288,0.6068735082767497,-3.3992864425746747,-0.1608551806736338
2022-06-15,402.08,3.0335413020350783,-2.782596011376873,-2.34331,0.599660175494121,-3.382256186870994,-0.1572963887244395
2022-06-16,402.838,3.7895078643647793,-2.7716447211181143,-2.2795546,0.5919445680080697,-3.363589289126184,-0.1536758724160438
2022-06-17,399.249,0.1983792578144863,-2.759542280280661,-2.2458496,0.5837142048772805,-3.3432564851579416,-0.1499938117339553
2022-06-18,400.471,1.4183066470961982,-2.7462725864208357,-2.2010128,0.574957040296933,-3.321229626717768,-0.1462504238343885
2022-06-19,397.53,-1.524853293468488,-2.7318202425118816,-2.1354902,0.5656614813572219,-3.297481723869104,-0.1424459638647542
2022-06-20,399.456,0.3990481300771682,-2.716170580963898,-2.05462,0.5558164054136124,-3.2719869863775104,-0.1385807257495783
2022-06-21,397.401,-1.6582598583886838,-2.6993096870158477,-1.9714316,0.5454111770494448,-3.2447208640652923,-0.1346550429406373
2022-06-22,397.887,-1.1744980088954469,-2.68122442147201,-1.8939884,0.534435664611826,-3.215660086083836,-0.1306692891301345
2022-06-23,395.948,-3.116410349216461,-2.661902442756007,-1.8121111,0.5228802563021356,-3.1847826990581427,-0.1266238789257845
2022-06-24,401.207,2.1397631056771367,-2.641332228256148,-1.7196184,0.5107358758028692,-3.1520681040590173,-0.1225192684867188
2022-06-25,400.613,1.5429866394308318,-2.6195030949367526,-1.6266122,0.4979939974230306,-3.117497092359783,-0.1183559561191595
2022-06-26,397.051,-2.022290957123896,-2.596405219190751,-1.5354518,0.4846466607446251,-3.081051879935376,-0.1141344828308653
2022-06-27,397.15,-1.92646608724002,-2.5720296559097258,-1.4323126,0.470686484753357,-3.042716140663083,-0.1098554328433879
2022-06-28,398.052,-1.027527907602109,-2.546368356748497,-1.3431984,0.4561066814371025,-3.0024750381856,-0.1055194340612324
2022-06-29,395.893,-3.189385752882566,-2.5194141875620204,-1.2901983,0.4409010688361783,-2.9603152563981987,-0.1011271584970643
2022-06-30,400.804,1.718857676778728,-2.4911609449934646,-1.2245744,0.4250640835300313,-2.916225028523496,-0.096679322652146
2022-07-01,398.549,-0.5394566741044793,-2.461603372193142,-1.1590054,0.4085907925454233,-2.870194164738565,-0.0921766878512512
2022-07-02,399.794,0.7022430631230128,-2.4307371736489176,-1.1048206,0.3914769046718043,-2.822214078320722,-0.0876200605313432
2022-07-03,402.168,3.0727242883804875,-2.398559029109734,-1.0590892,0.3737187811701035,-2.7722778102798373,-0.083010292483365
2022-07-04,404.738,5.63852598891743,-2.3650666065848323,-1.0516362,0.3553134458617517,-2.720380052446584,-0.0783482810465399
2022-07-05,398.027,-1.0770096995014402,-2.3302585744022424,-1.0508467,0.3362585945853807,-2.6665171689876237,-0.073634969254636
2022-07-06,393.906,-5.2026141874668514,-2.294134612311258,-1.0078129,0.316552604009199,-2.6106872163204566,-0.0688713459337011
2022-07-07,399.095,-0.017947905965209,-2.256695421614444,-0.960164,0.296194539787726,-2.55288996140217,-0.0640584457508359
2022-07-08,398.71,-0.4072555967966478,-2.2179427343159976,-0.8934927,0.2751841640521907,-2.4931268983681885,-0.0591973492136247
2022-07-09,395.0,-4.121379000191332,-2.177879321274225,-0.8208597,0.2535219422245383,-2.4314012634987634,-0.0542891826199008
2022-07-10,400.295,1.1699263418922872,-2.1365089993470634,-0.7653252,0.231209049145661,-2.3677180484927245,-0.0493351179575864
2022-07-11,402.223,3.094398156327655,-2.093836637520573,-0.6950926,0.2082473745091572,-2.30208401202973,-0.0443363727543972
2022-07-12,399.878,0.7457771207275723,-2.049868162011604,-0.62130076,0.1846395275925901,-2.2345076896041944,-0.0392942098772666
2022-07-13,391.735,-7.40086679742288,-2.004610560336772,-0.5499208,0.1603888412789285,-2.1649994016157,-0.0342099372814015
2022-07-14,401.046,1.906736325178139,-1.9580718843411595,-0.48811033,0.1354993753615272,-2.0935712597026863,-0.029084907708936
2022-07-15,398.055,-1.087603176633256,-1.9102612521812643,-0.43912625,0.1099759191267761,-2.0202371713080405,-0.0239205183372189
2022-07-16,394.211,-4.93497886117499,-1.8611888492577573,-0.39621904,0.0838239932091916,-1.9450128424669488,-0.0187182103768182
2022-07-17,395.928,-3.2210221058814383,-1.8108659280949368,-0.34090012,0.0570498507144926,-1.8679157788094296,-0.0134794686193916
2022-07-18,402.274,3.122127319661992,-1.7593048071647863,-0.28804713,0.0296604776069622,-1.7889652847717488,-0.0082058209356334
2022-07-19,399.265,0.1100188596390081,-1.7065188686547337,-0.22906046,0.0016635923580597,-1.7081824610127934,-0.0028988377235586
2022-07-20,397.777,-1.3809796179005414,-1.6525225551794085,-0.16118862,-0.0269323551459362,-1.625590200033472,0.0024398686925464
2022-07-21,399.991,0.8301050784578532,-1.5973313654377577,-0.09785364,-0.0561181854387907,-1.5412131799989668,0.0078086447121279
2022-07-22,399.616,0.452140265762087,-1.5409618488181809,-0.046212576,-0.085883992052391,-1.4550778567657898,0.013205796156877
2022-07-23,398.12,-1.0471542107981795,-1.483431598955306,0.0077854376,-0.1162191448381096,-1.3672124541171964,0.0186295890172548
2022-07-24,400.177,1.006716176175681,-1.424759246243332,0.047572605,-0.1471122940306461,-1.277646952212686,0.0240782502464747
2022-07-25,399.462,0.2886448736907692,-1.3649644493119608,0.07333578,-0.1785513750528899,-1.1864130742590708,0.029549968601325
2022-07-26,402.683,3.5066886178681003,-1.3040678854719994,0.1161298,-0.2105236140595374,-1.093544271412462,0.0350428955291656
2022-07-27,400.37,1.1904765948340312,-1.242091240138944,0.16413794,-0.2430155342164665,-0.9990757059224776,0.040555146100376
2022-07-28,400.436,1.2534112585476187,-1.1790571952439064,0.19609441,-0.2760129627121191,-0.9030442325317872,0.0460847999854701
2022-07-29,397.056,-2.129987395184382,-1.1149894166423509,0.2200423,-0.3095010384963944,-0.8054883781459564,0.0516299024760539
2022-07-30,394.567,-4.622090161263923,-1.0499125405322638,0.24907598,-0.3434642207417963,-0.7064483197904675,0.0571884655487315
2022-07-31,402.202,3.01008015612234,-0.983852158894298,0.27837616,-0.3778862980208999,-0.605965860873398,0.0627584689710286
2022-08-01,402.434,3.239096021874979,-0.9168348039677484,0.30326986,-0.4127503981933505,-0.5040844057743978,0.0683378614483439
2022-08-02,403.269,4.071358859064465,-0.8488879317769212,0.3134654,-0.448038998995057,-0.4008489327818642,0.0739245618108893
2022-08-03,402.875,3.674810402562038,-0.7800399047239096,0.34947452,-0.4837339393212869,-0.2963059654026226,0.0795164602395345
2022-08-04,401.046,1.8433628678703144,-0.7103199732643237,0.38626206,-0.5198164311949053,-0.1905035420694184,0.0851114195294189
2022-08-05,400.854,1.6489283223119724,-0.6397582566839451,0.40457186,-0.5562670724100995,-0.0834911842738456,0.0907072763901584
2022-08-06,401.209,2.0017427042214067,-0.5683857229949392,0.42975143,-0.5930658598413224,0.0246801368463832,0.0963018427814132
2022-08-07,396.452,-2.757402770176621,-0.4962341679713624,0.47034872,-0.6301922034065017,0.1339580354351393,0.1018929072825547
2022-08-08,396.72,-2.491335154712721,-0.423336193344582,0.50694686,-0.6676249406728442,0.2442887473282621,0.1074782364951228
2022-08-09,395.57,-3.6429409673791584,-0.3497251841801093,0.54462266,-0.7053423520929128,0.3556171679128035,0.1130555764767178
2022-08-10,395.404,-3.8102858314357526,-0.2754352854582041,0.57223976,-0.7433221768580528,0.4678868913998486,0.118622654204941
2022-08-11,398.634,-0.5811349957384495,-0.2005013778816144,0.6041267,-0.7815416293554711,0.5810402514738566,0.1241771790699609
2022-08-12,398.721,-0.4946998048372828,-0.1249590529342819,0.6427923,-0.8199774162148106,0.6950183632805286,0.1297168443942357
2022-08-13,399.478,0.2619928637443678,-0.0488445872161338,0.67776436,-0.8586057539292693,0.8097611667131354,0.1352393289779003
2022-08-14,400.846,1.629936488841779,0.02780508392069,0.70987684,-0.8974023870358876,0.9252074709565776,0.1407422986682911
2022-08-15,400.826,1.6101290064688325,0.1049523934076061,0.72379076,-0.9363426068388846,1.041295000246491,0.1462234079520438
2022-08-16,400.831,1.615568352639154,0.1825591701404664,0.7418978,-0.9754012706594432,1.1579604407999096,0.1516803015681831
2022-08-17,402.219,3.0040738316118576,0.2605866672777431,0.75761425,-1.0145528215947843,1.2751394888725276,0.1571106161405836
2022-08-18,411.032,11.817826945734364,0.3389955911276596,0.78157127,-1.0537713087687688,1.3927668998964284,0.1625119818281682
2022-08-19,403.081,3.867825603832745,0.4177461305953582,0.81680626,-1.0930304080558462,1.5107765386512044,0.1678820239911768
2022-08-20,398.624,-0.5879322852670548,0.4967979871605014,0.84224445,-1.1323034432595485,1.6291014304200495,0.173218364871822
2022-08-21,402.509,3.2986604035647256,0.5761104053552577,0.8682878,-1.1715634077263486,1.7476738130816063,0.1785186252876332
2022-08-22,401.322,2.1134953306846924,0.6556422037121191,0.89409953,-1.210782986375171,1.86642519008729,0.1837804263357597
2022-08-23,398.916,-0.2909008156021366,0.7353518061504273,0.9090258,-1.2499345781224138,1.985286384272841,0.1890013911065083
2022-08-24,398.802,-0.4030037572802305,0.815197273770158,0.931328,-1.2889903186819178,2.104187592452076,0.194179146404358
2022-08-25,402.221,3.0180560396066296,0.8951363370211585,0.9519789,-1.3279221037189295,2.223058440740088,0.1993113244746938
2022-08-26,401.24,2.0390897348349784,0.9751264282154372,0.97518563,-1.3667016123366729,2.34182804055211,0.2043955647344937
2022-08-27,400.63,1.4307088268448025,1.055124714350083,0.99172986,-1.405300330873838,2.4604250452239214,0.2094295155051902
2022-08-28,404.636,5.438577955879835,1.1350881302078906,1.004611,-1.4436895769908922,2.5787777071987827,0.2144108357459227
2022-08-29,403.677,4.48161152572226,1.2149734117025952,1.0317328,-1.4818405240228645,2.6968139357254595,0.219337196785403
2022-08-30,399.431,0.2379139961125798,1.2947371294354468,1.0541115,-1.519724225575905,2.8144613550113515,0.2242062840506023
2022-08-31,402.739,3.548476329172648,1.3743357224295905,1.0760434,-1.5573116403446607,2.9316473627742514,0.2290157987904837
2022-09-01,404.686,5.498223108613991,1.4537255320086375,1.1029297,-1.5945736571272686,3.048299189135906,0.2337634597929886
2022-09-02,405.287,6.102180274097252,1.5328628357857537,1.1376454,-1.6314811200145305,3.164343955800284,0.2384470050935174
2022-09-03,403.449,4.267400941277555,1.611703881729443,1.1636081,-1.6680048537296073,3.2797087354590504,0.2430641936731256
2022-09-04,403.585,4.406882771035082,1.690204922272261,1.1775717,-1.7041156890944462,3.394320611366707,0.2476128071446793
2022-09-05,401.214,2.0396234242496147,1.7683222484286572,1.1947532,-1.7397844885989249,3.508106737027582,0.2520906514252335
2022-09-06,405.33,6.159620561801352,1.8460122238882228,1.2226776,-1.7749821720485948,3.6209943959368176,0.2564955583928876
2022-09-07,404.984,5.817871844570176,1.923231319050772,1.2403203,-1.8096797422668485,3.732911061317621,0.2608253875264145
2022-09-08,405.963,6.801374933436119,1.999936144969648,1.2504601,-1.8438483108271229,3.8437844557967695,0.2650780275259557
2022-09-09,405.633,6.4761274892792855,2.076083487170064,1.2464602,-1.877459123790851,3.9535426109609135,0.269251397913109
2022-09-10,410.341,11.188921632294011,2.151630339309216,1.2617041,-1.9104835874266677,4.062113926735883,0.2733434506087512
2022-09-11,404.692,5.54481443859689,2.2265339366454198,1.2842686,-1.942893293886544,4.169427230531963,0.2773521714869615
2022-09-12,399.096,-0.0463782477606677,2.300751789283556,1.2852823,-1.974660046814354,4.27541183609791,0.2812755819034399
2022-09-13,402.781,3.643682143357769,2.374241715164621,1.2922374,-2.005755886862578,4.379997602027199,0.2851117401968388
2022-09-14,401.49,2.3579931683941258,2.446961872767412,1.3051946,-2.036153117092785,4.483114989860196,0.2888587431614606
2022-09-15,403.162,4.035552383790161,2.5188707934908185,1.3327875,-2.065824328235704,4.584695121726522,0.2925147274897995
2022-09-16,401.084,1.9633573459877187,2.589927413685554,1.3600347,-2.094742423786772,4.684669837472326,0.2960778711834433
2022-09-17,403.204,4.089405611428755,2.66009110630474,1.3749133,-2.1228806449131707,4.782971751217911,0.2995463949308806
2022-09-18,405.618,6.509694736555077,2.7293217121430424,1.246551,-2.150212595148539,4.879534307291582,0.3029185634508055
2022-09-19,409.572,10.470222277808649,2.7975795706348063,1.1838416,-2.1767122648517563,4.974291835486563,0.3061926867995367
2022-09-20,402.359,3.2639857916312147,2.8648255501820263,1.1208364,-2.202354055406333,5.067179605588359,0.3093671216412151
2022-09-21,402.059,2.9709828344646363,2.9310210779836403,1.0952314,-2.227112803137247,5.158133881120888,0.3124402724794889
2022-09-22,399.08,-0.0007890372492207,2.9961281693382253,1.114163,-2.250963802922279,5.247091972260504,0.3154105928494303
2022-09-23,399.886,0.812776949235281,3.060109456392858,1.1634258,-2.2738828314751505,5.333992287868009,0.3182765864684724
2022-09-24,400.589,1.5235721018905943,3.122928216311528,1.2207824,-2.2958461702781707,5.418774386589698,0.3210368083452134
2022-09-25,402.682,3.624593993332007,3.184548398837244,1.2716393,-2.31683062814229,5.501379026979534,0.3236898658449617
2022-09-26,402.857,3.80784019617504,3.2449346532226078,1.3099787,-2.336813563372876,5.581748216595484,0.3262344197109628
2022-09-27,401.897,2.8563082830348314,3.3040523545045546,1.345478,-2.355772905519925,5.65982526002448,0.3286691850402886
2022-09-28,396.639,-2.393004173473116,3.361867629099529,1.3721051,-2.3736871766916967,5.735554805791226,0.3309929322134187
2022-09-29,404.122,5.098900399266478,3.418347379696381,1.3878531,-2.390535512411311,5.808882892107692,0.3332044877766091
2022-09-30,402.983,3.968910357565359,3.4734593094248862,1.4142098,-2.406297681996139,5.879756991421026,0.3353027352761744
2022-10-01,406.526,7.521129522508114,3.52717194527884,1.4272611,-2.420954108440389,5.948126053719229,0.3372866160438882
2022-10-02,407.665,8.669555450536642,3.579454660773415,1.4539262,-2.434485887781645,6.013940548555061,0.3391551299327389
2022-10-03,405.502,6.516185698092729,3.63027769781739,1.4799727,-2.446874807932714,6.077152505750104,0.3409073360023539
2022-10-04,401.518,2.5420178216184626,3.679612187781833,1.5040641,-2.458103366960558,6.137715554742391,0.3425423531534444
2022-10-05,403.568,4.60204937755549,3.727430171747634,1.5317154,-2.468154790794646,6.19558496254228,0.3440593607106957
2022-10-06,402.159,3.20327792234574,3.773704619915342,1.5729825,-2.477013050347615,6.250717670262957,0.3454575989535707
2022-10-07,404.776,5.830701012431086,3.818409450161664,1.6071715,-2.4846628780316613,6.303072328193325,0.3467363695945685
2022-10-08,404.067,5.13231620425336,3.861519545727933,1.6315145,-2.4910897836546964,6.35260932938263,0.347895036204527
2022-10-09,403.904,4.980116473271149,3.9030107720269154,1.6553414,-2.496280069680831,6.399290841707746,0.3489330245846225
2022-10-10,408.361,9.44810383242632,3.942859992555228,1.6763033,-2.5002208458404387,6.443080838395666,0.3498498230847821
2022-10-11,410.178,11.276241428967255,3.981045083899784,1.6994834,-2.5029000430756008,6.483945126975385,0.3506449828682806
2022-10-12,407.406,8.51556029215859,4.01754494982752,1.713871,-2.504306426807421,6.521851376634942,0.3513181181223525
2022-10-13,407.89,9.011057972668326,4.052339534448855,1.718413,-2.5044296095123086,6.556769143961164,0.3518689062147211
2022-10-14,412.671,13.803732021164608,4.085409834446277,1.7485464,-2.5032600625949977,6.5886698970412745,0.3522970877959922
2022-10-15,411.845,12.989579988315366,4.116737910360525,1.7675436,-2.5007891275468013,6.617527037907326,0.3526024668479322
2022-10-16,406.646,7.802599424788612,4.146306896927802,1.7724155,-2.4970090263781635,6.643315923305966,0.3527849106777071
2022-10-17,403.907,5.075787881252468,4.1741010124626765,1.7862574,-2.4919128713153933,6.66601388377807,0.3528443498582195
2022-10-18,404.911,6.09214290837487,4.2001055672821375,1.8174275,-2.4854946737520973,6.685600241034235,0.3527807781147375
2022-10-19,407.443,8.636662056823994,4.224306971167557,1.8443904,-2.4777493524465326,6.70205632361409,0.3525942521580822
2022-10-20,410.861,12.067342877267766,4.246692739862199,1.8742301,-2.468672740956908,6.715365480819106,0.3522848914646769
2022-10-21,412.709,13.928182920374262,4.267251500602984,1.883185,-2.458261594307256,6.725513094910239,0.3518528780038502
2022-10-22,413.714,14.946179736811493,4.285972996686363,1.7657925,-2.4465135948773797,6.732486591563742,0.3512984559128171
2022-10-23,406.906,8.151172546665185,4.302848091069065,1.7472724,-2.4334273575109973,6.736275448580063,0.3506219311198337
2022-10-24,400.648,1.9063216049587632,4.317868769005597,1.680355,-2.4190024338370564,6.736871202842654,0.3498236709160823
2022-10-25,405.811,7.082624438262149,4.331028139725354,1.6633352,-2.403239315799845,6.734267455525199,0.3489041034768847
2022-10-26,407.323,8.608078573145622,4.342320437153269,1.6227385,-2.3861394383943675,6.728459875547637,0.3478637173329186
2022-10-27,405.445,6.7436815361792695,4.351741019678889,1.6039602,-2.367705181604173,6.719446201283063,0.3467030607921463
2022-10-28,413.037,14.349430853933152,4.359286368979745,1.602102,-2.3479398715395603,6.707226240519306,0.3454227413132347
2022-10-29,406.0750000000001,7.401300068611502,4.364954087906014,1.5999244,-2.326847780774908,6.691801868680923,0.3440234248312936
2022-10-30,403.959,5.299311353701728,4.368742897434209,1.5707443,-2.304434127884587,6.673177025318796,0.3425058350368048
2022-10-31,408.495,9.84946223212373,4.370652632698799,1.5555975,-2.280705076177681,6.65135770887648,0.3408707526086781
2022-11-01,409.425,10.793750226797163,4.370684238111509,1.3074323,-2.2556677316325526,6.626351969744062,0.339119014402414
2022-11-02,408.315,9.698172860641698,4.368839761579013,1.1971549,-2.2293301400329937,6.598169901612007,0.3372515125943957
2022-11-03,410.953,12.3505995096203,4.365122347830566,1.1768192,-2.2017012833084464,6.5668236311390125,0.3352691937833909
2022-11-04,405.452,6.864159383580458,4.359536230868176,1.042125,-2.1727910750816406,6.532327305949817,0.3331730580503864
2022-11-05,408.183,9.609849985938048,4.352086725552597,0.622349,-2.142610355427592,6.494697080980188,0.3309641579779154
2022-11-06,404.429,5.870668820108745,4.342780218339418,0.51236606,-2.1111708848487685,6.453951103188187,0.3286435976300967
2022-11-07,403.323,4.7796133895083015,4.331624157180309,0.101981714,-2.078485337471933,6.410109494652243,0.326212531494626
2022-11-08,404.368,5.839681197552479,4.318627040605285,-0.17089799,-2.044567293472875,6.36319433407816,0.323672163388021
2022-11-09,406.348,7.834627578027442,4.303798406002626,-0.25079548,-2.009431230736007,6.313229636738633,0.3210237453254432
2022-11-10,403.053,4.554685623281912,4.287148817113899,-0.24837293,-1.973092515756524,6.260241332870423,0.3182685763564634
2022-11-11,400.58,2.096852800869532,4.268689850762259,-0.25533426,-1.9355673937934863,6.204257244555746,0.3154080013681799
2022-11-12,403.186,4.718126578343978,4.248434082832827,-0.31415117,-1.8968729782829477,6.145307061115775,0.3124434098571098
2022-11-13,399.202,0.7495044232587684,4.2263950735247855,-0.2863707,-1.8570272395208811,6.083422313045666,0.3093762346713368
2022-11-14,398.664,0.2272259727970027,4.202587351895341,-0.26237237,-1.8160489926263903,6.018636344521731,0.3062079507244006
2022-11-15,400.495,2.0740875140943604,4.177026399716469,-0.22062899,-1.7739578847963224,5.950984284512792,0.3029400736824512
2022-11-16,396.981,-1.423946922934487,4.149728634665824,-0.1738926,-1.730774381863053,5.880503016528877,0.299574158626228
2022-11-17,399.359,0.9701247512050516,4.120711392873866,-0.1396716,-1.6865197541679071,5.807231147041773,0.2961117986894274
2022-11-18,399.354,0.9814048048274292,4.08999291084982,-0.10265417,-1.641216061763244,5.731208972613064,0.2925546236750592
2022-11-19,404.782,6.425869733613016,4.057592306809492,-0.06748767,-1.5948861389568885,5.652478445766381,0.2889042986514079
2022-11-20,401.472,3.1324341441322403,4.023529561428507,-0.039019078,-1.5475535782131882,5.571083139641695,0.2851625225292355
2022-11-21,406.711,8.388010339410386,3.98782549804504,-0.007421526,-1.4992427134255584,5.487068211470598,0.2813310266218681
2022-11-22,398.608,0.3016574584288451,3.9505017623364913,-0.002815043,-1.4499786025759462,5.400480364912438,0.2774115731898396
2022-11-23,402.948,4.6584198955406455,3.911580801494832,0.017759757,-1.3997870097971905,5.311367811292022,0.2734059539717647
2022-11-24,401.595,3.322274191717862,3.871085842925952,0.018637834,-1.3486943868548251,5.219780229780777,0.269315988703126
2022-11-25,401.401,3.1452178725276525,3.8290408724984326,0.017102752,-1.2967278540653535,5.125768726563786,0.2651435236246706
2022-11-26,404.793,6.554163228577101,3.7854706123675466,-0.010257402,-1.2439151806685245,5.029385793036071,0.2608904299821158
2022-11-27,400.142,1.920081487922325,3.7404004984006582,-0.025233356,-1.190284764671693,4.930685263072352,0.2565586025188665
2022-11-28,406.954,8.749076411977512,3.693856657230162,-0.07864189,-1.135865612184701,4.829722269414863,0.2521499579634484
2022-11-29,406.481,8.29314549751415,3.645865882960556,-0.06826879,-1.0806873162642516,4.726553199224807,0.2476664335133624
2022-11-30,406.316,8.145286241303783,3.5964556135562806,-0.18794058,-1.0247800352871597,4.62123564884344,0.2431099853170583
2022-12-01,404.921,6.767496140117764,3.545653906937028,-0.72093344,-0.9681744708721952,4.513828377809223,0.2384825869557272
2022-12-02,404.16,6.023760254116452,3.4934894168074653,-0.72125554,-0.9109018453707476,4.404391262178213,0.2337862279266016
2022-12-03,406.473,8.354088860235148,3.4399913682482595,-0.73113185,-0.8529938789467928,4.292985247195052,0.2290229121294392
2022-12-04,404.02900000000005,5.927474872369448,3.385189533095341,-0.96573824,-0.7944827662670462,4.179672299362387,0.2241946563578677
2022-12-05,408.564,10.479885833382571,3.3291142051343794,-1.1613499,-0.7354011528224789,4.064515357956858,0.2193034887972395
2022-12-06,406.983,8.91635271097623,3.271796175137323,-1.1695029,-0.6757821109027027,3.9475782860400255,0.2143514475306374
2022-12-07,402.601,4.551872994255101,3.213266705767936,-1.165579,-0.6156591152450027,3.828925821012939,0.2093405790546639
2022-12-08,404.645,6.613444172323894,3.153557506382901,-1.3511869,-0.5550660183800136,3.7086235247629142,0.2042729368066066
2022-12-09,406.36,8.346063734287522,3.092700707755254,-1.4494174,-0.494037025696322,3.5867377334515766,0.1991505797045701
2022-12-10,399.604,1.6077291692507307,3.030728836746416,-2.0979207,-0.4326066702464735,3.4633355069928893,0.1939755707021359
2022-12-11,401.228,3.249193800032811,2.9676747909531502,-2.3400939,-0.3708097873170219,3.3384845782701724,0.1887499753590805
2022-12-12,403.11,5.148706026949282,2.903571813355373,-2.370521,-0.3086814887854699,3.212253302140843,0.1834758604296637
2022-12-13,401.969,4.025263301942466,2.838453466990594,-2.369843,-0.2462571372870554,3.084710604277649,0.1781552924699674
2022-12-14,401.801,3.874863076955244,2.77235360968037,-2.3643672,-0.1835723202144865,2.9559259298948564,0.1727903364657325
2022-12-15,396.667,-1.241497196069901,2.7053063688339187,-2.349522,-0.1206628235737985,2.825969192407717,0.1673830544821086
2022-12-16,399.507,1.6162143433250815,2.637346116353677,-2.3056872,-0.0575646057196019,2.694910722073278,0.1619355043367077
2022-12-17,403.649,5.775961673581628,2.5685074436671376,-2.2625575,0.0056862290069805,2.562821214660157,0.1564497382972997
2022-12-18,406.691,8.835707843222654,2.4988251369090038,-2.2206192,0.0690534567143331,2.42977168019467,0.150927801805465
2022-12-19,406.222,8.38446614133216,2.428334152277177,-2.1763585,0.1325007604470002,2.2958333918301768,0.1453717322274761
2022-12-20,403.601,5.781251181920698,2.357069591585676,-2.2026374,0.1959917566996427,2.161077834886033,0.1397835576336346
2022-12-21,399.2240000000001,1.4220604143186075,2.2850666780370763,-2.2282782,0.2594900219350347,2.0255766561020416,0.1341652956072576
2022-12-22,397.596,-0.188091070688753,2.212360732236616,-2.2078674,0.3229591190828527,1.8894016131537636,0.1285189520844549
2022-12-23,396.4500000000001,-1.3162357339786883,2.1389871484694942,-2.2656286,0.3863626239961701,1.752624524473324,0.1228465202258007
2022-12-24,396.439,-1.3093565568016317,2.0649813712623333,-2.311536,0.4496641518426336,1.6153172194196996,0.1171499793209527
2022-12-25,398.0870000000001,0.3567339054670673,1.9903788722493236,-2.318468,0.5128273834074273,1.477551488841896,0.1114312937272278
2022-12-26,398.72,1.00806887906709,1.9152151273627975,-2.3906314,0.5758160912853101,1.3393990360774877,0.1056924118430923
2022-12-27,395.507,-2.186731371079207,1.8395255943674904,-3.4204247,0.6385941659391741,1.200931428428316,0.0999352651174768
2022-12-28,401.461,3.785462451527744,1.7633456907570169,-3.4965913,0.7011256416027861,1.0622200491542308,0.0941617670957739
2022-12-29,400.063,2.40567966652904,1.6867107720305023,-3.6434796,0.7633747220055812,0.9233360500249213,0.0883738125033287
2022-12-30,404.659,7.019887234429984,1.6096561103665916,-4.5532403,0.8253058058976078,0.7843503044689838,0.0825732763671719
2022-12-31,401.593,3.971889062599252,1.5322168737113615,-4.847421,0.8868835123530263,0.6453333613583354,0.0767620131767011
2023-01-01,400.439,2.8359014605988317,1.4544281052960022,-4.850898,0.948072705830807,0.5063553994651951,0.0709418560839568
2023-01-02,403.814,6.228892127422222,1.3763247035993107,-4.835907,1.0088385209715995,0.3674861826277111,0.0651146161440812
2023-01-03,396.315,-1.252147742085183,1.2979414027694451,-4.809074,1.069146387110066,0.2287950156593792,0.0592820815965009
2023-01-04,406.337,8.787756954570291,1.2193127535185209,-4.9540687,1.128962052482293,0.0903507010362278,0.0534460171873121
2023-01-05,399.386,1.8544710397717297,1.1404731045028773,-5.524213,1.1882516081082988,-0.0477785036054214,0.0476081635332895
2023-01-06,403.854,6.340181107359522,1.0614565842011985,-5.5228786,1.2469815113299998,-0.1855249271288015,0.0417702365278881
2023-01-07,391.945,-5.551120025866744,0.982297083301676,-5.7285714,1.3051186089854072,-0.3228215256837311,0.0359339267895475
2023-01-08,400.297,2.8186342509593088,0.9030282376088544,-6.0968513,1.3626301602002475,-0.4596019225913931,0.0301008991525417
2023-01-09,397.471,0.0103750405326903,0.8236834114797807,-6.423086,1.4194838587786345,-0.5958004472988535,0.0242727922005789
2023-01-10,400.64,3.1970395741951565,0.7442956817984817,-6.58488,1.4756478551748535,-0.7313521733763718,0.0184512178432775
2023-01-11,404.729,7.303682515814435,0.6648978224967852,-6.7422748,1.531090778028819,-0.8661929555320338,0.0126377609355962
2023-01-12,391.704,-5.703728688841698,0.5855222896288922,-6.7997274,1.5857817552481996,-1.0002594656193071,0.0068339789402386
2023-01-13,394.13,-3.2600685850524287,0.5062012070061277,-7.0804443,1.6396904346207488,-1.1334892276146211,0.00104140163299
2023-01-14,392.401,-4.971398272583816,0.426966352397565,-7.500237,1.6927870039408826,-1.2658206515433177,-0.004738469149111
2023-01-15,398.799,1.4442463990584635,0.347849144301445,-7.571576,1.745042210635008,-1.3971930663335632,-0.0105041597169224
2023-01-16,397.203,-0.1339839831301921,0.268880629291355,-7.5003486,1.7964273808707678,-1.5275467515794128,-0.0162542246958825
2023-01-17,395.7,-1.61924333711372,0.1900914699405081,-7.346031,1.84691443813578,-1.6568229681952718,-0.0219872471505
2023-01-18,395.885,-1.4165944027547974,0.1115119333264779,-7.392045,1.896475921272116,-1.784963987945638,-0.0277018386669765
2023-01-19,396.63,-0.6539779064067575,0.0331718801180669,-7.308637,1.945085001953312,-1.9119131218352448,-0.033396639394343
2023-01-20,394.155,-3.111532905391546,-0.0448992457548643,-7.137352,1.992715501591222,-2.0376147473460864,-0.039070318044554
2023-01-21,394.467,-2.782121718956475,-0.1226724268485608,-6.993244,2.039341907660733,-2.1620143345092937,-0.0447215718520274
2023-01-22,400.426,3.194389542604519,-0.2001190813703308,-6.8549414,2.0849393894308976,-2.2850584708012285,-0.0503491264931836
2023-01-23,395.514,-1.7003364203404066,-0.27721107176272,-6.7159348,2.12948381309164,-2.4066948848543595,-0.0559517359665768
2023-01-24,396.444,-0.7531130139506677,-0.3539207127092909,-6.587395,2.172951756265855,-2.526872468975146,-0.0615281824342848
2023-01-25,393.273,-3.906748389179947,-0.4302207785649853,-6.461951,2.21532052189734,-2.6455413004623254,-0.0670772760252479
2023-01-26,392.998,-4.164434315506945,-0.5060845102148865,-6.3285294,2.256568151505593,-2.7626526617204794,-0.0725978546013248
2023-01-27,395.108,-2.036851428155473,-0.5814856213659553,-6.220043,2.296673437799248,-2.878159059165203,-0.078088783486861
2023-01-28,397.481,0.3536791944094006,-0.6563983042768391,-6.1059766,2.335615936640408,-2.9920142409172468,-0.0835489551626304
2023-01-29,392.531,-4.578941968395201,-0.7307972349319426,-6.007429,2.3733759783529957,-3.104173213284938,-0.0889772889250436
2023-01-30,398.662,1.5693822327446745,-0.8046575776661404,-5.877628,2.4099346783686784,-3.214592256034819,-0.0943727305115754
2023-01-31,394.094,-2.9813507422813603,-0.8779549892476533,-5.76851,2.44527394720477,-3.3232289364524235,-0.0997342516933949
2023-02-01,398.027,0.9692226212007268,-0.9506656224269364,-5.666591,2.479376499769036,-3.4300421221959727,-0.10506084983624
2023-02-02,398.825,1.7847383602705005,-1.0227661289603012,-5.5680475,2.512225863987093,-3.5349919929473943,-0.1103515474306016
2023-02-03,393.679,-3.3438060105754226,-1.094233662117359,-5.5794744,2.5438063887486684,-3.638040050866027,-0.1156053915923408
2023-02-04,396.362,-0.643383229965472,-1.1650458786822888,-5.517433,2.574103251169744,-3.739149129852033,-0.1208214535348893
2023-02-05,392.471,-4.5170263520151,-1.2351809404592065,-5.8303256,2.603102463168158,-3.838283403627364,-0.1259988280142243
2023-02-06,395.72,-1.2507073343803183,-1.3046175152927426,-5.7714186,2.6307908773510458,-3.935408392643789,-0.1311366327478417
2023-02-07,391.251,-5.702460024542987,-1.3733347776151887,-5.713211,2.657156192213013,-4.030490969828202,-0.1362340078089913
2023-02-08,389.191,-7.7452868988334975,-1.4413124085324356,-5.631245,2.6821869566447174,-4.123499365177153,-0.1412901149974636
2023-02-09,391.193,-5.726190433582235,-1.5085305954610535,-5.5470576,2.705872573752082,-4.214403169213136,-0.1463041371882473
2023-02-10,395.036,-1.8661731051196069,-1.5749700313296642,-5.4881554,2.728203303987142,-4.303173335316807,-0.1512752776594114
2023-02-11,392.818,-4.067237389776061,-1.6406119133579045,-5.452661,2.749170267592028,-4.389782180949933,-0.1562027594005864
2023-02-12,395.732,-1.1363857638819583,-1.7054379414270184,-5.37057,2.7687654463583784,-4.474203387785397,-0.1610858244034444
2023-02-13,394.263,-2.588651227087907,-1.769430316056179,-5.3244295,2.786981684704984,-4.556412000761164,-0.165923732935603
2023-02-14,396.023,-0.811974365898215,-1.8325717359992848,-5.364618,2.8038126900771885,-4.636384426076473,-0.1707157627993977
2023-02-15,391.561,-5.257419551115088,-1.8948453954771871,-5.293891,2.819253032672131,-4.714098428149319,-0.1754612085769827
2023-02-16,389.641,-7.160957892563005,-1.956234981060623,-5.220979,2.8332981444945995,-4.789533125555223,-0.1801593808632423
2023-02-17,396.006,-0.779591871218082,-2.0167246682194984,-5.1303196,2.8459443177487835,-4.862668985968282,-0.1848096054880062
2023-02-18,395.109,-1.6603239680564,-2.0762991175543792,-5.037305,2.857188702571905,-4.933487820126285,-0.1894112227290746
2023-02-19,391.308,-5.445156664053896,-2.134943470726204,-4.9575253,2.8670293041162083,-5.001972774842412,-0.19396358651757
2023-02-20,389.973,-6.764061916866405,-2.192643346100684,-4.889071,2.8754649789864564,-5.06810832508714,-0.1984660636371449
2023-02-21,394.229,-2.492073573976008,-2.249384834123781,-4.9445305,2.882495431040574,-5.131880265164355,-0.2029180329185688
2023-02-22,387.392,-9.313194111712964,-2.305154492444941,-5.0363073,2.888121206561685,-5.193275699006627,-0.2073188844312436
2023-02-23,390.742,-5.947395030981328,-2.359939340804928,-5.126037,2.8923436888103096,-5.252283029615237,-0.2116680186731715
2023-02-24,395.471,-1.2026778241928744,-2.413726855705001,-5.321764,2.8951650919660152,-5.308891947671016,-0.2159648457609235
2023-02-25,392.581,-4.076957362504031,-2.466504964874626,-5.338783,2.896588454468395,-5.363093419343021,-0.2202087846211433
2023-02-26,390.097,-6.545328156884477,-2.518262041554506,-5.500072,2.896617631767667,-5.414879673322173,-0.2243992621851112
2023-02-27,401.269,4.64222910401957,-2.568986898612086,-5.7963147,2.895257288495723,-5.464244187107809,-0.2285357125879068
2023-02-28,394.87,-1.7414290966890809,-2.6186687825065,-6.168924,2.892512890068974,-5.511181672575474,-0.2326175763736719
2023-03-01,393.985,-2.611218405006064,-2.6672973671199984,-6.198351,2.888390693734732,-5.555688060854731,-0.2366442997084956
2023-03-02,396.022,-0.5590878781242241,-2.7148627474726754,-6.176683,2.8828977390733432,-5.597760486546019,-0.2406153336024022
2023-03-03,395.451,-1.1150948312343305,-2.761355433337417,-6.1495786,2.8760418379687884,-5.637397271306206,-0.2445301331419326
2023-03-04,397.507,0.9557601391073964,-2.8067663427717857,-6.3164787,2.867831564060744,-5.674597906832529,-0.2483881567347721
2023-03-05,392.27,-4.266527302710181,-2.851086795583253,-6.5426354,2.858276241691639,-5.709363037274892,-0.2521888653678759
2023-03-06,385.443,-11.078749006386529,-2.894308506744413,-6.5656013,2.847385934362562,-5.741694441106976,-0.2559317218805108
2023-03-07,391.145,-5.362090244655906,-2.9364235797741816,-6.6173162,2.835171432712232,-5.771595012486413,-0.2596161902536159
2023-03-08,385.347,-11.14557549234446,-2.977424500101057,-6.753743,2.8216442420336274,-5.7990687421346845,-0.2632417349168556
2023-03-09,388.44,-8.038062166721948,-3.0173041284241577,-6.851508,2.8068165693432032,-5.824120697767361,-0.2668078200747185
2023-03-10,393.357,-3.1067147933093056,-3.056055694087477,-7.378658,2.7907013100179023,-5.846757004105379,-0.2703139090529741
2023-03-11,388.703,-7.746535749372235,-3.0936727884825603,-7.381488,2.773312034015514,-5.8669848224980745,-0.2737594636667888
2023-03-12,391.411,-5.024527412176349,-3.1301493584944224,-7.563695,2.754662971694193,-5.884812330188615,-0.2771439436117511
2023-03-13,393.234,-3.187659343967673,-3.1654797000052355,-7.9883056,2.734768999247198,-5.900248699252434,-0.28046680587903
2023-03-14,392.437,-3.970641926689405,-3.199658451469928,-8.581893,2.7136456237691777,-5.913304075239106,-0.283727504195862
2023-03-15,395.743,-0.6507954971779055,-3.232680587577472,-8.580019,2.691308967970545,-5.923989555548017,-0.286925488492509
2023-03-16,391.165,-5.215122379657682,-3.2645414130111963,-8.445434,2.6677757545566907,-5.932317167567887,-0.2900602043968059
2023-03-17,390.722,-5.644624898352872,-3.2952365563210457,-8.286806,2.643063290288932,-5.9382998466099775,-0.2931310927573654
2023-03-18,389.905,-6.448305377488145,-3.3247619639203707,-8.110872,2.617189449744394,-5.941951413664764,-0.2961375891964731
2023-03-19,393.218,-3.122166141287741,-3.3531138942191205,-8.195611,2.5901726587919374,-5.943286553011058,-0.2990791236936522
2023-03-20,394.049,-2.2782095139760505,-3.3802889119051343,-8.214494,2.562031877801622,-5.942320789706756,-0.3019551202008477
2023-03-21,392.975,-3.3392678511435383,-3.406283882384467,-8.1369505,2.532786584605156,-5.939070466989623,-0.3047649962901155
2023-03-22,392.632,-3.669508826935585,-3.431095966391375,-8.076146,2.502456757224891,-5.933552723616266,-0.3075081628346695
2023-03-23,394.977,-1.3119347404064698,-3.454722614777868,-8.063013,2.4710628563890227,-5.925785471166891,-0.3101840237240821
2023-03-24,389.792,-6.484547890610485,-3.4771615634924022,-8.001641,2.438625807850754,-5.915787371343156,-0.3127919756143834
2023-03-25,389.219,-7.045334045666966,-3.498410828756508,-7.8907847,2.405166984529048,-5.903577813285556,-0.3153314077137596
2023-03-26,387.091,-9.161196691801328,-3.5184687024477483,-7.740634,2.370708188488825,-5.889176890936573,-0.3178017016044941
2023-03-27,389.115,-7.125249898038757,-3.53733374769678,-7.592871,2.3352716327782845,-5.872605380475065,-0.3202022311017349
2023-03-28,389.272,-6.95630353761347,-3.5550047947055803,-8.032184,2.298879923141095,-5.853884717846675,-0.3225323621496372
2023-03-29,392.676,-3.540530634329375,-3.5714809367935167,-8.059463,2.2615560396211496,-5.833036976414666,-0.3247914527553526
2023-03-30,393.986,-2.218949426429488,-3.5867615266771145,-7.953931,2.2233233180774503,-5.810084844754565,-0.3269788529612923
2023-03-31,391.847,-4.346407265229676,-3.6008461729889,-7.857962,2.1842054316267228,-5.785051604615623,-0.3290939048560382
2023-04-01,391.176,-5.006057087577652,-3.613734737039989,-7.8684483,2.1442263720311505,-5.75796110907114,-0.3311359426242071
2023-04-02,391.763,-4.407749046458354,-3.625427329830526,-7.8440995,2.103410431048601,-5.728837760879127,-0.333104292635527
2023-04-03,389.619,-6.540633307929877,-3.6359243093113625,-7.803664,2.061782181762492,-5.697706491073854,-0.3349982735733202
2023-04-04,387.403,-8.745712075199496,-3.6452262778998095,-7.710856,2.019366459908373,-5.664592737808183,-0.3368171966025259
2023-04-05,391.327,-4.810930453328097,-3.6533340802516174,-7.5979643,1.976188345214091,-5.6295224254657095,-0.3385603655773499
2023-04-06,388.769,-7.358331420059444,-3.660248801290624,-7.559514,1.932273142770215,-5.592521944060839,-0.3402270772885504
2023-04-07,385.083,-11.033931540761278,-3.6659717644970327,-7.7524056,1.8876463644472172,-5.55361812894425,-0.3418166217503262
2023-04-08,390.769,-5.337733007998019,-3.6705045304544655,-7.641616,1.842333710375722,-5.512838240830188,-0.3433282825267038
2023-04-09,388.915,-7.181738014333782,-3.673848895655393,-7.54563,1.796361050505786,-5.470209946161178,-0.3447613370972678
2023-04-10,387.256,-8.830948752332919,-3.67600689156387,-7.4688506,1.7497544062610837,-5.425761297824954,-0.3461150572620107
2023-04-11,390.831,-5.246352857815066,-3.67698078393388,-7.5074687,1.702539932303458,-5.379520716237337,-0.3473887095850273
2023-04-12,388.02,-8.047873151268856,-3.67677307238096,-7.3986397,1.6547438984231595,-5.33151697080412,-0.3485815558767168
2023-04-13,389.831,-6.227409161443218,-3.675386490204109,-7.274872,1.606392671569651,-5.281779161773759,-0.3496928537140945
2023-04-14,390.428,-5.621151455830571,-3.6728240044544456,-7.134993,1.5575126980377132,-5.230336702492159,-0.3507218569987587
2023-04-15,389.075,-6.964888926667568,-3.6690888162464015,-7.0089035,1.5081304858231244,-5.177219302069527,-0.351667816552001
2023-04-16,386.248,-9.782693963215166,-3.664184361306619,-6.9214354,1.458272587161939,-5.122456948468559,-0.3525299807464933
2023-04-17,392.494,-3.527552653906792,-3.658114310755215,-6.9251027,1.4079655812670366,-5.066079892022252,-0.3533075961739138
2023-04-18,389.535,-6.477612550077188,-3.650882572113399,-6.9504414,1.3572360572752085,-5.008118629388608,-0.3539999083478441
2023-04-19,388.068,-7.935875725564016,-3.6424932905308887,-6.9103675,1.3061105974177458,-4.948603887948634,-0.3546061624411863
2023-04-20,386.772,-9.223344254205076,-3.632950850226064,-6.8236394,1.2546157604270625,-4.887566610653126,-0.3551256040573124
2023-04-21,387.078,-8.909020209837937,-3.6222598761310847,-6.7349806,1.2027780651915176,-4.825037941322602,-0.3555574800340972
2023-04-22,384.459,-11.519905666300414,-3.610425235733948,-6.613321,1.1506239746702098,-4.761049210404158,-0.3559010392799409
2023-04-23,394.627,-1.3440026974302364,-3.597452041108626,-6.5365696,1.0981798800790905,-4.695631921187717,-0.3561555336408166
2023-04-24,389.228,-6.73531337706511,-3.5833456511241413,-6.4415436,1.0454720853593302,-4.628817736483471,-0.3563202187973584
2023-04-25,387.822,-8.133839779042752,-3.5681116738228997,-6.3100495,0.992526791938448,-4.560638465761347,-0.3563943551909209
2023-04-26,391.429,-4.519583977200783,-3.5517559689580445,-6.2011256,0.9393700837942954,-4.49112605275234,-0.3563772089775265
2023-04-27,390.382,-5.559548045377125,-3.5342846506793144,-6.0873528,0.8860279128314786,-4.420312563510793,-0.3562680530085421
2023-04-28,391.773,-4.161734057409396,-3.515704090356272,-5.950571,0.8325260845794927,-4.348230174935765,-0.3560661678368989
2023-04-29,389.252,-6.676144087135226,-3.496020919527489,-5.8061852,0.7788902442211799,-4.274911163748669,-0.3557708427476184
2023-04-30,388.573,-7.348780208392482,-3.475242032963855,-5.70034,0.725145862959905,-4.20038789592376,-0.3553813768113654
2023-05-01,397.196,1.2803555049812636,-3.4533745918337493,-5.640706,0.6713182247331497,-4.124692816566899,-0.3548970799597105
2023-05-02,391.696,-4.213790992195976,-3.430426026957569,-5.6516657,0.6174324132799429,-4.047858440237512,-0.3543172740807387
2023-05-03,391.02,-4.884168366745224,-3.406404042138647,-5.5730915,0.5635132995689184,-3.9699173417075655,-0.3536412941336143
2023-05-04,389.549,-6.34977870041427,-3.38131661755748,-5.5287695,0.509585529593453,-3.890902147150933,-0.3528684892806609
2023-05-05,387.603,-8.29062407495088,-3.355172013215681,-5.5464478,0.4556735125397418,-3.8108455257554232,-0.3519982240355001
2023-05-06,381.492,-14.396706572102644,-3.3279787724160026,-5.627224,0.4018014093332653,-3.729780181749268,-0.3510298794257394
2023-05-07,386.708,-9.176028273617638,-3.299745725264443,-5.56548,0.3479931215685651,-3.647738846833008,-0.3499628541686871
2023-05-08,386.15,-9.7295912612434,-3.2704819921803265,-5.653475,0.2942722808268285,-3.564754273007155,-0.3487965658585342
2023-05-09,391.1,-4.775397616727704,-3.240196987399887,-5.544867,0.2406622383852003,-3.480859225785087,-0.3475304521634135
2023-05-10,389.304,-6.567449421818444,-3.2089004224590503,-5.4193006,0.18718605532138,-3.3960864777804303,-0.3461639720307357
2023-05-11,390.825,-5.042748758263165,-3.17660230964058,-5.3218503,0.1338664930164401,-3.31046880265702,-0.3446966068991611
2023-05-12,391.872,-3.992297707809793,-3.143312965371034,-5.218394,0.0807260040584606,-3.224038969429494,-0.3431278619155616
2023-05-13,388.333,-7.528098352206113,-3.109043013552582,-5.1121397,0.027786723548966,-3.136829737101548,-0.3414572671552968
2023-05-14,394.87,-0.9881527731997358,-3.0738033888149365,-4.9828424,-0.0249295391862157,-3.0488738496287207,-0.3396843788441192
2023-05-15,388.65,-7.205463052538561,-3.0376053396724307,-4.859739,-0.0774013084806115,-2.960204031191819,-0.3378087805800069
2023-05-16,385.533,-10.320031271970166,-3.000460431571413,-4.7178054,-0.1296074498046523,-2.870852981766761,-0.3358300845532099
2023-05-17,384.291,-11.559859513242545,-2.96238054981311,-4.5777607,-0.1815271768369232,-2.780853372976187,-0.3337479327627873
2023-05-18,389.243,-6.60594985810333,-2.923377902337083,-4.4565415,-0.2331400581294767,-2.6902378442076063,-0.3315619982279025
2023-05-19,386.273,-9.57430438830032,-2.883465022350733,-4.3367476,-0.2844260233679099,-2.5990389989828238,-0.3292719861921434
2023-05-20,390.606,-5.239925185581198,-2.8426547707900736,-4.211212,-0.3353653692274655,-2.507289401562608,-0.3268776353191277
2023-05-21,388.498,-7.346814331693751,-2.8009603385974127,-4.0908384,-0.3859387648267996,-2.415021573770613,-0.3243787188776486
2023-05-22,391.408,-4.43597390838585,-2.7583952488016403,-3.9966705,-0.4361272567814932,-2.322267992020147,-0.3217750459146301
2023-05-23,391.586,-4.257405997405083,-2.7149733583869944,-3.9073436,-0.4859122738598877,-2.229061084527107,-0.3190664624141519
2023-05-24,386.087,-9.756112680499378,-2.670708859936392,-3.8097281,-0.5352756312441301,-2.135433228692262,-0.3162528524408143
2023-05-25,392.446,-3.3970960394163496,-2.6256162830357352,-3.7040787,-0.5841995343998589,-2.0414167486358763,-0.3133341392657262
2023-05-26,394.156,-1.6866280269252525,-2.5797104954257724,-3.6129463,-0.6326665825582606,-1.947043912867512,-0.3103102864734026
2023-05-27,392.766,-3.076421013291065,-2.5330067038884,-3.5329778,-0.680659771814704,-1.852346932073696,-0.3071812990478788
2023-05-28,392.157,-3.685476972139169,-2.4855204548547367,-3.4641964,-0.7281624978484937,-1.757357957006243,-0.3039472244363505
2023-05-29,393.653,-2.189797877094852,-2.4372676347224345,-3.3658786,-0.7751585582686885,-1.662109076453746,-0.3006081535886852
2023-05-30,388.704,-7.139251850694127,-2.3882644698702467,-3.2791278,-0.8216321545913134,-1.5666323152789332,-0.297164221971151
2023-05-31,397.355,1.511028919606178,-2.338527526358129,-3.1935756,-0.8675678938536242,-1.4709596325045051,-0.2936156105527437
2023-06-01,395.309,-0.5361152860624357,-2.288073709301722,-3.1142886,-0.9129507898714316,-1.3751229194302903,-0.289962546762508
2023-06-02,393.36,-2.486524297260505,-2.236920261910241,-3.044465,-0.9577662641458716,-1.2791539977643696,-0.286205305416283
2023-06-03,391.006,-4.84220009180377,-2.185084764177617,-2.9748766,-1.0020001464262644,-1.183084617751353,-0.2823442096113234
2023-06-04,394.151,-1.6989640730394489,-2.1325851312168567,-2.9017358,-1.0456386749360964,-1.0869464562807605,-0.278379631587279
2023-06-05,398.546,2.694006113663151,-2.0794396112283158,-2.823726,-1.088668496269378,-0.9907711149589372,-0.2743119935520537
2023-06-06,396.757,0.9027979657307302,-2.025666783093046,-2.7566962,-1.131076664965016,-0.89459011812803,-0.2701417684710901
2023-06-07,393.802,-2.054689922359353,-1.9712855535829037,-2.7208111,-1.1728506427669962,-0.7984349108159072,-0.2658694808186685
2023-06-08,398.362,2.50255329172814,-1.9163151541796264,-2.659813,-1.2139782975785431,-0.7023368566010835,-0.2614957072898466
2023-06-09,393.23,-2.632456388490252,-1.8607751374957848,-2.6267648,-1.2544479021186388,-0.6063272353771461,-0.2570210774717039
2023-06-10,390.286,-5.579697145319027,-1.8046853732909487,-2.5752707,-1.2942481322894557,-0.5104372410014935,-0.2524462744725969
2023-06-11,397.731,1.8617889910296783,-1.7480660440771965,-2.5275288,-1.3333680652636115,-0.4146979788135847,-0.2477720355081805
2023-06-12,398.29,2.416966513942088,-1.690937640308516,-2.4792764,-1.3717971773002209,-0.319140463008295,-0.2429991524429879
2023-06-13,394.85,-1.0267896892924415,-1.633320955149518,-2.4103084,-1.409525341299017,-0.223795613850501,-0.2381284722864167
2023-06-14,394.369,-1.511802926756065,-1.5752370788193188,-2.340839,-1.446542824101975,-0.1286942547173437,-0.2331608976420096
2023-06-15,396.376,0.4909412151650397,-1.51670739250727,-2.2600224,-1.482840283551978,-0.0338671089552919,-0.228097387108979
2023-06-16,398.737,2.8474024766576544,-1.457753561857807,-2.2012193,-1.518408765318323,0.0606552034605158,-0.222938955634967
2023-06-17,397.837,1.9427446728019957,-1.398397530022433,-2.1403735,-1.55323969949888,0.154842169476447,-0.217686674819091
2023-06-18,398.992,3.092801281427298,-1.3386615102774877,-2.1141841,-1.5873248970089695,0.248663386731482,-0.2123416731643785
2023-06-19,395.922,0.0177458497655136,-1.2785679782071249,-2.148269,-1.6206565457670403,0.3420885675599154,-0.2069051362787535
2023-06-20,391.991,-3.918566384080948,-1.2181396634515946,-2.1158426,-1.653227206687344,0.4350875432357495,-0.2013783070237909
2023-06-21,389.88,-6.034859863913855,-1.157399541021643,-2.0592186,-1.6850298094899194,0.5276302684682761,-0.195762485610514
2023-06-22,391.615,-4.305406305735746,-1.096370822180618,-1.9901423,-1.7160576483382264,0.6196868261576083,-0.1900590296415763
2023-06-23,396.544,0.6185534889687084,-1.0350769448965402,-1.9432844,-1.7463043773148506,0.7112274324183103,-0.1842693540992197
2023-06-24,392.704,-3.226842138388723,-0.9735415638671664,-1.9127611,-1.7757640057456887,0.8022224418785224,-0.1783949312784763
2023-06-25,391.619,-4.317439229225709,-0.911788540121776,-1.8646712,-1.8044308933831328,0.8926423532613568,-0.1724372906651263
2023-06-26,390.772,-5.169669474486322,-0.8498419302042325,-1.8072928,-1.832299745458677,0.9824578152544442,-0.1663980187580087
2023-06-27,395.614,-0.3331201838152836,-0.7877259749424671,-1.7473357,-1.859365607615466,1.071639632672999,-0.1602787588353291
2023-06-28,395.303,-0.6497929766201157,-0.7254650878104109,-1.6882852,-1.8856238607311848,1.160158772920774,-0.1540812106646818
2023-06-29,393.44,-2.5186603405082537,-0.6630838428890583,-1.6187291,-1.9110702156417405,1.247986372752682,-0.147807130156571
2023-06-30,392.798,-3.166752235061974,-0.6006069624340398,-1.5528365,-1.9357007077761172,1.3350937453420777,-0.1414583289612766
2023-07-01,392.607,-3.363394041769464,-0.5380593040579282,-1.49629,-1.959511691712666,1.4214523876547378,-0.1350366740089797
2023-07-02,391.084,-4.892118935015687,-0.4754658475361043,-1.4302142,-1.9824998356671,1.507033988130996,-0.1285440869931317
2023-07-03,397.58,1.5982966060846422,-0.4128516812457631,-1.3630049,-2.0046621159223483,1.5918104346765851,-0.1219825437971171
2023-07-04,397.102,1.1153117450684895,-0.3502419882483713,-1.2959028,-2.025995811210273,1.6757538229619018,-0.1153540738643222
2023-07-05,396.859,0.8676188927523524,-0.287662032026529,-1.2393744,-2.046498497055224,1.7588364650286952,-0.1086607595118026
2023-07-06,396.97,0.973968268991276,-0.2251371418869021,-1.1904613,-2.0661680400892277,1.841030898202325,-0.1019047351877965
2023-07-07,397.273,1.272029366996393,-0.1626926980416304,-1.1367304,-2.0850025923484443,1.9223098943068135,-0.0950881866734061
2023-07-08,398.818,2.812061027785349,-0.100354116381113,-1.0815138,-2.1030005855604625,2.002646469179349,-0.0882133502288356
2023-07-09,399.442,3.430942049596553,-0.0381468329518891,-1.0408826,-2.1201607254317483,2.0820138924798592,-0.0812825116846394
2023-07-10,398.085,2.0684409043856653,0.0239037118461289,-0.99316216,-2.136481985944445,2.160385697790574,-0.0742980054785088
2023-07-11,390.628,-5.394217168057522,0.0857720893281454,-0.95249623,-2.1519636036715206,2.237735692999666,-0.0672622136381754
2023-07-12,390.947,-5.0808473949923805,0.1474328988432322,-0.9015166,-2.166605072119036,2.314037970962268,-0.0601775647110994
2023-07-13,393.56,-2.4734374173005733,0.2088607843272181,-0.8551544,-2.180406136104194,2.389266920431413,-0.0530465326416536
2023-07-14,394.41,-1.6291777824201468,0.270030451073089,-0.7974648,-2.193366786177467,2.463397237250556,-0.0458716355965941
2023-07-15,393.441,-2.60395317653427,0.3309166827016709,-0.7456308,-2.2054872530969885,2.5364039357986594,-0.0386554347396674
2023-07-16,392.776,-3.2746249659787208,0.3914943583149416,-0.70811087,-2.216768002363168,2.608262360678109,-0.0314005329562646
2023-07-17,393.989,-2.0674406518382797,0.4517384698136423,-0.68503505,-2.2272097288211152,2.6789481986347576,-0.0241095735291033
2023-07-18,394.2,-1.8624013851603884,0.5116241393606088,-0.65524197,-2.2368133513383506,2.7484374906989597,-0.0167852387659707
2023-07-19,390.393,-5.675058236621723,0.5711266369705225,-0.6165868,-2.2455800075649592,2.816706644535482,-0.0094302485806295
2023-07-20,392.111,-3.9627673662719296,0.6302213982065927,-0.57697093,-2.2535110487830217,2.8837324469896144,-0.0020473590280401
2023-07-21,395.316,-0.7634994207065744,0.6888840419641336,-0.54197216,-2.260608034852017,2.949492076816151,0.0053606392048786
2023-07-22,396.729,0.6438853129056581,0.7470903883205587,-0.49131355,-2.26687272925643,3.013963117576989,0.0127909223516843
2023-07-23,392.655,-3.435362092317598,0.8048164764311955,-0.45177573,-2.2723070942616737,3.077123570692869,0.0202406351607088
2023-07-24,393.311,-2.784673868878431,0.8620385824496823,-0.42066306,-2.276913286184012,3.1389518686336944,0.0277068925298364
2023-07-25,396.186,0.0850593154890946,0.9187332374517132,-0.40809822,-2.28069365077999,3.199426888231703,0.0351867811803312
2023-07-26,395.045,-1.06137682979283,0.9748772453403054,-0.38667044,-2.2836507187603896,3.2585279641006952,0.0426773613682204
2023-07-27,394.119,-1.9924322176941425,1.0304477007108497,-0.34813848,-2.28578720143365,3.3162349021445,0.0501756686317048
2023-07-28,391.617,-4.499335066268153,1.0854220066537006,-0.2948875,-2.287105986483173,3.372527993136873,0.0576787155730081
2023-07-29,395.798,-0.3227566748105557,1.139777892472074,-0.24150403,-2.2876101338827115,3.4273880263547856,0.0651834936730371
2023-07-30,395.624,-0.5012329577217993,1.19349343129273,-0.2009955,-2.2873028719537234,3.480796303246453,0.0726869751371793
2023-07-31,396.255,0.1252608240184266,1.246547057546906,-0.17416789,-2.2861875935681946,3.5327346511151005,0.0801861147705198
2023-08-01,398.741,2.607030546551997,1.29891758429876,-0.14495121,-2.2842678525001148,3.5831854367988747,0.0876778518807211
2023-08-02,396.75,0.6117320883379435,1.3505842203986549,-0.11928378,-2.281547359928535,3.63213158032719,0.0951591122067753
2023-08-03,390.847,-5.295739179259236,1.4015265874384175,-0.10578689,-2.2780299810946847,3.679556568533102,0.1026268098717877
2023-08-04,394.367,-1.7801612719788458,1.4517247364858794,-0.10293974,-2.273719732115368,3.725444468601247,0.1100778493579348
2023-08-05,397.924,1.772593549728302,1.501159164575916,-0.08981356,-2.268620776954525,3.769779941530441,0.1175091275016952
2023-08-06,396.084,-0.071706934506649,1.5498108309353074,-0.077815175,-2.2627374245544623,3.8125482554897694,0.1249175355074226
2023-08-07,394.375,-1.7850261894844337,1.597661172918924,-0.06626275,-2.256074126127986,3.8537352990469103,0.1322999609773097
2023-08-08,395.131,-1.033142798047613,1.6446921216346475,-0.062167358,-2.248635472612254,3.8933275942469017,0.1396532899557591
2023-08-09,396.748,0.579857012270463,1.690886117234953,-0.057120718,-2.240426192284932,3.931312309519885,0.1469744089861558
2023-08-10,399.651,3.478640665125744,1.7362261238528944,-0.043659944,-2.2314511485428263,3.9676772723957208,0.1542602071780167
2023-08-11,394.733,-1.4438055259157785,1.7806956441607809,-0.024202455,-2.221715337842868,4.002410982003648,0.161507578282474
2023-08-12,397.788,1.606706023982886,1.8242787335298971,0.007821555,-2.211223887805003,4.0355026213349,0.1687134227740299
2023-08-13,399.718,3.531844480875165,1.8669600137700184,0.033918865,-2.1999820554762173,4.066942069246236,0.1758746499365088
2023-08-14,399.513,3.32194448141584,1.9087246864277607,0.06726204,-2.187995225754592,4.096719912182353,0.1829881799511242
2023-08-15,399.474,3.277906020913998,1.949558545623164,0.103338696,-2.1752689099719777,4.124827455595142,0.1900509459845617
2023-08-16,396.346,0.1447714874517128,1.9894479904043656,0.12757772,-2.1618087446335896,4.151256735037955,0.1970598962749825
2023-08-17,397.014,0.807514071044288,2.028380036600536,0.1390579,-2.1476204903124687,4.176000526913004,0.2040119962138372
2023-08-18,398.96,2.748232322813492,2.0663423281537905,0.16229676,-2.132710030696484,4.199052358850274,0.2109042304213887
2023-08-19,398.104,1.886925537467561,2.103323147911264,0.18603538,-2.1170833717852795,4.220406519696543,0.2177336048138355
2023-08-20,397.888,1.6655930097148346,2.139311427859036,0.14903253,-2.1007466412342057,4.240058069093242,0.2244971486599371
2023-08-21,401.968,5.740234034263766,2.1742967587801503,0.017167814,-2.083706087842091,4.258002846622242,0.2311919166250445
2023-08-22,395.505,-0.7281520941772524,2.208269399319549,-0.01621151,-2.0659680811793244,4.274237480498874,0.2378149908004476
2023-08-23,390.863,-5.375081754894682,2.2412202844393456,0.008714585,-2.047539111352548,4.288759395791893,0.2443634827159677
2023-08-24,395.797,-0.4459824837520552,2.273141033248524,0.04876736,-2.028425788901925,4.301566822150448,0.2508345353337306
2023-08-25,396.548,0.3001420419807562,2.304023956191745,0.08796979,-2.008634844826743,4.312658801018488,0.2572253250210716
2023-08-26,394.441,-1.8114582908202013,2.333862061582757,0.13673644,-1.9881731307348345,4.322035192317592,0.2635330635005538
2023-08-27,396.47,0.2138635935535545,2.362649061468408,0.18639877,-1.967047619111037,4.3296966805794455,0.2697549997750788
2023-08-28,392.127,-4.133113855086443,2.3903793768102704,0.23636776,-1.945265403699796,4.335644780510066,0.2758884220261233
2023-08-29,398.454,2.190027084693249,2.4170481419714283,0.2691797,-1.92283369999662,4.339881841968048,0.2819306594831291
2023-08-30,395.029,-1.238817949325945,2.4426512084968945,0.2878174,-1.8997598458430571,4.342411054339952,0.2878790842621285
2023-08-31,396.471,0.1996799919241583,2.467185148176824,0.28085104,-1.8760513021195184,4.343236450296343,0.2937311131716991
2023-09-01,395.352,-0.922735476535926,2.490647255382678,0.1602637,-1.851715653530189,4.342362908912867,0.2994842094843857
2023-09-02,402.903,6.624969713734994,2.513035548667224,0.090244226,-1.8267606094740456,4.33979615814127,0.3051358846717568
2023-09-03,400.62,4.338621523515105,2.5343487716201256,0.055253815,-1.801194004995767,4.335542776615893,0.3106837001013021
2023-09-04,400.77,4.484957705862204,2.554586392971867,0.06806216,-1.7750238018102915,4.329610194782159,0.31612526869342
2023-09-05,398.634,2.345309282702001,2.5737486059395622,0.09232187,-1.7482580893944923,4.322006695334054,0.3214582565367767
2023-09-06,399.592,3.2996758049275368,2.5918363268091875,0.13003509,-1.7209050861393924,4.31274141294858,0.3266803844603731
2023-09-07,397.32,1.024046634456053,2.608851192749707,0.18157777,-1.69297314055618,4.301824333305887,0.3317894295606964
2023-09-08,397.434,1.1344317926196816,2.6247955588554674,0.23054804,-1.6644707325291317,4.2892662913846,0.3367832266823785
2023-09-09,393.045,-3.2581691712394174,2.6396724944142607,0.27646294,-1.635406474608513,4.275078969022774,0.3416596698508368
2023-09-10,393.384,-2.9225352689146806,2.6534857783994514,0.31322488,-1.605789113336393,4.259274891735845,0.3464167136554283
2023-09-11,394.135,-2.1745166481664056,2.6662398941854555,0.33560032,-1.5756275305981884,4.241867424783644,0.3510523745816884
2023-09-12,404.132,7.819912310635165,2.6779400234869595,0.3516484,-1.544930744992776,4.222870768479735,0.355564732291297
2023-09-13,396.873,0.5583588413676364,2.68859203952321,0.37821358,-1.513707913213828,4.202299952737038,0.3599519308484609
2023-09-14,398.366,2.0488226412590107,2.698202499409794,0.4076237,-1.4819683314350962,4.18017083084489,0.364212179891463
2023-09-15,402.606,6.2863034075372,2.7067786357812023,0.42871663,-1.4497214366922506,4.156500072473452,0.3683437557481886
2023-09-16,405.022,8.699800837430084,2.714328347648685,0.45597878,-1.4169768082538612,4.131305155902547,0.3723450024945038
2023-09-17,400.616,4.291314628165695,2.7208601904987457,0.47745436,-1.383744168974142,4.104604359472887,0.3762143329544203
2023-09-18,403.445,7.117844476971672,2.726383365638804,0.49959388,-1.3500333866200436,4.076416752258847,0.3799502296410431
2023-09-19,398.556,2.2263900810761745,2.730907708797468,0.52981836,-1.3158544751652506,4.046762183962718,0.383551245637372
2023-09-20,398.9210000000001,2.588951137706977,2.7344436779879158,0.54801995,-1.2812175960437595,4.015661274031675,0.3870160054160894
2023-09-21,396.989,0.6545273440919424,2.7370023406439588,0.54849195,-1.2461330593556232,3.9831353999995818,0.3903432055975276
2023-09-22,402.944,6.607118397459231,2.738595360039289,0.5461244,-1.2106113250176052,3.949206685056894,0.3935316156450954
2023-09-23,403.821,7.481723995036432,2.739234981001497,0.55301964,-1.1746630038514485,3.913897984852946,0.3965800784974957
2023-09-24,405.527,9.185343834051723,2.738934014933398,0.55419713,-1.1382988586026106,3.8772328735360087,0.3994875111371492
2023-09-25,402.188,5.843977611732758,2.7377058241552303,0.36318326,-1.1015298048823052,3.8392356290375353,0.4022529050943036
2023-09-26,403.805,7.45862502530765,2.735564305582276,0.24520253,-1.0643669120258743,3.799931217608151,0.4048753268863849
2023-09-27,401.121,4.772285772004242,2.7325238737534043,0.21018247,-1.0268214038605497,3.7593452776139538,0.4073539183922158
2023-09-28,401.993,5.641959549050414,2.728599443226993,0.22181064,-0.9889046593757588,3.717504102602752,0.4096878971608045
2023-09-29,396.546,0.1926460536740729,2.7238064103617217,0.18368305,-0.950628213289354,3.674434623651076,0.4118765566544784
2023-09-30,405.336,8.980344983103109,2.718160634500502,0.12036921,-0.9120037565031268,3.6301643910036288,0.4139192664262072
2023-10-01,398.339,1.981056034565542,2.711678418576861,0.109919645,-0.8730431364412428,3.584721555018104,0.4158154722310474
2023-10-02,401.012,4.651778905289217,2.7043764891639395,0.10281796,-0.8337583572652888,3.5381348464292284,0.4175646960716994
2023-10-03,402.073,5.710513292502002,2.6962719759871607,0.07182604,-0.794161579959863,3.490433555947024,0.4191665361782508
2023-10-04,402.075,5.710199867143551,2.6873823909223984,0.10044404,-0.7542651222827299,3.4416475132051283,0.4206206669222571
2023-10-05,401.4,5.03289898329053,2.677725606502482,0.11983358,-0.7140814585738106,3.391807065076293,0.4219268386653804
2023-10-06,397.316,0.9466103291870734,2.6673198339554958,0.15355319,-0.67362321941743,3.3409430533729254,0.423084877542879
2023-10-07,402.213,5.841333593077156,2.6561836007992388,0.19629008,-0.6329031911524639,3.2890867919517026,0.4240946851823248
2023-10-08,405.976,9.602068463204986,2.644335728016944,0.23840374,-0.5919343152251794,3.2362700432421234,0.4249562383579872
2023-10-09,409.43,13.053814627814598,2.6317953068400626,0.15406436,-0.5507296873798823,3.182524994219945,0.4256695885814062
2023-10-10,408.722,12.343571775150084,2.6185816751646267,0.009572385,-0.5093025566825821,3.127884231847209,0.4262348616287384
2023-10-11,402.166,5.785017080701371,2.6047143936284463,-0.09440836,-0.4676663243732116,3.072380718001658,0.4266522570055475
2023-10-12,405.592,9.208481654658907,2.5902132213769717,-0.09921399,-0.4258345425421402,3.0160477639191114,0.4269220473497601
2023-10-13,400.493,4.106965136180281,2.575098091546251,-0.0965611,-0.3838209126269346,2.9589190041731857,0.4270445777736049
2023-10-14,403.211,6.822467164423177,2.5593890864920814,-0.07666577,-0.3416392837256418,2.9010283702177238,0.4270202651453964
2023-10-15,404.088,7.696987378545224,2.5431064127949385,-0.047354247,-0.2993036507230292,2.842410063517968,0.4268495973121119
2023-10-16,407.042,10.648525417704075,2.526270376070773,-0.18630002,-0.2568281522266122,2.783098528297385,0.4265331322637697
2023-10-17,401.816,5.420080921057429,2.5089013556183137,-0.17537275,-0.2142270683093947,2.7231284239277085,0.4260714972406824
2023-10-18,398.525,2.126653527762824,2.491019778933849,-0.16560243,-0.1715148180567001,2.6625345969905494,0.4254653877847271
2023-10-19,402.561,6.160242876977902,2.472646096124975,-0.13842252,-0.128705956914606,2.601352053039581,0.4247155667358367
2023-10-20,400.889,4.485848607860454,2.4538007542551155,-0.09122812,-0.0858151738378837,2.5396159280929997,0.4238228631749756
2023-10-21,403.101,6.695470359567997,2.434504171650913,-0.05307051,-0.0428572882355234,2.477361459886437,0.4227881713149312
2023-10-22,396.328,-0.0798922287416825,2.414776712204975,-0.12972979,0.0001527532876578,2.414623958917317,0.421612449340304
2023-10-23,398.943,2.532923210542078,2.394638659706597,-0.123962015,0.0431998803946551,2.351438779311942,0.4202967181981399
2023-10-24,400.502,4.089758010092718,2.374110192233404,-0.12784302,0.0862689026861176,2.287841289547285,0.4188420603407056
2023-10-25,399.502,3.0876016441898604,2.353211356636924,-0.26148257,0.1293445135770901,2.2238668430598336,0.4172496184219563
2023-10-26,398.212,1.7954243567449373,2.331962043155319,-0.26262692,0.1724112943810154,2.159550748774304,0.4155205939493069
2023-10-27,399.416,2.997266801173988,2.310381960186486,-0.23287088,0.2154537186011124,2.0949282415853734,0.4136562458923574
2023-10-28,390.787,-5.633871366889578,2.28849060925493,-0.20071799,0.2584561564288665,2.0300344528260634,0.411657889250273
2023-10-29,397.714,1.2910341587559702,2.266307260205611,-0.17356695,0.3014028794491574,1.9649043807564537,0.4095268935795803
2023-10-30,398.783,2.3579590530285306,2.243850926658138,-0.13969725,0.3442780655511462,1.8995728611069915,0.4072646814841563
2023-10-31,400.516,4.088902975212037,2.221140341754442,-0.097542316,0.3870658040438132,1.8340745377106296,0.4048727270692617
2023-11-01,401.077,4.647761289312079,2.1981939342329566,-0.054380752,0.4297501009747109,1.7684438332582455,0.4023525543614819
2023-11-02,396.352,-0.0798651435781108,2.175029804862263,-0.16771717,0.4723148846501888,1.7027149202120742,0.3997057356964922
2023-11-03,402.618,6.183674978135687,2.1516657032668056,-0.1544831,0.5147440113550359,1.6369216919117695,0.3969338900765944
2023-11-04,399.72,3.2832530934014725,2.1281190051770698,-0.2243703,0.5570212712692274,1.5710977339078425,0.3940386815000067
2023-11-05,397.771,1.331868788124005,2.104406690136388,-0.34270716,0.5991303945791068,1.5052762955572807,0.3910218172639094
2023-11-06,407.448,11.006504802946418,2.080545319696049,-0.78996974,0.6410550577800934,1.4394902619159555,0.3878850462432922
2023-11-07,398.89,2.446178034374141,2.056551016130104,-0.837699,0.6827788901676805,1.3737721259624238,0.3846301571476624
2023-11-08,397.537,1.0908880657480835,2.032439441700822,-0.8253969,0.7242854805131991,1.3081539611876227,0.3812589767576996
2023-11-09,397.703,1.254634480409459,2.008225778505143,-0.81958956,0.7655583839205756,1.2426673945845672,0.3777733681439616
2023-11-10,400.853,4.402416861699267,1.9839247089321903,-0.8303929,0.8065811288599596,1.177343580072231,0.37417522886977
2023-11-11,400.049,3.5962347929584864,1.9595503967610817,-0.85820997,0.8473372243739145,1.112213172387167,0.370466489180405
2023-11-12,400.918,4.463087857528151,1.93511646892786,-0.851004,0.8878101674514779,1.047306301476382,0.3666491101807694
2023-11-13,400.381,3.923975638749219,1.9106359979896483,-0.91366476,0.927983450565262,0.9826525474243863,0.3627250820036763
2023-11-14,398.596,2.1368977199628443,1.8861214853134396,-0.9771671,0.9678405693663802,0.9182809159470592,0.3586964219709283
2023-11-15,404.383,7.921853684509928,1.8615848450162025,-0.9875534,1.0073650305318045,0.8542198144843978,0.3545651727493633
2023-11-16,399.92,3.4568431157316653,1.837037388682308,-1.0215569,1.046540359758498,0.7904970289238098,0.3503334005040364
2023-11-17,396.911,0.4458655969688575,1.8124898108832768,-1.003172,1.0853501098983962,0.7271397009848806,0.3460031930507138
2023-11-18,405.471,9.003920711562651,1.7879521755242629,-1.2564206,1.1237778692280982,0.6641743062961645,0.3415766580098426
2023-11-19,398.794,2.3250080428540323,1.763433903040544,-1.4441518,1.1618072698469146,0.6016266331936295,0.3370559209641641
2023-11-20,397.459,0.9881271741840868,1.7389437584666343,-1.4142727,1.19942199619662,0.5395217622700146,0.3324431236221209
2023-11-21,394.31,-2.162722311106166,1.7144898403994029,-1.4008687,1.2366057936961827,0.4778840467032201,0.3277404219891991
2023-11-22,396.402,-0.0725020744835173,1.6900795708758816,-1.3813465,1.2733424774843605,0.4167370933915211,0.3229499845493319
2023-11-23,400.71,4.2337939437983065,1.665719686185166,-1.3552046,1.309615941263039,0.3561037449221269,0.3180739904584791
2023-11-24,399.43,2.9520757571583918,1.641416228632929,-1.3153788,1.3454101662338458,0.2960060623990832,0.3131146277524655
2023-11-25,402.291,5.811303790058324,1.6171745392759849,-1.2743337,1.380709230120461,0.2364653091555235,0.3080740915711509
2023-11-26,399.17,2.688567118813768,1.5929992516430107,-1.2344793,1.4154973162689153,0.1775019353740954,0.3029545824009756
2023-11-27,400.291,3.8078097662720674,1.5688942864567357,-1.198952,1.449758722817894,0.1191355636388413,0.2977583043378916
2023-11-28,398.906,2.421007029376427,1.544862847371409,-1.1665566,1.4834778719310289,0.0613849754403801,0.2924874633726691
2023-11-29,404.038,7.551064764415245,1.5209074177383843,-1.1455731,1.5166393190829022,0.0042680986554821,0.2871442657005332
2023-11-30,402.541,6.051521421339801,1.4970297584112835,-1.210263,1.5492277623905013,-0.0521980039792178,0.2817309160570407
2023-12-01,396.554,0.0620376262317056,1.4732309066011422,-1.3389051,1.581228051981524,-0.1079971453803818,0.2762496160820884
2023-12-02,400.39,3.8954964911177656,1.4495111757903458,-1.636065,1.6126251993911092,-0.1631140236007633,0.2707025627138837
2023-12-03,401.018,4.520997940279004,1.4258701567133354,-2.1109312,1.6434043869781327,-0.2175342302647973,0.2650919466146856
2023-12-04,402.713,6.213458082315249,1.4023067194102787,-2.1645818,1.673550977352423,-0.2712442579421443,0.2594199506300639
2023-12-05,401.127,4.624874666540386,1.378819016358952,-2.2063587,1.703050522803957,-0.324231506445005,0.2536887482833877
2023-12-06,401.183,4.678222164717421,1.355404486688489,-2.4445968,1.731888774725109,-0.3764842880366204,0.2479005023072013
2023-12-07,397.229,0.7216397248043317,1.3320598614774286,-2.719391,1.760051693016979,-0.4279918315395503,0.2420573632130992
2023-12-08,400.706,4.195927836204264,1.3087811701370575,-2.7025218,1.7875254554707287,-0.4787442853336709,0.2361614679016516
2023-12-09,396.619,0.1062047497420448,1.2855637478797224,-2.6860995,1.8142964671148545,-0.5287327192351319,0.2302149383138837
2023-12-10,395.369,-1.146705238251339,1.262402244270307,-2.7186878,1.8403513695192604,-0.5779491252489537,0.2242198801257531
2023-12-11,399.974,3.455718250116261,1.2392906328577833,-2.699515,1.8656770500470177,-0.6263864171892344,0.2181783814870108
2023-12-12,397.92,1.3992171478299762,1.2162222218821963,-2.6693125,1.8902606510446671,-0.6740384291624706,0.2120925118057686
2023-12-13,403.44,6.916703194394928,1.193189666051213,-2.6425698,1.9140895789619192,-0.7208999129107065,0.2059643205800393
2023-12-14,403.64,7.114279637643318,1.170184979378745,-2.6094596,1.937151513391654,-0.7669665340129088,0.1997958362774493
2023-12-15,403.238,6.7098854666693,1.1471995490769509,-2.565418,1.9594344160210944,-0.8122348669441439,0.193589065264252
2023-12-16,404.1950000000001,7.664503034613999,1.1242241504913226,-2.516906,1.9809265394851343,-0.8567023889938117,0.1873459907847181
2023-12-17,400.143,3.61017715024795,1.1012489630673163,-2.5090146,2.0016164361127813,-0.9003674730454649,0.1810685719918943
2023-12-18,401.0580000000001,4.522841871139303,1.0782635873353812,-2.6720312,2.021492966557805,-0.943229379222424,0.1747587430306657
2023-12-19,404.329,7.791589229816016,1.0552570629001052,-3.0643024,2.0405453083046696,-0.9852882454045644,0.1684184121739768
2023-12-20,403.308,6.768075421804281,1.032217887417521,-3.2175698,2.058762964040982,-1.026545076623461,0.1620494610130043
2023-12-21,397.729,1.186592807298576,1.0091340365434651,-3.179214,2.076135769887755,-1.0670017333442898,0.1556537437019887
2023-12-22,393.803,-2.741992637790756,0.9859929848343462,-3.1771538,2.092653903478836,-1.10666091864449,0.1492330862583741
2023-12-23,396.609,0.0615795459512097,0.9627817275803796,-3.1569793,2.108307891881088,-1.1455261643007084,0.1427892859188153
2023-12-24,399.583,3.033149007153729,0.9394868035501164,-3.1453846,2.1230886193468623,-1.183601815796746,0.1363241105515464
2023-12-25,398.289,1.7367120343155498,0.9160943186234874,-3.1593764,2.136987334890597,-1.2208930162671097,0.129839298125528
2023-12-26,395.533,-1.0217128468041214,0.8925899702896006,-3.1673918,2.1499956596814065,-1.2574056893918055,0.1233365562367051
2023-12-27,394.012,-2.544969768485536,0.8689590729839828,-3.3720374,2.162105594243726,-1.2931465212597435,0.1168175616916434
2023-12-28,398.972,2.4129279990243804,0.8451865842388305,-3.4044616,2.1733095254582424,-1.3281229412194118,0.1102839601487234
2023-12-29,394.253,-2.308090029738279,0.8212571316185978,-3.5520196,2.1836002333554667,-1.3623431017368688,0.1037373658169987
2023-12-30,397.235,0.6720463345225506,0.797155040411888,-3.6701949,2.1929708976945523,-1.3958158572826642,0.097179361212748
2023-12-31,397.889,1.3240566404169574,0.7728643620496533,-3.619893,2.2014151043200894,-1.4285507422704362,0.0906114969736691
