date,gps_raw_up_mm,gps_detrended_mm,gps_seasonal_mm,hydl_original_up_mm,hydl_seasonal_mm,gps_minus_hydl_mm,poroelastic_mm
2021-01-01,0.985,-9.998739368162603,-0.5286780678088926,-2.3912318,0.8605461713834154,-1.389224239192308,-0.0441744644211223
2021-01-02,1.603,-9.343798565023093,-0.6248099466201952,-2.4717627,0.9082941002033396,-1.5331040468235346,-0.0510704381612415
2021-01-03,22.531,11.621197648012611,-0.72127145524177,-2.5417895,0.9558391244312856,-1.6771105796730557,-0.0579683689381428
2021-01-04,8.572,-2.3012655657324217,-0.8179790706259338,-2.8723595,1.0031615678945316,-1.8211406385204651,-0.0648658949866219
2021-01-05,-3.806,-14.643192796581149,-0.914848532298435,-2.868971,1.0502417791565983,-1.965090311455033,-0.0717606469352824
2021-01-06,-0.207,-11.00828738583522,-1.0117949389655738,-2.953833,1.09706014301261,-2.1088550819781835,-0.0786502489211831
2021-01-07,-6.178,-16.943250305333166,-1.1087328461183947,-2.9294834,1.1435970919876084,-2.252329938106003,-0.0855323197068498
2021-01-08,16.471,5.74151069256925,-1.2055763645156334,-3.0208836,1.1898331178281734,-2.3954094823438066,-0.0924044737987488
2021-01-09,6.327,-4.367240820497077,-1.302239259426102,-2.9789557,1.2357487829776628,-2.5379880424037644,-0.0992643225663473
2021-01-10,6.57,-4.089006303588903,-1.3986350505100331,-2.9849584,1.2813247320255314,-2.6799597825355645,-0.1061094753608867
2021-01-11,6.316999999999999,-4.307202338616454,-1.494677112218065,-2.968315,1.3265417031210949,-2.82121881533916,-0.1129375406329917
2021-01-12,-6.049,-16.638572718462903,-1.5902787745857452,-3.0760946,1.3713805393422358,-2.961659313927981,-0.1197461270482671
2021-01-13,5.971,-4.584417178035096,-1.6853534243008752,-3.2079694,1.415822200009568,-3.101175624310443,-0.1265328446000224
2021-01-14,9.069,-1.4527413626802748,-1.779814605920626,-3.1495438,1.4598477719366696,-3.239662377857296,-0.1332953057182936
2021-01-15,-1.831,-12.319350903279332,-1.8735761231148127,-3.1189616,1.503438480607027,-3.37701460372184,-0.1400311263743278
2021-01-16,3.314,-7.141509278367835,-1.966552139811926,-3.0645626,1.5465757012684662,-3.513127841080392,-0.1467379271797212
2021-01-17,5.919,-4.503117027144073,-2.0586572811241743,-3.0157008,1.5892409699359171,-3.647898251060092,-0.1534133344794027
2021-01-18,1.665,-8.723970808024559,-2.149806733928146,-2.9593205,1.6314159942934363,-3.781222728221583,-0.1600549814376848
2021-01-19,8.958,-1.3971158154933183,-2.2399163469779584,-2.9230192,1.6730826644866097,-3.912999011464568,-0.1666605091165957
2021-01-20,7.505999999999999,-2.8149061705182064,-2.328902730428178,-2.877502,1.7142230637964726,-4.04312579422465,-0.1732275675457525
2021-01-21,9.182,-1.1050710819885126,-2.4166833546444053,-2.8436913,1.7548194791862934,-4.171502833830699,-0.1797538167830201
2021-01-22,19.635,9.381361088170618,-2.503176648180204,-2.8560839,1.7948544117126852,-4.298031059892889,-0.1862369279652437
2021-01-23,14.689,4.468083622036209,-2.5883020947999014,-2.833976,1.8343105867926413,-4.422612681592543,-0.1926745843483462
2021-01-24,12.033,1.8449321314295213,-2.6719803294279183,-2.8597271,1.8731709643182857,-4.545151293746204,-0.1990644823361073
2021-01-25,12.488,2.3322373758176056,-2.754133232906317,-2.9187756,1.911418748611237,-4.665551981517554,-0.2054043324969519
2021-01-26,9.934,-0.1896669149426948,-2.83468402544379,-2.9456398,1.949037398208736,-4.783721423652526,-0.2116918605681139
2021-01-27,-0.248,-10.339998188506408,-2.9135573586407006,-3.4643862,1.9860106354737943,-4.899567994114495,-0.2179248084465371
2021-01-28,7.516,-2.5449394636822174,-2.990679405976303,-3.7381992,2.022322456021856,-5.013001861998159,-0.2241009351659181
2021-01-29,6.357,-3.6733752845543375,-3.065977951646248,-3.791064,2.0579571379566373,-5.123935089602885,-0.2302180178593074
2021-01-30,5.031,-4.9684020017836446,-3.139382477640252,-3.7981582,2.092899250908035,-5.232281728548287,-0.2362738527067062
2021-01-31,1.185,-8.78386111583914,-3.210824248951741,-3.885637,2.127133664865179,-5.33795791381692,-0.2422662558671257
2021-02-01,15.465,5.526429502133434,-3.280236396813749,-3.9894977,2.1606455587979414,-5.44088195561169,-0.2481930643945954
2021-02-02,0.219,-9.689791078565175,-3.347553999857263,-4.1725864,2.193420429060415,-5.540974428917679,-0.2540521371376266
2021-02-03,5.78,-4.099569592726176,-3.4127141630910174,-4.22494,2.225444097570143,-5.638158260661161,-0.2598413556216708
2021-02-04,3.521,-6.329793188991438,-3.475656094603925,-4.16974,2.2567027197570626,-5.732358814360987,-0.2655586249141288
2021-02-05,12.165,2.345306948218184,-3.536321179894335,-4.1221013,2.287182792276417,-5.823503972170752,-0.2712018744714936
2021-02-06,1.7440000000000002,-8.045227608999543,-3.59465305373282,-4.0669365,2.316871160480088,-5.911524214212907,-0.2767690589682369
2021-02-07,7.657999999999999,-2.101011492342103,-3.650597669468288,-4.0115085,2.345755025641093,-5.996352695109381,-0.2822581591070738
2021-02-08,3.76,-5.969330228352304,-3.7041033656901514,-3.9449131,2.373821951926233,-6.077925317616383,-0.2876671824102568
2021-02-09,2.139,-7.561333770584051,-3.75512093016244,-3.872665,2.40105987311212,-6.15618080327456,-0.2929941639915986
2021-02-10,6.133,-3.5389049303162903,-3.803603660948849,-3.8083138,2.427457099040062,-6.231060759988911,-0.298237167308917
2021-02-11,7.983,-1.6603890174542588,-3.849507424651327,-3.9321446,2.4530023218056374,-6.302509746456964,-0.3033942848966461
2021-02-12,-11.312,-20.9271744084013,-3.892790711687905,-4.038356,2.4776846216789394,-6.370475333366844,-0.308463639078378
2021-02-13,-14.426,-24.012826967483875,-3.933414688539172,-4.22748,2.5014934727518385,-6.434908161291011,-0.3134433826591125
2021-02-14,6.590000000000001,-2.9689801340968938,-3.9713432468964047,-4.2337894,2.5244187483088223,-6.495761995205227,-0.3183316995970348
2021-02-15,-21.201,-30.73275111790435,-4.0065430496480055,-4.337643,2.54645072591831,-6.552993775566316,-0.3231268056546574
2021-02-16,-2.617,-12.121966848862838,-4.038983573644607,-4.305905,2.5675800922415566,-6.606563665886164,-0.32782694902919
2021-02-17,0.546,-8.932864109295624,-4.068637149187241,-4.2517414,2.587797947556601,-6.6564350967438415,-0.3324304109620207
2021-02-18,-1.174,-10.627255246383385,-4.0954789961866185,-4.225405,2.607095809994942,-6.702574806181561,-0.3369355063272339
2021-02-19,1.701,-7.727411910514512,-4.119487256945819,-4.305772,2.6254656194889647,-6.744952876434784,-0.3413405841990928
2021-02-20,-1.654,-11.057445692760163,-4.140643025522487,-4.3768606,2.6428997414283573,-6.783542766950845,-0.3456440283984555
2021-02-21,-3.53,-12.909256181308374,-4.158930373630909,-4.353991,2.6593909700241376,-6.818321343655047,-0.3498442580181088
2021-02-22,2.651,-6.704538151778973,-4.174336373048345,-4.3273606,2.6749325313790724,-6.849268904427418,-0.3539397279270364
2021-02-23,-5.486000000000001,-14.818301306116798,-4.186851114494347,-4.2795663,2.68951808626368,-6.876369200758028,-0.3579289292536524
2021-02-24,1.088,-8.221106599478272,-4.196467722955847,-4.217712,2.703141732597209,-6.8996094555530565,-0.3618103898480587
2021-02-25,5.48,-3.8066708123206654,-4.203182369435183,-4.1798725,2.715798007633276,-6.918980377068459,-0.3655826747234127
2021-02-26,0.752,-8.5122987824829,-4.206994279102541,-4.153822,2.7274818898501976,-6.934476168952738,-0.3692443864764986
2021-02-27,19.829,10.586510034650129,-4.207905735838504,-4.1023965,2.7381888005462147,-6.946094536384718,-0.372794165687643
2021-02-28,2.611,-6.611050372895134,-4.2059220831568815,-4.0557837,2.747914605140217,-6.953836688297098,-0.3762306913001023
2021-03-01,-5.339,-14.540826574110197,-4.2010517215022425,-3.9914289,2.756655614178725,-6.957707335680968,-0.3795526809791135
2021-03-02,9.315,0.1327669229842829,-4.193306101921014,-3.922605,2.764408584050273,-6.957714685971286,-0.3827588914507666
2021-03-03,12.604,3.4412297361183875,-4.182699716109327,-3.8563378,2.7711707174085185,-6.953870433517846,-0.3858481188209355
2021-03-04,9.875,0.7308271088300415,-4.169250082845254,-3.7954216,2.776939663305729,-6.946189746150983,-0.3888191988744744
2021-03-05,12.244,3.117771113001284,-4.152977730817316,-3.775736,2.7817135170385505,-6.934691247855866,-0.3916710073549309
2021-03-06,-21.209,-30.317759756765483,-4.133906177865589,-3.9245098,2.785490819708161,-6.919396997573751,-0.3944024602250364
2021-03-07,-3.725,-12.817214483474352,-4.112061906656108,-3.8665679,2.7882705574973072,-6.900332464153415,-0.3970125139082572
2021-03-08,4.255,-4.821056516915572,-4.087474336813447,-3.8432975,2.7900521606668045,-6.877526497480251,-0.3995001655116952
2021-03-09,1.463,-7.596855651526306,-4.060175793540789,-3.886253,2.790835502274478,-6.851011295815267,-0.4018644530306547
2021-03-10,4.054,-4.990363984655394,-4.030201472760951,-3.98931,2.7906208966196444,-6.820822369380595,-0.4041044555351978
2021-03-11,-8.615,-17.644776296299888,-3.997589402816157,-3.956634,2.7894090974165744,-6.78699850023273,-0.4062192933390299
2021-03-12,1.901,-7.114688017895331,-3.96238040276837,-3.8996067,2.7872012957005343,-6.749581698468904,-0.4082081281510654
2021-03-13,-1.727,-10.72773724924309,-3.924618037346329,-3.8622215,2.7839991174702807,-6.70861715481661,-0.41007016321004
2021-03-14,2.932,-6.054690099937192,-3.884348568589324,-3.9665136,2.7798046210710377,-6.664153189660361,-0.4118046434025512
2021-03-15,-9.236,-18.209308741765348,-3.8416209042418816,-4.0572057,2.7746202943223133,-6.616241198564195,-0.4134108553649002
2021-03-16,2.199,-6.760938695710729,-3.79648654295742,-4.0047274,2.768449051394977,-6.564935594352398,-0.4148881275691496
2021-03-17,1.704,-7.242789282146525,-3.74899951637294,-3.9538207,2.761294229442372,-6.510293745815312,-0.416235830393791
2021-03-18,7.058,-1.8760566901447149,-3.699216328120416,-4.0467553,2.753159584990282,-6.452375913110698,-0.4174533761794369
2021-03-19,9.429,0.5076290882442862,-3.647195889844562,-4.0890903,2.744049290090901,-6.391245179935464,-0.4185402192699687
2021-03-20,2.697,-6.212102743603087,-3.5929994543000845,-4.0684214,2.733967928246037,-6.326967382546122,-0.4194958560395515
2021-03-21,1.299,-7.59887340811826,-3.53669054560525,-4.002483,2.722920490104971,-6.259611035710221,-0.4203198249059633
2021-03-22,2.766,-6.121102117277733,-3.478334886732031,-3.9809394,2.7109123689426395,-6.189247255674671,-0.4210117063306689
2021-03-23,-5.354,-14.231231239227297,-3.418000324316424,-3.9448645,2.697949355923828,-6.115949680240251,-0.4215711228060813
2021-03-24,12.218,3.3497106992547216,-3.3557567508759525,-3.916212,2.684037635159332,-6.039794386035284,-0.4219977388304516
2021-03-25,5.135,-3.724179043496932,-3.2916760245245102,-3.899132,2.669183778560173,-5.960859803084683,-0.4222912608708393
2021-03-26,5.729,-3.120688305101515,-3.225831886277676,-3.8477964,2.6533947404959908,-5.879226626773667,-0.4224514373146014
2021-03-27,3.006,-5.835283370255665,-3.1582998750447646,-3.7861211,2.6366778522639884,-5.794977727308753,-0.4224780584098561
2021-03-28,-1.399,-10.232901067344384,-3.089157240406686,-3.742574,2.61904081637486,-5.708198056781546,-0.4223709561953544
2021-03-29,9.689,0.8621098636230027,-3.0184828532813675,-3.6868773,2.600491700662241,-5.618974553943609,-0.4221300044202197
2021-03-30,7.630999999999999,-1.1891131509501245,-2.9463571145811795,-3.612645,2.581038932222352,-5.527396046803531,-0.4217551184539828
2021-03-31,20.709000000000003,11.89501406106054,-2.87286186196934,-3.544669,2.560691291190553,-5.4335531531598935,-0.4212462551873568
2021-04-01,5.806,-3.003349742054576,-2.798080274824537,-3.472608,2.5394579043616865,-5.337538179186224,-0.420603412924187
2021-04-02,17.298000000000002,8.4925304923689,-2.7220967775253317,-3.3957083,2.517348238661077,-5.239445016186409,-0.4198266312649995
2021-04-03,5.812,-2.990673595937677,-2.6449969411680385,-3.3339891,2.494372094473176,-5.139369035641215,-0.4189159909825758
2021-04-04,0.634,-8.166468680507966,-2.566867383833678,-3.2658336,2.470539598834906,-5.037406982668584,-0.4178716138899669
2021-04-05,-3.0500000000000003,-11.848707406222216,-2.487795669521495,-3.206756,2.445861198500766,-4.933656868022261,-0.4166936627013559
2021-04-06,-2.554,-11.351601295441256,-2.407870205868204,-3.151888,2.4203476528868446,-4.828217858755048,-0.4153823408861709
2021-04-07,11.513,2.71586196179206,-2.327180140773725,-3.1241987,2.3940100269008866,-4.721190167674612,-0.4139378925168339
2021-04-08,-0.618,-9.415493860596802,-2.2458152580555657,-3.0973482,2.3668596836656177,-4.612674941721183,-0.4123606021105354
2021-04-09,-4.483,-13.2812436189988,-2.1638658722552053,-3.0616882,2.338908277142516,-4.502774149397721,-0.4106507944653957
2021-04-10,-9.228,-18.0274965427472,-2.0814227227211326,-3.0241923,2.3101677446632367,-4.391590467384369,-0.4088088344913807
2021-04-11,-1.578,-10.378231911411852,-1.998576867093936,-2.9649563,2.280650299375915,-4.279227166469851,-0.4068351270363141
2021-04-12,13.559,4.759784209564845,-1.915419574319929,-2.9144034,2.250368422613517,-4.165787996933446,-0.4047301167073219
2021-04-13,10.943,2.143828439582709,-1.832042217320195,-2.872147,2.2193348561914483,-4.0513770735116434,-0.4024942876880343
2021-04-14,5.655,-3.144876879621899,-1.7485361654427172,-2.8422287,2.1875625946415544,-3.936098760084272,-0.4001281635518486
2021-04-15,3.744,-5.057493627409929,-1.664992676825383,-2.8001533,2.155064877389617,-3.820057554215,-0.3976323070715455
2021-04-16,11.44,2.636449003389055,-1.5815027907981485,-2.748065,2.1218551808834576,-3.703357971681606,-0.3950073200255461
2021-04-17,9.478,0.6712701330140227,-1.4981572204524054,-2.6810868,2.087947210678636,-3.586104431131041,-0.3922538430010612
2021-04-18,8.422,-0.3888488522995299,-1.4150462455057888,-2.6149158,2.0533548934887125,-3.4684011389945013,-0.3893725551943859
2021-04-19,9.59,0.7738632076147418,-1.332259605590234,-2.5534313,2.0180923692069914,-3.350351974797225,-0.3863641742085722
2021-04-20,-4.721,-13.542895556876696,-1.2498863940907483,-2.510476,1.9821739829065304,-3.232060376997279,-0.3832294558486894
2021-04-21,13.899,5.070895291643778,-1.1680149526618815,-2.457084,1.9456142768251825,-3.1136292294870644,-0.3799691939148705
2021-04-22,15.978,7.14315688549509,-1.0867327665481334,-2.4118757,1.9084279823423225,-2.995160748890456,-0.3765842199933225
2021-04-23,14.935,6.092177377643397,-1.0061263608335596,-2.3624187,1.870630011953753,-2.8767563727873124,-0.3730754032454667
2021-04-24,0.641,-8.210670433257778,-0.9262811977451628,-2.3737278,1.832235451251331,-2.758516648996494,-0.3694436501953433
2021-04-25,9.687,0.8256310586368247,-0.8472815751331285,-2.4957943,1.7932595509135585,-2.640541126046687,-0.3656899045154149
2021-04-26,0.7060000000000001,-8.165936743423769,-0.7692105262499798,-2.4854085,1.753717718713414,-2.522928244963394,-0.361815146810864
2021-04-27,10.601,1.7176011165764962,-0.692149720949031,-2.4310918,1.7136255115494872,-2.4057752324985184,-0.3578203944024835
2021-04-28,0.7060000000000001,-8.18846264588098,-0.6161793684211759,-2.38367,1.6729986275064097,-2.2891779959275853,-0.3537067011082145
2021-04-29,15.68,6.774311690685506,-0.5413781215870941,-2.3370745,1.631852897950368,-2.1732310195374622,-0.3494751570233926
2021-04-30,-5.346,-14.263907156119393,-0.467822983260288,-2.293565,1.5902042796654263,-2.0580272629257146,-0.3451268882997235
2021-05-01,-2.212,-11.142340894522508,-0.395589214194141,-2.2682745,1.548068847036166,-1.9436580612303072,-0.3406630569230019
2021-05-02,-1.879,-10.822479281417756,-0.3247502431242515,-2.2210653,1.50546278428203,-1.8302130274062816,-0.3360848604895641
2021-05-03,6.365,-2.591504130249658,-0.2553775789149306,-2.1677969,1.4624023777486177,-1.717779956663548,-0.3313935319814434
2021-05-04,13.409,4.439509699026903,-0.187540724916244,-2.1117003,1.418904008260954,-1.6064447331771978,-0.3265903395401841
2021-05-05,9.386,0.4025755953934737,-0.1213070956356485,-2.0385625,1.3749841435436772,-1.4962912391793255,-0.3216765862392461
2021-05-06,2.6940000000000004,-6.303769862782387,-0.0567419358253956,-1.9723519,1.3306593307128058,-1.3874012665382016,-0.3166536098549106
2021-05-07,-6.898,-15.910598371214697,0.0060917579157026,-1.9226842,1.2859461888436827,-1.27985443092798,-0.3115227826355856
2021-05-08,4.1370000000000005,-4.891378260724229,0.0671333129306392,-1.8804272,1.2408614016194477,-1.1737280886888082,-0.3062855110693891
2021-05-09,1.929,-7.115778573178654,0.1263244535901665,-1.8428594,1.1954217100641895,-1.069097256474023,-0.3009432356498651
2021-05-10,-2.339,-11.400812864805497,0.1836093715867655,-1.7944317,1.1496439053648178,-0.9660345337780524,-0.2954974306396722
2021-05-11,13.186,4.107530711157146,0.2389347933505926,-1.7437413,1.103544821785429,-0.864610028434836,-0.2899496038320672
2021-05-12,2.067,-7.029155075672007,0.2922500445044543,-1.6869934,1.057141329677789,-0.7648912851733346,-0.2843012963099944
2021-05-13,12.395,3.2802642507849,0.3435071112784352,-1.6222773,1.0104503285913464,-0.6669432173129113,-0.2785540822025562
2021-05-14,11.512,2.3781708387838947,0.3926606988083125,-1.5634544,0.9634887404859964,-0.5708280416776839,-0.2727095684386494
2021-05-15,19.389,10.235620340627818,0.4396682862454821,-1.5252159,0.9162735030506196,-0.4766052168051374,-0.2667693944975093
2021-05-16,4.63,-4.543998818859338,0.4844901786099304,-1.4914104,0.8688215631302191,-0.3843313845202887,-0.2607352321559128
2021-05-17,10.767,1.5714453757390974,0.5270895553215204,-1.4582511,0.821149870264247,-0.2940603149427266,-0.2546087852317518
2021-05-18,4.744,-4.474103107613132,0.5674325153487573,-1.4452455,0.7732753703385749,-0.2058428549898175,-0.2483917893236978
2021-05-19,11.11,1.8685776447134064,0.605488118918126,-1.4190966,0.7252149993533031,-0.1197268804351771,-0.2420860115466434
2021-05-20,-10.369,-19.634493067431254,0.6412284257312634,-1.4157599,0.6769856773083986,-0.0357572515771352,-0.2356932502626066
2021-05-21,-1.378,-10.66838003622045,0.6746285296410628,-1.4178313,0.6286043022089933,0.0460242274320694,-0.2292153348067654
2021-05-22,-9.896,-19.21171440823592,0.7056665897422255,-1.3952533,0.5800877441919269,0.1255788455502986,-0.2226541252082813
2021-05-23,7.851,-1.4908578589337989,0.7343238578358219,-1.3691297,0.5314528397749348,0.202871018060887,-0.2160115119055499
2021-05-24,-7.83,-17.198888329367897,0.7605847022317058,-1.347458,0.482716386229675,0.2778683160020308,-0.2092894154555205
2021-05-25,1.7440000000000002,-7.652909928615488,0.7844366278569829,-1.3217883,0.4338951360795816,0.3505414917774012,-0.2024897862367042
2021-05-26,-8.446,-17.870585397608977,0.8058702926430149,-1.266925,0.385005791723353,0.4208645009196619,-0.1956146041454861
2021-05-27,5.634,-3.818312538552302,0.8248795201678449,-1.2451034,0.3360650001846397,0.4888145199832052,-0.1886658782853454
2021-05-28,5.086,-4.394980920480956,0.8414613085353757,-1.2164502,0.2870893479883576,0.5543719605470181,-0.1816456466485882
2021-05-29,-2.214,-11.723069885048895,0.8556158354769448,-1.1752338,0.2380953561638142,0.6175204793131305,-0.174555975790176
2021-05-30,16.648,7.110518783367354,0.8673464596655733,-1.131327,0.1890994753746586,0.6782469842909147,-0.1673989604932403
2021-05-31,-0.318,-9.884886027876329,0.8766597182374237,-1.0873622,0.1401180811754878,0.7365416370619359,-0.1601767234258674
2021-06-01,14.429,4.832313574976705,0.8835653205196701,-1.0428709,0.0911674693947205,0.7923978511249495,-0.1528914147887189
2021-06-02,10.28,0.6530878660603481,0.8880761379683186,-1.011928,0.042263851643223,0.8458122863250956,-0.1455452119530698
2021-06-03,11.581,1.9238456954937764,0.8902081903240797,-0.96647716,-0.0065766490520799,0.8967848393761597,-0.1381403190888319
2021-06-04,-2.998,-12.686270531841672,0.889980627998769,-0.92190385,-0.0553380024904679,0.9453186304892368,-0.1306789667821304
2021-06-05,10.496,0.7771774716403925,0.8874157107093359,-0.8946204,-0.1040042754166799,0.991419986126016,-0.1231634116419997
2021-06-06,7.172000000000001,-2.577759125786825,0.8825387823807974,-0.87024635,-0.1525596355183723,1.0350984178991698,-0.115595935895774
2021-06-07,-0.004,-9.784475993172707,0.8753782423441054,-0.84777856,-0.2009883553032143,1.0763665976473198,-0.1079788469727359
2021-06-08,1.867,-7.94390303566483,0.8659655128589665,-0.8098423,-0.2492748158571535,1.11524032871612,-0.1003144770755974
2021-06-09,1.976,-7.8654646372329,0.8543350029964266,-0.78067636,-0.2974035104856036,1.1517385134820302,-0.0926051827393883
2021-06-10,2.433,-7.439502030693312,0.8405240689198863,-0.77171165,-0.345359048239394,1.1858831171592803,-0.084853344377335
2021-06-11,18.333,8.428882992162034,0.8245729706079661,-0.7738866,-0.3931261573275185,1.2176991279354843,-0.07706136581331
2021-06-12,6.443,-3.493624508241778,0.8065248250663458,-0.7827129,-0.4406896884188027,1.247214513485149,-0.0692316738004483
2021-06-13,-4.265,-14.235042118794622,0.7864255560803676,-0.75979483,-0.4880346178347951,1.2744601739151626,-0.0613667175255233
2021-06-14,-0.261,-10.26538011634964,0.7643238405639469,-0.7350977,-0.5351460506362843,1.2994698912002312,-0.0534689680986946
2021-06-15,-2.4450000000000003,-12.484652273343851,0.740271051564533,-0.6911267,-0.5820092236059495,1.3222802751704823,-0.0455409180282409
2021-06-16,3.103,-6.972502774809403,0.7143211979877947,-0.6403132,-0.6286095081298221,1.3429307061176168,-0.0375850806799055
2021-06-17,-7.915999999999999,-18.02830363873996,0.6865308611097207,-0.58729786,-0.6749324129802812,1.361463274090002,-0.029603989720489
2021-06-18,-5.181,-15.330712975627328,0.6569591279473921,-0.54045504,-0.7209635870034391,1.3779227149508313,-0.0216001985453411
2021-06-19,1.407,-8.780779589700591,0.6256675215637576,-0.5062013,-0.7666888217138751,1.3923563432776327,-0.0135762796894148
2021-06-20,10.599,0.3729636848078108,0.5927199283851263,-0.47964346,-0.8120940537997411,1.4048139821848675,-0.0055348242215546
2021-06-21,13.241,2.976097892540606,0.5581825226138274,-0.4526195,-0.857165367541356,1.4153478901551837,0.0025215588782837
2021-06-22,15.319,5.014785305333739,0.5221236878218835,-0.42369354,-0.901888997146498,1.4240126849683814,0.010590243359179
2021-06-23,16.310000000000002,5.9655689118523725,0.4846139358148739,-0.38771948,-0.9462513290056191,1.4308652648204931,0.0186685863570302
2021-06-24,10.802,0.4164791267923995,0.4457258228586169,-0.3648581,-0.9902389038703392,1.435964726728956,0.0267539290702407
2021-06-25,5.221,-5.205716634997362,0.4055338633642072,-0.34399524,-1.0338384189585674,1.4393722823227746,0.0348435974535419
2021-06-26,20.25,9.781637107135374,0.364114441130141,-0.32388753,-1.0770367299896866,1.4411511711198275,0.0429349029301742
2021-06-27,7.953,-2.5578823385210683,0.3215457182432484,-0.2985763,-1.1198208531532343,1.441366571396483,0.051025143122627
2021-06-28,14.053,3.499257161773538,0.2779075417428422,-0.26861167,-1.1621779670146215,1.440085508757464,0.0591116026021192
2021-06-29,1.407,-9.190458367289828,0.2332813481551605,-0.24087165,-1.2040954143613327,1.4373767625164933,0.0671915536569745
2021-06-30,1.093,-9.548808032271204,0.187750066008021,-0.21420132,-1.2455607039932086,1.4333107700012295,0.0752622570800269
2021-07-01,13.402,2.7158938570535938,0.1413980164376484,-0.19155434,-1.2865615124603136,1.427959528897962,0.0833209629751696
2021-07-02,12.409999999999998,1.6788080191708818,0.0943108120023126,-0.1706959,-1.327085685751946,1.4213964977542586,0.0913649115831346
2021-07-03,22.191,11.41405711055383,0.0465752538193132,-0.14770828,-1.3671212409403248,1.4136964947596382,0.0993913341265651
2021-07-04,24.083,13.259655375666735,-0.0017207728558735,-0.12065892,-1.4066563677825017,1.404935594926628,0.1073974536744177
2021-07-05,8.491,-2.379552319336092,-0.0504884044877965,-0.101582594,-1.445679430283981,1.3951910257961846,0.1153804860257104
2021-07-06,17.093,6.175228478103108,-0.0996379064341134,-0.09825881,-1.4841789682275472,1.3845410617934335,0.123337640612595
2021-07-07,15.332,4.366391241812833,-0.1490787813096392,-0.08566554,-1.522143698670761,1.3730649173611218,0.1312661214227179
2021-07-08,22.748,11.73391676045246,-0.1987198784158831,-0.05489497,-1.559562517415504,1.360842638999621,0.1391631279408
2021-07-09,23.836,12.772654353843228,-0.2484695041092511,-0.016290588,-1.5964245004529651,1.347954996343714,0.1470258561093285
2021-07-10,-0.376,-11.489388519246743,-0.2982355329799819,0.004702867,-1.632718905387362,1.33448337240738,0.1548514993082511
2021-07-11,14.086,2.9218330025775057,-0.3479255197128182,0.023568673,-1.668435172841647,1.320509653128829,0.1626372493535027
2021-07-12,18.831,7.615187890214337,-0.3974468114994725,0.052308533,-1.7035629278483888,1.3061161163489163,0.1703802975141888
2021-07-13,22.681,11.41199863570923,-0.4467066608723876,0.09418891,-1.7380919812289075,1.29138532035652,0.1780778355482086
2021-07-14,18.55,7.227016181287203,-0.4956123388284536,0.12680168,-1.7720123309637437,1.27639999213529,0.1857270567560772
2021-07-15,11.694,0.3162927380720024,-0.5440712481112441,0.15073554,-1.805314163557329,1.2612429154460854,0.1933251570526662
2021-07-16,3.687,-7.74655127241887,-0.5919910365197568,0.16899551,-1.837987855399772,1.2459968188800148,0.2008693360565684
2021-07-17,17.22,5.730163837267286,-0.6392797101117274,0.1830448,-1.8700239741284583,1.2307442640167312,0.2083567981967418
2021-07-18,29.027,17.480113819461515,-0.6858457461695846,0.21425298,-1.9014132799921344,1.21556753382255,0.215784753836076
2021-07-19,13.325,1.720261144292099,-0.7315982057972467,0.23163256,-1.9321467272200092,1.2005485214227627,0.2231504204114783
2021-07-20,4.577,-7.086295856763913,-0.7764468460163582,0.24144493,-1.962215465398265,1.185768619381907,0.2304510235900559
2021-07-21,0.443,-11.278388591887593,-0.8203022312311121,0.25719896,-1.991610840856304,1.171308609625192,0.2376837984409354
2021-07-22,4.793,-6.987196950255703,-0.8630758439313096,0.2679985,-2.020324398064893,1.1572485541335835,0.2448459906222318
2021-07-23,10.175,-1.6642650839209896,-0.904680194504349,0.28146052,-2.0483478810482225,1.1436676865438735,0.2519348575826464
2021-07-24,18.373,6.474467009540442,-0.9450289300275246,0.2957998,-2.07567323481182,1.1306443047842951,0.2589476697771454
2021-07-25,17.079,5.12062172047081,-0.9840369419133356,0.31782085,-2.1022926067880787,1.1182556648747433,0.2658817118961379
2021-07-26,10.451,-1.5676346601611169,-1.0216204722817142,0.33136734,-2.1281983483009674,1.1065778760192533,0.2727342841075447
2021-07-27,1.756,-10.322870620205826,-1.0576972189343734,0.3565951,-2.1533830160514964,1.095685797117123,0.2795027033111145
2021-07-28,18.107000000000003,5.967514903578726,-1.0921864388082043,0.38256788,-2.1778393736251545,1.08565293481695,0.2861843044043245
2021-07-29,22.371,10.170227747587568,-1.1250090497862344,0.4065531,-2.2015603930225547,1.0765513432363203,0.2927764415591587
2021-07-30,13.14,0.877293750085645,-1.1560877307464907,0.4262298,-2.224539256214276,1.068451525467785,0.299276489509042
2021-07-31,-1.22,-13.54513365779917,-1.1853470197311748,0.43469623,-2.2467693567207463,1.0614223369895714,0.3056818448451724
2021-08-01,16.955000000000002,4.567140666294808,-1.2127134101205777,0.45070577,-2.268244301217848,1.05553089109727,0.3119899273214691
2021-08-02,11.994,-0.4572282976387321,-1.2381154446985017,0.45722497,-2.288957911168782,1.0508424664702805,0.3181981811673217
2021-08-03,12.998,0.4828691990947433,-1.2614838074982362,0.4710059,-2.308904224482515,1.047420416984279,0.3243040764073103
2021-08-04,9.95,-2.6286607542339238,-1.282751413320772,0.48569506,-2.328077497199013,1.0453260838782414,0.3303051101870232
2021-08-05,4.505,-8.136346417479709,-1.3018534948194245,0.49772602,-2.3464722052012674,1.0446187103818432,0.3361988081040918
2021-08-06,12.611,-0.0934488171480811,-1.3187276870480236,0.49748576,-2.3640830459539184,1.0453553589058948,0.3419827255435242
2021-08-07,9.871,-2.8968581531050184,-1.333314109372416,0.49425918,-2.3809049402681937,1.0475908308957778,0.3476544490164029
2021-08-08,23.135,10.303784556213037,-1.3455554446482985,0.4981698,-2.3969330340926023,1.0513775894443038,0.3532115975009783
2021-08-09,22.774,9.878550236815416,-1.3553970155713584,0.5025344,-2.412162700328716,1.0567656847573574,0.3586518237851872
2021-08-10,9.509,-3.45132697486344,-1.362786858108994,0.5020923,-2.4265895406711757,1.0638026825621814,0.3639728158095816
2021-08-11,4.23,-8.795606675330603,-1.3676757919261522,0.51976216,-2.440209387470893,1.0725335955447404,0.3691722980096431
2021-08-12,10.829,-2.2625053131790445,-1.3700174877213105,0.54899967,-2.453018305620216,1.0830008178989057,0.3742480326564449
2021-08-13,15.977000000000002,2.81898504561439,-1.3697685313921644,0.5779657,-2.465012594458696,1.0952440630665314,0.3791978211945931
2021-08-14,19.928,6.703489064626989,-1.3668884849541458,0.60319173,-2.4761887896978814,1.1093003047437355,0.3840195055763623
2021-08-15,4.152,-9.139849772567478,-1.3613399441386609,0.6097771,-2.486543665363435,1.1252037212247743,0.3887109695909368
2021-08-16,4.599,-8.760565344199462,-1.3530885926017662,0.6261134,-2.496074235752633,1.1429856431508674,0.3932701401876374
2021-08-17,3.011,-10.416874634441175,-1.342103252677752,0.629963,-2.504777757405245,1.162674504727493,0.3976949887920109
2021-08-18,10.503,-2.993548646395105,-1.3283559326162648,0.6329329,-2.5126517310854872,1.1842957984692224,0.4019835326136335
2021-08-19,14.386,0.8202868996529116,-1.3118218702454003,0.62402785,-2.5196939037727373,1.207872033527337,0.406133835944487
2021-08-20,26.491,12.855537053619056,-1.2924795730074996,0.609766,-2.5259022706583827,1.233422697650883,0.4101440114467343
2021-08-21,19.217,5.51118801769146,-1.2703108543183763,0.61030555,-2.5312750771461467,1.2609642228277702,0.4140122214287248
2021-08-22,20.241,6.464313022450572,-1.245300866205037,0.6160778,-2.535810820853002,1.290509954647965,0.4177366791080496
2021-08-23,18.218,4.369888037153299,-1.2174381281811577,0.6356419,-2.5395082536076607,1.322070125426503,0.4213156498604531
2021-08-24,5.809,-8.111078252154542,-1.186714552323929,0.66449755,-2.542366383443486,1.3556518311195571,0.4247474524534109
2021-08-25,9.004,-4.988533925471892,-1.1531254645201914,0.7060512,-2.544384476582526,1.3912590120623345,0.4280304602631756
2021-08-26,4.244000000000001,-9.82145875886092,-1.1166696218542402,0.7242436,-2.5455620594072155,1.4288924375529752,0.4311631024740786
2021-08-27,-0.916,-15.054896799541597,-1.077349226114093,0.7341225,-2.545898920416195,1.468549694302102,0.4341438652589018
2021-08-28,6.468,-7.74442425279126,-1.0351699333974078,0.741966,-2.545395112160528,1.5102251787631198,0.4369712929390974
2021-08-29,9.122,-5.163827528734688,-0.9901408598027944,0.7496764,-2.544050953156498,1.5539100933537038,0.439643989123663
2021-08-30,18.383,4.02376539557455,-0.942274583196708,0.7619607,-2.5418670297710637,1.5995924465743554,0.4421606178254658
2021-08-31,-0.575,-15.005761529027104,-0.8915871410506303,0.76071393,-2.5388441980758807,1.6472570570252505,0.4445199045538268
2021-09-01,10.069,-4.433263179169176,-0.8380980243477588,0.7435036,-2.5349835856657794,1.6968855613180205,0.4467206373821589
2021-09-02,5.881,-8.692141719608218,-0.7818301675629218,0.73520017,-2.5302865934373995,1.7484564258744777,0.4487616679894942
2021-09-03,20.207,5.5632797883793685,-0.7228099347239392,0.75115436,-2.52475489732366,1.8019449625997208,0.4506419126747015
2021-09-04,4.0,-10.714592834643652,-0.6610671015672069,0.75903094,-2.518390449979606,1.8573233484123992,0.4523603533422445
2021-09-05,-0.829,-15.614621912048731,-0.5966348338046352,0.7642032,-2.511195482415132,1.914560648610497,0.4539160384583149
2021-09-06,9.601,-5.25567689915059,-0.529549661523677,0.7851315,-2.503172505569971,1.973622844046294,0.4553080839761989
2021-09-07,10.934,-3.993650510901375,-0.4598514497465321,0.80753917,-2.494324311826305,2.0344728620797734,0.4565356742297478
2021-09-08,16.711,1.7118927896138878,-0.3875833651790294,0.82815534,-2.484653976454266,2.0970706112752366,0.4575980627938386
2021-09-09,4.609,-10.461749187566522,-0.3127918391840469,0.84996134,-2.4741648589855854,2.1613730198015384,0.4584945733107251
2021-09-10,-2.999,-18.14163009005637,-0.2355265270187642,0.8122583,-2.462860604510536,2.227334077491772,0.4592246002811991
2021-09-11,11.695,-3.5195738738707547,-0.1558402633791094,0.8219357,-2.450745144893348,2.2949048815142383,0.4597876098195073
2021-09-12,11.818,-3.4688493008772685,-0.0737890142992235,0.84068245,-2.437822699901218,2.3640336856019943,0.4601831403709781
2021-09-13,11.149,-4.2105388649524045,0.0105681745421646,0.85152394,-2.4240977782419817,2.4346659527841465,0.460410803391345
2021-09-14,4.375,-11.057610915600144,0.0971692330525045,0.8532594,-2.40957517850557,2.5067444115580746,0.4604702839867755
2021-09-15,15.938,0.4319544010177036,0.1859491254332246,0.86630785,-2.394259990004313,2.5802091154375377,0.4603613415136352
2021-09-16,13.053,-2.5266107556747555,0.2768399123004771,0.8827678,-2.378157593507176,2.654997505807653,0.460083810137047
2021-09-17,6.411,-9.242250462131436,0.3697708161509832,0.88560194,-2.36127366186302,2.731044478014003,0.4596375993473326
2021-09-18,12.066,-3.6608159349402793,0.4646682901010823,0.75002146,-2.343614160508023,2.8082824506091053,0.4590226944334548
2021-09-19,8.677000000000001,-7.123804291703569,0.561456089823584,0.6749227,-2.3251853478523574,2.8866414376759413,0.458239156912601
2021-09-20,10.111,-5.7638267821102165,0.6600553486031508,0.6813225,-2.3059937755413715,2.966049124144522,0.4572871249150942
2021-09-21,15.808,-0.1415743770807154,0.7603846554275118,0.6902081,-2.2860462885864274,3.046430944013939,0.4561668135238344
2021-09-22,8.929,-7.09571533955519,0.8623601360283433,0.7114551,-2.265350025360719,3.1277101613890625,0.454878515067522
2021-09-23,12.814,-3.2862394232633028,0.965895536782184,0.7362144,-2.243912417455409,3.209807954237593,0.4534225993669437
2021-09-24,19.035,2.8589390519823867,1.0709023113785976,0.75078374,-2.221741189391444,3.2926435007700414,0.4517995139336318
2021-09-25,-2.864,-19.11624159901188,1.1772897101595656,0.7779888,-2.198844358182618,3.376134068342184,0.4500097841202603
2021-09-26,14.742,-1.5863983481044084,1.2849648720311466,0.7825487,-2.1752302327453714,3.460195104776518,0.4480540132221654
2021-09-27,-1.483,-17.88751379416886,1.393832918845368,0.70662665,-2.15090741315105,3.544740331996418,0.4459328825294219
2021-09-28,12.198,-4.282730496395519,1.5037970521476292,0.6709283,-2.125884789716385,3.6296818418640138,0.4436471513289594
2021-09-29,13.941,-2.6159764051851653,1.6147586521822108,0.67100245,-2.1001715419280687,3.71493019411028,0.4411976568562195
2021-09-30,3.49,-13.143542380825329,1.7266173790457653,0.6445865,-2.073777137197429,3.8003945162431942,0.4385853141959256
2021-10-01,5.997,-10.712801427117084,1.839271275876481,0.6402904,-2.0467113294413517,3.885982605317833,0.4358111161315532
2021-10-02,5.764,-11.022002687630302,1.9526168739640315,0.63824636,-2.0189841574856944,3.971601031449726,0.4328761329431622
2021-10-03,6.067,-10.795194920435122,2.066549299663519,0.6626491,-1.9906059432876333,4.057155242951152,0.4297815121532665
2021-10-04,13.638000000000002,-3.2987690842650528,2.180962382994333,0.6930517,-1.9615872899734528,4.142549672967786,0.4265284782204865
2021-10-05,14.904,-2.1069813668120174,2.2957487678031714,0.7103069,-1.9319390796885672,4.2276878474917385,0.4231183321807677
2021-10-06,13.718,-3.3671042333482823,2.410800023368518,0.7196961,-1.9016724712566009,4.312472494625118,0.41955245123599
2021-10-07,7.734999999999999,-9.424165262536308,2.5260067573224165,0.72687274,-1.870798897644626,4.396805654967043,0.4158322882898511
2021-10-08,8.406,-8.826535386480467,2.641258729763817,0.6941732,-1.83933006323178,4.480588792995597,0.4119593714309486
2021-10-09,5.38,-11.925406852485708,2.7564449684363947,0.6842824,-1.8072779408786817,4.563722909315077,0.4079353033630338
2021-10-10,16.742,-0.6358094325291379,2.871453884842764,0.6882911,-1.7746547687953136,4.646108653638077,0.4037617607824652
2021-10-11,9.316,8.887016266270496,2.986173391165694,0.6781867,-1.7414730472051152,4.727646438370809,0.3994404937029324
2021-10-12,25.471,24.969583147705837,3.1004910178662968,0.6482883,-1.707745534803409,4.8082365526697055,0.3949733247275758
2021-10-13,18.924,18.34979367648843,3.2142940318283104,0.59436464,-1.6734852450083202,4.88777927683663,0.390362148268676
2021-10-14,16.257,15.609852054034778,3.3274695549169517,0.5876415,-1.6387054420026983,4.96617499691965,0.3856089297151372
2021-10-15,23.667,22.94676977103604,3.4399046828205813,0.60022146,-1.6034196365657096,5.043324319386291,0.3807157045480407
2021-10-16,26.255,25.46155831818337,3.551486604042934,0.6146687,-1.5676415816930245,5.119128185735958,0.3756845774045933
2021-10-17,27.737,26.870229186167983,3.6621027189136486,0.55443627,-1.5313852680047295,5.193487986918378,0.370517721090844
2021-10-18,32.048,31.107793865681003,3.771640758484886,0.51019347,-1.4946649189403856,5.266305677425272,0.3652173755436101
2021-10-19,15.734000000000002,14.72026384741362,3.879988903181864,0.536487,-1.45749498574082,5.3374838889226845,0.3597858467420681
2021-10-20,12.272,11.184650622056996,3.987035901075637,0.35859254,-1.4198901422165833,5.406926043292221,0.3542255055695605
2021-10-21,6.75,5.588965680302308,4.092671185646807,0.23565485,-1.3818652793031725,5.474536464949979,0.3485387866261843
2021-10-22,18.772,17.53740801539944,4.196784992909528,-0.2566022,-1.34343549940341,5.540220492312939,0.342728186992797
2021-10-23,25.665,24.35679643585215,4.299268477765913,-0.39886418,-1.304616110517647,5.60388458828356,0.3367962649471141
2021-10-24,9.188,7.806142460889506,4.400013829461942,-1.6076951,-1.2654226201626768,5.665436449624619,0.3307456386326329
2021-10-25,18.529,17.07345760974058,4.498914386017055,-2.0994782,-1.2258707290805602,5.724785115097615,0.3245789846811576
2021-10-26,18.04,16.51075340163443,4.595864747500622,-2.1840463,-1.1859763247387736,5.781841072239396,0.3182990367897521
2021-10-27,7.407,5.803853853241427,4.690760888030263,-2.2333865,-1.1457554746234335,5.836516362653697,0.3119085842529959
2021-10-28,33.987,32.31015066853676,4.783500266368011,-2.231251,-1.1052244193275282,5.888724685695539,0.305410470451465
2021-10-29,32.814,31.063462656024168,4.873981934992424,-2.2243621,-1.064399565436464,5.938381500428887,0.2988075912974119
2021-10-30,28.312,26.48711979407297,4.9621066475261655,-2.2147114,-1.0232974782134212,5.985404125739587,0.2921028936386527
2021-10-31,17.946,16.046796622639942,5.04777696440074,-2.1806011,-0.981934874087337,6.029711838488078,0.2852993736217267
2021-11-01,36.089000000000006,34.115504560027006,5.130897356642053,-2.3458862,-0.9403286129465774,6.07122596958863,0.2784000750154354
2021-11-02,16.04,13.992067521977344,5.211374307662603,-2.3231204,-0.8984956902416799,6.109869997904283,0.2714080874959082
2021-11-03,23.828,21.705549722611163,5.2891164129485695,-2.2936983,-0.8564532289007514,6.14556964184932,0.2643265448943887
2021-11-04,11.673,9.476106302325954,5.3640344775323685,-2.4724581,-0.8142184710614617,6.17825294859383,0.2571586234089734
2021-11-05,9.339,7.0677486295950365,5.436041611143893,-2.4790103,-0.7718087696237645,6.207850380767658,0.2499075397815839
2021-11-06,11.675,9.329627959260865,5.505053320936377,-2.4787958,-0.7292415796278244,6.234294900564201,0.2425765494414817
2021-11-07,17.822999999999997,15.403611909163248,5.570987601685556,-2.431282,-0.686534449461819,6.257522051147375,0.2351689446166822
2021-11-08,16.325,13.831571982697064,5.633765023363781,-2.3818736,-0.6437050119046395,6.27747003526842,0.2276880524146589
2021-11-09,11.99,9.422663320259815,5.6933088159937375,-2.7197347,-0.6007709750086783,6.294079791002416,0.2201372328737693
2021-11-10,18.803,16.161897290324813,5.749544951689624,-2.6847992,-0.5577501128282523,6.307295064517876,0.2125198769868556
2021-11-11,7.776,5.060997594997855,5.802402223796802,-2.6743264,-0.514660255999385,6.317062479796188,0.2048394046985291
2021-11-12,19.017,16.228558882072008,5.85181232304437,-2.6803465,-0.4715192821769796,6.323331605221349,0.1970992628776581
2021-11-13,10.697,7.835009196917975,5.897709910628435,-2.6394765,-0.4283451063356307,6.326055016964066,0.1893029232666215
2021-11-14,4.172000000000001,1.2365387637725729,5.940032688147563,-2.6298215,-0.3851556709406092,6.325188359088172,0.1814538804089212
2021-11-15,2.101,-0.9077211101482764,5.97872146431529,-2.62745,-0.3419689359957223,6.320690400311013,0.1735556495567656
2021-11-16,19.45,16.368240882075444,6.013720218378464,-2.5932052,-0.2988028689750855,6.31252308735355,0.16561176456027
2021-11-17,11.531,8.376113635403792,6.044976160173827,-2.5414293,-0.2556754346459755,6.3006515948198025,0.1576257757399462
2021-11-18,14.287,11.059239775124492,6.072439786759247,-2.5069275,-0.2126045847902385,6.2850443715494855,0.1496012477441666
2021-11-19,18.39,15.089191673259185,6.096064935559757,-2.5674849,-0.1696082478318744,6.265673183391631,0.1415417573933256
2021-11-20,9.862,6.488329741566247,6.115808833972664,-2.5160747,-0.126704318378698,6.2425131523513615,0.1334508915124244
2021-11-21,5.494,2.0477451279018686,6.131632145380053,-2.4802153,-0.0839106466861326,6.215542792066185,0.1253322447538356
2021-11-22,10.62,7.1014490132797645,6.143499011521,-2.443943,-0.0412450280514034,6.184744039572403,0.1171894174120191
2021-11-23,15.22,11.628620019203805,6.151377091180037,-2.413475,0.0012748078533999,6.150102283326637,0.1090260132319687
2021-11-24,18.01,14.34607926229782,6.1552375951526965,-2.365292,0.0436312077007393,6.111606387451957,0.1008456372131873
2021-11-25,2.903,-0.8333186894076752,6.155055317452916,-2.3603737,0.0858066052707301,6.069248712182185,0.0926518934110065
2021-11-26,19.306,15.49759803442189,6.150808662731729,-2.3467436,0.1277835322489326,6.023025130482796,0.0844483827370587
2021-11-27,13.203,9.322723460818906,6.142479669880722,-2.3222744,0.169544629049662,5.97293504083106,0.0762387007607325
2021-11-28,12.361,8.407541032213937,6.130054031798056,-2.3147933,0.2110726556555954,5.918981376142461,0.0680264355134464
2021-11-29,9.355,5.3286986621991295,6.113521111299442,-2.2700214,0.2523505024641604,5.861170608835281,0.0598151652975722
2021-11-30,11.476,7.377824748363205,6.092873953160503,-2.2385876,0.2933612011312259,5.799512752029276,0.0516084565018446
2021-12-01,15.873,11.703267975646105,6.068109292281611,-2.2148888,0.3340879354023455,5.734021356879266,0.0434098614251069
2021-12-02,12.738,8.497065858147149,6.039227557970472,-2.1681733,0.3745140519218214,5.664713506048651,0.0352229161102083
2021-12-03,6.455,2.1432292553467125,6.006232874342231,-2.1166365,0.4146230710096529,5.591609803332578,0.0270511381899122
2021-12-04,19.36,14.977886033597738,5.969133056841219,-2.0743535,0.4543986973964086,5.514734359444811,0.0188980247466194
2021-12-05,11.742,7.289573978954174,5.927939604892771,-2.0279498,0.4938248309059624,5.434114773986808,0.0107670501877456
2021-12-06,2.011,-2.511352784864496,5.882667690697971,-2.0101988,0.5328855770759663,5.349782113622005,0.002661664138548
2021-12-07,5.73,1.137887142622243,5.8333361441885225,-2.014198,0.5715652577058407,5.261770886482682,-0.0054147106457823
2021-12-08,17.768,13.106376761431164,5.779967434163103,-2.0033765,0.6098484213221044,5.170119012840998,-0.0134586803469896
2021-12-09,13.864,9.132730431819828,5.722587645631082,-2.0530412,0.6477198535507276,5.074867792080354,-0.021466882127803
2021-12-10,7.934,3.1334611102007948,5.6612264533934535,-2.0533879,0.6851645873862333,4.97606186600722,-0.0294359861514133
2021-12-11,23.98,19.11053285955676,5.5959170918952745,-2.110643,0.7221679133472341,4.8737491785480405,-0.0373626975746417
2021-12-12,22.218,17.279910133116353,5.526696321387877,-2.473691,0.7587153895081162,4.767980931879761,-0.0452437585130818
2021-12-13,24.404,19.397562836318706,5.453604390443331,-2.945338,0.7947928513965501,4.6588115390467815,-0.0530759499765225
2021-12-14,15.872,10.797658261748854,5.376684994867655,-3.2358236,0.8303864217465631,4.546298573121092,-0.06085609377298
2021-12-15,28.285,23.143189939430908,5.295985233063266,-3.5313497,0.8654825200969465,4.43050271296632,-0.0685810543796971
2021-12-16,5.904000000000001,0.6943053779139112,5.211555557895066,-3.8046672,0.9000678722247989,4.311487685670267,-0.0762477407794924
2021-12-17,7.964,2.68681548088148,5.123449725118516,-3.756399,0.9341295194040512,4.189320205714465,-0.0838531082608728
2021-12-18,12.791,7.44676651225317,5.031724738431663,-3.73954,0.967654827478962,4.064069910952701,-0.0913941601803504
2021-12-19,6.625,1.2134959671214218,4.936440791217031,-3.7235463,1.000631495742546,3.9358092954744848,-0.09886794968545
2021-12-20,8.666,3.187644090569872,4.837661205042668,-3.6951504,1.0330475656100913,3.804613639432577,-0.1062715813969072
2021-12-21,22.413,16.868974562791394,4.735452364995418,-3.7121322,1.0648914290779716,3.670560935917447,-0.1136022130486144
2021-12-22,2.472,-3.138179115405512,4.629883651922759,-3.8471985,1.0961518369581047,3.5337318149646544,-0.1208570570838959
2021-12-23,19.955,14.2792130903583,4.521027371663051,-4.3001313,1.126817906878512,3.394209464784539,-0.1280333822067388
2021-12-24,32.88399999999999,27.143161478470105,4.4089586813471895,-4.504553,1.1568791310406228,3.2520795503065667,-0.1351285148866405
2021-12-25,11.569,5.762969446801296,4.293755512857931,-4.8003635,1.1863253837240768,3.107430129133854,-0.1421398408157931
2021-12-26,-7.662999999999999,-13.533909993668171,4.175498493536145,-4.9713907,1.2151469285299548,2.9603515650061905,-0.1490648063173436
2021-12-27,-5.613,-11.547450722759663,4.054270864226236,-5.1979737,1.2433344253535863,2.81093643887265,-0.1559009197035319
2021-12-28,6.424,0.426115766427979,3.930158394755789,-5.1894574,1.2708789370782034,2.6592794576775862,-0.162645752582554
2021-12-29,26.731,20.670282009546387,3.803249296947307,-5.2866964,1.2977719359809854,2.5054773609663217,-0.1692969411130367
2021-12-30,6.3870000000000005,0.2640581994317046,3.6736341352624033,-5.258857,1.3240053098431894,2.349628825419214,-0.175852187205065
2021-12-31,-1.368,-7.552334311179262,3.5414057351813897,-5.248098,1.349571367756325,2.1918343674250647,-0.1823092596667561
2022-01-01,14.236,7.990288973501186,3.406659089423572,-5.2245555,1.3744628456165529,2.032196243807019,-0.188665995295419
2022-01-02,20.704,14.396904187386337,3.269491262115705,-5.177027,1.398672911299759,1.8708183508159464,-0.1949202999123959
2022-01-03,6.196,-0.1719436252685044,3.130001291018389,-5.374757,1.422195169509925,1.707806121508464,-0.2010701493407331
2022-01-04,12.821000000000002,6.393050300654595,2.988290087921876,-5.5217805,1.4450236662938425,1.5432664216280334,-0.2071135903248844
2022-01-05,15.096,8.60867837116526,2.844460337324963,-5.548698,1.467152893215312,1.377307444109651,-0.2130487413917044
2022-01-06,22.559,16.012508207883474,2.6986163935120038,-5.568219,1.4885777911823923,1.2100386023296108,-0.2188737936520473
2022-01-07,12.3,5.694364621161944,2.550864176145012,-5.654047,1.5092937539215237,1.0415704222234885,-0.2245870115423445
2022-01-08,20.399,13.734380429172928,2.4013110644889464,-5.578935,1.529296631092601,0.8720144333963453,-0.2301867335055854
2022-01-09,16.26,9.53682364985612,2.2500657903898604,-5.5212283,1.5485827310394942,0.7014830593503663,-0.2356713726111954
2022-01-10,11.063,4.281297904652527,2.0972383301265665,-5.459023,1.5671488231707178,0.5300895069558487,-0.2410394171133531
2022-01-11,15.782,8.942047230703567,1.942939795257576,-5.413886,1.5849921399654094,0.3579476552921663,-0.2462894309473605
2022-01-12,4.8500000000000005,-2.0478657363348307,1.7872823225860297,-5.3613153,1.6021103785999848,0.1851719439860448,-0.2514200541637253
2022-01-13,12.6,5.644851576710713,1.630378963365839,-5.314865,1.6185017021913373,0.0118772611745017,-0.2564300032996928
2022-01-14,6.942,-0.0697944645691226,1.4723435718731728,-5.26285,1.6341647406526452,-0.1618211687794724,-0.2613180716880041
2022-01-15,-0.483,-7.551003132019798,1.313290693467639,-5.2060847,1.649098591158369,-0.3358078976907304,-0.2660831297027454
2022-01-16,13.982,6.858485534178205,1.153335452267901,-5.153889,1.6633028182152645,-0.5099673659473636,-0.2707241249421912
2022-01-17,-3.422,-10.601512761514336,0.9925934385666256,-5.103046,1.6767774533367017,-0.6841840147700758,-0.2752400823486134
2022-01-18,10.692,3.4569764768741145,0.8311805961097158,-5.047224,1.6895229943179328,-0.858342398208217,-0.2796301042651013
2022-01-19,7.131,-0.1597491635936946,0.6692131093645705,-4.995398,1.7015404041103233,-1.032327294745753,-0.2838933704294814
2022-01-20,-1.844,-9.190271979480976,0.5068072909019187,-4.977714,1.7128311092929844,-1.2060238183910656,-0.2880291379054998
2022-01-21,-3.511,-10.91236394358905,0.3440794690153194,-4.9288254,1.7233969981406472,-1.379317529125328,-0.2920367409514854
2022-01-22,-5.44,-12.895763366782155,0.1811458757018769,-4.864738,1.7332404182870005,-1.5520945425851234,-0.2959155908267858
2022-01-23,3.541,-3.968404006785173,0.0181225351270433,-4.8067207,1.7423641739831215,-1.7242416388560782,-0.2996651755363025
2022-01-24,14.496,6.933817397274972,-0.1448748473045481,-4.7587147,1.7507715229510898,-1.8956463702556376,-0.3032850595135481
2022-01-25,13.687,6.072602516431443,-0.3077309951511143,-4.700673,1.7584661728332105,-2.0661971679843245,-0.3067748832426809
2022-01-26,15.012,7.346058621476302,-0.4703311702887977,-4.6316795,1.765452277237779,-2.2357834475265768,-0.310134362820043
2022-01-27,6.912,-0.8048106168680199,-0.6325612813010462,-4.5590625,1.7717344313826608,-2.404295712683707,-0.313363289455789
2022-01-28,10.058,2.29104314050644,-0.7943079907851408,-4.4937153,1.7773176673384443,-2.571625658123585,-0.316461528916254
2022-01-29,1.898,-5.918468574442073,-0.9554588214600468,-4.4280787,1.7822074488733084,-2.737666270333355,-0.3194290209077521
2022-01-30,9.825,1.9593620679244192,-1.1159022609615767,-4.3874326,1.7864096659021946,-2.902311926863772,-0.3222657784025777
2022-01-31,11.784,3.8698886227963953,-1.2755278652125397,-4.3719444,1.789930628543274,-3.0654584937558136,-0.3249718869080181
2022-02-01,1.632,-6.330214149629508,-1.4342263602575436,-4.3253045,1.7927770607851778,-3.2270034210427214,-0.3275475036792594
2022-02-02,9.95,1.9404510865299376,-1.5918897424540603,-4.303436,1.7949560937688125,-3.386845836222873,-0.3299928568771048
2022-02-03,-6.014,-14.070129916691831,-1.7484113769136245,-4.291186,1.7964752586880484,-3.5448866356016726,-0.3323082446714957
2022-02-04,-2.4610000000000003,-10.562929897440412,-1.9036860940892089,-4.272311,1.7973424793140065,-3.701028573403215,-0.3344940342918674
2022-02-05,11.263,3.1140168420615915,-2.0576102844073616,-4.227859,1.7975660641480449,-3.8551763485554074,-0.3365506610254306
2022-02-06,10.238,2.0426314187263728,-2.2100819908459868,-4.1680484,1.797154698209,-4.007236689054986,-0.3384786271645145
2022-02-07,-3.785,-12.02723670218336,-2.361000999361526,-4.119763,1.7961174344606377,-4.157118433822164,-0.3402785009041624
2022-02-08,0.032,-8.256470921157582,-2.510268927071759,-4.075029,1.7944636848856896,-4.304732611957449,-0.3419509151912186
2022-02-09,12.542,4.208051141136989,-2.657789308103526,-4.0383654,1.7922032112132376,-4.449992519316764,-0.343496566526186
2022-02-10,6.087000000000001,-2.2920392116079302,-2.803467677017322,-4.000587,1.7893461153066483,-4.5928137923239705,-0.3449162137191938
2022-02-11,11.322,2.899022249729624,-2.947211649724089,-3.955368,1.7859028292196288,-4.733114478943718,-0.3462106766014367
2022-02-12,12.921,4.454606773045038,-3.088931001812265,-3.8986905,1.7818841049283838,-4.870815106740649,-0.3473808346935212
2022-02-13,0.629,-7.881158723276004,-3.228537744206676,-3.8412845,1.777301003748213,-5.005838747954889,-0.3484276258321583
2022-02-14,14.931,6.377645282309687,-3.3659461960839336,-3.809634,1.7721648854433354,-5.138111081527269,-0.3493520447567213
2022-02-15,-1.248,-9.84390665023908,-3.501073054972532,-3.7865837,1.76648739703902,-5.267560452011551,-0.3501551416571872
2022-02-16,0.2779999999999999,-8.35991541225426,-3.6338374639691486,-3.750945,1.7602804613455283,-5.394117925314677,-0.3508380206850538
2022-02-17,14.902,6.222811397387274,-3.764161076006266,-3.7274191,1.753556265203714,-5.51771734120998,-0.3514018384288253
2022-02-18,-3.663,-12.382956246875803,-3.891968115109796,-3.6806965,1.7463272474624638,-5.63829536257226,-0.3518478023557181
2022-02-19,18.662000000000003,9.902091082486349,-4.017185434589034,-3.6373718,1.738606086698544,-5.755791521287578,-0.3521771692212617
2022-02-20,3.798,-5.001995557527189,-4.13974257210501,-3.6077616,1.7304056886897077,-5.870148260794718,-0.3523912434484866
2022-02-21,0.994,-7.845294117305936,-4.259571801566998,-3.6105947,1.7217391736522687,-5.981310975219267,-0.3524913754784427
2022-02-22,14.121,5.2429930858318095,-4.376608181810881,-3.6410825,1.7126198632546714,-6.0892280450655525,-0.3524789600937947
2022-02-23,17.94,9.02401163877721,-4.490789602016861,-3.6282318,1.703061267418845,-6.193850869435706,-0.3523554347172852
2022-02-24,2.377,-6.576571415920682,-4.602056823827848,-3.5902297,1.6930770709214995,-6.295133894749347,-0.3521222776868571
2022-02-25,10.034,1.0436363158454045,-4.710353520134008,-3.5492182,1.6826811198077196,-6.393034639941728,-0.3517810065092669
2022-02-26,4.765000000000001,-4.262354530830317,-4.815626310492627,-3.5098162,1.671887407629552,-6.487513718122179,-0.3513331760940237
2022-02-27,13.825,4.761219330707968,-4.917824793156798,-3.5044968,1.6607100615225197,-6.578534854679318,-0.350780376969518
2022-02-28,11.089,1.9893001623909197,-5.016901573690101,-3.5197458,1.6491633281331968,-6.666064901823297,-0.3501242334832009
2022-03-01,5.697,-3.4384561356228494,-5.112812290148791,-3.510273,1.637261559411319,-6.75007384956011,-0.3493664019877081
2022-03-02,12.229,3.058382020439804,-5.205515634816898,-3.4839725,1.625019198280024,-6.830534833096921,-0.3485085690148118
2022-03-03,19.127,9.921238928017644,-5.294973372483707,-3.5077887,1.6124507641980643,-6.907424136681772,-0.3475524494391118
2022-03-04,6.680000000000001,-2.560367857271828,-5.381150355257234,-3.4908564,1.599570838628055,-6.980721193885289,-0.3464997846333599
2022-03-05,11.545,2.2708672588902465,-5.464014533911311,-3.4881847,1.586394050424958,-7.050408584336269,-0.345352340617344
2022-03-06,-2.967,-12.274768068617036,-5.543536965767989,-3.4457245,1.5729350611592072,-7.116472026927196,-0.3441119062022283
2022-03-07,-12.122000000000002,-21.46256800984662,-5.619691819120928,-3.398125,1.5592085503890016,-7.17890036950993,-0.3427802911322742
2022-03-08,10.608,1.2354745097289714,-5.692456374209623,-3.349975,1.545229200896464,-7.237685575106087,-0.3413593242258442
2022-03-09,13.799,4.3942730688096,-5.761811020758172,-3.3144422,1.5310116839024608,-7.292822704660633,-0.339850851517599
2022-03-10,19.040000000000003,9.603399843636376,-5.8277392520963724,-3.2720053,1.5165706442750049,-7.344309896371377,-0.3382567344037806
2022-03-11,3.894,-5.573692282371629,-5.890227655884815,-3.2253647,1.5019206857462408,-7.392148341631056,-0.336578847792478
2022-03-12,5.876,-3.622209558825899,-5.949265901469657,-3.186407,1.487076356153117,-7.436342257622774,-0.3348190782607475
2022-03-13,3.274,-6.255749090270552,-6.004846723896466,-3.2337236,1.4720521327168663,-7.476898856613331,-0.332979322220461
2022-03-14,5.872,-3.688592817588035,-6.0569659046166375,-3.1881692,1.456862407376535,-7.513828311993173,-0.3310614840947282
2022-03-15,-4.216,-13.806959953868851,-6.105622248923297,-3.3523996,1.441521472191733,-7.547143721115031,-0.3290674745067337
2022-03-16,23.927,14.306489770075585,-6.1508175601577095,-3.3068688,1.426043504829895,-7.576861064987605,-0.3269992084827945
2022-03-17,14.9,5.250070060208282,-6.19255661073062,-3.284161,1.41044255415327,-7.60299916488389,-0.324858603671449
2022-03-18,1.912,-7.766898641216464,-6.230847110006698,-3.243968,1.3947325259208654,-7.625579635927563,-0.3226475785803319
2022-03-19,15.051,5.34330475077128,-6.265699669103787,-3.287493,1.3789271686205422,-7.64462683772433,-0.3203680508325999
2022-03-20,-5.113,-14.849532007074863,-6.297127762662087,-3.2415185,1.3630400594463838,-7.660167822108471,-0.3180219354446186
2022-03-21,19.089,9.324410351759337,-6.3251476876418495,-3.21409,1.3470845904364257,-7.672232278078275,-0.315611143126605
2022-03-22,14.208,4.415330471505721,-6.3497785192114975,-3.2040713,1.331073954785742,-7.680852473997239,-0.3131375786078932
2022-03-23,2.832,-6.988128426171787,-6.371042063791295,-3.1653888,1.3150211333497333,-7.686063197141028,-0.3106031389884523
2022-03-24,8.251,-1.595940276374058,-6.388962809320863,-3.0948145,1.29893888135245,-7.687901690673313,-0.3080097121182475
2022-03-25,12.38,2.50604416623104,-6.403567872821923,-3.0155725,1.28283971531454,-7.686407588136463,-0.3053591750060183
2022-03-26,-4.83,-14.730995038277452,-6.4148869453306006,-2.9427295,1.266735900215327,-7.681622845545927,-0.3026533922589833
2022-03-27,14.773,4.845714208289071,-6.422952234276534,-2.8899786,1.2506394369033589,-7.673591671179892,-0.299894214554971
2022-03-28,12.249,2.29611264479006,-6.427798403388807,-3.006628,1.2345620497695382,-7.662360453158345,-0.2970834771484142
2022-03-29,19.373,9.394282251848876,-6.429462510211409,-2.9845965,1.2185151746968048,-7.647977684908214,-0.2942229984116106
2022-03-30,-7.199,-17.203200372558722,-6.42798394131346,-2.9634745,1.2025099473000822,-7.630493888613542,-0.2913145784126152
2022-03-31,7.603000000000001,-2.42590718604198,-6.4234043452819884,-2.9134371,1.1865571914700042,-7.609961536751992,-0.2883599975310743
2022-04-01,23.305,13.252167242798386,-6.415767563587344,-2.8512065,1.1706674082336608,-7.586434971821005,-0.2853610151132737
2022-04-02,0.5419999999999999,-9.534367185202358,-6.405119559413602,-2.7987792,1.154850764945366,-7.559970324358968,-0.2823193681676193
2022-04-03,6.428,-3.671116592023015,-6.391508344548442,-2.7584999,1.1391170848201686,-7.530625429368611,-0.2792367701017234
2022-04-04,12.843,2.721417677661231,-6.374983904428951,-2.8279033,1.1234758368225113,-7.498459741251462,-0.2761149095022224
2022-04-05,10.176,0.0321496427656162,-6.355598121441768,-2.8159077,1.1079361259221872,-7.463534247363955,-0.2729554489583906
2022-04-06,13.375,3.2085425961380483,-6.333404696577741,-2.768746,1.092506683729365,-7.425911380307106,-0.2697600239305751
2022-04-07,11.354,1.1654249230146467,-6.308459069542817,-2.7109768,1.0771958595201572,-7.385654929062974,-0.2665302416644125
2022-04-08,14.773,4.562164898587614,-6.280818337428524,-2.6668646,1.0620116116638498,-7.3428299490923745,-0.2632676801517407
2022-04-09,7.359,-2.8745697603443534,-6.250541172046763,-2.623409,1.0469614994625265,-7.297502671509289,-0.259973887139061
2022-04-10,27.818,17.563128445785573,-6.217687736034814,-2.5973978,1.0320526754134784,-7.249740411448292,-0.2566503791843489
2022-04-11,6.791,-3.4857750836524644,-6.182319597837737,-2.7700992,1.0172918779043711,-7.199611475742108,-0.2532986407629581
2022-04-12,6.411,-3.889775576982441,-6.144499645676176,-2.800259,1.0026854243507588,-7.147185070026935,-0.2499201234232995
2022-04-13,11.221,0.8967715561521836,-6.104292000608576,-2.85722,0.9882392047850928,-7.092531205393669,-0.246516244992923
2022-04-14,12.842,2.4943653194528475,-6.061761928797556,-3.144951,0.9739586759059868,-7.035720604703543,-0.2430883888355727
2022-04-15,13.869,3.498472997355838,-6.016975753090662,-3.1326017,0.959848855596029,-6.976824608686691,-0.2396379031597164
2022-04-16,-0.562,-10.955104342685646,-5.970000764026298,-3.4336145,0.945914317915983,-6.9159150819422806,-0.2361661003790038
2022-04-17,13.623,3.2080782543966078,-5.92090513037597,-3.3843615,0.93215918858277,-6.85306431895874,-0.2326742565250376
2022-04-18,2.093,-8.343213049307117,-5.869757809334144,-3.38588,0.9185871409381696,-6.788344950272314,-0.2291636107127863
2022-04-19,22.788,12.331257237637086,-5.816628456466989,-3.5035105,0.9052013924146494,-6.721829848881638,-0.2256353646589026
2022-04-20,7.88,-2.5967765456787664,-5.761587335531485,-3.5797307,0.8920047015042862,-6.653592037035772,-0.222090682253157
2022-04-21,10.228,-0.2684455887441057,-5.704705228275754,-3.7784185,0.8789993652362221,-6.5837045935119765,-0.2185306891831235
2022-04-22,9.902,-0.6138781314074473,-5.646053344331637,-3.7936192,0.8661872171675999,-6.512240561499237,-0.2149564726122078
2022-04-23,11.455,0.9203380956243056,-5.585703231309525,-3.7649028,0.8535696258924068,-6.439272857201932,-0.2113690809110332
2022-04-24,3.07,-7.483982915537192,-5.523726685205354,-3.703274,0.8411474940721045,-6.364874179277458,-0.2077695234421491
2022-04-25,5.51,-5.062720595453293,-5.460195661228534,-3.643923,0.8289212579914493,-6.289116919219984,-0.2041587703979588
2022-04-26,8.378,-2.2121986023998907,-5.395182185159047,-3.5811062,0.8168908876423163,-6.212073072801363,-0.200537752691707
2022-04-27,5.848,-4.759884998892005,-5.328758265340691,-3.5095396,0.8050558873378336,-6.133814152678525,-0.1969073619013057
2022-04-28,3.943000000000001,-6.682423960480012,-5.260995805416458,-3.4683778,0.7934152968585685,-6.054411102275027,-0.1932684502657161
2022-04-29,3.3310000000000004,-7.310700235362904,-5.191966517910826,-3.413618,0.7819676931319326,-5.973934211042758,-0.1896218307335467
2022-04-30,-1.018,-11.6754291919545,-5.1217418387622615,-3.416513,0.7707111924455143,-5.892453031207776,-0.1859682770634688
2022-05-01,4.8260000000000005,-5.846442143087141,-5.050392842907804,-3.3878458,0.7596434531943258,-5.81003629610213,-0.1823085239759875
2022-05-02,15.28,4.592864438930051,-4.977990161019999,-3.3964655,0.748761679161556,-5.726751840181556,-0.1786432673560553
2022-05-03,4.711,-5.991956908818492,-4.90460389749468,-3.3643558,0.73806262333173,-5.64266652082641,-0.1749731645059589
2022-05-04,6.01,-4.708328357396495,-4.830303549786276,-3.3072298,0.7275425922346828,-5.557846142020958,-0.1712988344478398
2022-05-05,2.338,-8.394297874306353,-4.755157929185384,-3.3192568,0.717197450818157,-5.472355380003541,-0.1676208582751762
2022-05-06,14.356,3.6104154106996695,-4.679235083131188,-3.3663816,0.7070226278462644,-5.3862577109774525,-0.1639397795524799
2022-05-07,3.473,-7.286208732424833,-4.60260221914926,-3.386215,0.6970131218204833,-5.299615340969743,-0.1602561047624164
2022-05-08,0.305,-10.467126949920845,-4.525325630502893,-3.4499876,0.6871635074193352,-5.212489137922228,-0.1565703037995088
2022-05-09,-8.426,-19.21033635033572,-4.447470623643759,-3.4905128,0.6774679424522326,-5.124938566095992,-0.1528828105095218
2022-05-10,5.636,-5.159834042216826,-4.3691014475452175,-3.4744513,0.6679201753225059,-5.037021622867723,-0.1491940232735869
2022-05-11,-4.552,-15.35966321541495,-4.290281224999042,-3.4212387,0.6585135529940276,-4.948794777993069,-0.1455043056360666
2022-05-12,0.108,-10.710803323296386,-4.211071885953507,-3.3973587,0.6492410294552612,-4.860312915408768,-0.1418139869751241
2022-05-13,7.391,-3.437433401453017,-4.131534102968343,-3.3790767,0.6400951746740757,-4.771629277642418,-0.1381233632148962
2022-05-14,10.488,-0.3498986718225438,-4.051727228858781,-3.3459165,0.6310681840360156,-4.682795412894797,-0.1344326975781511
2022-05-15,-10.744,-21.59191276907657,-3.9717092365983695,-3.2830048,0.6221518882582912,-4.5938611248566605,-0.130742221378239
2022-05-16,9.539,-1.318251103227289,-3.891536661547034,-3.2235665,0.6133377637711017,-4.504874425318135,-0.1270521348491244
2022-05-17,-4.223,-15.089651698721472,-3.811264546067755,-3.147045,0.6046169435574356,-4.415881489625191,-0.1233626080122358
2022-05-18,10.985,0.1096474378815255,-3.730946386592256,-3.085729,0.5959802284419484,-4.326926615034203,-0.1196737815788383
2022-05-19,0.0349999999999999,-10.849591931925229,-3.650634083192592,-3.0463786,0.5874180988189678,-4.23805218201156,-0.1159857678865846
2022-05-20,-13.924,-24.817107046335494,-3.5703778917126114,-2.996251,0.5789207268092308,-4.149298618521843,-0.1122986518688787
2022-05-21,-15.32,-26.220895602228573,-3.4902263785095102,-2.936531,0.5704779888343717,-4.060704367343882,-0.1086124920556447
2022-05-22,-3.189,-14.096955296483811,-3.4102263778527,-2.8696706,0.5620794785977429,-3.972305856450443,-0.1049273216040572
2022-05-23,15.884,4.969716174019458,-3.33042295202338,-2.8213487,0.5537145204596411,-3.884137472483021,-0.1012431493577715
2022-05-24,0.6449999999999999,-10.275123322830876,-3.2508593541551267,-2.7973344,0.5453721831945522,-3.796231537349679,-0.0975599609331462
2022-05-25,17.729000000000003,6.803779145014491,-3.1715769938517875,-2.7568843,0.5370412941175046,-3.708618287969292,-0.093877719830946
2022-05-26,4.66,-6.270091879959349,-3.0926154056159065,-2.6984565,0.5287104535662986,-3.621325859182205,-0.0901963685719589
2022-05-27,-3.858,-14.792839424023102,-3.014012220116865,-2.6656556,0.5203680497257493,-3.534380269842614,-0.0865158298549688
2022-05-28,17.863,6.924150729392963,-2.9358031383245806,-2.7072496,0.5120022737798443,-3.447805412104425,-0.0828360077354797
2022-05-29,6.715999999999999,-4.227802440506614,-2.8580219085307697,-2.7183127,0.50360113537716,-3.361623043907929,-0.0791567888235801
2022-05-30,7.036,-3.912440909724319,-2.7807003062762097,-2.7034714,0.4951524783945325,-3.275852784670742,-0.0754780434993213
2022-05-31,5.326,-5.626396691465772,-2.703868117198683,-2.6524692,0.4866439969836151,-3.1905121141822983,-0.0717996271439516
2022-06-01,7.496,-3.459800629770694,-2.6275531228125497,-2.5959187,0.4780632518845101,-3.10561637469706,-0.0681213813853591
2022-06-02,14.831,3.872107192284833,-2.551781089227314,-2.5370452,0.4693976869903651,-3.0211787762176794,-0.0644431353560413
2022-06-03,29.421,18.45847975359285,-2.476575758808659,-2.492083,0.4606346461464652,-2.937210404955124,-0.0607647069619262
2022-06-04,21.3,10.334330116485653,-2.401958844781826,-2.4997048,0.4517613901669796,-2.8537202349488053,-0.0570859041603534
2022-06-05,7.289000000000001,-3.680434476594297,-2.327950028773513,-2.728971,0.4427651140522862,-2.7707151428257992,-0.0534065262455221
2022-06-06,9.659,-1.313932347608204,-2.2545669612846866,-2.6935499,0.433632964389415,-2.688199925674102,-0.0497263651397091
2022-06-07,-0.996,-11.972898422785796,-2.181825265083118,-2.6368325,0.4243520569179434,-2.6061773220010616,-0.0460452066885556
2022-06-08,13.619,2.6389287572838187,-2.1097385415007386,-2.5839102,0.4149094942433788,-2.524648035744117,-0.0423628319587279
2022-06-09,24.395,13.412187373162396,-2.038318379617306,-2.5145414,0.4052923836798117,-2.4436107632971176,-0.0386790185362529
2022-06-10,19.707,8.721537090977971,-1.9675743683082596,-2.468389,0.3954878552034234,-2.3630622235116827,-0.0349935418238403
2022-06-11,12.552,1.5644149875257884,-1.8975141111310505,-2.4438527,0.385483079498203,-2.282997190629253,-0.0313061763355047
2022-06-12,19.517,8.527748456990011,-1.8281432440207677,-2.5325053,0.3752652860750395,-2.203408530095807,-0.0276166969868116
2022-06-13,-0.297,-11.287421433831998,-1.759465455762301,-2.5172157,0.3648217814451983,-2.1242872372074992,-0.0239248803790849
2022-06-14,5.6160000000000005,-5.374079886063785,-1.691482511202924,-2.5028996,0.3541399673290211,-2.045622478531945,-0.0202305060759218
2022-06-15,7.19,-3.7992245642372096,-1.6241942771657325,-2.4711447,0.3432073588805744,-1.9674016360463067,-0.0165333578703731
2022-06-16,4.353,-6.63452382928042,-1.5575987510210254,-2.4237728,0.3320116029088192,-1.8896103539298448,-0.012833225041173
2022-06-17,14.801,3.815663184089985,-1.4916920918695409,-2.3858979,0.3205404960758685,-1.812232587945409,-0.0091299035964112
2022-06-18,0.3289999999999999,-10.653927001421756,-1.4264686542880387,-2.3540163,0.3087820030526801,-1.735250657340719,-0.0054231975030636
2022-06-19,-1.108,-12.087217357792593,-1.3619210245848463,-2.311235,0.2967242746126656,-1.658645299197512,-0.0017129199008226
2022-06-20,12.423,1.4479560125222195,-1.298040059509589,-2.2568707,0.2843556656434743,-1.5823957251530631,0.0020011057013152
2022-06-21,6.581,-4.389555127890132,-1.2348149273586122,-2.2043302,0.2716647530573504,-1.5064796804159626,0.0057190442472103
2022-06-22,5.837,-5.129071054731181,-1.1722331514144675,-2.1580534,0.2586403535803753,-1.430873504994843,0.0094410479759817
2022-06-23,19.779,8.817864280519263,-1.110280655655052,-2.103875,0.2452715414009679,-1.3555521970560198,0.0131672552860983
2022-06-24,12.022,1.0662207552290806,-1.048941812665275,-2.0398283,0.2315476656580921,-1.2804894783233671,0.0168977896225922
2022-06-25,18.354,7.402877253313706,-0.9881994936813298,-1.9775057,0.2174583677496161,-1.205657861430946,0.02063275838878
2022-06-26,6.648000000000001,-4.298925890184931,-0.9280351206951716,-1.9174774,0.2029935984414482,-1.1310287191366195,0.0243722518838574
2022-06-27,14.133,3.190750270908034,-0.8684287205442598,-1.8442631,0.1881436347581108,-1.0565723553023707,0.0281163422676853
2022-06-28,4.393,-6.544282783400069,-0.8093589809091781,-1.7786776,0.1728990966355987,-0.9822580775447768,0.0318650825540598
2022-06-29,17.365,6.433869847887133,-0.7508033081395262,-1.7462593,0.1572509633174763,-0.9080542714570026,0.0356185056337096
2022-06-30,21.271,10.346260055340364,-0.6927378868262403,-1.7034609,0.1411905894753846,-0.8339284763016249,0.0393766233282324
2022-07-01,28.084,17.16604330841379,-0.6351377410363677,-1.6579973,0.1247097210352755,-0.7598474620716432,0.0431394254761364
2022-07-02,17.840000000000003,6.929246752939022,-0.5779767971243841,-1.621588,0.107800510690954,-0.6857773078153381,0.0469068790521143
2022-07-03,27.222,16.318751011826077,-0.5212279480322649,-1.589921,0.0904555330867024,-0.6116834811189674,0.0506789273206273
2022-07-04,7.275,-3.621168072036633,-0.4648631189886668,-1.583623,0.0726677996510192,-0.5375309186396859,0.0544554890248409
2022-07-05,18.94,8.052087374762413,-0.4088533345160401,-1.5807439,0.0544307730638199,-0.46328410757986,0.0582364576118988
2022-07-06,11.406,0.5263448177425749,-0.3531687866528759,-1.5478827,0.0357383813396767,-0.3889071679925527,0.0620217004954814
2022-07-07,14.878,4.006147038410784,-0.2977789042968382,-1.5180073,0.0165850315100248,-0.314363935806863,0.0658110583565428
2022-07-08,4.579,-6.284758377766883,-0.2426524235733216,-1.4722615,-0.0030343771123834,-0.2396180464609381,0.0696043444830745
2022-07-09,9.184,-1.6705072097541556,-0.1877574591327206,-1.419864,-0.0231244401032365,-0.164633019029484,0.0734013441496927
2022-07-10,24.384,13.539171983931892,-0.1330615762785801,-1.3839111,-0.0436892355465808,-0.0893723407319992,0.0772018140377931
2022-07-11,14.049,3.214241570333086,-0.0785318638280055,-1.3368372,-0.0647323121206223,-0.0137995517073832,0.0810054816969686
2022-07-12,12.648,1.8234776510555493,-0.0241350076047127,-1.2856604,-0.0862566776645851,0.0621216700598723,0.0848120450483362
2022-07-13,3.795,-7.019647933732951,0.0301626355354856,-1.2341322,-0.108264788241478,0.1384274237769637,0.0886211719303563
2022-07-14,8.399000000000001,-2.4046232353406194,0.0843949632475763,-1.1896566,-0.1307585377111368,0.2151535009587131,0.092432499687684
2022-07-15,1.403,-9.388404760279574,0.138596052909863,-1.157276,-0.1537392478274477,0.2923353007373107,0.0962456348035365
2022-07-16,5.069,-5.709784210026007,0.1928000866077642,-1.1296759,-0.1772076588732277,0.370007745480992,0.1000601525760001
2022-07-17,0.273,-10.492764319951736,0.2470412759905835,-1.0904685,-0.201163920845688,0.4482051968362716,0.1038755968386557
2022-07-18,-4.6160000000000005,-15.368344218743063,0.3013537871031582,-1.0544229,-0.2256075852049596,0.5269613723081179,0.1076914797258326
2022-07-19,10.817,0.0785753057284668,0.3557716652942073,-1.0131432,-0.2505375971976011,0.6063092624918084,0.1115072814827647
2022-07-20,15.006,4.281850474324828,0.4103287603029588,-0.9632486,-0.2759522887664975,0.6862810490694564,0.1153224503208468
2022-07-21,22.531,11.821150097032898,0.4650586516254235,-0.9164874,-0.3018493720580114,0.7669080236834349,0.1191364023181481
2022-07-22,17.142999999999997,6.447834123506286,0.5199945742611566,-0.8802481,-0.3282259335366533,0.8482205077978099,0.12294852136528
2022-07-23,11.736,1.0557548971877293,0.5751693449409011,-0.8429629,-0.3550784287170347,0.930247773657936,0.126758159156654
2022-07-24,21.442,10.7766236744658,0.6306152889347608,-0.8201523,-0.3824026775221884,1.0130179664569492,0.1305646352271226
2022-07-25,18.059,7.407215857687957,0.6863641675397276,-0.8117948,-0.4101938602768284,1.096558027816556,0.1343672370339265
2022-07-26,1.036,-9.603039742250898,0.7424471063446023,-0.7870557,-0.438446514343458,1.1808936206880605,0.1381652200838305
2022-07-27,9.715,-0.9098837551016116,0.7988945243691262,-0.75635713,-0.4671545314086289,1.266049055777755,0.1419578081052585
2022-07-28,-1.757,-12.36858853760233,0.8557360641731343,-0.74060595,-0.4963111554260419,1.3520472195991762,0.1457441932652073
2022-07-29,11.379,0.7811389106876212,0.9130005230302058,-0.73190045,-0.5259089812225053,1.4389095042527111,0.1495235364306393
2022-07-30,15.216,4.632046141249797,0.9707157852588424,-0.7177191,-0.5559399537721504,1.5266557390309927,0.1532949674740187
2022-07-31,12.073,1.5028764644633208,1.0289087558029015,-0.70254594,-0.5863953681436346,1.6153041239465362,0.1570575856225994
2022-08-01,0.535,-10.020977149063532,1.0876052951510569,-0.6889695,-0.6172658701243949,1.7048711652754518,0.1608104598510124
2022-08-02,13.588,3.0466097954228726,1.1468301556837368,-0.68096775,-0.6485414575253391,1.7953716132090758,0.1645526293166599
2022-08-03,30.383,19.85651162782102,1.206606919533837,-0.6562863,-0.6802114821687161,1.8868184017025529,0.1682831038373652
2022-08-04,12.105,1.5926986948750763,1.2669579380456968,-0.6308651,-0.7122646525611673,1.979222590606864,0.1720008644106805
2022-08-05,5.054,-5.4445967696482604,1.3279042729148836,-0.6302714,-0.7446890372533507,2.072593310168234,0.1757048637742078
2022-08-06,22.431,11.946497654842211,1.3894656390889453,-0.6168847,-0.7774720688867345,2.16693770797568,0.1793940270062305
2022-08-07,10.025,-0.4455460725037823,1.451660349507333,-0.5873292,-0.8106005489275869,2.26226089843492,0.1830672521659204
2022-08-08,1.241,-9.215913325109607,1.5145052617562005,-0.5616318,-0.8440606530873823,2.3585659148435827,0.1867234109723259
2022-08-09,-0.177,-10.61991090528534,1.578015726711317,-0.534355,-0.8778379374281873,2.455853664139505,0.1903613495213105
2022-08-10,6.985,-3.443351014656171,1.6422055392400337,-0.5169434,-0.9119173451509236,2.5541228843909574,0.1939798890395598
2022-08-11,-6.791,-17.204431057156818,1.7070868910304802,-0.49610394,-0.9462832140636313,2.6533701050941114,0.1975778266747413
2022-08-12,-1.721,-12.119145282451704,1.7726703256134506,-0.46827048,-0.980919284726214,2.753589610339665,0.20115393632085
2022-08-13,14.052,3.669622368674596,1.8389646956398964,-0.4432598,-1.0158087092674135,2.85477340490731,0.2047069694777415
2022-08-14,5.216,-5.150888450577581,1.9059771224738755,-0.421441,-1.050934060869087,2.956911183342962,0.2082356561438101
2022-08-15,-0.003,-10.354040266276234,1.9737129581580728,-0.41847616,-1.086277343912143,3.0599903020702155,0.2117387057407281
2022-08-16,3.651,-6.683508229054343,2.04217574980592,-0.41179144,-1.121820004777791,3.163995754583711,0.2152148080691448
2022-08-17,9.98,-0.3376494085374535,2.1113672064713875,-0.40817904,-1.1575429432971391,3.2689101497685265,0.2186626342941807
2022-08-18,22.808,12.507309979356176,2.1812871685444355,-0.395105,-1.1934265248413505,3.374713693385786,0.2220808379595457
2022-08-19,11.894,1.6105390721478878,2.251933579716785,-0.37060416,-1.2294505930440656,3.481384172760851,0.2254680560290632
2022-08-20,2.396,-7.869946458379444,2.323302461559769,-0.35702837,-1.2655944831469594,3.588896944706729,0.2288229099543578
2022-08-21,12.525,2.277151746388338,2.395387890752428,-0.3427699,-1.3018370359587634,3.697224926711192,0.2321440067674347
2022-08-22,0.296,-9.933472000380153,2.468181978995001,-0.3265848,-1.338156612417332,3.8063385914123327,0.2354299401968521
2022-08-23,-5.2090000000000005,-15.418814385862346,2.541674855639377,-0.3202582,-1.3745311087437138,3.916205964383091,0.2386792918061631
2022-08-24,7.935,-2.253346645498717,2.615854653064941,-0.30775598,-1.4109379721765978,4.026792625241539,0.2418906321532824
2022-08-25,10.307,0.1403608831787073,2.690707494824554,-0.29598597,-1.4473542172747704,4.138061712099324,0.2450625219694085
2022-08-26,5.939,-4.205703051341239,2.7662174865822275,-0.2810625,-1.4837564427746606,4.249973929356888,0.2481935133561093
2022-08-27,2.825,-7.297524023777258,2.842366709860381,-0.27022308,-1.520120848989442,4.362487558849823,0.2512821509991768
2022-08-28,7.334,-2.7661056569963245,2.9191352186112214,-0.26311144,-1.5564232557355342,4.475558474346755,0.2543269733978136
2022-08-29,3.341,-6.736447967179886,2.996501038623214,-0.24174051,-1.5926391207717647,4.5891401593949785,0.2573265141077273
2022-08-30,25.848,15.793449029490606,3.074440169770018,-0.22727624,-1.628743558735864,4.703183728505882,0.2602793029966749
2022-08-31,12.968,2.934199270264622,3.152926591106011,-0.21391484,-1.664711360562473,4.817637951668484,0.2631838675110072
2022-09-01,9.659,-0.3543672115495631,3.2319322688085776,-0.19507521,-1.7005170133661631,4.9324492821747405,0.2660387339517268
2022-09-02,16.160999999999998,6.16745141217553,3.311427166964201,-0.16783316,-1.7361347207725724,5.047561887736773,0.2688424287586076
2022-09-03,21.095,11.120701585623204,3.391379261191628,-0.14793974,-1.77153842368016,5.162917684871788,0.2715934798008727
2022-09-04,10.426,0.4708555476373033,3.471754555091984,-0.13888028,-1.806701821434609,5.278456376526593,0.2742904176729566
2022-09-05,20.888,10.950371555442626,3.552517099512122,-0.12808892,-1.841598393397391,5.394115492909513,0.2769317769938675
2022-09-06,12.656,2.734675906600873,3.633629014604087,-0.108040385,-1.8762014208896065,5.509830435493694,0.2795160977086514
2022-09-07,3.848,-6.057175183122375,3.715050514660066,-0.09651717,-1.9104840094916675,5.625534524151734,0.2820419263904914
2022-09-08,16.607,6.719099612356816,3.796739935698757,-0.094482884,-1.944419111679048,5.7411590473778045,0.2845078175419441
2022-09-09,22.325000000000003,12.453232555622026,3.878653765775702,-0.107052624,-1.9779795497738304,5.856633315549532,0.2869123348938515
2022-09-10,19.619,9.763287962311717,3.960746677986725,-0.101337455,-2.011138039191456,5.971884717178181,0.2892540527004554
2022-09-11,30.007,20.166995860339107,4.042971566130353,-0.08641092,-2.04386721196166,6.086838778092012,0.291531557029258
2022-09-12,15.211,5.386360424012361,4.1252795829916415,-0.0815735,-2.0761396405022072,6.201419223493849,0.2937434470441815
2022-09-13,12.547,2.7378248235903166,4.207620181206794,-0.08148332,-2.107927861623779,6.315548042830573,0.2958883362805955
2022-09-14,-0.253,-10.046636757191726,4.289941156664595,-0.07227222,-2.139204400743961,6.429145557408555,0.297964853910785
2022-09-15,20.032,10.254035483799376,4.372188694397574,-0.047365747,-2.1699417962880228,6.542130490685596,0.2999716459984696
2022-09-16,17.829,8.06653908577974,4.454307416912802,-0.022828383,-2.200112624253947,6.654420041166749,0.3019073767409746
2022-09-17,16.131,6.3837878055290265,4.5362404349090495,-0.009035019,-2.229689522918814,6.765929957827863,0.3037707296976971
2022-09-18,6.276999999999999,-3.455461386517388,4.617929400324251,-0.21912189,-2.258645217663552,6.876574617987803,0.3055604090035206
2022-09-19,3.912,-5.805562473720586,4.699314561654142,-0.30771643,-2.2869525458927176,6.98626710754686,0.3072751405658551
2022-09-20,13.604,3.9015163889149953,4.780334821480234,-0.35504434,-2.314584482025909,7.094919303506143,0.3089136732440092
2022-09-21,6.61,-3.077357289739909,4.860927796142523,-0.37007746,-2.3415141625371527,7.202441958679676,0.3104747800096178
2022-09-22,10.259,0.5868815575527184,4.941029877489592,-0.34985632,-2.367714911018558,7.308744788508149,0.3119572590868885
2022-09-23,14.314,4.657209549486163,5.02057629663621,-0.30204478,-2.393160263244332,7.413736559880542,0.3133599350714415
2022-09-24,11.781,2.1395475324006865,5.099501189656113,-0.24912725,-2.417823992211216,7.517325181867329,0.3146816600265719
2022-09-25,4.973,-4.653036437149174,5.177737665135049,-0.2028224,-2.4416801331313427,7.619417798266392,0.3159213145557668
2022-09-26,16.214,6.603461590316423,5.255217873506964,-0.16852948,-2.4647030083533936,7.719920881860357,0.3170778088503677
2022-09-27,32.564,22.968654183734916,5.331873078093965,-0.13583821,-2.486867252188016,7.818740330281981,0.318150083711287
2022-09-28,17.357,7.776822081971011,5.4076337277685385,-0.099432275,-2.5081478356133937,7.915781563381932,0.3191371115437287
2022-09-29,9.698,0.1327526892434463,5.48242953115434,-0.08127988,-2.528520090836923,8.010949621991262,0.3200378973239003
2022-09-30,24.336,14.785737421610644,5.556189532280158,-0.057967644,-2.547959735689011,8.10414926796917,0.3208514795367357
2022-10-01,1.229,-8.306462510026835,5.628842187599572,-0.04809501,-2.566442897825007,8.19528508542458,0.3215769310837006
2022-10-02,14.465,4.944728782111104,5.700315444287276,-0.026532663,-2.583946138711546,8.284261582998822,0.3222133601597683
2022-10-03,25.816,16.31068920335293,5.770536819721216,-0.005986156,-2.600446477373496,8.370983297094712,0.3227599110987217
2022-10-04,16.967,7.475791152542482,5.83943348205837,0.013519114,-2.615921413878057,8.455354895936427,0.3232157651859608
2022-10-05,20.826,11.348256472189892,5.906932331810404,0.037533697,-2.6303489525325423,8.537281284342946,0.3235801414380418
2022-10-06,21.591,12.126339731865713,5.972960084324231,0.07361583,-2.643707624772748,8.61666770909698,0.3238522973482193
2022-10-07,20.469,11.017058814603336,6.037443353071272,0.102646984,-2.655976511718878,8.693419864790151,0.3240315295973077
2022-10-08,22.319,12.87961403123063,6.100308733648177,0.12164393,-2.667135266376353,8.767444000024529,0.3241171747292196
2022-10-09,6.206,-3.221175636405344,6.161482888390725,0.14086933,-2.677164135459051,8.838647023849775,0.3241086097905828
2022-10-10,19.486,10.071209556074484,6.220892631501857,0.1579735,-2.6860439808127663,8.906936612314624,0.3240052529338942
2022-10-11,30.629,21.226382963226115,6.27846501459404,0.1781451,-2.693756300417137,8.972221315011177,0.3238065639836986
2022-10-12,7.142,-2.248710387335372,6.334127412545492,0.18901643,-2.7002832489444293,9.034410661489922,0.3235120449653417
2022-10-13,21.888,12.510279416854338,6.387807609569438,0.19238256,-2.7056076578540886,9.093415267423527,0.323121240595888
2022-10-14,37.901,28.53616400206448,6.439433885395021,0.21879874,-2.7097130550022603,9.14914694039728,0.3226337387368406
2022-10-15,29.115,19.762941368185835,6.488935101458401,0.23387223,-2.7125836837459167,9.201518785204318,0.3220491708083463
2022-10-16,29.436,20.09660951510917,6.536240787002343,0.2332787,-2.714204521521622,9.250445308523965,0.3213672121646301
2022-10-17,16.683,7.3551945669783025,6.581281224982573,0.24379759,-2.7145612978794498,9.295842522862024,0.3205875824304274
2022-10-18,23.17,13.853693246827278,6.623987537679419,0.27192822,-2.7136405119529985,9.337628049632418,0.3197100457982602
2022-10-19,23.319,14.01386916622632,6.664291771913268,0.29698142,-2.711429449346944,9.375721221260212,0.3187344112864212
2022-10-20,28.949,19.654960888276985,6.70212698376292,0.3249124,-2.707916198424085,9.410043182187003,0.3176605329576016
2022-10-21,17.223,7.939966229299104,6.737427322686246,0.33841252,-2.7030896659743395,9.440516988660583,0.3164883100981369
2022-10-22,26.469,17.196343250395632,6.770128114943221,0.2734441,-2.696939592248691,9.467067707191912,0.3152176873578888
2022-10-23,12.348,3.0856338732631894,6.800165946222022,0.2575173,-2.689456565341686,9.48962251156371,0.313848654850837
2022-10-24,8.978,-0.2741641671364672,6.827478743369844,0.21432701,-2.6806320349065884,9.508110778276432,0.3123812482164965
2022-10-25,31.435,22.19294686415839,6.852005855130744,0.20115244,-2.670458325187949,9.522464180318693,0.3108155486423253
2022-10-26,7.415,-1.817056466748472,6.87368813179426,0.17838207,-2.6589286473569578,9.532616779151216,0.3091516828473332
2022-10-27,15.970000000000002,6.7480380394630695,6.892468003659331,0.16218585,-2.6460371111355103,9.53850511479484,0.3073898230271447
2022-10-28,17.003999999999998,7.791766122336002,6.908289558219532,0.16180465,-2.63177873569565,9.540068293915182,0.3055301867608245
2022-10-29,17.718999999999998,8.516350060372645,6.921098615976973,0.16137268,-2.6161494598216444,9.537248075798615,0.303573036879806
2022-10-30,28.632,19.43864418333995,6.930842804793704,0.13554378,-2.5991461513226395,9.529988956116345,0.3015186812993141
2022-10-31,27.825,18.640839789100426,6.937471632690984,0.12763701,-2.580766615684514,9.518238248375498,0.2993674728127184
2022-11-01,10.856,1.6809180779788375,6.940936559008576,-0.023682272,-2.5610096039502794,9.501946162958856,0.2971198088492945
2022-11-02,11.584,2.418089994538265,6.941191063838046,-0.091040425,-2.5398748198190626,9.48106588365711,0.294776131195906
2022-11-03,18.665000000000003,9.508309516070756,6.938190715645741,-0.11398076,-2.517362925954384,9.455553641600126,0.292336925683169
2022-11-04,19.718,10.570113962596563,6.931893237003439,-0.19888328,-2.493475549493275,9.425368786496714,0.289802721836704
2022-11-05,12.468,3.3286169118683624,6.922258568346442,-0.44926792,-2.468215286748433,9.390473855094877,0.2871740924940994
2022-11-06,22.589,13.457891699487616,6.909248929681317,-0.50598025,-2.4415857070963725,9.35083463677769,0.2844516533882783
2022-11-07,10.212,1.0887774534035752,6.892828880167611,-0.81758475,-2.413591356045361,9.306420236212972,0.2816360626979673
2022-11-08,24.573,15.457722199929512,6.872965375500288,-1.1454338,-2.3842377574775675,9.257203132977857,0.2787280205660248
2022-11-09,15.124,6.016583655216689,6.8496278230221295,-1.2339674,-2.353531415060789,9.203159238082918,0.2757282685864061
2022-11-10,6.815,-2.284811438713205,6.822788134497751,-1.2342972,-2.3214798128257064,9.144267947323456,0.2726375892605868
2022-11-11,16.739,7.647005757797322,6.792420776483618,-1.2196337,-2.288091414905604,9.08051219138922,0.2694568054242842
2022-11-12,10.489,1.4043240651182791,6.758502818231099,-1.2388581,-2.253375664436112,9.01187848266721,0.2661867796453643
2022-11-13,6.363,-2.7145033553087075,6.721013977062267,-1.2142804,-2.2173429816134247,8.93835695867569,0.2628284135938372
2022-11-14,3.116,-5.953923352856928,6.679936661161133,-1.1947813,-2.180004760910212,8.859941422071344,0.2593826473848806
2022-11-15,10.35,1.2877038225098922,6.6352560097257625,-1.1585532,-2.1413733674492224,8.776629377174984,0.2558504588958476
2022-11-16,5.851,-3.203878630099105,6.586959930429698,-1.1174353,-2.101462132535406,8.688422062965104,0.252232863058259
2022-11-17,20.458,11.410912714685612,6.535039134144285,-1.0890023,-2.0602853483481813,8.595324482492467,0.2485309111257792
2022-11-18,12.68,3.6406241699100095,6.479487166876243,-1.0565081,-2.017858261796229,8.497345428672473,0.2447456899192182
2022-11-19,3.4610000000000003,-5.570746577286061,6.420300438878322,-1.0266464,-1.974197067538076,8.394497506416398,0.2408783210496098
2022-11-20,-1.829,-10.85312187292031,6.357478250893736,-1.0029352,-1.9293189001724385,8.286797151066175,0.2369299601204484
2022-11-21,7.687,-1.3295818236833312,6.291022817498493,-0.974814,-1.883241825603158,8.174264643101651,0.2329017959101622
2022-11-22,14.242,5.232871269406741,6.220939287508844,-0.9621498,-1.8359848315843224,8.056924119093166,0.2287950495359458
2022-11-23,25.052,16.05023510533177,6.1472357614245166,-0.9398619,-1.7875678174519585,7.934803578876475,0.2246109736000646
2022-11-24,11.615,2.6205073830736207,6.069923305881517,-0.9405925,-1.7380115830494705,7.807934888930987,0.2203508513197731
2022-11-25,3.538,-5.449153361956224,5.989015965091884,-0.9421505,-1.6873378168547608,7.676353781946645,0.2160159956419853
2022-11-26,9.898,0.9182649638483478,5.904530769250899,-0.9638486,-1.635569083317751,7.54009985256865,0.2116077483438667
2022-11-27,10.366,1.3935338993013229,5.816487739895876,-0.9725185,-1.5827288094177967,7.399216549313673,0.2071274791204987
2022-11-28,26.922,17.957223041281903,5.724909892203894,-0.9851369,-1.5288412704512049,7.253751162655099,0.2025765846607947
2022-11-29,30.421,21.46383748031174,5.6298232342194,-0.9740235,-1.4739315750598505,7.103754809279251,0.1979564877128409
2022-11-30,29.395,20.44474024889948,5.531256763005943,-1.0346195,-1.418025649512603,6.949282412518546,0.1932686361398438
2022-12-01,25.329,16.385546697211335,5.429242457719786,-1.4565287,-1.3611502212519906,6.790392678971776,0.1885145019678566
2022-12-02,27.199,18.262250597402566,5.323815269606597,-1.4658083,-1.3033328017192736,6.627148071325871,0.1836955804264734
2022-12-03,18.838,9.907853730656043,5.215013108925856,-1.5011119,-1.2446016684717789,6.4596147773976345,0.178813388983665
2022-12-04,19.403,10.479233561567169,5.102876828810953,-1.7794,-1.1849858466070249,6.287862675417978,0.1738694663759327
2022-12-05,30.956,22.03814811949784,4.987450206076582,-1.9739536,-1.1245150895088831,6.111965295585466,0.168865371634947
2022-12-06,12.63,3.717961642434955,4.868779918988195,-2.0044858,-1.0632198589316462,5.931999777919841,0.1638026831118374
2022-12-07,5.352,-3.554532878334656,4.746915522011878,-2.0045786,-1.0011313044385437,5.748046826450421,0.1586829975002882
2022-12-08,-13.974,-22.875092473579844,4.621909417566207,-2.1179602,-0.938281242211848,5.560190659778055,0.1535079288595817
2022-12-09,18.786,9.89039627981386,4.4938168248011605,-2.2055678,-0.8747021332524025,5.368518958053564,0.1482791076387278
2022-12-10,0.2,-8.690225458430621,4.362695745432222,-2.7616746,-0.8104270609868702,5.173122806419093,0.1429981797027941
2022-12-11,5.949000000000001,-2.935960038898154,4.228606926661451,-3.0272489,-0.7454897083017628,4.974096634963214,0.13766680536255
2022-12-12,13.507,4.627310444741468,4.091613821220052,-3.089984,-0.679924334023687,4.771538155243738,0.1322866584085095
2022-12-13,12.421,3.5464228311405424,3.951782544570673,-3.09718,-0.6137657488659365,4.56554829343661,0.1268594251504471
2022-12-14,24.53,15.6601017822798,3.809181829310428,-3.0992308,-0.5470492908620236,4.356231120172451,0.1213868034634431
2022-12-15,7.733,-1.1323634919892154,3.663882976818949,-3.0907402,-0.4798108003072149,4.143693777126164,0.1158705018414905
2022-12-16,9.105,0.2447309260091883,3.5159598061987025,-3.0535522,-0.4120865942297286,3.928046400428431,0.1103122384596725
2022-12-17,7.867000000000001,-0.988271139163662,3.365488600557941,-3.0159063,-0.3439134404135931,3.7094020409715354,0.1047137402459101
2022-12-18,11.35,2.499592744889857,3.212548050689443,-2.9780886,-0.2753285309957146,3.4878765816851574,0.0990767419632299
2022-12-19,4.445,-4.399978115309178,3.057219196201115,-2.9381404,-0.2063694556600519,3.2635886518611668,0.0934029853035083
2022-12-20,15.77,6.930401982796684,2.899585364157444,-2.932163,-0.1370741744522546,3.0366595386096984,0.0876942179935891
2022-12-21,3.2,-5.635006035603247,2.7397321052933377,-2.9373748,-0.0674809902384539,2.807213095531792,0.0819521929146753
2022-12-22,1.781,-7.048820219724572,2.577747127864706,-2.9128537,0.0023714791677268,2.575375648696979,0.0761786672358362
2022-12-23,15.76,6.935273611069067,2.413720229202695,-2.9617903,0.0724443291855227,2.3412759000171723,0.0703754015624675
2022-12-24,0.372,-8.447726738540883,2.2477432250408795,-2.9852767,0.1426983969300634,2.1050448281108163,0.064544159100493
2022-12-25,1.901,-6.913606438687348,2.079909876687418,-2.9790628,0.2130942899330725,1.8668155867543452,0.0586867048370717
2022-12-26,22.336,13.526684863465828,1.910315816116192,-3.0091858,0.2835924150959927,1.626723401020199,0.0528048047385412
2022-12-27,-20.842,-29.64641045574259,1.7390584690534945,-3.8866885,0.3541530078500383,1.384905461203456,0.0469002249662923
2022-12-28,8.283999999999999,-0.5156017614682228,1.566236976138873,-3.9329007,0.4247361614974786,1.1415008146413943,0.0409747311112329
2022-12-29,11.853000000000002,3.057935409389096,1.3919521122408107,-4.0573525,0.495301856708246,0.8966502555325646,0.0350300874474718
2022-12-30,16.302,7.511377045812802,1.21630620401,-4.875793,0.5658099911458373,0.6504962128641626,0.0290680562058057
2022-12-31,-13.579,-22.365496072318088,1.0394030457548131,-5.2986245,0.6362204091962941,0.4031826365585192,0.0230903968675629
2023-01-01,7.835999999999999,-0.9463016438256614,0.8613478137253211,-5.3578253,0.7064929317739977,0.1548548819513233,0.017098865479319
2023-01-02,27.243,18.464823603518543,0.682246978894101,-5.3685794,0.7765873861778512,-0.0943404072837501,0.0110952139889578
2023-01-03,11.677,2.9028444987973057,0.5022082183233925,-5.380433,0.8464636359714396,-0.3442554176480471,0.005081189603514
2023-01-04,18.179,9.408497161098335,0.321340325209952,-5.5661597,0.9160816108606638,-0.5947412856507117,-0.000941465830801
2023-01-05,3.036,-5.730963582236796,0.1397531177001266,-6.2341337,0.9854013365423774,-0.8456482188422507,-0.0069710164260395
2023-01-06,42.035,33.2717217208976,-0.0424426534308739,-6.225996,1.0543829644975546,-1.0968256179284286,-0.0130057328270978
2023-01-07,-23.946,-32.70575084643801,-0.2251353981405076,-6.4076324,1.1229868017025524,-1.34812219984306,-0.0190438927631672
2023-01-08,9.931,1.1749707520439936,-0.4082127814249798,-6.8192196,1.1911733402321365,-1.5993861216571164,-0.025083781575814
2023-01-09,-3.08,-11.832225714702934,-0.5915618184727868,-7.2372165,1.2589032867279717,-1.8504651052007584,-0.0311236927234948
2023-01-10,0.231,-8.51713285699733,-0.7750689705677767,-7.5392003,1.3261375917064944,-2.101206562274271,-0.0371619282623497
2023-01-11,12.985,4.241234919883176,-0.9586202416428536,-7.7771225,1.392837478680108,-2.3514577203229616,-0.043196799303161
2023-01-12,8.56,-0.179532728637722,-1.1421012753851556,-7.821644,1.4589644730659426,-2.601065748451098,-0.0492266264444039
2023-01-13,28.407,19.67130181230729,-1.3253974527925836,-8.063672,1.5244804308565134,-2.849877883649097,-0.0552497401813566
2023-01-14,2.2430000000000003,-6.489701788440251,-1.5083939900815857,-8.479469,1.5893475670269002,-3.0977415571084856,-0.0612644812912758
2023-01-15,9.215,0.4852282400828941,-1.6909760368454,-8.531382,1.6535284836532824,-3.344504520498682,-0.0672692011946899
2023-01-16,-0.695,-9.421910284185833,-1.873028774362128,-8.524906,1.7169861977179577,-3.590014972080085,-0.0732622622928966
2023-01-17,4.599,-4.124307307654982,-2.0544375139516298,-8.389073,1.7796841685762628,-3.834121682527893,-0.0792420382817906
2023-01-18,8.097999999999999,-0.6217964414710928,-2.235087795280507,-8.349094,1.8415863250611075,-4.076674120341615,-0.085206914442201
2023-01-19,12.434,3.717625997111824,-2.4148654845144195,-8.326126,1.9026570922012345,-4.317522576715654,-0.0911552879069279
2023-01-20,0.8350000000000001,-7.87805337743237,-2.5936568722173714,-8.166607,1.9628614175296324,-4.556518289747004,-0.0970855679047428
2023-01-21,11.384,2.674475228083547,-2.7713487708978786,-8.029941,2.0221647969589327,-4.793513567856811,-0.1029961759816252
2023-01-22,-7.494,-16.200164170356484,-2.947828612102508,-7.8963885,2.080533300201073,-5.0283619123035805,-0.1088855461995624
2023-01-23,11.156,2.4530840058477263,-3.1229845429577128,-7.76274,2.1379335957088657,-5.260918138666579,-0.1147521253132678
2023-01-24,-2.335,-11.035244340812756,-3.2967055220618446,-7.642907,2.194332975117657,-5.491038497179503,-0.1205943729252183
2023-01-25,6.507,-2.190529117058853,-3.46888141462976,-7.524767,2.249699377165675,-5.718580791795435,-0.1264107616194356
2023-01-26,9.419,0.7244414744741222,-3.639403086793543,-7.39694,2.3040014110721856,-5.943404497865728,-0.1321997770744784
2023-01-27,9.225,0.5332987911111602,-3.808162498963836,-7.2901073,2.3572083793531173,-6.165370878316953,-0.1379599181561453
2023-01-28,8.462000000000002,-0.2269647646304987,-3.975052798157365,-7.1788344,2.4092903000542982,-6.384343098211662,-0.1436896969904206
2023-01-29,8.556,-0.1302736747627479,-4.139968409197524,-7.0912504,2.460217928383077,-6.600186337580601,-0.1493876390172214
2023-01-30,11.604,2.9202946270584875,-4.302805124696163,-6.9687796,2.5099627777196254,-6.812767902415788,-0.15505228302555
2023-01-31,6.138,-2.5436456537217724,-4.463460193726244,-6.8642187,2.5584971399898286,-7.021957333716072,-0.1606821811706653
2023-02-01,10.415,1.73537116078571,-4.621832409096453,-6.7671924,2.605794105382293,-7.227626514478747,-0.1662758989739351
2023-02-02,12.898,4.22026759031136,-4.777822193140539,-6.6725636,2.651827581392637,-7.429649774533177,-0.1718320153060432
2023-02-03,4.884,-3.79278897701106,-4.931331681935868,-6.703018,2.696572311178828,-7.627903993114695,-0.1773491223542648
2023-02-04,7.433000000000001,-1.2429513266843526,-5.082264807867475,-6.646035,2.740003891212036,-7.82226869907951,-0.1828258255745369
2023-02-05,6.657,-2.017468594848456,-5.230527380455803,-6.933932,2.7820987882081982,-8.012626168664001,-0.188260743629085
2023-02-06,-4.658,-13.331039263154716,-5.376027165368313,-6.8657966,2.8228343553260045,-8.198861520694319,-0.193652508310379
2023-02-07,-3.188,-11.858550067487156,-5.518673961537158,-6.799559,2.8621888476179453,-8.380862809155104,-0.1989997644522277
2023-02-08,-8.398,-17.066133563419037,-5.658379676307407,-6.718485,2.90014143672161,-8.558521113029016,-0.2043011698288229
2023-02-09,-10.334,-18.99983751422447,-5.79505839854233,-6.638978,2.9366722247792096,-8.731730623321539,-0.2095553950425792
2023-02-10,23.417,14.75370018239146,-5.928626469614802,-6.5713096,2.9717622575740825,-8.900388727188885,-0.214761123401621
2023-02-11,18.168,9.506714965494934,-6.059002552216026,-6.5146008,3.0053935368735907,-9.064396089089616,-0.2199170507877929
2023-02-12,4.447,-4.212395004539084,-6.186107696915422,-6.433994,3.037549031968684,-9.223656728884103,-0.225021885516077
2023-02-13,8.901,0.243732367786942,-6.30986540640793,-6.3752627,3.068212690401096,-9.378078096809023,-0.2300743481863161
2023-02-14,-6.377,-15.032565125818165,-6.430201697387613,-6.3622108,3.0973694478699683,-9.527571145257582,-0.235073171528156
2023-02-15,10.893,2.239371338552938,-6.547045159989095,-6.2942495,3.1250052373104373,-9.672050397299532,-0.2400171002401243
2023-02-16,10.841,2.188840690849984,-6.660327014740995,-6.224244,3.1511069971375574,-9.811434011878552,-0.2449048908237758
2023-02-17,7.976000000000001,-0.6748055821255179,-6.769981166978457,-6.13693,3.175662678649695,-9.945643845628153,-0.2497353114138396
2023-02-18,0.92,-7.729529694672045,-6.875944258664441,-6.044941,3.1986612525863487,-10.07460551125079,-0.2545071416053071
2023-02-19,-5.09,-13.738372078071505,-6.97815571757257,-5.96637,3.2200927148361598,-10.198248432408729,-0.2592191722784063
2023-02-20,5.395,-3.2522922567167845,-7.076557803786965,-5.896933,3.239948091291654,-10.31650589507862,-0.263870205422408
2023-02-21,22.246,13.599972998490896,-7.17109565347774,-5.8986244,3.2582194418481434,-10.429315095325885,-0.2684590539592075
2023-02-22,-9.406,-18.05124148458593,-7.261717319913483,-5.940491,3.2748998635449253,-10.536617183458407,-0.2729845415676332
2023-02-23,-5.481,-14.125233004959728,-7.348373811675473,-5.995605,3.2899834928478384,-10.63835730452331,-0.2774455025094148
2023-02-24,-7.879,-16.522158228747404,-7.431019128041,-6.3034334,3.303465507072974,-10.734484635113974,-0.2818407814577588
2023-02-25,-16.309,-24.9512145904711,-7.509610291506574,-6.358979,3.315342124952178,-10.824952416458752,-0.2861692333294559
2023-02-26,3.998,-4.643117884239315,-7.584107377424841,-6.483054,3.3256106063418294,-10.90971798376667,-0.2904297231214495
2023-02-27,4.525,-4.115103429871102,-7.654473540731997,-6.7843046,3.334269251077113,-10.988742791809113,-0.2946211257527768
2023-02-28,-8.411999999999999,-17.050886186325062,-7.720675039745802,-7.083786,3.341317396974895,-11.061992436720695,-0.2987423259127876
2023-03-01,-0.01,-8.647755619766635,-7.782681257017439,-7.1193457,3.346755416989056,-11.129436674006495,-0.3027922179165391
2023-03-02,5.18,-3.456748313555688,-7.840464717223571,-7.0856466,3.350584715522962,-11.191049432746532,-0.3067697055682337
2023-03-03,3.1740000000000004,-5.46181030443353,-7.894001102088119,-7.04567,3.352807723904524,-11.246808825992645,-0.3106737020335758
2023-03-04,10.922,2.2878367781882223,-7.943269262326554,-7.1609273,3.3534278950301224,-11.296697157356675,-0.3145031297218841
2023-03-05,0.509,-8.12391514148828,-7.988251226608592,-7.362076,3.352449697184397,-11.340700923792989,-0.3182569201787955
2023-03-06,-10.881,-19.51219076352851,-8.028932207538372,-7.380724,3.3498786070437183,-11.37881081458209,-0.3219340139903621
2023-03-07,-0.474,-9.103614690951757,-8.06530060465439,-7.389786,3.345721101871918,-11.411021706526308,-0.3255333606993377
2023-03-08,-3.722,-12.350188404574933,-8.09734800445457,-7.489893,3.3399846509175446,-11.437332655372115,-0.3290539187344091
2023-03-09,-3.816,-12.44279907631656,-8.125069177455082,-7.586117,3.33267770602275,-11.457746883477832,-0.332494655353124
2023-03-10,-0.3,-8.925285403175653,-8.148462072294487,-8.146783,3.3238096914545743,-11.47227176374906,-0.3358545465992225
2023-03-11,2.594,-6.029897573063366,-8.167527806898056,-8.17747,3.313390992970132,-11.480918799868189,-0.3391325772750686
2023-03-12,8.005999999999998,-0.6163621714041394,-8.18227065672006,-8.335005,3.301432946127893,-11.483703602847951,-0.3423277409298425
2023-03-13,-5.3660000000000005,-13.986981083225842,-8.192698040084961,-8.590793,3.287947823858021,-11.480645863942982,-0.3454390398641236
2023-03-14,-5.606,-14.225755684687874,-8.198820500651312,-9.237199,3.2729488233052644,-11.471769323956575,-0.3484654851514744
2023-03-15,13.583,4.964312648050368,-8.2006516870254,-9.2353525,3.2564500519587427,-11.457101738984145,-0.3514060966775888
2023-03-16,9.376,0.7582086715968096,-8.198208329554259,-9.118462,3.2384665130834387,-11.436674842637697,-0.3542599031975539
2023-03-17,-4.454,-13.071041632569564,-8.191510214330922,-8.979066,3.2190140904689737,-11.410524304799896,-0.3570259424117236
2023-03-18,12.239,3.622756135915154,-8.180580154447362,-8.8247385,3.1981095325118067,-11.37868968695917,-0.3597032610606827
2023-03-19,2.627,-5.989104637784411,-8.165443958533569,-8.955402,3.1757704356475798,-11.341214394181147,-0.3622909150397327
2023-03-20,2.08,-6.535619595794615,-8.146130396623796,-8.922384,3.152015227150943,-11.29814562377474,-0.3647879695333067
2023-03-21,3.805,-4.810122421602222,-8.122671163393864,-8.94244,3.12686314732075,-11.249534310714614,-0.3671934991696696
2023-03-22,13.071,4.456424813219412,-8.095100838815917,-8.9278555,3.1003342310690534,-11.19543506988497,-0.3695065881962371
2023-03-23,4.084,-4.530189149018425,-8.063456846279687,-8.869746,3.072449288932836,-11.135906135212522,-0.3717263306757951
2023-03-24,13.797,5.183034404617887,-8.027779408231819,-8.788144,3.043229887527972,-11.07100929575979,-0.3738518307038701
2023-03-25,1.028,-7.586293399677884,-7.9881114993872275,-8.670106,3.0126983294652985,-11.000809828852526,-0.3758822026474596
2023-03-26,5.872,-2.742571578156819,-7.944498797568892,-8.527977,2.9808776327492668,-10.92537643031816,-0.3778165714052892
2023-03-27,16.213,7.598160369213391,-7.896989632234818,-8.386366,2.947791509679982,-10.8447811419148,-0.3796540726897217
2023-03-28,-8.911999999999999,-17.527447183922906,-7.845634930752989,-8.744581,2.913464345279879,-10.759099276032869,-0.3813938533304088
2023-03-29,-7.213999999999999,-15.82951116184532,-7.790488162487557,-8.834956,2.8779211752667284,-10.668409337754284,-0.3830350715997237
2023-03-30,9.86,1.244416394041565,-7.731605280761375,-8.739274,2.841187663594987,-10.572792944356362,-0.3845768975599773
2023-03-31,2.919,-5.697092236245338,-7.669044662762075,-8.641357,2.803290079587882,-10.472334742349958,-0.3860185134323815
2023-04-01,-1.272,-9.88844538894527,-7.602867047460848,-8.594392,2.764255274682922,-10.367122322143771,-0.3873591139876686
2023-04-02,-4.3740000000000006,-12.990876036976292,-7.533135471614875,-8.521208,2.72411065881389,-10.257246130428763,-0.3885979069582472
2023-04-03,-2.985,-11.602452224739531,-7.459915203926147,-8.459033,2.682884176452573,-10.14279938037872,-0.3897341134717228
2023-04-04,1.378,-7.2401751300322355,-7.383273677431104,-8.361928,2.6406042823338054,-10.02387795976491,-0.3907669685055676
2023-04-05,6.361000000000001,-2.2576853433578234,-7.30328042019701,-8.256037,2.597299916887595,-9.900580337084603,-0.3916957213626946
2023-04-06,14.538,5.919365139544363,-7.220006984402627,-8.182684,2.5530004814023424,-9.77300746580497,-0.3925196361676247
2023-04-07,8.229000000000001,-0.3897057555634472,-7.133526873882,-8.309586,2.507735812943279,-9.64126268682528,-0.3932379923829172
2023-04-08,-3.797,-12.41523553553364,-7.043915470211628,-8.206276,2.4615361590505294,-9.505451629262158,-0.3938500853454784
2023-04-09,10.07,1.4531361657063264,-6.951249957422315,-8.112759,2.414432152241165,-9.36568210966348,-0.39435522682232
2023-04-10,0.8140000000000001,-7.802870341960384,-6.85560924541839,-8.031923,2.366454784339901,-9.222064029758291,-0.3947527455853062
2023-04-11,0.972,-7.643968987283833,-6.757073892187655,-7.9936266,2.3176353806630314,-9.074709272850686,-0.3950419880043787
2023-04-12,-1.03,-9.64484785970951,-6.655726024886793,-7.892125,2.2680055740803304,-8.923731598967123,-0.3952223186587106
2023-04-13,-10.037,-18.650636457620298,-6.551649259887277,-7.7865267,2.2175972789796443,-8.769246538866922,-0.3952931209652033
2023-04-14,17.078,8.466212767838513,-6.444928621868132,-7.6700244,2.166442665158933,-8.611371287027065,-0.3952537978236971
2023-04-15,8.027,-0.5830130225499425,-6.335650462041968,-7.5671225,2.1145741316704587,-8.450224593712427,-0.3951037722782249
2023-04-16,8.677000000000001,0.0687921910584074,-6.223902375601726,-7.4801245,2.0620242806418343,-8.28592665624356,-0.3948424881936108
2023-04-17,5.678,-2.928602592777051,-6.109773118475672,-7.427252,2.008825891098485,-8.118599009574158,-0.3944694109466592
2023-04-18,-4.361000000000001,-12.966060655670567,-5.99335252347871,-7.4292192,1.955011892812095,-7.948364416290805,-0.3939840281311702
2023-04-19,-6.218,-14.82158968713246,-5.87473141594826,-7.3742967,1.900615340199388,-7.775346756147648,-0.3933858502759474
2023-04-20,2.473,-6.129008128619601,-5.754001528953109,-7.2950892,1.8456693862955136,-7.599670915248622,-0.3926744115749659
2023-04-21,8.508,-0.0925008086501177,-5.631255418163578,-7.212951,1.7902072568261072,-7.421462674989685,-0.3918492706288045
2023-04-22,-5.364,-13.963141271730487,-5.506586376471557,-7.1074305,1.734262224401909,-7.240848600873465,-0.3909100111964282
2023-04-23,-2.182,-10.77984863949359,-5.380088348448491,-7.031654,1.6778675828596197,-7.05795593130811,-0.3898562429563773
2023-04-24,-5.816,-14.411786090830477,-5.2518558447293735,-6.9483905,1.6210566217724038,-6.872912466501777,-0.3886876022763783
2023-04-25,11.010000000000002,2.4162276458674863,-5.121983856410364,-6.838777,1.5638626011532306,-6.685846457563595,-0.3874037529903728
2023-04-26,7.407999999999999,-1.1848206691716645,-4.990567769547225,-6.753122,1.5063187263738906,-6.496886495921116,-0.386004387181927
2023-04-27,0.8899999999999999,-7.701095948483664,-4.85770327984125,-6.6654882,1.4484581233222869,-6.306161403163537,-0.3844892259729618
2023-04-28,11.628,3.0385830533946043,-4.723486307598723,-6.5576406,1.3903138138202105,-6.113800121418933,-0.3828580203167122
2023-04-29,4.57,-4.0189175329557845,-4.5880129130491465,-6.4404817,1.3319186913234966,-5.919931604372643,-0.3811105517938072
2023-04-30,8.674,0.0858127208615086,-4.45137921210682,-6.351319,1.273305496926035,-5.724684709032855,-0.3792466334103386
2023-05-01,-5.725,-14.312819732594953,-4.3136812926593295,-6.2870283,1.2145067956887652,-5.528188088348095,-0.3772661103967566
2023-05-02,1.021,-7.566515080163038,-4.175015131465457,-6.327987,1.155554953314329,-5.3305700847797866,-0.3751688610064314
2023-05-03,2.691,-5.895433062168819,-4.035476511744193,-6.2782817,1.0964821131876117,-5.131958624931804,-0.3729547973126718
2023-05-04,13.221,4.635607522349449,-3.895160941535006,-6.244875,1.0373201738019993,-4.932481115337005,-0.3706238660030088
2023-05-05,-5.032,-13.617234853160545,-3.754163572908617,-6.2649775,0.978100766590614,-4.732264339499231,-0.3681760491695146
2023-05-06,2.421,-6.163850269170923,-3.612579122105947,-6.356595,0.9188552341813764,-4.531434356287323,-0.3656113650939172
2023-05-07,1.94,-6.643698930374864,-3.470501790681635,-6.297165,0.8596146090941802,-4.330116399775815,-0.3629298690262756
2023-05-08,-3.735,-12.31759959130925,-3.3280251877269382,-6.3362274,0.8004095928979443,-4.128434780624882,-0.3601316539559483
2023-05-09,1.943,-6.638552778644732,-3.1852422532454026,-6.2390165,0.7412705358447749,-3.9265127890901774,-0.3572168513735962
2023-05-10,4.825,-3.7555590190519657,-3.042245182752768,-6.1280184,0.6822274169978698,-3.7244725997506376,-0.3541856320229524
2023-05-11,2.972,-5.6076188392016055,-2.8991253531712653,-6.0461125,0.6233098248692682,-3.5224351780405336,-0.3510382066410764
2023-05-12,16.163,7.584267234235702,-2.7559732500862486,-5.960266,0.5645469385828854,-3.320520188669134,-0.3477748266858275
2023-05-13,1.487,-7.091742280790993,-2.6128783964316367,-5.8751497,0.5059675095777408,-3.1188459060093776,-0.344395785049269
2023-05-14,0.5339999999999999,-8.044829807620431,-2.4699292826683688,-5.770695,0.4475998438655902,-2.917529126533959,-0.3409014167557351
2023-05-15,-1.568,-10.145983258210768,-2.327213298518435,-5.6645184,0.3894717848565771,-2.716685083375012,-0.3372920996432828
2023-05-16,-4.236,-12.812857786664576,-2.184816666314753,-5.5411434,0.3316106967658809,-2.516427363080634,-0.3335682550272613
2023-05-17,-0.381,-8.956074051966745,-2.042824376025194,-5.4205985,0.2740434486136342,-2.316867824638828,-0.3297303483447398
2023-05-18,4.385,-4.188342050216661,-1.901320122006822,-5.3186746,0.2167963988297356,-2.118116520836557,-0.3257788897785369
2023-05-19,0.151,-8.419342728271431,-1.7603862415443834,-5.2180634,0.1598953804745364,-1.92028162201892,-0.3217144348596094
2023-05-20,-0.434,-9.001115376267274,-1.62010365522454,-5.1119647,0.1033656870855901,-1.7234693423101302,-0.3175375850465742
2023-05-21,-4.768,-13.33192953560182,-1.4805518091953902,-5.0058336,0.0472320591600997,-1.5277838683554898,-0.3132489882811382
2023-05-22,0.457,-8.103724814207581,-1.3418086193581158,-4.924793,-0.0084813287181619,-1.3333272906399538,-0.3088493395182429
2023-05-23,5.727,-2.8305634836073086,-1.2039504175356244,-4.850154,-0.0637508800992853,-1.140199537436339,-0.3043393812297381
2023-05-24,3.831,-4.72320489195633,-1.067051899660138,-4.7727704,-0.1185535882276141,-0.948498311432524,-0.2997199038804168
2023-05-25,6.799,-1.751883338941324,-0.9311860760197894,-4.6876254,-0.1728670469353979,-0.7583190290843915,-0.294991746375276
2023-05-26,0.207,-8.34022044281682,-0.7964242236012273,-4.6158314,-0.2266694608637642,-0.5697547627374631,-0.2901557964768754
2023-05-27,-10.216,-18.75954194007932,-0.6628358405632611,-4.547183,-0.2799396550057759,-0.3828961855574851,-0.2852129911917077
2023-05-28,-3.853,-12.392891487552342,-0.5304886028735574,-4.4899154,-0.3326570835671014,-0.1978315193064559,-0.2801643171245008
2023-05-29,22.453,13.91685703953078,-0.3994483231382131,-4.4071937,-0.3848018381405395,-0.0146464849976736,-0.2750108107994241
2023-05-30,-2.7,-11.23258765157835,-0.2697789116511862,-4.333291,-0.4363546551914288,0.1665757435402426,-0.2697535589471772
2023-05-31,11.131,2.6019408089279508,-0.1415423396881717,-4.26057,-0.4872969228516414,0.3457545831634696,-0.2643936987569871
2023-06-01,13.873,5.347063976774971,-0.0147986050666809,-4.194193,-0.5376106870206666,0.5228120819539857,-0.2589324180925671
2023-06-02,7.749,-0.7740907407551281,0.1103943000083152,-4.1362696,-0.5872786567730128,0.6976729567813281,-0.2533709556711211
2023-06-03,10.803,2.282994028679974,0.2339804187966107,-4.0795493,-0.636284209071874,0.8702646278684847,-0.2477106012045268
2023-06-04,32.800000000000004,24.28304033181364,0.3559058575588338,-4.0188274,-0.6846113927897661,1.0405172503486,-0.2419526955018467
2023-06-05,-0.047,-8.560994364270977,0.4761188107650237,-3.9522924,-0.7322449320375727,1.2083637428025964,-0.23609863053238
2023-06-06,17.189,8.677933541185924,0.5945695839669902,-3.9006925,-0.7791702288041514,1.3737398127711415,-0.2301498494484875
2023-06-07,32.99,24.4817634926866,0.7112106143283093,-3.8644826,-0.8253733649093917,1.536583979237701,-0.2241078465674786
2023-06-08,9.894,1.3883168515418092,0.8259964888085476,-3.8069804,-0.8708411032743449,1.6968375920828924,-0.2179741673118813
2023-06-09,22.724,14.220827754007978,0.9388839600007552,-3.7758546,-0.9155608885126962,1.8544448485134517,-0.2117504081074694
2023-06-10,20.674000000000003,12.173033940451884,1.0498319596240124,-3.7370298,-0.9595208468486688,2.0093528064726813,-0.2054382162384613
2023-06-11,15.779000000000002,7.280204704081898,1.158801609675314,-3.6997015,-1.0027097853670224,2.1615113950423366,-0.1990392896593525
2023-06-12,22.498,14.001339900853347,1.265756231247591,-3.6682909,-1.045117190601588,2.310873421849179,-0.1925553767628922
2023-06-13,30.288,21.793118863893696,1.370661351023325,-3.6132085,-1.086733226469408,2.457394577492733,-0.185988276103765
2023-06-14,0.2329999999999999,-8.261468174566424,1.473484705455599,-3.554187,-1.1275487315582462,2.6010334370138453,-0.179339836077584
2023-06-15,17.993,9.498899846032035,1.5741962426509746,-3.4853823,-1.16755521577588,2.7417514584268545,-0.1726119545548556
2023-06-16,8.907,0.412493166073366,1.672768121971017,-3.436994,-1.2067448563702332,2.8795129783412503,-0.1658065784696313
2023-06-17,17.269,8.773849156517475,1.769174711371719,-3.3834803,-1.245110493330058,3.0142852047017774,-0.1589257033626029
2023-06-18,14.47,5.973851458748445,1.8633925825023707,-3.3570597,-1.2826456241764523,3.1460382066788237,-0.1519713728784634
2023-06-19,10.24,1.7419590550824398,1.9554005035879396,-3.361898,-1.3193443981561706,3.2747449017441097,-0.1449456782174037
2023-06-20,7.409,-1.0910141290061828,2.0451794301211064,-3.3306856,-1.3552016098482207,3.400381039969327,-0.1378507575406675
2023-06-21,-3.835,-12.336769286492489,2.1327124933925017,-3.284725,-1.3902126921958662,3.522925185588368,-0.1306887953301456
2023-06-22,20.146,11.642560697204733,2.217984986889894,-3.2296197,-1.424373708976661,3.6423586958665553,-0.1234620217020462
2023-06-23,8.76,0.2547950349177594,2.300984350599117,-3.1892393,-1.457681346723766,3.7586656973228822,-0.1161727116747287
2023-06-24,2.133,-6.374231566916101,2.3817001532417907,-3.1652486,-1.4901329061122537,3.871833059354045,-0.1088231843908534
2023-06-25,5.238,-3.270333974044162,2.460124072486818,-3.121993,-1.521726292824661,3.98185036531148,-0.1014158022940424
2023-06-26,3.178,-5.330117450640959,2.536249873174701,-3.0746732,-1.5524600079105555,4.088709881085257,-0.0939529702603221
2023-06-27,12.853,4.345029052816822,2.610073383595675,-3.0244799,-1.5823331376553107,4.192406521250986,-0.0864371346846514
2023-06-28,28.245,19.73644459182557,2.6815924698644724,-2.9786866,-1.6113453429738092,4.292937812838281,-0.0788707825229209
2023-06-29,10.079,1.5690784099304709,2.750807008436401,-2.9226038,-1.6394968483451675,4.390303856781569,-0.0712564402898428
2023-06-30,17.831,9.319467878091428,2.8177188568112475,-2.8707347,-1.6667884303050735,4.484507287116321,-0.0635966730132229
2023-07-01,10.743,2.229496637692531,2.882331822472972,-2.8279326,-1.6932214055126322,4.575553227985604,-0.0558940831451557
2023-07-02,13.901,5.38546462643022,2.94465163011514,-2.775783,-1.7187976184090776,4.663449248524218,-0.0481513094307401
2023-07-03,6.488,-2.029632676823921,3.0046858872032574,-2.7221467,-1.743519428486057,4.748205315689314,-0.040371025734972
2023-07-04,27.527,19.007941532885862,3.062444047926893,-2.6698387,-1.7673896971814649,4.829833745108358,-0.0325559398285167
2023-07-05,12.516,3.994739760316564,3.117937375595805,-2.628103,-1.7904117744212191,4.908349150017024,-0.0247087921331343
2023-07-06,-2.0730000000000004,-10.59671709420871,3.1711789035355924,-2.5922918,-1.8125894848255877,4.98376838836118,-0.0168323544275679
2023-07-07,12.801,4.275497318142791,3.2221833945397957,-2.549856,-1.8339271135989952,5.05611050813879,-0.00892942851477
2023-07-08,20.692,12.164588591798752,3.2709672989364647,-2.506385,-1.8544293921224737,5.125396691058938,-0.0010028448513905
2023-07-09,21.133,12.602218108212403,3.317548711328322,-2.4778621,-1.874101483268134,5.191650194596456,0.0069445388594989
2023-07-10,18.023,9.488399483056062,3.3619473260668133,-2.4403462,-1.8929489664552863,5.254896292522099,0.0149098391114109
2023-07-11,16.179,7.640481475145926,3.4041843915212167,-2.408855,-1.910977822467966,5.315162213989183,0.022890148072111
2023-07-12,-2.811,-11.35347406183276,3.444282663204887,-2.3671398,-1.928194418053819,5.372477081258706,0.0308825350948126
2023-07-13,17.762,9.216272927361151,3.4822663558215616,-2.330362,-1.9446054903244383,5.426871846146,0.0388840482617276
2023-07-14,12.321,3.7711563396571104,3.5181610942953734,-2.284515,-1.9602181309773208,5.478379225272694,0.0468917159587514
2023-07-15,11.019,2.463803963782534,3.5519938638488413,-2.2440722,-1.9750397703597429,5.527033634208584,0.0549025484800113
2023-07-16,6.15,-2.410660226472359,3.583792959193818,-2.216836,-1.989078161394925,5.572871120588744,0.0629135396609677
2023-07-17,3.057,-5.509091921553966,3.6135879329006575,-2.2011397,-2.0023413633908387,5.6159292962914975,0.0709216685387136
2023-07-18,12.928,4.356436008804974,3.641409543011501,-2.1803024,-2.014837725752113,5.656247268763615,0.0789239010380718
2023-07-19,12.078,3.5007989663730146,3.667289699963801,-2.152187,-2.026575871615424,5.6938655715792255,0.0869171916820521
2023-07-20,14.297,5.714008812470038,3.691261412890488,-2.1221883,-2.037564681428776,5.728826094319265,0.0948984853251979
2023-07-21,13.378,4.789160193442787,3.7133587353633897,-2.0964265,-2.047813276495002,5.761172011858392,0.1028647189082973
2023-07-22,-6.983,-15.57779221999373,3.733616710646564,-2.0547981,-2.0573310024997333,5.790947713146297,0.1108128232329183
2023-07-23,3.645,-4.955730593141203,3.752071316526303,-2.023723,-2.066127413044038,5.818198729570341,0.1187397247541805
2023-07-24,-0.296,-8.902641130368256,3.768759409784469,-1.9991894,-2.074212253201753,5.842971662986223,0.1266423473901473
2023-07-25,-1.674,-10.285023250702006,3.783718670381647,-1.9901454,-2.081595443121431,5.865314113503079,0.1345176143461919
2023-07-26,11.274,2.6595932410351386,3.796987545416523,-1.975598,-2.088287061692645,5.885274607109167,0.1423624499526632
2023-07-27,2.9650000000000003,-5.653826491523489,3.8086051929274314,-1.9446293,-2.0942973302961905,5.902902523223621,0.1501737815141497
2023-07-28,7.67,-0.9521838519984336,3.8186114256018215,-1.8992426,-2.0996365966575934,5.918248022259415,0.1579485411686132
2023-07-29,3.051,-5.574516567968885,3.827046654458849,-1.853838,-2.1043153188229646,5.931361973281813,0.1656836677546437
2023-07-30,-11.225,-19.85358453740098,3.833951832569829,-1.8209488,-2.1083440492761425,5.942295881845972,0.1733761086850668
2023-07-31,12.746,4.114734074383956,3.839368398880701,-1.801043,-2.111733419215684,5.951101818096384,0.1810228218251109
2023-08-01,8.684000000000001,0.0500916666180766,3.8433382221999857,-1.7801769,-2.114494123010033,5.957832345210019,0.1886207773733294
2023-08-02,0.516,-8.120512316974896,3.8459035454150414,-1.7631295,-2.1166369028488203,5.962540448263862,0.1961669597434631
2023-08-03,-7.62,-16.25905667581627,3.8471069299985423,-1.7566229,-2.118172533608023,5.965279463606565,0.2036583694453963
2023-08-04,-4.760000000000001,-13.401418378579653,3.846991200866354,-1.7582208,-2.1191118079462155,5.966103008812569,0.2110920249633799
2023-08-05,-7.245999999999999,-15.889622311933197,3.845599391646918,-1.7517933,-2.1194655216489124,5.96506491329583,0.2184649646296561
2023-08-06,-4.696,-13.341789416024454,3.842974690421432,-1.7459372,-2.1192444592374966,5.962219149658928,0.2257742484916344
2023-08-07,4.901,-3.746723167832328,3.83916038599292,-1.7397883,-2.118459379858926,5.957619765851846,0.2330169601707566
2023-08-08,14.192,5.542387753354757,3.834199814741166,-1.7408293,-2.117121003471869,5.951320818213035,0.2401902087111872
2023-08-09,12.577,3.925424705311964,3.8281363081195137,-1.7399244,-2.1152399973446063,5.94337630546412,0.2472911304164662
2023-08-10,5.4910000000000005,-3.162692119403665,3.8210131408479615,-1.7320211,-2.1128269628794363,5.933840103727398,0.2543168906722683
2023-08-11,13.419,4.763290165080488,3.812873479856058,-1.7200077,-2.1098924227779943,5.922765902634053,0.2612646857534153
2023-08-12,13.835,5.177239626391101,3.803760334027423,-1.6950415,-2.1064468085612518,5.910207142588674,0.2681317446132889
2023-08-13,27.823,19.16308051611837,3.793716504796648,-1.6760457,-2.102500448457597,5.896216953254245,0.2749153306538187
2023-08-14,18.918,10.255954143431143,3.7827845376475713,-1.6518443,-2.098063555671794,5.880848093319365,0.2816127434742129
2023-08-15,16.820999999999998,8.156838198420077,3.771006674560693,-1.6234652,-2.0931462170470683,5.864152891607761,0.2882213205966255
2023-08-16,5.606,-3.060603390509286,3.758424807455777,-1.6051526,-2.087758382132117,5.846183189587894,0.2947384391669685
2023-08-17,19.779,11.109994443732132,3.7450804326742135,-1.5943266,-2.08190985266418,5.826990285338393,0.3011615176290929
2023-08-18,10.274,1.6025933139722168,3.731014606544053,-1.5754445,-2.075610272478791,5.806624879022843,0.3074880173705868
2023-08-19,13.539,4.865148315522877,3.716267902068878,-1.5592469,-2.068869117856237,5.785137019925116,0.3137154443384612
2023-08-20,19.744,11.067724036715704,3.700880366780205,-1.6176947,-2.0616956883141566,5.762576055094362,0.319841350623024
2023-08-21,26.176,17.49707911201621,3.6848914817911167,-1.7577957,-2.05409909785511,5.738990579646227,0.3258633360082595
2023-08-22,16.811,8.129170853951706,3.668340122087176,-1.7752466,-2.046088266677352,5.714428388764528,0.3317790494870699
2023-08-23,13.006,4.319684983128816,3.651264518088961,-1.7546046,-2.037671913356389,5.68893643144535,0.3375861907397726
2023-08-24,5.4270000000000005,-3.265370222468866,3.633702218518552,-1.7210184,-2.0288585475043286,5.66256076602288,0.3432825115742625
2023-08-25,10.772,2.073539790773204,3.615690054600599,-1.6874127,-2.019656462913342,5.635346517513941,0.3488658173263035
2023-08-26,27.638,18.933209077237716,3.597264105626681,-1.6460226,-2.010073731188952,5.607337836815633,0.3543339682184453
2023-08-27,5.415,-3.296156705722982,3.5784596659097545,-1.6032848,-2.0001181958782173,5.578577861787972,0.3596848806760929
2023-08-28,-1.004,-9.721555249791464,3.559311213153615,-1.5601561,-1.98979746709722,5.549108680250835,0.3649165285993172
2023-08-29,4.013,-4.710987755862177,3.539852378260337,-1.5301607,-1.9791189166616117,5.518971294921949,0.3700269445890235
2023-08-30,-1.854,-10.58445542482957,3.520115916596802,-1.5128896,-1.968089673723352,5.488205590320154,0.3750142211261428
2023-08-31,14.462,5.725044149097434,3.500133680739303,-1.5131731,-1.9567166209160425,5.456850301655345,0.3798765117025713
2023-09-01,19.407,10.66350625634663,3.479936594713497,-1.5743704,-1.945006391010705,5.424942985724202,0.3846120319026117
2023-09-02,16.026,7.275929696557662,3.4595546297448085,-1.6338342,-1.932965364083092,5.3925199938279,0.3892190604337435
2023-09-03,26.68,17.92319825527339,3.4390167815325423,-1.6723145,-1.9205996651930148,5.359616446725557,0.3936959401055885
2023-09-04,6.267,-2.4968284817613142,3.418351049058927,-1.6635364,-1.9079151625755144,5.326266211634442,0.398041078755993
2023-09-05,-2.852,-11.621059488938103,3.3975844149424907,-1.6484053,-1.8949174663430368,5.292501881285528,0.4022529501232132
2023-09-06,13.261,4.487825695369329,3.3767428273429343,-1.620009,-1.8816119276970844,5.258354755040019,0.4063300946632348
2023-09-07,12.928,4.150621152633386,3.35585118342308,-1.577072,-1.8680036386472356,5.223854822070315,0.4102711203113349
2023-09-08,-2.3280000000000003,-11.110554616823851,3.3349333143712045,-1.5364382,-1.854097432234722,5.189030746605926,0.4140747031870291
2023-09-09,10.528,1.7413831625825755,3.314011971985352,-1.5002216,-1.839897883257128,5.15390985524248,0.4177395882416359
2023-09-10,1.211,-7.579656413578113,3.293108816819184,-1.473521,-1.825409309490132,5.118518126309316,0.4212645898477345
2023-09-11,4.573,-4.221228641997143,3.272244407887139,-1.457656,-1.810635773401616,5.082880181288755,0.4246485923298618
2023-09-12,23.39,14.592585331342578,3.251438193924579,-1.4475108,-1.795581084352772,5.047019278277351,0.4278905504358571
2023-09-13,9.732,0.9314299232620028,3.2307085061970784,-1.4279205,-1.780248801280298,5.010957307477376,0.4309894897483407
2023-09-14,-0.612,-9.41569556533625,3.210072552850771,-1.4061604,-1.7646422358531175,4.9747147887038885,0.4339445070358573
2023-09-15,29.765,20.95880682571013,3.18954641479426,-1.3932301,-1.7487644560964708,4.938310870890731,0.4367547705433027
2023-09-16,9.108,0.2993212004954498,3.169145043100405,-1.37339,-1.7326182904756404,4.901763333576046,0.4394195202213121
2023-09-17,6.373,-2.4381312921067537,3.148882257914916,-1.3579389,-1.716206332430991,4.865088590345907,0.4419380678943592
2023-09-18,9.179,0.3658362567911534,3.1287707488567067,-1.3405579,-1.6995309453554523,4.82830169421216,0.4443097973673799
2023-09-19,12.564,3.7484859234033454,3.108822076893329,-1.3149562,-1.6825942680049693,4.791416344898298,0.4465341644708127
2023-09-20,40.548,31.729465346889008,3.0890466776732333,-1.2992429,-1.6653982203319682,4.754444898005201,0.4486106970440142
2023-09-21,18.345,9.52347092674766,3.069453866294805,-1.3008811,-1.647944509731292,4.717398376026098,0.450538994857077
2023-09-22,11.399,2.5744802102488413,3.050051843490824,-1.3066778,-1.6302346376876211,4.680286481178445,0.4523187294711484
2023-09-23,10.77,1.942513667153153,3.0308477032050067,-1.3029237,-1.6122699068127524,4.643117610017759,0.4539496440374282
2023-09-24,12.801,3.9705705983632105,3.0118474415363266,-1.3011671,-1.594051428260811,4.605898869797137,0.4554315530350795
2023-09-25,-0.041,-8.874349695218385,2.993055967024868,-1.3701708,-1.575580129508835,4.568636096533703,0.4567643419483717
2023-09-26,25.797,16.9613507465707,2.974477112251889,-1.4539858,-1.5568567624897918,4.531333874741681,0.4579479668834375
2023-09-27,26.774,17.936056027824755,2.956113646725176,-1.465304,-1.5378819120646343,4.493995558789811,0.4589824541251002
2023-09-28,16.773,7.93276554056235,2.9379672910196044,-1.458584,-1.5186560048195776,4.456623295839182,0.4598678996342975
2023-09-29,23.072,14.229478676802072,2.920038732141445,-1.4690968,-1.499179318174358,4.419218050315803,0.4606044684866947
2023-09-30,25.302000000000003,16.45659616930279,2.902327640083841,-1.5472697,-1.4794519897868743,4.381779629870716,0.4611923942531569
2023-10-01,12.107,3.258732606891409,2.8848326855395188,-1.5671622,-1.4594740272392268,4.344306712778746,0.4616319783228114
2023-10-02,10.018,1.166530606294372,2.867551558735954,-1.5768746,-1.4392453179897873,4.306796876725741,0.4619235891695011
2023-10-03,21.965,13.110328832366983,2.8504809893568583,-1.5966176,-1.418765639575668,4.269246628932526,0.4620676615625055
2023-10-04,19.966,11.10813437162082,2.833616767513072,-1.5764004,-1.3980346700495947,4.231651437562666,0.4620646957224593
2023-10-05,19.655,10.793946470977348,2.816953765724852,-1.5666405,-1.377051998634888,4.194005764359741,0.4619152564234752
2023-10-06,11.244,2.379559600934116,2.8004859618767077,-1.5420666,-1.3558171365820268,4.156303098458734,0.4616199720425368
2023-10-07,14.424,5.556183441643843,2.7842064631050576,-1.5076042,-1.3343295282099903,4.118535991315047,0.4611795335572931
2023-10-08,22.276,13.404817208861026,2.768107530578258,-1.472157,-1.312588562115329,4.080696092693587,0.4605946934934478
2023-10-09,22.568,13.693460118340168,2.7521806051277355,-1.5332876,-1.290593582531738,4.042774187659473,0.4598662648230008
2023-10-10,17.29,8.411870639054035,2.7364163336883585,-1.6112227,-1.2683439008226844,4.004760234511043,0.4589951198146502
2023-10-11,24.759,15.877282191506756,2.72080459650557,-1.6605924,-1.2458388070895017,3.966643403595072,0.4579821888377385
2023-10-12,18.943,10.05769395580142,2.7053345350661666,-1.6713033,-1.2230775818771804,3.9284121169433472,0.4568284591211603
2023-10-13,15.61,6.719991226881512,2.689994580709321,-1.6686254,-1.200059507960023,3.890054088669344,0.4555349734687301
2023-10-14,23.413,14.518263103959343,2.6747724838736437,-1.6577628,-1.1767838821891248,3.851556366062768,0.4541028289325395
2023-10-15,26.867,17.967508601713316,2.659655343936239,-1.6362046,-1.1532500273836956,3.812905371319935,0.4525331754459005
2023-10-16,1.264,-7.640273265178156,2.644629639598844,-1.6847074,-1.129457304248051,3.7740869438468954,0.4508272144175136
2023-10-17,19.166,10.258030403122948,2.629681259776293,-1.678535,-1.1054051232961593,3.7350863830724528,0.4489861972885558
2023-10-18,2.673,-6.238671297814175,2.614795534942163,-1.6732138,-1.0810929567655705,3.695888491707733,0.447011424054416
2023-10-19,19.334,10.41906633531926,2.599957268886353,-1.653029,-1.056520350502553,3.656477619388906,0.4449042417528676
2023-10-20,21.532,12.6137978446455,2.585150770839342,-1.6156762,-1.031686935800349,3.616837706639692,0.4426660429204944
2023-10-21,6.323,-2.598477522913988,2.5703598879177694,-1.5847206,-1.0065924411724605,3.5769523290902296,0.4402982640192386
2023-10-22,10.109,1.1845961637384554,2.555568037846055,-1.6748146,-0.9812367040429502,3.536804741889005,0.4378023838349671
2023-10-23,14.339,5.411466383428977,2.5407582419089474,-1.6881435,-0.9556196823359084,3.496377924244856,0.4351799218499983
2023-10-24,9.58,0.6492278550337023,2.5259131580898777,-1.6919215,-0.9297414659462564,3.455654624036134,0.4324324365915556
2023-10-25,4.688000000000001,-4.246259366767486,2.511015114350459,-1.7726169,-0.9036022880742914,3.41461740242475,0.4295615239581493
2023-10-26,6.955,-1.982709758233248,2.496046142006439,-1.7746987,-0.877202536406457,3.373248678412896,0.4265688155259221
2023-10-27,6.866,-2.0751452731072098,2.4809880091560914,-1.7491153,-0.8505427641251002,3.331530773281192,0.4234559768370131
2023-10-28,-5.659,-14.603225211322291,2.46582225411704,-1.7228061,-0.8236237007300815,3.289445954847121,0.4202247056720117
2023-10-29,-4.12,-13.067133325224306,2.450530218828256,-1.7026404,-0.7964462626554192,3.2469764814836752,0.4168767303086234
2023-10-30,8.729000000000001,-0.2208385186127886,2.435093082174299,-1.6754775,-0.7690115636643361,3.204104645838635,0.4134138077686429
2023-10-31,8.355,-0.5976446797853833,2.419491893189385,-1.6397451,-0.7413209250063839,3.160812818195769,0.4098377220553961
2023-11-01,10.765,1.8095828362978836,2.4037076040995844,-1.6012611,-0.7133758853205726,3.117083489420157,0.4061502823837818
2023-11-02,13.518,4.559565932154903,2.3877211031619625,-1.6309681,-0.6851782102687852,3.072899313430748,0.4023533214050863
2023-11-03,-6.364,-15.325431569754882,2.3715132472602067,-1.6128939,-0.6567299018840427,3.0282431491442496,0.3984486934287339
2023-11-04,3.794,-5.169823570956122,2.355064894217074,-1.6483703,-0.6280332076185514,2.9830981018356257,0.3944382726431533
2023-11-05,13.12,4.154023665746644,2.3383569347846183,-1.7272007,-0.5990906290768397,2.937447563861458,0.3903239513379349
2023-11-06,9.063999999999998,0.0958959997644408,2.3213703242742145,-2.0362144,-0.569904930419656,2.8912752546938707,0.386107638129456
2023-11-07,16.364,7.393842087005289,2.304086113788922,-2.0827901,-0.540479146424692,2.844565260213614,0.3817912561921512
2023-11-08,19.255000000000003,10.282827491561685,2.2864854810220474,-2.073616,-0.510816590190675,2.7973020712127226,0.3773767414976008
2023-11-09,-4.19,-13.16414839240398,2.268549760586337,-2.0710747,-0.4809208604717139,2.749470621058051,0.3728660410635913
2023-11-10,7.694,-1.28191056432233,2.250260473839399,-2.0802479,-0.4507958486293212,2.7010563224687205,0.3682611112153091
2023-11-11,4.117,-4.860373059348115,2.231599358172029,-2.1033363,-0.4204457451899566,2.652045103361986,0.3635639158607942
2023-11-12,3.997,-4.981672010996872,2.2125483957269285,-2.1006024,-0.3898750459964349,2.602423441723364,0.3587764247827875
2023-11-13,24.314,15.33443317091955,2.193089841516674,-2.112893,-0.3590885579420169,2.5521783994586915,0.3539006119490611
2023-11-14,13.247,4.266218749345572,2.173206250910727,-2.208027,-0.3280914042765815,2.5012976551873085,0.3489384538433221
2023-11-15,8.174000000000001,-0.8080880781979545,2.1528805064624037,-2.2216108,-0.2968890294746849,2.4497695359370883,0.3438919278187418
2023-11-16,10.155,1.1718816006898114,2.132095844048103,-2.268534,-0.2654872036560046,2.397583047704108,0.3387630104761378
2023-11-17,15.524,6.539382214936136,2.1108358782920296,-2.2603486,-0.2338920265490492,2.3447279048410787,0.3335536760688135
2023-11-18,23.721,14.73469403164543,2.089084627251064,-2.557512,-0.2021099309897433,2.291194558240807,0.328265894936015
2023-11-19,9.033,0.0450501462476491,2.0668265363355984,-2.6715474,-0.1701476859469367,2.236974222282535,0.3229016319669442
2023-11-20,-4.148,-13.13828159284738,2.044046501443414,-2.6437564,-0.1380123990675539,2.182058900510968,0.3174628450972166
2023-11-21,-12.517,-21.50881851757666,2.0207298912849976,-2.6340919,-0.1057115187346511,2.1264414100196487,0.3119514838396238
2023-11-22,9.157,0.16391429459064,1.9968625688800223,-2.612612,-0.0732528356322924,2.070115404512315,0.3063694878510055
2023-11-23,11.97,2.975455160280477,1.9724309122059185,-2.588523,-0.0406444838117079,2.013075396017626,0.3007187855370081
2023-11-24,15.735,6.739037174922816,1.9474218339809304,-2.5520175,-0.0078949412538958,1.955316775234826,0.2950012926964374
2023-11-25,10.184,1.1859281869274876,1.92182280056533,-2.51613,0.024986970075636,1.896835830489694,0.2892189112068854
2023-11-26,-1.306,-10.3062962791977,1.895621849965796,-2.480949,0.0579920846835592,1.8376297652822369,0.2833735277532451
2023-11-27,-7.245,-16.24655897118577,1.8688076089293355,-2.4487576,0.091110894519882,1.777696714409453,0.2774670126006766
2023-11-28,12.062,3.0593416817874,1.8413693091145145,-2.4196308,0.1243335504658665,1.7170357586486478,0.2715012184135308
2023-11-29,18.6,9.595552019758763,1.813296802329163,-2.4243636,0.1576498643404404,1.6556469379887224,0.2654779791216882
2023-11-30,14.141,5.134691805035001,1.7845805748248929,-2.4490979,0.191049311426128,1.5935312633987648,0.2593991088356866
2023-12-01,6.507,-2.501215616725428,1.7552117606404645,-2.5128589,0.2245210335148927,1.5306907271255716,0.2532664008119787
2023-12-02,17.881,8.870947115799598,1.7251821539870882,-2.661535,0.2580538424736399,1.4671283115134484,0.2470816264695708
2023-12-03,10.054,1.042175309083514,1.694484220670298,-2.931553,0.2916362243284502,1.402847996341848,0.2408465344592444
2023-12-04,2.769,-6.244998161933464,1.6631111085443449,-2.9457874,0.3252563438659808,1.337854764678364,0.234562849786486
2023-12-05,10.886,1.8702718127064888,1.6310566569963385,-2.978674,0.3589020497498115,1.2721546072465268,0.2282322729891815
2023-12-06,-0.965,-9.98237220847589,1.5983154054588695,-3.176273,0.3925608801488279,1.2057545253100417,0.2218564793710629
2023-12-07,18.588,9.56911405316537,1.5648826009509296,-3.3513052,0.4262200688741482,1.1386625320767814,0.2154371182918261
2023-12-08,5.6930000000000005,-3.32735901657784,1.5307542046485787,-3.3390298,0.4598665520203798,1.070887652628199,0.2089758125147511
2023-12-09,12.822,3.800718025216263,1.4959268974877094,-3.3324802,0.4934869751064076,1.0024399223813016,0.2024741576125964
2023-12-10,6.916,-2.1066012281646893,1.4603980848030085,-3.3548846,0.527067700710218,0.9333303840927905,0.19593372143245
2023-12-11,1.835,-7.188371819558142,1.4241659000080502,-3.3362453,0.5605948165916784,0.8635710834163718,0.1893560436201513
2023-12-12,-2.56,-11.584073774186828,1.3872292073230037,-3.319077,0.5940541442965478,0.7931750630264557,0.1827426352048113
2023-12-13,2.249,-6.77555177878298,1.3495876035575003,-3.304908,0.6274312482343275,0.722156355323173,0.1760949782438842
2023-12-14,6.021999999999999,-3.0025061080298503,1.3112414189574968,-3.2852364,0.660711445222027,0.6505299737354698,0.1694145255291574
2023-12-15,9.912,0.8883773573687048,1.2721917171260997,-3.2538304,0.6938798144852287,0.5783119026408707,0.1627027003539555
2023-12-16,12.579999999999998,3.5565432156641688,1.2324402940295265,-3.2173662,0.7269212081073082,0.5055190859222183,0.1559608963417536
2023-12-17,-7.011,-16.0343533871197,1.1919896761003836,-3.2526402,0.7598202619170173,0.4321694141833663,0.149190477336334
2023-12-18,10.57,1.5469896089173665,1.1508431174517375,-3.4976156,0.7925614068040902,0.3582817106476476,0.1423927773535219
2023-12-19,9.485,0.4622699143834461,1.1090045962163413,-3.9960341,0.8251288804519882,0.2838757157643531,0.1355691005944536
2023-12-20,8.597000000000001,-0.4255252632670264,1.0664788100265183,-4.228183,0.8575067394762528,0.2089720705502655,0.1287207215202583
2023-12-21,20.044,11.021322633378857,1.0232711706511723,-4.203285,0.8896788719565164,0.1335922986946559,0.1218488849879312
2023-12-22,7.991,-1.0320718650318956,0.9793877978073812,-4.201986,0.9216290103495832,0.0577587874577979,0.1149548064471145
2023-12-23,10.536,1.5126264705131358,0.9348355121650088,-4.1915674,0.9533407447705194,-0.0185052326055106,0.1080396721973937
2023-12-24,3.0860000000000003,-5.938596017164043,0.8896218275635537,-4.187656,0.9847975366282098,-0.0951757090646561,0.1011046397056574
2023-12-25,7.475,-1.5506991894604345,0.8437549424614832,-4.1898174,1.015982732601271,-0.1722277901397877,0.0941508379829655
2023-12-26,3.438,-5.587671042806563,0.7972437306390185,-4.190436,1.0468795789398493,-0.2496358483008307,0.0871793680202977
2023-12-27,6.191000000000001,-2.8342245376983577,0.7500977311761361,-4.383464,1.0774712360782517,-0.3273735049021153,0.0801913032824711
2023-12-28,7.43,-1.5942299712034866,0.7023271377283675,-4.4268603,1.107740793543024,-0.4054136558146566,0.0731876902594275
2023-12-29,10.807,1.7841218394562706,0.6539427871236742,-4.609288,1.1376712851405797,-0.4837284980169055,0.0661695490740148
2023-12-30,28.431,19.409431930905928,0.6049561473042344,-4.7508116,1.1672457044081428,-0.5622895571039084,0.0591378741453059
2023-12-31,18.024,9.00334736502398,0.5553793046378367,-4.7068353,1.196447020311311,-0.6410677156734742,0.0520936349064162
