date,gps_raw_up_mm,gps_detrended_mm,gps_seasonal_mm,hydl_original_up_mm,hydl_seasonal_mm,gps_minus_hydl_mm,poroelastic_mm
2021-01-01,72.96900000000001,-0.156794356579911,-0.3231963483973585,-2.650915,0.5840370839773014,-0.9072334323746598,-0.068396997799867
2021-01-02,64.036,-9.097334997496894,-0.3827768615529744,-2.732498,0.639065940420587,-1.0218428019735617,-0.0725741944791951
2021-01-03,66.055,-7.085807323448525,-0.4423546130277857,-2.8060513,0.6939296541545736,-1.1362842671823594,-0.0767367960270961
2021-01-04,74.518,1.3697904939486385,-0.5018902764151258,-3.2034628,0.7486053537427287,-1.2504956301578547,-0.0808840431567973
2021-01-05,71.658,-1.4977171830340952,-0.5613445224046568,-3.2023726,0.8030702312955059,-1.3644147537001627,-0.0850151817858728
2021-01-06,68.496,-4.667167882665681,-0.620678059049522,-3.2908185,0.8573015560539523,-1.4779796151034743,-0.0891294626525476
2021-01-07,74.225,1.0544593131007245,-0.6798516718848824,-3.2648656,0.9112766878939256,-1.591128359778808,-0.0932261409247275
2021-01-08,62.468,-10.709784806714191,-0.7388262638502988,-3.3692143,0.964973090739308,-1.703799354589607,-0.097304475802591
2021-01-09,70.16600000000001,-3.018953752815442,-0.7975628949689813,-3.3241854,1.0183683458727892,-1.8159312408417705,-0.1013637301155921
2021-01-10,77.629,4.436954281244899,-0.856022821737131,-3.327327,1.0714401651328525,-1.9274629868699835,-0.1054031699147409
2021-01-11,64.136,-9.063250710152728,-0.9141675361773508,-3.3078825,1.1241664039858836,-2.0383339401632345,-0.1094220640610252
2021-01-12,67.194,-6.012372670594231,-0.971958804510445,-3.415612,1.1765250744623714,-2.1484838789728165,-0.1134196838108619
2021-01-13,65.871,-7.342409822610774,-1.0293587054007278,-3.5483282,1.2284943579464696,-2.2578530633471976,-0.1173953023994622
2021-01-14,69.353,-3.867360388733462,-1.086329667730476,-3.4863458,1.2800526178082707,-2.366382285538746,-0.1213481946230088
2021-01-15,72.964,-0.263222591493375,-1.1428345078599498,-3.4530473,1.3311784118684766,-2.4740129197284264,-0.1252776364205438
2021-01-16,75.683,2.4489875107611807,-1.1988364663301951,-3.3952413,1.381850504685255,-2.5806869710154503,-0.1291829044564755
2021-01-17,69.711,-3.529995201014043,-1.254299243966652,-3.3422995,1.43204787965339,-2.686347123620042,-0.1330632757046114
2021-01-18,78.349,5.1011098276701325,-1.309187037342359,-3.2806537,1.4817497509060078,-2.790936788248367,-0.1369180270346295
2021-01-19,87.851,14.595041248468537,-1.3634645735607014,-3.2400591,1.5309355750094489,-2.89440014857015,-0.1407464348018996
2021-01-20,73.28800000000001,0.0238425640476247,-1.4170971443183455,-3.191563,1.5795850624421253,-2.996682206760471,-0.1445477744415661
2021-01-21,71.133,-2.1397230366299578,-1.4700506392102115,-3.1558375,1.6276781888484126,-3.0977288280586244,-0.1483213200678004
2021-01-22,74.019,0.7377753170564052,-1.5222915782393387,-3.175386,1.6751952060589803,-3.1974867842983192,-0.1520663440791361
2021-01-23,77.128,3.8383390728152857,-1.5737871434954978,-3.157683,1.722116652869167,-3.295903796364665,-0.1557821167707819
2021-01-24,75.789,2.4909240507165533,-1.624505209967782,-3.188835,1.7684233655674182,-3.3929285755352003,-0.1594679059548183
2021-01-25,85.62400000000001,12.317077157083622,-1.6744143754573104,-3.2682414,1.814096488205936,-3.4885108636632465,-0.1631229765891626
2021-01-26,80.77199999999999,7.455749803796499,-1.7234839895576035,-3.3002188,1.8591174826061756,-3.5826014721637787,-0.1667465904161944
2021-01-27,67.259,-6.0668582847816,-1.7716841816713795,-3.952527,1.9034681380920309,-3.67515231976341,-0.1703380056119055
2021-01-28,68.08699999999999,-5.248400149376588,-1.8189858880337912,-4.3141108,1.9471305809438768,-3.766116468977668,-0.1738964764464519
2021-01-29,72.82,-0.5248745568043987,-1.8653608777134805,-4.3874135,1.9900872835670436,-3.855448161280524,-0.1774212529569509
2021-01-30,72.15,-1.2042802738810554,-1.9107817775641929,-4.398764,2.0323210733685184,-3.943102850932712,-0.1809115806333693
2021-01-31,69.545,-3.8187332293973055,-1.955222096101035,-4.4931264,2.0738151413361123,-4.029037237437147,-0.1843667001183319
2021-02-01,73.59400000000001,0.2208817880563112,-1.9986562462769528,-4.6001163,2.1145530503146017,-4.113209296591554,-0.1877858469216579
2021-02-02,66.054,-7.328434005686372,-2.0410595671363527,-4.8386073,2.1545187429737496,-4.195578310110102,-0.1911682511504249
2021-02-03,67.541,-5.850679394791486,-2.0824083443243557,-4.8995776,2.193696549463421,-4.276104893787776,-0.194513137255341
2021-02-04,64.591,-8.809853163425132,-2.122679829431591,-4.839773,2.232071194751411,-4.3547510241830025,-0.1978197237941812
2021-02-05,71.396,-2.0139540957534416,-2.16185225815597,-4.7878013,2.2696278056399155,-4.4314800637958855,-0.2010872232130352
2021-02-06,72.985,-0.4339809759425819,-2.19990486726443,-4.727301,2.3063519174569618,-4.506256784721392,-0.2043148416460853
2021-02-07,71.09100000000001,-2.337278074329191,-2.236817910339139,-4.6666503,2.3422294804194883,-4.579047390758627,-0.2075017787346132
2021-02-08,76.627,3.189491922879956,-2.272572672294263,-4.5956826,2.377246865665089,-4.6498195379593525,-0.2106472274659108
2021-02-09,78.097,4.650250261182729,-2.3071514826509443,-4.5197954,2.411390870949857,-4.718542353600801,-0.2137503740327553
2021-02-10,70.38,-3.0760202681620417,-2.3405377275596817,-4.4514003,2.4446487260100684,-4.78518645356975,-0.2168103977140686
2021-02-11,66.205,-7.260215236095514,-2.372715860561034,-4.59154,2.47700809758588,-4.849723958146914,-0.2198264707773661
2021-02-12,78.196,4.721666494594398,-2.40367141207696,-4.736137,2.508457094105524,-4.912128506182484,-0.2227977584035768
2021-02-13,75.77799999999999,2.29436883306899,-2.433390997626899,-4.9537244,2.538984270028892,-4.97237526765579,-0.2257234186347738
2021-02-14,70.509,-2.9839749571912693,-2.461862324764221,-4.959936,2.568578629849717,-5.030440954613938,-0.2286026023453404
2021-02-15,62.86,-10.642235162721626,-2.4890741987302563,-5.0787687,2.597229631756012,-5.086303830486268,-0.231434453237064
2021-02-16,67.24,-6.271314806728404,-2.515016526824807,-5.045144,2.6249271909486684,-5.139943717773475,-0.234218107858615
2021-02-17,73.497,-0.0233113565179508,-2.539680321493518,-4.9852133,2.65166168261858,-5.191342004112099,-0.2369526956498389
2021-02-18,71.051,-2.4782609901984847,-2.5630577021342464,-4.9565897,2.677423944582969,-5.240481646717216,-0.2396373390112642
2021-02-19,70.828,-2.710126354707139,-2.5851418956259837,-5.041971,2.7022052795819342,-5.287347175207918,-0.2422711533991896
2021-02-20,49.108,-24.438906361673084,-2.60592723558562,-5.120559,2.725997457236625,-5.331924692822246,-0.2448532474466781
2021-02-21,63.717,-9.838562650726928,-2.6254091603592795,-5.090784,2.7487927156707777,-5.374201876030057,-0.2473827231107621
2021-02-22,68.682,-4.882130392670275,-2.643584209756606,-5.056215,2.770583762797644,-5.4141679725542495,-0.2498586758461209
2021-02-23,70.252,-3.320608493612826,-2.660450020537902,-5.0001206,2.791363777274814,-5.451813797812716,-0.2522801948054597
2021-02-24,74.495,0.9140041403358214,-2.6760053206654257,-4.930538,2.8111264091295443,-5.48713172979497,-0.2546463630667802
2021-02-25,71.887,-1.7024245664314783,-2.6902499223319154,-4.8844543,2.829865780057811,-5.520115702389727,-0.2569562578877069
2021-02-26,78.744,5.146241285749201,-2.703184713780576,-4.853703,2.847576483400336,-5.550761197180912,-0.2592089509869801
2021-02-27,78.439,4.8327388111125416,-2.7148116499325194,-4.79776,2.86425358379939,-5.579065233731909,-0.2614035088532096
2021-02-28,73.938,0.3226632274376291,-2.7251337418388277,-4.744903,2.87989261654032,-5.605026358379147,-0.2635389930809244
2021-03-01,76.473,2.8486248429807173,-2.734155044976048,-4.67432,2.8944895865821376,-5.628644631558185,-0.2656144607339381
2021-03-02,71.864,-1.769496425707878,-2.741880646405117,-4.5980906,2.908040967281765,-5.649921613686882,-0.2676289647359903
2021-03-03,78.067,4.424497654293192,-2.7483166508152017,-4.5246305,2.920543698816801,-5.668860349632003,-0.2695815542886034
2021-03-04,70.655,-2.996681971853677,-2.7534701654752007,-4.457468,2.9319951863120046,-5.685465351787205,-0.2714712753160467
2021-03-05,68.978,-4.682747994686142,-2.7573492841169496,-4.429655,2.9423932976748874,-5.699742581791837,-0.2732971709372632
2021-03-06,72.291,-1.3786995648151592,-2.7599630697754085,-4.5939045,2.951736361146124,-5.7116994309215325,-0.2750582819645759
2021-03-07,67.49,-6.188552222309903,-2.761321536612402,-4.5286493,2.9600231625707147,-5.721344699183117,-0.2767536474289518
2021-03-08,66.955,-6.732289173688848,-2.76143563075155,-4.5024385,2.9672529423960703,-5.728688573147621,-0.2783823051315644
2021-03-09,68.843,-4.852909571990044,-2.760317210153286,-4.5493636,2.973425392403433,-5.733742602556719,-0.2799432922213551
2021-03-10,70.81700000000001,-2.887333218644395,-2.757979023559846,-4.6986084,2.978540652179257,-5.736519675739103,-0.2814356457982545
2021-03-11,70.927,-2.785457508451365,-2.754434688541297,-4.666413,2.982599305333419,-5.737033993874716,-0.2828584035416915
2021-03-12,65.996,-7.724469947838551,-2.749698668674579,-4.6016393,2.9856023754712533,-5.735301044145832,-0.2842106043639708
2021-03-13,64.15899999999999,-9.569369649868095,-2.743786249888576,-4.5571413,2.987551321926679,-5.731337571815255,-0.285491289088071
2021-03-14,66.232,-7.50415572760214,-2.7367135160091376,-4.6625957,2.9884480352638487,-5.725161551272986,-0.2866995011493741
2021-03-15,86.163,12.419172705897129,-2.7284973235388748,-4.8003774,2.988294832554837,-5.716792156093712,-0.2878342873207919
2021-03-16,77.656,3.90437846857189,-2.719155275707364,-4.742489,2.9870944524412,-5.706249728148563,-0.2888946984607378
2021-03-17,72.006,-1.75341014769716,-2.7087056958281663,-4.686235,2.9848500499871995,-5.693555745815366,-0.2898797902833305
2021-03-18,68.482,-5.2850768085818505,-2.697167599999915,-4.8100786,2.9815651913328023,-5.678732791332717,-0.2907886241502014
2021-03-19,69.895,-3.879585792600319,-2.6845606691892554,-4.863118,2.9772438481545493,-5.661804517343805,-0.2916202678832307
2021-03-20,64.152,-9.62989085421878,-2.6709052207341943,-4.8423905,2.9718903919425794,-5.642795612676774,-0.2923737965975046
2021-03-21,65.678,-8.110889396347043,-2.656222179306905,-4.767355,2.965509588102138,-5.621731767409044,-0.2930482935537519
2021-03-22,62.68600000000001,-11.10976893352295,-2.640533047375697,-4.7406535,2.958106589888109,-5.598639637263807,-0.2936428510294864
2021-03-23,73.62599999999999,-0.1765285869189519,-2.623859875206159,-4.6991887,2.949686932180984,-5.573546807387143,-0.2941565712080458
2021-03-24,70.58300000000001,-3.226202365504067,-2.606225230442137,-4.66095,2.940256525112975,-5.546481755555112,-0.2945885670846853
2021-03-25,74.82300000000001,1.00730608415778,-2.5876521673073696,-4.6400895,2.9298216475528367,-5.517473814860207,-0.2949379633888556
2021-03-26,73.644,-0.1781577762421786,-2.568164195469137,-4.5800185,2.9183889404581778,-5.4865531359273145,-0.2952038975217624
2021-03-27,68.384,-5.444540258072213,-2.5477852486053325,-4.5082035,2.9059654001039066,-5.453750648709239,-0.2953855205082758
2021-03-28,72.556,-1.2787398119649769,-2.5265396527167936,-4.455282,2.8925583711956144,-5.419098023912408,-0.2954819979622221
2021-03-29,74.88799999999999,1.0475455999986911,-2.5044520942267705,-4.3908353,2.8781755398766498,-5.38262763410342,-0.2954925110640827
2021-03-30,71.142,-2.7045821633523195,-2.4815475879094886,-4.306667,2.8628249266375683,-5.344372514547057,-0.2954162575500663
2021-03-31,68.353,-5.4991277054074805,-2.45785144468999,-4.228691,2.8465148791368056,-5.304366323826796,-0.2952524527115289
2021-04-01,74.59,0.7324329370517395,-2.4333892393571808,-4.1467633,2.829254064941165,-5.262643304298345,-0.2950003304036628
2021-04-02,69.05,-4.813403444183404,-2.4081867782322286,-4.0594373,2.8110514641948754,-5.219238242427104,-0.2946591440623735
2021-04-03,73.072,-0.7971200694930562,-2.382270066834137,-3.9879158,2.791916362225785,-5.1741864290599215,-0.2942281677282227
2021-04-04,66.736,-7.139011993091487,-2.355665277584271,-3.911123,2.771858342097291,-5.127523619681561,-0.2937066970763134
2021-04-05,71.602,-2.278326447201211,-2.328398717591372,-3.8454077,2.7508872771144453,-5.079285994705817,-0.2930940504509538
2021-04-06,72.757,-1.1282436204471278,-2.3004967965583174,-3.7832317,2.729013323292708,-5.029510119851025,-0.2923895699039321
2021-04-07,70.055,-3.835173445473599,-2.271985994851562,-3.7482858,2.706246911797566,-4.978232906649128,-0.2915926222352113
2021-04-08,67.403,-6.4920048803921375,-2.242892831773874,-3.7143788,2.6825987413633245,-4.925491573137199,-0.2907026000348333
2021-04-09,65.883,-8.016737028373543,-2.2132438340804588,-3.6712024,2.6580797706990777,-4.871323604779537,-0.2897189227248154
2021-04-10,70.41699999999999,-3.487368992588628,-2.183065504778201,-3.6270163,2.6327012108898904,-4.815766715668092,-0.2886410375997997
2021-04-11,69.604,-4.304803978709299,-2.1523842922471657,-3.5601864,2.6064745178009754,-4.758858810048141,-0.2874684208652098
2021-04-12,75.85,1.937119516834061,-2.1212265597228748,-3.501599,2.579411384492595,-4.70063794421547,-0.2862005786716549
2021-04-13,77.58500000000001,3.668082772435016,-2.089618555177477,-3.453288,2.5515237336531924,-4.64114228883067,-0.2848370481443152
2021-04-14,70.70700000000001,-3.2140610353115564,-2.0575863816369204,-3.41986,2.5228237100581428,-4.580410091695063,-0.2833773984060292
2021-04-15,74.287,0.361883257497551,-2.0251559679708167,-3.3715074,2.4933236730613277,-4.518479641032144,-0.2818212315928037
2021-04-16,72.726,-1.2035413953925698,-1.9923530401908025,-3.312977,2.4630361891265364,-4.455389229317339,-0.2801681838604593
2021-04-17,71.283,-2.6508743643267927,-1.9592030932923767,-3.2374413,2.431974024405551,-4.391177117697929,-0.2784179263811163
2021-04-18,70.133,-3.805114804781923,-1.9257313636744204,-3.1623304,2.4001501373695406,-4.325881501043961,-0.2765701663282323
2021-04-19,71.211,-2.731261872234781,-1.891962802169629,-3.0927079,2.367577671500191,-4.25954047366982,-0.2746246478488964
2021-04-20,77.74499999999999,3.798944431179317,-1.8579220477182563,-3.0472543,2.3342699480468085,-4.192191995765065,-0.272581153022087
2021-04-21,74.693,0.7430690971939358,-1.8236334017164897,-2.9871883,2.3002404588553884,-4.123873860571878,-0.2704395028016059
2021-04-22,76.955,3.0008500615076565,-1.7891208030698944,-2.934253,2.2655028592754367,-4.054623662345331,-0.2681995579423972
2021-04-23,77.07700000000001,3.118718638606855,-1.7544078039811517,-2.8779197,2.23007096115007,-3.984478765131222,-0.2658612199089787
2021-04-24,81.074,7.11142431654437,-1.7195175465004395,-2.8877351,2.193958725894747,-3.9134762723951866,-0.2634244317647075
2021-04-25,80.236,6.269100381640744,-1.6844727398655142,-3.0276735,2.157180257669636,-3.84165299753515,-0.2608891790406152
2021-04-26,77.64699999999999,3.675540396230572,-1.6492956386574875,-3.0211194,2.119749796650516,-3.769045435308003,-0.2582554905825645
2021-04-27,77.372,3.39559642700429,-1.61400802179713,-2.9598782,2.0816817124026947,-3.6956897341998247,-0.2555234393754803
2021-04-28,74.48100000000001,0.499690861105952,-1.5786311724052684,-2.903338,2.0429904973623074,-3.621621669767576,-0.2526931433434259
2021-04-29,70.306,-3.680437629755548,-1.5431858585496536,-2.8471084,2.0036907604290426,-3.546876618978696,-0.2497647661243166
2021-04-30,74.43299999999999,0.4418709113995778,-1.507692314899407,-2.7939548,1.9637972206740248,-3.471489535573432,-0.2467385178180676
2021-05-01,71.182,-2.814042302355116,-1.4721702253068556,-2.7612848,1.923324701166445,-3.3954949264733005,-0.2436146557070007
2021-05-02,68.30600000000001,-5.694835974095713,-1.4366387063352657,-2.7074504,1.882288122922108,-3.3189268292573737,-0.2403934849473474
2021-05-03,72.04,-1.9655158883930104,-1.4011162917496829,-2.6472638,1.8407024989769176,-3.2418187907266,-0.2370753592307137
2021-05-04,77.788,3.7781238865280713,-1.3656209179866678,-2.5841744,1.7985829285879542,-3.164203846574622,-0.2336606814143852
2021-05-05,68.509,-5.505321248423333,-1.3301699106174705,-2.5029647,1.7559445915646008,-3.0861145021820717,-0.230149904119385
2021-05-06,75.659,1.6403490882195886,-1.294779971817636,-2.4284227,1.7128027427317971,-3.007582714549433,-0.2265435302952139
2021-05-07,70.881,-3.142065355863509,-1.2594671688548562,-2.3724713,1.6691727065273485,-2.9286398753822045,-0.2228421137502341
2021-05-08,73.045,-0.982358015922406,-1.2242469236052709,-2.3239307,1.6250698717347958,-2.8493167953400667,-0.2190462596466851
2021-05-09,74.563,0.5316659302368905,-1.1891340031071267,-2.2803519,1.5805096863531989,-2.7696436894603256,-0.2151566249593481
2021-05-10,78.314,4.278613063185577,-1.1541425111592631,-2.225515,1.5355076526048128,-2.689650163764076,-0.2111739188969069
2021-05-11,70.41600000000001,-3.623552265210403,-1.1192858809704236,-2.1684294,1.4900793220814386,-2.609365203051862,-0.2070989032850852
2021-05-12,72.732,-1.31159539765196,-1.084576868863982,-2.104845,1.4442402910298453,-2.528817159893827,-0.202932392910679
2021-05-13,67.309,-6.738579870993598,-1.0500275490412674,-2.0326793,1.3980061957765129,-2.4480337448177805,-0.1986752558256236
2021-05-14,70.487,-3.5644428975287736,-1.015649309405167,-1.966757,1.351392708291577,-2.367042017696744,-0.194328413610291
2021-05-15,72.749,-1.306119959025562,-0.981452848444272,-1.92929,1.304415531891617,-2.285868380335889,-0.1898928415952262
2021-05-16,71.228,-2.830736894097507,-0.9474481731764745,-1.8912994,1.2570903970806608,-2.204538570257135,-0.1853695690405966
2021-05-17,72.71600000000001,-1.3462309150380376,-0.9136445981493488,-1.8521007,1.2094330575285328,-2.1230776556778816,-0.1807596792726406
2021-05-18,77.28699999999999,3.2214363281776475,-0.8800507454933725,-1.8331811,1.1614592861853472,-2.04151003167872,-0.1760643097764647
2021-05-19,80.128,6.059176042019419,-0.8466745460225207,-1.8016617,1.1131848715307957,-1.959859417553316,-0.1712846522445649
2021-05-20,69.99600000000001,-4.076196694221979,-0.8135232413754259,-1.7987528,1.0646256139564956,-1.8781488553319212,-0.1664219525804962
2021-05-21,72.537,-1.5384207367693472,-0.7806033871889055,-1.8015702,1.015797322279558,-1.7964007094684635,-0.1614775108571602
2021-05-22,74.77300000000001,0.6944869925605515,-0.7479208572942107,-1.777851,0.9667158103851508,-1.7146366676793614,-0.1564526812292193
2021-05-23,73.961,-0.1205067965476791,-0.7154808489251051,-1.7500306,0.9173968939957188,-1.6328777429208237,-0.1513488717991948
2021-05-24,71.85600000000001,-2.228543584189688,-0.683287888925405,-1.723245,0.8678563875641959,-1.5511442764896008,-0.1461675444368493
2021-05-25,70.492,-3.5954424218746004,-0.6513458409424285,-1.6918468,0.8181101012883937,-1.4694559422308222,-0.140910214551507
2021-05-26,66.473,-7.617044142745713,-0.6196579135913327,-1.6303546,0.7681738382434486,-1.3878317518347814,-0.1355784508170028
2021-05-27,68.32900000000001,-5.763459866830275,-0.5882266695742311,-1.6016566,0.7180633916291016,-1.3062900612033328,-0.1301738748490075
2021-05-28,65.988,-8.106741193797554,-0.5570540357365342,-1.5670373,0.6677945421282778,-1.2248485778648122,-0.1246981608345228
2021-05-29,72.10900000000001,-1.98788767330806,-0.5261413140418575,-1.51921,0.617383055373304,-1.1435243694151611,-0.1191530351133866
2021-05-30,73.91499999999999,-0.1836416152058086,-0.495489193445579,-1.4690231,0.5668446795158781,-1.062333872961457,-0.1135402757116805
2021-05-31,78.604,4.503477920027268,-0.4650977626459507,-1.4192271,0.516195142896737,-0.9812929055426876,-0.1078617118269844
2021-06-01,81.111,7.008682097382651,-0.4349665236905798,-1.36842,0.465450151810799,-0.9004166755013789,-0.1021192232654683
2021-06-02,73.26100000000001,-0.8429765905709781,-0.4050944064148726,-1.3311614,0.4146253883633681,-0.8197197947782408,-0.0963147398308645
2021-06-03,80.009,5.903476914357049,-0.3754797836880628,-1.2796298,0.3637365084128602,-0.7392162921009231,-0.0904502406654181
2021-06-04,81.583,7.476015744150021,-0.3461204874413738,-1.2285457,0.3127991395953582,-0.658919627036732,-0.0845277535429582
2021-06-05,76.961,2.852532181120732,-0.3170138254517649,-1.1952105,0.2618288794261188,-0.5788427048778837,-0.078549354114291
2021-06-06,76.35300000000001,2.243189790143532,-0.2881565988538809,-1.165084,0.2108412934731333,-0.4989978923270142,-0.0725171651051602
2021-06-07,75.426,1.3149889781565929,-0.2595451203517829,-1.1372783,0.1598519135975794,-0.4193970339493623,-0.0664333554670808
2021-06-08,78.658,4.545764961067026,-0.2311752331011828,-1.0944042,0.1088762362560349,-0.3400514693572177,-0.0603001394813933
2021-06-09,77.183,3.069676110210203,-0.2030423302320322,-1.062368,0.0579297208590961,-0.2609720510911283,-0.054119775816947
2021-06-10,71.02600000000001,-3.0885678129291616,-0.1751413749805567,-1.0519754,0.0070277881810907,-0.1821691631616474,-0.0478945665418662
2021-06-11,78.63000000000001,4.514639048601257,-0.1474669213989398,-1.0486635,-0.0438141811846593,-0.1036527402142805,-0.0416268560899067
2021-06-12,74.18299999999999,0.0666102547892748,-0.1200131356102946,-1.0482873,-0.0945808483304845,-0.0254322872798101,-0.0353190301819621
2021-06-13,80.452,6.334714030760125,-0.0927738175757142,-1.0189632,-0.1452569175045545,0.0524830999288402,-0.028973514703325
2021-06-14,80.483,6.364893960222905,-0.0657424233396537,-0.9879041,-0.1958271375522492,0.1300847142125954,-0.0225927745373666
2021-06-15,69.294,-4.824891334294716,-0.0389120877193337,-0.93846077,-0.2462763033343345,0.2073642156150007,-0.0161793123563421
2021-06-16,76.07600000000001,1.9565755063044763,-0.01227564740317,-0.8819525,-0.2965892571277191,0.2843136097245491,-0.0097356673700794
2021-06-17,80.19900000000001,6.079032284855067,0.0141743355770981,-0.82337123,-0.3467508900144375,0.3609252255915356,-0.0032644140333608
2021-06-18,77.91,3.789498771577597,0.0404455500364949,-0.77105045,-0.3967461432646324,0.4371916933011273,0.0032318392871485
2021-06-19,78.15700000000001,4.036085060634197,0.0665459115253162,-0.7320407,-0.4465600097192161,0.5131059212445324,0.0097504516855205
2021-06-20,81.676,7.554293012826517,0.0924835379526731,-0.7011338,-0.4961775351779227,0.5886610731305959,0.0162887511277824
2021-06-21,79.99199999999999,5.869656957009672,0.1182667249820182,-0.66890866,-0.5455838197984306,0.6638505447804489,0.0228440359007372
2021-06-22,82.36200000000001,8.239177069903192,0.1439039212357885,-0.6349455,-0.5947640195121634,0.738667940747952,0.0294135760973429
2021-06-23,75.52000000000001,1.3968535282265222,0.1694037033464839,-0.59391737,-0.6437033474623532,0.8131070508088372,0.0359946151375674
2021-06-24,80.73700000000001,6.613655479087192,0.1947747508918156,-0.56681824,-0.6923870754699373,0.8871618263617529,0.0425843713235854
2021-06-25,72.95,-1.1733965163784523,0.2200258212513987,-0.5420181,-0.7408005355326488,0.9608263567840476,0.0491800394281469
2021-06-26,74.497,0.3737072495945428,0.2451657244228011,-0.5175837,-0.7889291213627662,1.0340948457855672,0.0557787923149047
2021-06-27,72.738,-1.3851365795259871,0.2702032978345051,-0.48808143,-0.8367582899687444,1.1069615878032495,0.0623777825894417
2021-06-28,79.027,4.904176981222538,0.2951473811934756,-0.4532775,-0.8842735632859072,1.1794209444793828,0.0689741442797122
2021-06-29,76.73,2.607648086874208,0.3200067914048354,-0.42111975,-0.931460529861306,1.2514673212661414,0.0755649945445588
2021-06-30,75.006,0.884276892463145,0.3447902976010294,-0.3905764,-0.978304846597647,1.3230951441986765,0.0821474354089393
2021-07-01,75.142,1.0210205660313898,0.3695065963176578,-0.36377957,-1.0247922405611247,1.3942988368787823,0.0887185555244614
2021-07-02,77.234,3.113921081480301,0.394164286852879,-0.33843458,-1.0709085108578305,1.4650727977107094,0.0952754319537843
2021-07-03,79.36500000000001,5.245949535856218,0.4187718468470626,-0.3104536,-1.1166395305832433,1.535411377430306,0.1018151319774177
2021-07-04,77.554,3.436135931980392,0.4433376081189306,-0.27841172,-1.161971248849199,1.6053088569681295,0.1083347149214167
2021-07-05,69.49600000000001,-4.620519585900522,0.4678697327940997,-0.2541919,-1.2068896928924866,1.6747594256865863,0.1148312340044402
2021-07-06,74.617,0.5020121780821256,0.4923761897614752,-0.24650538,-1.251380970269132,1.7437571600306072,0.1213017382026126
2021-07-07,82.038,7.924672462399971,0.5168647314924325,-0.22913796,-1.295431271138165,1.8122960026305972,0.1277432741305985
2021-07-08,80.628,6.51640297293002,0.5413428712572459,-0.19425419,-1.3390268706385364,1.8803697418957823,0.1341528879372856
2021-07-09,75.351,1.2410470531598057,0.5658178607725721,-0.15160264,-1.382154131362587,1.947971992135159,0.1405276272144294
2021-07-10,74.336,0.2278556084920859,0.5902966683132065,-0.12661624,-1.424799505929328,2.0150961742425344,0.1468645429166121
2021-07-11,82.37400000000001,8.267659109533977,0.6147859573207163,-0.10370599,-1.4669495396605026,2.081735496981219,0.1531606912908269
2021-07-12,77.487,3.382623283343304,0.639292065540681,-0.07077047,-1.5085908733622593,2.1478829389029404,0.1594131358140003
2021-07-13,73.12100000000001,-0.9812809825404064,0.6638209847197225,-0.024658365,-1.5497102462149297,2.213531230934652,0.1656189491367313
2021-07-14,77.079,2.97877461724795,0.6883783408925461,0.011960354,-1.590294498773289,2.278672839665835,0.1717752150315218
2021-07-15,76.856,2.757903034734721,0.7129693752884478,0.04057837,-1.6303305760793052,2.343299951367753,0.1778790303437562
2021-07-16,79.176,5.079502948127915,0.7375989258858971,0.063257664,-1.6698055308892688,2.407404456775166,0.1839275069436749
2021-07-17,79.092,4.997270894903009,0.7622714096427989,0.08182299,-1.7087065270167965,2.470977936659596,0.1899177736775775
2021-07-18,73.144,-0.9490270655317063,0.786990805429194,0.11696118,-1.7470208427930876,2.5340116482222816,0.1958469783164898
2021-07-19,72.52799999999999,-1.563161002750144,0.8117606376881019,0.13724275,-1.7847358746454025,2.596496512333504,0.2017122895005078
2021-07-20,70.28099999999999,-3.808131033618414,0.8365839608492385,0.1513303,-1.8218391407946213,2.6584231016438595,0.2075108986770483
2021-07-21,76.678,2.591062724997272,0.8614633445192138,0.17190623,-1.8583182850722848,2.7197816295914983,0.2132400220312131
2021-07-22,76.102,2.0172314548549477,0.8864008594708696,0.18716472,-1.8941610808574536,2.7805619403283237,0.2188969024064906
2021-07-23,73.256,-0.8264507505244945,0.9113980644531487,0.20464577,-1.929355435133227,2.840753499586376,0.2244788112140072
2021-07-24,70.723,-3.356974927153183,0.9364559938418798,0.22229692,-1.963889392662662,2.900345386504542,0.2299830503285532
2021-07-25,73.798,-0.2786829688550938,0.9615751461505928,0.2478473,-1.997751140283439,2.959326286434032,0.2354069539696081
2021-07-26,79.271,5.197739691887346,0.9867554734193796,0.26523358,-2.030929011320364,3.017684484739744,0.240747890565604
2021-07-27,77.541,3.470593642289536,1.0119963714985087,0.29341456,-2.0634114901145497,3.0754078616130585,0.2460032645996621
2021-07-28,75.115,1.0474017663012072,1.0372966712423464,0.32388872,-2.095187216667732,3.1324838879100785,0.251170518435068
2021-07-29,71.64099999999999,-2.423630737159563,1.0626546306278566,0.35185525,-2.1262449914000423,3.1888996220278987,0.2562471341187443
2021-07-30,78.814,4.752659983183498,1.088067927810611,0.37432337,-2.1565737800190767,3.244641707829688,0.2612306351610113
2021-07-31,70.023,-4.035267131008406,1.1135336551300363,0.3846502,-2.186162718497986,3.2996963736280227,0.2661185882899288
2021-08-01,75.07300000000001,1.018331240570273,1.139048314074315,0.40326127,-2.215001118159941,3.354049432234256,0.2709086051785442
2021-08-02,74.819,0.7679196681852476,1.164607811213901,0.4145179,-2.2430784708660063,3.407686282079907,0.2755983441433824
2021-08-03,79.497,5.449372594439875,1.1902074551115145,0.43300286,-2.2703844543032807,3.460591909414795,0.2801855118125416
2021-08-04,68.83,-5.214043496710178,1.2158419542148415,0.45274833,-2.296908937369756,3.5127508915845973,0.2846678647617782
2021-08-05,67.331,-6.709195782803009,1.2415054157371446,0.46972793,-2.322641985652173,3.564147401389317,0.289043211117001
2021-08-06,73.34,-0.6959876451226217,1.2671913455292474,0.47343862,-2.3475738669927804,3.614765212522028,0.2933094121216049
2021-08-07,76.00500000000001,1.973084126683842,1.2928926489454218,0.4742737,-2.3716950571407143,3.664587706086136,0.2974643836671246
2021-08-08,78.519,4.491310019959793,1.3186016327039287,0.4818544,-2.394996245483379,3.713597878187308,0.3015060977857012
2021-08-09,78.149,4.125108388220737,1.3443100077418928,0.4898359,-2.417468340852979,3.761778348594872,0.3054325841029049
2021-08-10,74.27,0.2500412101932845,1.3700088930626555,0.49259225,-2.4391024774030794,3.809111370465735,0.309241931249478
2021-08-11,75.533,1.5171075814631747,1.395688820572503,0.5135325,-2.4598900205498326,3.855578841122336,0.3129322882306058
2021-08-12,71.909,-2.1026793343816763,1.4213397409021402,0.54671526,-2.479822572972198,3.9011623138743374,0.3165018657513634
2021-08-13,68.56,-5.447249207470521,1.4469510302071469,0.5794108,-2.498891980665345,3.945843010872492,0.3199489374970162
2021-08-14,70.988,-3.0144410988199715,1.4725114979401028,0.6080127,-2.517090339041069,3.989601836981172,0.3232718413669066
2021-08-15,78.934,4.936577573788815,1.4980093955858118,0.61811185,-2.53440999906891,4.032419394654722,0.3264689806606883
2021-08-16,77.307,3.3147345040699427,1.5234324263497916,0.6377811,-2.5508435734513863,4.074275999801178,0.3295388252157278
2021-08-17,75.561,1.5740658997540171,1.548767755788706,0.6446774,-2.566383942826549,4.115151698615255,0.3324799124945228
2021-08-18,74.751,0.7693631989786596,1.5740020233703376,0.6492542,-2.5810242619908927,4.15502628536123,0.3352908486210491
2021-08-19,77.4135,2.962270411259809,1.5991213549492176,0.6417456,-2.594757966135373,4.193879321084591,0.3379703093649843
2021-08-20,80.076,6.105235933373366,1.6241113761428625,0.629779,-2.6075787770871672,4.23169015323003,0.3405170410728152
2021-08-21,81.622,7.656830502587945,1.6489572265923014,0.6326934,-2.619480709549592,4.268437936141893,0.3429298615448765
2021-08-22,82.23,8.270588064908807,1.6736435750893868,0.64132136,-2.630458077332422,4.304101652421809,0.3452076608574307
2021-08-23,80.763,6.809404195366911,1.6981546355520678,0.66454643,-2.6405054995646937,4.338660135116761,0.3473494021289458
2021-08-24,74.96300000000001,1.0153805102274118,1.7224741838277478,0.6969751,-2.6496179068818906,4.372092090709638,0.3493541222297783
2021-08-25,74.893,0.9515166390010572,1.7465855753036397,0.7424612,-2.657790547579331,4.4043761228829705,0.3512209324345372
2021-08-26,77.763,3.8277179985173815,1.7704717633019025,0.7640174,-2.6650189937233706,4.435490757025272,0.3529490190164422
2021-08-27,75.865,1.9357434028140004,1.794115318236238,0.77658075,-2.6712991472119136,4.465414465448152,0.354537643783063
2021-08-28,74.177,0.2539184265253214,1.8174984475055944,0.7872194,-2.676627245775704,4.494125693281298,0.3559861445528727
2021-08-29,79.991,6.074242635786747,1.8406030160995537,0.7974786,-2.6809998689116084,4.521602885011162,0.3572939355721118
2021-08-30,81.53,7.619715596733782,1.8634105678890012,0.8120149,-2.6844139437391625,4.547824511628164,0.3584605078715159
2021-08-31,80.125,6.221294532873824,1.8859023475746677,0.8126157,-2.6868667507714767,4.572769098346145,0.3594854295625265
2021-09-01,78.87700000000001,4.980022522656218,1.908059323265244,0.7963882,-2.688355929591562,4.596415252856806,0.3603683460726501
2021-09-02,75.402,1.5113804026833746,1.9298622096558584,0.78999346,-2.6888794844250854,4.618741694080944,0.3611089803197097
2021-09-03,68.72,-5.164114674615525,1.951291491776817,0.8087783,-2.6884357896005056,4.639727281377322,0.3617071328247769
2021-09-04,69.403,-4.474463227338813,1.9723274492817515,0.8194906,-2.68702359488752,4.659351044169272,0.3621626817636497
2021-09-05,73.018,-0.8524291712771586,1.9929501812434536,0.8275652,-2.684642030704715,4.677592211948168,0.3624755829567834
2021-09-06,71.463,-2.399974042031051,2.01313963142501,0.85170543,-2.681290613187346,4.694430244612356,0.3626458697976742
2021-09-07,76.422,2.566669566484838,2.0328756139931072,0.8771798,-2.676969249106116,4.709844863099223,0.3626736531197165
2021-09-08,67.676,-6.171542298352464,2.0521378396397942,0.90080154,-2.6716782406279287,4.7238160802677225,0.3625591210016577
2021-09-09,75.46700000000001,1.6274360169511262,2.0709059420782165,0.9254832,-2.6654182899094967,4.736324231987713,0.3623025385118065
2021-09-10,78.133,4.301556718040917,2.089159504877485,0.8744013,-2.658190503514889,4.747350008392374,0.3619042473912319
2021-09-11,70.42,-3.4034627427138977,2.106878088601164,0.8881767,-2.649996396648012,4.756874485249176,0.3613646656762354
2021-09-12,78.39,4.574664971664614,2.124041258213447,0.91122514,-2.6408378971912003,4.764879155404648,0.3606842872604628
2021-09-13,74.124,0.3169257155130651,2.140628610716631,0.9259273,-2.6307173495410736,4.771345960257705,0.3598636813970571
2021-09-14,73.392,-0.4070500895683553,2.156619802983186,0.9308517,-2.6196375182330294,4.776257321216216,0.3589034921413363
2021-09-15,75.044,1.2530961714028894,2.1719945797453,0.9469663,-2.607601591345753,4.779596171091054,0.3578044377345323
2021-09-16,77.284,3.5011079460740326,2.186732801704529,0.966728,-2.5946131836773088,4.781345985381838,0.356567309929186
2021-09-17,76.401,2.626106873158272,2.2008144737239803,0.9723837,-2.580676339684449,4.781490813408429,0.355192973256857
2021-09-18,74.31500000000001,0.5477349844901642,2.214219773065181,0.84627455,-2.565795536177023,4.780015309242204,0.3536823642388629
2021-09-19,70.272,-3.487959585924404,2.226929077631759,0.76393247,-2.54997568475944,4.776904762391199,0.3520364905408253
2021-09-20,80.08999999999999,6.337479366792478,2.238922994181863,0.77379733,-2.533222134011351,4.772145128193214,0.3502564300718501
2021-09-21,73.38,-0.3649962303923466,2.2501823864712835,0.7866254,-2.5155406713998865,4.7657230578711705,0.3483433300292363
2021-09-22,70.69200000000001,-3.045387083007464,2.2606884032892207,0.8111368,-2.496937524916024,4.757625928205245,0.3462984058896556
2021-09-23,71.17999999999999,-2.54969389658151,2.270422506348671,0.83911604,-2.477419364427826,4.747841870776497,0.3441229403478026
2021-09-24,74.328,0.6060959327297146,2.2793664979936112,0.857097,-2.456993302743517,4.736359800737128,0.3418182822035729
2021-09-25,74.209,0.4949680223626291,2.287502548685165,0.8878912,-2.435666896377638,4.723169445062803,0.3393858451988734
2021-09-26,68.625,-5.081339952252393,2.2948132242292734,0.89563674,-2.4134481460137174,4.70826137024299,0.336827106805225
2021-09-27,72.137,-1.5612895520065084,2.301281512708627,0.82322043,-2.390345496657206,4.691627009365833,0.3341436069633671
2021-09-28,76.91000000000001,3.2198758391580906,2.3068908510818003,0.7830106,-2.3663678374726222,4.673258688554423,0.3313369467761254
2021-09-29,77.015,3.333119024673355,2.311625151413076,0.78577703,-2.34152450129922,4.653149652712296,0.3284087871558459
2021-09-30,76.479,2.805177688877213,2.3154688266967005,0.761666,-2.315825263839724,4.631294090536424,0.3253608474277542
2021-10-01,72.488,-1.177769543041924,2.318406816239744,0.75955325,-2.2892803425169466,4.60768715875669,0.3221949038906338
2021-10-02,74.84,1.1823610110016132,2.3204246105684216,0.7601146,-2.2619003949935554,4.582325005561977,0.3189127883362732
2021-10-03,69.752,-3.897471071201057,2.3215082758230072,0.78710836,-2.233696517350379,4.555204793173386,0.3155163865291602
2021-10-04,74.339,0.6983703206861476,2.3216444776072827,0.8203435,-2.204680241919147,4.52632471952643,0.3120076366479553
2021-10-05,77.026,3.39423152540628,2.32082050425893,0.8401365,-2.1748635347657714,4.4956840390247015,0.3083885276903039
2021-10-06,75.048,1.4250599880490693,2.3190242895080995,0.8505436,-2.1442587928207364,4.463283082328836,0.304661097842597
2021-10-07,73.083,-0.5317232575858526,2.316244434491952,0.8580825,-2.112878840653404,4.429123275145356,0.3008274328163096
2021-10-08,72.45899999999999,-1.147449439102961,2.3124702290938384,0.82173824,-2.0807369268874982,4.393207155981337,0.296889664152597
2021-10-09,71.68900000000001,-1.9084639346204773,2.30769167257654,0.8137502,-2.0478467202553605,4.3555383928319005,0.2928499674968485
2021-10-10,72.614,-0.9743512588793788,2.301899493479854,0.8198034,-2.014222305288972,4.316121798768826,0.2887105608449342
2021-10-11,81.50200000000001,7.9229022873501025,2.2950851687536504,0.8080731,-1.9798781776460603,4.27496334639971,0.2844737027629064
2021-10-12,85.244,11.674190783129422,2.2872409420984723,0.7788611,-1.944829239070112,4.232070181168584,0.2801416905819477
2021-10-13,83.123,9.562513586930717,2.2783598414867368,0.72428685,-1.9090907919834008,4.187450633470138,0.2757168585703768
2021-10-14,75.829,2.277796082749089,2.2684356958384853,0.71879125,-1.8726785337125973,4.141114229551083,0.2712015760845472
2021-10-15,76.16199999999999,2.6200864762470504,2.2574631508268097,0.73395747,-1.835608550346956,4.093071701173765,0.2665982457004998
2021-10-16,78.619,5.085604305864353,2.245437683788958,0.7506922,-1.797897310229401,4.043334994018359,0.2619093013282393
2021-10-17,81.176,7.651005368492453,2.2323556177203714,0.6934667,-1.7595616570813717,3.991917274801743,0.2571372063105263
2021-10-18,81.401,7.884367247264757,2.218214134329947,0.627508,-1.7206188027625806,3.938832937092528,0.2522844515080982
2021-10-19,77.03,3.5215987177060537,2.203011286135975,0.6577641,-1.681086319667375,3.8840976058033503,0.247353553373223
2021-10-20,77.247,3.746724566882089,2.18674600758341,0.45638564,-1.6409821327597325,3.827728140343143,0.2423470520135247
2021-10-21,76.297,2.8048373521449648,2.1694181251642584,0.31354946,-1.6003245112493771,3.769742636413636,0.237267509248015
2021-10-22,84.176,10.691947803661227,2.151028366524245,-0.2586245,-1.5591320599119711,3.710160426436216,0.2321175066572652
2021-10-23,77.299,3.8230550852411698,2.131578368539998,-0.4195382,-1.5174237100566903,3.649002078596688,0.2268996436296703
2021-10-24,81.842,8.373995468642118,2.1110706843524003,-1.9958204,-1.4752187101449892,3.5862893944973893,0.22161653540575
2021-10-25,76.685,3.224926583312933,2.08950878934295,-2.613279,-1.432536616064753,3.5220454054077037,0.2162708111224313
2021-10-26,76.481,3.028730179384408,2.0668970860413896,-2.6988907,-1.3893972810644872,3.456294367105877,0.210865111859254
2021-10-27,78.69800000000001,5.253524292235002,2.0432409079540643,-2.743906,-1.3458208453525906,3.389061753306655,0.205402088688439
2021-10-28,74.942,1.5053080438164974,2.0185465223039496,-2.7338665,-1.301827725367229,3.320374247671179,0.1998844007307483
2021-10-29,79.73700000000001,6.307927069388866,1.9928211316745403,-2.7195256,-1.2574386027227251,3.250259734397265,0.194314713219058
2021-10-30,82.297,8.875322668051638,1.966072874551191,-2.704438,-1.2126744128387856,3.1787472873899767,0.1886956955715527
2021-10-31,82.541,9.126676041102169,1.9383108247549363,-2.6637006,-1.1675563332593542,3.1058671580142905,0.1830300194764355
2021-11-01,74.968,1.56100513756682,1.9095449897650876,-2.8452644,-1.1221057716682346,3.0316507614333217,0.1773203569900353
2021-11-02,73.445,0.0452627562098353,1.879786307928424,-2.825893,-1.0763443536090809,2.9561306615375047,0.1715693786501717
2021-11-03,75.501,2.108539239271643,1.8490466445541116,-2.7890239,-1.0302939099177717,2.879340554471883,0.1657797516066166
2021-11-04,63.807,-9.578257630991803,1.817338786894896,-2.9753768,-0.9839764638754938,2.8013152507703896,0.1599541377704757
2021-11-05,73.99,0.6120019181742657,1.7846764380165472,-2.9748385,-0.9374142180913846,2.722090656107932,0.1540951919842785
2021-11-06,78.381,5.010143183412048,1.7510742095589138,-2.9759727,-0.8906295411238627,2.6417037506827765,0.1482055602145515
2021-11-07,74.39,1.0262533013433115,1.716547613393336,-2.9235895,-0.8436449538502182,2.560192567243554,0.1422878777686098
2021-11-08,73.57,0.2127499137777899,1.6811130521826156,-2.8685174,-0.796483115594394,2.4775961677770098,0.1363447675372779
2021-11-09,78.777,5.426264558033763,1.6447878088510088,-3.2834358,-0.7491668100232147,2.393954618874224,0.1303788382652186
2021-11-10,71.789,-1.5552372273107498,1.6075900349732617,-3.245139,-0.7017189308217506,2.309308965795012,0.1243926828505092
2021-11-11,70.3,-3.037725792252151,1.569538738092935,-3.2311423,-0.6541624671588057,2.223701205251741,0.1183888766750794
2021-11-12,69.678,-3.653025480995219,1.5306537679816767,-3.232437,-0.6065204889538254,2.137174256935502,0.11236997596757
2021-11-13,70.899,-2.425338823424529,1.4909558018524898,-3.1853154,-0.5588161319569505,2.04977193380944,0.1063385162001502
2021-11-14,73.192,-0.1249319051046278,1.4504663285412895,-3.1700273,-0.5110725826541352,1.961538911195425,0.1002970105207788
2021-11-15,75.504,2.19447918271453,1.4092076316724893,-3.1634052,-0.4633130630096672,1.8725206946821564,0.0942479482223529
2021-11-16,79.393,6.090831038917406,1.367202771825463,-3.1238291,-0.4155608150586454,1.782763586884108,0.0881937932501458
2021-11-17,72.098,-1.1974277959296415,1.3244755677202544,-3.0652046,-0.3678390853622906,1.692314653082545,0.0821369827488876
2021-11-18,73.994,0.7053309705147006,1.2810505764419458,-3.028384,-0.3201711093392423,1.601221685781188,0.0760799256507946
2021-11-19,77.479,4.197075540776522,1.236953072724454,-3.1016972,-0.2725800954862287,1.5095331682106827,0.0700250013058031
2021-11-20,67.741,-5.534226739124125,1.1922090273157178,-3.0439403,-0.2250892095017655,1.4172982368174831,0.0639745581552137
2021-11-21,71.491,-1.7775460000999033,1.1468450844473783,-3.0013926,-0.1777215583267584,1.324566642774137,0.0579309124498991
2021-11-22,77.59,4.328729900455353,1.100888538433344,-2.9594421,-0.1305001741161412,1.2313887125494851,0.0518963470141759
2021-11-23,82.75200000000001,9.49739026979886,1.054367309422499,-2.9251447,-0.0834479981557921,1.137815307578291,0.0458731100563842
2021-11-24,74.783,1.535031712831784,1.0073099183322822,-2.8713942,-0.0365878647393162,1.0438977830715983,0.0398634140271627
2021-11-25,70.323,-2.918346732292515,0.9597454609905672,-2.8616295,0.0100575149807042,0.9496879460098632,0.0338694345263558
2021-11-26,75.766,2.531416864632301,0.9117035815146104,-2.8440926,0.056465569152112,0.8552380123624985,0.0278933092594192
2021-11-27,74.397,1.1691630761209852,0.8632144449565797,-2.8155296,0.1026138813782642,0.7606005635783155,0.0219371370441433
2021-11-28,74.97800000000001,1.756890964449056,0.814308709246378,-2.8038008,0.1484802068536675,0.6658285023927104,0.0160029768684456
2021-11-29,72.979,-0.2354004081080472,0.7650174964632198,-2.754842,0.1940424884649436,0.5709750079982762,0.0100928469999269
2021-11-30,76.765,3.5572880207251565,0.7153723634683834,-2.7187634,0.2392788728418244,0.4760934906265589,0.004208724147819
2021-12-01,77.94,4.73895531322416,0.6654052719324739,-2.689762,0.2841677263426773,0.3812375455897965,-0.0016474573221017
2021-12-02,73.20500000000001,0.0106005316644406,0.6151485577912141,-2.6385996,0.3286876509591687,0.2864609068320454,-0.0074738061191387
2021-12-03,71.73100000000001,-1.4566337774916116,0.5646349001646634,-2.582841,0.3728175001244845,0.1918174000401789,-0.0132684747053854
2021-12-04,70.729,-2.45126440508355,0.5138972897754179,-2.5372238,0.4165363944095641,0.0973608953658538,-0.0190296599191549
2021-12-05,73.571,0.3981547864127259,0.4629689969021087,-2.4873104,0.4598237370917503,0.0031452598103583,-0.0247556035438073
2021-12-06,76.863,3.6975349105225632,0.4118835389050519,-2.4702005,0.5026592295802897,-0.0907756906752378,-0.0304445928217349
2021-12-07,78.857,5.698832843538374,0.3606746473616216,-2.4867535,0.5450228866831235,-0.1843482393215018,-0.0360949609133175
2021-12-08,76.083,2.9319454577652184,0.3093762348493449,-2.4756644,0.5868950516994326,-0.2775188168500876,-0.0417050873007366
2021-12-09,78.114,4.969848631368666,0.2580223614153404,-2.548109,0.6282564113224772,-0.3702340499071367,-0.0472733981365943
2021-12-10,75.37299999999999,2.235699993797565,0.2066472007710671,-2.5469577,0.6690880103373165,-0.4624408095662493,-0.0527983665373504
2021-12-11,72.384,-0.746501315259879,0.1552850062518752,-2.6025584,0.7093712660981127,-0.5540862598462375,-0.0582785128216659
2021-12-12,75.611,2.487243843884464,0.1039700765810985,-3.0383866,0.7490879827697864,-0.6451179061886878,-0.0637124046937893
2021-12-13,76.39500000000001,3.277902918785503,0.0527367214788132,-3.6452081,0.7882203653189637,-0.7354836438401504,-0.0690986573722035
2021-12-14,71.634,-1.4764941199345891,0.0016192271556759,-4.0162745,0.8267510332392549,-0.8251318060835791,-0.0744359336638088
2021-12-15,70.31800000000001,-2.785910566553558,-0.0493481782676638,-4.35701,0.8646630339960838,-0.9140112122637476,-0.0797229439839827
2021-12-16,71.27699999999999,-1.820287602442944,-0.1001313593747218,-4.707219,0.9019398561764492,-1.002071215551171,-0.0849584463229211
2021-12-17,65.736,-7.354500815085127,-0.150696308060133,-4.654257,0.938565442329216,-1.0892617503893491,-0.0901412461587335
2021-12-18,69.494,-3.5896045924204385,-0.2010091780883894,-4.633557,0.9745242014816982,-1.1755333795700875,-0.0952701963178213
2021-12-19,68.768,-4.308257789857615,-0.2510363195634988,-4.6147285,1.0098010213185882,-1.260837340882087,-0.1003441967831356
2021-12-20,73.975,0.906009755332299,-0.3007443132685896,-4.5847473,1.0443812800094607,-1.3451255932780504,-0.1053621944509744
2021-12-21,71.89800000000001,-1.163802664112671,-0.3501000048346474,-4.6027274,1.0782508576713872,-1.4283508625060346,-0.1103231828370322
2021-12-22,77.717,4.66241883030988,-0.3990705386977453,-4.7872515,1.1113961474534575,-1.510466686151203,-0.1152262017324841
2021-12-23,73.82600000000001,0.7784411944565433,-0.447623391804212,-5.332869,1.143804066230306,-1.591427458034518,-0.1200703368109407
2021-12-24,86.62100000000001,13.579866659788976,-0.495726407023463,-5.5709934,1.1754620648920178,-1.6711884719154808,-0.1248547191871664
2021-12-25,67.803,-5.231939321355894,-0.5433478262285866,-5.969356,1.2063581382181692,-1.749705964446756,-0.1295785249285205
2021-12-26,66.26700000000001,-6.761656176905636,-0.59045632300499,-6.162564,1.2364808343240574,-1.8269371573290476,-0.1342409745201229
2021-12-27,65.05,-7.9724431822401085,-0.6370210349478036,-6.4459515,1.265819263667533,-1.9028402986153363,-0.138841332284809
2021-12-28,70.455,-2.5612094289225924,-0.6830115955093295,-6.442125,1.2943631076052349,-1.9773747031145643,-0.1433789057589939
2021-12-29,75.18299999999999,2.173516690351528,-0.7283981653580509,-6.580554,1.3221026264873963,-2.0505007918454474,-0.1478530450256093
2021-12-30,72.797,-0.2064066258168209,-0.7731514632115111,-6.548062,1.3490286672808172,-2.122180130492328,-0.1522631420053347
2021-12-31,78.367,5.370160966294287,-0.8172427961057128,-6.534212,1.3751326707099722,-2.192375466815685,-0.1566086297073914
2022-01-01,76.347,3.356221149472674,-0.8606440890644569,-6.5037265,1.400406677906678,-2.2610507669711346,-0.1608889814412128
2022-01-02,70.44,-2.544935421871285,-0.9033279141326892,-6.448477,1.4248433365591826,-2.328171250691872,-0.165103709990355
2022-01-03,63.278,-9.700746777215103,-0.9452675187385504,-6.6531506,1.448435906551989,-2.393703425290539,-0.1692523667500479
2022-01-04,63.608,-9.364648512833256,-0.986436853349664,-6.8325777,1.4711782650881668,-2.4576151184378308,-0.1733345408298423
2022-01-05,63.636,-9.3303832660363,-1.0268105983899736,-6.859309,1.4930649112864338,-2.519875509676408,-0.1773498581228356
2022-01-06,73.735,0.7747909196365788,-1.0663641903842718,-6.873805,1.5140909702457346,-2.5804551606300064,-0.1812979803430054
2022-01-07,78.00999999999999,5.055758789846999,-1.1050738472984007,-6.964735,1.534252196570535,-2.639326043868936,-0.1851786040322167
2022-01-08,70.912,-2.036929192826385,-1.1429165930441416,-6.8830338,1.5535449773506331,-2.696461570394775,-0.1889914595385002
2022-01-09,69.837,-3.106699304626193,-1.1798702811186412,-6.8161683,1.5719663345896997,-2.7518366157083407,-0.1927363099672349
2022-01-10,69.366,-3.5725523172157008,-1.2159136173492573,-6.744537,1.589513927077375,-2.805427544426633,-0.1964129501068976
2022-01-11,65.765,-7.168345518071182,-1.25102618171585,-6.689851,1.6061860517002762,-2.857212233416126,-0.2000212053310752
2022-01-12,63.469,-9.459219264016092,-1.2851884492233747,-6.627388,1.621981644187729,-2.907170093411104,-0.2035609304784531
2022-01-13,73.66499999999999,0.7418256945343913,-1.318381809799024,-6.570825,1.636900279288762,-2.9552820890877864,-0.2070320087125293
2022-01-14,69.856,-3.0623030868906422,-1.3505885871890189,-6.5087466,1.6509421703772382,-3.001530757566257,-0.2104343503628166
2022-01-15,70.99,-1.923512131665662,-1.3817920568315638,-6.4425497,1.664108168482801,-3.045900225314365,-0.2137678917493224
2022-01-16,64.716,-8.192710510105933,-1.4119764626834983,-6.3822575,1.6763997607457,-3.0883762234291985,-0.2170325939921105
2022-01-17,65.194,-7.709527762813286,-1.441127032979453,-6.3231483,1.687819068294235,-3.128946101273688,-0.2202284418077635
2022-01-18,65.003,-7.89544062998143,-1.4692299949036245,-6.2597194,1.69836884354411,-3.1675988384477343,-0.2233554422945844
2022-01-19,67.897,-4.996052598605793,-1.4962725881554866,-6.1997585,1.7080524669196069,-3.2043250550750937,-0.2264136237083794
2022-01-20,67.876,-5.011741608426896,-1.5222430773920943,-6.174635,1.716873942997023,-3.2391170203891173,-0.2294030342306779
2022-01-21,64.976,-7.9065171714959135,-1.5471307635309146,-6.117024,1.7248378960714674,-3.271968659602382,-0.2323237407312497
2022-01-22,57.923,-14.954379907388027,-1.5709259938985531,-6.0418015,1.7319495651486898,-3.302875559047243,-0.2351758275267928
2022-01-23,75.697,2.8246695643215918,-1.5936201712119824,-5.974199,1.738214798364183,-3.3318349695761653,-0.2379593951376431
2022-01-24,70.681,-2.186792511719803,-1.6152057613803417,-5.9180837,1.7436400468324418,-3.3588458082127834,-0.2406745590443915
2022-01-25,65.35199999999999,-7.511295960269967,-1.635676300116804,-5.8511147,1.7482323579298569,-3.3839086580466606,-0.2433214484462609
2022-01-26,72.575,-0.2833924188586021,-1.6550263983512363,-5.7732334,1.75199936801526,-3.4070257663664965,-0.2459002050231068
2022-01-27,67.115,-5.73845926266712,-1.6732517464360712,-5.691792,1.75494929459285,-3.428201041028921,-0.2484109817028925
2022-01-28,66.97200000000001,-5.876588728601037,-1.6903491171389755,-5.617668,1.7570909279226938,-3.4474400450616693,-0.2508539414364825
2022-01-29,69.732,-3.111781409682149,-1.706316367417536,-5.5437236,1.7584336220846912,-3.464749989502227,-0.2532292559815816
2022-01-30,72.436,-0.4030378989322312,-1.7211524389724695,-5.495438,1.758987285502419,-3.4801397244748884,-0.2555371046976371
2022-01-31,65.937,-6.896935653595535,-1.734857357577508,-5.4739337,1.7587623709339335,-3.493619728511441,-0.2577776733535005
2022-02-01,70.95,-1.878910091304995,-1.7474322311853387,-5.420247,1.7577698649370723,-3.505202096122411,-0.2599511529496346
2022-02-02,72.39099999999999,-0.4329617406811543,-1.758879246810635,-5.392556,1.7560212768174908,-3.5149005236281257,-0.2620577385566126
2022-02-03,65.17699999999999,-7.64197654458003,-1.7692016661925647,-5.375284,1.753528627068208,-3.5227302932607727,-0.264097628171656
2022-02-04,69.20700000000001,-3.607072782739161,-1.7784038202406158,-5.349578,1.7503044353099406,-3.5287082555505567,-0.2660710215949123
2022-02-05,66.43499999999999,-6.3742509663391465,-1.786491102269116,-5.2977448,1.7463617077421572,-3.5328528100112733,-0.2679781193271557
2022-02-06,70.87899999999999,-1.9255116065604367,-1.7934699600271449,-5.2297487,1.7417139241152562,-3.535183884142401,-0.2698191214905602
2022-02-07,63.918,-8.8818552145836,-1.799347886532113,-5.17399,1.7363750242348883,-3.5357229107670016,-0.2715942267741645
2022-02-08,66.65,-6.145282301589195,-1.804133409716568,-5.121663,1.730359394009885,-3.5344928037264527,-0.2733036314056098
2022-02-09,72.735,-0.0557112397079384,-1.8078360808993932,-5.0773444,1.7236818510558982,-3.531517931955292,-0.2749475281506992
2022-02-10,68.098,-4.688119155284018,-1.810466462093722,-5.0327477,1.7163576298672345,-3.5268240919609566,-0.2765261053422874
2022-02-11,68.818,-3.963607032337373,-1.8120361121655688,-4.981292,1.7084023665700097,-3.5204384787355782,-0.2780395459399635
2022-02-12,68.898,-3.879045907266632,-1.8125575718583036,-4.918113,1.6998320832701272,-3.5123896551284304,-0.2794880266219605
2022-02-13,70.118,-2.6543736166883143,-1.812044347699664,-4.854614,1.690663172010122,-3.502707519709786,-0.280871716910663
2022-02-14,71.16699999999999,-1.6003740554952444,-1.8105108948091688,-4.8179145,1.6809123783494044,-3.4914232731585733,-0.2821907783330536
2022-02-15,77.717,4.954678760691999,-1.807972598625216,-4.7946377,1.6705967845827872,-3.478569383208004,-0.2834453636173832
2022-02-16,66.285,-6.472600033821503,-1.8044457555724869,-4.754177,1.6597337926127769,-3.464179548185264,-0.2846356159272987
2022-02-17,65.89299999999999,-6.8599699943213945,-1.7999475526914075,-4.7255282,1.6483411064913909,-3.4482886591827984,-0.2857616681346173
2022-02-18,65.98700000000001,-6.761431508511525,-1.794496046252802,-4.672346,1.6364367146477474,-3.430932760900549,-0.2868236421318781
2022-02-19,67.786,-4.957984964095895,-1.7881101393820702,-4.621756,1.624038871818103,-3.412149011200173,-0.2878216481857463
2022-02-20,70.273,-2.4666307487784103,-1.78080955871833,-4.58654,1.6111660806952846,-3.3919756394136145,-0.2887557843322948
2022-02-21,67.253,-5.482228232329537,-1.7726148301352616,-4.5886154,1.5978370733149645,-3.370451903450226,-0.2896261358151265
2022-02-22,69.87,-2.860922715909661,-1.7635472535514312,-4.631513,1.584070792196463,-3.347618045747894,-0.2904327745672366
2022-02-23,70.88,-1.8466848242778555,-1.7536288768590036,-4.616954,1.5698863712561608,-3.3235152481151644,-0.2911757587374726
2022-02-24,68.971,-3.7515454867448863,-1.7428824690007825,-4.5736194,1.5553031165118822,-3.2981855855126647,-0.2918551322623605
2022-02-25,67.329,-5.389406503828434,-1.731331492226694,-4.527174,1.5403404865969603,-3.2716719788236546,-0.2924709244840305
2022-02-26,63.535,-9.179364120146124,-1.719000073561545,-4.4817944,1.5250180731028635,-3.244018146664408,-0.2930231498148904
2022-02-27,67.24,-5.470240926853786,-1.7059129755171911,-4.470967,1.5093555807696768,-3.215268556286868,-0.2935118074496506
2022-02-28,70.533,-2.172733239669456,-1.6920955660828652,-4.4809628,1.4933728075438155,-3.185468373626681,-0.2939368811252165
2022-03-01,70.19200000000001,-2.509242131564723,-1.677573788028477,-4.4652023,1.4770896245226897,-3.1546634125511663,-0.2942983389289185
2022-03-02,72.23400000000001,-0.4624802615278423,-1.662374127556482,-4.4323606,1.460525955806174,-3.122900083362656,-0.2945961331554705
2022-03-03,67.064,-5.62766405482464,-1.6465235823386897,-4.463107,1.4437017582749194,-3.0902253406136087,-0.2948302002129848
2022-03-04,69.497,-3.18984805024294,-1.6300496289751618,-4.4471755,1.4266370013157568,-3.0566866302909186,-0.2950004605783009
2022-03-05,71.623,-1.059111755621874,-1.6129801899130565,-4.4545517,1.4093516465144988,-3.022331836427555,-0.2951068188018207
2022-03-06,65.18400000000001,-7.493455327193439,-1.5953435998639325,-4.406518,1.3918656273366612,-2.987209227200593,-0.2951491635619675
2022-03-07,67.983,-4.68987892118965,-1.5771685717586448,-4.3514576,1.3741988288166254,-2.95136740057527,-0.2951273677693209
2022-03-08,68.226,-4.442382693842446,-1.5584841622795236,-4.295763,1.356371067275923,-2.914855229555447,-0.2950412887204153
2022-03-09,78.35300000000001,5.689033198616171,-1.5393197370101148,-4.254451,1.338402070091329,-2.877721807101444,-0.2948907683011019
2022-03-10,74.696,2.0361547915578075,-1.519704935243123,-4.204474,1.3203114555335005,-2.840016390776623,-0.2946756332393271
2022-03-11,65.32000000000001,-7.336151942312637,-1.4996696344877325,-4.149113,1.3021187126969047,-2.8017883471846368,-0.2943956954070965
2022-03-12,70.688,-1.96453875428781,-1.4792439147178424,-4.1009526,1.2838431815417857,-2.7630870962596283,-0.294050752171318
2022-03-13,61.731,-10.918005885166489,-1.4584580224029802,-4.149113,1.2655040330688585,-2.723962055471839,-0.2936405867931718
2022-03-14,71.827,-0.8185535757474973,-1.4373423343641485,-4.0955358,1.2471202496473974,-2.6844625840115457,-0.293164968875559
2022-03-15,73.113,0.470817933170327,-1.415927321496819,-4.2758675,1.228710605517282,-2.6446379270141014,-0.2926236548581246
2022-03-16,69.33200000000001,-3.3067329473283307,-1.394243512403737,-4.222263,1.2102936474854933,-2.60453715988923,-0.2920163885592848
2022-03-17,69.521,-3.114277613235151,-1.3723214569801163,-4.191837,1.1918876758373935,-2.56420913281751,-0.2913429017646142
2022-03-18,71.301,-1.33089562150687,-1.3501916899940256,-4.1435804,1.173510725483042,-2.523702415477068,-0.2906029148608806
2022-03-19,73.91499999999999,1.286412822506921,-1.327884694704735,-4.186311,1.1551805473585872,-2.483065242063322,-0.2897961375149547
2022-03-20,74.75999999999999,2.1344249398053945,-1.3054308665617145,-4.1353993,1.1369145901025632,-2.442345456664277,-0.2889222693967535
2022-03-21,71.381,-1.2421337634549765,-1.2828604770270926,-4.1003885,1.1187299820268284,-2.4015904590539208,-0.287981000945303
2022-03-22,69.179,-3.4417615364412946,-1.2602036375639731,-4.082589,1.100643513401522,-2.360847150965495,-0.2869720141769596
2022-03-23,69.483,-3.135458693146541,-1.237490263833128,-4.034594,1.0826716190732315,-2.3201618829063597,-0.2858949835347478
2022-03-24,76.362,3.745774452436293,-1.2147500401401548,-3.9548292,1.0648303614352996,-2.2795804015754544,-0.2847495767777206
2022-03-25,71.512,-1.1021582682080333,-1.1920123841749646,-3.8662403,1.0471354137688844,-2.2391477979438488,-0.2835354559091891
2022-03-26,70.84,-1.7720988882247402,-1.1693064120852237,-3.7842965,1.0296020439730744,-2.198908456058298,-0.2822522781426017
2022-03-27,83.97699999999999,11.366890738579936,-1.146660903924851,-3.7236795,1.0122450987020253,-2.1589060026268765,-0.2808996969037999
2022-03-28,75.28500000000001,2.6766176018544963,-1.124104269518405,-3.8829405,0.9950789879267744,-2.1191832574451794,-0.2794773628683223
2022-03-29,72.52799999999999,-0.0793156114611188,-1.1016645147815811,-3.8541455,0.9781176699389322,-2.0797821847205133,-0.2779849250323685
2022-03-30,74.05000000000001,1.4441494550143048,-1.079369208537632,-3.8272176,0.9613746368131504,-2.0407438453507822,-0.2764220318159868
2022-03-31,70.585,-2.020351723879455,-1.05724544986889,-3.7690501,0.9448629003447692,-2.002108350213659,-0.2747883321969929
2022-04-01,73.24,0.6350793072544789,-1.0353198360419755,-3.696581,0.9285949784786902,-1.9639148145206655,-0.2730834768740811
2022-04-02,71.149,-1.455172689097215,-1.013618431044618,-3.6346703,0.9125828822450084,-1.9262013132896263,-0.2713071194575375
2022-04-03,71.831,-0.7724779826392196,-0.9921667347713424,-3.5844042,0.8968381032165215,-1.889004837987864,-0.2694589176859202
2022-04-04,82.069,9.466162982807589,-0.9709896528944368,-3.6493995,0.8813716015027013,-1.8523612543971384,-0.267538534667029
2022-04-05,72.53,-0.0729570231996588,-0.9501114674559108,-3.6321874,0.8661937942942496,-1.8163052617501605,-0.2655456401414387
2022-04-06,75.128,2.524861730234629,-0.929555808215331,-3.576982,0.8513145449718313,-1.7808703531871624,-0.2634799117668371
2022-04-07,73.411,0.8073443821620447,-0.9093456247874072,-3.5105,0.8367431527920013,-1.7460887775794085,-0.2613410364213663
2022-04-08,72.086,-0.5183290443955024,-0.8895031596024744,-3.458182,0.8224883431628668,-1.7119915027653412,-0.2591287115241262
2022-04-09,73.34100000000001,0.7359349658532759,-0.8700499217219303,-3.4076903,0.8085582585214094,-1.6786081802433397,-0.2568426463709767
2022-04-10,78.387,5.780554391506707,-0.851006661539712,-3.3755636,0.7949604498237888,-1.6459671113635008,-0.2544825634837303
2022-04-11,77.39500000000001,4.786898356610916,-0.832393346399923,-3.5604253,0.7817018686594128,-1.614095215059336,-0.2520481999708053
2022-04-12,76.434,3.8238861142148632,-0.8142291371596002,-3.5885062,0.7687888599989379,-1.583017997158538,-0.2495393088973798
2022-04-13,75.1,2.4877884238236136,-0.7965323657245043,-3.646995,0.7562271555856782,-1.5527595213101826,-0.2469556606630656
2022-04-14,69.963,-2.651568950550708,-0.7793205135847477,-3.9784648,0.7440218679793507,-1.5233423815640983,-0.2442970443850946
2022-04-15,73.646,1.029024351831433,-0.7626101913758411,-3.9737778,0.7321774852604231,-1.4947876766362642,-0.2415632692849897
2022-04-16,70.34700000000001,-2.2726712784320258,-0.7464171194895495,-4.320488,0.7206978664025823,-1.4671149858921315,-0.2387541660766845
2022-04-17,68.435,-4.1873966577178034,-0.7307561097577878,-4.260903,0.7095862373203399,-1.4403423470781278,-0.2358695883540265
2022-04-18,71.87,-0.7551526325041928,-0.7156410482314407,-4.251108,0.6988451875979428,-1.4144862358293837,-0.2329094139756027
2022-04-19,74.70599999999999,2.0780599507304665,-0.7010848790747933,-4.3967385,0.6884766679052062,-1.3895615469799996,-0.2298735464448024
2022-04-20,76.193,3.561839026587739,-0.6870995895949007,-4.472993,0.6784819881050963,-1.3655815776999969,-0.2267619162830335
2022-04-21,67.79,-4.844542422293109,-0.6736961964239316,-4.7253013,0.668861816057262,-1.3425580124811938,-0.2235744823940047
2022-04-22,76.49000000000001,3.852308348987077,-0.6608847328711649,-4.7455254,0.6596161771209427,-1.3205009099921077,-0.2203112334169792
2022-04-23,64.751,-7.889911608967468,-0.6486742374599392,-4.706031,0.6507444543600245,-1.2994186918199635,-0.2169721890669094
2022-04-24,68.432,-4.212017615064849,-0.637072743663474,-4.6311,0.6422453894522427,-1.2793181331157166,-0.213557401459369
2022-04-25,73.32900000000001,0.6819050711086856,-0.6260872708520929,-4.5595474,0.6341170843038372,-1.26020435515593,-0.2100669564181955
2022-04-26,66.178,-6.47211928730043,-0.6157238164629939,-4.4860086,0.6263570033702502,-1.242080819833244,-0.2065009747637789
2022-04-27,70.698,-1.9546893262693492,-0.6059873494021356,-4.4026103,0.6189619766826537,-1.2249493260847897,-0.2028596135799325
2022-04-28,72.071,-0.5842066494455294,-0.5968818046866188,-4.35401,0.6119282035794803,-1.208810008266099,-0.1991430674572995
2022-04-29,77.117,4.45960065140852,-0.588410079334215,-4.2887483,0.605251257141253,-1.193661336475468,-0.1953515697112688
2022-04-30,71.36399999999999,-1.29599485123331,-0.5805740295054523,-4.2834377,0.598926089326398,-1.1795001188318504,-0.1914853935723924
2022-05-01,68.965,-3.697265363941217,-0.5733744689021065,-4.246398,0.5929470368049101,-1.1663215057070166,-0.1875448533473128
2022-05-02,69.631,-3.0335368010789514,-0.5668111684244364,-4.249099,0.5873078274860319,-1.1541189959104683,-0.1835303055482423
2022-05-03,67.23700000000001,-5.429809894872869,-0.5608828570881808,-4.208339,0.5820015877353703,-1.142884444823551,-0.1794421499890605
2022-05-04,73.51299999999999,0.8439146224506189,-0.5555872242006407,-4.140437,0.577020850276141,-1.1326080744767817,-0.1752808308461218
2022-05-05,67.725,-4.946364553156942,-0.5509209227939538,-4.1449533,0.5723575627685121,-1.1232784855624658,-0.171046837681905
2022-05-06,66.947,-5.726647566303591,-0.5468795743119366,-4.184248,0.5680030970602531,-1.1148826713721895,-0.166740706429665
2022-05-07,69.25399999999999,-3.4217354610786,-0.5434577745456525,-4.1996655,0.5639482591012446,-1.107406033646897,-0.1623630203372903
2022-05-08,76.317,3.639176768290973,-0.5406491008111698,-4.262688,0.5601832995136149,-1.100832400324785,-0.1579144108686054
2022-05-09,72.423,-0.2572179293738674,-0.5384461203617433,-4.3069253,0.5566979248086054,-1.0951440451703487,-0.1533955585604005
2022-05-10,70.657,-2.025455129737831,-0.5368404000250122,-4.3005247,0.5534813092405451,-1.0903217092655573,-0.1488071938335201
2022-05-11,64.484,-8.200602782697207,-0.5358225170545307,-4.241923,0.5505221072876443,-1.0863446243421748,-0.1441500977563797
2022-05-12,65.361,-7.325746802760079,-0.5353820711834391,-4.2118144,0.5478084667485839,-1.083190537932023,-0.1394251027593409
2022-05-13,71.28,-1.408887901783551,-0.5355076978666815,-4.186299,0.5453280424432424,-1.080835740309924,-0.1346330932984174
2022-05-14,71.682,-1.0090267916246418,-0.5361870826968584,-4.1446624,0.5430680105052292,-1.0792550932020877,-0.1297750064668417
2022-05-15,70.508,-2.185164184140457,-0.5374069769773444,-4.071602,0.5410150832532099,-1.0784220602305543,-0.1248518325530789
2022-05-16,69.54299999999999,-3.1523007911880176,-0.5391532144350099,-4.0030956,0.539155524627383,-1.0783087390623929,-0.1198646155439308
2022-05-17,65.858,-6.839437324624399,-0.5414107290535054,-3.9177275,0.5374751661768489,-1.0788858952303544,-0.1148144535714322
2022-05-18,65.79599999999999,-6.903574496306709,-0.5441635740068532,-3.8481696,0.5359594235829486,-1.0801229975898017,-0.1097024993023064
2022-05-19,62.82899999999999,-9.87269803286562,-0.5473949416716221,-3.801312,0.5345933137030855,-1.0819882553747076,-0.1045299602688054
2022-05-20,73.071,0.3674022450542828,-0.5510871846949992,-3.7447393,0.5333614721189284,-1.0844486568139275,-0.0992980991398317
2022-05-21,70.786,-1.9198977626901303,-0.5552218380944488,-3.6780953,0.532248171172303,-1.087470009266752,-0.0940082339313009
2022-05-22,64.781,-7.927183522641685,-0.5597796423638566,-3.6039126,0.5312373384715741,-1.0910169808354306,-0.0886617381547753
2022-05-23,70.787,-1.9234210946930697,-0.5647405675595744,-3.5485928,0.5303125758506807,-1.095053143410255,-0.0832600409034673
2022-05-24,65.926,-6.786481794172696,-0.5700838383387752,-3.5189261,0.5294571787625398,-1.099541017101315,-0.0778046268747851
2022-05-25,74.211,1.4964749220130722,-0.5757879599214164,-3.4725692,0.5286541560879878,-1.1044421160094042,-0.0722970363286675
2022-05-26,77.19800000000001,4.481272436490638,-0.5818307449459851,-3.407597,0.5278862503409186,-1.1097169952869037,-0.0667388649810231
2022-05-27,68.813,-3.905952809517687,-0.588189341188222,-3.369255,0.527135958249837,-1.115325299438059,-0.0611317638316714
2022-05-28,68.963,-3.7581678150428415,-0.5948402601109255,-3.409262,0.526385551695558,-1.1212258118064835,-0.0554774389262566
2022-05-29,77.066,4.3426266802293725,-0.6017594062121052,-3.421528,0.5256170989843648,-1.12737650519647,-0.0497776510516843
2022-05-30,69.19699999999999,-3.5287955326184983,-0.6089221071376447,-3.4032571,0.5248124864354807,-1.1337345935731251,-0.0440342153647095
2022-05-31,69.44,-3.2879903816902827,-0.6163031445239336,-3.3468523,0.5239534402614059,-1.1402565847853396,-0.0382490009533846
2022-06-01,74.33800000000001,1.607869446430464,-0.6238767855349544,-3.283404,0.5230215487191608,-1.1468983342541152,-0.0324239303311514
2022-06-02,72.056,-0.6762636266880069,-0.6316168150575453,-3.2178574,0.5219982845102444,-1.1536150995677898,-0.0265609788634554
2022-06-03,75.837,3.102609666344597,-0.639496568517775,-3.1665952,0.5208650274067111,-1.1603615959244862,-0.0206621741268273
2022-06-04,68.77,-3.9665956929804302,-0.6474889652806997,-3.1736708,0.5196030870804753,-1.167092052361175,-0.0147295952004651
2022-06-05,84.346,11.607369334901986,-0.6555665425950284,-3.4282606,0.5181937261126877,-1.1737602687077162,-0.0087653718904388
2022-06-06,74.332,1.5913302370511646,-0.6637014900436268,-3.3841267,0.5166181831597378,-1.1803196732033645,-0.0027716838867115
2022-06-07,72.882,0.1393017509546954,-0.6718656844601921,-3.3178926,0.514857696252189,-1.1867233807123811,0.0032492401467382
2022-06-08,75.419,2.673425374448821,-0.6800307252719228,-3.2573016,0.5128935262027717,-1.1929242514746945,0.0092951235483275
2022-06-09,70.73899999999999,-2.0096867454786134,-0.6881679702274649,-3.1799285,0.5107069800993269,-1.198874950326792,0.0153636427013656
2022-06-10,77.872,5.120824979026903,-0.6962485714689783,-3.1265574,0.5082794348584541,-1.2045280063274324,0.0214524281421005
2022-06-11,71.48599999999999,-1.2681967673425971,-0.7042435119068519,-3.0963023,0.5055923608154334,-1.209835872722285,0.0275590657327076
2022-06-12,76.53500000000001,3.778403624928431,-0.7121236418550896,-3.2022069,0.5026273453259343,-1.214750987181024,0.0336810978985148
2022-06-13,72.28,-0.4789526050285264,-0.7198597158852738,-3.1830573,0.4993661163548669,-1.2192258322401406,0.0398160249286906
2022-06-14,72.162,-0.5994642277970614,-0.7274224298566122,-3.162095,0.4957905660276712,-1.2232129958842834,0.0459613063395296
2022-06-15,72.938,0.1740927571057886,-0.7347824580794258,-3.1221747,0.4918827741193562,-1.226665232198782,0.0521143622993976
2022-06-16,72.03099999999999,-0.7355847463345366,-0.7419104905693469,-3.066484,0.4876250314564941,-1.229535522025841,0.0582725751143059
2022-06-17,73.137,0.3678602117839471,-0.7487772703492342,-3.0243847,0.4829998632074277,-1.231777133556662,0.0644332907730232
2022-06-18,68.523,-4.248870055974437,-0.7553536307560063,-2.9936883,0.4779900520360057,-1.233343682792012,0.0705938205505308
2022-06-19,64.535,-8.239505201318952,-0.7616105327092504,-2.9462657,0.4725786610941321,-1.2341891938033824,0.0767514426685746
2022-06-20,75.53999999999999,2.763523731762848,-0.7675191018989049,-2.8862443,0.4667490568286228,-1.2342681587275277,0.0829034040119708
2022-06-21,79.643,6.864385518715139,-0.7730506658490512,-2.827556,0.4604849315778284,-1.2335355974268798,0.0890469218992558
2022-06-22,73.40299999999999,0.6221338739428202,-0.7781767908152684,-2.7756844,0.4537703259337438,-1.231947116749012,0.0951791859061982
2022-06-23,73.609,0.8259401548842922,-0.7828693184729938,-2.7155433,0.4465896508454164,-1.22945896931841,0.1012973597406111
2022-06-24,75.78500000000001,2.9996445095045017,-0.7871004023547503,-2.645678,0.4389277094396325,-1.2260281117943828,0.1073985831668405
2022-06-25,72.499,-0.2887327946730655,-0.7908425439942351,-2.5775712,0.4307697185351397,-1.2216122625293748,0.1134799739782255
2022-06-26,67.135,-5.655090153179889,-0.7940686287357693,-2.511708,0.4221013298268431,-1.2161699585626125,0.1195386300157699
2022-06-27,70.022,-2.770285494506842,-0.7967519611678134,-2.432281,0.4129086507166926,-1.209660611884506,0.1255716312311857
2022-06-28,76.11800000000001,3.3236054256548027,-0.7988663001398615,-2.3596735,0.403178264768225,-1.2020445649080864,0.1315760417924193
2022-06-29,74.42699999999999,1.6305053263060447,-0.8003858933224147,-2.321437,0.3928972517621397,-1.1932831450845545,0.1375489122296901
2022-06-30,75.348,2.549462545641756,-0.8012855112702485,-2.2730687,0.3820532073304613,-1.1833387186007098,0.1434872816200324
2022-07-01,81.161,8.359823501927039,-0.8015404809498429,-2.222384,0.3706342621473462,-1.1721747430971892,0.1493881798082518
2022-07-02,72.17899999999999,-0.6248016273479049,-0.8011267186924003,-2.1807272,0.3586291006548801,-1.1597558193472803,0.1552486296621679
2022-07-03,75.181,2.3746052399468374,-0.8000207625345443,-2.144975,0.3460269793026406,-1.1460477418371848,0.1610656493599503
2022-07-04,73.43900000000001,0.6301204509902787,-0.7981998039095339,-2.134877,0.332817744280257,-1.131017548189791,0.1668362547073077
2022-07-05,74.129,1.3176387494659698,-0.7956417186525433,-2.1266482,0.3189918487225806,-1.114633567375124,0.1725574614822408
2022-07-06,70.82,-1.993763738738898,-0.7923250972843361,-2.0890536,0.3045403693676138,-1.09686546665195,0.1782262878050209
2022-07-07,69.768,-3.048029198602915,-0.7882292745385657,-2.0543454,0.2894550226478071,-1.077684297186373,0.1838397565310108
2022-07-08,70.078,-2.740058556850568,-0.7833343580987052,-2.0034518,0.2737281801958641,-1.0570625382945693,0.1893948976639075
2022-07-09,80.85199999999999,8.032266493925466,-0.7776212565115724,-1.9457037,0.2573528837466942,-1.0349741402582666,0.1948887507869421
2022-07-10,71.014,-1.807325277697493,-0.7710717062453865,-1.9053984,0.2403228594177232,-1.0113945656631098,0.2003183675095373
2022-07-11,77.003,4.180229757886722,-0.763668297861201,-1.8538164,0.2226325313504214,-0.9863008292116224,0.2056808139268887
2022-07-12,68.224,-4.600133785454629,-0.7553945012676272,-1.7977048,0.204277034696323,-0.9596715359639504,0.2109731730899099
2022-07-13,78.512,5.686659615606807,-0.7462346900298285,-1.74082,0.1852522279316367,-0.9314869179614652,0.2161925474829422
2022-07-14,75.96,3.13353300780762,-0.7361741647047656,-1.6913843,0.1655547044849903,-0.901728869189756,0.2213360615066182
2022-07-15,71.18599999999999,-1.6415657677725548,-0.7251991751758768,-1.6542777,0.1451818036636476,-0.8703809788395245,0.2264008639632353
2022-07-16,73.811,0.9830912022858148,-0.7132969419614824,-1.6217124,0.1241316208640758,-0.8374285628255582,0.2313841305419799
2022-07-17,74.453,1.6248727230448765,-0.700455676472353,-1.5777872,0.1024030170535103,-0.8028586935258634,0.2362830663013312
2022-07-18,73.087,0.2587778458006182,-0.6866646001951461,-1.5377569,0.0799956275098337,-0.7666602277049799,0.2410949081459493
2022-07-19,70.675,-2.153462968913539,-0.6719139627794948,-1.4925772,0.0569098698077374,-0.7288238325872323,0.2458169272953532
2022-07-20,72.45400000000001,-0.3745746594046926,-0.6561950590080567,-1.4379615,0.0331469510399885,-0.6893420100480453,0.2504464317416817
2022-07-21,74.32600000000001,1.497387735099653,-0.6395002446297201,-1.3864348,0.0087088742631888,-0.6482091188929089,0.2549807686938271
2022-07-22,76.349,3.5203884130923706,-0.6218229510378275,-1.3452635,-0.0164015558416544,-0.605421395196173,0.2594173270052269
2022-07-23,73.117,0.2885192274000214,-0.6031576987763301,-1.3035893,-0.0421807281028305,-0.5609769706734996,0.2637535395826114
2022-07-24,74.656,1.827548447002191,-0.5835001098582592,-1.277047,-0.0686242207940827,-0.5148758890641765,0.2679868857729991
2022-07-25,79.477,6.647954308845005,-0.5628469188821713,-1.2657924,-0.0957267983807144,-0.4671201205014568,0.2721148937262438
2022-07-26,72.18299999999999,-0.6465226807283972,-0.541195982933597,-1.2377213,-0.1234824090822841,-0.4177135738513129,0.2761351427304574
2022-07-27,69.06,-3.769254925096908,-0.518546290259991,-1.2029511,-0.1518841832577361,-0.3666621070022549,0.2800452655176312
2022-07-28,74.279,1.4503161491958698,-0.4948979677088448,-1.1836219,-0.1809244326180772,-0.3139735350907675,0.2838429505368106
2022-07-29,73.963,1.1349425441008476,-0.4702522869203391,-1.1719793,-0.2105946502707521,-0.2596576366495869,0.2875259441921945
2022-07-30,71.571,-1.257064001540548,-0.4446116692669575,-1.1545421,-0.2408855115992079,-0.2037261576677496,0.2910920530435534
2022-07-31,75.822,2.993947828670607,-0.4179796895342604,-1.1362047,-0.2717868759801736,-0.1461928135540868,0.294539145966388
2022-08-01,72.62299999999999,-0.2051151525720191,-0.3903610783380677,-1.1216679,-0.303287789340454,-0.0870732889976137,0.2978651562692834
2022-08-02,69.568,-3.2605208625893285,-0.3617617232750617,-1.1131291,-0.335376487554116,-0.0263852357209457,0.3010680837659468
2022-08-03,81.083,8.255011422872663,-0.3321886688049815,-1.0835074,-0.3680404006801716,0.0358517318751901,0.3041459967994477
2022-08-04,73.813,0.9850368296112552,-0.3016501148641451,-1.0550724,-0.4012661580399813,0.0996160431758361,0.3070970342162311
2022-08-05,70.18,-2.647859983826588,-0.270155414211398,-1.0553447,-0.4350395941327699,0.1648841799213718,0.3099194072875046
2022-08-06,69.14399999999999,-3.683579962999766,-0.2377150685090311,-1.0394751,-0.4693457553868194,0.2316306868777883,0.3126114015756511
2022-08-07,76.696,3.868963663504018,-0.2043407231426234,-1.0035855,-0.5041689077430151,0.2998281846003917,0.3151713787433715
2022-08-08,70.523,-2.3036011950041217,-0.1700451607851228,-0.9720099,-0.5394925450666541,0.3694473842815313,0.3175977783033053
2022-08-09,67.579,-5.246385289510913,-0.1348422937119514,-0.94112915,-0.5752993983825085,0.4404571046705571,0.3198891193059373
2022-08-10,64.939,-7.884959705654735,-0.0987471548752394,-0.91972417,-0.6115714459273465,0.512824291052107,0.3220440019636522
2022-08-11,72.432,-0.3900010876282902,-0.0617758877467388,-0.8937098,-0.6482899240132888,0.58651403626655,0.3240611092088612
2022-08-12,77.984,5.1638704529680615,-0.0239457349402439,-0.86092645,-0.6854353386944974,0.6614896037542534,0.3259392081841827
2022-08-13,71.06099999999999,-1.7571962066050482,0.0147249743741869,-0.83176893,-0.722987478228942,0.737712452603129,0.327677151662733
2022-08-14,76.224,3.407934674955942,0.0542168382507179,-0.8059357,-0.7609254263261115,0.8151422645768295,0.329273879396638
2022-08-15,65.79,-7.023774662326161,0.09450939692802,-0.79961205,-0.7992275761707919,0.893736973098812,0.3307284193919562
2022-08-16,74.602,1.790746535587945,0.135581148953139,-0.7895203,-0.8378716452121564,0.9734527941652954,0.3320398891082745
2022-08-17,77.996,5.187337308749969,0.1774095684515972,-0.7830725,-0.8768346907067207,1.054244259158318,0.3332074965813091
2022-08-18,85.653,12.847088950240362,0.219971123524889,-0.7688334,-0.9160931260028036,1.1360642495276927,0.3342305414669209
2022-08-19,70.926,-1.87696378222659,0.2632412957555398,-0.74036473,-0.9556227375535388,1.2188640333090788,0.3351084160050407
2022-08-20,75.567,2.7672014779832037,0.3071946007985241,-0.7241436,-0.99539870264453,1.302593303443054,0.3358406059020709
2022-08-21,73.896,1.0995202421283787,0.3518046100367019,-0.70677835,-1.0353956078216489,1.387200217858351,0.3364266911304188
2022-08-22,70.367,-2.425974552805437,0.3970439732768711,-0.68672967,-1.075587468003682,1.4726314412805532,0.3368663466439031
2022-08-23,74.95599999999999,2.1667438734429787,0.4428844424616858,-0.6766724,-1.1159477462637737,1.5588321887254597,0.3371593430078561
2022-08-24,78.409,5.623525265016567,0.4892968963718723,-0.6605955,-1.156449374262995,1.6457462706348671,0.3373055469428392
2022-08-25,75.537,2.7553669057214147,0.5362513662918815,-0.64548236,-1.197064773318602,1.7333161396104837,0.3373049217809734
2022-08-26,71.99,-0.788076334289844,0.5837170626112154,-0.6270058,-1.2377658760889207,1.821482938700136,0.3371575278339803
2022-08-27,82.018,9.243735735594568,0.6316624023325839,-0.61236626,-1.2785241488561003,1.910186551188684,0.3368635226721287
2022-08-28,83.356,10.585755639175522,0.6800550374571772,-0.6018151,-1.319310614387356,1.999365651844533,0.3364231613133583
2022-08-29,75.034,2.267971656061416,0.7288618842163056,-0.57717246,-1.3600958753547363,2.0889577595710422,0.3358367963219724
2022-08-30,71.42,-1.3416069856350648,0.778049153117805,-0.5595043,-1.4008501382927565,2.1788992914105614,0.3351048778163614
2022-08-31,81.788,9.03096598592133,0.8275823797748189,-0.54295313,-1.4415432380727455,2.2691256178475645,0.3342279533853448
2022-09-01,71.45899999999999,-1.2932546513855954,0.8774264564836268,-0.52075475,-1.4821446628721475,2.3595711193557745,0.3332066679127855
2022-09-02,79.613,6.865911783676212,0.9275456645164945,-0.49023545,-1.5226235796164678,2.450169244132962,0.3320417633102639
2022-09-03,71.502,-1.2397098915501985,0.9779037070947468,-0.46716285,-1.5629488598710592,2.540852566965806,0.3307340781576686
2022-09-04,73.872,1.135821016055579,1.0284637430066383,-0.4552644,-1.6030891061594226,2.631552849166061,0.3292845472516819
2022-09-05,72.863,0.1323194958037348,1.0791884208337594,-0.4419269,-1.643012678684232,2.7222010995179917,0.3276942010622308
2022-09-06,75.22099999999999,2.496020733327864,1.1300399137493684,-0.41917947,-1.6826877224268106,2.812727636176179,0.3259641650970695
2022-09-07,79.285,6.565816873697602,1.1809799548511857,-0.40480807,-1.7220821946003946,2.9030621494515803,0.3240956591747816
2022-09-08,80.609,7.895770870080562,1.231969872990903,-0.40019947,-1.7611638924320772,2.9931337654229804,0.3220899966065604
2022-09-09,79.834,7.126653495628025,1.2829706290619938,-0.41062605,-1.799900481247958,3.082871110309952,0.319948583287256
2022-09-10,77.544,4.842671537931917,1.3339428527070727,-0.40264854,-1.8382595228356489,3.1722023755427218,0.3176729166962671
2022-09-11,82.788,10.09253743385091,1.384846879405617,-0.3853156,-1.876208504057977,3.261055383463594,0.3152645848089475
2022-09-12,77.16199999999999,4.472579951856305,1.4356427879025415,-0.3784959,-1.9137148656914005,3.349357653593942,0.3127252649193194
2022-09-13,82.205,9.521833613587592,1.4862904379377526,-0.37804246,-1.9507460314623304,3.4370364694000832,0.3100567223749658
2022-09-14,72.703,0.0262968687118707,1.5367495082366185,-0.36658585,-1.9872694372544184,3.5240189454910364,0.3072608092250826
2022-09-15,72.004,-0.6662082258541373,1.586979534721028,-0.33923095,-2.023252560459427,3.610232095180456,0.3043394627827709
2022-09-16,71.674,-0.9894882759043044,1.6369399489005692,-0.31168917,-2.058662949444356,3.6956028983449247,0.3012947041027484
2022-09-17,81.15899999999999,8.502489201539007,1.6865901164032393,-0.29507214,-2.0934682531070825,3.780058369510322,0.2981286363757425
2022-09-18,80.10499999999999,7.455676550977495,1.7358893756049434,-0.54233116,-2.127636250492754,3.863525626097697,0.294843443240951
2022-09-19,77.028,4.386072204271527,1.7847970763171797,-0.66991836,-2.161134880443049,3.945931956760229,0.2914413870180202
2022-09-20,77.741,5.106627225776779,1.833272618492092,-0.73799044,-2.1939322712502345,4.027204889742326,0.2879248068601039
2022-09-21,76.359,3.732386127697728,1.8812754909043667,-0.75838757,-2.2259967702879893,4.107272261192356,0.2842961168296546
2022-09-22,72.1,-0.5186526651197667,1.9287653097693764,-0.7310182,-2.257296973590831,4.186062283360207,0.2805578038986839
2022-09-23,76.59,3.979509272170114,1.975701857257218,-0.67344445,-2.287801755354041,4.26350361261126,0.2767124258753214
2022-09-24,72.893,0.2908566853524936,2.022045119862443,-0.6109553,-2.3174802973259343,4.339525417188377,0.2727626092585898
2022-09-25,75.746,3.152401306620301,2.0677553265895874,-0.5554003,-2.346302118064409,4.414057444653997,0.268711047023397
2022-09-26,72.64,0.0551415587936743,2.1127929869147843,-0.51262194,-2.37423710202976,4.487030088944544,0.2645604963378269
2022-09-27,76.671,4.0950522158158575,2.157118928484162,-0.47228995,-2.401255528485827,4.5583744569699896,0.2603137762149022
2022-09-28,74.95599999999999,2.3891014956053143,2.2006943345101213,-0.42872885,-2.427328100181714,4.628022434691836,0.2559737651010548
2022-09-29,77.504,4.946340498304104,2.2434807808268165,-0.40551934,-2.4524259717863925,4.695906752613209,0.2515433984036335
2022-09-30,80.604,8.05576763528166,2.285440272566941,-0.3775817,-2.476520778048791,4.761961050615732,0.2470256659598407
2022-10-01,75.937,3.39838131790746,2.3265352804220383,-0.36346516,-2.499584661656044,4.826119942078082,0.2424236094495701
2022-10-02,78.259,5.73016837793212,2.3667287764494795,-0.33763272,-2.521590300762946,4.888319077212426,0.2377403197546785
2022-10-03,74.94800000000001,2.429138491680402,2.4059842693894757,-0.31303373,-2.542510936165809,4.948495205555284,0.2329789342673036
2022-10-04,77.068,4.558692502059065,2.444265839456384,-0.28946784,-2.5623203980942653,5.006586237550649,0.2281426341498902
2022-10-05,75.804,3.3044101472438387,2.4815381725690893,-0.26160422,-2.5809931325948567,5.062531305163946,0.2232346415496602
2022-10-06,70.931,-1.5587102516023044,2.517766593985914,-0.22161055,-2.5985042274805745,5.11627082146649,0.2182582167703112
2022-10-07,77.987,5.507926044859016,2.552917101310366,-0.1887786,-2.614829437820936,5.167746539131302,0.2132166554037941
2022-10-08,73.507,1.0387372095707286,2.58695639683466,-0.16621776,-2.6299452109474704,5.21690160778213,0.2081132854250626
2022-10-09,76.386,3.928124085264816,2.619851919188854,-0.14335166,-2.64382871095004,5.263680630138895,0.2029514642527399
2022-10-10,79.462,7.014578332142841,2.6515718742641936,-0.12291234,-2.6564578426397176,5.308029716903912,0.1977345757787044
2022-10-11,73.589,1.1520786761632396,2.6820852653802056,-0.099433795,-2.667811274954517,5.349896540334722,0.1924660273696194
2022-10-12,75.527,3.100725843828096,2.7113619226659256,-0.085636735,-2.677868463784742,5.389230386450667,0.1871492468434916
2022-10-13,76.339,3.9235181274919086,2.739372531626566,-0.078896694,-2.6866096741951293,5.425982205821695,0.1817876794243686
2022-10-14,78.084,5.679453819509204,2.766088660867944,-0.04917015,-2.694016002021682,5.460104662889625,0.1763847846783203
2022-10-15,82.327,9.933473245395016,2.791482788951931,-0.030722605,-2.7000693948214503,5.491552183773381,0.1709440334338771
2022-10-16,79.026,6.6436342656372815,2.8155283303571923,-0.028761908,-2.7047526721542434,5.520281002511435,0.1654689046901377
2022-10-17,73.909,1.5379351637679657,2.8381996605205764,-0.015791284,-2.7080495451757707,5.546249205696347,0.1599628825157559
2022-10-18,77.189,4.829374223319035,2.8594721399354786,0.015135457,-2.709944635522357,5.569416775457835,0.1544294529420617
2022-10-19,70.745,-1.6033039695771545,2.879322137284729,0.043460924,-2.710423493468048,5.589745630752777,0.1488721008535729
2022-10-20,84.29100000000001,11.95426485363701,2.897727051586515,0.07520753,-2.709472615335504,5.6071996669220185,0.1432943068791637
2022-10-21,83.12700000000001,10.801814556968496,2.914665333333085,0.091948725,-2.707079460142853,5.621744793475938,0.137699544287179
2022-10-22,88.04599999999999,15.73250983738043,2.9301165046030326,0.02148306,-2.7032324654692745,5.633348970072307,0.1320912758877693
2022-10-23,72.602,0.3001580984029615,2.9440611781292585,0.005739011,-2.697921062522908,5.641982240652167,0.1264729509457383
2022-10-24,74.56,2.2699536798352864,2.9564810753057147,-0.03681754,-2.691135690395293,5.647616765701008,0.1208480021071819
2022-10-25,69.59400000000001,-2.684105211508262,2.9673590431173467,-0.04900374,-2.682867809487381,5.650226852604728,0.1152198423431964
2022-10-26,76.44800000000001,4.1822585413148605,2.976679069978875,-0.07018768,-2.673109914092889,5.649788984071764,0.1095918619139217
2022-10-27,77.134,4.880570524469032,2.984426300469139,-0.083828345,-2.6618555441255483,5.646281844594688,0.1039674253561701
2022-10-28,83.021,10.780025090796611,2.9905870489491013,-0.082316495,-2.6490992959775537,5.639686344926655,0.0983498684978773
2022-10-29,79.488,7.259477326725029,2.9951488120527947,-0.08034721,-2.6348368324974105,5.629985644550205,0.0927424955025901
2022-10-30,77.126,4.91007253950398,2.99810028004169,-0.10361278,-2.6190648920760835,5.617165172117773,0.0871485759471727
2022-10-31,79.983,7.779802604011021,2.9994313470143026,-0.10973137,-2.6017812968312453,5.601212643845548,0.081571341935902
2022-11-01,75.27000000000001,3.079672216187622,2.99913311996403,-0.29060334,-2.582984959880277,5.582118079844307,0.0760139852540681
2022-11-02,88.322,16.14464813388926,2.997197926679526,-0.37007535,-2.562675891693413,5.559873818372939,0.070479654564184
2022-11-03,77.24300000000001,5.078742831757625,2.99361932248318,-0.39418885,-2.540855205519432,5.534474528002612,0.0649714526478442
2022-11-04,75.699,3.5476067128902957,2.988392095804442,-0.47889853,-2.5175251218770085,5.50591721768145,0.0594924336962544
2022-11-05,68.037,-4.101805438182202,2.9815122725861243,-0.7444017,-2.4926889721058507,5.474201244691975,0.0540456006523853
2022-11-06,73.845,1.7193509673595448,2.972977119522965,-0.8055691,-2.466351200972451,5.439328320495417,0.0486339026076704
2022-11-07,68.783,-3.329684377387426,2.962785146133028,-1.1618562,-2.438517368326386,5.401302514459414,0.0432602322561037
2022-11-08,72.169,0.0700251569341334,2.950936105663761,-1.6002998,-2.409194149803763,5.360130255467524,0.0379274234085432
2022-11-09,87.40199999999999,15.3167982214769,2.9374309948357524,-1.7091106,-2.3783893365754625,5.315820331411215,0.0326382485699632
2022-11-10,78.119,6.047734436313008,2.9222720524284944,-1.7057906,-2.346111834138633,5.268383886567127,0.0273954165823304
2022-11-11,72.37599999999999,0.3188203786691259,2.9054627567136206,-1.68693,-2.3123716601508213,5.2178344168644415,0.022201570335728
2022-11-12,70.934,-1.1089345296538915,2.8870078217423645,-1.7043341,-2.277179941307015,5.164187763049379,0.0170592845502585
2022-11-13,73.89800000000001,1.869344193147446,2.866913192495101,-1.6752169,-2.2405489092607622,5.107462101755864,0.011971063631208
2022-11-14,75.288,3.273086984015232,2.845186038902116,-1.651145,-2.2024918955914368,5.047677934493553,0.0069393395998606
2022-11-15,75.01299999999999,3.011973235156354,2.8218347487458053,-1.6097046,-2.163023325820613,4.984858074566419,0.0019664701022816
2022-11-16,70.47399999999999,-1.5129990204132897,2.796868919455718,-1.5629125,-2.1221587124813794,4.919027631937098,-0.0029452635016923
2022-11-17,71.571,-0.401290570034515,2.7702993488089933,-1.5302024,-2.079914647245359,4.850213996054352,-0.0077936579671068
2022-11-18,76.256,4.298323410098972,2.742138024549836,-1.4929034,-2.0363087921130285,4.778446816662864,-0.0125765899081221
2022-11-19,79.876,7.933097759616024,2.712398112942748,-1.4581666,-1.9913598696738668,4.703757982616615,-0.0172920174558478
2022-11-20,70.654,-1.2739694465813756,2.6810939462753205,-1.4306371,-1.9450876524436564,4.626181598718977,-0.0219379818278941
2022-11-21,77.209,5.2961198664087945,2.6482410093275006,-1.3987902,-1.8975129512872484,4.545753960614749,-0.0265126088078543
2022-11-22,70.339,-1.559233793259343,2.613855924825138,-1.3831809,-1.8486576029358008,4.4625135277609385,-0.0310141101330215
2022-11-23,72.938,1.0551180831520313,2.577956437896717,-1.3574934,-1.7985444566085074,4.376500894505225,-0.0354407847887439
2022-11-24,73.257,1.3896214011927128,2.540561399553154,-1.3540995,-1.7471973597495518,4.287758759302706,-0.0397910202079286
2022-11-25,71.164,-0.6877257685670948,2.501690749211427,-1.3527552,-1.6946411428919248,4.196331892103352,-0.0440632933742973
2022-11-26,75.692,3.85607464444277,2.461365496283752,-1.3727459,-1.6409016036605282,4.10226709994428,-0.0482561718281094
2022-11-27,76.59100000000001,4.771020710792497,2.419607700854928,-1.3799126,-1.586005489927795,4.005613190782723,-0.0523683145731709
2022-11-28,80.356,8.552110501052239,2.376440453471316,-1.3941294,-1.5299804821358771,3.906420935607193,-0.0563984728840527
2022-11-29,82.25200000000001,10.464342085792213,2.3318878540657395,-1.3824339,-1.4728551748001937,3.804743028865933,-0.0603454910125587
2022-11-30,89.114,17.342713535582533,2.285974990043381,-1.4427959,-1.4146590572099165,3.700634047253297,-0.0642083067925845
2022-12-01,84.93599999999999,13.181222920993418,2.238727913554549,-1.9577821,-1.3554224933417298,3.5941504068962784,-0.067985952142628
2022-12-02,82.883,11.144783314214308,2.190173617980963,-1.9694598,-1.2951767010039426,3.485350318984905,-0.071677553465321
2022-12-03,75.985,4.2634801322176585,2.1403400136626898,-2.029033,-1.2339537302286792,3.3742937438913687,-0.075282331943467
2022-12-04,75.969,4.263435878694127,2.089255902893845,-2.3642616,-1.1717864409307155,3.2610423438245606,-0.0787996037321836
2022-12-05,81.014,9.324427528397996,2.0369509542155746,-2.5795872,-1.108708479852047,3.1456594340676216,-0.0822287800468652
2022-12-06,77.382,5.7085386925422,1.9834556760354407,-2.6165702,-1.0447542568120691,3.0282099328475103,-0.0855693671467975
2022-12-07,77.97,6.312767284915642,1.9288013896030765,-2.6147647,-0.9799589202838496,2.908760309886926,-0.0888209662143678
2022-12-08,76.501,4.860031114229565,1.8730202013722024,-2.7278264,-0.9143583323175732,2.7873785336897754,-0.0919832731299402
2022-12-09,76.507,4.88241041219799,1.816144974779884,-2.8418398,-0.8479890428328714,2.664134017612755,-0.0950560781425729
2022-12-10,74.819,3.210903080417805,1.7582093014741458,-3.5082965,-0.7808882633023758,2.539097564776521,-0.0980392654368798
2022-12-11,71.324,-0.2676887461347257,1.6992474720215287,-3.8246768,-0.7130938398492886,2.412341311870817,-0.1009328125964467
2022-12-12,74.17999999999999,2.604820191091312,1.639294446126599,-3.9140403,-0.6446442257824315,2.2839386719090307,-0.1037367899643437
2022-12-13,76.778,5.2194419631827085,1.5783858223957057,-3.919554,-0.5755784535926515,2.153964275988357,-0.1064513599013722
2022-12-14,80.101,8.559174439837584,1.5165578076775177,-3.918879,-0.5059361064350175,2.0224939141125358,-0.1090767759428205
2022-12-15,78.92,7.3950094488734095,1.4538471860133113,-3.9064293,-0.435757289121699,1.8896044751350105,-0.1116133818546053
2022-12-16,74.131,2.622834922460699,1.390291287229945,-3.8639767,-0.3650825986508434,1.7553738858807886,-0.114061610589796
2022-12-17,75.462,3.970698992081074,1.3259279552088865,-3.821398,-0.2939530942972306,1.619881049506117,-0.1164219831466273
2022-12-18,75.407,3.9324882030358976,1.2607955158646078,-3.7790477,-0.22241026729084,1.483205783155448,-0.1186951073292335
2022-12-19,71.327,-0.13116053121156,1.1949327448658769,-3.7356756,-0.1504960101098896,1.3454287549757664,-0.1208816764124251
2022-12-20,77.768,6.326265357419343,1.1283788351334885,-3.7272055,-0.0782525854152033,1.206631420548692,-0.1229824677119661
2022-12-21,74.238,2.812763607176,1.061173364148025,-3.7296994,-0.0057225946531056,1.0668959588011306,-0.1249983410618956
2022-12-22,72.088,0.6791292664171564,0.9933562611012132,-3.702909,0.0670510536456402,0.9263052074555732,-0.1269302372005646
2022-12-23,71.127,-0.2653831055970803,0.9249677739243868,-3.757073,0.1400251758431099,0.7849425980812769,-0.1287791760671513
2022-12-24,73.57,2.194367206061127,0.8560484362275006,-3.7774656,0.2131563454196874,0.6428920908078132,-0.1305462550105283
2022-12-25,69.748,-1.6107914784865651,0.7866390341819742,-3.7684386,0.286400925419507,0.5002381087624672,-0.1322326469124577
2022-12-26,69.521,-1.8208614162665155,0.716780573380548,-3.7934287,0.3597151010874573,0.3570654722930907,-0.1338395982271909
2022-12-27,72.671,1.3461551356950174,0.6465142457070424,-4.829301,0.4330549126691807,0.2134593330378617,-0.1353684269396424
2022-12-28,80.735,9.426926439093574,0.5758813962487542,-4.8801985,0.506376288345364,0.0695051079033902,-0.1368205204444127
2022-12-29,70.301,-0.9907273802712488,0.5049234902839219,-5.0394297,0.5796350772714755,-0.0747115869875535,-0.1381973333480217
2022-12-30,80.071,8.795927248241824,0.4336820803763868,-6.006466,0.6527870826941103,-0.2191050023177235,-0.139500385196805
2022-12-31,71.68599999999999,0.4272358488986927,0.3621987736092162,-6.566429,0.725788095114979,-0.3635893215057628,-0.1407312581330221
2023-01-01,75.23,3.9880540332220207,0.2905151989887274,-6.643258,0.7985939254735427,-0.5080787264848152,-0.141891594481801
2023-01-02,77.759,6.533955799173266,0.2186729750498852,-6.665776,0.8711604383194054,-0.6524874632695201,-0.1429830942716334
2023-01-03,70.61399999999999,-0.594515119212236,0.1467136776936709,-6.693705,0.9434435849454704,-0.7967299072517994,-0.1440075126912156
2023-01-04,79.64,8.448023575372908,0.074678808286459,-6.932468,1.0153994364530303,-0.9407206281665716,-0.144966657485501
2023-01-05,63.971,-7.204488160009392,0.0026097620510317,-7.777318,1.0869842167200028,-1.084374454668971,-0.1458623862939126
2023-01-06,68.16999999999999,-2.98887965704222,-0.0694522032217593,-7.766106,1.158154335243642,-1.2276065384654011,-0.1466966039337274
2023-01-07,70.04199999999999,-1.1000957317811206,-0.1414659981121611,-7.988047,1.2288664198292067,-1.3703324179413678,-0.1474712596317191
2023-01-08,67.643,-3.48181849730111,-0.2133907321336595,-8.50389,1.2990773490962324,-1.5124680812298918,-0.148188344207205
2023-01-09,68.857,-2.2504538815277875,-0.2851857438908265,-9.054521,1.3687442847742572,-1.6539300286650838,-0.1488498872097046
2023-01-10,66.67399999999999,-4.416043896255728,-0.3568106308062114,-9.416604,1.4378247037600336,-1.794635334566245,-0.1494579540144761
2023-01-11,65.372,-5.700570790330685,-0.4282252783903676,-9.735505,1.506276429908601,-1.9345017082989688,-0.150014642879252
2023-01-12,67.209,-3.846017355900697,-0.4993898890297609,-9.79868,1.5740576655307392,-2.0734475545605,-0.1505220819655429
2023-01-13,63.082,-7.955406044986566,-0.5702650102680082,-10.052738,1.6411270225697432,-2.211392032837751,-0.1509824263279231
2023-01-14,65.857,-5.162444114781094,-0.6408115625567088,-10.559379,1.707443553430725,-2.348255115987434,-0.1513978548747626
2023-01-15,82.429,11.427568006552152,-0.7109908664527929,-10.613427,1.7729667814359902,-2.483957647888783,-0.1517705673038961
2023-01-16,73.196,2.2123329228417488,-0.7807646692402543,-10.619653,1.8376567308804652,-2.61842140012072,-0.1521027810167679
2023-01-17,67.90899999999999,-3.057308039899276,-0.8500951709547461,-10.459042,1.901473956661497,-2.7515691276162437,-0.1523967280146116
2023-01-18,67.599,-3.3499140591404206,-0.9189450497905396,-10.393002,1.9643795734578164,-2.883324623248356,-0.1526546517802605
2023-01-19,67.576,-3.355487551204777,-0.9872774868700608,-10.39065,2.0263352844328613,-3.013612771302922,-0.1528788041491935
2023-01-20,66.308,-4.606030932415397,-1.0550561903571098,-10.200646,2.087303409438174,-3.142359599795284,-0.1530714421734597
2023-01-21,66.107,-4.789527059321625,-1.1222454188958169,-10.035269,2.147246912693038,-3.2694923315888547,-0.1532348249821189
2023-01-22,68.078,-2.800797597590093,-1.1888100043581284,-9.8751955,2.206129429917065,-3.394939434275193,-0.1533712106418619
2023-01-23,70.86399999999999,0.0030247872076634,-1.25471537388371,-9.713004,2.263915294892972,-3.518630668776682,-0.1534828530214734
2023-01-24,72.098,1.2552943509087808,-1.319927571196886,-9.566256,2.3205695654373097,-3.6404971366341954,-0.1535719986638009
2023-01-25,68.318,-2.506414349050021,-1.384413277186321,-9.422281,2.376058048757597,-3.760471325943918,-0.1536408836688998
2023-01-26,69.856,-0.9498683791729494,-1.4481398297339232,-9.269126,2.430347326174718,-3.878487155908641,-0.1536917305920081
2023-01-27,68.15,-2.6375470251591286,-1.5110752427805614,-9.140358,2.4834047771902705,-3.994480019970832,-0.153726745360001
2023-01-28,68.728,-2.040975579077332,-1.573188224617008,-9.008091,2.535198602879042,-4.10838682749605,-0.1537481142099613
2023-01-29,65.908,-4.842398086345126,-1.6344481953895242,-8.915632,2.585697848587498,-4.220146043977023,-0.1537580006534762
2023-01-30,76.492,5.76027847592677,-1.6948253038104837,-8.772252,2.6348724259198355,-4.329697729730319,-0.1537585424702587
2023-01-31,70.252,-0.4614809785551004,-1.7542904430653612,-8.647033,2.682693133993821,-4.436983577059182,-0.153751848734653
2023-02-01,70.98400000000001,0.2887443651071182,-1.812815265908408,-8.531714,2.729131679949392,-4.5419469458578,-0.1537399968785651
2023-02-02,73.281,2.60395218603366,-1.8703721989402544,-8.419841,2.7741606986936085,-4.644532897633862,-0.1537250297943108
2023-02-03,68.413,-2.2459776052121336,-1.92693445606174,-8.460482,2.8177537718664225,-4.744688227928163,-0.1537089529808478
2023-02-04,67.137,-3.5039327611855025,-1.9824760510991124,-8.395895,2.85988544601232,-4.842361497111432,-0.1536937317368032
2023-02-05,67.698,-2.9249156202061584,-2.036971809596821,-8.714036,2.90053124994379,-4.937503059540612,-0.1536812884036711
2023-02-06,69.26,-1.3446877423929928,-2.090397379775008,-8.629273,2.939667711283236,-5.030065091058244,-0.1536734996624926
2023-02-07,63.28,-7.306498895597955,-2.1427292426498004,-8.546775,2.977272372170796,-5.1200016148205965,-0.1536721938872861
2023-02-08,63.873,-6.69535138149425,-2.193944721315402,-8.449563,3.013323804126296,-5.207268525441698,-0.1536791485584314
2023-02-09,64.24499999999999,-6.305247501755073,-2.244021989388014,-8.353209,3.047801622054372,-5.2918236114423856,-0.1536960877391464
2023-02-10,71.31800000000001,0.7858104419463818,-2.2929400786124545,-8.267111,3.0806864973826085,-5.373626575995063,-0.1537246796181321
2023-02-11,74.57300000000001,4.058579369736117,-2.340678885633324,-8.200917,3.111960170323353,-5.452639055956677,-0.153766534121393
2023-02-12,81.73,11.233076072684938,-2.387219177933452,-8.102744,3.1416054612506907,-5.528824639184142,-0.1538232005961605
2023-02-13,73.24300000000001,2.763284259122247,-2.4325425989433165,-8.02849,3.169606281184916,-5.602148880128232,-0.1538961655697747
2023-02-14,74.13300000000001,3.670101480896289,-2.476631672325896,-8.006987,3.195947641377627,-5.6725793137035225,-0.1539868505862959
2023-02-15,65.16900000000001,-5.277357444477798,-2.519469805442479,-7.9254446,3.2206156619914776,-5.740085467433957,-0.1540966101235368
2023-02-16,67.804,-2.6257307957081646,-2.56104129200557,-7.843084,3.243597579869402,-5.804638871874972,-0.1542267295931142
2023-02-17,70.089,-0.3241620628144877,-2.601331313926164,-7.741765,3.2648817553890197,-5.866213069315183,-0.1543784234260337
2023-02-18,69.79599999999999,-0.6006537178830951,-2.6403259423632157,-7.635866,3.2844576783987467,-5.924783620761962,-0.1545528332462214
2023-02-19,67.103,-3.277409083755717,-2.678012137984145,-7.543449,3.3023159732330414,-5.980328111217187,-0.1547510261343288
2023-02-20,75.386,5.021775766600191,-2.714377750445911,-7.4606977,3.3184484028049788,-6.032826153250889,-0.1549739929840246
2023-02-21,69.08,-1.2682661641643478,-2.7494115171070046,-7.454075,3.3328478717753187,-6.082259388882323,-0.1552226469529002
2023-02-22,73.298,2.9655651926412583,-2.783103060981398,-7.4926195,3.345508428797938,-6.1286114897793365,-0.1554978220099987
2023-02-23,69.05799999999999,-1.258762576075186,-2.815442887946367,-7.5554132,3.356425267842517,-6.171868155788884,-0.1558002715818752
2023-02-24,67.658,-2.6431983797182093,-2.846422383216649,-7.985723,3.3655947285960237,-6.212017111812672,-0.1561306672989871
2023-02-25,69.243,-1.0427065266279547,-2.876033807098169,-8.055242,3.373014295945556,-6.249048103043725,-0.156489597844098
2023-02-26,67.562,-2.70841404901784,-2.9042702900352872,-8.206077,3.3786825985458484,-6.282952888581136,-0.1568775679042652
2023-02-27,63.281000000000006,-6.974071109601594,-2.931125826966075,-8.575885,3.382599406475561,-6.313725233441636,-0.1572949972278708
2023-02-28,59.871,-10.368770984879054,-2.9565952710007446,-8.93918,3.384765627987372,-6.341360898988117,-0.1577422197880227
2023-03-01,73.55399999999999,3.3295049890083988,-2.9806743264390723,-8.97652,3.385183305357642,-6.365857631796715,-0.1582194830535544
2023-03-02,76.406,6.196468511619017,-3.003359541143086,-8.929477,3.3838556098422945,-6.38721515098538,-0.1587269473687054
2023-03-03,70.05799999999999,-0.136834295297153,-3.0246482982819094,-8.877389,3.3807868357462785,-6.405435134028188,-0.1592646854424648
2023-03-04,65.928,-4.252360008962315,-3.044538807466156,-9.0108,3.375982393614842,-6.420521201080998,-0.1598326819484173
2023-03-05,60.144000000000005,-10.021983313650976,-3.0630300952897724,-9.248969,3.3694488025556155,-6.432478897845388,-0.1604308332358164
2023-03-06,65.315,-4.836706828143193,-3.080121995297641,-9.273355,3.361193681701214,-6.441315676998855,-0.1610589471524759
2023-03-07,63.058,-7.079533171218925,-3.095815137397802,-9.280222,3.3512257408229456,-6.447040878220747,-0.1617167429799518
2023-03-08,58.815,-11.30846496165822,-3.1101109367373945,-9.406303,3.339554770106817,-6.449665706844211,-0.1624038514813425
2023-03-09,63.127,-6.982504818241103,-3.1230115820620066,-9.538035,3.326191629103893,-6.4492032111659,-0.1631198150619255
2023-03-10,56.251000000000005,-13.84451943355121,-3.1345200235782493,-10.227204,3.3111482348676984,-6.445668258445948,-0.1638640880427005
2023-03-11,55.384,-14.697478471291111,-3.144639960339936,-10.268666,3.2944375492921103,-6.439077509632046,-0.1646360370467928
2023-03-12,64.44900000000001,-5.618545228944923,-3.153375827178301,-10.4612,3.276073565663827,-6.429449392842128,-0.1654349414985297
2023-03-13,67.74900000000001,-2.304722280701704,-3.1607327811971637,-10.733647,3.256071294444248,-6.416804075641411,-0.1662599942348788
2023-03-14,59.333,-10.707012200750526,-3.166716687854052,-11.562986,3.234446748296187,-6.401163436150238,-0.167110302228805
2023-03-15,69.14399999999999,-0.8824175632804481,-3.171334106648558,-11.557918,3.211216926371515,-6.382551033020073,-0.1679848874239703
2023-03-16,64.391,-5.622332820801593,-3.1745922764393963,-11.41519,3.186399797876474,-6.36099207431587,-0.1688826876800711
2023-03-17,67.33,-2.670356168764044,-3.176499100411712,-11.249238,3.160014284931956,-6.336513385343668,-0.1698025578279839
2023-03-18,61.202,-8.785490241126443,-3.177063130716421,-11.067356,3.132080244746682,-6.309143375463103,-0.1707432708337531
2023-03-19,68.94699999999999,-1.0277376718475135,-3.176293552803323,-11.255719,3.1026184511217565,-6.278912003925079,-0.1717035190703291
2023-03-20,70.034,0.0719548877236675,-3.174200169469921,-11.213006,3.071650575305612,-6.245850744775533,-0.1726819156958459
2023-03-21,65.089,-4.860148775523924,-3.170793384647842,-11.25436,3.0391991662189413,-6.209992550866783,-0.1736769961370862
2023-03-22,71.029,1.0926441979443715,-3.1660841869487544,-11.261731,3.005287630069608,-6.171371817018362,-0.1746872196766726
2023-03-23,71.024,1.1003256424002883,-3.1600841329916944,-11.188564,2.9699402093781786,-6.1300243423698735,-0.1757109711423914
2023-03-24,61.968,-7.943334514047805,-3.15280533053366,-11.084999,2.933181961435018,-6.085987291968678,-0.1767465626969363
2023-03-25,65.221,-4.67806864748769,-3.144260421425227,-10.936458,2.8950387362104504,-6.039299157635678,-0.1777922357262343
2023-03-26,59.386,-10.50068165335307,-3.134462564412869,-10.762861,2.855537153739829,-5.989999718152697,-0.1788461628244151
2023-03-27,65.40799999999999,-4.466410072708341,-3.12342541780948,-10.589993,2.814704581005825,-5.938129998815306,-0.179906449873339
2023-03-28,62.068,-7.794126268217076,-3.111163122054553,-11.028751,2.772569108340574,-5.883732230395127,-0.180971138214518
2023-03-29,67.229,-2.620844472808912,-3.0976902821851318,-11.131601,2.729159525370653,-5.826849807555784,-0.1820382069111276
2023-03-30,69.562,-0.2756818089728194,-3.0830219502385634,-11.01361,2.684505296528272,-5.767527246766836,-0.1831055750977049
2023-03-31,60.011,-9.814205924420929,-3.0671736076078138,-10.889235,2.638636536152267,-5.705810143760081,-0.1841711044150329
2023-04-01,59.858,-9.954753474944322,-3.050161147369827,-10.817184,2.591583983202821,-5.641745130572648,-0.1852326015275836
2023-04-02,67.855,-1.9453241014256035,-3.032000856607129,-10.722227,2.5433789756140754,-5.575379832221204,-0.1862878207208149
2023-04-03,66.912,-2.8760119427494573,-3.012709398742617,-10.640444,2.4940534243090524,-5.50676282305167,-0.1873344665754989
2023-04-04,65.306,-4.469819443744823,-2.9923037959071004,-10.516714,2.443639786901447,-5.435943582808547,-0.1883701967161747
2023-04-05,69.655,-0.1085128357934712,-2.970801411358832,-10.3847685,2.39217104110911,-5.362972452467941,-0.1893926246307232
2023-04-06,63.302,-6.449413310637542,-2.94821993197385,-10.285278,2.339680657904154,-5.287900589878004,-0.190399322557966
2023-04-07,67.111,-2.62824367873038,-2.924577350825686,-10.428359,2.2862025744247223,-5.210779925250408,-0.1913878244401157
2023-04-08,66.929,-2.798100194192949,-2.8998919498723903,-10.302472,2.231771166673655,-5.131663116546045,-0.1923556289368139
2023-04-09,66.121,-3.594076814258452,-2.874182282768606,-10.181932,2.176421222029258,-5.050603504797865,-0.1933002024974122
2023-04-10,65.498,-4.204578353394202,-2.8474671578197706,-10.07664,2.120187911593495,-4.967655069413265,-0.1942189824880884
2023-04-11,57.265,-12.425055744302837,-2.819765621095232,-10.018769,2.0631067624029904,-4.882872383498222,-0.1951093803703004
2023-04-12,62.912,-6.765596929911457,-2.791096939716461,-9.895892,2.0052136295281286,-4.796310569244589,-0.1959687849270294
2023-04-13,66.62400000000001,-3.0412145149474803,-2.761480585336116,-9.766,1.9465446680856355,-4.708025253421751,-0.1967945655331895
2023-04-14,68.607,-1.045730731079619,-2.730936217823141,-9.626142,1.887136305189888,-4.618072523013029,-0.1975840754665238
2023-04-15,61.095,-8.545353271652518,-2.699483669168597,-9.498926,1.8270252118681929,-4.52650888103679,-0.198334655255248
2023-04-16,60.849,-8.778565183828647,-2.667142927626399,-9.388096,1.7662482749651611,-4.43339120259156,-0.1990436360586628
2023-04-17,67.297,-2.3178737734109163,-2.6339341221024646,-9.314292,1.7048425690611675,-4.338776691163632,-0.1997083430768877
2023-04-18,65.161,-4.441281194120696,-2.599877506805359,-9.310108,1.6428453284297706,-4.24272283523513,-0.2003260989858467
2023-04-19,62.71699999999999,-6.87278959967941,-2.564993446170885,-9.232407,1.580293919058798,-4.145287365229684,-0.2008942273935832
2023-04-20,65.004,-4.573262530464791,-2.5293024000724,-9.12992,1.5172258107596115,-4.046528210832012,-0.201410056313953
2023-04-21,61.42100000000001,-8.143709668390079,-2.4928249093281987,-9.025591,1.4536785493888122,-3.946503458717011,-0.2018709216537112
2023-04-22,65.28299999999999,-4.269257005393273,-2.4555815815165536,-8.895515,1.3896897292065096,-3.845271310723063,-0.2022741707089886
2023-04-23,77.541,8.00113744627572,-2.417593077108504,-8.798628,1.3252969653949052,-3.742890042503409,-0.2026171656671209
2023-04-24,69.01100000000001,-0.5167071409723674,-2.378880095927768,-8.692464,1.2605378667607412,-3.639417962688509,-0.2028972871097911
2023-04-25,66.47699999999999,-3.038886054788966,-2.339463363946625,-8.559495,1.1954500086448312,-3.5349133725914563,-0.2031119375134203
2023-04-26,68.42099999999999,-1.0831206344740945,-2.299363620425926,-8.450485,1.130070906061545,-3.429434526487471,-0.2032585447427457
2023-04-27,67.08600000000001,-2.4062256226889747,-2.2586016054067235,-8.339926,1.064437987090835,-3.323039592497558,-0.2033345655335143
2023-04-28,69.29299999999999,-0.1873481556698588,-2.217198047560571,-8.208837,0.9985885665449564,-3.215786614105527,-0.2033374889602234
2023-04-29,65.773,-3.695676303528906,-2.1751736524045717,-8.068125,0.9325598199316784,-3.1077334723362497,-0.2032648398848501
2023-04-30,62.048,-7.409048754775689,-2.132549090887017,-7.956464,0.866388757735399,-2.998937848622416,-0.2031141823825177
2023-05-01,65.63199999999999,-3.8135349297778074,-2.0893449883484627,-7.876194,0.8001122000370874,-2.88945718838555,-0.2028831231400633
2023-05-02,63.567,-5.8671369400581845,-2.045581913862725,-7.9421115,0.7337667514935946,-2.7793486653563195,-0.2025693148234959
2023-05-03,68.797,-0.6257651896454939,-2.00128036996146,-7.883634,0.6673887766963943,-2.6686691466578543,-0.2021704594103528
2023-05-04,66.85000000000001,-2.5615160309131557,-1.9564607827454863,-7.8445754,0.6010143759292721,-2.557475158674759,-0.2016843114829934
2023-05-05,66.39200000000001,-3.0079685278032864,-1.9111434923853663,-7.8643246,0.5346793613441071,-2.445822853729473,-0.2011086814789099
2023-05-06,64.727,-4.661559465310424,-1.8653487440130097,-7.984728,0.4684192335732419,-2.3337679775862514,-0.2004414388941596
2023-05-07,63.70000000000001,-5.677290876616265,-1.8190966790056695,-7.910807,0.4022691587964832,-2.221365837802153,-0.1996805154360821
2023-05-08,62.7,-6.66616479490259,-1.7724073266629268,-7.938466,0.3362639462802276,-2.1086712729431545,-0.1988239081215014
2023-05-09,64.226,-5.129073630490154,-1.7253005962766998,-7.8234115,0.2704380264055977,-1.9957386226822973,-0.1978696823166644
2023-05-10,61.649,-7.695044665382339,-1.6777962695937652,-7.6916447,0.2048254292019267,-1.882621698795692,-0.1968159747152377
2023-05-11,60.053,-9.28016139579692,-1.6299139936696407,-7.5883923,0.1394597634013803,-1.769373757071021,-0.1956609962507233
2023-05-12,67.006,-2.3163432475132906,-1.581673274112137,-7.478986,0.0743741960297945,-1.6560474701419317,-0.1944030349397391
2023-05-13,65.22200000000001,-4.089639872133253,-1.533093468712307,-7.3705463,0.009601432548303,-1.54269490126061,-0.1930404586526659
2023-05-14,65.716,-3.585032042708256,-1.4841937814600037,-7.2451673,-0.0548263024403493,-1.429367479019654,-0.1915717178082428
2023-05-15,64.69900000000001,-4.59158284862089,-1.434993256940618,-7.1183944,-0.1188772839075666,-1.3161159730330514,-0.1899953479887668
2023-05-16,64.581,-4.699294267311115,-1.385510775109227,-6.9734163,-0.1825203045241001,-1.2029904705851269,-0.1883099724726356
2023-05-17,68.338,-0.9321097509957368,-1.3357650464376425,-6.8322644,-0.2457246921827303,-1.090040354254912,-0.1865143046810569
2023-05-18,66.896,-2.364091419056657,-1.285774607429516,-6.7111216,-0.3084603269071562,-0.9773142805223598,-0.1846071505358349
2023-05-19,69.89,0.6397587599737466,-1.2355578164981087,-6.5925665,-0.3706976571364578,-0.8648601593616508,-0.1825874107252404
2023-05-20,68.441,-0.799561182436915,-1.1851328502008809,-6.469524,-0.4324077153751989,-0.752725134825682,-0.1804540828750697
2023-05-21,68.439,-0.7914175330896006,-1.13451769982455,-6.3472786,-0.4935621331999602,-0.6409555666245896,-0.1782062636220811
2023-05-22,65.951,-3.2694427463932114,-1.0837301683139196,-6.250336,-0.5541331556136777,-0.5295970127002418,-0.1758431505871286
2023-05-23,69.088,-0.1226386958375123,-1.0327878675372464,-6.163324,-0.6140936547400275,-0.4186942127972188,-0.173364044245393
2023-05-24,64.024,-5.177227665441461,-0.9817082158806486,-6.0773153,-0.6734171428506215,-0.3082910730300271,-0.170768349691231
2023-05-25,70.273,1.0810780080588087,-0.9305084361635042,-5.9830403,-0.7320777847186282,-0.198430651444876,-0.1680555782952825
2023-05-26,76.601,7.418224743890051,-0.8792055538665413,-5.9016023,-0.7900504092930942,-0.089155144573447,-0.1652253492515743
2023-05-27,71.367,2.193197895561921,-0.8278163956639695,-5.8220057,-0.8473105206888886,0.019494125024919,-0.1622773910124968
2023-05-28,61.650000000000006,-7.515067469962554,-0.7763575882505694,-5.761903,-0.903834308488024,0.1274767202374546,-0.1592115426096328
2023-05-29,72.28999999999999,3.133491530719508,-0.7248455574544552,-5.6663556,-0.9595986573487584,0.2347530998943032,-0.1560277548585557
2023-05-30,68.709,-0.4391270074873555,-0.6732965276258558,-5.5827193,-1.0145811559195768,0.3412846282937209,-0.1527260914458331
2023-05-31,72.535,3.395138047857,-0.6217265212920632,-5.498654,-1.068760105055901,0.4470335837638378,-0.149306729896601
2023-06-01,74.533,5.401206907585809,-0.5701513590683257,-5.4213347,-1.1221145253380889,0.5519631662697632,-0.1457699624212029
2023-06-02,64.593,-4.5309095747536805,-0.5185866598143649,-5.3503637,-1.1746241638899793,0.6560375040756143,-0.1421161966395264
2023-06-03,68.396,-0.720055923609929,-0.4670478410258741,-5.279903,-1.2262695004979365,0.7592216594720623,-0.1383459561817985
2023-06-04,65.97500000000001,-3.133232982778221,-0.4155501194502574,-5.2059875,-1.2770317530310662,0.8614816335808089,-0.134459881164734
2023-06-05,66.596,-2.5045776999524825,-0.364108511915553,-5.128486,-1.326892882164004,0.962784370248451,-0.1304587285420811
2023-06-06,71.958,2.865198414204869,-0.312737836361548,-5.0705857,-1.3758355954042671,1.063097759042719,-0.1263433723287327
2023-06-07,61.278,-7.807536068403085,-0.261452713061735,-5.026942,-1.4238433504269838,1.1623906373652488,-0.1221148036977211
2023-06-08,69.539,0.4615171515772867,-0.2102675660248193,-4.96249,-1.47090035772039,1.2606327916955706,-0.117774130949552
2023-06-09,72.48400000000001,3.4146763879997404,-0.1591966245642947,-4.922936,-1.51699158254621,1.3577949579819153,-0.1133225793534747
2023-06-10,67.471,-1.5906437028947282,-0.1082539250246055,-4.87687,-1.5621027462196622,1.4538488211950569,-0.1087614908604337
2023-06-11,74.264,5.210139630269365,-0.0574533126523019,-4.8359823,-1.6062203267145534,1.5487670140622514,-0.1040923236875808
2023-06-12,73.561,4.514392341926995,-0.0068084436006638,-4.801985,-1.6493315585994737,1.6425231149988098,-0.0993166517743776
2023-06-13,66.93599999999999,-2.103534707571136,0.043667212943908,-4.738798,-1.6914244323118646,1.7350916452557723,-0.0944361641104662
2023-06-14,72.48400000000001,3.4517148464143887,0.0939603725251857,-4.6682835,-1.7324876927772204,1.826448065302406,-0.0894526639356138
2023-06-15,70.878,1.8527106260436783,0.144057933081733,-4.5860286,-1.7725108373814176,1.9165687704631509,-0.0843680678122052
2023-06-16,71.97000000000001,2.951822680854272,0.1939469725242956,-4.5236073,-1.8114841133047328,2.005431085829029,-0.0791844045708759
2023-06-17,68.01400000000001,-0.9973935157358172,0.2436147462374002,-4.456798,-1.8493985142266247,2.093013260464025,-0.0739038141300417
2023-06-18,70.028,1.023620190472643,0.2930486845164821,-4.4192986,-1.886245776411082,2.179294460927564,-0.0685285461902144
2023-06-19,74.08099999999999,5.083466281226272,0.3422363899517367,-4.4150014,-1.9220183741827597,2.2642547641344963,-0.0630609588041348
2023-06-20,69.025,0.0339024777550148,0.3911656347698193,-4.3744426,-1.956709514804762,2.3478751495745813,-0.0575035168239013
2023-06-21,65.57000000000001,-3.4145979761794694,0.4398243581443042,-4.3174844,-1.9903131327694608,2.430137490913765,-0.0518587902264073
2023-06-22,67.32000000000001,-1.6580034128409875,0.4882006634856551,-4.252357,-2.0228238835141936,2.511024546999849,-0.0461294523185431
2023-06-23,70.14399999999999,1.1724672691045177,0.536282815721345,-4.2039227,-2.054237136574291,2.590519952295636,-0.0403182778237543
2023-06-24,63.747,-5.218051224397499,0.5840592385764513,-4.1720233,-2.0845489681862786,2.66860820676273,-0.034428140851687
2023-06-25,69.715,0.7567309696649169,0.6315185118649147,-4.1206656,-2.113756153354624,2.7452746652195383,-0.0284620127527782
2023-06-26,65.055,-3.896898423027015,0.6786493688014482,-4.0674977,-2.141856157395864,2.820505526197312,-0.0224229598597958
2023-06-27,67.106,-1.8396937032296372,0.7254406933436626,-4.0104623,-2.168847126974342,2.894287820318005,-0.0163141411184492
2023-06-28,67.871,-1.0686563533876083,0.7718815175739611,-3.9555223,-2.194727880644212,2.966609398218173,-0.0101388056093248
2023-06-29,63.647,-5.286406299125205,0.8179610191302585,-3.8879883,-2.219497898912845,3.037458918043104,-0.0039002899635375
2023-06-30,67.80600000000001,-1.1211887256959598,0.8636685186943925,-3.825082,-2.243157313841028,3.1068258325354203,0.0023979843254058
2023-07-01,67.665,-1.2551589186725844,0.9089934775468016,-3.771869,-2.265706898195835,3.1747003757426366,0.0087525136908978
2023-07-02,67.73700000000001,-1.1762069399143296,0.9539254951956472,-3.709496,-2.2871480541723086,3.241073549367956,0.0151597153809297
2023-07-03,72.833,3.926682070309952,0.9984543070883344,-3.645591,-2.3074828017004685,3.305937108788803,0.0216159304413405
2023-07-04,69.938,1.0381123213289023,1.0425697824129243,-3.5834568,-2.326713766354448,3.369283548767372,0.0281174267916372
2023-07-05,77.05099999999999,8.157374579343417,1.0862619219966752,-3.5320222,-2.344844166880846,3.431106088877522,0.0346604023903029
2023-07-06,64.9,-3.987519348000056,1.1295208563085446,-3.4870713,-2.361877802363663,3.491398658672208,0.0412409884864022
2023-07-07,76.08099999999999,7.199429268323253,1.172336843572125,-3.4359586,-2.377819039043424,3.5501558826155493,0.0478552529541872
2023-07-08,65.99199999999999,-2.884191002765139,1.2147002679950736,-3.3834841,-2.392672796808332,3.607373064803405,0.0544992037073139
2023-07-09,70.991,2.1200341907209963,1.2566016381207696,-3.3463755,-2.4064445353754635,3.663046173496233,0.0611687921891773
2023-07-10,72.791,3.92510295759614,1.298031585307467,-3.3002996,-2.41914024018028,3.717171825487747,0.0678599169357811
2023-07-11,66.93,-1.9310108789154272,1.3389808623398658,-3.2605317,-2.4307664079927784,3.769747270332644,0.0745684272074767
2023-07-12,71.595,2.738771848641376,1.3794403421775816,-3.2100797,-2.441330032278888,3.82077037445647,0.081290126685812
2023-07-13,67.7,-1.1516314557511584,1.4194010168445863,-3.164946,-2.4508385883256896,3.870239605170276,0.0880207772316582
2023-07-14,63.853,-4.9938659848374325,1.4588539964633098,-3.1112194,-2.459300018149285,3.918154014612595,0.0947561027007022
2023-07-15,67.163,-1.6791905051084193,1.4977905084365724,-3.0627952,-2.4667227152040923,3.964513223640664,0.1014917928123192
2023-07-16,74.73299999999999,5.895334338234759,1.5362018967802733,-3.027985,-2.473115508912514,4.009317405692787,0.1082235070677805
2023-07-17,72.649,3.815386053024551,1.5740796216090969,-3.0047734,-2.478487649033842,4.052567270642939,0.1149468787136775
2023-07-18,70.272,1.4422473791799375,1.6114152587772956,-2.976062,-2.4828487898914333,4.0942640486687285,0.1216575187463907
2023-07-19,64.593,-4.232854885727916,1.6482004996760469,-2.9406428,-2.486208974477027,4.134409474153074,0.1283510199533769
2023-07-20,68.578,-0.2440362128115874,1.6844271511884934,-2.9028924,-2.488578618451171,4.173005769639665,0.1350229609870032
2023-07-21,63.855,-4.96332059074728,1.7200871358031182,-2.8699238,-2.4899684940585933,4.210055629861712,0.1416689104665968
2023-07-22,72.047,3.232356975058824,1.755172491885781,-2.820586,-2.4903897139773705,4.245562205863152,0.1482844311043616
2023-07-23,69.71900000000001,0.9078492174939988,1.789675374110171,-2.7819073,-2.489853715120568,4.2795290892307385,0.1548650838507584
2023-07-24,70.77799999999999,1.9704202206439403,1.823588054046133,-2.749864,-2.488372242409012,4.311960296455145,0.1614064320549241
2023-07-25,69.505,0.7009315016607087,1.8569029209048369,-2.7335188,-2.4859573325336446,4.342860253438482,0.1679040456356797
2023-07-26,65.045,-3.755784524876244,1.8896124824394225,-2.712117,-2.48262129772582,4.372233780165242,0.1743535052586554
2023-07-27,61.883,-6.914611559954278,1.921709365999234,-2.674346,-2.478376709553729,4.400086075552963,0.1807504065150433
2023-07-28,62.804,-5.990513525555425,1.9531863197354904,-2.621955,-2.473236382762905,4.426422702498396,0.1870903640974835
2023-07-29,64.254,-4.537484661523926,1.9840362139557188,-2.56969,-2.467213359178639,4.4512495731343575,0.1933690159685773
2023-07-30,69.547,0.7590389827595894,2.014252042624024,-2.5300891,-2.4603208916878425,4.474572934311866,0.1995820275175269
2023-07-31,67.482,-1.302266627459574,2.0438269250037333,-2.5036535,-2.45257242831769,4.496399353321424,0.2057250957004016
2023-08-01,70.198,1.4173670826586964,2.0727541074387457,-2.476965,-2.4439815964280798,4.516735703866825,0.2117939531595402
2023-08-02,73.61099999999999,4.834558901097847,2.1010269652694693,-2.4549031,-2.434562187034739,4.535589152304208,0.2177843723176213
2023-08-03,66.494,-2.279050093541532,2.12863900487882,-2.4437084,-2.424328139279414,4.552967144158234,0.2236921694419376
2023-08-04,69.138,0.369200135368646,2.155583865863611,-2.4407916,-2.4132935250633896,4.568877390927001,0.2295132086744562
2023-08-05,63.75300000000001,-5.011960917820975,2.1818553233261024,-2.4292717,-2.401472533860107,4.583327857186209,0.2352434060232558
2023-08-06,60.799,-7.961933863502429,2.2074472902803373,-2.4177485,-2.388879457722464,4.5963267480028005,0.2408787333109827
2023-08-07,69.70700000000001,0.9500181199992704,2.2323538201674844,-2.405993,-2.3755286764998984,4.607882496667383,0.2464152220759971
2023-08-08,73.33000000000001,4.577136595939186,2.2565691094741918,-2.401193,-2.361434643280054,4.6180037527542455,0.2518489674219318
2023-08-09,65.264,-3.4848643702864144,2.280087500447579,-2.394816,-2.3466118700694083,4.626699370516987,0.2571761318114324
2023-08-10,71.048,2.3030143866396644,2.3029034839003626,-2.3817062,-2.331074913726836,4.633978397627199,0.2623929487999012
2023-08-11,69.758,1.0164643496289338,2.3250117020992045,-2.364174,-2.314838362163678,4.639850064262882,0.2674957267051324
2023-08-12,62.322,-6.415957522893108,2.3464069517293025,-2.3335724,-2.2979168208234872,4.64432377255279,0.2724808522087792
2023-08-13,70.851,2.116662337867504,2.3670841869278187,-2.3092713,-2.2803248994540626,4.647409086381881,0.2773447938856755
2023-08-14,72.792,4.061161627537341,2.387038522378802,-2.2810395,-2.262077199184121,4.649115721562923,0.282084105657096
2023-08-15,67.535,-1.1924604716861196,2.4062652364617354,-2.2472475,-2.2431882999162758,4.649453536378011,0.2866954301641203
2023-08-16,64.327,-4.397204777605375,2.4247597744460365,-2.2238076,-2.223672748047704,4.64843252249374,0.2911755020573552
2023-08-17,65.713,-3.007879591865924,2.442517751723308,-2.2084932,-2.2035450445292537,4.646062796252561,0.2955211511993446
2023-08-18,75.773,7.055650436957713,2.4595349570693026,-2.1843636,-2.182819633273341,4.642354590342643,0.2997293057760916
2023-08-19,70.615,1.9010504520702411,2.475807355927265,-2.163917,-2.1615108899204363,4.637318245847702,0.3037969953142174
2023-08-20,69.858,1.1473197140677558,2.491331093704193,-2.228603,-2.139633110973414,4.630964204677607,0.3077213536003738
2023-08-21,68.339,-0.3685011995767031,2.506102499071654,-2.390352,-2.117200503308577,4.623303002380231,0.3114996214996259
2023-08-22,72.965,4.260624592446294,2.5201180872624382,-2.4084268,-2.0942271740715594,4.614345261333998,0.3151291496696422
2023-08-23,67.953,-0.7483905000922519,2.533374563354562,-2.3791914,-2.0707271209658478,4.604101684320409,0.318607401167622
2023-08-24,69.497,0.7988446718747371,2.5458688255337942,-2.3370645,-2.0467142229410458,4.59258304847484,0.3219319539470149
2023-08-25,69.285,0.5900782650547849,2.557597968326187,-2.295498,-2.02220223128754,4.579800199613727,0.3251005032412047
2023-08-26,72.097,3.40541766376551,2.568559285791787,-2.2457554,-1.997204761143612,4.565764046935399,0.3281108638314428
2023-08-27,71.493,2.804641258514136,2.5787502746708784,-2.1948874,-1.9717352834204849,4.550485558091364,0.3309609721964467
2023-08-28,68.255,-0.4302515602297998,2.5881686374741326,-2.1441689,-1.9458071171503,4.533975754624432,0.3336488885412064
2023-08-29,71.706,3.024002055858867,2.5968122855079905,-2.1069045,-1.9194334222613605,4.516245707769351,0.336172798702666
2023-08-30,65.906,-2.772868656570884,2.604679341826815,-2.0837276,-1.892627192784487,4.497306534611302,0.338531015930084
2023-08-31,72.687,4.011329936119923,2.611768144103264,-2.0780344,-1.8654012504937496,4.477169394597014,0.3407219825380153
2023-09-01,68.783,0.1104030952836604,2.6180772474085905,-2.1511517,-1.837768238984213,4.455845486392803,0.3427442714299841
2023-09-02,75.215,6.5455198503435,2.6236054268945384,-2.2265036,-1.8097406181888889,4.433346045083427,0.3445965874910688
2023-09-03,69.93199999999999,1.2655088478447691,2.628351680368825,-2.2748797,-1.7813306593363696,4.409682339705195,0.3462777688477565
2023-09-04,74.409,5.745429117281699,2.632315230756133,-2.2594526,-1.7525504403501868,4.38486567110632,0.3477867879935706
2023-09-05,75.21600000000001,6.555115439414261,2.635495528436859,-2.2359893,-1.7234118416902768,4.358907370127136,0.3491227527791186
2023-09-06,68.726,0.0676770362128521,2.6378922534559925,-2.199177,-1.6939265426364438,4.331818796092437,0.3502849072653599
2023-09-07,66.766,-1.889715169097158,2.639505317594697,-2.1480126,-1.6641060180130824,4.30361133560778,0.3512726324390402
2023-09-08,65.26899999999999,-3.3839285926021896,2.64033486629735,-2.099686,-1.6339615353539392,4.27429640165129,0.3520854467893872
2023-09-09,63.068,-5.582026407234019,2.6403812804470865,-2.056273,-1.6035041525050835,4.24388543295217,0.3527230067453195
2023-09-10,67.194,-1.4530577117090273,2.639645177983081,-2.0237112,-1.5727447156637326,4.212389893646813,0.3531851069725729
2023-09-11,68.978,0.3341479462342935,2.6381274153530705,-2.0018075,-1.5416938578500512,4.179821273203122,0.3534716805302967
2023-09-12,76.308,7.667298407729543,2.6358290887949147,-1.9862573,-1.5103619978084748,4.146191086603389,0.3535827988868345
2023-09-13,72.624,3.986327365295947,2.632751535441224,-1.9614564,-1.4787593393346052,4.1115108747758295,0.3535186717945551
2023-09-14,68.054,-0.5807655005450365,2.6288963342414413,-1.9342515,-1.4468958710232047,4.075792205264646,0.3532796470237553
2023-09-15,77.986,9.354281296671504,2.624265306696,-1.9158479,-1.4147813664322708,4.03904667312827,0.3528662099558132
2023-09-16,72.559,3.9302083338122817,2.618860517397602,-1.8909795,-1.3824253846577157,4.001285902055317,0.3522789830359228
2023-09-17,73.5,4.874015330499894,2.612684274374866,-1.8700036,-1.3498372713126383,3.9625215456875047,0.3515187250859066
2023-09-18,75.624,7.000702006356944,2.605739129234023,-1.847965,-1.3170261599047053,3.922765289138728,0.3505863304777361
2023-09-19,75.158,6.537268081006025,2.598027877094704,-1.8173889,-1.284000973604687,3.882028850699391,0.349482828168575
2023-09-20,76.46,7.841713274069692,2.5895535563161087,-1.7971287,-1.2507704273986993,3.840323983714808,0.3482093805982874
2023-09-21,78.44,9.824037305170586,2.580319448010395,-1.7963631,-1.2173430306163069,3.7976624786267017,0.3467672824505194
2023-09-22,73.636,5.02223989393127,2.5703290753403,-1.798494,-1.1837270898260972,3.754056165166397,0.345157959278613
2023-09-23,75.237,6.625320759974327,2.559586202598592,-1.7907575,-1.1499307120900324,3.709516914688624,0.3433829659977588
2023-09-24,72.197,3.5872796229223827,2.548094834067192,-1.7848421,-1.115961808567338,3.66405664263453,0.3414439852449483
2023-09-25,70.532,1.924116202397992,2.5358592126542776,-1.842326,-1.0818280984583724,3.61768731111265,0.3393428256084264
2023-09-26,72.642,4.035830218023752,2.522883818308082,-1.9308599,-1.0475371132784894,3.570420931586572,0.3370814197285013
2023-09-27,65.44500000000001,-3.159578610577712,2.509173366206503,-1.9375081,-1.0130962014515132,3.522269567658016,0.3346618222717032
2023-09-28,73.974,5.370936092296513,2.4947328047220214,-1.9265648,-0.9785125332121136,3.473245337934135,0.3320862077804325
2023-09-29,79.636,11.03432704241274,2.479567313161916,-1.9335464,-0.9437931058059804,3.423360418967896,0.3293568684003707
2023-09-30,75.2,6.599593966424031,2.4636822992841423,-2.0463262,-0.908944748976412,3.3726270482605543,0.3264762114880764
2023-10-01,70.91699999999999,2.3177365909833387,2.447083396589586,-2.0672126,-0.8739741307255013,3.3210575273150877,0.323446757101308
2023-10-02,74.128,5.529725159959248,2.4297764613920494,-2.072039,-0.8388877633379679,3.268664224730017,0.3202711353747604
2023-10-03,71.69300000000001,3.095589697230789,2.411767569667486,-2.0881727,-0.8036920096552115,3.215459579322697,0.3169520837840232
2023-10-04,71.411,2.814329924963656,2.3930630136846074,-2.0617242,-0.7683930895870269,3.161456103271634,0.3134924443007039
2023-10-05,72.343,3.7469455653235975,2.3736692984193626,-2.0460446,-0.7329970868480594,3.106666385267422,0.3098951604417674
2023-10-06,69.29,0.6944363404763576,2.3535931377561705,-2.0153542,-0.6975099559059341,3.0511030936621046,0.306163274216281
2023-10-07,72.489,3.8938031530634594,2.332841450479256,-1.9749851,-0.6619375291276616,2.994778979606917,0.3022999229728549
2023-10-08,71.56800000000001,2.9730445768529643,2.311421356057875,-1.9339167,-0.6262855241108358,2.9377068801687107,0.2983083361511934
2023-10-09,78.345,9.750160334185413,2.2893401702295204,-1.9920908,-0.5905595511858156,2.879899721415336,0.2941918319412701
2023-10-10,76.096,7.50115014740135,2.2666054003857594,-2.0674703,-0.5547651210750102,2.8213705214607696,0.2899538138537518
2023-10-11,76.71799999999999,8.123013738841314,2.2432247407656667,-2.119552,-0.5189076526952141,2.762132393460881,0.285597767205402
2023-10-12,74.77300000000001,6.177750830845885,2.21920606746216,-2.1275558,-0.482992481088728,2.7021985485508875,0.2811272555232729
2023-10-13,72.70899999999999,4.113361145755512,2.1945574332471414,-2.1214678,-0.4470248654689953,2.641582298716137,0.2765459168716198
2023-10-14,67.893,-0.7032361077073552,2.1692870622214597,-2.1050613,-0.411009997366269,2.5802970595877284,0.2718574601055194
2023-10-15,71.11000000000001,2.513101107505044,2.1434033442963143,-2.0782413,-0.3749530088588327,2.518356353155147,0.2670656610553002
2023-10-16,74.082,5.484271887709358,2.11691482951298,-2.1173718,-0.3388589808751567,2.4557738103881364,0.2621743586459395
2023-10-17,70.035,1.4363188097955235,2.08983022220806,-2.106178,-0.3027329515523829,2.392563173760443,0.2571874509556754
2023-10-18,68.377,-0.2228819555835802,2.062158375031935,-2.0960705,-0.2665799246364465,2.3287382996683816,0.2521088912181444
2023-10-19,70.27,1.6690580333687035,2.0339082828283184,-2.071298,-0.2304048779091802,2.2643131607374984,0.2469426837724258
2023-10-20,68.395,-0.2071338452822919,2.0050890763831446,-2.0296283,-0.1942127716277173,2.1993018480108617,0.2416928799654309
2023-10-21,75.234,6.630727773324773,1.975710016051454,-1.9949946,-0.1580085569615373,2.1337185730129917,0.2363635740111324
2023-10-22,68.775,0.1702187444948362,1.9457804852710527,-2.0974545,-0.1217971844125721,2.067577669683625,0.230958898811181
2023-10-23,73.12299999999999,4.5168041268284815,1.915309983972195,-2.1207266,-0.0855836122037811,2.000893596175976,0.2254830217415002
2023-10-24,74.74300000000001,6.135186052660844,1.884308121892676,-2.1202762,-0.0493728146217681,1.933680936514444,0.2199401404094941
2023-10-25,71.002,2.392378308786691,1.852784611808059,-2.2068717,-0.0131697902990296,1.8659544021070888,0.2143344783865316
2023-10-26,68.128,-0.4839700231950598,1.8207492626869577,-2.207951,0.023020429578421,1.7977288331085366,0.2086702809204116
2023-10-27,70.91799999999999,2.3040403682559383,1.7882119727815804,-2.178141,0.059192773152185,1.729019199629395,0.2029518106325281
2023-10-28,65.067,-3.549041499413592,1.7551827226638674,-2.147613,0.095342119875376,1.659840602788491,0.1971833432044773
2023-10-29,72.081,3.463026879118341,1.7216715682178678,-2.1226258,0.1314632926130871,1.5902082756047806,0.19136916305887
2023-10-30,67.88900000000001,-0.730996222944788,1.6876886335990515,-2.0908542,0.1675510498730958,1.5201375837259556,0.1855135590391061
2023-10-31,70.369,1.7468954416758535,1.6532441041715356,-2.0505674,0.2036000781802658,1.4496440259912695,0.1796208200928923
2023-11-01,68.428,-0.1964003848499373,1.618348219434261,-2.007743,0.2396049846078531,1.378743234826408,0.1736952309642596
2023-11-02,65.432,-3.194753313333812,1.5830112659473312,-2.034772,0.2755602894787741,1.3074509764685571,0.167741067898851
2023-11-03,64.039,-4.590080828326059,1.5472435702698075,-2.0131464,0.3114604192495679,1.2357831510202395,0.1617625943672223
2023-11-04,66.318,-2.3130162741296543,1.511055491920375,-2.0462093,0.3472996995895861,1.1637557923307889,0.1557640568108879
2023-11-05,69.423,0.7905670318645883,1.4744574163723378,-2.1288412,0.3830723486676431,1.0913850677046946,0.1497496804158212
2023-11-06,59.677,-8.957272946090127,1.4374597480944422,-2.4618988,0.4187724706580613,1.0186872774363809,0.1437236649180839
2023-11-07,68.679,0.0431550605839446,1.4000729036491408,-2.5108,0.4543940494777708,0.94567885417137,0.1376901804462328
2023-11-08,66.645,-1.992375419833876,1.3623073048597951,-2.4974627,0.4899309427658019,0.8723763620939932,0.1316533634051097
2023-11-09,72.64,4.001120279397495,1.324173372058435,-2.4912107,0.525376876116127,0.798796495942308,0.1256173124055727
2023-11-10,71.142,2.501532432794776,1.2856815174255618,-2.4981506,0.5607254375745714,0.7249560798509904,0.1195860842446845
2023-11-11,69.988,1.3458609981526557,1.2468421384335513,-2.518206,0.5959700724100264,0.6508720660235249,0.1135636899408108
2023-11-12,69.213,0.569105933265785,1.2076656114049913,-2.5122662,0.6311040781699528,0.5765615332350384,0.1075540908280316
2023-11-13,68.652,0.0062697596339598,1.1681622851974025,-2.521483,0.6661206000296797,0.5020416851677226,0.1015611947141904
2023-11-14,77.459,8.811581252862092,1.1283424750254398,-2.6273906,0.7010126264446966,0.4273298485807432,0.0955888521068516
2023-11-15,72.768,4.118815158953408,1.0882164564318504,-2.6399643,0.7357729851146725,0.3524434713171779,0.0896408525113484
2023-11-16,69.173,0.52197146932578,1.0477944594179718,-2.694871,0.7703943392675475,0.2774001201504242,0.0837209208050345
2023-11-17,63.47,-5.182890895153932,1.007086662744697,-2.6865969,0.8048691842716607,0.2022174784730364,0.0778327136917578
2023-11-18,72.30799999999999,3.6534700958174753,0.9661031884144742,-3.0800905,0.8391898445833239,0.1269133438311502,0.0719798162404991
2023-11-19,81.293,12.636760820875692,0.9248540963447168,-3.2139075,0.873348471036983,0.0515056253077337,0.0661657385120139
2023-11-20,73.426,4.767938668932175,0.8833493792428484,-3.1803718,0.907337038484501,-0.0239876592416525,0.0603939122772204
2023-11-21,69.201,0.5409219977965248,0.8415989576929038,-3.1658506,0.941147343789747,-0.0995483860968431,0.0546676878309825
2023-11-22,62.722,-5.940160165986796,0.7996126754633467,-3.14059,0.974771004184145,-0.1751583287207982,0.048990330904816
2023-11-23,74.51,5.845846969585358,0.7574002950455176,-3.1149426,1.0081994559884024,-0.2507991609428848,0.043365019681952
2023-11-24,73.01,4.343660457163919,0.7149714934317846,-3.0749187,1.0414239537051555,-0.3264524602733711,0.0377948419180615
2023-11-25,71.175,2.506390671164934,0.6723358581421838,-3.0353615,1.0744355694867762,-0.4020997113445924,0.0322827921708436
2023-11-26,70.256,1.584794870743839,0.6295028835079939,-2.996775,1.1072251929820869,-0.477722309474093,0.0268317691415376
2023-11-27,73.436,4.762035470089702,0.5864819672203077,-2.9613364,1.13978353156527,-0.5533015643449624,0.0214445731313164
2023-11-28,73.566,4.889222177821629,0.5432824071513235,-2.9293554,1.1721011109497308,-0.6288187037984073,0.0161239036153722
2023-11-29,72.187,3.50730260225491,0.4999133984557199,-2.9341078,1.204168276189198,-0.7042548777334778,0.0108723569373789
2023-11-30,74.97099999999999,6.288287182340613,0.4563840309589621,-2.958363,1.2359751930678144,-0.7795911621088523,0.0056924241268857
2023-12-01,68.485,-0.2008883848450522,0.4127032868391179,-3.0255108,1.2675118498804845,-0.8548085630413664,0.0005864888420483
2023-12-02,69.429,0.7399749992240682,0.3688800386082542,-3.1807086,1.2987680596042457,-0.9298880209959912,-0.0044431745600288
2023-12-03,58.015,-10.677351772684686,0.3249230473989675,-3.474003,1.329733462460901,-1.0048104150619337,-0.0093944028232152
2023-12-04,75.00800000000001,6.312564988929156,0.2808409615613166,-3.486141,1.3603975288706485,-1.079556567309332,-0.0142651454605582
2023-12-05,73.017,4.318085771440292,0.2366423155747412,-3.5173993,1.3907495627959776,-1.1541072472212364,-0.0190534662889434
2023-12-06,72.65299999999999,3.95051802000198,0.1923355292792869,-3.7246835,1.4207787054744692,-1.2284431761951822,-0.0237575448285261
2023-12-07,68.423,-0.2830725862874825,0.1479289074297207,-3.9175408,1.4504739395388384,-1.3025450321091177,-0.0283756775654072
2023-12-08,75.14899999999999,6.43939618457195,0.1034306395758263,-3.9053066,1.4798240935218216,-1.3763934539459952,-0.0329062790761847
2023-12-09,69.395,0.68184326088605,0.0588488002714758,-3.896517,1.5088178467431974,-1.4499690464717214,-0.0373478830131603
2023-12-10,68.647,-0.0697797490181185,0.014191349614706,-3.9191597,1.537443734575593,-1.523252384960887,-0.0416991429491497
2023-12-11,67.16999999999999,-1.550221156684116,-0.030533865879726,-3.899375,1.565690154085366,-1.596224019965092,-0.04595883308099
2023-12-12,69.742,1.0183374089028865,-0.0753191120740697,-3.879697,1.5935453700441902,-1.66886448211826,-0.0501258487910154
2023-12-13,74.96300000000001,6.235578983620413,-0.1201567656673268,-3.86295,1.6209975213066825,-1.741154286974009,-0.0541992070659182
2023-12-14,75.033,6.301814963216834,-0.1650393123208632,-3.841866,1.648034627548753,-1.813073939869616,-0.0581780467725844
2023-12-15,67.729,-1.006215729239577,-0.209959344450648,-3.80852,1.6746445963610177,-1.8846039408116653,-0.0620616287906517
2023-12-16,77.862,9.123032984035673,-0.2549095586873146,-3.7697933,1.7008152306910092,-1.955724789378324,-0.0658493360017045
2023-12-17,74.018,5.275015232972788,-0.2998827530057653,-3.8105843,1.7265342366276326,-2.026416989633398,-0.0695406731351767
2023-12-18,74.046,5.298999090559762,-0.344871823526796,-4.129974,1.7517892315206791,-2.096661055047475,-0.0731352664712073
2023-12-19,82.93499999999999,14.18373324764129,-0.3898697609935418,-4.7295113,1.776567752427869,-2.1664375134214104,-0.0766328634008483
2023-12-20,71.37599999999999,2.620466696387547,-0.4348696469264734,-5.0167856,1.8008572648814474,-2.235726911807921,-0.0800333318441915
2023-12-21,66.62700000000001,-2.132832219319486,-0.4798646494608737,-4.991248,1.8246451719658925,-2.304509821426766,-0.0833366595271444
2023-12-22,63.76,-5.004034594135637,-0.52484801887166,-4.988494,1.8479188236978947,-2.372766842569555,-0.0865429531177402
2023-12-23,66.53399999999999,-2.234161000239005,-0.5698130827907487,-4.976631,1.870665526699341,-2.4404786094900897,-0.0896524372230445
2023-12-24,72.662,3.8900710179786064,-0.614753241122909,-4.971717,1.8928725541536773,-2.5076257952765864,-0.0926654532478579
2023-12-25,69.962,1.1863252713155386,-0.6596619606665305,-4.9731355,1.9145271560355683,-2.5741891167020987,-0.0955824581165895
2023-12-26,70.79199999999999,2.0126016426423985,-0.704532769446348,-4.9715586,1.9356165696034635,-2.6401493390498114,-0.0984040228598368
2023-12-27,64.379,-4.404447423583508,-0.7493592507657654,-5.194103,1.956128030144235,-2.7054872809100003,-0.1011308310673384
2023-12-28,68.414,-0.3728757954834107,-0.7941350369869354,-5.255813,1.9760487819587933,-2.770183818945729,-0.1037636772091537
2023-12-29,60.349,-8.441197621715986,-0.838853803047327,-5.4873013,1.9953660895771412,-2.8342198926244686,-0.1063034648270488
2023-12-30,69.0,0.206757464854965,-0.8835092597221192,-5.695563,2.014067249191074,-2.8975765089131933,-0.1087512045982291
2023-12-31,70.071,1.2747065960171595,-0.9280951466422256,-5.652706,2.032139600292385,-2.960234746934611,-0.1111080122737077
