date,gps_raw_up_mm,gps_detrended_mm,gps_seasonal_mm,hydl_original_up_mm,hydl_seasonal_mm,gps_minus_hydl_mm,poroelastic_mm
2021-01-01,870.089,0.216817238275135,1.5660257604639831,-5.4886513,0.1639877287126102,1.402038031751373,0.2094052875277676
2021-01-02,871.9409999999999,2.051985475545985,1.4571233279486224,-5.5195885,0.2266465849595365,1.230476742989086,0.1979263725257447
2021-01-03,866.9050000000001,-3.000868481119524,1.3471008108469846,-5.540443,0.2893932052582644,1.0577076055887202,0.1863425017011282
2021-01-04,871.25,1.3272997043084789,1.2359924717557558,-5.734016,0.3522020888558065,0.8837903828999492,0.1746579120337322
2021-01-05,875.312,5.372511085346712,1.12383377909257,-5.7691464,0.4150475446940673,0.7087862343985025,0.162876955208901
2021-01-06,868.9820000000001,-0.9743507740750692,1.0106613896915613,-5.76778,0.4779037075319711,0.5327576821595902,0.1510040962830842
2021-01-07,869.232,-0.7417858527450152,0.8965131300131447,-5.7386546,0.5407445543026488,0.3557685757104959,0.1390439121934436
2021-01-08,871.303,1.3117922744564718,0.7814279759862777,-5.7302675,0.6035439206900814,0.1778840552961962,0.1270010901115149
2021-01-09,866.073,-3.93595120111342,0.6654460315026764,-5.695303,0.6662755179094803,-0.0008294864068038,0.1148804256410683
2021-01-10,867.244,-2.78264988644375,0.5486085055844573,-5.684561,0.7289129496752953,-0.180304444090838,0.1026868208605716
2021-01-11,873.83,3.7852141082158335,0.4309576882477937,-5.6670594,0.7914297293405991,-0.3604720410928053,0.0904252822108623
2021-01-12,868.826,-1.237401376794578,0.3125369250869907,-5.7014246,0.8537992971913653,-0.5412623721043746,0.0781009182288266
2021-01-13,865.753,-4.329516226413871,0.193390590604812,-5.7268004,0.9159950378789444,-0.7226044472741324,0.0657189371281114
2021-01-14,863.718,-6.383611128068338,0.0735640603161741,-5.672831,0.9779902979739046,-0.9044262376577304,0.0532846442280998
2021-01-15,869.657,-0.4636820292292225,-0.046896318346059,-5.639687,1.0397584036242202,-1.0866547219702791,0.0408034392325842
2021-01-16,874.321,4.181066434525079,-0.1679432562930992,-5.5900655,1.1012726783006843,-1.2692159345937837,0.0282808133597849
2021-01-17,869.1,-1.0595462446030788,-0.2895285541788088,-5.5443063,1.162506460612318,-1.452035014791127,0.0157223463255697
2021-01-18,873.208,3.028667699605489,-0.4116031349019747,-5.4931455,1.2234331221743653,-1.63503625707634,0.0031337031819263
2021-01-19,873.749,3.549884486004773,-0.5341170771784726,-5.465232,1.2840260855115668,-1.8181431626900395,-0.00947936898704
2021-01-20,872.163,1.9436712416748905,-0.6570196501480167,-5.4339514,1.3442588419791557,-2.001278492127172,-0.0221110445091344
2021-01-21,869.2149999999999,-1.0245582771499082,-0.7802593489791524,-5.4109674,1.4041049696841243,-2.1843643186632766,-0.0347554227054414
2021-01-22,876.342,6.082144567865546,-0.903783931434986,-5.444463,1.4635381513892571,-2.367322082824243,-0.0474065316061969
2021-01-23,872.119,1.8384999797924189,-1.027540455361057,-5.4719543,1.5225321923823996,-2.5500726477434563,-0.0600583317980899
2021-01-24,873.476,3.1739239274286093,-1.1514753170556322,-5.486858,1.5810610382935253,-2.7325363553491577,-0.072704720399759
2021-01-25,873.29,2.966290143137704,-1.2755342904818017,-5.771355,1.639098792842156,-2.9146330833239578,-0.0853395351620392
2021-01-26,876.73,6.38434605825315,-1.3996625672797949,-5.7884026,1.6966197354977974,-3.0962823027775923,-0.0979565586893503
2021-01-27,870.668,0.3002194507083349,-1.523804797536892,-6.6433506,1.7535983390361052,-3.277403136572997,-0.1105495227784142
2021-01-28,860.086,-10.304257524718802,-1.6479051312717257,-7.7741556,1.8100092869736704,-3.457914418245396,-0.1231121128703348
2021-01-29,855.807,-14.605734671998787,-1.7719072605886477,-8.256292,1.8658274908643344,-3.6377347514529816,-0.135637972611883
2021-01-30,868.789,-1.6462084806110386,-1.8957544624573544,-8.237638,1.92102810744022,-3.816782569897574,-0.1481207085216719
2021-01-31,862.236,-8.221860062138122,-2.019389642072116,-8.2196455,1.975586555580727,-3.9949761976528415,-0.1605538947567392
2021-02-01,864.8820000000001,-5.598506300861569,-2.1427553767444136,-8.221477,2.029478533093002,-4.172233909837416,-0.1729310779748951
2021-02-02,868.1560000000001,-2.3471437136013296,-2.2657939602820467,-8.335266,2.082680033287521,-4.348473993569568,-0.1852457822880422
2021-02-03,864.6859999999999,-5.839800990959496,-2.3884474478075464,-8.350876,2.135167361332764,-4.523614809140311,-0.1974915143015297
2021-02-04,868.4849999999999,-2.0634435147510173,-2.5106577009678483,-8.308027,2.186917150373068,-4.697574851340916,-0.2096617682344442
2021-02-05,865.085,-5.486238532825064,-2.632366433487149,-8.268123,2.237906377394119,-4.870272810881268,-0.2217500311156334
2021-02-06,865.961,-4.633016479777472,-2.7535152570142665,-8.220752,2.288112378820758,-5.041627635835024,-0.2337497880500917
2021-02-07,866.873,-3.743773902462298,-2.8740457272156035,-8.172951,2.337512865832088,-5.211558593047691,-0.2456545275502432
2021-02-08,868.321,-2.318507347733923,-2.9938993900645965,-8.108668,2.3860859393792238,-5.379985329443819,-0.2574577469265167
2021-02-09,871.86,1.1976526604623183,-3.113017828278289,-8.059227,2.433810104891268,-5.546827933169557,-0.2691529577315129
2021-02-10,868.712,-1.973594822857179,-3.231342707851603,-7.999996,2.480664286655545,-5.712006994507148,-0.2807336912519422
2021-02-11,862.174,-8.535141463162194,-3.348815824639739,-8.0034275,2.5266278418584367,-5.875443666498176,-0.2921935040424228
2021-02-12,864.713,-6.019674513494165,-3.465379150939145,-8.343056,2.571680574273488,-6.037059725212632,-0.3035259834951396
2021-02-13,865.939,-4.817190652020512,-3.5809748820176903,-8.578914,2.615802747584022,-6.196777629601712,-0.3147247534392669
2021-02-14,872.596,1.8163134430917025,-3.695545482544429,-8.558593,2.6589750983276548,-6.354520580872084,-0.3257834797639974
2021-02-15,869.938,-0.8654677585422199,-3.80903373286994,-8.637649,2.701178848450768,-6.510212581320708,-0.3366958760589285
2021-02-16,865.214,-5.613237049732026,-3.921382775108062,-8.622148,2.7423957174612843,-6.663778492569346,-0.3474557092655257
2021-02-17,866.476,-4.37498475889059,-4.032536158970434,-8.573761,2.7826079341685745,-6.815144093139008,-0.3580568053332834
2021-02-18,866.482,-4.392707610895753,-4.142437887305257,-8.53424,2.821798247999814,-6.964236135305071,-0.368493054874207
2021-02-19,858.8299999999999,-12.068402330625103,-4.251032461292437,-8.559343,2.859949939882535,-7.110982401174972,-0.378758418809155
2021-02-20,862.206,-8.71606564295637,-4.358264925247414,-8.59797,2.897046832683688,-7.255311757931102,-0.3888469339995769
2021-02-21,859.9219999999999,-11.023694272767766,-4.464080910986634,-8.568875,2.933073301195848,-7.397154212182482,-0.3987527188581444
2021-02-22,860.3870000000001,-10.58228494493639,-4.568426681708153,-8.539754,2.968014281661955,-7.536440963370108,-0.4084699789317624
2021-02-23,864.84,-6.152834384340651,-4.671249175341389,-8.492976,3.0018552808302514,-7.67310445617164,-0.4179930124504432
2021-02-24,865.1809999999999,-5.83533931585801,-4.772496047320874,-8.43298,3.0345823845317668,-7.80707843185264,-0.4273162158355052
2021-02-25,863.5899999999999,-7.449796464366162,-4.872115712739324,-8.388211,3.06618226577315,-7.938297978512475,-0.4364340891605986
2021-02-26,866.029,-5.034202554743007,-4.970057387836258,-8.354225,3.096642192338214,-8.066699580174472,-0.4453412415590437
2021-02-27,870.336,-0.7505543118662326,-5.066271130779324,-8.303249,3.125950033892104,-8.192221164671427,-0.4540323965710174
2021-02-28,871.437,0.3269905692513806,-5.160707881695951,-8.256106,3.154094268582548,-8.3148021502785,-0.4625023974241293
2021-03-01,866.351,-4.782583319333626,-5.25331950191432,-8.191452,3.1810639891332,-8.43438349104752,-0.4707462122410025
2021-03-02,867.657,-3.5001022103409456,-5.344058812373298,-8.120851,3.2068489084246643,-8.550907720797962,-0.4787589391674754
2021-03-03,869.7669999999999,-1.413562878442682,-5.4328796311620495,-8.056404,3.231439364559344,-8.664318995721393,-0.4865358114151544
2021-03-04,863.385,-7.818965798430106,-5.519736810151176,-7.993026,3.2548263254068166,-8.774563135557992,-0.4940722022120525
2021-03-05,863.571,-7.656304145402169,-5.604586270678063,-7.938726,3.2770013926270445,-8.881587663305107,-0.5013636296551667
2021-03-06,863.501,-7.749574694578448,-5.687385038250678,-7.9358196,3.297956805169263,-8.985341843419942,-0.5084057614588918
2021-03-07,864.928,-6.345774221178645,-5.768091276234695,-7.8674707,3.3176854422450024,-9.085776718479696,-0.5151944195932909
2021-03-08,859.998,-11.298899500422657,-5.8466643184904665,-7.817326,3.336180825774241,-9.182845144264707,-0.5217255848062975
2021-03-09,865.155,-6.164947307530145,-5.92306470092741,-7.796863,3.3534371223043,-9.27650182323171,-0.5279954010240601
2021-03-10,865.7850000000001,-5.557914417720771,-5.9972541919445295,-8.046449,3.3694491444016137,-9.366703336346143,-0.5340001796237286
2021-03-11,866.066,-5.299797606214398,-6.069195821727488,-8.07155,3.384212351517178,-9.453408173244666,-0.5397364035731155
2021-03-12,862.816,-8.57259364823066,-6.138853910373522,-8.05453,3.3977228503269097,-9.53657676070043,-0.5452007314317711
2021-03-13,866.184,-5.22729931898953,-6.206194094817173,-8.02675,3.4099773945488803,-9.616171489366051,-0.5503900012081598
2021-03-14,861.101,-10.33291139371036,-6.271183354531187,-8.046901,3.4209733842398093,-9.692156738770995,-0.5553012340677524
2021-03-15,865.0870000000001,-6.369426647613031,-6.333790035978142,-8.288968,3.430708864573881,-9.764498900552024,-0.5599316378869982
2021-03-16,863.5749999999999,-7.903841855917744,-6.393983875790105,-8.2541895,3.439182524107399,-9.833166399897504,-0.564278610648299
2021-03-17,866.784,-4.717153793843501,-6.451736022654904,-8.206352,3.4463936925334613,-9.898129715188364,-0.5683397436712473
2021-03-18,867.0029999999999,-4.520359236610626,-6.507019057889119,-8.203269,3.452342337931254,-9.959361395820371,-0.5721128246755767
2021-03-19,861.918,-9.62745495943837,-6.559807014679563,-8.486384,3.457029063515235,-10.016836078194798,-0.5755958406714318
2021-03-20,863.4979999999999,-8.069437737546878,-6.610075395976256,-8.578646,3.4604551038898617,-10.070530499866116,-0.578786980672743
2021-03-21,864.13,-7.459304346155719,-6.657801191021846,-8.4983835,3.462622320816207,-10.120423511838052,-0.5816846382296744
2021-03-22,860.573,-11.038051560484616,-6.702962890503649,-8.461122,3.4635331984971733,-10.166496089000823,-0.5842874137763034
2021-03-23,861.193,-10.439676155753444,-6.745540500316181,-8.455031,3.463190838388595,-10.208731338704776,-0.5865941167898839
2021-03-24,869.542,-2.112174907181684,-6.785515553923804,-8.414653,3.4615989535440046,-10.247114507467808,-0.5886037677582351
2021-03-25,869.537,-2.138547393636137,-6.822871123314361,-8.404842,3.45876186250132,-10.28163298581568,-0.5903155999520195
2021-03-26,867.062,-4.63521646478503,-6.857591828536621,-8.364417,3.4546844827201606,-10.31227631125678,-0.5917290609988574
2021-03-27,861.9449999999999,-9.773761746579694,-6.889663845815746,-8.291753,3.4493723235790084,-10.339036169394754,-0.5928438142564657
2021-03-28,861.094,-10.646180078154895,-6.91907491424272,-8.231646,3.4428314789418266,-10.361906393184547,-0.5936597399821956
2021-03-29,866.456,-5.305468298645547,-6.945814341035163,-8.157219,3.435068619304218,-10.38088296033938,-0.5941769362965916
2021-03-30,865.8489999999999,-5.9336232471864445,-6.969873005368729,-8.072669,3.426090983529605,-10.395963988898334,-0.5943957199388015
2021-03-31,862.075,-9.728641762912256,-6.99124336077976,-7.9963913,3.415906370186381,-10.40714973096614,-0.5943166268118997
2021-04-01,861.4190000000001,-10.4055206849578,-7.009919436141559,-7.910042,3.4045231284972544,-10.414442564638811,-0.5939404123164198
2021-04-02,867.976,-3.8692568524581823,-7.025896835218117,-7.8165426,3.391950148912562,-10.41784698413068,-0.5932680514706191
2021-04-03,862.5509999999999,-9.314847104547788,-7.039172734800888,-7.7327375,3.378196853319483,-10.417369588120373,-0.5923007388162449
2021-04-04,865.267,-6.619247034845755,-7.049745881435635,-7.644457,3.3632731848996658,-10.413019066335302,-0.5910398881088046
2021-04-05,866.341,-5.565495867381837,-7.057616586748021,-7.572684,3.347189597647904,-10.404806184395923,-0.5894871317915737
2021-04-06,862.844,-9.082590435012769,-7.062786721378081,-7.507056,3.329957045564924,-10.392743766943005,-0.5876443202528386
2021-04-07,866.435,-5.511527570596247,-7.065259707535375,-7.4635234,3.31158697153769,-10.376846679073063,-0.5855135208661022
2021-04-08,867.863,-4.10330410698889,-7.065040510187944,-7.4196334,3.292091295920751,-10.357131806108695,-0.583097016813223
2021-04-09,864.629,-7.356916877048405,-7.062135626899928,-7.3656707,3.271482404832601,-10.333618031732527,-0.580397305690709
2021-04-10,871.3729999999999,-0.6323627136320242,-7.056553076333948,-7.314009,3.2497731381811623,-10.30632621451511,-0.5774170978996442
2021-04-11,868.702,-3.3225738178922644,-7.048302385435909,-7.2411637,3.226976777432762,-10.27527916286867,-0.5741593148199532
2021-04-12,869.305,-2.7387301297078848,-7.037394575321376,-7.1804633,3.203107033139199,-10.240501608460576,-0.5706270867699677
2021-04-13,869.525,-2.537826780612141,-7.023842145883866,-7.125588,3.178178032237651,-10.202020178121517,-0.5668237507525098
2021-04-14,869.4300000000001,-2.6519973547653004,-7.007659059147027,-7.1421714,3.1522043051383872,-10.159863364285414,-0.5627528479889474
2021-04-15,868.444,-3.6570564870415048,-6.988860721383769,-7.093464,3.125200772615405,-10.114061493999174,-0.5584181212429113
2021-04-16,869.019,-3.100968622564505,-6.967463964026884,-7.036683,3.097182732515196,-10.06464669654208,-0.5538235119356401
2021-04-17,867.8399999999999,-4.298752041230242,-6.943487023396975,-6.955002,3.068165846299052,-10.011652869696029,-0.5489731570551246
2021-04-18,867.017,-5.140362826168603,-6.916949519274507,-6.8684087,3.0381661254343206,-9.955115644708828,-0.5438713858614852
2021-04-19,869.281,-2.894797887259239,-6.887872432344442,-6.7882977,3.007199917650182,-9.895072349994624,-0.5385227163912626
2021-04-20,867.8280000000001,-4.366142450578923,-6.856278080542553,-6.719621,2.9752838930735264,-9.83156197361608,-0.5329318517635055
2021-04-21,875.407,3.194692490293651,-6.822190094334162,-6.680742,2.942435030260581,-9.764625124594742,-0.5271036762908197
2021-04-22,872.991,0.7605848306226379,-6.7856333909567645,-6.623,2.9086706021399498,-9.694303993096714,-0.5210432513987285
2021-04-23,868.4699999999999,-3.7785387564188895,-6.746634147659127,-6.5588136,2.874008161882706,-9.620642309541832,-0.5147558113569622
2021-04-24,869.3779999999999,-2.888477342825808,-6.7052197739706445,-6.537738,2.8384655287151888,-9.543685302685834,-0.5082467588264837
2021-04-25,873.63,1.3457708428924802,-6.6614188830354495,-6.653091,2.8020607736901506,-9.4634796567256,-0.5015216602263051
2021-04-26,866.987,-5.315485252343707,-6.615261262046815,-6.7027564,2.764812205431717,-9.380073467478532,-0.4945862409243594
2021-04-27,873.467,1.1464360687684056,-6.566777841818345,-6.654009,2.7267383558697325,-9.293516197688078,-0.4874463802568923
2021-04-28,867.957,-4.381683371428991,-6.516000665528949,-6.591551,2.6878579659787976,-9.203858631507746,-0.4801081063810626
2021-04-29,865.9879999999999,-6.368622387912878,-6.4629628566799,-6.526378,2.648189971537302,-9.111152828217202,-0.4725775909656372
2021-04-30,865.8249999999999,-6.549381173434316,-6.407698586302414,-6.459056,2.60775348892158,-9.015452075223994,-0.4648611437248666
2021-05-01,866.818,-5.573956835619127,-6.350243039455422,-6.400824,2.5665678009501645,-8.916810840405587,-0.4569652068008077
2021-05-02,875.1569999999999,2.7476535179063344,-6.290632381053388,-6.3383703,2.5246523427929786,-8.815284723846366,-0.4488963489995753
2021-05-03,871.367,-1.0596208894595192,-6.228903721064902,-6.2689543,2.482026687960057,-8.710930409024959,-0.440661259887153
2021-05-04,870.605,-1.8390314483966772,-6.165095079123224,-6.1940184,2.43871053438427,-8.603805613507493,-0.4322667437505971
2021-05-05,865.0759999999999,-7.385414177886505,-6.099245348590307,-6.1012287,2.3947236906122145,-8.493969039202522,-0.4237197134306183
2021-05-06,870.756,-1.7226143347971874,-6.031394260116575,-6.011537,2.3500860621172603,-8.381480322233836,-0.4150271840316966
2021-05-07,871.765,-0.7306358066229999,-5.9615823447386855,-5.937573,2.304817637748468,-8.266399982487155,-0.4061962665160441
2021-05-08,871.8679999999999,-0.6445060781884786,-5.889850896558225,-5.8761096,2.2589384763287885,-8.148789372887013,-0.3972341611878746
2021-05-09,868.302,-4.227233452565782,-5.8162419350442525,-5.8229537,2.21246869341572,-8.028710628459972,-0.3881481510745795
2021-05-10,870.95,-1.595769643491164,-5.740798167003092,-5.761315,2.165428448237288,-7.90622661524038,-0.3789455952115572
2021-05-11,864.3340000000001,-8.228156100615827,-5.66356294825872,-5.7001595,2.117837930815835,-7.781400879074555,-0.3696339218375508
2021-05-12,870.069,-2.509346983322676,-5.5845802450872695,-5.6289897,2.069717349291851,-7.65429759437912,-0.360220621507495
2021-05-13,869.8639999999999,-2.730514955952536,-5.503894595449414,-5.5453434,2.0210869174597,-7.524981512909114,-0.3507132401299578
2021-05-14,873.052,0.4414773158867291,-5.421551070064004,-5.4678264,1.971966842526692,-7.393517912590696,-0.3411193719363929
2021-05-15,865.794,-6.832425279625843,-5.337595233366804,-5.4308667,1.922377313106678,-7.259972546473483,-0.3314466523894958
2021-05-16,871.225,-1.4171294756953383,-5.252073104397569,-5.4214554,1.872338487458848,-7.124411591856417,-0.3217027510380606
2021-05-17,868.191,-4.466849740605096,-5.165031117658915,-5.3873754,1.8218704819820728,-6.986901599640988,-0.3118953643258024
2021-05-18,876.113,3.4396279813758577,-5.076516083990097,-5.3569956,1.7709933599747496,-6.847509443964847,-0.3020322083616883
2021-05-19,876.009,3.3201975942445783,-4.986575151498443,-5.31483,1.7197271206695568,-6.706302272168,-0.292121011659388
2021-05-20,873.912,1.2077114830010665,-4.895255766591244,-5.2971478,1.6680916885523227,-6.563347455143568,-0.2821695078534979
2021-05-21,868.8430000000001,-3.8766906208658174,-4.802605635149998,-5.346343,1.616106902973466,-6.418712538123464,-0.2721854284002523
2021-05-22,867.548,-5.186879162857919,-4.708672683889087,-5.366281,1.56379250806033,-6.272465191949417,-0.2621764952704621
2021-05-23,869.581,-3.1688515041634107,-4.613505021940056,-5.3450975,1.5111681429380217,-6.124673164878078,-0.2521504136424564
2021-05-24,871.846,-0.9189191227989166,-4.517150902702415,-5.2998247,1.4582533322660294,-5.975404234968444,-0.2421148646028215
2021-05-25,872.067,-0.7127861567533129,-4.419658686001222,-5.246815,1.4050674770974076,-5.82472616309863,-0.2320774978627439
2021-05-26,867.61,-5.184461732364502,-4.321076800591116,-5.172239,1.3516298460667526,-5.672706646657868,-0.2220459244977595
2021-05-27,862.417,-10.391831608593396,-4.221453707045929,-5.1271544,1.2979595669128394,-5.519413273958769,-0.2120277097187099
2021-05-28,864.33,-8.492984199794769,-4.120837861072105,-5.0815134,1.2440756183411283,-5.364913479413233,-0.2020303656817008
2021-05-29,876.6089999999999,3.772083094459153,-4.019277677283635,-5.0361357,1.1899968222310249,-5.20927449951466,-0.1920613443448069
2021-05-30,872.3109999999999,-0.539867700987231,-3.9168214934753216,-4.9795403,1.1357418361921123,-5.052563329667434,-0.1821280303792632
2021-05-31,874.52,1.655639283370026,-3.813517535430339,-4.9247656,1.081329146473197,-4.894846681903536,-0.1722377341428178
2021-06-01,875.2919999999999,2.414328454012921,-3.7094138822973495,-4.8662143,1.026777061227408,-4.736190943524758,-0.1623976847228868
2021-06-02,869.5619999999999,-3.329185921713446,-3.60455843257128,-4.8223033,0.9721037041361212,-4.576662136707402,-0.1526150230570785
2021-06-03,871.932,-0.9724815724863703,-3.4989988707112287,-4.767752,0.9173270083939528,-4.416325879105181,-0.1428967951385918
2021-06-04,873.4889999999999,0.5716092278864409,-3.392782634427645,-4.7086177,0.8624647110565574,-4.255247345484203,-0.13324994531392
2021-06-05,874.653,1.7227620699397637,-3.285956882670313,-4.6629725,0.8075343477524363,-4.0934912304227495,-0.1236813096801909
2021-06-06,876.5619999999999,3.6191301389898,-3.178568464347203,-4.621988,0.7525532477594676,-3.931121712106671,-0.1141976095893989
2021-06-07,873.3,0.344373366806785,-3.0706638878034838,-4.5858912,0.6975385294463226,-3.768202417249806,-0.1048054452666641
2021-06-08,871.8050000000001,-1.1632147880058907,-2.9622892910887626,-4.536097,0.6425070960784709,-3.6047963871672337,-0.0955112895495495
2021-06-09,868.13,-4.850591598045046,-2.853490413039384,-4.495617,0.5874756319878943,-3.4409660450272783,-0.0863214817553513
2021-06-10,868.235,-4.757712903943074,-2.74431256520167,-4.4862657,0.5324605991052195,-3.27677316430689,-0.0772422216831369
2021-06-11,871.8820000000001,-1.1226186143534225,-2.634800604620493,-4.462899,0.4774782338523733,-3.112278838472867,-0.0682795637571872
2021-06-12,876.565,3.548472276891502,-2.5249989075166197,-4.422935,0.4225445443934333,-2.9475434519100525,-0.0594394113183391
2021-06-13,873.852,0.8236539982812143,-2.414951343874804,-4.3783903,0.3676753082408501,-2.782626652115653,-0.0507275110695792
2021-06-14,868.337,-4.703109832189541,-2.3047012529634867,-4.3295884,0.3128860702137011,-2.617587323177188,-0.0421494476820857
2021-06-15,871.893,-1.158618421033756,-2.1942914198055234,-4.273968,0.2581921407441418,-2.4524835605496653,-0.0337106385677417
2021-06-16,865.523,-7.539884222997565,-2.08376405261816,-4.215248,0.2036085945278455,-2.2873726471460056,-0.0254163288239724
2021-06-17,874.535,1.4614063758538975,-1.973160761239104,-4.159158,0.1491502695136017,-2.1223110307527056,-0.0172715863565783
2021-06-18,878.7660000000001,5.681559938381084,-1.862522536554168,-4.1108546,0.0948317662269367,-1.957354302781105,-0.0092812971860513
2021-06-19,875.072,1.976760724802792,-1.7518897309405677,-4.0750947,0.0406674474220397,-1.7925571783626075,-0.0014501609426622
2021-06-20,874.915,1.809130088326473,-1.6413020397388003,-4.0485826,-0.0133285619440194,-1.627973477794781,0.0062173134445878
2021-06-21,869.272,-3.84427623202087,-1.5307984837642414,-4.0180507,-0.0671423744213982,-1.4636561093428433,0.0137168118602719
2021-06-22,875.245,2.118585394036557,-1.4204173928686357,-3.9833982,-0.1207603394687662,-1.2996570533998697,0.0210442189114131
2021-06-23,871.3389999999999,-1.7973842129796953,-1.3101963905599552,-3.9424055,-0.1741690425531652,-1.13602734800679,0.0281956216284942
2021-06-24,872.798,-0.3481464052170588,-1.2001723796877983,-3.924247,-0.227355303956198,-0.9728170757316004,0.0351673129543554
2021-06-25,879.601,6.445367581497982,-1.0903815292001833,-3.9058757,-0.2803061772946116,-0.8100753519055717,0.0419557950169875
2021-06-26,875.803,2.6380265150515303,-0.9808592619758968,-3.8865185,-0.3330089477638551,-0.6478503142120418,0.0485577821824437
2021-06-27,872.0459999999999,-1.1280855087593329,-0.8716402437355777,-3.8646698,-0.3854511301133933,-0.4861891136221843,0.0549702038843425
2021-06-28,872.659,-0.5241381875824302,-0.7627583730328575,-3.8410618,-0.4376204663630086,-0.3251379066698489,0.061190207226672
2021-06-29,875.888,2.696381435647611,-0.6542467723257659,-3.8278143,-0.4895049232696299,-0.1647418490561359,0.0672151593568539
2021-06-30,883.889,10.68912304134848,-0.5461377801271543,-3.8263032,-0.5410926895545056,-0.0050450905726486,0.0730426496062726
2021-07-01,879.2180000000001,6.009882592836311,-0.4384629442314107,-3.8079424,-0.5923721729008632,0.1539092286694524,0.0786704913957328
2021-07-02,881.181,7.964798768249779,-0.3312530160134144,-3.7855923,-0.6433319967325111,0.3120789807190967,0.0840967239035653
2021-07-03,877.808,4.5838175752457335,-0.22453794579434,-3.7594485,-0.6939609967840364,0.4694230509896964,0.0893196134943572
2021-07-04,878.564,5.331805442202586,-0.1183468792674962,-3.724353,-0.7442482174735792,0.6259013382060828,0.0943376549065518
2021-07-05,878.24,4.999639922476203,-0.0127081549760618,-3.6960595,-0.794182908089345,0.7814747531132832,0.0991495721974184
2021-07-06,872.4929999999999,-0.7554450094232514,0.0923506971667141,-3.6910315,-0.8437545188012682,0.9361052159679824,0.1037543194441776
2021-07-07,876.4680000000001,3.2118015678792684,0.1968029563256833,-3.6741848,-0.8929526965094344,1.0897556528351178,0.1081510812003063
2021-07-08,876.501,3.237241546599094,0.300622710172357,-3.639615,-0.9417672805410152,1.242389990713372,0.1123392727063626
2021-07-09,879.386,6.114680235046638,0.4037848533071996,-3.5968022,-0.9901882982077358,1.3939731515149354,0.1163185398548817
2021-07-10,870.134,-3.1446763744982444,0.5062650846903263,-3.5727181,-1.0382059602359084,1.5444710449262349,0.1200887589092312
2021-07-11,880.664,7.378134725563631,0.6080399040963076,-3.5532062,-1.0858106560813237,1.6938505601776312,0.1236500359765343
2021-07-12,881.5260000000001,8.233001225201622,0.7090866076102202,-3.5224571,-1.1329929491413118,1.842079556751532,0.1270027062350736
2021-07-13,877.869,4.568931497583964,0.809383282183019,-3.4782038,-1.1797435718764335,1.9891268540594529,0.1301473329168485
2021-07-14,879.084,5.777025161702761,0.908908799265753,-3.4429052,-1.226053420854336,2.134962220120089,0.1330847060462317
2021-07-15,876.273,2.9591954463216608,1.0076428075428472,-3.4116082,-1.2719135517282985,2.2795563592711456,0.1358158409359533
2021-07-16,877.158,3.8374232470423593,1.1055657247862138,-3.385487,-1.3173151741631532,2.422880898949367,0.1383419764418861
2021-07-17,881.8439999999999,8.51675774520901,1.2026587288526538,-3.3644726,-1.362249646721165,2.564908375573819,0.1406645729784122
2021-07-18,875.542,2.2082109876948675,1.298903747848229,-3.333105,-1.406708471720542,2.705612219568771,0.1427853102963828
2021-07-19,874.113,0.7728659280379739,1.3942834494841705,-3.3357346,-1.4506832900791709,2.8449667395633416,0.1447060850259674
2021-07-20,868.712,-4.634550755354044,1.488781229649896,-3.3174324,-1.4941658761561918,2.982947105806088,0.146429007986952
2021-07-21,873.5509999999999,0.1983618345575948,1.5823812002295727,-3.2882805,-1.537148132603931,3.119529332833504,0.147956401269298
2021-07-22,883.52,10.161294044026848,1.6750681761895707,-3.266983,-1.5796220852426317,3.254690261432202,0.1492907950870402
2021-07-23,870.8059999999999,-2.5585728510893286,1.766827661964968,-3.2477238,-1.6215798779704038,3.388407539935372,0.1504349244088457
2021-07-24,880.258,6.888049059048144,1.8576458371740696,-3.2332733,-1.6630137677205934,3.5206596048946635,0.1513917253688196
2021-07-25,877.28,3.9048680582037294,1.9475095416906032,-3.2163062,-1.7039161194787356,3.6514256611693385,0.1521643314613796
2021-07-26,873.7700000000001,0.3898862350945418,2.0364062601040724,-3.204043,-1.7442794013710718,3.780685661475144,0.1527560695242728
2021-07-27,883.623,10.23768620227224,2.124324105599314,-3.1671636,-1.78409617983644,3.9084202854357537,0.153170455514037
2021-07-28,871.621,-1.7693896052141227,2.2112518032869355,-3.1313455,-1.8233591148932144,4.0346109181801495,0.1534111900784516
2021-07-29,873.787,0.3917267297406139,2.297178673016955,-3.1179278,-1.862060955512668,4.159239628529623,0.1534821539307512
2021-07-30,875.163,1.7630372237044192,2.3820946117084514,-3.1174831,-1.900194535110076,4.282289146818528,0.1533874030305912
2021-07-31,873.403,-0.001456106754877,2.465990075228484,-3.131879,-1.937752767164476,4.40374284239296,0.1531311635769824
2021-08-01,873.313,-0.0957345191005751,2.548856059854045,-3.1153078,-1.974728640977864,4.523584700831909,0.1527178268186162
2021-08-02,877.1640000000001,3.750985765747671,2.6306840833512024,-3.092515,-2.0111152175843183,4.641799300935521,0.1521519436872172
2021-08-03,872.006,-1.4118007684664544,2.7114661657058146,-3.0626545,-2.046905625819216,4.758371791525031,0.1514382192597516
2021-08-04,878.855,5.432808553612169,2.791194809540753,-3.033093,-2.0820930585585007,4.873287868099254,0.1505815070555193
2021-08-05,879.572,6.145572961511998,2.869862980254441,-3.0079768,-2.1166707691375075,4.986533749391949,0.1495868031743409
2021-08-06,877.05,3.619494379650495,2.9474640859161574,-2.9949484,-2.150632067958724,5.098096153874881,0.1484592402822369
2021-08-07,883.0590000000001,9.624574732444962,3.023991956953303,-2.9837978,-2.183970319297315,5.207962276250618,0.1472040814511665
2021-08-08,879.5730000000001,6.134815944312195,3.099440825666232,-2.968674,-2.2166789383130343,5.316119763979266,0.145826713859551
2021-08-09,881.733,8.291219939669599,3.17380530560612,-2.955307,-2.248751388276725,5.422556693882845,0.144332642360481
2021-08-10,883.303,9.857643889834945,3.2470803708514997,-2.9517832,-2.2801811780192334,5.527261548870733,0.1427274829246508
2021-08-11,882.2449999999999,8.79623053881673,3.3192613352188376,-2.9322567,-2.310961859610155,5.630223194828993,0.1410169559651926
2021-08-12,878.6220000000001,5.169589821849114,3.390343831442732,-2.8975704,-2.3410870262734726,5.731430857716204,0.1392068795517428
2021-08-13,878.202,4.746099260003915,3.4603237903609143,-2.8645024,-2.3705503105466788,5.830874100907593,0.1373031625211812
2021-08-14,875.6930000000001,2.2335936928389826,3.529197420139188,-2.8382254,-2.3993453826896,5.928542802828788,0.1353117974926017
2021-08-15,873.404,-0.0587247235761561,3.5969611855711485,-2.8236911,-2.4274659493486377,6.024427134919787,0.1332388537941947
2021-08-16,886.045,12.579207407548015,3.663611787487355,-2.803233,-2.4549057524817965,6.118517539969151,0.1310904703098165
2021-08-17,883.332,9.863126368078074,3.729146142308093,-2.794992,-2.4816585685493053,6.210804710857398,0.128872848253106
2021-08-18,881.0980000000001,7.626048872642575,3.793561361773787,-2.8011415,-2.507718207974265,6.301279569748052,0.1265922438770995
2021-08-19,881.873,8.397986491190988,3.856854732886313,-2.8183987,-2.5330785148772166,6.38993324776353,0.1242549611273732
2021-08-20,879.1750000000001,5.697106952973278,3.9190236980945055,-2.827308,-2.557733367088124,6.476757065182629,0.1218673442468006
2021-08-21,884.1949999999999,10.714411995038976,3.9800658357561303,-2.8229635,-2.58167667643871,6.56174251219484,0.1194357703400638
2021-08-22,883.069,9.585903354437786,4.039978840908405,-2.8084733,-2.6049023893376204,6.644881230246025,0.1169666419061225
2021-08-23,877.565,4.079582768219011,4.098760506378415,-2.7784135,-2.6274044876304528,6.726164994008868,0.1144663793468612
2021-08-24,879.139,5.651451973432182,4.156408704264161,-2.7419384,-2.649176989746082,6.805585694010243,0.1119414134601801
2021-08-25,882.887,9.397512707126804,4.212921367816227,-2.6916573,-2.6702139521303057,6.883135319946533,0.109398177925803
2021-08-26,877.9449999999999,4.453766706352348,4.268296473749554,-2.6655474,-2.690509470967305,6.958805944716859,0.1068431017920887
2021-08-27,880.8209999999999,7.327848423165682,4.322532025013766,-2.6486912,-2.7100576841888864,7.032589709202652,0.1042826019721375
2021-08-28,882.555,9.059848478780594,4.375626034049903,-2.6334236,-2.7288527737709507,7.104478807820854,0.1017230757574704
2021-08-29,878.25,4.753029682085892,4.427576506560548,-2.6233819,-2.746888968316238,7.174465474876786,0.0991708933575356
2021-08-30,877.4920000000001,3.993393675991483,4.47838142581941,-2.6114678,-2.764160545921721,7.242541971741131,0.0966323904732775
2021-08-31,885.0179999999999,11.517656238776665,4.528038737545575,-2.616195,-2.78066183732862,7.308700574874195,0.0941138609129671
2021-09-01,882.2950000000001,8.793112774795532,4.576546335366696,-2.645071,-2.796387229352528,7.372933564719223,0.0916215492584305
2021-09-02,881.1980000000001,7.694764883448797,4.623902046894418,-2.6529493,-2.81133116859051,7.435233215484928,0.089161643589782
2021-09-03,877.552,4.04761416413812,4.670103620434368,-2.6319947,-2.825488165401699,7.4955917858360674,0.0867402682766735
2021-09-04,874.8399999999999,1.334127554251464,4.715148712351929,-2.616898,-2.838852798157237,7.554001510509165,0.0843634768440263
2021-09-05,881.034,7.526826786344624,4.759034875114105,-2.6040356,-2.8514197177550877,7.610454592869193,0.0820372449201074
2021-09-06,878.749,5.240713380642663,4.801759546026538,-2.5757673,-2.863183652394615,7.664943198421153,0.0797674632747305
2021-09-07,876.579,3.069788857370324,4.843320036683814,-2.546964,-2.874139412605452,7.717459449289265,0.0775599309552575
2021-09-08,877.536,4.025890110356175,4.883713523149855,-2.5179079,-2.884281896524608,7.767995419674463,0.0754203485279683
2021-09-09,882.214,8.703068742521626,4.922937036884258,-2.4886436,-2.893606095415373,7.816543132299632,0.0733543114322492
2021-09-10,873.348,-0.1635808484712049,4.96098745642913,-2.5061364,-2.902107099421066,7.863094555850196,0.0713673034549177
2021-09-11,879.181,5.668923206393106,4.997861499869755,-2.4908946,-2.909780103546216,7.90764160341597,0.0694646903318772
2021-09-12,877.158,3.645599214590441,5.033555718081433,-2.4647412,-2.916620413857385,7.950176131938818,0.0676517134841373
2021-09-13,876.523,3.010301417402684,5.0680664887732725,-2.4491258,-2.9226234538953,7.990689942668572,0.0659334838951028
2021-09-14,879.875,6.362153785926261,5.10139001133881,-2.4434905,-2.9277847712896268,8.029174782628438,0.0643149761358548
2021-09-15,879.6859999999999,6.173047243512619,5.133522302521843,-2.4272778,-2.9321000445672607,8.065622347089104,0.062801022545001
2021-09-16,877.531,4.01802221108612,5.164459192904714,-2.405685,-2.9355650901445838,8.100024283049297,0.0613963075694756
2021-09-17,874.217,0.7041658974804053,5.194196324225036,-2.3965268,-2.93817586949384,8.132372193718876,0.0601053622725195
2021-09-18,879.928,6.41540998400681,5.222729147525431,-2.4362247,-2.9399284964732466,8.162657643998678,0.0589325590148418
2021-09-19,878.4680000000001,4.9558237271592125,5.250052922139711,-2.4776065,-2.9408192448102475,8.190872166949958,0.0578821063148127
2021-09-20,881.768,8.256267225054465,5.276162715517646,-2.4751084,-2.9408445557268696,8.217007271244515,0.0569580438932979
2021-09-21,875.5690000000001,2.057557371321928,5.301053403888977,-2.466429,-2.94000104569582,8.241054449584798,0.0561642379085592
2021-09-22,873.98,0.4687379902417765,5.324719673766375,-2.4469051,-2.938285514315662,8.263005188082037,0.0555043763864305
2021-09-23,878.6500000000001,5.138882547381924,5.347156024285352,-2.4246995,-2.935694952293076,8.282850976578429,0.054981964850745
2021-09-24,875.07,1.55870574396529,5.368356770378252,-2.4087517,-2.9322265495199367,8.30058331989819,0.0546003221587768
2021-09-25,875.265,1.7533216347709883,5.388316046777845,-2.3810797,-2.9278777032326264,8.316193750010472,0.0543625765462241
2021-09-26,878.564,5.052025228573132,5.407027812844918,-2.3756402,-2.922646026240783,8.3296738390857,0.0542716618860247
2021-09-27,881.133,7.620873934397605,5.424485858213057,-2.3963,-2.916529355212449,8.341015213425505,0.0543303141650511
2021-09-28,881.232,7.719648635848865,5.440683809242275,-2.4321654,-2.9095257590022574,8.350209568244532,0.0545410681824992
2021-09-29,879.226,5.713415767384878,5.455615136272316,-2.4354305,-2.9016335470092534,8.357248683281568,0.0549062544735139
2021-09-30,876.086,2.5733191093084478,5.469273161664833,-2.4596133,-2.892851277550618,8.362124439215451,0.0554279964613634
2021-10-01,874.419,0.906183833541938,5.481651068622601,-2.4685054,-2.8831777662374165,8.364828834860017,0.0561082078411982
2021-10-02,879.386,5.873084849614945,5.492741910772788,-2.468687,-2.8726120943384186,8.365354005111206,0.0569485901981849
2021-10-03,877.5500000000001,4.037110683806758,5.502538622499955,-2.4438972,-2.861153617117804,8.363692239617759,0.0579506308625288
2021-10-04,880.432,6.919238651323999,5.511034030013399,-2.4130561,-2.848801972132517,8.359836002145917,0.0591156010036434
2021-10-05,878.509,4.99645768010845,5.518220863132266,-2.3971636,-2.8355570874749043,8.35377795060717,0.0604445539654443
2021-10-06,883.2299999999999,9.717672370062864,5.524091767770809,-2.388673,-2.8214191899462286,8.345510957717037,0.0619383238444925
2021-10-07,882.439,8.926989934969843,5.528639319104891,-2.39823,-2.806388813146556,8.335028132251447,0.063597524312411
2021-10-08,876.7479999999999,3.2364397363787303,5.5318560354000015,-2.555519,-2.790466805466505,8.322322840866507,0.0654225476837488
2021-10-09,874.482,0.9709117937611094,5.533734392479838,-2.5534031,-2.7736543379663416,8.30738873044618,0.0674135642301894
2021-10-10,874.2710000000001,0.7604327493337184,5.534266838813435,-2.53524,-2.755952912127873,8.290219750941308,0.0695705217417025
2021-10-11,880.81,7.299998137623914,5.533445811198147,-2.5838656,-2.7373643674646537,8.270810178662801,0.0718931453349835
2021-10-12,885.257,11.747579045342691,5.531263751014383,-2.6221197,-2.717890888976043,8.249154639990426,0.0743809375092402
2021-10-13,880.71,7.201286430462514,5.527713121027453,-2.675835,-2.6975350144307417,8.225248135458195,0.0770331784491072
2021-10-14,888.3760000000001,14.868049772561278,5.5227864227107695,-2.676665,-2.676299641465487,8.199086064176257,0.0798489265741882
2021-10-15,880.957,7.449836081746016,5.516476214063924,-2.650814,-2.654188034484762,8.170664248548686,0.0828270193344652
2021-10-16,879.108,5.601471297176555,5.508775127898138,-2.6246068,-2.631203831347376,8.139978959245514,0.0859660742505245
2021-10-17,881.9169999999999,8.411224460062991,5.499675890561155,-2.6015012,-2.607351049826117,8.107026940387273,0.0892644901972657
2021-10-18,884.3729999999999,10.868071672207789,5.489171341072492,-2.7049203,-2.5826340938266408,8.071805434899133,0.0927204489295348
2021-10-19,881.865,8.360893392482161,5.477254450639464,-2.6737788,-2.5570577593520807,8.034312209991544,0.0963319168477823
2021-10-20,885.6990000000001,12.1958155813763,5.463918342523876,-2.6797576,-2.530627240200057,7.994545582723934,0.1000966470016441
2021-10-21,876.74,3.2374572542287625,5.4491563122282605,-2.7104456,-2.503348133378924,7.952504445607184,0.1040121813290398
2021-10-22,880.169,6.667205365078198,5.432961847970369,-2.9240232,-2.475226444230461,7.908188292200831,0.1080758531281364
2021-10-23,881.491,7.989991507852518,5.415328651413748,-2.9837692,-2.446268591246332,7.86159724266008,0.1122847897592566
2021-10-24,887.62,14.11979611168556,5.3962506586220025,-3.8500984,-2.416481410566088,7.81273206918809,0.1166359155735681
2021-10-25,876.023,2.522964873130588,5.375722061203686,-5.424465,-2.385872160144653,7.761594221348339,0.1211259550651297
2021-10-26,877.426,3.9262187957302457,5.353737327614461,-5.4558516,-2.3544485235776524,7.708185851192113,0.1257514362426251
2021-10-27,875.362,1.8625585310001744,5.330291224582778,-5.4536886,-2.322218613573252,7.65250983815603,0.13050869421687
2021-10-28,875.34,1.840984730455891,5.305378838625034,-5.4337726,-2.2891909750595065,7.59456981368454,0.1353938749999468
2021-10-29,880.208,6.709241041885649,5.278995597615818,-5.4025984,-2.2553745879166947,7.534370185532513,0.1404029395115812
2021-10-30,882.332,8.833478745705268,5.251137292378716,-5.3547244,-2.220778869324372,7.471916161703088,0.1455316677881492
2021-10-31,876.957,3.45865377640774,5.221800098262903,-5.2922006,-2.1854136757133986,7.407213773976301,0.1507756633894768
2021-11-01,877.284,3.7859042603287936,5.190980596670701,-5.267647,-2.149289304313612,7.340269900984313,0.1561303579983892
2021-11-02,872.8770000000001,-0.6209053996368565,5.158675796501094,-5.2397647,-2.1124164942881767,7.271092290789271,0.1615910162077408
2021-11-03,880.155,6.657582196531276,5.124883155474197,-5.196034,-2.0748064274462217,7.199689582920419,0.1671527404894613
2021-11-04,876.809,3.311552655505226,5.089600601301751,-5.212026,-2.036470728525741,7.126071329827491,0.1728104763399515
2021-11-05,879.805,6.307306013907895,5.052826552668693,-5.163907,-1.9974214650393285,7.050248017708021,0.1785590175959782
2021-11-06,874.377,0.8790977253469094,5.014559939990978,-5.1255703,-1.957671146675703,6.972231086666681,0.1843930119150218
2021-11-07,874.5540000000001,1.0559317885266282,4.974800225914982,-5.0753927,-1.917232724250602,6.892032950165584,0.1903069664138554
2021-11-08,873.333,-0.1654771950898901,4.933547425524106,-5.010281,-1.876119588201072,6.809667013725178,0.1962952534589756
2021-11-09,876.904,3.4054508666648067,4.8908021262183,-5.2873387,-1.8343455666177797,6.725147692836079,0.2023521166023292
2021-11-10,874.965,1.46642263493207,4.846565507232596,-5.2467947,-1.791924922810456,6.638490430043052,0.2084716766556248
2021-11-11,868.0649999999999,-5.43356142419447,4.800839358761153,-5.2286,-1.7488723524022338,6.549711711163387,0.2146479378963856
2021-11-12,870.3610000000001,-3.1373022818660496,4.753626100653603,-5.2208743,-1.705202979949098,6.458829080602701,0.2208747943987399
2021-11-13,875.3649999999999,1.867289657756397,4.704928800650984,-5.177011,-1.6609323550813584,6.3658611557323415,0.2271460364818376
2021-11-14,878.696,5.198928384370652,4.654751192128941,-5.1565332,-1.616076448164558,6.270827640293499,0.2334553572686369
2021-11-15,875.7420000000001,2.245614437773962,4.603097691316607,-5.1345234,-1.5706516454778772,6.173749336794484,0.2397963593477054
2021-11-16,874.6270000000001,1.1313483577644865,4.549973413959898,-5.0874853,-1.5246747439086883,6.0746481578685865,0.2461625615305697
2021-11-17,876.63,3.135130684140009,4.495384191398674,-5.0351,-1.4781629451624565,5.97354713656113,0.2525474056970505
2021-11-18,874.819,1.3249619566984174,4.439336586028059,-4.990515,-1.43113384948796,5.870470435516019,0.258944263720931
2021-11-19,879.03,5.536576914029858,4.381837906114516,-4.9857054,-1.3836054489182057,5.765443355032721,0.2653464444682383
2021-11-20,874.655,1.162231043546475,4.3228962199383965,-4.939577,-1.3355961200282425,5.658492339966639,0.2717472008603186
2021-11-21,869.987,-3.505093604656268,4.262520369235274,-4.9058223,-1.2871246162115253,5.549644985446799,0.2781397369938659
2021-11-22,876.1679999999999,2.6770313899848617,4.200719981909259,-4.870449,-1.238210059477299,5.438930041386558,0.2845172153099801
2021-11-23,876.722,3.231624863620495,4.137505483992209,-4.8355436,-1.1888719317718823,5.326377415764092,0.290872763804303
2021-11-24,873.1510000000001,-0.338762882052718,4.072888110823918,-4.7913427,-1.1391300658275734,5.212018176651491,0.2971994832702374
2021-11-25,874.0799999999999,0.5908760422717272,4.006879917429089,-4.783853,-1.089004635543395,5.095884552972484,0.3034904545672452
2021-11-26,874.457,0.9685344919532176,3.939493788067843,-4.766753,-1.038516145902555,4.978009933970398,0.3097387459061883
2021-11-27,871.968,-1.5200305597591557,3.870743444937732,-4.7391014,-0.987685422432194,4.858428867369925,0.3159374201436795
2021-11-28,875.3,1.8124370718868252,3.800643456006004,-4.7212076,-0.9365336002114886,4.737177056217493,0.3220795420774127
2021-11-29,870.873,-2.614081516448804,3.729209241952168,-4.6729712,-0.8850821124349557,4.614291354387124,0.3281581857344633
2021-11-30,874.302,0.8159343082760993,3.656457082201732,-4.636053,-0.8333526785382848,4.489809760740017,0.3341664416445369
2021-12-01,878.38,4.894963771986243,3.5824041200335235,-4.606921,-0.7813672918947427,4.3637714119282665,0.3400974240902413
2021-12-02,872.669,-0.8152361070921872,3.507068366743584,-4.5582175,-0.7291482070907271,4.236216573834311,0.3459442783264109
2021-12-03,877.426,3.942572077593786,3.430468704850408,-4.505769,-0.6767179267897173,4.1071866316401255,0.35170018776065
2021-12-04,871.81,-1.6730874238674405,3.3526248903270663,-4.461581,-0.6240991881943823,3.976724078521449,0.3573583810872471
2021-12-05,872.293,-1.1897356711487037,3.273557553847142,-4.4174685,-0.5713149491173053,3.844872502964448,0.3629121393667288
2021-12-06,874.001,0.5189044366193682,3.1932882010327317,-4.3972015,-0.5183883736712418,3.711676574703973,0.3683548030433698
2021-12-07,878.184,4.702429858910417,3.1118392116937903,-4.410723,-0.4653428175904755,3.5771820292842658,0.373679778893076
2021-12-08,875.0740000000001,1.5925696028190286,3.029233838049705,-4.39136,-0.4122018131954003,3.441435651245105,0.3788805468941408
2021-12-09,878.865,5.383424226551259,2.9454962019250197,-4.74086,-0.3589890540129178,3.304485255937937,0.3839506670134838
2021-12-10,875.182,1.6999628304463783,2.860651290912562,-4.752879,-0.3057283790658962,3.166379669978458,0.3888837859010911
2021-12-11,873.794,0.3114927871982118,2.7747249534988843,-4.7746296,-0.2524437568453571,3.0271687103442413,0.3936736434854865
2021-12-12,872.772,-0.7107089240607154,2.687743893147746,-4.872191,-0.1991592689796445,2.8869031621273917,0.3983140794632042
2021-12-13,880.9639999999999,7.4810736570097855,2.5997356613391425,-5.538048,-0.1458990936152331,2.745634754954376,0.4027990396753503
2021-12-14,871.595,-1.888181769173736,2.5107286495625907,-6.7246976,-0.0926874885244533,2.603416138087044,0.4071225823645086
2021-12-15,868.764,-4.719134096182768,2.4207520802646547,-6.8045964,-0.0395487739557079,2.4603008542203626,0.4112788843053569
2021-12-16,867.205,-6.277504138538989,2.3298359967523035,-7.216918,0.0134926847576449,2.3163433119946584,0.4152622468025663
2021-12-17,871.93,-1.5518920518835475,2.2380112520547213,-7.180505,0.0664124948132232,2.1715987572414983,0.4190671015496721
2021-12-18,874.346,0.8648605826473359,2.145309496747996,-7.1703663,0.1191862537634222,2.026123242984574,0.4226880163428179
2021-12-19,874.732,1.2515466688863466,2.0517631657480493,-7.1464705,0.1717895675296751,1.879973598218374,0.4261197006434235
2021-12-20,873.687,0.20718378731884,1.9574054640788228,-7.111498,0.224198068589518,1.7332073954893048,0.4293570109840258
2021-12-21,876.7120000000001,3.232768064536496,1.8622703516240904,-7.0751696,0.2763874343182609,1.5858829173058293,0.4323949562117291
2021-12-22,878.183,4.704226516069929,1.7663925268723846,-7.1876426,0.3283334054669246,1.43805912140546,0.4352287025639059
2021-12-23,873.4300000000001,-0.0483716387753432,1.6698074096662483,-7.99227,0.3800118047576078,1.2897956049086403,0.4378535785709759
2021-12-24,874.092,0.6138050964473063,1.5725511229680196,-8.544897,0.4313985555772597,1.14115256739076,0.4402650797813206
2021-12-25,873.259,-0.2188917973766049,1.4746604736558788,-8.784443,0.4824697007505314,0.9921907729053474,0.4424588733035893
2021-12-26,874.629,1.1513522010082493,1.3761729323652103,-9.287722,0.5332014213720746,0.8429715109931357,0.4444308021618742
2021-12-27,875.072,1.5944951846523177,1.2771266123915566,-9.781994,0.5835700556784822,0.6935565567130744,0.4461768894594682
2021-12-28,872.662,-0.8156912933145728,1.1775602476727125,-9.820802,0.6335521179398259,0.5440081297328864,0.4476933423471274
2021-12-29,873.141,-0.3367235700954651,1.077513169868917,-10.046981,0.6831243173505482,0.3943888525183691,0.4489765557920154
2021-12-30,872.787,-0.6907587140497284,0.977025284561214,-10.07742,0.7322635768993183,0.2447617076618956,0.4500231161437194
2021-12-31,875.2379999999999,1.760167377920042,0.876137046589314,-10.116629,0.7809470521972905,0.0951899943920234,0.4508298044939973
2022-01-01,874.7850000000001,1.3069464762535743,0.7748894345515213,-10.125881,0.8291521502441362,-0.0542627156926149,0.4513935998271251
2022-01-02,870.187,-3.291393277648587,0.6733239244905308,-10.090492,0.876856548111055,-0.2035326236205241,0.4517116819579965
2022-01-03,867.546,-5.9327725906819975,0.5714824627898158,-10.106744,0.9240382115199592,-0.3525557487301433,0.4517814342553442
2022-01-04,870.472,-3.007226418339513,0.4694074383068283,-10.149514,0.9706754132979444,-0.501267974991116,0.4516004461477315
2022-01-05,866.154,-7.3257542856181,0.3671416537699273,-10.161421,1.0167467516861628,-0.6496050979162356,0.4511665154101961
2022-01-06,871.3199999999999,-2.160343838857573,0.2647282964674343,-10.185529,1.0622311684821857,-0.7975028720147512,0.4504776502296986
2022-01-07,873.641,0.1599936925196017,0.1622109082577708,-10.21857,1.1071079669950148,-0.944897058737244,0.4495320710477842
2022-01-08,865.808,-7.673750382372344,0.0596333549311531,-10.182987,1.1513568297919206,-1.0917234748607674,0.4483282121791126
2022-01-09,868.067,-5.414196449169337,-0.0429602050460898,-10.149853,1.1949578362163444,-1.2379180412624344,0.4468647232047946
2022-01-10,867.797,-5.68375210286418,-0.1455253523725309,-10.107234,1.237891479656317,-1.383416832028848,0.4451404701397142
2022-01-11,867.561,-5.919416659493683,-0.2480174393047548,-10.077921,1.2801386845427802,-1.528156123847535,0.4431545363732816
2022-01-12,874.207,0.7268197325637216,-0.3503916225689768,-10.039777,1.3216808230575932,-1.67207244562657,0.4409062233833339
2022-01-13,868.263,-5.217060328925303,-0.452602896756164,-10.000845,1.3624997315309395,-1.815102628287104,0.4383950512231514
2022-01-14,866.645,-6.835047240102535,-0.5546061281655709,-9.9663,1.4025777265082744,-1.9571838546738447,0.4356207587818121
2022-01-15,869.851,-3.629140317005061,-0.656356089060097,-9.930515,1.4418976204670222,-2.0982537095271194,0.4325833038183892
2022-01-16,872.749,-0.7313388756697385,-0.7578074922969037,-9.897355,1.4804427371635662,-2.23825022946047,0.4292828627707256
2022-01-17,864.873,-8.60763306447496,-0.8589150262955828,-9.866137,1.5181969265913362,-2.377111952886919,0.4257198303398027
2022-01-18,865.464,-8.01703111799547,-0.9596333903058224,-9.8272705,1.5551445795311447,-2.514777969836967,0.4218948188509541
2022-01-19,862.1320000000001,-11.34953235091044,-1.059917329935797,-9.78874,1.591270641675102,-2.6511879716108986,0.4178086573934489
2022-01-20,866.162,-7.320062791620843,-1.1597216729021886,-9.77561,1.6265606273060358,-2.7862823002082244,0.4134623907401906
2022-01-21,873.161,-0.3216930496096308,-1.2590013649621297,-9.739084,1.6610006325144926,-2.9200019974766223,0.4088572780495677
2022-01-22,872.498,-0.9854224287033526,-1.3577115059869331,-9.684562,1.694577347935902,-3.0522888539228354,0.4039947913516858
2022-01-23,866.441,-7.0429800623988,-1.4558073861372935,-9.635082,1.727278070990927,-3.1830854571282208,0.3988766138215023
2022-01-24,867.919,-5.565586016139464,-1.5532445220991125,-9.594802,1.7590907176124069,-3.312335239711519,0.3935046378415769
2022-01-25,863.643,-9.842240391774943,-1.6499786933389378,-9.546048,1.7900038334427877,-3.439982526781725,0.3878809628574294
2022-01-26,869.479,-4.006983685958614,-1.7459659783377988,-9.483575,1.820006604486478,-3.5659725828242768,0.3820078930286834
2022-01-27,869.885,-3.601812064703605,-1.8411627907620547,-9.414493,1.8490888672019767,-3.690251657964032,0.3758879346794381
2022-01-28,867.073,-6.414727780437752,-1.9355259155296445,-9.352668,1.877241118019248,-3.812767033548892,0.3695237935514954
2022-01-29,867.8430000000001,-5.645730083841753,-2.029012544730296,-9.289353,1.904454522268321,-3.9334670669986167,0.3629183718643198
2022-01-30,864.979,-8.510818225597074,-2.1215803133579434,-9.247876,1.9307209225056583,-4.0523012358636015,0.3560747651857896
2022-01-31,868.625,-4.865991456384359,-2.2131873348139437,-9.229223,1.9560328462254777,-4.169220181039421,0.3489962591180272
2022-02-01,869.272,-4.220249026884624,-2.303792236139516,-9.186824,1.9803835129437517,-4.284175749083267,0.3416863258027687
2022-02-02,879.278,5.784409812220853,-2.3933541929361306,-9.170289,2.003766840643283,-4.397121033579413,0.3341486202509628
2022-02-03,869.48,-4.015059342001607,-2.481832963932754,-9.166321,2.0261774515689286,-4.5080104155016825,0.326386976501435
2022-02-04,860.51,-12.986609509739704,-2.569188925158976,-9.144003,2.0476106773626004,-4.616799602521576,0.3184054036136703
2022-02-05,866.294,-7.204239948533996,-2.6553831036835063,-9.099394,2.068062563528461,-4.723445667211967,0.3102080814999204
2022-02-06,865.441,-8.058949915924694,-2.740377210877828,-9.036232,2.08752987321939,-4.827907084097218,0.3017993566020133
2022-02-07,863.5319999999999,-9.96973866945272,-2.824133675165052,-8.983749,2.10601009033645,-4.9301437655015015,0.2931837374184126
2022-02-08,866.2879999999999,-7.215605466658093,-2.9066156742147267,-8.933743,2.123501421933901,-5.030117096148628,0.2843658898872199
2022-02-09,861.8430000000001,-11.662549565081292,-2.987787166544636,-8.887356,2.1400027999229505,-5.127789966467587,0.2753506326309522
2022-02-10,873.174,-0.3335702222633836,-3.067612922491228,-8.841978,2.155513882068245,-5.223126804559473,0.2661429320690909
2022-02-11,864.016,-9.493666695744274,-3.1460585545109936,-8.78847,2.170035052271827,-5.31609360678282,0.2567478974045008
2022-02-12,866.325,-7.18683824306465,-3.223090546775695,-8.718623,2.183567420140061,-5.406657966915756,0.2471707754899581
2022-02-13,867.307,-6.20708412176498,-3.29867628402495,-8.648509,2.196112819829815,-5.494789103854766,0.237416945581142
2022-02-14,864.677,-8.839403589385714,-3.3727840796406663,-8.592171,2.207673808170971,-5.580457887811637,0.2274919139825455
2022-02-15,866.5939999999999,-6.92479590346757,-3.445383202908311,-8.595407,2.21825366206312,-5.663636864971432,0.2174013085928621
2022-02-16,870.3689999999999,-3.1522603215506546,-3.516443905431057,-8.554532,2.2278563751451204,-5.744300280576178,0.2071508733565022
2022-02-17,864.07,-9.45379610117558,-3.5859374466635985,-8.529706,2.2364866537369785,-5.822424100400577,0.1967464626279685
2022-02-18,866.6519999999999,-6.874402499883014,-3.653836118533463,-8.4722185,2.244149912054372,-5.897986030587836,0.1861940354559016
2022-02-19,864.9989999999999,-8.5300787752132,-3.720113269118429,-8.412989,2.250852266696895,-5.970965535815323,0.1754996497936677
2022-02-20,868.2729999999999,-5.25882418470681,-3.784743325349878,-8.364066,2.2566005304119625,-6.04134385576184,0.164669456643412
2022-02-21,865.398,-8.13663798590401,-3.847701814712756,-8.376492,2.2614022051371463,-6.109104019849902,0.1537096941405769
2022-02-22,867.358,-6.179519436345812,-3.908965385914121,-8.521977,2.265265474324489,-6.174230860238611,0.1426266815858834
2022-02-23,869.333,-4.207467793572179,-3.968511828493064,-8.5479145,2.2681991945512334,-6.236711023044298,0.1314268134318461
2022-02-24,873.144,-0.3994823151237954,-4.026320091346316,-8.503337,2.270212886422185,-6.296532977768502,0.1201165532308823
2022-02-25,863.823,-9.723562258541332,-4.082370300144777,-8.456444,2.2713167247697688,-6.353687024914546,0.1087024275521163
2022-02-26,861.61,-11.93970688136492,-4.13664377361746,-8.405116,2.2715215281586265,-6.408165301776087,0.0971910198739707
2022-02-27,864.79,-8.76291544113542,-4.189123038680807,-8.371082,2.2708387477025336,-6.4599617863833405,0.0855889644596296
2022-02-28,865.27,-8.286187195392927,-4.239791844392297,-8.358664,2.269280455202038,-6.509072299594335,0.0739029402224624
2022-03-01,868.5169999999999,-5.042521401678173,-4.288635174708913,-8.323424,2.2668593306122315,-6.555494505321144,0.0621396645884694
2022-03-02,867.37,-6.192917317531582,-4.335639260032156,-8.271069,2.263588648850748,-6.599227908882904,0.0503058873627672
2022-03-03,866.478,-7.088374200493633,-4.380791587522678,-8.224215,2.2594822659568665,-6.6402738534795445,0.0384083846071206
2022-03-04,865.071,-8.498891308104678,-4.424080910169276,-8.242653,2.2545546046135256,-6.678635514782801,0.0264539525354612
2022-03-05,864.497,-9.076467897905587,-4.465497254597934,-8.356387,2.248820639044625,-6.714317893642559,0.0144494014342865
2022-03-06,865.2330000000001,-8.344103227436298,-4.50503192760853,-8.322671,2.2422958793009613,-6.747327806909492,0.0024015496147693
2022-03-07,869.739,-3.8417965542378183,-4.542677521427949,-8.272859,2.234996354948749,-6.7776738763766975,-0.0096827825966648
2022-03-08,858.9290000000001,-14.655547135850195,-4.578427917669955,-8.217849,2.226938598175537,-6.805366515845492,-0.0217967788226099
2022-03-09,864.726,-8.862354229814255,-4.612278289993732,-8.177916,2.2181396263289823,-6.830417916322714,-0.0339336325472121
2022-03-10,869.318,-4.2742170936703685,-4.64422510545431,-8.134798,2.208616923904693,-6.852842029359003,-0.0460865529704652
2022-03-11,862.579,-11.017134984958885,-4.674266124539891,-8.074535,2.198388424000101,-6.872654548539991,-0.0582487707978687
2022-03-12,866.691,-6.909107161220384,-4.7024003998923485,-8.015584,2.1874724892519124,-6.889872889144261,-0.070413543959174
2022-03-13,864.736,-8.868132879995358,-4.72862827370895,-7.9828734,2.175887892275479,-6.904516165984429,-0.0825741632500435
2022-03-14,863.491,-10.11721139882424,-4.752951373824716,-7.9178905,2.163653795624976,-6.916605169449692,-0.0947239578905879
2022-03-15,863.736,-9.876341975247655,-4.775372608476525,-7.9951134,2.150789731294004,-6.926162339770529,-0.1068563009948624
2022-03-16,864.3960000000001,-9.220523866805792,-4.795896159751558,-7.946176,2.137315579776794,-6.933211739528352,-0.1189646149455672
2022-03-17,868.504,-5.116756331039572,-4.814527475724219,-7.914862,2.1232515487108063,-6.9377790244350255,-0.1310423766683131
2022-03-18,865.793,-7.832038625489074,-4.831273261287347,-7.867042,2.108618151122107,-6.9398914124094535,-0.1430831227999909
2022-03-19,864.368,-9.261370007694875,-4.846141467684844,-7.910703,2.0934361832954527,-6.939577650980297,-0.1550804547459223
2022-03-20,870.544,-3.0897497351977483,-4.859141280754765,-7.8890953,2.07772670229156,-6.936867983046325,-0.1670280436206575
2022-03-21,867.3389999999999,-6.299177065537803,-4.870283107893125,-7.8490095,2.061511003134537,-6.931794111027662,-0.1789196350674255
2022-03-22,864.482,-9.160651256255708,-4.879578563750311,-7.8346386,2.044810595692936,-6.924389159443247,-0.1907490539514525
2022-03-23,867.8000000000001,-5.84717156489172,-4.887040454673664,-7.781446,2.027647181278389,-6.914687635952053,-0.2025102089225163
2022-03-24,864.18,-9.471737248986717,-4.892682761911181,-7.694791,2.010042628986222,-6.902725390897404,-0.2141970968423143
2022-03-25,873.25,-0.4063475660809157,-4.896520623592688,-7.5958705,1.9920189518027844,-6.888539575395473,-0.2258038070724011
2022-03-26,865.2090000000001,-8.452001773714727,-4.89857031550664,-7.5026736,1.9735982825047376,-6.872168598011378,-0.237324525618654
2022-03-27,868.582,-5.083699129428997,-4.898849230691749,-7.416003,1.954802849375844,-6.853652080067592,-0.2487535391284254
2022-03-28,862.992,-10.678438890763818,-4.897375857864589,-7.651643,1.9356549517671315,-6.833030809631721,-0.2600852387367431
2022-03-29,867.7009999999999,-5.974220315259846,-4.894169758705224,-7.664023,1.91617693552663,-6.810346694231853,-0.2713141237581388
2022-03-30,867.972,-5.708042660457528,-4.889251544024742,-7.622201,1.8963911683251813,-6.785642712349924,-0.2824348052208855
2022-03-31,864.464,-9.22090518389724,-4.882642848839823,-7.554027,1.8763200149050396,-6.758962863744863,-0.2934420092406454
2022-04-01,869.4159999999999,-4.273807143119774,-4.874366306380594,-7.466826,1.855985812278199,-6.730352118658793,-0.3043305802307574
2022-04-02,867.669,-6.025747795665381,-4.864445521059844,-7.3903503,1.8354108449016624,-6.699856365961507,-0.3150954839466047
2022-04-03,874.148,0.448273600925531,-4.852905040432425,-7.3204155,1.8146173198568964,-6.667522360289322,-0.3257318103617305
2022-04-04,867.974,-5.730784602059829,-4.839770326175387,-7.309049,1.7936273420609714,-6.633397668236358,-0.3362347763736042
2022-04-05,872.717,-0.9928804229237452,-4.825067724120326,-7.276474,1.772462889536942,-6.597530613657268,-0.3465997283371569
2022-04-06,867.8209999999999,-5.894013125484307,-4.808824433370716,-7.211593,1.751145788771057,-6.559970222141773,-0.3568221444244505
2022-04-07,863.4960000000001,-10.224181973559416,-4.791068474538368,-7.131704,1.72969769018456,-6.520766164722928,-0.3668976368090583
2022-04-08,866.0600000000001,-7.665386230967366,-4.7718286571337885,-7.0536723,1.708140043747666,-6.479968700881455,-0.3768219536739945
2022-04-09,868.6129999999999,-5.117625161526307,-4.751134546146902,-6.977764,1.6864940747634956,-6.437628620910398,-0.3865909810422288
2022-04-10,873.466,-0.2698980290537989,-4.729016427855199,-6.9153666,1.6647807598494972,-6.393797187704696,-0.3962007444290906
2022-04-11,871.79,-1.9513018708838068,-4.705505274897521,-7.1433897,1.6430208031439546,-6.348526078041476,-0.4056474103160809
2022-04-12,873.2379999999999,-0.5087408342078614,-4.680632710652775,-7.1470313,1.6212346127649964,-6.301867323417771,-0.4149272874458504
2022-04-13,871.522,-2.230214197322645,-4.654430972963585,-7.1451397,1.599442277549408,-6.253873250512993,-0.4240368279383354
2022-04-14,870.031,-3.726721238525729,-4.626932877245919,-7.2387304,1.57766354409833,-6.204596421344249,-0.4329726282282846
2022-04-15,865.885,-7.878261236113545,-4.598171779026431,-7.23755,1.5559177941567903,-6.154089573183221,-0.441731429824613
2022-04-16,866.653,-7.11583346838338,-4.5681815359502425,-7.49263,1.5342240223537242,-6.102405558303967,-0.4503101198923033
2022-04-17,861.1750000000001,-12.599437213632315,-4.536996469302244,-7.426594,1.5126008143288805,-6.049597283631124,-0.4587057316577365
2022-04-18,870.838,-2.9420717501573224,-4.504651325086187,-7.3627734,1.4910663252727443,-5.995717650358932,-0.4669154446386275
2022-04-19,866.5659999999999,-7.219736356255421,-4.471181234705976,-7.4048347,1.4696382589052348,-5.940819493611211,-0.4749365846999083
2022-04-20,862.7249999999999,-11.066430310223414,-4.436621675294477,-7.3548484,1.448333846918597,-5.884955522213073,-0.4827666239371714
2022-04-21,866.533,-7.26415289035835,-4.401008429735553,-7.5923357,1.42716982890954,-5.828178258645093,-0.4904031803894677
2022-04-22,860.289,-13.51380560144209,-4.364377546425468,-7.8414474,1.406162432825198,-5.770539979250666,-0.4978440175835047
2022-04-23,862.274,-11.534482838397746,-4.326765298820415,-7.8100443,1.3853273559470878,-5.712092654767503,-0.5050870439114619
2022-04-24,863.5169999999999,-10.29718386504372,-4.288208144816979,-7.7391157,1.3646797464367773,-5.652887891253756,-0.5121303118448989
2022-04-25,866.899,-6.920907945197637,-4.248742686013022,-7.6664815,1.3442341854663649,-5.592976871479388,-0.5189720169873976
2022-04-26,868.294,-5.5316119515057975,-4.208405626896326,-7.590014,1.3240046699564942,-5.53241029685282,-0.5256104969687985
2022-04-27,871.8280000000001,-2.0033363870242047,-4.167233734008966,-7.505356,1.3040045959439297,-5.471238329952896,-0.5320442301840922
2022-04-28,875.6030000000001,1.7659225758315031,-4.125263795135112,-7.440107,1.284246742600178,-5.40951053773529,-0.5382718343802078
2022-04-29,872.769,-1.075210625947112,-4.082532578560352,-7.377076,1.2647432569220691,-5.347275835482421,-0.5442920650941369
2022-04-30,867.894,-5.95732417774556,-4.039076792450479,-7.355587,1.2455056391144603,-5.28458243156494,-0.5501038139460117
2022-05-01,862.557,-11.301417545651562,-3.994933044397724,-7.3291354,1.2265447286846745,-5.221477773082398,-0.5557061067909347
2022-05-02,868.88,-4.985490195753273,-3.950137801182361,-7.3097343,1.2078706912675157,-5.158008492449877,-0.5610981017335195
2022-05-03,867.6160000000001,-6.256538509013333,-3.904727348797304,-7.2709737,1.1894930061989746,-5.094220354996279,-0.5662790870092915
2022-05-04,862.7139999999999,-11.165564952810094,-3.858737752783473,-7.2060056,1.1714204548561071,-5.030158207639579,-0.5712484787372243
2022-05-05,865.347,-8.539568992774242,-3.812204818922887,-7.179981,1.153661109779632,-4.965865928702519,-0.5760058185478739
2022-05-06,871.985,-1.908550094536773,-3.76516405433674,-7.154888,1.1362223245951488,-4.901386378931889,-0.5805507710916981
2022-05-07,864.2950000000001,-9.60550772372891,-3.717650629034908,-7.126533,1.1191107247480374,-4.836761353782945,-0.5848831214322989
2022-05-08,874.301,0.393558654018431,-3.6696993379630833,-7.1250334,1.1023321990662036,-4.772031537029287,-0.5890027723294579
2022-05-09,871.364,-2.550356223049075,-3.6213445635932144,-7.138204,1.085891892164064,-4.707236455757279,-0.5929097414169626
2022-05-10,869.131,-4.7902460333848,-3.57262023910242,-7.130024,1.069794197700275,-4.642414436802695,-0.5966041582803433
2022-05-11,866.443,-7.485110243488909,-3.523559812184919,-7.08796,1.0540427525008131,-4.577602564685732,-0.600086261439744
2022-05-12,865.3199999999999,-8.614948319862258,-3.474196209540829,-7.046784,1.0386404315581037,-4.512836641098932,-0.6033563952432749
2022-05-13,867.58,-6.361759729004923,-3.424561802085142,-7.014057,1.02358934391602,-4.4481511460011625,-0.6064150066762727
2022-05-14,868.464,-5.484543937417763,-3.374688370919165,-6.9614406,1.008890829449573,-4.383579200368739,-0.6092626420919971
2022-05-15,869.842,-4.1133004116014025,-3.3246070741061886,-6.885547,0.994545456547269,-4.319152530653458,-0.6118999438693717
2022-05-16,866.953,-7.009028618055967,-3.274348414292154,-6.8135242,0.9805530207029928,-4.254901434995147,-0.614327647003455
2022-05-17,864.976,-8.992728023282222,-3.223942207211014,-6.734217,0.9669125440234918,-4.190854751234506,-0.6165465756343876
2022-05-18,867.5500000000001,-6.425398093780434,-3.1734175511139515,-6.665017,0.953622275656376,-4.127039826770328,-0.618557639520632
2022-05-19,868.629,-5.3530352109265165,-3.1228027971601544,-6.6200695,0.9406796931426992,-4.063482490302853,-0.6203618304623625
2022-05-20,866.6310000000001,-7.357395966639213,-3.0721255208059968,-6.5733232,0.9280815046970556,-4.000207025503053,-0.6219602186809091
2022-05-21,867.417,-6.577628006641996,-3.0214124942285125,-6.518516,0.9158236524172348,-3.937236146645748,-0.6233539491602019
2022-05-22,865.3,-8.700819302122127,-2.9706896598175474,-6.453884,0.9039013164243462,-3.8745909762418935,-0.6245442379561736
2022-05-23,870.279,-3.727969269233856,-2.919982104770166,-6.4081798,0.8923089199334162,-3.8122910247035824,-0.6255323684801138
2022-05-24,869.798,-4.215077324132047,-2.8693140368192958,-6.3953624,0.881040135253312,-3.750354172072608,-0.6263196877619637
2022-05-25,869.3729999999999,-4.646142882971475,-2.818708761127701,-6.36222,0.8700878907139177,-3.6887966518416175,-0.6269076026995599
2022-05-26,873.556,-0.4691653619062688,-2.768188658376638,-6.301258,0.8594443785173976,-3.627633036894036,-0.6272975762998052
2022-05-27,871.279,-2.7522351918737007,-2.717775164077584,-6.259456,0.8491010635093366,-3.56687622758692,-0.62749112391776
2022-05-28,870.662,-3.375263247473817,-2.667488749133734,-6.267655,0.839048692864563,-3.506537441998297,-0.6274898094995944
2022-05-29,876.7660000000001,2.722751041660847,-2.617348901676781,-6.276125,0.8292773066813957,-3.4466262083581767,-0.6272952418353429
2022-05-30,878.8629999999999,4.813773772940128,-2.567374110202788,-6.269414,0.8197762494769696,-3.387150359679757,-0.6269090708273327
2022-05-31,874.303,0.2475261291124226,-2.51758184802971,-6.225967,0.8105341825753916,-3.328116030605101,-0.6263329837801371
2022-06-01,870.461,-3.60108550279942,-2.46798855909743,-6.1707926,0.8015390973793171,-3.2695276564767477,-0.6255687017178315
2022-06-02,870.092,-3.976399348684022,-2.418609645129679,-6.113047,0.7927783295146245,-3.2113879746443037,-0.6246179757342796
2022-06-03,877.404,3.3293458536928666,-2.3694594541756224,-6.061032,0.7842385738367523,-3.153698028012375,-0.6234825833821006
2022-06-04,876.3030000000001,2.221837606445468,-2.320551270547403,-6.0348186,0.7759059002863798,-3.096457170833783,-0.6221643251058947
2022-06-05,876.887,2.798909636179894,-2.271897306168006,-6.1159096,0.7677657705810076,-3.039663076749014,-0.6206650207252058
2022-06-06,866.812,-7.283287300733001,-2.2235086933425507,-6.080356,0.759803055728092,-2.983311749070643,-0.6189865059726339
2022-06-07,873.5880000000001,-0.5141598845770998,-2.1753954789641665,-6.0267825,0.7520020543444118,-2.927397533308578,-0.6171306290923725
2022-06-08,874.653,0.5438071371067208,-2.12756662016398,-5.977039,0.7443465117653134,-2.871913131929293,-0.6150992475043771
2022-06-09,875.0989999999999,0.9825314779891174,-2.080029981413196,-5.9114966,0.7368196399266116,-2.8168496213398075,-0.612894224539225
2022-06-10,873.1379999999999,-0.9859938796836776,-2.032792333083218,-5.8595924,0.7294041380009484,-2.7621964710841667,-0.6105174262486216
2022-06-11,871.213,-2.9184237486496656,-1.9858593514684604,-5.81227,0.7220822137694982,-2.7079415652379586,-0.6079707182963753
2022-06-12,877.777,3.638242093657946,-1.9392356202743084,-5.840414,0.7148356057089901,-2.6540712259832984,-0.6052559629345285
2022-06-13,869.548,-4.598003544756853,-1.8929246335713743,-5.8488407,0.7076456057731983,-2.600570239344573,-0.6023750160691937
2022-06-14,876.106,1.9528895692300647,-1.8469288002150224,-5.8351865,0.7004930828470671,-2.5474218830620896,-0.5993297244204827
2022-06-15,875.803,1.6424953689430328,-1.80124944972778,-5.803804,0.6933585068509355,-2.494607956578716,-0.5961219227807892
2022-06-16,879.8770000000001,5.709067775727049,-1.7558868396401914,-5.747689,0.6862219734713778,-2.4421088131115694,-0.5927534313754974
2022-06-17,869.854,-4.321885819643297,-1.710840164284107,-5.6944613,0.6790632294944293,-2.389903393778536,-0.5892260533300384
2022-06-18,871.586,-2.597383499557677,-1.6661075650305368,-5.6724167,0.671861698716219,-2.337969263746756,-0.5855415722470535
2022-06-19,870.486,-3.7046705720273767,-1.6216861419625337,-5.638979,0.6645965084051766,-2.28628265036771,-0.5817017498972253
2022-06-20,879.5319999999999,5.334200343577186,-1.577571966971738,-5.588943,0.6572465162893524,-2.2348184832610904,-0.5777083240271782
2022-06-21,876.563,2.3575736236354885,-1.5337600982655653,-5.5439734,0.649790338041622,-2.183550436307187,-0.573563006287656
2022-06-22,877.918,3.704930088687399,-1.4902445962702986,-5.5188475,0.6422063752348794,-2.132450971505178,-0.5692674802849933
2022-06-23,868.831,-5.390109492876885,-1.4470185409135004,-5.48453,0.6344728437386685,-2.081491384652169,-0.5648233997587075
2022-06-24,874.1640000000001,-0.064998523462302,-1.4040740502677624,-5.4206204,0.6265678025281148,-2.030641852795877,-0.5602323868878366
2022-06-25,873.885,-0.3519145764014624,-1.36140230053567,-5.370503,0.6184691828753259,-1.979871483410996,-0.5554960307284501
2022-06-26,875.505,1.259171233725097,-1.3189935473547865,-5.315199,0.6101548178930091,-1.929148365247796,-0.5506158857845567
2022-06-27,871.362,-2.892817229347885,-1.2768371483992194,-5.2450876,0.6016024723993629,-1.8784396207985825,-0.5455934707144177
2022-06-28,876.739,2.475382677373076,-1.234921587253246,-5.174769,0.5927898730729078,-1.8277114603261535,-0.5404302671740736
2022-06-29,875.891,1.6183940548911335,-1.1932344985305152,-5.138379,0.583694738865411,-1.7769292373959262,-0.5351277187996669
2022-06-30,875.8860000000001,1.6030097993562116,-1.151762694210923,-5.094816,0.5742948116405862,-1.726057505851509,-0.5296872303299458
2022-07-01,879.568,5.274318216309848,-1.1104921911657872,-5.04778,0.5645678870059052,-1.6750600781716924,-0.5241101668700932
2022-07-02,884.442,10.13730599711148,-1.0694082398403109,-5.01073,0.5544918453044269,-1.6239000851447378,-0.5183978532978321
2022-07-03,880.161,5.845539146107666,-1.0284953540609234,-4.9773273,0.5440446827332409,-1.5725400367941642,-0.512551573812509
2022-07-04,875.556,1.229162489301781,-0.98773734193365,-4.950687,0.5332045425548076,-1.5209418844884577,-0.5065725716276669
2022-07-05,877.1679999999999,2.8288211496652007,-0.9471173377982788,-4.931628,0.5219497463672054,-1.469067084165484,-0.5004620488073679
2022-07-06,878.349,3.997043047871278,-0.906617835201587,-4.8970723,0.5102588253990511,-1.416876660600638,-0.4942211662463245
2022-07-07,876.484,2.1173037787471527,-0.8662207208518528,-4.867109,0.4981105517946956,-1.3643312726465484,-0.4878510437936594
2022-07-08,883.0179999999999,8.636606950473752,-0.8259073095152799,-4.8221564,0.485483969855081,-1.311391279370361,-0.4813527605199059
2022-07-09,877.616,3.2189837374283368,-0.7856583798138629,-4.770052,0.4723584271995402,-1.2580168070134032,-0.4747273551266198
2022-07-10,871.0759999999999,-3.3362935189837737,-0.7454542108831392,-4.737039,0.4587136058137759,-1.2041678166969152,-0.4679758264977725
2022-07-11,875.009,0.5808797863369186,-0.705274619846829,-4.693351,0.4445295529491206,-1.1498041727959496,-0.4610991343918577
2022-07-12,876.5450000000001,2.1006565578279845,-0.6650990000645938,-4.6464796,0.4297867118381994,-1.0948857119027933,-0.4540982002734286
2022-07-13,884.889,10.426505256755863,-0.624906360107809,-4.5943904,0.4144659521922035,-1.0393723123000125,-0.4469739082825711
2022-07-14,878.127,3.6412190456339344,-0.5846753634173594,-4.5497775,0.3985486004448894,-0.9832239638622488,-0.4397271063405947
2022-07-15,875.245,0.7341519096318958,-0.5443843685966385,-4.521705,0.3820164697087008,-0.9264008383053394,-0.4323586073900092
2022-07-16,879.889,5.351100260965552,-0.5040114702916774,-4.4917526,0.3648518894083651,-0.8688633597000426,-0.4248691907666458
2022-07-17,885.824,11.259560835922407,-0.4635345406098531,-4.4526815,0.3470377345576445,-0.8105722751674975,-0.4172596037015765
2022-07-18,883.4309999999999,8.84025876676578,-0.4229312710276258,-4.420418,0.3285574546450201,-0.7514887256726459,-0.4095305629502685
2022-07-19,873.34,-1.2764398413394709,-0.3821792147370391,-4.3843746,0.3093951020943633,-0.6915743168314024,-0.4016827565462174
2022-07-20,873.815,-0.8318012051919821,-0.3412558293800641,-4.3307652,0.2895353602669926,-0.6307911896470567,-0.3937168456761019
2022-07-21,876.2189999999999,1.5423237257735147,-0.3001385201191879,-4.2818017,0.2689635709717239,-0.5691020910909119,-0.3856334666733011
2022-07-22,881.3839999999999,6.677879703891567,-0.2588046829922239,-4.2436175,0.2476657614499896,-0.5064704444422136,-0.3774332331264394
2022-07-23,878.4960000000001,3.7614472912423578,-0.2172317484985628,-4.2061887,0.22562867080343,-0.4428604193019929,-0.3691167380994145
2022-07-24,873.9670000000001,-0.7962226286544496,-0.1753972253638476,-4.1863127,0.2028397758317897,-0.3782370011956374,-0.3606845564592055
2022-07-25,879.207,4.415639377604957,-0.1332787444296406,-4.1874638,0.1792873162494935,-0.3125660606791342,-0.3521372473075627
2022-07-26,873.719,-1.0995531738630169,-0.0908541026141368,-4.183968,0.1549603192496616,-0.2458144218637984,-0.3434753565125223
2022-07-27,883.3149999999999,8.469997191979019,-0.0481013068899993,-4.1549606,0.1298486233849704,-0.1779499302749697,-0.3346994193355094
2022-07-28,873.499,-1.371426258093399,-0.0049986182249276,-4.1438217,0.103942901735283,-0.1089415199602106,-0.325809963149642
2022-07-29,879.9010000000001,5.005428828822783,0.0384754045694425,-4.140224,0.0772346843325722,-0.0387592797631297,-0.3168075102446862
2022-07-30,879.365,4.445319384002486,0.0823418611347632,-4.1295924,0.0497163798143418,0.0326254813204213,-0.307692580713975
2022-07-31,878.1679999999999,3.225239687425109,0.1266214660638829,-4.1340036,0.0213812962774173,0.1052401697864655,-0.2984656954184335
2022-08-01,877.38,2.4145716163786712,0.1713345056539544,-4.154269,-0.0077763386953946,0.179110844349349,-0.2891273790227542
2022-08-02,876.659,1.671899859709315,0.2165007949690114,-4.1428494,-0.0377613588623816,0.254262153831393,-0.2796781630986063
2022-08-03,878.616,3.6082457783708737,0.2621396352662871,-4.130555,-0.0685776410297305,0.3307172762960176,-0.2701185892896447
2022-08-04,876.038,1.0099019060835452,0.3082697718402015,-4.1379166,-0.1002280876631606,0.4084978595033621,-0.2604492125329856
2022-08-05,880.3290000000001,5.281561382883581,0.3549093523376804,-4.2829103,-0.1327146104286687,0.4876239627663492,-0.2506706043316813
2022-08-06,874.854,-0.2119138225620123,0.4020758855981047,-4.265642,-0.1660381146858436,0.5681140002839484,-0.2407833560726452
2022-08-07,884.488,9.404259398985817,0.4497862010707489,-4.2035537,-0.200198484956256,0.6499846860270049,-0.2307880823843732
2022-08-08,877.722,2.6214314120535267,0.4980564088621088,-4.161133,-0.2351945713885897,0.7332509802506986,-0.2206854245287194
2022-08-09,876.6460000000001,1.5295962220870525,0.5469018604649712,-4.1287537,-0.2710241772411732,0.8179260377061445,-0.2104760538209152
2022-08-10,877.47,2.3387478345322066,0.5963371102204043,-4.1022983,-0.3076840474016309,0.9040211576220352,-0.2001606750719442
2022-08-11,873.323,-1.822119745165102,0.6463758775633014,-4.06192,-0.3451698579624009,0.9915457355257022,-0.1897400300473107
2022-08-12,873.4739999999999,-1.684037995323708,0.6970310101011868,-4.0172315,-0.3834762068697691,1.080507216970956,-0.1792149009362058
2022-08-13,872.971,-2.1993715532727838,0.7483144475754554,-3.9780614,-0.4225966056631513,1.170911053238607,-0.1685861138250146
2022-08-14,874.8789999999999,-0.3025063951385345,0.8002371867531517,-3.9438074,-0.4625234723201938,1.2627606590733456,-0.1578545421690679
2022-08-15,876.866,1.6743565145916577,0.852809247296576,-3.932336,-0.5032481252222073,1.3560573725187832,-0.1470211102565236
2022-08-16,871.6129999999999,-3.5882197363594983,0.90603963865703,-3.9208863,-0.5447607782533688,1.4508004169103987,-0.1360867966582176
2022-08-17,877.783,2.5727102470404706,0.9599363280380272,-3.9259207,-0.5870505370459929,1.54698686508402,-0.1250526376573458
2022-08-18,881.509,6.290644992703301,1.0145062094721835,-3.9200368,-0.6301053963830306,1.6446116058552145,-0.1139197306527942
2022-08-19,880.25,5.02457832946849,1.069755074054828,-3.8894916,-0.6739122387677995,1.7436673128226277,-0.102689237529969
2022-08-20,880.039,4.807504086175495,1.1256875813763187,-3.8762746,-0.7184568341697863,1.844144415546105,-0.0913623879929679
2022-08-21,880.231,4.994416091664112,1.1823072321936745,-3.8580008,-0.7637238409541826,1.9460310731478567,-0.0799404828519721
2022-08-22,873.817,-1.4236918252263475,1.2396163423810007,-3.8351815,-0.809696808001605,2.0493131503826056,-0.0684248972597547
2022-08-23,877.9559999999999,2.7121741643437733,1.2976160181966545,-3.8195078,-0.856358178023274,2.153974196219928,-0.0568170838912392
2022-08-24,879.571,4.325007889214254,1.3563061329039312,-3.8009033,-0.9036892920756342,2.2599954249795653,-0.0451185760600967
2022-08-25,880.222,4.97460708321011,1.4156853047805114,-3.7832906,-0.951670395277302,2.3673557000578134,-0.0333309907664127
2022-08-26,878.913,3.66463929850803,1.4757508765503906,-3.7609968,-1.0002806437298315,2.4760315202802223,-0.0214560316695324
2022-08-27,881.027,5.778594051930833,1.5364988962706878,-3.7385967,-1.049498112642714,2.585997008913402,-0.0094954919802337
2022-08-28,882.634,7.386302273815092,1.5979240997039037,-3.720676,-1.0992998056616123,2.697223905365516,0.0025487427334949
2022-08-29,884.8589999999999,9.612974224585274,1.660019894204881,-3.6909552,-1.149661665397735,2.809681559602616,0.0146746918327656
2022-08-30,870.4150000000001,-4.828396416266999,1.7227783441499374,-3.6704144,-1.2005585851549132,2.923336929304851,0.0268802769917335
2022-08-31,880.4689999999999,5.229477835701321,1.7861901579339103,-3.6520562,-1.2519644218496864,3.0381545797835967,0.039163319684664
2022-09-01,884.077,8.842304838860214,1.8502446765593763,-3.6259022,-1.3038520101185067,3.154096686677883,0.0515215387814503
2022-09-02,884.066,8.837078316209722,1.9149298638403411,-3.5927143,-1.356193177604868,3.2711230414452093,0.0639525482568459
2022-09-03,876.923,1.7007919907497389,1.9802322982410543,-3.5695193,-1.408958761417941,3.389191059658996,0.0764538550185031
2022-09-04,881.996,6.781328197301807,2.0461371663687955,-3.5536106,-1.4621186257530177,3.508255792121813,0.0890228568588033
2022-09-05,882.445,7.238795124066234,2.1126282581376308,-3.536754,-1.5156416806628985,3.628269938800529,0.1016568405353149
2022-09-06,885.385,10.188186477089332,2.179687963618341,-3.5113592,-1.5694959019680232,3.749183865586364,0.1143529799845562
2022-09-07,880.0369999999999,4.850472931829179,2.2472972715877453,-3.4932966,-1.623648352292008,3.870945623879753,0.1271083346736173
2022-09-08,876.2410000000001,1.0653116980097206,2.3154357697889694,-3.487656,-1.6780652032079788,3.993500972996948,0.1399198480939895
2022-09-09,885.49,10.326066590545269,2.384081646912008,-3.5038462,-1.7327117584798977,4.116793405391905,0.1527843464018166
2022-09-10,879.414,4.262731257161031,2.453211696302277,-3.5111213,-1.78755247838192,4.240764174684197,0.1656985372085945
2022-09-11,881.063,5.924299093893016,2.522801321402817,-3.5139203,-1.842551005077572,4.365352326480389,0.1786590085261665
2022-09-12,883.926,8.800774299965964,2.592824542933743,-3.5168884,-1.8976701890394168,4.49049473197316,0.1916622278696722
2022-09-13,881.575,6.464151637554398,2.6632540078107696,-3.557267,-1.9528721164887368,4.616126124299506,0.2047045415219196
2022-09-14,883.1210000000001,8.025424603165577,2.734060999802597,-3.543002,-2.008118137833556,4.742179137636153,0.2177821739624462
2022-09-15,876.2149999999999,1.1355866933068397,2.8052154519248864,-3.5063124,-2.063368897082324,4.86858434900721,0.2308912274643426
2022-09-16,877.047,1.9846314044859612,2.876685960566693,-3.467758,-2.1185843622093268,4.995270322776019,0.2440276818616861
2022-09-17,880.1179999999999,5.073552233209735,2.948439801343282,-3.4383507,-2.173723856447008,5.12216365779029,0.2571873944902396
2022-09-18,879.1600000000001,4.134342675986195,3.0204429466670546,-3.4446406,-2.2287460904791327,5.249189037146188,0.2703661003038325
2022-09-19,883.693,8.686833229950787,3.0926600850266173,-3.6286643,-2.2836091955078275,5.376269280534444,0.2835594121686362
2022-09-20,872.587,-2.398815106272231,3.165054641961889,-3.8173807,-2.338270757166489,5.503325399128379,0.29676282133731
2022-09-21,883.0989999999999,8.13468494396766,3.237588802721202,-3.888577,-2.392687850249512,5.630276652970714,0.3099716981047662
2022-09-22,874.191,-0.7509589687522844,3.310223536584518,-3.855621,-2.4468170742289423,5.75704061081346,0.3231812926470715
2022-09-23,883.6850000000001,8.766246670775422,3.382918622834732,-3.7879472,-2.500614589527101,5.883533212361833,0.3363867360447702
2022-09-24,877.962,3.067295377758006,3.4556326783573468,-3.7164252,-2.554036154513432,6.009668832870778,0.3495830414916601
2022-09-25,875.336,0.4661806674033695,3.528323186846768,-3.653024,-2.607037163192877,6.135360350039645,0.3627651056898306
2022-09-26,882.7890000000001,7.94489605491885,3.600946529595495,-3.602215,-2.659572683552311,6.260519213147806,0.3759277104315198
2022-09-27,880.092,5.274409289086508,3.6734580178409897,-3.5523715,-2.71159749653067,6.385055514371659,0.3890655243680903
2022-09-28,878.485,3.694494162444501,3.745811926642556,-3.4961715,-2.763066135577719,6.508878062220275,0.4021731049662046
2022-09-29,882.07,7.307397188282065,3.8179615302594296,-3.462668,-2.813932926765587,6.631894457025016,0.4152449006509985
2022-09-30,882.06,7.326111840413323,3.889859138998866,-3.4327848,-2.86415202941652,6.754011168415387,0.4282752531358298
2022-10-01,881.79,7.085631592652472,3.9614561375017927,-3.415252,-2.913677477209649,6.875133614711443,0.4412583999379152
2022-10-02,879.403,4.728949918813356,4.032703024431363,-3.3867605,-2.9624632197288365,6.9951662441602,0.4541884770789146
2022-10-03,874.309,-0.3339397072898968,4.103549453528559,-3.3600917,-3.010463164413197,7.114012617941755,0.4670595219692867
2022-10-04,875.91,1.2989561881566871,4.173944275996806,-3.332459,-3.0576312188711783,7.231575494867984,0.4798654764749718
2022-10-05,878.229,3.650631078967401,4.243835584176478,-3.3003457,-3.1039213335186697,7.347756917695147,0.4926001901647229
2022-10-06,876.294,1.7490784389559737,4.313170756468052,-3.257317,-3.1492875445010395,7.462458300969091,0.5052574237361438
2022-10-07,877.675,3.164270079744228,4.38189650346161,-3.221734,-3.1936840168586,7.57558052032021,0.5178308526182579
2022-10-08,877.287,2.8112217357418823,4.449958915228561,-3.1980433,-3.2370650878945346,7.687024003123096,0.5303140707481786
2022-10-09,878.231,3.790926877465656,4.517303509730082,-3.1762176,-3.279385310704006,7.796688820434088,0.5427005945192038
2022-10-10,889.3919999999999,14.988378975432596,4.58387528229551,-3.1599736,-3.320599497822778,7.904474780118288,0.554983866897431
2022-10-11,886.279,11.912571500160116,4.649618756122313,-3.1295338,-3.360662764953411,8.010281521075724,0.5671572617037242
2022-10-12,881.6469999999999,7.318497922164813,4.71447803374819,-3.1101243,-3.3995305747268816,8.114008608475071,0.5792140880576573
2022-10-13,883.826,9.536151711964244,4.778396849444406,-3.0939627,-3.4371587804571697,8.215555629901576,0.5911475949797987
2022-10-14,886.8009999999999,12.550526340075024,4.84131862247836,-3.0573366,-3.473503669846301,8.314822292324662,0.6029509761484899
2022-10-15,889.97,15.75961527701446,4.90318651119227,-3.0349348,-3.508522008597147,8.411708519789418,0.6146173748070275
2022-10-16,883.479,9.309411993299571,4.963943467843563,-3.0365686,-3.542171083891167,8.506114551734731,0.6261398888169604
2022-10-17,886.2679999999999,12.139909959447133,5.023532294151806,-3.021423,-3.5744087476883504,8.597941041840157,0.6375115758529636
2022-10-18,887.2339999999999,13.148102645974696,5.081895697495773,-2.9867282,-3.6051934598065225,8.687089157302296,0.6487254587345653
2022-10-19,881.873,7.8299835233991955,5.138976347703405,-2.9501176,-3.6344843307372288,8.773460678440633,0.6597745308897754
2022-10-20,885.1909999999999,11.1915460622372,5.194716934376717,-2.9100082,-3.662241164155589,8.856958098532306,0.6706517619454746
2022-10-21,888.78,14.824783733006436,5.24906022469256,-2.8816354,-3.688424499081532,8.93748472377409,0.6813501034392125
2022-10-22,894.573,20.6626900062235,5.301949121619733,-2.9816267,-3.712995651650072,9.014944773269804,0.6918624946468765
2022-10-23,890.178,16.313258352405732,5.353326722492132,-3.0112164,-3.7359167564485074,9.08924347894064,0.7021818685205109
2022-10-24,884.242,10.423482242070024,5.403136377876913,-3.0434983,-3.757150807378617,9.16028718525553,0.7123011577303733
2022-10-25,882.284,8.512355145733423,5.451321750676342,-3.049995,-3.7766616980023455,9.227983448678687,0.7222133008051588
2022-10-26,885.3870000000001,11.662870533913196,5.497826875401215,-3.0581386,-3.794414261329672,9.292241136730889,0.7319112483641323
2022-10-27,881.509,7.833021877126028,5.542596217553573,-3.0609233,-3.810374309007892,9.352970526561466,0.7413879694347748
2022-10-28,883.401,9.773802645889294,5.585574733056076,-3.0505733,-3.824508669871906,9.41008340292798,0.750636457849375
2022-10-29,884.021,10.443206310720017,5.626707927664773,-3.0393739,-3.836785227815526,9.4634931554803,0.7596497387138611
2022-10-30,885.9789999999999,12.451226342135042,5.665941916302343,-3.0492234,-3.84717295894444,9.513114875246783,0.7684208749420313
2022-10-31,884.393,10.915856210651825,5.703223482248265,-3.0417771,-3.8556419679719567,9.55886545022022,0.7769429738482049
2022-11-01,889.381,15.955089386786902,5.738500136122528,-3.1700168,-3.862163523819251,9.60066365994178,0.7852091937911985
2022-11-02,886.4570000000001,13.082919341057911,5.771720174599468,-3.3337336,-3.8667100943824977,9.638430268981963,0.793212750862413
2022-11-03,881.454,8.132045739029387,5.802832738788333,-3.3929129,-3.869255380429943,9.672088119218277,0.800946925610712
2022-11-04,881.735,8.465747872340492,5.83178787221723,-3.452516,-3.869774348592619,9.70156222080985,0.8084050697966801
2022-11-05,883.419,10.20301916799959,5.858536578357607,-3.5696013,-3.8682432634132975,9.726779841770904,0.8155806131687512
2022-11-06,882.22,9.05785305301518,5.883030877626239,-3.6818676,-3.8646397184189,9.74767059604514,0.822467070253623
2022-11-07,872.462,-0.6457570456045589,5.905223863802443,-4.1074553,-3.858942666182533,9.764166529984976,0.829058047153296
2022-11-08,879.807,6.754476104101121,5.925069759798442,-4.813859,-3.851132447342116,9.776202207140557,0.8353472483410276
2022-11-09,884.6899999999999,11.692966303066626,5.942523972721161,-5.100247,-3.8411908185434815,9.783714791264645,0.8413284834484107
2022-11-10,880.719,7.7779928429312495,5.957543148164718,-5.098829,-3.829100979276772,9.786644127441493,0.8469956740357809
2022-11-11,877.9390000000001,5.054549150703049,5.970085223672818,-5.075182,-3.814847597575882,9.7849328212487,0.852342860338076
2022-11-12,879.4250000000001,6.597428306838886,5.9801094813116284,-5.050149,-3.798416834551736,9.778526315863363,0.8573642079782855
2022-11-13,879.787,7.016790708308849,5.987576599293921,-5.0347285,-3.779796367731218,9.76737296702514,0.8620540146405926
2022-11-14,877.4490000000001,4.73665692581059,5.992448702596327,-5.0105734,-3.758975413174552,9.75142411577088,0.8664067166953022
2022-11-15,878.572,5.918020352547529,5.994689412512417,-4.9718366,-3.7359447463451305,9.730634158857548,0.870416895767655
2022-11-16,876.0790000000001,3.4838743817231483,5.994263895085141,-4.9246917,-3.710696721706855,9.704960616791997,0.8740792852426527
2022-11-17,875.287,2.751212406540485,5.99113890836325,-4.8925776,-3.6832252910251246,9.674364199388377,0.877388776698013
2022-11-18,878.942,6.466027820203228,5.985282848427389,-4.8558564,-3.653526020348957,9.638808868776346,0.8803404262574344
2022-11-19,879.583,7.1673140159144975,5.976665794132563,-4.8209004,-3.6215961056527086,9.598261899785273,0.8829294608563691
2022-11-20,877.045,4.690064386877928,5.965259550514968,-4.791966,-3.587434387117236,9.552693937632204,0.8851512844125689
2022-11-21,877.695,5.40127232629685,5.951037690812429,-4.7561216,-3.551041362031542,9.502079052843971,0.887001483893714
2022-11-22,874.662,2.42908783911544,5.933975597048762,-4.728163,-3.512419196297153,9.446394793345917,0.8884758352745177
2022-11-23,875.823,3.6513493466538014,5.914050499134165,-4.696619,-3.4715717345188564,9.38562223365302,0.8895703093757749
2022-11-24,880.3910000000001,8.281050115377266,5.891241512434575,-4.6886983,-3.428504508666657,9.319746021101231,0.8902810775778983
2022-11-25,876.166,4.118175791237441,5.865529673764946,-4.6841226,-3.3832247452951587,9.248754419060104,0.8906045174016034
2022-11-26,877.887,5.901727054134139,5.836897975762471,-4.70303,-3.3357413713079325,9.172639347070405,0.8905372179485002
2022-11-27,879.3870000000001,7.464697169404419,5.805331399597627,-4.7045293,-3.286065018255711,9.091396417853336,0.8900759851944581
2022-11-28,882.488,10.629060056366963,5.770816945982389,-4.701191,-3.2342080251587864,9.005024971141175,0.8892178471287484
2022-11-29,883.983,12.187827800669478,5.733343664436633,-4.689483,-3.1801844398451005,8.913528104281735,0.8879600587320973
2022-11-30,887.298,15.566709291622916,5.692902680775417,-4.7190127,-3.1240100187972017,8.816912699572619,0.8863001067869211
2022-12-01,877.423,5.755974437328884,5.649487222781726,-5.1387014,-3.0657022255024264,8.715189448284153,0.8842357145131697
2022-12-02,870.6850000000001,-0.9173835418525362,5.603092644030824,-5.402834,-3.005280227302149,8.608372871332973,0.8817648460233612
2022-12-03,873.053,1.5156285744387938,5.553716445834366,-5.627272,-2.942764890737419,8.496481336571785,0.8788857105905652
2022-12-04,872.99,1.5182883797245568,5.501358297274152,-6.311933,-2.8781787753895767,8.379537072663728,0.8755967667232603
2022-12-05,880.2769999999999,8.87131244873461,5.446020053297407,-6.3858438,-2.811546126216062,8.25756617951347,0.871896726041171
2022-12-06,878.971,7.631409670779887,5.3877057708474085,-6.41271,-2.7428928643828514,8.13059863523026,0.8677845569463958
2022-12-07,876.262,4.9888499539618,5.326421723004998,-6.4229746,-2.6722465765965757,7.998668299601573,0.8632594880843302
2022-12-08,873.745,2.5386265186409203,5.262176411118993,-6.441856,-2.5996365029406587,7.8618129140596515,0.858321011589075
2022-12-09,877.702,6.563016958338551,5.194980574904931,-6.491425,-2.525093523221338,7.720074098126268,0.8529688861082754
2022-12-10,876.4960000000001,5.424737847784881,5.124847200494204,-7.0138254,-2.4486501418308166,7.573497342325021,0.8472031396025107
2022-12-11,874.3,3.296782449451777,5.051791526417267,-8.112314,-2.370340471136199,7.422131997553466,0.8410240719146166
2022-12-12,871.81,0.8748596526498389,4.975831047506911,-8.194127,-2.2902002134043413,7.266031260911252,0.8344322571045328
2022-12-13,880.162,9.29523936548119,4.896985516709703,-8.211139,-2.2082666412740872,7.10525215798379,0.8274285455455218
2022-12-14,878.7439999999999,7.945914808305499,4.815276944795671,-8.215321,-2.124578576788798,6.9398555215844695,0.8200140657778362
2022-12-15,876.623,5.893551592715559,4.730729597958667,-8.206709,-2.039176369003484,6.769905966962151,0.8121902261161783
2022-12-16,871.011,0.3498383857377067,4.6433699933017225,-8.164105,-1.9521018701821744,6.595471863483897,0.8039587160075355
2022-12-17,877.793,7.200374682502025,4.553226892204194,-8.120289,-1.8633984106026051,6.416625302806799,0.7953215071362518
2022-12-18,882.702,12.177968597772574,4.460331291569323,-8.07544,-1.7731107719865864,6.23344206355591,0.7862808542734415
2022-12-19,876.092,5.636793149666496,4.364716412953287,-8.027799,-1.6812851595757714,6.046001572529058,0.776839295868147
2022-12-20,875.798,5.411841390341973,4.266417689578817,-8.006231,-1.5879691728738952,5.854386862452712,0.7669996543778853
2022-12-21,877.222,6.905079353386585,4.165472751238726,-7.991501,-1.4932117750778116,5.658684526316537,0.7567650363365391
2022-12-22,877.494,7.246526375329038,4.061921407096778,-7.9576306,-1.3970632612209608,5.458984668317739,0.7461388321577979
2022-12-23,875.399,5.2208897339590585,3.955805626395673,-7.9566255,-1.2995752250541697,5.255380851449842,0.7351247156726655
2022-12-24,878.035,7.926387162665622,3.847169517083743,-7.958228,-1.200800524689888,5.047970041773631,0.7237266433998162
2022-12-25,873.668,3.628889806304092,3.736059302374607,-7.9378314,-1.1007932470372386,4.836852549411846,0.7119488535478892
2022-12-26,875.278,5.308574489125431,3.622523295255645,-7.9339337,-0.9996086710563826,4.622131966312027,0.6997958647490902
2022-12-27,878.6709999999999,8.771434177594275,3.506611870963649,-8.906761,-0.8973032298619373,4.403915100825587,0.6872724745237666
2022-12-28,877.567,7.737461838175591,3.388377437448008,-9.046053,-0.7939344717062471,4.182311909154254,0.6743837574759183
2022-12-29,876.904,7.14442396050381,3.26787440384384,-9.168965,-0.6895610198744928,3.9574354237183327,0.6611350632199109
2022-12-30,878.923,9.233462981786571,3.145159146979522,-9.7647915,-0.5842425315246356,3.7294016785041575,0.6475320140389289
2022-12-31,876.7040000000001,7.08460533095967,3.020289975945376,-11.153652,-0.4780396555063324,3.498329631451708,0.6335805022760438
2023-01-01,874.069,4.519878398167435,2.893327094751849,-11.773437,-0.3710139891938259,3.2643410839456752,0.6192866874590242
2023-01-02,876.129,6.650310531093177,2.7643325631080278,-11.760548,-0.2632280343690087,3.027560597477036,0.6046569931603598
2023-01-03,872.33,2.9218247487187807,2.6333702553528653,-11.901122,-0.1547451521916283,2.7881154075444936,0.5896981035942225
2023-01-04,872.1179999999999,2.780363426727068,2.500505817573727,-11.925384,-0.0456295172945954,2.5461353348683224,0.5744169599524162
2023-01-05,875.876,6.609006845233468,2.3658066229486363,-12.755032,0.0640539289567267,2.3017526939919097,0.5588207564816496
2023-01-06,870.6700000000001,1.473577650448067,2.2293417253504733,-12.809232,0.1742395260015988,2.0551021993488745,0.5429169363047565
2023-01-07,869.63,0.5042435552334577,2.0911818112532994,-12.763536,0.2848609423768287,1.8063208688764707,0.526713186988781
2023-01-08,874.797,5.741997437936735,1.9513991499826304,-13.079479,0.395851224724285,1.5555479252583453,0.5102174358631393
2023-01-09,872.332,3.3464238979485104,1.8100675423533503,-14.170475,0.5071428474710019,1.3029246948823483,0.4934378450913451
2023-01-10,860.85,-8.066114175878583,1.667262267740719,-14.992914,0.618667763139153,1.048594504601566,0.4763828065000766
2023-01-11,864.1189999999999,-4.72745664200805,1.5230600296312995,-15.131342,0.7303574532425928,0.7927025763887069,0.4590609361696419
2023-01-12,864.665,-4.111782928669262,1.3775388997026572,-15.12619,0.8421429797259495,0.5353959199767077,0.4414810687901684
2023-01-13,862.769,-5.938267812311407,1.23077826048193,-15.168024,0.953955036901794,0.2768232235801359,0.4236522517881219
2023-01-14,859.639,-8.998579027880002,1.0828587466349997,-15.79012,1.0657240038407916,0.0171347427942081,0.4055837392280256
2023-01-15,864.205,-4.362810989142771,0.9338621849395258,-16.152868,1.1773799971692946,-0.2435178122297688,0.3872849854945048
2023-01-16,866.9480000000001,-1.550058363738775,0.7838715329963615,-16.728905,1.2888529242284288,-0.5049813912320673,0.3687656387600571
2023-01-17,866.666,-1.7623284434406536,0.6329708167354142,-16.67632,1.4000725365482103,-0.7671017198127961,0.3500355342441824
2023-01-18,863.85,-4.508628520020492,0.4812450667731217,-16.594246,1.51096848359006,-1.0297234168169385,0.3311046872697594
2023-01-19,864.6859999999999,-3.602965885251008,0.328780253680089,-16.649048,1.6214703667105728,-1.2926901130304838,0.3119832861228158
2023-01-20,861.034,-7.185432845365681,0.1756632222186323,-16.527733,1.7315077932992946,-1.5558445710806623,0.2926816847220271
2023-01-21,859.228,-8.921864314748461,0.0219816246108769,-16.419386,1.8410104310429325,-1.8190288064320557,0.2732103951045672
2023-01-22,862.176,-5.904069190670622,-0.1321761471004608,-16.317284,1.9499080622683216,-2.082084209368783,0.2535800797351003
2023-01-23,877.7570000000001,9.747099724048226,-0.286721029536054,-16.21232,2.058130638316312,-2.3448516678523657,0.2338015436449621
2023-01-24,856.445,-11.494868587937376,-0.4415633572445939,-16.124247,2.165608333898616,-2.607171691143209,0.2138857264087493
2023-01-25,859.8820000000001,-7.98791758377885,-0.5966129326836664,-16.034521,2.272271601389739,-2.868884534073405,0.1938436939657608
2023-01-26,861.7099999999999,-6.090076710543297,-0.7517790968511862,-15.930258,2.378051225005968,-3.129830321857154,0.1736866302939171
2023-01-27,857.543,-10.187353151405356,-0.9069708005013698,-15.842368,2.4828783748235823,-3.389849175324952,0.1534258289439643
2023-01-28,863.0980000000001,-4.562754089539837,-1.062096675878202,-15.752526,2.5866846605884684,-3.64878133646667,0.1330726844419525
2023-01-29,859.168,-8.42330837031402,-1.2170651088990705,-15.757957,2.689402185269525,-3.9064672941685954,0.1126386835681341
2023-01-30,867.625,0.1029990836927507,-1.371784311720458,-15.686787,2.7909635983083385,-4.162747910028797,0.0921353965206018
2023-01-31,863.505,-3.947838913991133,-1.5261623956173254,-15.600922,2.8913021485180206,-4.4174645441353455,0.0715744679721163
2023-02-01,860.317,-7.0668295498376565,-1.6801074441072317,-15.517695,2.990351736584175,-4.670459180691406,0.0509676080287293
2023-02-02,858.3199999999999,-8.9949583481262,-1.833527586250128,-15.434339,3.088046967121461,-4.92157455337159,0.0303265830989322
2023-02-03,864.016,-3.229939553018045,-1.9863310700543304,-15.371695,3.184323200239473,-5.170654270293804,0.009663206682177
2023-02-04,862.544,-4.633373855921905,-2.1384263359191027,-15.294089,3.279116602572159,-5.417542938491262,-0.0110106699142581
2023-02-05,857.241,-9.867716944708114,-2.2897220900441733,-15.739318,3.3723641977254157,-5.662086287769588,-0.0316831669210019
2023-02-06,859.801,-7.239255476357504,-2.440127377736451,-15.698746,3.46400391609799,-5.904131293834441,-0.05234238550576
2023-02-07,857.303,-9.66886628954907,-2.58955165654416,-15.636618,3.553974644031416,-6.1435263005755765,-0.0729764172166789
2023-02-08,854.885,-12.018657713045968,-2.7379048691490184,-15.5707,3.642216272245251,-6.38012114139427,-0.0935733534605999
2023-02-09,858.653,-8.182670468456166,-2.885097515946789,-15.504409,3.728669743514563,-6.613767259461351,-0.114121295006823
2023-02-10,856.365,-10.402911666349732,-3.0310407272472992,-15.420855,3.8132770995472014,-6.8443178267945015,-0.1346083615069555
2023-02-11,858.726,-7.974387185835751,-3.175646335024981,-15.431209,3.895981527019256,-7.071627862044237,-0.1550227010213919
2023-02-12,865.184,-1.4491054029638293,-3.318826944151489,-15.362629,3.9767274027276303,-7.29555434687912,-0.1753524995429076
2023-02-13,863.495,-3.071074659578111,-3.460496003042552,-15.3035,4.05546033781974,-7.515956340862292,-0.1955859905078714
2023-02-14,870.226,3.72666649674642,-3.600567873651502,-15.320044,4.132127221060871,-7.732695094712373,-0.2157114642855384
2023-02-15,868.236,1.803014264800415,-3.738957900742768,-15.27159,4.206676261100844,-7.9456341618436115,-0.2357172776359037
2023-02-16,860.6089999999999,-5.758176542207634,-3.875582480379119,-15.205692,4.279057027702427,-8.154639508081546,-0.2555918631266051
2023-02-17,863.4159999999999,-2.885633579447588,-4.010359127557276,-15.121445,4.349220491894855,-8.35957961945213,-0.2753237384993831
2023-02-18,859.8209999999999,-6.415364023691856,-4.143206542927355,-15.028839,4.417119065016887,-8.560325607944241,-0.2949015159766441
2023-02-19,856.746,-9.425375051712583,-4.274044678532316,-14.951533,4.48270663661474,-8.756751315147056,-0.3143139114987092
2023-02-20,859.699,-6.407673840281905,-4.402794802504741,-14.880633,4.545938611161364,-8.948733413666105,-0.3335497538823971
2023-02-21,861.679,-4.363267566171967,-4.529379562659139,-14.88274,4.606771943564536,-9.136151506223676,-0.3525979938916395
2023-02-22,864.242,-1.736163406155126,-4.653723048919061,-15.041106,4.665165173432387,-9.318888222351449,-0.3714477132109193
2023-02-23,860.681,-5.233390199195478,-4.775750854519475,-15.189863,4.72107845806612,-9.496829312585596,-0.3900881333123891
2023-02-24,860.777,-5.0739328614702135,-4.895390135926059,-15.710287,4.77447360415082,-9.669863740076876,-0.4085086242076388
2023-02-25,850.885,-14.902798573048242,-5.012569671414233,-16.305817,4.825314098116458,-9.837883769530691,-0.4266987130751861
2023-02-26,856.6850000000001,-9.03999451399866,-5.127219918252159,-16.442722,4.873565135142391,-10.00078505339455,-0.4446480927548614
2023-02-27,864.601,-1.0615062021987167,-5.239273068433255,-16.913464,4.919193646779949,-10.158466715213205,-0.4623466301004176
2023-02-28,860.373,-5.227363078312476,-5.348663102905248,-17.334381,4.962168327168934,-10.31083143007418,-0.4797843741817955
2023-03-01,865.281,-0.2575723191125934,-5.4553258442441726,-17.788744,5.002459657825108,-10.457785502069282,-0.4969515643286558
2023-03-02,862.727,-2.7501627635630106,-5.559199007723341,-17.758963,5.040039930977175,-10.599238938700516,-0.5138386380069089
2023-03-03,862.743,-2.6731193278407144,-5.660222250728901,-17.723288,5.074883271432947,-10.735105522161849,-0.5304362385201782
2023-03-04,856.801,-8.554427529822838,-5.758337220475097,-17.813478,5.106965656955844,-10.865302877430942,-0.5467352225282651
2023-03-05,857.164,-8.130844842873977,-5.853487599974243,-18.150911,5.136264937134192,-10.989752537108435,-0.562726667374907
2023-03-06,846.19,-19.04465792397486,-5.945619152217939,-18.190235,5.162760850727201,-11.10838000294514,-0.5784018782172704
2023-03-07,857.3349999999999,-7.839873908504317,-6.034679762528002,-18.16914,5.186435041472848,-11.22111480400085,-0.5937523949498723
2023-03-08,846.863,-18.25249993184073,-6.120619479037212,-18.19258,5.207271072344381,-11.327890551381593,-0.6087699989157741
2023-03-09,847.669,-17.387543129363422,-6.203390551261995,-18.231285,5.225254438243489,-11.428644989505484,-0.623446719398161
2023-03-10,857.366,-7.632010636450611,-6.282947466731012,-19.592836,5.240372577119718,-11.523320043850733,-0.6377748398856147
2023-03-11,846.1379999999999,-18.801909588481408,-6.359246985635474,-20.056614,5.252614879507061,-11.611861865142536,-0.651746904104631
2023-03-12,848.9630000000001,-15.91924712083402,-6.432248173469025,-20.29237,5.261972696470184,-11.694220869939208,-0.6653557218131663
2023-03-13,856.9,-7.925030368887786,-6.501912431627066,-20.386114,5.268439345954126,-11.77035177758119,-0.6785943743492672
2023-03-14,854.097,-10.671266468021184,-6.568203525937363,-20.980644,5.272010117532863,-11.840213643470223,-0.6914562199290547
2023-03-15,858.8059999999999,-5.905962553612883,-6.631087613095784,-21.34069,5.2726822755535085,-11.903769888649292,-0.7039348986886305
2023-03-16,854.283,-10.373125761041646,-6.690533264983265,-21.23778,5.2704550606744105,-11.960988325657675,-0.7160243374647264
2023-03-17,850.9219999999999,-13.678763225686312,-6.7465114908420345,-21.096918,5.265329689796971,-12.011841180639006,-0.7277187543091806
2023-03-18,850.3439999999999,-14.201882082925408,-6.798995757291267,-20.93181,5.257309354392265,-12.056305111683532,-0.7390126627326331
2023-03-19,854.967,-9.52448946813789,-6.84796200616464,-21.074684,5.246399217225278,-12.094361223389916,-0.7499008756730792
2023-03-20,843.7940000000001,-20.643592516702217,-6.893388670154217,-21.151253,5.232606407480761,-12.12599507763498,-0.7603785091852437
2023-03-21,856.2760000000001,-8.108198363997447,-6.935256686247372,-21.34241,5.215940014296418,-12.151196700543789,-0.7704409858470197
2023-03-22,851.345,-12.986314145402297,-6.973549506945709,-21.456907,5.196411078710363,-12.16996058565607,-0.7800840378795019
2023-03-23,850.4620000000001,-13.81694699629514,-7.008253109256939,-21.429245,5.174032584031378,-12.182285693288318,-0.7893037099774772
2023-03-24,847.0020000000001,-17.225104052055173,-7.039356001453126,-21.347061,5.148819444641898,-12.188175446095023,-0.7980963618475115
2023-03-25,849.4540000000001,-14.721792448060752,-7.066849227590699,-21.212357,5.1207884932450005,-12.1876377208357,-0.8064586704511086
2023-03-26,848.221,-15.904019319690818,-7.09072636979003,-21.061169,5.089958466568193,-12.180684836358225,-0.8143876319507027
2023-03-27,848.194,-15.880791802324142,-7.110983548274472,-20.89652,5.056349989538115,-12.167333537812588,-0.8218805633565972
2023-03-28,846.044,-17.98111703133918,-7.127619419170975,-21.01233,5.019985557941661,-12.147604977112636,-0.828935103873242
2023-03-29,851.283,-12.693002142114954,-7.140635170076734,-21.370144,4.980889519590402,-12.121524689667137,-0.8355492159435975
2023-03-30,857.228,-6.699454270030074,-7.150034513398287,-21.344734,4.9390880540065725,-12.08912256740486,-0.841721185990632
2023-03-31,852.405,-11.474480550463204,-7.15582367747202,-21.227564,4.894609150650092,-12.050432828122112,-0.8474496248553287
2023-04-01,852.9219999999999,-10.910088118793364,-7.158011395476851,-21.117157,4.8474825857076,-12.00549398118445,-0.8527334679309129
2023-04-02,847.908,-15.877284110398804,-7.156608892152274,-21.007671,4.797739897465494,-11.954348789617768,-0.8575719749933204
2023-04-03,854.5930000000001,-9.146075660658704,-7.151629868337148,-21.002127,4.745414360290533,-11.89704422862768,-0.8619647297282617
2023-04-04,856.14,-7.553469904951665,-7.143090483346474,-20.901201,4.69054095724255,-11.833631440589023,-0.8659116389555607
2023-04-05,852.0459999999999,-11.602473978656356,-7.131009335205884,-20.787634,4.633156351345167,-11.76416568655105,-0.8694129315517668
2023-04-06,849.664,-13.940095017151556,-7.11540743876533,-20.671457,4.573298855541549,-11.68870629430688,-0.8724691570723698
2023-04-07,850.039,-13.521340155815928,-7.096308201715877,-20.65043,4.511008401363429,-11.607316603079306,-0.8750811840752586
2023-04-08,854.221,-9.296216530028364,-7.073737398535218,-20.53798,4.446326506342713,-11.52006390487793,-0.8772501981473987
2023-04-09,848.471,-15.0037312751674,-7.047723142389766,-20.427828,4.379296240196118,-11.427019382585884,-0.8789776996370124
2023-04-10,852.6700000000001,-10.762891526611805,-7.018295855023175,-20.312222,4.309962189814344,-11.32825804483752,-0.880265501093853
2023-04-11,853.567,-9.82470441974062,-6.985488234662976,-20.216839,4.238370423088362,-11.22385865775134,-0.8811157244205065
2023-04-12,852.475,-10.876177089932142,-6.949335221979006,-20.083008,4.164568451606335,-11.11390367358534,-0.8815307977379296
2023-04-13,849.235,-14.076316672565437,-6.909873964129246,-19.949066,4.0886051922557405,-10.998479156384986,-0.88151345196876
2023-04-14,848.755,-14.517130303018996,-6.867143776930471,-19.798597,4.010530927766127,-10.8776747046966,-0.8810667171422405
2023-04-15,855.506,-7.7276251166716605,-6.821186105192904,-19.655191,3.930397266228937,-10.75158337142184,-0.8801939184248712
2023-04-16,850.792,-12.403808248902196,-6.7720444812599885,-19.513542,3.848257099631572,-10.62030158089156,-0.8788986718812383
2023-04-17,856.7320000000001,-6.426686835089187,-6.71976448179584,-19.371023,3.764164561443823,-10.483929043239662,-0.8771848799697106
2023-04-18,848.179,-14.943268010611645,-6.664393682865016,-19.30662,3.678174983295527,-10.342568666160542,-0.8750567267780274
2023-04-19,853.831,-9.255558910848102,-6.605981613350401,-19.180363,3.5903448507850366,-10.196326464135437,-0.872518673004026
2023-04-20,854.067,-8.984566671177268,-6.544579706757027,-19.046871,3.500731758458877,-10.045311465215905,-0.8695754506870884
2023-04-21,849.0490000000001,-13.968298426977956,-6.480241251450957,-18.91545,3.409394364003603,-9.88963561545456,-0.8662320576960969
2023-04-22,852.6709999999999,-10.31276131362901,-6.41302133938376,-18.758852,3.3163923416914702,-9.72941368107523,-0.8624937519799885
2023-04-23,853.168,-9.782962466508806,-6.342976813354835,-18.625217,3.2217863351221845,-9.56476314847702,-0.8583660455872308
2023-04-24,849.5899999999999,-13.32890902099658,-6.270166212864927,-18.481195,3.125637909303554,-9.395804122168482,-0.8538546984607934
2023-04-25,850.93,-11.95760811247056,-6.194649718615598,-18.318369,3.028009502114271,-9.22265922072987,-0.8489657120154269
2023-04-26,855.727,-7.130066876309832,-6.1164890957107945,-18.180351,2.928964375192715,-9.04545347090351,-0.8437053225042944
2023-04-27,850.4509999999999,-12.376292447892988,-6.035747635617559,-18.037766,2.8285665642958344,-8.864314199913395,-0.8380799941822218
2023-04-28,859.2539999999999,-3.5442919625987184,-5.952490096944474,-17.87215,2.726880829172837,-8.679370926117311,-0.8320964122730404
2023-04-29,855.885,-6.883664276850271,-5.866782645097142,-17.688759,2.623972602998508,-8.490755248095649,-0.8257614757487206
2023-04-30,851.547,-11.192786536531989,-5.778692790871225,-17.521767,2.51990794141141,-8.298600732282635,-0.8190822899281714
2023-05-01,855.171,-7.540665668475379,-5.688289328044522,-17.392445,2.414753471202468,-8.10304279924699,-0.8120661589037876
2023-05-02,854.275,-8.409308599511625,-5.595642270030315,-17.410482,2.308576338699553,-7.9042186087298685,-0.8047205778039932
2023-05-03,854.149,-8.50872225647197,-5.500822785655206,-17.300255,2.2014441578939685,-7.702266943549175,-0.7970532249002054
2023-05-04,851.955,-10.676913566187933,-5.403903134125351,-17.256945,2.0934249583547766,-7.497328092480128,-0.7890719535668068
2023-05-05,853.699,-8.907889455490746,-5.304956599245635,-17.194172,1.98458713297698,-7.289543732222615,-0.780784784102861
2023-05-06,845.029,-17.553656851211713,-5.20405742295715,-17.24686,1.8749993856096945,-7.079056808566844,-0.7721998954244517
2023-05-07,849.908,-12.651222680182071,-5.101280738258578,-17.106462,1.7647306786102868,-6.866011416868865,-0.763325616636648
2023-05-08,850.9689999999999,-11.567593869233342,-4.996702501578017,-16.982862,1.65385018037056,-6.650552681948577,-0.7541704184942402
2023-05-09,853.564,-8.95077455889626,-4.890399424661673,-16.815884,1.5424272128608008,-6.432826637522474,-0.7447429047604706
2023-05-10,854.861,-7.632774386587834,-4.782448906046755,-16.644876,1.430531199237517,-6.212980105284272,-0.7350518034731164
2023-05-11,845.307,-17.166600278727,-4.672928962185764,-16.507113,1.3182316115603965,-5.991160573746161,-0.7251059581273495
2023-05-12,853.192,-9.262128865032595,-4.561918158289703,-16.367792,1.2055979186637884,-5.767516076953491,-0.7149143187848875
2023-05-13,850.2819999999999,-12.153500967979507,-4.449495538958198,-16.237263,1.0926995342278698,-5.542195073186067,-0.7044859331190181
2023-05-14,850.712,-11.70572349415517,-4.335740558663916,-16.105423,0.9796057650940956,-5.3153463237580105,-0.6938299374051271
2023-05-15,848.835,-13.565803350147064,-4.220733012159426,-15.937217,0.8663857598694413,-5.087118772028868,-0.682955547466431
2023-05-16,852.1229999999999,-10.26174744254298,-4.104552964874101,-15.749122,0.7531084578633607,-4.857661422737461,-0.6718720495846147
2023-05-17,844.834,-17.535562677930308,-3.987280683368634,-15.5571785,0.6398425384009899,-4.627123221769624,-0.6605887913851415
2023-05-18,854.037,-8.318255962896412,-3.8689965659146974,-15.381621,0.5266563705556996,-4.395652936470397,-0.649115172706981
2023-05-19,858.311,-4.030834204029223,-3.749781073266768,-15.209356,0.4136179633434823,-4.16339903661025,-0.6374606364665191
2023-05-20,850.881,-11.448304307916032,-3.6297146596929992,-15.033736,0.3007949164211781,-3.9305095761141775,-0.6256346595254216
2023-05-21,853.5129999999999,-8.804673181144425,-3.50887770433152,-14.862468,0.1882543713298868,-3.697132075661407,-0.61364674357216
2023-05-22,854.6270000000001,-7.679947730301871,-3.387350442938141,-14.685218,0.0760629633243277,-3.4634134062624686,-0.6015064060269304
2023-05-23,844.576,-17.721134861976076,-3.26521290009072,-14.512171,-0.0357132261718327,-3.2294996739188875,-0.5892231709796198
2023-05-24,853.136,-9.152241482754636,-3.1425448219151955,-14.343238,-0.147008716445328,-2.9955361054698675,-0.5768065601704278
2023-05-25,851.623,-10.657274499224714,-3.0194256093971448,-14.17636,-0.2577586736687356,-2.761666935728409,-0.564266084022707
2023-05-26,860.852,-1.4212408179742635,-2.8959342523425637,-14.033973,-0.3678989563341714,-2.528035296008392,-0.5516112327374892
2023-05-27,854.986,-7.281147345590699,-2.772149264050148,-13.857182,-0.4773661599083241,-2.294783104141824,-0.5388514674590935
2023-05-28,857.2370000000001,-5.024979344304114,-2.6481486167570085,-13.678679,-0.5860976606726089,-2.0620509560844,-0.5259962115211091
2023-05-29,861.688,-0.5697659629701937,-2.5240096779185923,-13.5052185,-0.6940316587132601,-1.829978019205332,-0.5130548417819558
2023-05-30,853.724,-8.530478674386178,-2.3998091473825505,-13.330396,-0.8011072200269863,-1.598701927355564,-0.5000366800590886
2023-05-31,855.975,-6.277087997730215,-2.2756229955154352,-13.163044,-0.9072643177088168,-1.3683586778066184,-0.486950984670805
2023-06-01,858.4979999999999,-3.7522543160093615,-2.151526402339862,-12.9937935,-1.0124438721897373,-1.1390825301501246,-0.473806942094461
2023-06-02,854.409,-7.840388669148978,-2.0275936977386717,-12.818484,-1.1165877904926738,-0.9110059072459976,-0.4606136587497764
2023-06-03,855.0759999999999,-7.173486824868146,-1.903898302781388,-12.650194,-1.219639004476501,-0.684259298304887,-0.447380152915738
2023-06-04,863.052,0.8015032378142442,-1.7805126722270228,-12.492838,-1.3215415080387114,-0.4589711641883114,-0.4341153467894418
2023-06-05,863.3340000000001,1.0819944461550897,-1.6575082382560142,-12.322514,-1.4222403932485246,-0.2352678450074896,-0.4208280586950645
2023-06-06,863.923,1.6688510179895495,-1.5349553554825126,-12.1994095,-1.5216818853833212,-0.0132734700991914,-0.4075269954509411
2023-06-07,853.381,-8.87628126959477,-1.4129232472970783,-12.069202,-1.6198133768424017,0.2068901295453229,-0.394220744902557
2023-06-08,859.045,-3.216386684937657,-1.2914799535881876,-11.930881,-1.7165834599131995,0.4251035063250121,-0.380917768629037
2023-06-09,856.544,-5.72215567519341,-1.17069227988947,-11.804823,-1.8119419583663008,0.6412496784768305,-0.3676263948305403
2023-06-10,863.1600000000001,0.8883913134768369,-1.0506257479981074,-11.704007,-1.9058399578567644,0.855214209858657,-0.3543548114037102
2023-06-11,856.172,-6.106049092279852,-0.931344548108133,-11.658871,-1.9982298351104928,1.0668852870023602,-0.3411110592121333
2023-06-12,858.4889999999999,-3.796483489230922,-0.812911492500744,-11.631181,-2.0890652858755785,1.2761537933748346,-0.3279030255585164
2023-06-13,860.687,-1.606298307495357,-0.6953879708320755,-11.528201,-2.1783013516198246,1.4829133807877493,-0.3147384378650457
2023-06-14,852.812,-9.490137024574778,-0.5788339070571871,-11.415016,-2.2658944449568783,1.6870605378996912,-0.3016248575681577
2023-06-15,861.6129999999999,-0.6986539673394923,-0.4633077180270983,-11.261154,-2.351802373784724,1.888494655757625,-0.2885696742336754
2023-06-16,863.161,0.8388448154393178,-0.3488662737941789,-11.121606,-2.4359843641214614,2.0871180903272823,-0.2755800998980263
2023-06-17,859.817,-2.516403059615625,-0.2355648596590112,-10.974933,-2.518401081624732,2.282836221965721,-0.2626631636409705
2023-06-18,865.058,2.7124846088650267,-0.1234571399904448,-10.86002,-2.599014651782281,2.4755575117918363,-0.2498257063950031
2023-06-19,860.951,-1.4076700199264005,-0.0125951238481246,-10.7697115,-2.677788678762649,2.665193554914524,-0.2370743759963171
2023-06-20,860.2760000000001,-2.096807455350429,0.0969708675645744,-10.658967,-2.754688262916068,2.8516591304806425,-0.2244156224819227
2023-06-21,859.51,-2.877370186108193,0.2051922315917093,-10.543186,-2.829680016917196,3.034872248508905,-0.2118556936372289
2023-06-22,857.8,-4.602867583541913,0.3120221129361529,-10.428922,-2.902732080542421,3.2147541934785737,-0.1994006307981112
2023-06-23,854.4920000000001,-7.926867631081452,0.4174154305693958,-10.332939,-2.973814134075968,3.391229564645364,-0.1870562649111716
2023-06-24,859.289,-3.1466870314773594,0.5213289027201224,-10.25073,-3.0428974103402444,3.564226313060366,-0.1748282128556114
2023-06-25,858.7040000000001,-3.749343078429777,0.6237210699236928,-10.143562,-3.109954705347249,3.733675775270942,-0.1627218740298212
2023-06-26,853.113,-9.357715002359637,0.7245523161167965,-10.044798,-3.1749603875691528,3.899512703685949,-0.150742427205489
2023-06-27,859.388,-3.100863205821824,0.8237848877636886,-9.945914,-3.237890405827516,4.061675293591204,-0.138894827651711
2023-06-28,856.891,-5.6165406023548,0.9213829110022684,-9.860905,-3.298722295801874,4.220105206804142,-0.1271838045312761
2023-06-29,862.939,0.411748609973201,1.0173124068004633,-9.750944,-3.35743518515978,4.374747591960243,-0.1156138585709869
2023-06-30,861.189,-1.3574070371092557,1.111541304115426,-9.647045,-3.4140097973116355,4.5255511014270615,-0.1041892600075451
2023-07-01,862.294,-0.2719319847574404,1.2040394510500665,-9.556387,-3.4684284537950227,4.672467904845089,-0.0929140468102196
2023-07-02,856.2800000000001,-6.305872910742997,1.2947786240035453,-9.458035,-3.520675075294416,4.8154536992979615,-0.0817920231812041
2023-07-03,861.2570000000001,-1.349728771770546,1.3837325348144467,-9.357981,-3.5707351813035206,4.954467716117968,-0.0708267583342278
2023-07-04,862.106,-0.5216417432008598,1.4708768358973383,-9.263822,-3.618595888438728,5.089472724336066,-0.0600215855516754
2023-07-05,860.46,-2.1880502621334728,1.5561891233755725,-9.181658,-3.6642459074133455,5.220435030788919,-0.0493796015201555
2023-07-06,857.572,-5.096672745782173,1.639648938215155,-9.106807,-3.707675538683632,5.347324476898787,-0.0389036659441197
2023-07-07,862.638,-0.0500377598924268,1.7212377653666555,-9.029191,-3.748876666778738,5.470114432145394,-0.0285964014368298
2023-07-08,859.895,-2.812282819516094,1.80093903092397,-8.951307,-3.7878427533279617,5.588781784251932,-0.0184601936876408
2023-07-09,866.891,4.164903239714579,1.878738097311035,-8.891754,-3.824568828799845,5.70330692611088,-0.0084971919042606
2023-07-10,866.745,3.999280756714091,1.9546222565093232,-8.81906,-3.859051482968839,5.813673739478162,0.0012906904716799
2023-07-11,857.228,-5.537231689990872,2.028580721341101,-8.753538,-3.8912888541263695,5.91986957546747,0.010901774777717
2023-07-12,863.654,0.8692575079199507,2.100604614825364,-8.677514,-3.92128061705429,6.021885231879654,0.0203346158745814
2023-07-13,860.418,-2.3846360143114422,2.1706869576252523,-8.607885,-3.949027969779795,6.119714927405047,0.0295880006237669
2023-07-14,856.062,-6.753487331249733,2.238822653607672,-8.533342,-3.974533619131916,6.213356272739588,0.0386609461015163
2023-07-15,857.4920000000001,-5.3342350378164864,2.3050084735378635,-8.463181,-3.997801765120816,6.30281023865868,0.047552697552434
2023-07-16,857.525,-5.309737626575703,2.369243036933282,-8.407189,-4.018838084162108,6.38808112109539,0.0562627260862035
2023-07-17,864.827,1.983586942029877,2.431526792103233,-8.363937,-4.037649711169351,6.4691765032725845,0.0647907261211938
2023-07-18,863.461,0.6090327196833378,2.491861994402377,-8.32758,-4.054245220539015,6.546107214941392,0.0731366125790246
2023-07-19,860.903,-1.957749284318293,2.550252682727949,-8.287301,-4.068634606052927,6.618887288780876,0.0813005178344293
2023-07-20,856.916,-5.948208167775088,2.6067046542924133,-8.22998,-4.080829259724323,6.687533914016736,0.0892827884250477
2023-07-21,864.333,1.4654166956328307,2.661225437704851,-8.179969,-4.090841949614377,6.752067387319228,0.0970839815260372
2023-07-22,868.355,5.484129872110131,2.713824264396066,-8.111368,-4.098686796647025,6.812511061043091,0.1047048611946587
2023-07-23,862.8090000000001,-0.0655615811652268,2.764512038423992,-8.055833,-4.104379250450605,6.868891288874597,0.1121463943902568
2023-07-24,864.435,1.557444420276247,2.813301304697706,-8.011338,-4.107936064255816,6.921237368953522,0.1194097467752885
2023-07-25,860.626,-2.254301817894577,2.8602062156595967,-7.9751477,-4.109375268879975,6.969581484539572,0.1264962783033237
2023-07-26,863.7040000000001,0.8207959473942559,2.9052424964670016,-7.9375534,-4.108716145828573,7.013958642295574,0.1334075386001444
2023-07-27,868.9780000000001,6.092067246481515,2.9484274087159923,-7.8856335,-4.105979199545598,7.054406608261591,0.1401452621443322
2023-07-28,863.429,0.5401041949939538,2.989779712751204,-7.819928,-4.101186128844827,7.090965841596031,0.1467113632539301
2023-07-29,868.049,5.1576690189116245,3.029319628607265,-7.7580705,-4.094359797554929,7.123679426162194,0.1531079308859833
2023-07-30,869.9780000000001,7.084019365842678,3.0670687956284084,-7.70803,-4.0855242044117634,7.152593000040172,0.159337223255977
2023-07-31,862.734,-0.1629680529900934,3.103050230814211,-7.6708617,-4.074704452231782,7.177754683045993,0.1654016622843779
2023-08-01,868.8000000000001,5.900256325194469,3.137288285940597,-7.6390553,-4.061926716401035,7.199215002341632,0.1713038278776643
2023-08-02,866.7,3.797280175877217,3.1698086035063184,-7.6156406,-4.047218212714659,7.217026816220978,0.177046452051434
2023-08-03,855.7040000000001,-7.202374444167429,3.200638071556354,-7.6012225,-4.03060716460221,7.231245236158564,0.1826324129033157
2023-08-04,867.184,4.274090160928168,3.2298047774344174,-7.589184,-4.012122769774599,7.241927547209016,0.1880647284435971
2023-08-05,860.9989999999999,-1.9147031860687436,3.257337960518117,-7.5686064,-3.991795166328704,7.249133126846821,0.1933465502916107
2023-08-06,859.475,-3.442538757324763,3.28326796399084,-7.5479026,-3.969655398346126,7.252923362336966,0.1984811572460813
2023-08-07,868.281,5.35980740919978,3.3076261857055305,-7.526742,-3.945735381022741,7.253361566728271,0.2034719487377419
2023-08-08,866.263,3.337988350712426,3.3304450281963165,-7.511547,-3.920067865366029,7.2505128935623455,0.2083224381726749
2023-08-09,865.221,2.292003832601964,3.351757847894537,-7.4947534,-3.892686402497322,7.244444250391859,0.2130362461749202
2023-08-10,865.653,2.719853620257952,3.3715989036064733,-7.47761,-3.863625307596262,7.235224211202736,0.2176170937370088
2023-08-11,857.896,-5.041771809121359,3.3900033043107864,-7.473655,-3.832919623524937,7.222922927835723,0.2220687952871589
2023-08-12,860.4190000000001,-2.5231146213127333,3.4070069563340724,-7.441597,-3.80060508416919,7.207612040503262,0.2263952516819602
2023-08-13,875.249,12.303152833327731,3.422646509963491,-7.433677,-3.766718077534698,7.189364587498189,0.2306004431334297
2023-08-14,868.312,5.36227773377512,3.436959305555916,-7.4223337,-3.731295608635376,7.168254914191291,0.2346884220793913
2023-08-15,857.7090000000001,-5.244740023205483,3.4499833192033296,-7.3782372,-3.694375262211695,7.144358581415024,0.2386633060061695
2023-08-16,854.352,-8.605585517049386,3.461757108014503,-7.3506565,-3.655995165316332,7.117752273330835,0.2425292702326259
2023-08-17,869.912,6.951607712540432,3.472319755073337,-7.327895,-3.616193949804621,7.088513704877958,0.2462905406645985
2023-08-18,867.247,4.283668119638593,3.481710814134252,-7.2901206,-3.575010714766965,7.0567215289012175,0.2499513865288114
2023-08-19,866.636,3.6695958242903135,3.4899702541152786,-7.269902,-3.5324849889402845,7.022455243055563,0.2535161130953243
2023-08-20,863.98,1.0103909465408831,3.497138403449496,-7.502453,-3.488656693135342,6.985795096584837,0.2569890543976014
2023-08-21,866.904,3.931053606435067,3.5032558943554237,-7.9779916,-3.4435661027165483,6.946821997071972,0.260374565959228
2023-08-22,866.093,3.1165839240182573,3.508363607086899,-7.956465,-3.397253810170456,6.905617417257355,0.2636770175363209
2023-08-23,865.389,2.4089820193355447,3.512502614222942,-7.885149,-3.3497606877990127,6.862263302021955,0.2669007858845922
2023-08-24,862.875,-0.1087519875682208,3.5157141250577446,-7.8051186,-3.301127850573063,6.816841975630807,0.2700502475600089
2023-08-25,858.82,-4.167416434798548,3.518039430150814,-7.7260437,-3.25139661918138,6.769436049332194,0.2731297717619143
2023-08-26,860.414,-2.576541842286062,3.519519846096784,-7.639927,-3.200608483309943,6.720128329406727,0.276143713227418
2023-08-27,860.4920000000001,-2.501734195587592,3.5201966605743373,-7.5563755,-3.1488050651857686,6.669001725760106,0.2790964051857644
2023-08-28,864.032,1.0351766916322194,3.5201110777328477,-7.4781227,-3.096028083419116,6.616139161151963,0.2819921523813076
2023-08-29,866.466,3.465980379829172,3.5193041639751685,-7.412351,-3.0423193171773164,6.561623481152485,0.2848352241736239
2023-08-30,864.94,1.9366771571138028,3.517816794194278,-7.3630195,-2.987720570722909,6.505537364917187,0.2876298477231676
2023-08-31,866.574,3.5672673115960185,3.5156895985208605,-7.328573,-2.932273638348238,6.447963236869098,0.2903802012707666
2023-09-01,872.865,9.854751131386251,3.5129629096383046,-7.3742766,-2.876020269737942,6.388983179376247,0.2930904075191047
2023-09-02,871.0759999999999,8.062128904594669,3.5096767107208158,-7.492198,-2.819002135790211,6.328678846511027,0.2957645271242279
2023-09-03,861.7620000000001,-1.2557220570677536,3.505870584049493,-7.6772065,-2.761260794926887,6.26713137897638,0.2984065523049228
2023-09-04,865.364,2.3425623665992608,3.501583660360549,-7.638292,-2.702837659921914,6.204421320282463,0.3010204005776848
2023-09-05,865.067,2.0417447002262903,3.4968545689786787,-7.5857124,-2.643773965276756,6.140628534255434,0.3036099086248122
2023-09-06,863.13,0.100825248876764,3.491721388787933,-7.520616,-2.584110735170754,6.075832123958687,0.3061788263029829
2023-09-07,860.1659999999999,-2.8662823575291685,3.4862216000911608,-7.4413376,-2.5238887520135243,6.010110352104685,0.3087308107994947
2023-09-08,864.5880000000001,1.553139172037529,3.4803920374083157,-7.3673153,-2.4631485256257544,5.94354056303407,0.3112694209431408
2023-09-09,868.057,5.019438249324509,3.474268843262482,-7.3205156,-2.401930263073804,5.876199106336285,0.3137981116765008
2023-09-10,862.856,-0.1843845836405373,3.4678874230016654,-7.3110433,-2.3402738391828075,5.808161262184473,0.3163202286962169
2023-09-11,861.5749999999999,-1.4670934324775122,3.461282400702945,-7.276969,-2.278218767751972,5.739501168454916,0.3188390032675896
2023-09-12,869.128,6.08431534527219,3.454487576204474,-7.246608,-2.2158041734948744,5.670291749699349,0.3213575472196314
2023-09-13,865.5690000000001,2.5236033241005718,3.447535883309357,-7.2111926,-2.1530687647267333,5.600604648036089,0.3238788481264579
2023-09-14,864.581,1.533771266495172,3.440459349204434,-7.16775,-2.0900508068195567,5.530510156023991,0.3264057646806611
2023-09-15,866.465,3.415819934943355,3.433289055135184,-7.132965,-2.026788096445218,5.460077151580402,0.3289410222640822
2023-09-16,867.007,3.955750091932161,3.426055098376931,-7.0974636,-1.9633179366254645,5.389373035002396,0.3314872087211233
2023-09-17,867.0360000000001,3.9825624999494247,3.4187865555408306,-7.0611067,-1.8996771126069305,5.318463668147761,0.3340467703394944
2023-09-18,861.7399999999999,-1.315742078518226,3.4115114472518,-7.0238953,-1.835901868578169,5.247413315829968,0.336622008043029
2023-09-19,865.548,2.4902081555191606,3.404256704233919,-6.981761,-1.7720278852447584,5.176284589478677,0.3392150738009233
2023-09-20,866.78,3.720041858597092,3.3970481348372807,-6.9532223,-1.7080902582774382,5.105138393114719,0.3418279672574898
2023-09-21,864.155,1.0927598489856143,3.3899103940387705,-6.9810433,-1.6441234776472795,5.03403387168605,0.3444625325862341
2023-09-22,863.164,0.0994948323320574,3.382866953947557,-6.9709606,-1.5801614078607695,4.963028361808327,0.3471204555717742
2023-09-23,866.336,3.269198829388246,3.375940075844419,-6.9482546,-1.5162372691066837,4.892177344951103,0.3498032609228547
2023-09-24,864.996,1.9267835493971648,3.3691507837824504,-6.9218473,-1.4523836193255015,4.821534403107952,0.3525123098193917
2023-09-25,867.8829999999999,4.811249843902793,3.362518839774883,-6.9174767,-1.3886323372111622,4.7511511769860455,0.355248797696212
2023-09-26,862.249,-0.8254014355507495,3.3560627205941427,-6.9186454,-1.3250146061537147,4.681077326747857,0.3580137522658468
2023-09-27,863.0600000000001,-0.0169845572635556,3.349799596204431,-6.9073844,-1.2615608991305038,4.611360495334935,0.3608080317824379
2023-09-28,868.404,5.32479464817798,3.34374530984844,-6.8891096,-1.1983009645523603,4.5420462744008,0.3636323235485222
2023-09-29,872.545,9.463455761537473,3.337914359806966,-6.8785844,-1.1352638130702,4.473178172877166,0.3664871426661469
2023-09-30,873.727,10.642999734686448,3.332319882848473,-7.042725,-1.072477705346376,4.40479758819485,0.3693728310334768
2023-10-01,867.562,4.475427519495921,3.3269736393837066,-7.1077943,-1.009970140794013,4.33694378017772,0.3722895565877372
2023-10-02,869.677,6.58774006783734,3.321886000338945,-7.1237626,-0.9477678472865144,4.26965384762546,0.3752373127950436
2023-10-03,867.854,4.7619383315819,3.3170659357591616,-7.12542,-0.8858967718383426,4.2029627075975045,0.3782159183873489
2023-10-04,870.456,7.360794448037552,3.31252100515107,-7.0903955,-0.8243820722570581,4.136903077408128,0.3812250173464502
2023-10-05,866.9590000000001,3.8605445044833457,3.3082573495738616,-7.066527,-0.763248109765667,4.071505459339528,0.384264079134675
2023-10-06,862.518,-0.5838105820354076,3.3042796854835785,-7.0236764,-0.702518442593071,4.00679812807665,0.3873323991715731
2023-10-07,869.1809999999999,6.075981183982712,3.3005913003354657,-6.9714828,-0.6422158205295765,3.942807120865042,0.3904290995556389
2023-10-08,867.5509999999999,4.442663925280734,3.2971940499465644,-6.9196134,-0.5823621804432334,3.879556230389798,0.3935531300297727
2023-10-09,879.925,16.813238597026714,3.294088357619082,-6.902754,-0.5229786427517792,3.817067000370861,0.3967032691889122
2023-10-10,869.377,6.261706154389092,3.291273215023153,-6.917214,-0.4640855088439863,3.7553587238671393,0.3998781259279401
2023-10-11,870.2189999999999,7.100067552535911,3.288746184835932,-6.960105,-0.405702259443161,3.694448444279093,0.4030761411277168
2023-10-12,867.904,4.781323746635745,3.286503405131889,-6.973324,-0.3478475539045568,3.6343509590364462,0.4062955895767425
2023-10-13,868.639,5.512475691856616,3.284539595517577,-6.9588394,-0.2905392304374922,3.575078825955069,0.4095345821257299
2023-10-14,869.355,6.224524343366708,3.2828480650021707,-6.9276752,-0.2337943072420046,3.5166423722441755,0.4127910680720147
2023-10-15,869.662,6.527470656334522,3.281420721593472,-6.893057,-0.1776289845489118,3.459049706142384,0.4160628377705134
2023-10-16,867.351,4.212315585928026,3.28024808360705,-6.8815284,-0.1220586475512329,3.402306731158283,0.4193475254676105
2023-10-17,872.929,9.78606008731577,3.279319292674609,-6.857866,-0.0670978702139826,3.346417162888592,0.4226426123541274
2023-10-18,872.026,8.87870511566589,3.278622128435861,-6.8387723,-0.0127604199485088,3.29138254838437,0.4259454298332181
2023-10-19,868.236,5.08425162614658,3.278143024896499,-6.807736,0.0409407368633495,3.2372022880331497,0.4292531629988171
2023-10-20,870.128,6.97170057392629,3.2778670884330183,-6.7645183,0.0939934285109373,3.183873659922081,0.4325628543199685
2023-10-21,868.024,4.863052914172936,3.27777811742369,-6.725518,0.1463862707786043,3.131391846645086,0.4358714075261535
2023-10-22,873.409,10.243309602055133,3.2778586234830804,-6.740859,0.1981086589689679,3.0797499645141126,0.4391755916884573
2023-10-23,874.7289999999999,11.558471592740933,3.278089854276113,-6.761669,0.249150759143593,3.0289390951325204,0.4424720454912044
2023-10-24,871.407,8.231539841398712,3.2784518178857875,-6.7662034,0.2995034985998577,2.9789483192859296,0.4457572816884426
2023-10-25,866.958,3.777515303196601,3.2789233087074754,-6.8253613,0.3491585556035232,2.929764753103952,0.449027691739447
2023-10-26,865.9050000000001,2.7193989333031103,3.279481934840748,-6.8476048,0.3981083483971709,2.881373586443577,0.4522795506171903
2023-10-27,866.326,3.1349628723228675,3.280104146948542,-6.8204994,0.4463460235054554,2.8337581234430864,0.4555090217835262
2023-10-28,868.72,5.523284812802586,3.2807652685517144,-6.796258,0.4938654433587143,2.786899825193,0.4587121623246159
2023-10-29,865.618,2.4155284487502886,3.281439527725816,-6.7790704,0.5406611732570683,2.7407783544687474,0.4618849282399621
2023-10-30,867.127,3.918694676400539,3.2821000901653603,-6.7500706,0.5867284676978587,2.6953716224675017,0.4650231798782037
2023-10-31,867.878,4.663784391988017,3.282719093579598,-6.709446,0.6320632560897161,2.650655837489882,0.4681226875126684
2023-11-01,866.591,3.370798491746778,3.283267683382311,-6.664904,0.6766621278772219,2.606605555505089,0.471179137049504
2023-11-02,868.722,5.49573787191166,3.283716049637176,-6.659383,0.7205223171004961,2.56319373253668,0.4741881358610558
2023-11-03,871.332,8.099516695560073,3.2840334652186063,-6.630847,0.7636416864146692,2.520391778803937,0.4771452187370067
2023-11-04,866.8169999999999,3.5782249880270083,3.284188325147059,-6.638164,0.8060187105945695,2.478169614552489,0.4800458539456617
2023-11-05,870.962,7.716863632346353,3.284148187056594,-6.655492,0.8476524595503617,2.436495727506232,0.48288544939762
2023-11-06,866.323,3.0714335115513824,3.2838798127512114,-6.8372793,0.8885425808803512,2.3953372318708603,0.4856593589039721
2023-11-07,869.004,5.745935508676169,3.2833492108056026,-6.941668,0.928689281987428,2.3546599288181747,0.4883628885210284
2023-11-08,868.504,5.239370506754086,3.282521680164856,-6.930613,0.9680933117860228,2.3144283683788327,0.4909913029735132
2023-11-09,865.029,1.757739388819069,3.281361854696591,-6.925205,1.0067559420267125,2.2746059126698785,0.4935398321480356
2023-11-10,869.479,6.201043037904784,3.2798337486483464,-6.925389,1.0446789482658891,2.2351548003824573,0.4960036776485987
2023-11-11,869.648,6.363282337044676,3.277900802961773,-6.9378633,1.0818645905080893,2.1960362124536834,0.498378019405811
2023-11-12,866.294,3.002458169272704,3.2755259323947525,-6.9299493,1.1183155935489038,2.157210338845849,0.5006580223314314
2023-11-13,869.2950000000001,5.996571417622484,3.27267157340153,-6.923272,1.154035127046358,2.118636446355172,0.5028388430097998
2023-11-14,875.13,11.82449107775052,3.2692997327202447,-6.9040265,1.1890267853490193,2.0802729473712254,0.5049156364176967
2023-11-15,867.5880000000001,4.275353563365544,3.265372036616845,-6.9295573,1.2232945671089324,2.0420774695079125,0.5068835626641213
2023-11-16,870.4499999999999,7.130159737427473,3.260849780733261,-7.113804,1.2568428547078223,2.004006926025439,0.5087377937414715
2023-11-17,867.0790000000001,3.751910462897469,3.2556939804876905,-7.106894,1.2896763935247817,1.966017586962909,0.5104735202796026
2023-11-18,875.291,11.956606602735306,3.249865421973883,-7.34901,1.3218002710738637,1.9280651509000195,0.512085958294235
2023-11-19,869.498,6.156249019901786,3.243324713306118,-7.5649147,1.35321989603986,1.890104817266258,0.513570355921203
2023-11-20,864.465,1.115838577357203,3.236032336356185,-7.528261,1.383940977240488,1.852091359115697,0.5149220001280569
2023-11-21,861.032,-2.324491974560987,3.2279486988280293,-7.511558,1.4139695025431716,1.8139791962848577,0.516136223394563
2023-11-22,863.677,0.3136700312599902,3.2190341866158274,-7.480581,1.443311717764448,1.7757224688513793,0.5172084103536911
2023-11-23,869.884,6.513946661462381,3.2092492163907256,-7.4707265,1.4719741055798157,1.73727511081091,0.5181340043847377
2023-11-24,864.4979999999999,1.1211761068238313,3.198554288361377,-7.4440837,1.499963364471745,1.6985909238896322,0.5189085141502847
2023-11-25,870.217,6.833588170459582,3.186910039153417,-7.4080124,1.527286387743303,1.659623651410114,0.5195275200687917
2023-11-26,865.8860000000001,2.4959487055135434,3.174277294752542,-7.37037,1.553950242624582,1.6203270521279598,0.5199866807146735
2023-11-27,868.389,4.992029920799831,3.1606171234564884,-7.3330827,1.579962149498858,1.5806549739576303,0.5202817391378424
2023-11-28,869.9050000000001,6.501067975103325,3.1458908887804906,-7.299224,1.6053294612750988,1.5405614275053918,0.5204085290947666
2023-11-29,874.768,11.357063856975294,3.130060302261497,-7.2777987,1.6300596429330814,1.500000659328416,0.5203629811832432
2023-11-30,874.228,10.810018554967735,3.113087476106183,-7.3016906,1.6541602512670397,1.4589272248391434,0.5201411288731711
2023-12-01,868.827,5.40193305763223,3.094934975628205,-7.368252,1.677638914853307,1.417296060774898,0.5197391144257836
2023-12-02,868.2379999999999,4.805808353520437,3.075565871420269,-7.428756,1.700503314267074,1.375062557153195,0.5191531946938978
2023-12-03,869.268,5.828645431184146,3.054943791206948,-7.5278196,1.7227611625728436,1.3321826286341043,0.5183797467959331
2023-12-04,868.011,4.564445279174613,3.0330329713245017,-7.523478,1.74442018611276,1.2886127852117415,0.517415273656576
2023-12-05,865.144,1.6902088860439726,3.0097983077743606,-7.53722,1.765488105616428,1.2443102021579326,0.5162564094071501
2023-12-06,870.319,6.857937240343473,2.985205406797451,-7.574099,1.7859726176553228,1.1992327891421282,0.5148999246389409
2023-12-07,869.607,6.138631330625143,2.9592206349169787,-7.6853065,1.805881376464352,1.1533392584526263,0.5133427315028775
2023-12-08,870.7009999999999,7.225133747410945,2.931811168397758,-7.678218,1.825221976152552,1.1065891922452062,0.5115818886492008
2023-12-09,864.417,0.9336082529183064,2.9029450420711207,-7.6741505,1.84400193332422,1.0589431087469006,0.5096146060009297
2023-12-10,864.36,0.8692142096200608,2.8725911974746,-7.6881723,1.862228670131312,1.0103625273432877,0.5074382493551348
2023-12-11,867.1419999999999,3.644018622857054,2.8407195302567043,-7.6668053,1.8799094977771185,0.960810032479586,0.5050503448062801
2023-12-12,871.648,8.142787345773957,2.80730093679769,-7.6486225,1.897051600490679,0.9102493363070112,0.502448582986075
2023-12-13,872.456,8.943521401747649,2.7723073599979444,-7.636131,1.913662019990659,0.8586453400072853,0.4996308231145326
2023-12-14,867.4699999999999,3.950221814155262,2.735711834186604,-7.6222425,1.9297476404567184,0.8059641937298854,0.4965950968571588
2023-12-15,866.12,2.5928896063745634,2.697488529103819,-7.59647,1.945315174025662,0.7521733550781569,0.4933396119834363
2023-12-16,866.4119999999999,2.877525801782205,2.657612792911039,-7.5654535,1.9603711468289216,0.6972416460821174,0.489862755822014
2023-12-17,870.961,7.418902609192861,2.6160611941846112,-7.5573144,1.9749218855871893,0.6411393085974217,0.4861630985082709
2023-12-18,873.054,9.50409778936134,2.5728115628490897,-7.7060914,1.9889735047771904,0.5838380580718994,0.4822393960201777
2023-12-19,871.0759999999999,7.518275104504919,2.5278430300076624,-8.020093,2.0025318943848243,0.5253111356228382,0.4780905929986271
2023-12-20,871.924,8.357272580403135,2.481136066628088,-8.185123,2.015602708258128,0.4655333583699605,0.4737158253487096
2023-12-21,866.201,2.6250932544966004,2.432672521043944,-8.229219,2.028191353072609,0.4044811679713351,0.4691144226186332
2023-12-22,860.255,-3.3300637634820007,2.382435655231764,-8.244566,2.0403029779207795,0.342132677310984,0.4642859101532981
2023-12-23,867.95,4.356095992609454,2.330410179826268,-8.254215,2.0519424645367814,0.2784677152894863,0.4592300110197996
2023-12-24,869.6850000000001,6.082287553968254,2.276582287836714,-8.2583685,2.0631144181661987,0.2134678696705152,0.4539466477024174
2023-12-25,870.221,6.60951172215976,2.220939687029014,-8.261026,2.0738231590903,0.1471165279387145,0.4484359435649281
2023-12-26,872.918,9.297769298749149,2.1634716309393576,-8.258109,2.0840727148130185,0.079398916126339,0.44269822407838
2023-12-27,868.275,4.64606108530138,2.104168948486433,-8.27537,2.093866812918192,0.0103021355682413,0.4367340178127376
2023-12-28,870.242,6.604387883381891,2.0430240721507813,-8.3101,2.103208874603659,-0.0601848024528774,0.430544057191111
2023-12-29,869.1529999999999,5.506750494555564,1.980031064691126,-8.29511,2.11210200889789,-0.132070944206764,0.424129279005566
2023-12-30,867.3610000000001,3.7051689803646153,1.9151856443689763,-8.533892,2.1205490075640228,-0.2053633631950462,0.4174908246938133
2023-12-31,866.904,3.238625403502835,1.8484852086541952,-8.49557,2.128552340695197,-0.2800671320410017,0.4106300403763621
