date,gps_raw_up_mm,gps_detrended_mm,gps_seasonal_mm,hydl_original_up_mm,hydl_seasonal_mm,gps_minus_hydl_mm,poroelastic_mm
2021-01-01,926.641,-0.2537531048630503,0.0432610783958827,-2.347234,0.6397679464462926,-0.59650686805041,-0.0138142785696593
2021-01-02,923.446,-3.454984574921191,-0.032652357605435,-2.437589,0.6901695709524786,-0.7228219285579136,-0.0211722169400848
2021-01-03,923.372,-3.53504551996641,-0.1091507232004668,-2.5266814,0.7402957087467789,-0.8494464319472457,-0.0285407488684454
2021-01-04,924.483,-2.4300439117339225,-0.1862160526685341,-2.901773,0.7901259895364302,-0.9763420422049645,-0.0359170137503
2021-01-05,924.0635,-2.55343832230818,-0.2638294212886843,-2.8964348,0.8396402493683202,-1.1034696706570046,-0.0432981409622894
2021-01-06,923.644,-2.87812732377306,-0.3419709461427756,-3.0052547,0.8888185417353058,-1.2307894878780814,-0.0506812514697376
2021-01-07,923.2245,-3.3537694882127944,-0.4206197881657728,-2.9790483,0.9376411484304604,-1.358260936596233,-0.0580634594377289
2021-01-08,922.805,-3.930023387711505,-0.4997541554479316,-3.0951724,0.9860885901408653,-1.4858427455887968,-0.0654418738442784
2021-01-09,922.3855,-4.55638494010984,-0.5793513077920244,-3.047247,1.0341416367728689,-1.6134929445648931,-0.0728136000942394
2021-01-10,921.966,-5.182679864946644,-0.659387562527285,-3.055521,1.081781317501178,-1.741168880028463,-0.0801757416325842
2021-01-11,921.5465,-5.758566709549825,-0.7398383015801346,-3.0340028,1.128988930534398,-1.8688272321145325,-0.0875254015557091
2021-01-12,921.127,-6.233704021247632,-0.8206779798002741,-3.1682875,1.175746052590138,-1.996424032390412,-0.0948596842194208
2021-01-13,920.7075,-6.557750347368199,-0.9018801345391978,-3.3362777,1.222034548073053,-2.123914682612251,-0.1021756968422696
2021-01-14,920.288,-6.680364235239658,-0.9834173964765386,-3.2707982,1.26783657794965,-2.2512539744261884,-0.1094705511029157
2021-01-15,921.643,-5.330091011191517,-1.0652615016882911,-3.234929,1.313134608314063,-2.3783961100023543,-0.1167413647302103
2021-01-16,925.901,-1.07675220103682,-1.1473833049492703,-3.17404,1.357911418639392,-2.505294723588662,-0.1239852630847104
2021-01-17,922.71,-4.272458736735043,-1.2297527942607274,-3.1186965,1.40215010970957,-2.631902903970297,-0.1311993807303392
2021-01-18,926.589,-0.3980997288536452,-1.312339106592467,-3.0547988,1.4458341112271726,-2.75817321781964,-0.1383808629949437
2021-01-19,925.554,-1.437712172060292,-1.395110544827372,-3.0117438,1.4889471890929635,-2.8840577339203355,-0.145526867518497
2021-01-20,923.529,-3.467339857487233,-1.4780345958946817,-2.9592056,1.531473452353376,-3.0095080482480574,-0.1526345657877339
2021-01-21,925.541,-1.4599008292770734,-1.561077950076879,-2.9196475,1.573397359812546,-3.1344753098894254,-0.1597011446560108
2021-01-22,926.432,-0.5736000100038989,-1.644206521473695,-2.9318612,1.6147037263059276,-3.258910247779623,-0.1667238078472186
2021-01-23,927.666,0.6554697780865353,-1.72738546960504,-2.9041944,1.655377728632932,-3.382763198237972,-0.173699777442591
2021-01-24,923.005,-4.010801322539971,-1.810579222133564,-2.9364398,1.695404911146451,-3.505984133280015,-0.1806262953492773
2021-01-25,930.66,3.638994976831209,-1.8937514986858104,-2.9928203,1.7347711909975223,-3.628522689683333,-0.1875006247495781
2021-01-26,930.466,3.4396258204572114,-1.976865335749792,-3.0221465,1.7734628630338407,-3.750328198783632,-0.1943200515297656
2021-01-27,931.25,4.21808543047729,-2.0598831126252826,-3.5761259,1.81146660435119,-3.871349716976472,-0.2010818856874363
2021-01-28,921.856,-5.181484473110885,-2.14276657840187,-3.851145,1.8487694784973303,-3.9915360568992,-0.2077834627163823
2021-01-29,923.39,-3.652981159655988,-2.2254768799384443,-3.8972163,1.8853589393282468,-4.110835819266692,-0.2144221449679817
2021-01-30,923.065,-3.9834033793788,-2.307974590816578,-3.9071877,1.9212228345170963,-4.229197425333674,-0.2209953229881566
2021-01-31,917.606,-9.447749882499709,-2.390219741238884,-4.023116,1.9563494087165567,-4.346569149955441,-0.2275004168289626
2021-02-01,916.713,-10.346019419239187,-2.4721718488423865,-4.147571,1.9907273063757809,-4.462899155218167,-0.2339348773339244
2021-02-02,917.754,-9.310210739817824,-2.553789950395517,-4.3493805,2.02434557421339,-4.578135524608907,-0.24029618739624
2021-02-03,917.048,-10.021322594455947,-2.6350326343464325,-4.414133,2.0571936633485235,-4.6922262976949565,-0.2465818631890418
2021-02-04,918.055,-9.019353733374391,-2.715858074189104,-4.348643,2.089261431092193,-4.805119505281297,-0.2527894553669095
2021-02-05,921.1,-5.979302906793402,-2.796224062612459,-4.2921386,2.120539142401669,-4.916763205014128,-0.2589165502378798
2021-02-06,922.448,-4.636168864933513,-2.8760880463970984,-4.227448,2.1510174710009524,-5.02710551739805,-0.2649607709052335
2021-02-07,924.857,-2.2319503580155486,-2.955407162022744,-4.1624656,2.180687500170785,-5.136094662193529,-0.2709197783783715
2021-02-08,926.239,-0.854646136259885,-3.034138271948937,-4.0865703,2.2095407232119983,-5.243678995160936,-0.2767912726521285
2021-02-09,924.95,-2.148377020441683,-3.1122380015303563,-4.0051827,2.237569043586353,-5.349807045116709,-0.2825729937539236
2021-02-10,919.746,-7.357023007361498,-3.1896627765273884,-3.932242,2.26476477473939,-5.454427551266779,-0.2882627227581633
2021-02-11,921.613,-5.494582865316662,-3.266368861171698,-4.078055,2.291120639610132,-5.557489500781829,-0.2938582827673683
2021-02-12,921.998,-5.114055362605065,-3.3423123967457644,-4.1843305,2.316629769832821,-5.658942166578585,-0.2993575398595312
2021-02-13,920.511,-6.605439267523901,-3.4174494406346345,-4.4082804,2.341285704636193,-5.758735145270828,-0.3047584040012412
2021-02-14,922.365,-4.755733348370868,-3.491736005807425,-4.420157,2.3650823894460973,-5.856818395253523,-0.3100588299261618
2021-02-15,928.235,1.1100636265564383,-3.5651281006855,-4.5417128,2.3880141741975907,-5.95314227488309,-0.3152568179784855
2021-02-16,925.204,-1.925346344600269,-3.6375817693536456,-4.502679,2.410075811362908,-6.047657580716553,-0.3203504149210257
2021-02-17,924.444,-2.689655955414412,-3.709053132070019,-4.4383307,2.4312624537020127,-6.140315585772031,-0.3253377147076391
2021-02-18,920.618,-6.519864019620156,-3.7794984260301776,-4.4094515,2.451569651742705,-6.231068077772883,-0.3302168592197342
2021-02-19,920.71,-6.4319693509513005,-3.84887404634002,-4.5038056,2.4709933509974564,-6.319867397337477,-0.3349860389666299
2021-02-20,919.729,-7.416970763141784,-3.917136587152181,-4.594867,2.4895298889245465,-6.406666476076728,-0.339643493749595
2021-02-21,918.54,-8.60986706992555,-3.984242882919952,-4.5637565,2.507175991641132,-6.491418874561083,-0.344187513289421
2021-02-22,921.827,-5.326657085036691,-4.050150049722637,-4.5289516,2.5239287703962154,-6.574078820118853,-0.3486164378174283
2021-02-23,920.891,-6.266339622209005,-4.114815526616053,-4.471598,2.539785717811701,-6.654601244427754,-0.3529286586298457
2021-02-24,918.426,-8.734913495176478,-4.178197116961476,-4.39955,2.554744703899825,-6.732941820861301,-0.3571226186055303
2021-02-25,919.676,-7.488377517672923,-4.2402530296866665,-4.353345,2.5688039718655893,-6.809057001552256,-0.3611968126870513
2021-02-26,923.007,-4.160730503432532,-4.300941920432026,-4.321759,2.581962133702834,-6.88290405413486,-0.3651497883251821
2021-02-27,925.506,-1.6649712661891551,-4.360222932535383,-4.2628036,2.59421816559291,-6.954441098128294,-0.3689801458868979
2021-02-28,927.457,0.282821093897454,-4.41805573780862,-4.208099,2.6055714031149058,-7.023627140923527,-0.3726865390269935
2021-03-01,924.139,-3.038465370197022,-4.474400577059734,-4.135661,2.616021536276672,-7.090422113336406,-0.3762676750234999
2021-03-02,925.512,-1.6686343855370191,-4.529218300313875,-4.058656,2.6255686043758817,-7.154786904689757,-0.3797223150770832
2021-03-03,929.266,2.0819651595709407,-4.582470406687193,-3.9842887,2.6342129907005414,-7.216683397387735,-0.3830492745746721
2021-03-04,923.304,-3.883493274397729,-4.634119083867692,-3.9154186,2.641955417078462,-7.276074500946153,-0.3862474233175791
2021-03-05,919.219,-7.971839428737466,-4.684127247157412,-3.8983085,2.6487969382852308,-7.332924185442643,-0.3893156857144181
2021-03-06,921.924,-5.270072235231153,-4.732458578030876,-4.0801077,2.654738936320389,-7.387197514351264,-0.3922530409391579
2021-03-07,922.036,-5.161190625661157,-4.779077562164924,-4.017038,2.65978311456142,-7.438860676726343,-0.3950585230546795
2021-03-08,918.653,-8.54719353180996,-4.823949526895787,-3.9945426,2.663931491805397,-7.487881018701184,-0.3977312211022403
2021-03-09,921.757,-5.446079885460257,-4.86704067805962,-4.050914,2.6671863962079483,-7.534227074267568,-0.4002702791572796
2021-03-10,920.154,-7.0518486183946765,-4.9083181361733095,-4.148053,2.669550459129383,-7.577868595302693,-0.4026748963520231
2021-03-11,918.387,-8.821498662395651,-4.947749971913185,-4.1081777,2.671026608897733,-7.618776580810919,-0.4049443268653876
2021-03-12,914.829,-12.382028949245688,-4.985305240849717,-4.0428057,2.671618064498438,-7.656923305348156,-0.4070778798806976
2021-03-13,919.044,-8.169438410727262,-5.020954017397247,-3.9978442,2.671328329200464,-7.692282346597711,-0.4090749195117692
2021-03-14,920.643,-6.572725978623162,-5.054667427938388,-4.1169,2.6701611841284727,-7.724828612066861,-0.4109348646979336
2021-03-15,923.27,-3.9478905847159385,-5.086417683083778,-4.2149506,2.668120681790708,-7.754538364874486,-0.4126571890685991
2021-03-16,921.845,-5.374931160787956,-5.116178109028572,-4.154151,2.665211139572159,-7.78138924860073,-0.4142414207779817
2021-03-17,922.158,-5.06384663862192,-5.143923177968118,-4.0959044,2.661437133202444,-7.805360311170562,-0.4156871423106474
2021-03-18,922.589,-4.634635950000387,-5.169628537536259,-4.198136,2.656803490207845,-7.826432027744104,-0.4169939902585353
2021-03-19,921.345,-5.880298026705805,-5.193271039230507,-4.2482777,2.651315283356692,-7.844586322587199,-0.4181616550701644
2021-03-20,919.053,-8.173831800520661,-5.214828765789773,-4.2248816,2.6449778241073223,-7.859806589897095,-0.4191898807727219
2021-03-21,920.085,-7.143236203227661,-5.2342810574911125,-4.1515355,2.637796656067554,-7.872077713558666,-0.4200784646677696
2021-03-22,919.088,-8.141510166609429,-5.251608537333251,-4.1277313,2.629777548474596,-7.881386085807847,-0.4208272570013244
2021-03-23,920.644,-6.586652622448292,-5.266793135075899,-4.084839,2.620926489704079,-7.887719624779978,-0.4214361606090637
2021-03-24,921.401,-5.830662502526783,-5.2798181101048645,-4.0502715,2.611249680816726,-7.891067790921591,-0.4219051305374457
2021-03-25,925.505,-1.727437837538946,-5.290668073094618,-4.0287776,2.6007535291510595,-7.891421602245677,-0.4222341736415393
2021-03-26,922.575,-4.65818599181002,-5.299329006440785,-3.9700522,2.589444641970263,-7.888773648411048,-0.4224233481603655
2021-03-27,919.361,-7.872813041166752,-5.30578828343685,-3.9015005,2.57732982017119,-7.883118103608039,-0.4224727632705754
2021-03-28,918.117,-9.117317916865758,-5.310034686170355,-3.8524606,2.564416052063237,-7.874450738233592,-0.4223825786192889
2021-03-29,924.122,-3.1124263203147384,-5.31205842211552,-3.7904873,2.550710507224622,-7.862768929340142,-0.4221530038369398
2021-03-30,922.375,-4.8594179604053656,-5.311851139400472,-3.7086287,2.53622053044332,-7.848071669843791,-0.421784298030967
2021-03-31,921.425,-5.809291726808818,-5.3094059407288245,-3.6334326,2.520953635749746,-7.830359576478571,-0.4212767692612131
2021-04-01,923.533,-3.701046509196397,-5.304717395936797,-3.5546553,2.5049175005479047,-7.809634896484702,-0.4206307739978805
2021-04-02,923.403,-3.830666710173144,-5.297781553168568,-3.4713356,2.488119959851603,-7.785901513020171,-0.4198467165629189
2021-04-03,925.946,-1.2871661066713966,-5.288595948654047,-3.403628,2.470569000631913,-7.75916494928596,-0.4189250485556998
2021-04-04,920.499,-6.733568760967343,-5.277159615074889,-3.329843,2.452272756281925,-7.729432371356814,-0.417866268263857
2021-04-05,927.194,-0.0378490698150564,-5.263473088506022,-3.26511,2.433239501204408,-7.6967125897104305,-0.4166709200601527
2021-04-06,922.879,-4.352244161758405,-5.2475384139216255,-3.2043092,2.413477645527862,-7.661016059449487,-0.4153395937862427
2021-04-07,924.426,-2.8045278358517374,-5.22935914925609,-3.171916,2.392995729955984,-7.622354879212073,-0.4138729241242065
2021-04-08,925.501,-1.7286990180680646,-5.208940368012004,-3.1404927,2.3718024207553707,-7.580742788767375,-0.412271589956702
2021-04-09,925.415,-1.8137566343808695,-5.186288660408972,-3.0998354,2.349906504885954,-7.536195165294926,-0.4105363137166076
2021-04-10,927.451,0.2233003892366851,-5.161412133068623,-3.0575025,2.327316885278313,-7.488729018346936,-0.4086678607270035
2021-04-11,927.073,-0.1535993760730098,-5.134320407232767,-2.9926252,2.304042576261706,-7.438362983494473,-0.4066670385323386
2021-04-12,924.537,-2.687734948399627,-5.1050246155134085,-2.9363441,2.2800926991463597,-7.385117314659768,-0.4045346962216227
2021-04-13,926.297,-0.9257846650553544,-5.073537397174828,-2.8888612,2.2554764779631724,-7.329013875138001,-0.4022717237444739
2021-04-14,921.424,-5.796766156462794,-5.039872891949823,-2.853586,2.2302032353637324,-7.270076127313556,-0.3998790512208412
2021-04-15,921.656,-5.56265997682654,-5.004046732393481,-2.8064187,2.2042823886831164,-7.208329121076597,-0.3973576482452109
2021-04-16,924.563,-2.6534649658977347,-4.96607603477994,-2.7491972,2.1777234461677017,-7.143799480947642,-0.3947085231860989
2021-04-17,921.528,-5.686179963426847,-4.925979388548861,-2.676869,2.150536003369791,-7.076515391918653,-0.3919327224816021
2021-04-18,924.937,-2.274803809165103,-4.883776844310195,-2.6056585,2.122729739710593,-7.006506584020788,-0.3890313299317892
2021-04-19,925.923,-1.2863353428631985,-4.839489900417354,-2.5393348,2.094314415212677,-6.933804315630031,-0.3860054659886825
2021-04-20,924.387,-2.819792375366889,-4.79314148812057,-2.4935367,2.065299867402746,-6.858441355523317,-0.3828562870445646
2021-04-21,926.585,-0.6191552908508484,-4.744755955313767,-2.4348452,2.0356960083851856,-6.780451963698953,-0.3795849847193411
2021-04-22,930.446,3.244454028641059,-4.694359048889931,-2.384505,2.005512822086546,-6.699871870976477,-0.3761927851476497
2021-04-23,927.615,0.4143231599625965,-4.641977895721499,-2.3302538,1.974760361670704,-6.616738257392203,-0.3726809482664177
2021-04-24,925.083,-2.116967449814228,-4.58764098228384,-2.3467278,1.9434487471242163,-6.531089729408057,-0.3690507671035175
2021-04-25,923.02,-4.179165285244544,-4.531378132941445,-2.4923258,1.9115881630109253,-6.44296629595237,-0.365303567068176
2021-04-26,929.764,2.565730480036182,-4.473220486918022,-2.4814782,1.879188856394636,-6.352409343312658,-0.3614407052437558
2021-04-27,925.988,-1.2093079908283595,-4.413200473973081,-2.4220204,1.846261134928316,-6.259461608901397,-0.357463569683519
2021-04-28,927.726,0.5297060338969022,-4.35135178880912,-2.3687909,1.8128153651078984,-6.164167153917019,-0.3533735787099403
2021-04-29,926.205,-0.990676191512097,-4.287709364234987,-2.3166447,1.778861970688553,-6.066571334923539,-0.3491721802181395
2021-04-30,924.755,-2.4399773476472384,-4.222309343112385,-2.2676773,1.7444114312608632,-5.966720774373248,-0.3448608509839608
2021-05-01,927.207,0.0128279747442539,-4.15518904911382,-2.2400153,1.7094742809840786,-5.8646633300978985,-0.3404410959772072
2021-05-02,921.096,-6.09737639389558,-4.08638695632178,-2.1878917,1.6740611074733425,-5.760448063795122,-0.3359144476805157
2021-05-03,927.486,0.2935275817419436,-4.015942657700078,-2.1291895,1.6381825508373895,-5.654125208537468,-0.3312824654143332
2021-05-04,928.235,1.043456974241995,-3.943896832469743,-2.0682952,1.6018493028630405,-5.545746135332783,-0.3265467346684253
2021-05-05,920.574,-6.616631137488227,-3.8702912124229663,-1.9894527,1.565072106342413,-5.435363318765379,-0.3217088664403261
2021-05-06,923.852,-3.337606772840295,-3.7951685472098906,-1.9186652,1.5278617545385766,-5.323030301748467,-0.3167704965811102
2021-05-07,926.534,-0.6544692437332409,-3.7185725686342095,-1.8648629,1.4902290907850602,-5.20880165941927,-0.3117332851488371
2021-05-08,921.945,-5.242371584630229,-3.640547953994604,-1.8178233,1.4521850082143362,-5.09273296220894,-0.3065989157700062
2021-05-09,928.757,1.570836437850906,-3.561140288510193,-1.7760781,1.4137404496102233,-4.974880738120417,-0.3013690950093077
2021-05-10,928.482,1.2969876643680256,-3.4803960268692147,-1.7227612,1.3749064073788004,-4.855302434248015,-0.2960455517479549
2021-05-11,924.581,-2.6031211274248656,-3.398362453941176,-1.6667349,1.3356939236322782,-4.734056377573454,-0.2906300365708346
2021-05-12,923.039,-4.144111477526639,-3.315087644693546,-1.6049416,1.296114090379984,-4.61120173507353,-0.2851243211627003
2021-05-13,921.022,-6.159982801904934,-3.23062042335516,-1.5351192,1.2561780498204045,-4.486798473175564,-0.2795301977135912
2021-05-14,922.766,-4.414734516526997,-3.145010321869232,-1.4717997,1.2158969947280531,-4.360907316597285,-0.2738494783336453
2021-05-15,921.31,-5.869366037360082,-3.0583075376796898,-1.4304932,1.1752821689286894,-4.233589706608379,-0.268083994477438
2021-05-16,925.281,-1.8968767803714708,-2.970562890895399,-1.3917259,1.1343448678562695,-4.1049077587516685,-0.2622355963779545
2021-05-17,925.15,-2.026266161528856,-2.8818277808774235,-1.3541676,1.0930964391847604,-3.974924220062184,-0.2563061524902758
2021-05-18,928.096,0.9214664032007236,-2.792154142295284,-1.3379383,1.051548283527897,-3.843702425823181,-0.2502975489450327
2021-05-19,928.743,1.5702774637868422,-2.701594400698588,-1.3082454,1.00971185519968,-3.711306255898268,-0.2442116890116502
2021-05-20,919.398,-7.772949481749281,-2.6102014276511425,-1.3042715,0.967598663028358,-3.5778000906795,-0.2380504925713827
2021-05-21,919.93,-7.239049450858491,-2.518028495475112,-1.3038661,0.9252202712165036,-3.443248766691616,-0.2318158956001151
2021-05-22,922.299,-4.868021890403114,-2.4251292316530284,-1.2786111,0.8825883002395893,-3.3077175318926177,-0.2255098496608723
2021-05-23,924.287,-2.8778662472449024,-2.331557572936243,-1.2497472,0.8397144277754846,-3.171272000711728,-0.2191343214059593
2021-05-24,919.566,-7.596581968245731,-2.23736771920834,-1.2263314,0.7966103896571187,-3.0339781088654587,-0.2126912920886291
2021-05-25,921.958,-5.202168500267842,-2.1426140871525816,-1.1994087,0.7532879808404955,-2.8959020679930774,-0.2061827570841445
2021-05-26,923.953,-3.204625290173361,-2.047351263772521,-1.1404647,0.7097590563801928,-2.757110320152714,-0.1996107254200864
2021-05-27,922.922,-4.232951784823978,-1.951633959815172,-1.1160811,0.6660355324044148,-2.617669492219587,-0.1929772193157234
2021-05-28,928.051,0.8988525689179783,-1.8555169631462116,-1.0834575,0.6221293870816115,-2.4776463502278228,-0.1862842737302494
2021-05-29,929.172,2.0219007244446705,-1.7590550921266594,-1.0374136,0.5780526615706831,-2.3371077536973424,-0.1795339359196586
2021-05-30,928.544,1.395324476491454,-1.6623031490406297,-0.9888673,0.5338174609467572,-2.196120609987387,-0.1727282650020178
2021-05-31,932.986,5.838911611742867,-1.565315873623516,-0.9403559,0.4894359550944992,-2.054751828718015,-0.1658693315308667
2021-06-01,927.764,0.6183327189671668,-1.468147896739986,-0.89150536,0.4449203795609847,-1.9130682763009703,-0.1589592170764581
2021-06-02,926.932,-0.2120854438424975,-1.3708536942608742,-0.856286,0.4002830363601494,-1.7711367306210235,-0.1520000138145323
2021-06-03,928.767,1.6245927123789805,-1.273487541187904,-0.80664563,0.3555362947208621,-1.6290238359087663,-0.1449938241222973
2021-06-04,926.806,-0.3347051894876087,-1.176103466074844,-0.7580719,0.3106925917707717,-1.4867960578456156,-0.137942760181274
2021-06-05,929.3,2.1609028981143146,-1.0787552057933634,-0.72712815,0.2657644331480861,-1.3445196389414495,-0.1308489435866356
2021-06-06,927.835,0.697663647274843,-0.9814961606913908,-0.69928956,0.2207643935335418,-1.2022605542249327,-0.123714504962674
2021-06-07,925.508,-1.627625037221354,-0.8843793501914793,-0.67397255,0.175705117094968,-1.0600844672864471,-0.1165415835839886
2021-06-08,922.922,-4.211763449023591,-0.7874573688759399,-0.6334853,0.1305993178368268,-0.9180566867127667,-0.109332327001992
2021-06-09,924.626,-2.505751433082804,-0.6907823431051332,-0.6028913,0.085459779847383,-0.7762421229525163,-0.1020888906763101
2021-06-10,925.553,-1.5763865539246391,-0.5944058882145786,-0.59296894,0.0402993574361842,-0.6347052456507628,-0.0948134376106368
2021-06-11,928.014,0.8871318223582185,-0.4983790663358701,-0.59814817,-0.004869024845303,-0.493510041490567,-0.0875081379925991
2021-06-12,929.409,2.284651555947637,-0.4027523448857742,-0.6202892,-0.0500323723068618,-0.3527199725789123,-0.0801751688371702
2021-06-13,921.718,-5.403734256936218,-0.3075755557668813,-0.5963562,-0.0951776203533371,-0.2123979354135441,-0.0728167136331613
2021-06-14,925.017,-2.1019689434558297,-0.2128978553226113,-0.5726629,-0.1402916348557155,-0.0726062204668958,-0.0654349619923133
2021-06-15,924.617,-2.499052349349348,-0.1187676850882789,-0.5240749,-0.185361212665933,0.0665935275776541,-0.0580321093005054
2021-06-16,923.91,-3.2029290456059,-0.0252327333791694,-0.46722466,-0.2303730822816259,0.2051403489024565,-0.0506103563705823
2021-06-17,930.477,3.367378832901233,0.0676601022445406,-0.40772372,-0.2753139046668741,0.3429740069114148,-0.0431719090963061
2021-06-18,930.937,3.830796742036792,0.1598647515971306,-0.3545971,-0.3201702742347208,0.4800350258318514,-0.0357189781069199
2021-06-19,932.83,5.72729744853979,0.2513360075330637,-0.31449687,-0.3649287199970193,0.6162647275300831,-0.028253778421829
2021-06-20,927.468,0.3685981463069634,0.3420295606225511,-0.2825009,-0.4095757068869536,0.7516052675095047,-0.0207785291048755
2021-06-21,928.274,1.1778701520504589,0.4319020328011999,-0.25023237,-0.4540976372592224,0.8859996700604222,-0.0132954529177044
2021-06-22,931.495,4.402245979416857,0.5209110099595706,-0.21643971,-0.4984808525727559,1.0193918625323266,-0.0058067759717024
2021-06-23,929.107,2.0177106463817087,0.6090150734393704,-0.17595798,-0.5427116352603798,1.1517267086997502,0.0016852726219973
2021-06-24,929.987,2.9009957786611515,0.6961738304045396,-0.1489941,-0.5867762107897356,1.2829500411942751,0.009178461104961
2021-06-25,933.307,6.224289670668435,0.7823479430565924,-0.12363771,-0.6306607499193215,1.413008692975914,0.0166705554268493
2021-06-26,928.647,1.5676358235998258,0.8674991566650162,-0.09889187,-0.6743513711532859,1.541850527818302,0.0241593196042743
2021-06-27,926.133,-0.9429698274352072,0.9515903263849737,-0.06874977,-0.7178341433983235,1.6694244697832972,0.031642516083608
2021-06-28,928.025,0.9526309368099924,1.034585442835748,-0.033907443,-0.7610950888256187,1.7956805316613669,0.0391179061082443
2021-06-29,932.179,5.11036006316758,1.1164496564150337,-0.0012459526,-0.8041201859405147,1.9205698423555484,0.0465832500907894
2021-06-30,926.283,-0.7818745944785936,1.19714930032551,0.030055007,-0.8468953728622644,2.0440446731877744,0.0540363079906682
2021-07-01,935.955,8.894016577832147,1.276651912291685,0.05684431,-0.8894065508158271,2.166058463107512,0.0614748396976051
2021-07-02,928.532,1.475033552170152,1.3549262549464496,0.08175259,-0.9316395878373904,2.28656584278384,0.0688966054214468
2021-07-03,931.485,4.4319684598095535,1.43194233486839,0.1089516,-0.9735803226948802,2.40552265756327,0.0762993660887643
2021-07-04,932.553,5.504019208418512,1.5076714202524557,0.13988517,-1.0152145690244403,2.522885989276896,0.0836808837466751
2021-07-05,931.335,4.290180968686586,1.5820860571981117,0.16280831,-1.056528119683463,2.6386141768815747,0.0910389219743055
2021-07-06,926.316,-0.7245593329557236,1.6551600846007863,0.1697576,-1.097506751320377,2.752666835921163,0.0983712463022993
2021-07-07,934.418,7.381773044737764,1.726868647633909,0.1860641,-1.1381362291610575,2.8650048767949667,0.105675624640761
2021-07-08,934.114,7.081943524481046,1.797188209810645,0.22066334,-1.1784023120113785,2.9755905218220238,0.1129498277160227
2021-07-09,930.863,3.835130594106948,1.8660965636159097,0.26301754,-1.2182907574749764,3.084387321090886,0.1201916295165746
2021-07-10,935.257,8.233430830779334,1.9335728397009653,0.28766856,-1.2577873273850315,3.191360167085997,0.1273988077485185
2021-07-11,935.054,8.034458975094267,1.999597514634537,0.31017625,-1.2968777934483764,3.296475308082913,0.1345691443008561
2021-07-12,933.829,6.813590951069823,2.0641524172061483,0.34267816,-1.3355479430999988,3.399700360306147,0.1417004257209191
2021-07-13,926.752,-0.2595495546532795,2.1272207332788344,0.3883043,-1.3737835855654998,3.501004318844334,0.1487904437002248
2021-07-14,931.02,4.012381318828779,2.1887870091902943,0.42427596,-1.4115705581288207,3.600357567319115,0.1558369955710192
2021-07-15,929.163,2.1593499562215306,2.248837153703029,0.4512824,-1.4488947326020454,3.6977318863050734,0.1628378848137456
2021-07-16,929.66,2.660409271587559,2.3073584385058385,0.47244373,-1.485742021993862,3.793100460499701,0.1697909215756625
2021-07-17,929.317,2.32155901308851,2.3643394972705547,0.4893524,-1.5220983873727505,3.886437884643305,0.1766939232007991
2021-07-18,929.204,2.2125904791128,2.41977032326968,0.5238471,-1.5579498449207134,3.9777201681903938,0.1835447147714281
2021-07-19,930.348,3.360706203199734,2.4736422655621646,0.54458493,-1.5932824731729154,4.06692473873508,0.1903411296611931
2021-07-20,925.968,-1.015262502621492,2.525948023756232,0.5570793,-1.6280824204383026,4.154030444194534,0.1970810101000233
2021-07-21,931.245,4.2660415968166925,2.5766816413598304,0.57567453,-1.662335912395882,4.239017553755712,0.2037622077509253
2021-07-22,932.419,5.444428382817871,2.625838497730791,0.58926284,-1.6960292598609652,4.321867757591757,0.2103825842987279
2021-07-23,930.142,3.1718975765236688,2.6734152986404864,0.6055767,-1.729148866715415,4.402564165355901,0.2169400120508232
2021-07-24,933.66,6.694448899075416,2.719410065466309,0.62284315,-1.7616812379954858,4.481091303461795,0.2234323745499218
2021-07-25,933.759,6.79808207161452,2.763822123029859,0.6478344,-1.7936129881305842,4.557435111160443,0.2298575671988162
2021-07-26,936.332,9.375796815282705,2.8066520860992714,0.6642283,-1.82493084932596,4.631582935425231,0.2362134978971171
2021-07-27,938.646,11.694592851221032,2.8479018445756497,0.69119066,-1.8556216800819207,4.703523524657571,0.2424980876898932
2021-07-28,930.428,3.481301495306788,2.887574547385027,0.71938944,-1.8856724738419703,4.7732470212269975,0.2487092714281332
2021-07-29,926.173,-0.7689137022840784,2.9256745850988133,0.74629647,-1.9150703677618703,4.840744952860684,0.2548449984409025
2021-07-30,929.376,2.439115359915701,2.962207571306984,0.76900613,-1.9438026515913844,4.906010222898368,0.260903233219054
2021-07-31,934.178,7.24619926549947,2.997180322769865,0.7796733,-1.971856776660116,4.969037099429981,0.2668819561103109
2021-08-01,923.301,-3.625763450921803,3.030600838375616,0.79810715,-1.99922036495867,5.0298212033342855,0.2727791640255256
2021-08-02,927.359,0.4376932277564789,3.0624782769318464,0.8072773,-2.025881218305972,5.0883594952378175,0.278592871155876
2021-08-03,926.001,-0.91497291717012,3.092822933821188,0.8236227,-2.051827327593408,5.144650261414596,0.284321109700743
2021-08-04,928.186,1.2756743811880202,3.1216462165518784,0.8409034,-2.0770468820961976,5.198693098648076,0.2899619306059761
2021-08-05,926.852,-0.0525939272703483,3.1489606192356194,0.85518116,-2.1015282788420966,5.250488898077716,0.2955134043122396
2021-08-06,930.522,3.623196625889541,3.1747796960261923,0.8567219,-2.1252601320274027,5.300039828053595,0.3009736215130834
2021-08-07,931.67,4.777071774694397,3.1991180335534826,0.8550899,-2.148231282469958,5.347349316023441,0.3063406939223741
2021-08-08,931.939,5.052031267306078,3.2219912223886227,0.8605859,-2.1704308070886222,5.392422029477245,0.311612755050682
2021-08-09,937.793,10.91207485188659,3.2434158275771097,0.86703384,-2.1918480283985877,5.4352638559756965,0.3167879609902012
2021-08-10,931.963,5.0880751080509565,3.26340935827766,0.8688872,-2.2124725240116216,5.475881882289281,0.321864491207744
2021-08-11,930.248,3.379152767158973,3.281990236545649,0.88921577,-2.232294136130243,5.514284372675892,0.3268405493453329
2021-08-12,930.537,3.674159457590511,3.299177765300884,0.9210534,-2.251302981024637,5.55048074632552,0.3317143640278815
2021-08-13,931.133,4.276257339785905,3.3149920955202576,0.9523752,-2.269489458480999,5.584481554001257,0.3364841896774331
2021-08-14,926.373,-0.4775538829820265,3.3294541926968133,0.97993165,-2.286844261209878,5.616298453906691,0.341148307333397
2021-08-15,930.852,4.0077254925598025,3.34258580260733,0.988259,-2.303358384202935,5.645944186810265,0.3457050254782053
2021-08-16,930.537,3.69909516968455,3.3544094164315164,1.006627,-2.319023134026534,5.673432550458051,0.3501526808677797
2021-08-17,931.407,4.5755548516654265,3.3649482352663105,1.0120766,-2.3338301380403776,5.698778373306688,0.3544896393661813
2021-08-18,930.371,3.546104241775143,3.3742261340796107,1.0172715,-2.3477713535294504,5.721997487609061,0.3587142967837884
2021-08-19,927.285,0.4665345935128311,3.3822676251482684,1.0101784,-2.360839076737397,5.743106701885665,0.3628250797183319
2021-08-20,929.647,2.8350483955294736,3.3890978210255924,0.99725866,-2.3730259517894767,5.76212377281507,0.3668204463980907
2021-08-21,929.974,3.1684769149650447,3.394742397084305,0.9993062,-2.3843249794932126,5.779067376577517,0.3706988875265287
2021-08-22,931.412,4.612983653258622,3.3992275536809875,1.0064836,-2.3947295260047885,5.793957079685776,0.3744589271276429
2021-08-23,927.374,0.5815682578758219,3.4025799779887214,1.0277977,-2.4042333313493853,5.806813309338107,0.3780991233912624
2021-08-24,929.329,2.543230376282526,3.4048268055446465,1.0587716,-2.4128305177835103,5.817657323328157,0.3816180695175284
2021-08-25,929.778,2.998644619430876,3.4059955815596394,1.1025285,-2.420515597987575,5.826511179547214,0.3850143945597662
2021-08-26,928.158,1.3851268387864142,3.4061142220372367,1.1225733,-2.427283483076904,5.833397705114141,0.3882867642649373
2021-08-27,930.246,3.4796508498928747,3.405210974749338,1.1338832,-2.433129490419526,5.838340465168864,0.3914338819108601
2021-08-28,932.111,5.351241335224696,3.4033143801160124,1.1436033,-2.438049351249139,5.841363731365151,0.3944544891393552
2021-08-29,933.101,6.347883123009337,3.4004532320369667,1.1535057,-2.4420392180617463,5.842492450098713,0.3973473667844686
2021-08-30,935.467,8.720590174762432,3.396656538722012,1.1680685,-2.4450956717846046,5.841752210506616,0.400111335694914
2021-08-31,934.883,8.1433620838109,3.3919534835679093,1.1690071,-2.447215728706253,5.839169212274163,0.4027452575498624
2021-09-01,931.991,5.258198443482067,3.386373386128665,1.1536963,-2.448396847156519,5.834770233285184,0.4052480356671927
2021-09-02,928.41,1.6840988471032428,3.379945663226255,1.1470988,-2.448636933925597,5.828582597151852,0.4076186158033191
2021-09-03,929.912,3.193062888001297,3.3726997902484257,1.1650159,-2.447934350411485,5.820634140659911,0.4098559869436889
2021-09-04,933.345,6.633090159503693,3.364665262679845,1.1745446,-2.446287918485207,5.810953181165051,0.411959182083055
2021-09-05,929.497,2.7921802549373784,3.3558715579126,1.1813335,-2.443696926063501,5.799568483976101,0.4139272789946036
2021-09-06,930.106,3.408332767629461,3.346348097381469,1.2040961,-2.44016113237893,5.7865092297604,0.4157594009870281
2021-09-07,930.074,3.383547290907262,3.336124209069032,1.2282716,-2.435680772937473,5.771804982006506,0.4174547176486297
2021-09-08,932.642,5.958692270817506,3.3252290904249837,1.2502946,-2.430256564154072,5.755485654579055,0.4190124455775269
2021-09-09,925.979,-0.6971051158169139,3.313691771743531,1.273464,-2.4238897076567616,5.737581479400292,0.4204318490970499
2021-09-10,928.277,1.6082858521902,3.3015410800421097,1.2274046,-2.4165818942503607,5.71812297429247,0.4217122409554055
2021-09-11,926.615,-0.0463939820311498,3.288805603483757,1.2392018,-2.4083353075309626,5.69714091101472,0.4228529830086921
2021-09-12,929.331,2.6769825583419133,3.275513656385043,1.2602441,-2.3991526271428048,5.674666283527848,0.423853486886353
2021-09-13,928.181,1.5344150472154672,3.2616932448502647,1.2735456,-2.3890370316693685,5.650730276519633,0.424713214638154
2021-09-14,930.635,3.995903058495192,3.2473720330721885,1.277414,-2.3779922011510037,5.625364234223191,0.4254316793617876
2021-09-15,932.361,5.729446166087316,3.2325773103382485,1.2924263,-2.36602231922156,5.598599629559809,0.4260084458102016
2021-09-16,928.907,2.282971549708494,3.2173359587806165,1.310995,-2.3531320748570383,5.570468033637654,0.4264431309777655
2021-09-17,930.859,4.242553177293444,3.2016744219071787,1.3152361,-2.3393266637295147,5.541001085636694,0.4267354046643954
2021-09-18,928.31,1.7011906117297229,3.18561867394971,1.1396987,-2.3246117891600595,5.510230463109769,0.4268849900167674
2021-09-19,931.159,4.557879018528579,3.1691941900642253,1.0514021,-2.308993662664704,5.478187852728929,0.4268916640457671
2021-09-20,925.908,-0.6853777615400216,3.1524259174175304,1.0618908,-2.292479004087978,5.4449049215055085,0.4267552581193258
2021-09-21,929.298,2.7124242311372213,3.135338247192757,1.0748047,-2.2750750413188907,5.410413288511648,0.4264756584298178
2021-09-22,926.527,-0.0507241164627556,3.1179549875453936,1.0998176,-2.256789509584689,5.374744497130083,0.4260528064352064
2021-09-23,931.109,4.539174293486251,3.100299337540324,1.128597,-2.23763065031815,5.337929987858473,0.4254866992731418
2021-09-24,928.542,1.9801261934025545,3.0823938620987392,1.1467301,-2.2176072095946275,5.300001071693367,0.4247773901472295
2021-09-25,930.421,3.867126747101415,3.0642604679828707,1.1773221,-2.1967284361354555,5.260988904118326,0.423924988684714
2021-09-26,929.714,3.168080487264996,3.045920380844848,1.1845765,-2.1750040788748626,5.22092445971971,0.4229296612648396
2021-09-27,927.183,0.645083582283295,3.0273941233647883,1.0909003,-2.1524443840879197,5.179838507452708,0.4217916313171628
2021-09-28,924.249,-2.280864422008639,3.0087014945017483,1.0526892,-2.129060092077605,5.137761586579353,0.4205111795891371
2021-09-29,930.704,4.182346466936752,2.98986154987975,1.0561832,-2.104862433419452,5.094723983299202,0.4190886443822831
2021-09-30,928.959,2.4456077390412654,2.970892583329663,1.0319995,-2.079863124762809,5.050755708092472,0.4175244217563109
2021-10-01,929.965,3.4598196501489618,2.9518121096062115,1.0307927,-2.0540743641881782,5.00588647379439,0.4158189657005632
2021-10-02,928.366,1.8690783703451157,2.93263684829791,1.0315928,-2.0275088261205902,4.9601456744185,0.4139727882722005
2021-10-03,925.825,-0.6637864270095029,2.9133827089461706,1.059245,-2.000179655799493,4.913562364745664,0.4119864597005457
2021-10-04,928.814,2.333390063639405,2.894064777388365,1.0929875,-1.972100463306132,4.866165240694498,0.4098606084570676
2021-10-05,929.877,3.404356008629849,2.874697303337914,1.1121844,-1.943285317149814,4.8179826204877285,0.4075959212904843
2021-10-06,928.574,2.109355456045689,2.8552936892131404,1.1229122,-1.9137487374150923,4.769042426628233,0.4051931432265214
2021-10-07,928.306,1.8493878910383816,2.8358664802248006,1.131937,-1.8835056884722845,4.719372168697085,0.4026530775318675
2021-10-08,926.88,0.4314527987600156,2.8164273557308013,1.0991783,-1.8525715712543025,4.668998926985104,0.3999765856419296
2021-10-09,931.465,5.024549664362304,2.796987121864865,1.0907187,-1.820962215103243,4.617949336968108,0.3971645870519965
2021-10-10,932.127,5.694677972997124,2.777555705444474,1.0954326,-1.788693869190748,4.566249574635222,0.3942180591714734
2021-10-11,933.496,7.071837209816199,2.7581421491615776,1.0865251,-1.755783193516549,4.513925342678126,0.3911380371408712
2021-10-12,934.247,7.831026859971669,2.738754608058206,1.0583669,-1.722247249490219,4.461001857548425,0.3879256136112825
2021-10-13,933.373,6.965246408615089,2.71940034728726,1.0039101,-1.6881034901015444,4.407503837388804,0.384581938486096
2021-10-14,931.354,4.95445098824803,2.700085741157309,0.9989126,-1.6533697496855178,4.353455490842826,0.3811082186247536
2021-10-15,933.112,6.720575996807524,2.680816273458585,1.0131571,-1.6180642332883808,4.298880506746966,0.3775057175083814
2021-10-16,934.017,7.633707342277749,2.66159653906569,1.0293254,-1.5822055056416575,4.243802044707348,0.3737757548671675
2021-10-17,932.738,6.36286189243274,2.6424302468109926,0.94938874,-1.5458124797515944,4.188242726562587,0.3699197062693923
2021-10-18,933.129,6.762039107326864,2.623320223621112,0.8951947,-1.5089044051118936,4.132224628733006,0.3659390026720697
2021-10-19,934.83,8.471238447014091,2.6042684199073096,0.921521,-1.4715008555481228,4.075769275455432,0.3618351299331687
2021-10-20,930.907,4.556459371548893,2.585275916198945,0.71284753,-1.4336217167026004,4.018897632901545,0.3576096282854645
2021-10-21,933.152,6.809701340985509,2.5663429310078043,0.57436556,-1.3952871731690542,3.9616301041768582,0.3532640917720625
2021-10-22,927.625,1.2907966431679578,2.5474688299093877,-0.005518735,-1.356517695286796,3.903986525196183,0.3488001676437152
2021-10-23,929.284,2.9579073676377874,2.528652135825803,-0.15172355,-1.3173340256045478,3.845986161430351,0.3442195557180694
2021-10-24,936.754,10.436006183798757,2.509890540493481,-1.408906,-1.2777571650245605,3.7876477055180415,0.3395240077010332
2021-10-25,928.515,2.204782299159304,2.4911809170973798,-1.9122577,-1.23780835863803,3.728989275735409,0.3347153264704848
2021-10-26,929.676,3.3735622737319773,2.4725193340518854,-2.0127764,-1.1975090812632536,3.670028415315139,0.3297953653225881
2021-10-27,928.08,1.7853067734239785,2.4539010699072863,-2.0747473,-1.1568810226983532,3.61078209260564,0.3247660271810215
2021-10-28,929.646,3.358901371659143,2.435320629359274,-2.070307,-1.1159460727008137,3.5512667020600874,0.3196292637694644
2021-10-29,933.514,7.234475397327147,2.4167717603375003,-2.0619822,-1.074726305706429,3.491498066043929,0.3143870747477262
2021-10-30,934.754,8.481888817932022,2.3982474721479714,-2.0560262,-1.0332439653006382,3.4314914374486096,0.3090415068119423
2021-10-31,935.027,8.762293052068395,2.3797400546427494,-2.0217202,-0.9915214484555798,3.3712615030983293,0.3035946527593007
2021-11-01,931.656,5.398687427384781,2.361241098389109,-2.2252371,-0.9495812895465302,3.310822387935639,0.2980486505178013
2021-11-02,927.325,1.0750712715295734,2.3427415158091867,-2.2011082,-0.9074461441617307,3.2501876599709174,0.2924056821415959
2021-11-03,931.56,5.317443912151717,2.324231563259818,-2.168408,-0.8651387727199062,3.1893703359797243,0.2866679727724789
2021-11-04,927.006,0.770804676899278,2.3057008640212757,-2.394383,-0.8226820239101249,3.1283828879314,0.2808377895681581
2021-11-05,926.537,0.3091528934211576,2.287138432162384,-2.4145145,-0.7800988179688289,3.0672372501312126,0.2749174405979558
2021-11-06,925.409,-0.811512110634363,2.268532697248474,-2.4217632,-0.7374121298092693,3.005944827057744,0.268909273706635
2021-11-07,928.204,1.9912054669925308,2.2498715298576157,-2.3706644,-0.6946449720187415,2.9445165018763566,0.2628156753470811
2021-11-08,929.141,2.9359060928133305,2.2311422678695827,-2.3175604,-0.6518203777392695,2.882962645608852,0.2566390693826049
2021-11-09,927.775,1.5775891541773437,2.212331743491078,-2.6955123,-0.6089613834476524,2.8212931269387305,0.2503819158596695
2021-11-10,923.156,-3.033745961566458,2.193426310979794,-2.656528,-0.5660910116509332,2.7595173226307272,0.2440467097518751
2021-11-11,923.08,-3.101930012420246,2.1744118750292034,-2.644016,-0.5232322535135818,2.697644128542785,0.2376359796760722
2021-11-12,926.961,0.7870786797933342,2.1552739197749684,-2.6477892,-0.4804080514328461,2.6356819712078146,0.2311522865815064
2021-11-13,927.669,1.5030659809703888,2.1359975383833287,-2.6012323,-0.437641281578877,2.5736388199622056,0.2245982224129328
2021-11-14,927.824,1.6660313364747394,2.116567463180917,-2.5874941,-0.3949547364163311,2.5115221995972483,0.2179764087486583
2021-11-15,929.881,3.730974191670247,2.096968096285092,-2.5826712,-0.3523711072243857,2.449339203509477,0.2112894954145209
2021-11-16,929.237,3.0948295796432603,2.077183540692929,-2.5466754,-0.3099129666320377,2.3870965073249666,0.2045401590748207
2021-11-17,930.961,4.826510685257704,2.057197631786891,-2.488994,-0.2676027511857989,2.32480038297269,0.1977311018012671
2021-11-18,927.68,1.5529334484707764,2.03699396921432,-2.4513948,-0.2254627439668574,2.262456713181177,0.1908650496210174
2021-11-19,930.109,3.989344074978757,2.016555949097737,-2.5178623,-0.1835150572748597,2.200071006372597,0.1839447510449236
2021-11-20,919.127,-6.985258059413406,1.9958667965325088,-2.4605951,-0.1417816153955053,2.137648411928014,0.1769729755771129
2021-11-21,924.109,-1.995873578901352,1.974909598327992,-2.4193795,-0.1002841374691183,2.07519373579711,0.1699525122070669
2021-11-22,927.351,1.2537757670609655,1.953667335948169,-2.378277,-0.0590441204773909,2.0127114564255604,0.1628861678853805
2021-11-23,927.949,1.8591647382534044,1.9321229186075253,-2.3453612,-0.018082822365411,1.9502057409729363,0.1557767659843995
2021-11-24,924.88,-1.202460453894656,1.910259216477696,-2.292368,0.0225787546839068,1.887680461793789,0.1486271447449638
2021-11-25,924.266,-1.8087641614944268,1.888059093960432,-2.2840958,0.0629198808059695,1.8251392131544624,0.1414401557105006
2021-11-26,924.561,-1.506047365791352,1.8655054429823468,-2.2680087,0.1029201148243101,1.7625853281580366,0.1342186621497259
2021-11-27,919.648,-6.410929342690739,1.8425812162668425,-2.240751,0.1425593204172189,1.7000218958496234,0.1269655374692322
2021-11-28,928.413,2.3623502636459297,1.8192694605388835,-2.2313428,0.1818176820644842,1.6374517784743992,0.119683663617256
2021-11-29,924.678,-1.3643831187512403,1.795553349618194,-2.183297,0.2206757207576905,1.5748776288605035,0.1123759294799362
2021-11-30,927.953,1.9190416794845488,1.771416217356777,-2.1487484,0.2591143094577162,1.5123019078990607,0.105045229271371
2021-12-01,923.767,-2.258546331455104,1.7468415903769006,-2.121857,0.2971146882831582,1.4497269020937424,0.0976944609188213
2021-12-02,922.578,-3.4390864208016927,1.7218132205659056,-2.0716603,0.3346584794137393,1.3871547411521663,0.0903265244443833
2021-12-03,922.064,-3.9444396143866696,1.6963151172845965,-2.0161903,0.3717277016928589,1.3245874155917376,0.0829443203444925
2021-12-04,924.522,-1.4775262118872885,1.6703315792463955,-1.9707291,0.4083047849137805,1.262026794332615,0.0755507479686052
2021-12-05,925.21,-0.7806248690193711,1.643847226024877,-1.9211085,0.4443725837741318,1.1994746422507454,0.0681487038984266
2021-12-06,926.14,0.1587675559616674,1.6168470291478052,-1.9022462,0.4799143914837118,1.1369326376640934,0.0607410803290392
2021-12-07,927.623,1.6511410523495749,1.589316342736367,-1.9098902,0.5149139530108771,1.07440238972549,0.0533307634533129
2021-12-08,928.059,2.096160201239561,1.5612409336489506,-1.8980461,0.5493554779530891,1.0118854556958614,0.0459206318509489
2021-12-09,927.688,1.7341690926547644,1.5326070110894092,-1.9458988,0.5832236530175368,0.9493833580718724,0.0385135548835366
2021-12-10,925.752,-0.1928326176591706,1.5034012556405512,-1.9441605,0.6165036540980631,0.8868976015424881,0.0311123910969831
2021-12-11,925.045,-0.8904064445312749,1.4736108476843113,-2.0136392,0.6491811579350563,0.824429689749255,0.0237199866326774
2021-12-12,923.419,-2.506629753855348,1.4432234951708889,-2.4302645,0.6812423533452286,0.76198114182566,0.0163391736487454
2021-12-13,930.334,4.418162787738201,1.4122274606999898,-2.9610534,0.7126739520087211,0.6995535086912688,0.0089727687527462
2021-12-14,930.487,4.580895744955036,1.380611587878292,-3.251167,0.7434631988012822,0.6371483890770099,0.0016235714471494
2021-12-15,926.886,0.9892377422977784,1.3483653269180669,-3.5994687,0.7735978816597449,0.574767445258322,-0.0057056374110733
2021-12-16,923.005,-2.8827740549391017,1.3154787594430233,-3.8787766,0.8030663409694438,0.5124124184735794,-0.013012097135425
2021-12-17,922.034,-3.8447955413751567,1.2819426224684212,-3.8241897,0.8318574784626596,0.4500851440057616,-0.0202930687181151
2021-12-18,923.875,-1.9943841301835128,1.247748331523571,-3.8027153,0.8599607656176664,0.3877875659059044,-0.0275458363202595
2021-12-19,928.986,3.126271062773687,1.212888002885992,-3.7855546,0.8873662515483957,0.3255217513375964,-0.0347677087427658
2021-12-20,925.253,-0.5972056667488612,1.1773544748976434,-3.754357,0.91406457037527,0.2632899045223735,-0.041956020876644
2021-12-21,928.42,2.5796256229904317,1.141141328334867,-3.7817698,0.9400469480681948,0.2010943802666721,-0.0491081351315032
2021-12-22,930.396,4.565084825148153,1.1042429058047971,-3.9169319,0.9653052087533044,0.1389376970514927,-0.0562214428410055
2021-12-23,928.831,3.009152156997452,1.0666543301424862,-4.4245944,0.989831780475484,0.0768225496670022,-0.0632933656440835
2021-12-24,934.371,8.55769091844277,1.028371521784043,-4.6490183,1.0136197004092886,0.0147518213747543,-0.0703213568407332
2021-12-25,928.13,2.324893968820986,0.9893912150925904,-4.988566,1.0366626195114008,-0.0472714044188102,-0.0773029027212386
2021-12-26,924.577,-1.2201161273246397,0.949710973615113,-5.178263,1.058954806608345,-0.1092438329932319,-0.0842355238676895
2021-12-27,926.615,0.8258514700453432,0.9093292042496396,-5.4292107,1.0804911519137046,-0.171161947664065,-0.0911167764266924
2021-12-28,924.352,-1.4293751029158586,0.8682451703037597,-5.4180093,1.1012671699696874,-0.2330219996659277,-0.0979442533522036
2021-12-29,926.737,0.9635444257078818,0.8264590034266844,-5.5160117,1.1212790020084786,-0.2948199985817942,-0.1047155856174291
2021-12-30,925.622,-0.1436848380377793,0.7839717143986888,-5.477924,1.1405234177293453,-0.3565517033306564,-0.1114284433947869
2021-12-31,925.119,-0.6389416132482015,0.7407852027632241,-5.4598665,1.1589978164881176,-0.4182126137248935,-0.1180805372029378
2022-01-01,923.677,-2.073054343585982,0.6969022652883372,-5.4264445,1.1767002278962588,-0.4797979626079216,-0.1246696190199402
2022-01-02,925.063,-0.679164594505306,0.6523266032458217,-5.369799,1.193629311827277,-0.5413027085814552,-0.1311934833616045
2022-01-03,918.14,-7.593974332343845,0.6070628284977345,-5.621075,1.2097843578289325,-0.6027215293311979,-0.1376499683241687
2022-01-04,919.767,-5.958828372103644,0.5611164683816984,-5.8022165,1.2251652839402358,-0.6640488155585375,-0.144036956590446
2022-01-05,918.891,-6.82646663721315,0.5144939693878149,-5.833154,1.239772634912879,-0.7252786655250641,-0.1503523763986315
2022-01-06,920.878,-4.831157160645676,0.4672026996215946,-5.8517027,1.2536075798373647,-0.78640488021577,-0.156594202472998
2022-01-07,923.943,-1.7579002834838673,0.4192509500489769,-5.956547,1.2666719091746834,-0.8474209591257065,-0.1627604569157438
2022-01-08,927.544,1.8513036531891107,0.370647934520863,-5.8684278,1.2789680311950573,-0.9083200966741942,-0.1688492100592998
2022-01-09,921.724,-3.9607128639200098,0.3214037885764059,-5.7976375,1.2904989678258254,-0.9690951792494196,-0.1748585812784357
2022-01-10,919.667,-6.009452243366914,0.271529567025665,-5.723009,1.301268349911275,-1.02973878288561,-0.1807867397615559
2022-01-11,921.383,-4.28525941654506,0.2210372403139167,-5.6661406,1.3112804118876809,-1.0902431715737642,-0.1866319052406134
2022-01-12,924.58,-1.0801346982597746,0.1699396896714514,-5.6020374,1.3205399858776066,-1.150600296206155,-0.1923923486791054
2022-01-13,921.821,-3.8310784033167087,0.1182507010542286,-5.5467806,1.3290524952080036,-1.210801794153775,-0.1980663929176692
2022-01-14,927.52,1.8759091534782613,0.0659849578822991,-5.482919,1.336823947357325,-1.2708389894750256,-0.2036524132768327
2022-01-15,924.547,-1.089870677964806,0.0131580325845215,-5.414321,1.343860926337466,-1.3307028937529446,-0.2091488381165171
2022-01-16,924.069,-1.560385176619424,-0.0402136230404251,-5.3507953,1.350170584516948,-1.3903842075573731,-0.2145541493519447
2022-01-17,919.126,-6.495979327639107,-0.0941126886352767,-5.28933,1.3557606338923214,-1.4498733225275982,-0.2198668829256272
2022-01-18,918.041,-7.573653499589541,-0.1485209872545501,-5.2233343,1.3606393368154577,-1.5091603240700076,-0.2250856292351869
2022-01-19,917.662,-7.945408061036432,-0.2034194984795569,-5.161615,1.3648154961848575,-1.5682349946644143,-0.2302090335167756
2022-01-20,920.722,-4.878243380546065,-0.2587883726621295,-5.1365414,1.3682984451097924,-1.627086817771922,-0.2352357961839283
2022-01-21,921.797,-3.796159826684313,-0.3146069462795115,-5.078152,1.37109803605659,-1.6857049823361017,-0.2401646731217151
2022-01-22,925.598,0.0118422319831728,-0.3708537583817395,-5.0039005,1.3732246294870205,-1.74407838786876,-0.2449944759361217
2022-01-23,920.976,-4.603237573109725,-0.4275065681110781,-4.9361787,1.3746890819991766,-1.8021956501102547,-0.2497240721586073
2022-01-24,922.171,-3.4010365782836702,-0.4845423732720157,-4.879246,1.3755027339819272,-1.860045107253943,-0.2543523854058643
2022-01-25,923.711,-1.853908319342981,-0.5419374299288131,-4.8121533,1.3756773967944496,-1.9176148267232629,-0.2588783954948317
2022-01-26,924.777,-0.7806859388826588,-0.5996672730062937,-4.734525,1.3752253394829033,-1.974892612489197,-0.2633011385130633
2022-01-27,919.636,-5.914407255320638,-0.6577067378683462,-4.653665,1.3741592750468372,-2.0318660129151835,-0.2676197068446029
2022-01-28,920.144,-5.399179394956108,-0.7160299828473017,-4.580474,1.3724923462684269,-2.0885223291157287,-0.2718332491515643
2022-01-29,919.329,-6.20701711417034,-0.7746105126961516,-4.5076504,1.3702381111180697,-2.1448486238142213,-0.275940970311649
2022-01-30,922.198,-3.3309206822782875,-0.833421202934416,-4.4606724,1.3674105277504278,-2.200831730684844,-0.2799421313118965
2022-01-31,923.86,-1.6618903685954922,-0.8924343250572394,-4.4403777,1.3640239391053672,-2.2564582641626068,-0.2838360490989925
2022-02-01,921.376,-4.13892644243716,-0.9516215725763264,-4.3867817,1.360093057128806,-2.3117146297051323,-0.2876220963865145
2022-02-02,920.723,-4.785029173118444,-1.0109540878601475,-4.3588667,1.355632946628788,-2.3665870344889357,-0.29129970141953
2022-02-03,915.211,-10.290198829954525,-1.0704024897398707,-4.3409605,1.3506590087826498,-2.4210614985225205,-0.2948683476970185
2022-02-04,918.997,-6.497435682260828,-1.1299369018464898,-4.317287,1.3451869643114045,-2.4751238661578943,-0.2983275736526154
2022-02-05,919.206,-6.28173999935237,-1.1895269816437404,-4.266959,1.3392328363379824,-2.528759817981723,-0.3016769722942327
2022-02-06,920.467,-5.014112050544599,-1.2491419501203265,-4.2010756,1.3328129329462624,-2.581954883066589,-0.3049161908031458
2022-02-07,920.751,-4.723552105152638,-1.308750622104429,-4.1476483,1.325943829458171,-2.6346944515625994,-0.3080449300931787
2022-02-08,917.569,-7.899060432491763,-1.3683214371623746,-4.097412,1.3186423504465286,-2.686963787608903,-0.3110629443306582
2022-02-09,917.948,-7.513637301877167,-1.4278224910427952,-4.0556436,1.3109255515015392,-2.7387480425443345,-0.313970040415852
2022-02-10,922.137,-3.318282982624182,-1.4872215676268432,-4.012786,1.3028107007692078,-2.7900322683960512,-0.3167660774266421
2022-02-11,920.387,-5.061997744047845,-1.5464861713443596,-3.962382,1.2943152602801753,-2.840801431624535,-0.319450966025214
2022-02-12,922.511,-2.931781855463636,-1.6055835600153805,-3.9005747,1.2854568670877995,-2.89104042710318,-0.3220246678286027
2022-02-13,920.547,-4.889635586186671,-1.6644807780756647,-3.8381457,1.276253314234432,-2.9407340923100964,-0.3244871947439376
2022-02-14,917.212,-8.21855920553232,-1.723144690144677,-3.8037453,1.2667225315651929,-2.98986722170987,-0.3268386082692997
2022-02-15,921.157,-4.267552982815641,-1.781542014893793,-3.7778082,1.2568825664086491,-3.038424581302442,-0.3290790187611101
2022-02-16,924.616,-0.8023363681315208,-1.8396393591722056,-3.7379408,1.246751564144025,-3.0863909233162303,-0.3312085846690168
2022-02-17,921.147,-4.265182819058445,-1.8974032523477464,-3.710214,1.236347748674708,-3.1337510010224543,-0.3332275117392752
2022-02-18,919.393,-6.013092563326255,-1.954800180819436,-3.6596584,1.2256894028279868,-3.180489583647423,-0.3351360521876405
2022-02-19,919.193,-6.20706582866454,-2.0117966226584856,-3.6127775,1.2147948487010412,-3.2265914713595265,-0.3369345038428379
2022-02-20,924.561,-0.8331028428029301,-2.0683590823341573,-3.58052,1.203682427973292,-3.2720415103074494,-0.3386232092616771
2022-02-21,921.649,-3.739203833470914,-2.12445412548102,-3.5855744,1.192370482205375,-3.316824607686395,-0.3402025548169324
2022-02-22,922.337,-3.0453690283982526,-2.1800484136637714,-3.618577,1.1808773331449007,-3.360925746808672,-0.3416729697591124
2022-02-23,920.038,-5.338598655314693,-2.235108739096126,-3.6015851,1.1692212630594023,-3.4043300021555285,-0.3430349252532848
2022-02-24,922.319,-3.0518929419498706,-2.289602059270091,-3.5606182,1.1574204951166709,-3.447022554386762,-0.3442889333921293
2022-02-25,921.13,-4.235252116033269,-2.343495531452149,-3.5167284,1.1454931738328276,-3.488988705284976,-0.3454355461864264
2022-02-26,916.475,-8.884676405294627,-2.3967565470031635,-3.474651,1.133457345608383,-3.5302138926115463,-0.3464753545341932
2022-02-27,916.297,-9.057166037463604,-2.4493527654787592,-3.4746487,1.121330939372466,-3.570683704851225,-0.3474089871697197
2022-02-28,919.71,-5.638721240269812,-2.501252148467557,-3.4917598,1.1091317473553683,-3.610383895822925,-0.3482371095937488
2022-03-01,923.163,-2.180172367273025,-2.552422993124696,-3.482397,1.0968774060094495,-3.6493003991341446,-0.348960422986076
2022-03-02,921.908,-3.429461908670977,-2.602833965358664,-3.4551399,1.08458537709828,-3.687419342456944,-0.3495796631018552
2022-03-03,922.414,-2.917819222691101,-2.6524541326298023,-3.4892502,1.0722729289738413,-3.724727061603644,-0.3500955991529098
2022-03-04,921.349,-3.977140774198397,-2.701252996319343,-3.4710343,1.0599571180613665,-3.7612101143807095,-0.3505090326753481
2022-03-05,919.698,-5.622527617557959,-2.749200523628499,-3.4675758,1.047654770571275,-3.7968552941997737,-0.3508207963848122
2022-03-06,919.57,-5.7449799060462015,-2.796267178967613,-3.4213548,1.0353824644574194,-3.831649643425032,-0.3510317530206785
2022-03-07,918.211,-7.098497792939931,-2.842423954796054,-3.369905,1.0231565116406611,-3.865580466436715,-0.3511427941805406
2022-03-08,923.988,-1.316081431515296,-2.887642401874346,-3.3185372,1.0109929405165532,-3.8986353423908993,-0.3511548391463145
2022-03-09,923.532,-1.7667309750488849,-2.9318946588906267,-3.280848,0.9989074787655868,-3.930802137656213,-0.351068833703302
2022-03-10,922.903,-2.3904465768170877,-2.9751534814244827,-3.235143,0.986915536484283,-3.9620690179087656,-0.350885748953549
2022-03-11,918.43,-6.858228390096404,-3.0173922702119538,-3.1853156,0.9750321896549948,-3.9924244598669487,-0.3506065801248489
2022-03-12,920.372,-4.911076568163151,-3.0585850986764163,-3.1464055,0.963272163972025,-4.0218572626484415,-0.3502323453767132
2022-03-13,925.359,0.0810087357062148,-3.098706739691124,-3.216838,0.9516498190413316,-4.050356558732456,-0.3497640846046593
2022-03-14,923.174,-2.0989726317648514,-3.137732691539917,-3.1690981,0.9401791329706656,-4.077911824510583,-0.3492028582441371
2022-03-15,917.418,-7.850020823852914,-3.175639203043981,-3.3765986,0.9288736873667076,-4.104512890410689,-0.3485497460754166
2022-03-16,919.867,-5.396135993834242,-3.212403297823245,-3.3268046,0.917746652755258,-4.130149950578502,-0.3478058460307542
2022-03-17,920.824,-4.43431829498517,-3.2480027976624366,-3.300138,0.906810774440222,-4.154813572102658,-0.346972273005145
2022-03-18,922.189,-3.0645678805822856,-3.282416344952799,-3.2557545,0.8960783588166444,-4.178494703769443,-0.3460501576719511
2022-03-19,925.366,0.1171150960977325,-3.315623424181694,-3.3114703,0.8855612601526002,-4.201184684334295,-0.3450406453046885
2022-03-20,922.225,-3.019269518221334,-3.3476043824435004,-3.261051,0.8752708678543081,-4.222875250297808,-0.3439448946062446
2022-03-21,923.461,-1.778721876815767,-3.378340448946624,-3.230756,0.8652180942283327,-4.243558543174957,-0.3427640765467721
2022-03-22,919.873,-5.362242132962268,-3.407813753492573,-3.2169538,0.8554133627542574,-4.263227116246831,-0.3414993732114973
2022-03-23,922.654,-2.5768304399373,-3.4360073439044,-3.1742878,0.8458665968806832,-4.281873940785083,-0.34015197665966
2022-03-24,926.392,1.1655130489827672,-3.4629052023832645,-3.0991402,0.8365872093569057,-4.29949241174017,-0.3387230877957802
2022-03-25,927.924,2.7014614811966986,-3.48849226077317,-3.0150907,0.8275840921120635,-4.316076352885234,-0.3372139152544265
2022-03-26,924.833,-0.3861604323955199,-3.512754414715307,-2.9378054,0.8188656066930186,-4.331620021408326,-0.3356256742996397
2022-03-27,925.274,0.0581569292109842,-3.5356785366749697,-2.879188,0.8104395752716328,-4.346118111946603,-0.333959585740141
2022-03-28,926.899,1.6864132872533584,-3.557252487825371,-2.988754,0.8023132722315756,-4.359565760056946,-0.3322168748614267
2022-03-29,921.411,-3.7989329135478194,-3.5774651287742034,-2.962848,0.7944934163441671,-4.37195854511837,-0.3303987703758264
2022-03-30,925.38,0.1726588885571833,-3.596306329120267,-2.9385595,0.7869861635421782,-4.383292492662445,-0.3285065033915763
2022-03-31,924.569,-0.6358116664217073,-3.613766975829007,-2.8843782,0.7797971002999118,-4.393564076128919,-0.3265413064019234
2022-04-01,926.93,1.727655061525739,-3.629838980417337,-2.8180885,0.7729312376272535,-4.40277021804459,-0.3245044122952577
2022-04-02,922.165,-3.035639436811059,-3.644515284939583,-2.7622893,0.7663930056847501,-4.4109082906243335,-0.3223970533872228
2022-04-03,924.16,-1.0389789022277545,-3.6577898667680966,-2.7191844,0.7601862490261782,-4.417976115794275,-0.3202204604757409
2022-04-04,925.905,0.7076361990884517,-3.66965774216341,-2.8077457,0.754314222474341,-4.423971964637751,-0.3179758619198361
2022-04-05,926.823,1.6268425292105706,-3.680114968630592,-2.794394,0.7487795876352926,-4.428894556265885,-0.3156644827431239
2022-04-06,924.611,-0.5841237484231334,-3.689158646059912,-2.7429364,0.7435844100554392,-4.432743056115351,-0.313287543762787
2022-04-07,920.56,-4.634129981449045,-3.696786916651466,-2.6807983,0.7387301570253205,-4.435517073676787,-0.3108462607448229
2022-04-08,924.868,-0.3251767115085318,-3.7029989636250846,-2.6341517,0.7342176960332828,-4.437216659658367,-0.3083418435863195
2022-04-09,925.168,-0.024264480242673,-3.70779500871834,-2.587205,0.7300472938714846,-4.437842302589825,-0.3057754955254668
2022-04-10,929.621,4.429409853203579,-3.711176308477063,-2.559538,0.7262186163960516,-4.437394924873114,-0.303148412379982
2022-04-11,926.838,1.646596909100832,-3.713145149344306,-2.7655487,0.7227307289425422,-4.435875878286849,-0.3004617818145845
2022-04-12,925.749,0.5567390199519449,-3.71370484155534,-2.8017225,0.7195820973971473,-4.433286938952487,-0.2977167826381102
2022-04-13,924.89,-0.3032173996617158,-3.712859711847656,-2.873384,0.7167705899234404,-4.4296303017710965,-0.2949145841308269
2022-04-14,921.105,-4.089219446535776,-3.710615094996641,-3.1918309,0.7142934793437247,-4.424908574340366,-0.2920563454024614
2022-04-15,923.563,-1.6322679203063692,-3.7069773241890034,-3.1786149,0.7121474461734615,-4.4191247703624645,-0.2891432147814075
2022-04-16,918.054,-7.14236362060999,-3.7019537202475634,-3.556147,0.7103285823064505,-4.412282302554014,-0.2861763292355502
2022-04-17,919.518,-5.679507347083264,-3.695552579722553,-3.5003192,0.7088323953478816,-4.4043849750704345,-0.2831568138250916
2022-04-18,916.139,-9.059699899362002,-3.6877831618659367,-3.5139208,0.7076538135916215,-4.395436975457558,-0.2800857811877177
2022-04-19,918.93,-6.269942077082854,-3.6786556745068095,-3.6488984,0.7067871916374263,-4.385442866144237,-0.2769643310564187
2022-04-20,923.393,-1.80823467988221,-3.6681812588473353,-3.746166,0.7062263166431925,-4.374407575490528,-0.2737935498102107
2022-04-21,921.31,-3.89257850739626,-3.656371973199964,-3.9768527,0.7059644152065665,-4.362336388406531,-0.2705745100579779
2022-04-22,916.584,-8.619974359261441,-3.6432407756883056,-3.984763,0.7059941608696791,-4.349234936557985,-0.2673082702556082
2022-04-23,918.485,-6.719528925309112,-3.628801505935028,-3.9464548,0.7063076822400673,-4.335109188175096,-0.2639958743565438
2022-04-24,919.715,-5.4899876926434,-3.613068865761792,-3.8745687,0.7068965717202093,-4.319965437482001,-0.260638351495835
2022-04-25,920.746,-4.459473054210132,-3.596058398927317,-3.806205,0.7077518948374755,-4.303810293764792,-0.2572367157077357
2022-04-26,919.865,-5.340985658710577,-3.5777864699309427,-3.7346985,0.7088642001656457,-4.286650670096589,-0.2537919656768361
2022-04-27,921.232,-3.9745112653796655,-3.558270241910358,-3.6528897,0.7102235298285395,-4.268493771738897,-0.2503050845226833
2022-04-28,921.326,-3.881065007779667,-3.5375276536632567,-3.607068,0.7118194305756829,-4.24934708423894,-0.2467770396178049
2022-04-29,923.768,-1.439196839016056,-3.5155773958238083,-3.5435438,0.7136409654193391,-4.229218361243148,-0.2432087824389935
2022-04-30,919.627,-5.580345851872585,-3.4924388862260294,-3.5462983,0.7156767258216414,-4.208115612047671,-0.2396012484516828
2022-05-01,922.062,-3.1455126261034723,-3.468132244487076,-3.5089433,0.7179148444199607,-4.186047088907037,-0.2359553570271938
2022-05-02,922.53,-2.677630826726529,-3.4426782658445694,-3.5161002,0.7203430082781249,-4.163021274122694,-0.2322720113925855
2022-05-03,921.181,-4.026766129897724,-3.4160983942830305,-3.476034,0.7229484726504986,-4.139046866933529,-0.2285520986128167
2022-05-04,918.548,-6.659882316430214,-3.388414694985361,-3.4099588,0.725718075245386,-4.114132770230746,-0.2247964896048688
2022-05-05,914.983,-10.224907955431991,-3.3596498261462897,-3.425179,0.7286382509737858,-4.088288077120075,-0.2210060391834453
2022-05-06,918.544,-6.663948472289724,-3.3298270101854044,-3.4872944,0.7316950471688412,-4.061522057354246,-0.217181586137829
2022-05-07,918.706,-6.502004415438509,-3.2989700043983547,-3.5154872,0.734874139261004,-4.033844143659358,-0.2133239533394308
2022-05-08,920.021,-5.187076333313446,-3.267103071085251,-3.5986495,0.7381608468933257,-4.005263917978577,-0.2094339478795274
2022-05-09,923.501,-1.707164774349376,-3.2342509471963576,-3.651916,0.7415401504608706,-3.975791097657228,-0.2055123612366528
2022-05-10,919.163,-6.04520637869341,-3.200438813535388,-3.6338522,0.7449967080577903,-3.945435521593178,-0.2015599694730665
2022-05-11,916.719,-8.488938829916254,-3.1656922635616715,-3.572798,0.7485148728151405,-3.914207136376812,-0.1975775334596802
2022-05-12,916.15,-9.057678870988996,-3.1300372718326464,-3.546452,0.7520787106121253,-3.882115982444772,-0.1935657991288088
2022-05-13,922.539,-2.6684269927491195,-3.093500162128857,-3.5245507,0.755672018143041,-3.849172180271898,-0.1895254977540524
2022-05-14,920.165,-5.042183686033959,-3.056107575303905,-3.4864414,0.7592783413217946,-3.8153859166256994,-0.1854573462566001
2022-05-15,916.989,-8.217949441681068,-3.0178864369022453,-3.4154189,0.7628809940055609,-3.7807674309078063,-0.1813620475372097
2022-05-16,920.361,-4.845724750527982,-2.978863924587895,-3.3480437,0.7664630770186981,-3.745327001606593,-0.1772402908330852
2022-05-17,923.428,-1.778510103411992,-2.9390674354275688,-3.2616286,0.7700074974578314,-3.7090749328854,-0.17309275209884
2022-05-18,917.42,-7.786305991170641,-2.898524553071697,-3.192305,0.7734969882585964,-3.6720215413302935,-0.1689200944107192
2022-05-19,916.836,-8.370109324908178,-2.857263014877194,-3.1453779,0.7769141280043453,-3.6341771428815393,-0.164722968393204
2022-05-20,922.328,-2.877761998549756,-2.8153106790156017,-3.0862992,0.7802413609567662,-3.595552039972368,-0.1605020126671185
2022-05-21,919.202,-6.003422177442266,-2.7726954916105844,-3.0176797,0.7834610172881696,-3.556156508898754,-0.1562578543183182
2022-05-22,919.052,-6.153090327890966,-2.729445453948405,-2.941734,0.7865553334949641,-3.516000787443369,-0.1519911093860184
2022-05-23,918.182,-7.02276691620153,-2.685588589805154,-2.8846862,0.7895064729716206,-3.4750950627767745,-0.1477023833698044
2022-05-24,924.825,-0.3794524086794353,-2.6411529129341966,-2.8516996,0.7922965467242529,-3.433449459658449,-0.1433922717543351
2022-05-25,923.823,-1.3812941266111771,-2.5961663947571463,-2.8027287,0.7949076342027677,-3.391074028959914,-0.1390613605507413
2022-05-26,921.257,-3.947141624554013,-2.5506569323014325,-2.7370842,0.7973218042304334,-3.347978736531866,-0.1347102268536892
2022-05-27,923.729,-1.4749953911646123,-2.504652316427104,-2.7000606,0.7995211360095066,-3.3041734524366104,-0.1303394394130755
2022-05-28,920.224,-4.9798559151000585,-2.458180200385304,-2.7530124,0.8014877401816145,-3.2596679405669184,-0.1259495592192943
2022-05-29,922.714,-2.4890866838585843,-2.4112680687501453,-2.7620714,0.8032037799213034,-3.2144718486714488,-0.1215411401010077
2022-05-30,925.958,0.7564796067118142,-2.3639432067655504,-2.7408383,0.8046514920413401,-3.1685946988068903,-0.1171147293343373
2022-05-31,920.969,-4.231114416043292,-2.316232670147764,-2.6816218,0.8058132080881126,-3.1220458782358764,-0.1126708682623788
2022-06-01,923.042,-2.156538765070588,-2.268163255383832,-2.6169875,0.8066713754056212,-3.0748346307894527,-0.1082100929239383
2022-06-02,925.393,0.1960772872442917,-2.219761470565644,-2.5503662,0.8072085781464744,-3.0269700487121183,-0.1037329346903771
2022-06-03,923.293,-1.9025038985737253,-2.171053506798391,-2.5005825,0.8074075582083767,-2.978461065006768,-0.0992399209094436
2022-06-04,927.518,2.3239949834288067,-2.1220652102215176,-2.5138326,0.8072512360746222,-2.92931644629614,-0.0947315755549639
2022-06-05,928.683,3.4903112538577403,-2.072822054679522,-2.7936049,0.8067227315372392,-2.879544786216762,-0.0902084198812673
2022-06-06,922.932,-2.259326480873104,-2.0233491150790184,-2.7511005,0.8058053842814542,-2.8291544993604725,-0.08567097308121
2022-06-07,924.2,-0.9898615580101732,-1.973671041467542,-2.6856499,0.8044827743103419,-2.778153815777884,-0.0811197529466613
2022-06-08,924.255,-0.9333442782920552,-1.9238120338687448,-2.625656,0.8027387421886178,-2.7265507760573624,-0.0765552765303283
2022-06-09,926.466,1.2792250129404323,-1.8737958179074337,-2.5470166,0.8005574090847041,-2.674353226992138,-0.0719780608077768
2022-06-10,922.935,-2.2503416341352445,-1.8236456212570715,-2.4949138,0.7979231965904253,-2.6215688178474967,-0.0673886233385287
2022-06-11,925.683,0.4991454085615454,-1.7733841509410164,-2.4704196,0.7948208462978207,-2.568204997238837,-0.0627874829251098
2022-06-12,921.751,-3.431355985747986,-1.7230335715179257,-2.5827713,0.7912354391128863,-2.514269010630812,-0.0581751602689326
2022-06-13,924.38,-0.8007519412668247,-1.6726154841802667,-2.560543,0.7871524142861939,-2.4597678984664606,-0.0535521786219062
2022-06-14,924.785,-0.3940927858275014,-1.6221509067939026,-2.53821,0.7825575881407283,-2.404708494934631,-0.0489190644326731
2022-06-15,928.584,3.406593902478136,-1.5716602549053449,-2.497584,0.7774371724774429,-2.349097427382788,-0.0442763479863857
2022-06-16,931.404,6.228256245345045,-1.5211633237419524,-2.4435973,0.7717777926394515,-2.292941116381404,-0.0396245640369465
2022-06-17,924.886,-0.2880957801704813,-1.4706792712291437,-2.4037354,0.7655665052160561,-2.2362457764452,-0.0349642524306465
2022-06-18,921.502,-3.670757279831702,-1.4202266020471592,-2.3681152,0.7587908153681175,-2.1790174174152765,-0.0302959587201629
2022-06-19,928.354,3.1830961679897354,-1.3698231527487017,-2.3180199,0.7514386937567408,-2.1212618465054423,-0.0256202347678716
2022-06-20,926.223,1.0536064681166315,-1.319486077957161,-2.2556908,0.7434985930575143,-2.0629846710146755,-0.0209376393374739
2022-06-21,926.112,0.94412071761085,-1.269231837663871,-2.194254,0.7349594640430557,-2.0041913017069266,-0.0162487386729375
2022-06-22,924.449,-0.7176500672934452,-1.219076185641212,-2.1392214,0.7258107712169263,-1.9448869568581384,-0.0115541070637752
2022-06-23,926.33,1.1646061141031598,-1.169034158986979,-2.0773563,0.716042507982523,-1.885076666969502,-0.0068543273957147
2022-06-24,928.705,3.540905605009095,-1.119120068813802,-2.0054379,0.7056452113309091,-1.8247652801447112,-0.002149991685825
2022-06-25,923.565,-1.5980584393816673,-1.0693474920960016,-1.935115,0.694609976032094,-1.7639574681280954,0.0025582983988036
2022-06-26,925.398,0.2361430482264688,-1.0197292646845224,-1.8671641,0.6829284683146818,-1.7026577329992043,0.0072699310397085
2022-06-27,920.908,-4.253167927355041,-0.970277475499203,-1.7862817,0.6705929390193914,-1.6408704145185944,0.0119842837838838
2022-06-28,925.36,0.199628070146973,-0.9210034619058588,-1.7137731,0.6575962362123954,-1.5785996981182542,0.0167007230796221
2022-06-29,927.666,2.506530384985308,-0.8719178062841301,-1.6751791,0.6439318172449723,-1.5158496235291024,0.02141860383216
2022-06-30,928.603,3.444142628369833,-0.8230303337905395,-1.6256853,0.6295937602465372,-1.4526240940370767,0.0261372689799033
2022-07-01,929.853,4.694830035693076,-0.7743501113192794,-1.5740145,0.6145767750386282,-1.3889268863579076,0.0308560490919663
2022-07-02,927.08,1.922269803758464,-0.7258854476620009,-1.5316241,0.5988762134580168,-1.3247616611200177,0.0355742619877356
2022-07-03,928.214,3.056676587043673,-0.6776438948658736,-1.4953172,0.5824880790776947,-1.2601319739435684,0.0402912123791295
2022-07-04,926.776,1.6187430616489498,-0.6296322507878173,-1.4925773,0.5654090363150438,-1.195041287102861,0.0450061915362
2022-07-05,927.701,2.543665360033488,-0.5818565628410086,-1.4921387,0.5476364189171391,-1.1294929817581476,0.0497184769766819
2022-07-06,922.434,-2.7233284527618014,-0.5343221329282534,-1.455033,0.5291682378137357,-1.063490370741989,0.0544273321800654
2022-07-07,920.72,-4.437125345155369,-0.4870335235549696,-1.4196953,0.5100031883290512,-0.9970367118840208,0.0591320063267272
2022-07-08,926.881,1.7243582567741575,-0.439994565113243,-1.3677392,0.4901406567442009,-0.930135221857444,0.0638317340626266
2022-07-09,926.087,0.9309260767397384,-0.3932083643264232,-1.3092108,0.469580726202641,-0.8627890905290643,0.0685257352900282
2022-07-10,921.318,-3.837356415850209,-0.3466773138424011,-1.2672544,0.4483241819517379,-0.7950014957941391,0.0732132149846837
2022-07-11,928.638,3.483600440328404,-0.3004031029619806,-1.2138399,0.4263725159141447,-0.7267756188761253,0.07789336303986
2022-07-12,927.636,2.48263950153872,-0.2543867294872153,-1.1565453,0.4037279305833802,-0.6581146600705956,0.0825653541375707
2022-07-13,927.61,2.4577592473744088,-0.2086285126730349,-1.0991735,0.3803933422386282,-0.5890218549116631,0.0872283476473213
2022-07-14,929.228,4.076495982978722,-0.1631281072638558,-1.0488558,0.3563723834744455,-0.5195004907383014,0.0918814875526449
2022-07-15,930.874,5.72324505718507,-0.1178845185955524,-1.0108101,0.3316694050417866,-0.449553923637339,0.0965239024056677
2022-07-16,927.726,2.5756709144795966,-0.0728961187413896,-0.97784865,0.3062894769973409,-0.3791855957387306,0.1011547053098957
2022-07-17,928.647,3.497213943437792,-0.02816066367928,-0.9332677,0.2802383891589109,-0.3083990528381911,0.1057729939313858
2022-07-18,926.697,1.5479355824464678,0.0163246885438303,-0.89213246,0.2535226508652359,-0.2371979623214055,0.1103778505384124
2022-07-19,925.971,0.8227903936156111,0.060563358676072,-0.846019,0.2261494900393303,-0.1655861313632582,0.114968342069713
2022-07-20,926.339,1.1916685645787544,0.104559326180149,-0.7910697,0.1981268515550614,-0.0935675253749124,0.1195435202313489
2022-07-21,927.042,1.8956384874375805,0.1483171082366351,-0.73929864,0.1694633949074377,-0.0211462866708025,0.1241024216221744
2022-07-22,931.027,5.881789091338497,0.1918417378606987,-0.6982004,0.1401684911876671,0.0516732466730316,0.1286440678878803
2022-07-23,928.57,3.426068419752854,0.2351387411631273,-0.65605,0.110252219364815,0.1248865217983122,0.133167465903524
2022-07-24,925.764,0.6214698326608059,0.2782141137878901,-0.6285945,0.079725361876473,0.1984887519114171,0.1376716079844262
2022-07-25,926.77,1.6290162813225542,0.3210742965595951,-0.6158304,0.0485993995316042,0.2724748970279908,0.1421554721252774
2022-07-26,929.95,4.810667239509321,0.3637261503753476,-0.58654255,0.016886505729342,0.3468396446460056,0.1466180222672503
2022-07-27,928.386,3.248101010065988,0.4061769303766964,-0.5512556,-0.0154004600018012,0.4215773903784976,0.1510582085928814
2022-07-28,928.361,3.224519782809764,0.4484342594384182,-0.53131276,-0.048247959139193,0.4966822185776112,0.1554749678484454
2022-07-29,925.727,0.5919710644197709,0.4905061010118221,-0.5186302,-0.081641781970021,0.5721478829818432,0.1598672236935122
2022-07-30,922.018,-3.115412343805225,0.5324007313614271,-0.5004572,-0.1155670560575451,0.6479677874189722,0.1642338870773255
2022-07-31,922.353,-2.7785385794666397,0.5741267112345751,-0.4816423,-0.1500082553625416,0.7241349665971168,0.1685738566416244
2022-08-01,926.409,1.279662431966892,0.6156928570046044,-0.4664801,-0.1849492100122978,0.8006420670169022,0.1728860191494775
2022-08-02,932.056,6.928898417933912,0.6571082113289539,-0.45832497,-0.2203731167088419,0.8774813280377959,0.1771692499396712
2022-08-03,930.2,5.075145355395371,0.6983820133643444,-0.43030593,-0.2562625497674537,0.954644563131798,0.1814224134061552
2022-08-04,929.273,4.150211715629316,0.7395236685819258,-0.4013262,-0.292599472775929,1.0321231413578549,0.1856443635020174
2022-08-05,924.565,-0.5562907375622075,0.7805427182259542,-0.39638308,-0.3293652508645016,1.109907969090456,0.1898339442674274
2022-08-06,925.026,-0.0935407704582971,0.8214488084601952,-0.37981987,-0.3665406635756653,1.1879894720358606,0.193989990380944
2022-08-07,927.099,1.9809465095183447,0.8622516592466973,-0.34655014,-0.404105918322614,1.2663575775693112,0.1981113277335721
2022-08-08,926.67,1.5536714197303518,0.9029610330022412,-0.31709203,-0.4420406644244755,1.3450016974267167,0.2021967740248986
2022-08-09,922.229,-2.8856223836825365,0.9435867030781032,-0.28673252,-0.4803240077059039,1.423910710784007,0.2062451393806282
2022-08-10,924.305,-0.8072891914584459,0.9841384221091534,-0.26595718,-0.5189345256480922,1.5030729477572455,0.2102552269907945
2022-08-11,924.751,-0.3587096056350511,1.0246258902786831,-0.2413351,-0.5578502830777677,1.5824761733564507,0.2142258337679075
2022-08-12,925.416,0.3090128096337445,1.0650587235455695,-0.20953286,-0.5970488483801489,1.6621075719257186,0.2181557510242605
2022-08-13,928.453,3.3487729132499884,1.1054464218806397,-0.18066289,-0.6365073102214285,1.741953732102068,0.2220437651675998
2022-08-14,927.209,2.1075243236300203,1.1457983375591565,-0.15502085,-0.6762022947658017,1.822000632324958,0.2258886584143368
2022-08-15,928.509,3.410530466917155,1.186123643556533,-0.14823237,-0.7161099833716446,1.9022336269281777,0.2296892095194506
2022-08-16,927.508,2.4127881990708926,1.2264313020942146,-0.13786097,-0.7562061307509148,1.9826374328451293,0.2334441945222195
2022-08-17,927.142,2.050000284301909,1.266730033382938,-0.13073547,-0.7964660835755284,2.0631961169584665,0.2371523875068851
2022-08-18,934.064,8.975144615901177,1.307028284610089,-0.1148139,-0.8368647995139481,2.143893084124037,0.2408125613773429
2022-08-19,930.663,5.5775543371496585,1.347334199218001,-0.08678725,-0.8773768666808488,2.22471106589885,0.2444234886449285
2022-08-20,928.397,3.3152277159054275,1.387655586519666,-0.06967243,-0.9179765234823628,2.305632110002029,0.2479839422283573
2022-08-21,929.336,4.25810437586238,1.4279998916980816,-0.051861145,-0.9586376788390072,2.386637570537089,0.25149269626485
2022-08-22,929.123,4.049242849047669,1.4683741662350844,-0.03255376,-0.9993339327680588,2.4677080990031435,0.2549485269314699
2022-08-23,926.386,1.316641394393795,1.5087850388151094,-0.023310583,-1.0400385973068238,2.5488236361219334,0.2583502132756854
2022-08-24,930.192,5.127298270833223,1.5492386867488384,-0.007762094,-1.0807247177579185,2.629963404506757,0.2616965380541474
2022-08-25,929.633,4.573211737298738,1.5897408079611692,0.0069121653,-1.1213650942373594,2.7111059021985286,0.264986288578677
2022-08-26,927.934,2.879380052722935,1.6302965935873202,0.024503885,-1.1619323035060776,2.792228897093397,0.2682182575684313
2022-08-27,928.498,3.4488014760380645,1.6709107012202151,0.037808202,-1.2023987210650666,2.873309422285282,0.2713912440072325
2022-08-28,931.333,6.28947426617685,1.7115872288517042,0.04709117,-1.242736543494315,2.954323772346019,0.2745040540050038
2022-08-29,928.189,3.1513966820720896,1.7523296895491314,0.070515245,-1.2829178110152557,3.0352475005643877,0.2775555016622878
2022-08-30,928.93,3.898566982656048,1.793140986908249,0.08758057,-1.322914430256503,3.116055417164752,0.2805444099367916
2022-08-31,932.081,7.055983426861388,1.834023391322347,0.10382095,-1.3626981972022023,3.196721588524549,0.283469611510918
2022-09-01,930.677,5.658623940704465,1.8749785171066733,0.12529075,-1.402240820302408,3.277219337409081,0.2863299496592234
2022-09-02,931.094,6.08212552372655,1.9160073005161085,0.15518345,-1.441513943724604,3.3575212442407123,0.2891242791147713
2022-09-03,930.811,5.8058791424961065,1.9571099786931112,0.17752877,-1.480489170725411,3.4375991494185225,0.2918514669333196
2022-09-04,931.379,6.380759142699095,1.998286069581779,0.18875982,-1.5191380871214797,3.5174241567032585,0.2945103933543086
2022-09-05,928.244,3.2528909953232272,2.039534352842776,0.20190817,-1.557432284838383,3.5969666376811587,0.2970999526576123
2022-09-06,934.844,9.860272879192255,2.080852851802598,0.2245107,-1.5953433855163863,3.676196237318985,0.2996190540150123
2022-09-07,927.921,2.9449029731297958,2.122238816469488,0.23838346,-1.6328430641518263,3.755081880621314,0.3020666223353901
2022-09-08,935.66,10.691779455959557,2.1636887076469336,0.24304277,-1.6699030727528932,3.8335917803998263,0.3044415991025997
2022-09-09,930.657,5.696323286835604,2.205198182174425,0.2331838,-1.7064952639885798,3.911693446163005,0.306742943205036
2022-09-10,927.922,2.969124676599839,2.246762079323718,0.24169104,-1.7425916148096028,3.989353694133321,0.3089696317558974
2022-09-11,929.674,4.729182880466267,2.288374408377369,0.25888318,-1.7781642500201011,4.06653865839747,0.3111206609031647
2022-09-12,929.183,4.246495989233562,2.3300283374150075,0.26526833,-1.813185465779054,4.143213803194062,0.3131950466283362
2022-09-13,928.36,3.432062093700137,2.371716183331102,0.26728246,-1.8476277530103764,4.219343936341478,0.3151918255329618
2022-09-14,925.78,0.8608792846645041,2.4134294031066426,0.27795306,-1.8814638207008116,4.294893223807454,0.3171100556120531
2022-09-15,924.063,-0.8470543470750922,2.4551585863553886,0.30423597,-1.9146666190648025,4.369825205420191,0.3189488170134502
2022-09-16,927.753,2.852333694327363,2.496893449163915,0.33047011,-1.947209362555732,4.444102811719647,0.3207072127822542
2022-09-17,932.716,7.824870779431044,2.5386228292428883,0.34539303,-1.9790655527030352,4.517688381945924,0.3223843695894478
2022-09-18,932.617,7.735656063614824,2.5803346824054847,0.13014896,-2.0102090007548945,4.590543683160379,0.3239794384438591
2022-09-19,930.052,5.180687633728214,2.62201608038704,0.032542706,-2.040613850106408,4.662629930493448,0.3254915953866319
2022-09-20,933.139,8.277963576621449,2.6636532100184227,-0.023684962,-2.07025459849338,4.733907808511803,0.3269200421674026
2022-09-21,927.092,2.2414819791444325,2.705231373763776,-0.04165729,-2.099106119932059,4.804337493695835,0.3282640069014049
2022-09-22,924.261,-0.5787590718528544,2.746734991631608,-0.019555286,-2.1271436863854656,4.873878678017073,0.3295227447067449
2022-09-23,930.623,5.794249960239243,2.788147604466364,0.031121043,-2.154342989137175,4.942490593603539,0.3306955383211207
2022-09-24,927.408,2.5904960236458727,2.8294518786259126,0.08755414,-2.180680159853769,5.010132038479682,0.3317816986972939
2022-09-25,924.921,0.1149772069123862,2.870629612048399,0.13709874,-2.206131791317367,5.076761403365766,0.3327805655766343
2022-09-26,928.277,3.4826915985843097,2.911661741710329,0.1742431,-2.230674957810161,5.14233669952049,0.3336915080401068
2022-09-27,931.69,6.907459231474237,2.9525283524757624,0.20947108,-2.254287235132968,5.20681558760873,0.3345139250360833
2022-09-28,933.897,9.126461168527172,2.993208687334664,0.24671902,-2.2769467202404248,5.270155407575089,0.3352472458844123
2022-09-29,931.913,7.154684021429151,3.033681159026759,0.2661792,-2.298632050475625,5.332313209502384,0.3358909307561893
2022-09-30,931.506,6.76013699025034,3.073923363045195,0.29162243,-2.319322422387484,5.393245785432679,0.3364444711287255
2022-10-01,931.624,6.890818134740587,3.113912092012705,0.30336583,-2.338997610114532,5.452909702127237,0.3369073902152289
2022-10-02,933.006,8.28572551464968,3.153623351420861,0.32716966,-2.3576379833191305,5.511261334739992,0.3372792433687564
2022-10-03,932.547,7.839857189727697,3.193032376721498,0.3499904,-2.3752245246567294,5.568256901378227,0.3375596184600273
2022-10-04,933.133,8.439211219724356,3.232113651757242,0.3717735,-2.391738846765034,5.623852498522275,0.3377481362287198
2022-10-05,930.288,5.607785664389529,3.2708409285164666,0.3977691,-2.4071632087585235,5.67800413727499,0.3378444506079149
2022-10-06,928.971,4.304566891772415,3.309187248196172,0.435923,-2.421480532214214,5.730667780410386,0.3378482490213792
2022-10-07,929.34,4.687564976298781,3.3471249635543554,0.46695763,-2.434674416634981,5.781799380189336,0.3377592526534298
2022-10-08,929.628,4.989777975938966,3.3846257625319183,0.4879261,-2.4467291543773286,5.831354916909247,0.3375772166911365
2022-10-09,927.951,3.327203948663345,3.4216606931221216,0.50896287,-2.4576297450309443,5.879290438153066,0.3373019305386797
2022-10-10,931.566,6.956840952442369,3.458200189464052,0.52763426,-2.4673619092378862,5.925562098701938,0.3369332180037042
2022-10-11,931.872,7.277687045246544,3.494214099134834,0.54936546,-2.475912101939816,5.970126201074649,0.3364709374555471
2022-10-12,929.202,4.622740285045889,3.529671711613544,0.5616078,-2.483267525042177,6.01293923665572,0.3359149819552604
2022-10-13,929.239,4.674998729811128,3.5645417878882077,0.5657079,-2.4894161394847725,6.05395792737298,0.3352652793573868
2022-10-14,936.175,11.62646043751243,3.5987925911756355,0.5935346,-2.494346676708764,6.0931392678844,0.3345217923834777
2022-10-15,935.621,11.088123466120402,3.6323919187222087,0.610079,-2.4980486495106584,6.130440568232867,0.3336845186673805
2022-10-16,934.846,10.328985873605328,3.665307134652173,0.6111516,-2.5005123622743697,6.165819496926543,0.3327534907723777
2022-10-17,931.9,7.399045717937552,3.697505203828512,0.62303716,-2.501728920573097,6.199234124401608,0.3317287761802623
2022-10-18,930.863,6.378301057087505,3.7289527266900175,0.65248966,-2.5016902401332755,6.230642966823293,0.3306104772525082
2022-10-19,933.726,9.257749949025674,3.7596159750265232,0.6788111,-2.500389055153434,6.260005030179958,0.3293987311637018
2022-10-20,935.287,10.835390451722342,3.7894609286531673,0.7080129,-2.49781892597142,6.287279854624587,0.3280937098074565
2022-10-21,934.002,9.5672206231478,3.818453312942956,0.72161406,-2.493974246074014,6.312427559016971,0.3266956196750573
2022-10-22,937.6,13.182238521272703,3.846558637175688,0.6497355,-2.48885024844355,6.335408885619238,0.3252047017071195
2022-10-23,931.386,6.9854422040674,3.873742233659936,0.6344096,-2.482443011236756,6.356185244896692,0.3236212311185857
2022-10-24,925.427,1.0438297295019408,3.899969297583802,0.5894477,-2.474749462791653,6.374718760375456,0.3219455171974129
2022-10-25,926.431,2.065399155547028,3.925204927548613,0.5759465,-2.4657673859589027,6.390972313507516,0.3201779030773378
2022-10-26,931.728,7.380148540172867,3.9494141667389937,0.5517076,-2.45549542175464,6.404909588493634,0.3183187654851458
2022-10-27,932.103,7.773075941350156,3.972562044681439,0.5358378,-2.443933072332415,6.416495117013854,0.3163685144628952
2022-10-28,935.658,11.34617941704892,3.994613619542623,0.53559786,-2.431080703272454,6.425694322815078,0.3143275930655821
2022-10-29,930.881,6.587457025239717,4.015534020917678,0.53536785,-2.416939545187102,6.43247356610478,0.3121964770347683
2022-10-30,935.362,11.086903927015149,4.035288493057804,0.5095398,-2.401511694641823,6.436800187699626,0.3099756744487092
2022-10-31,935.851,11.594521157247447,4.053842438485802,0.5007814,-2.3848001143918363,6.438642552877639,0.3076657253495745
2022-11-01,935.537,11.2993067734663,4.071161461947243,0.31765884,-2.36680863293502,6.437970094882263,0.305267201348349
2022-11-02,931.508,7.289258833201376,4.087211414644299,0.23921107,-2.3475419433822204,6.434753358026519,0.3027807052080639
2022-11-03,933.249,9.04937539398195,4.101958438698812,0.21777886,-2.327005601646929,6.4289640403457415,0.3002068704060022
2022-11-04,928.884,4.703654513337421,4.115369011790244,0.12472296,-2.3052060239565666,6.42057503574681,0.2975463606755779
2022-11-05,932.125,7.964094248797371,4.127409991913979,-0.16634034,-2.282150483688502,6.409560475602481,0.2947998695285883
2022-11-06,929.092,4.950692657891293,4.138048662204815,-0.23071685,-2.257847107534256,6.39589576973907,0.2919681197585779
2022-11-07,928.763,4.641139055084949,4.147252775770136,-0.595531,-2.232304870996132,6.379557646766267,0.289051862926068
2022-11-08,931.391,7.288735243946056,4.154990600476932,-0.93808866,-2.205533593220879,6.360524193697811,0.2860518788264287
2022-11-09,929.54,5.4574792360289885,4.16123096363671,-1.0286093,-2.1775439311757525,6.338774894812462,0.2829689749411957
2022-11-10,925.261,1.198369042887403,4.165943296531911,-1.0270735,-2.1483473731726943,6.314290669704604,0.2798039858736333
2022-11-11,929.733,5.690017396668885,4.169097678727618,-1.0122473,-2.1179562317471032,6.287053910474722,0.276557772769399
2022-11-12,926.088,2.0647434438327488,4.170664882112126,-1.0463351,-2.086383635898003,6.257048518010128,0.2732312227231372
2022-11-13,925.817,1.813609540412197,4.17061641461004,-1.0192354,-2.053643522697135,6.224259937307176,0.2698252481718839
2022-11-14,926.712,2.7286136301625064,4.168924563511626,-0.9973674,-2.0197506282748603,6.188675191786487,0.2663407862761557
2022-11-15,923.963,-0.0002463431606798,4.165562438362391,-0.9583763,-1.9847204781914016,6.150282916553793,0.2627787982896058
2022-11-16,923.751,-0.1919062343764386,4.16050401335702,-0.91439986,-1.948569377202354,6.109073390559374,0.2591402689181664
2022-11-17,922.857,-1.065275815493112,4.153724169182186,-0.8833653,-1.91131439842796,6.065038567610146,0.2554262056695774
2022-11-18,928.86,4.958737268020537,4.145198734253046,-0.84807646,-1.8729733719360968,6.018172106189143,0.2516376381942246
2022-11-19,928.062,4.181890870369692,4.134904525288786,-0.8152686,-1.833564872749379,5.968469398038165,0.2477756176182172
2022-11-20,924.005,0.1461830048687462,4.122819387173025,-0.789265,-1.7931082082872725,5.915927595460298,0.2438412158696397
2022-11-21,927.478,3.640611684832279,4.108922232045489,-0.7591955,-1.7516234052545483,5.860545637300038,0.239835524998909
2022-11-22,920.682,-3.1348675037406157,4.093193077572046,-0.7467628,-1.709131195987824,5.80232427355987,0.235759656494186
2022-11-23,926.049,2.2530479801665466,4.075613084340894,-0.7233838,-1.6656530042724176,5.741266088613312,0.2316147405927783
2022-11-24,923.018,-0.7568841303311908,4.056164592333527,-0.7222773,-1.6212109306420586,5.677375522975586,0.2274019255894786
2022-11-25,923.256,-0.4976659430095167,4.034831156419889,-0.7225486,-1.5758277371745275,5.610658893594417,0.2231223771427762
2022-11-26,926.424,2.691700434356361,4.011597580828074,-0.7437251,-1.5295268317965325,5.541124412624606,0.2187772775798858
2022-11-27,929.373,5.661966064099408,3.986449952540045,-0.7520697,-1.4823322521116198,5.4687822046516645,0.2143678252015218
2022-11-28,931.096,7.406212274291525,3.959375673565648,-0.769544,-1.43426864876524,5.393644322330888,0.2098952335873484
2022-11-29,930.377,6.708589349523923,3.930363492048495,-0.75719196,-1.3853612683613736,5.315724760409868,0.2053607309030277
2022-11-30,934.902,11.255028920840177,3.899403532158501,-0.82665855,-1.3356359359455603,5.235039468104062,0.2007655592097774
2022-12-01,930.423,6.797593223182919,3.866487322726854,-1.3172075,-1.2851190370693824,5.1516063597962365,0.1961109737773432
2022-12-02,929.0,5.396232500195541,3.8316078245807774,-1.3235772,-1.2338374994518189,5.065445324032597,0.191398242401274
2022-12-03,929.333,5.750814062872803,3.794759456536617,-1.3546147,-1.181818774253163,4.976578230789779,0.1866286447253841
2022-12-04,929.288,5.727472548739276,3.7559381200111854,-1.6641201,-1.129090816977418,4.885028936988604,0.1818034715702683
2022-12-05,930.665,7.126238474404077,3.715141222212942,-1.8934546,-1.07568206801942,4.790823290232362,0.1769240242687149
2022-12-06,927.731,4.213766638038049,3.6723676978758015,-1.9142303,-1.0216214328730953,4.693989130748896,0.1719916140088575
2022-12-07,920.639,-2.856610101698956,3.6276180295001934,-1.911745,-0.9669382620175152,4.594556291517709,0.1670075611858814
2022-12-08,925.404,1.931246019897939,3.580894266067553,-2.045657,-0.9116623304976852,4.492556596565239,0.1619731947630784
2022-12-09,926.939,3.489180085927943,3.5322000401958453,-2.140988,-0.8558238172170103,4.388023857412856,0.1568898516430327
2022-12-10,925.957,2.5301900014906016,3.481540583705863,-2.7638412,-0.7994532839588002,4.280993867664663,0.1517588760496928
2022-12-11,925.058,1.653929237407501,3.428922741569358,-3.0362463,-0.7425816541541416,4.1715043957235,0.1465816189220642
2022-12-12,921.699,-1.683312544145758,3.3743549842121783,-3.086373,-0.6852401914136782,4.059595175625857,0.1413594373202303
2022-12-13,925.95,2.589519980385975,3.3178474181471507,-3.0891528,-0.6274604778410035,3.945307895988154,0.1360936938443932
2022-12-14,923.538,0.1994245074041163,3.259411794913577,-3.0871167,-0.5692743921454,3.8286861870589775,0.1307857560675934
2022-12-15,924.414,1.0976664252007435,3.1990615183019075,-3.0746539,-0.5107140875718457,3.7097756058737534,0.125436995982736
2022-12-16,923.865,0.5713274468003225,3.1368116498441805,-3.033362,-0.4518119696661903,3.5886236195103707,0.1200487894645377
2022-12-17,926.8,3.5290702335951085,3.072678912552773,-2.9919732,-0.3926006738935599,3.465279586446333,0.1146225157469712
2022-12-18,927.773,4.52452816661643,3.0066816928920232,-2.9506333,-0.3331130431280146,3.3397947360200377,0.1091595569167452
2022-12-19,929.089,5.862786939119192,2.938840040969241,-2.90751,-0.2733821050315784,3.212222146000819,0.1036612974233532
2022-12-20,925.663,2.459104701760596,2.8691756689337486,-2.9029348,-0.2134410493407395,3.082616718274488,0.0981291236061637
2022-12-21,923.013,-0.1688654686849464,2.797711947574616,-2.9117422,-0.1533232050785153,2.9510351526531315,0.092564423239015
2022-12-22,922.592,-0.5677869817689137,2.724473901109817,-2.8866727,-0.0930620177101952,2.8175359188200124,0.0869685850927328
2022-12-23,921.221,-1.9163795246870032,2.6494882001617097,-2.9416401,-0.0326910262607865,2.6821792264224964,0.0813429985159586
2022-12-24,917.581,-5.533561274912044,2.5727831529157705,-2.9678242,0.027756159587795,2.5450269933279754,0.075689053034646
2022-12-25,924.001,0.9093671942701348,2.4943886944617373,-2.96112,0.0882458824018657,2.406142812059872,0.070008137970546
2022-12-26,922.762,-0.3064554157658478,2.414336374318302,-2.9990232,0.1487444598855744,2.265591914432728,0.0643016420789588
2022-12-27,921.763,-1.2822033609745978,2.332659342144874,-3.9918077,0.2092182077371752,2.1234411344076984,0.0585709532060118
2022-12-28,927.595,4.573168701389645,2.249392331645804,-4.03748,0.2696334624543381,1.9797588691914656,0.0528174579656699
2022-12-29,926.888,3.889564669914769,2.164571642674808,-4.175647,0.3299566040709002,1.834615038603908,0.0470425414366598
2022-12-30,923.335,0.360028601484117,2.078235121549407,-5.1078796,0.3901540788077147,1.688081042741692,0.0412475868794447
2022-12-31,929.012,6.060558099803734,1.990422139587331,-5.497799,0.4501924216202875,1.5402297179670434,0.0354339754733592
2023-01-01,929.232,6.3039497185304585,1.901173569878984,-5.536069,0.5100382786261557,1.3911352912528283,0.0296030860739625
2023-01-02,927.582,4.677361572477267,1.8105317623121957,-5.5317273,0.5696584293950475,1.240873332917148,0.0237562949906494
2023-01-03,922.471,-0.4105171304720643,1.7185405168675862,-5.528106,0.6290198090851679,1.0895207077824185,0.017894975784502
2023-01-04,926.393,3.5343637414913216,1.6252450552049995,-5.7166953,0.6880895304090283,0.9371555247959714,0.0120204990863436
2023-01-05,922.491,-0.3449753464676141,1.530691990563498,-6.437123,0.746834905412583,0.7838570851509151,0.0061342324349058
2023-01-06,921.792,-1.021333966095073,1.4349292959995354,-6.4225388,0.8052234670515771,0.6297058289479583,0.0002375401349973
2023-01-07,920.656,-2.1347054162546475,1.3380062709898823,-6.6156735,0.8632229905492861,0.4747832804405962,-0.0056682168644915
2023-01-08,930.408,7.639959382156514,1.239973506427996,-7.0609565,0.9208015145201046,0.3191719919078913,-0.0115816810729395
2023-01-09,925.866,3.1205878919090653,1.1408828480444355,-7.476683,0.9779273618436634,0.1629554862007723,-0.0175014985409276
2023-01-10,923.831,1.1079051270268705,1.0407873582839182,-7.7840176,1.03456916027446,0.0062181980094582,-0.023426318924027
2023-01-11,923.794,1.093243907090108,0.9397412766735512,-8.018056,1.0906958627722902,-0.1509545860987389,-0.029354795527743
2023-01-12,922.315,-0.363398251361309,0.8377999787186027,-8.061247,1.1462767675390344,-0.3084767888204317,-0.0352855853339551
2023-01-13,917.769,-4.887144276656585,0.73501993336416,-8.347343,1.201281537747688,-0.4662616043835279,-0.0412173490092254
2023-01-14,922.448,-0.185752435308984,0.6314586590627174,-8.796806,1.2556802209498257,-0.6242215618871083,-0.0471487508953896
2023-01-15,926.439,3.827875170531037,0.5271746784895136,-8.842207,1.3094432681480708,-0.7822685896585572,-0.0530784589828661
2023-01-16,921.412,-1.1768200391131336,0.4222274719493381,-8.804544,1.3625415525203837,-0.9403140805710456,-0.0590051448671676
2023-01-17,922.199,-0.3676287519380277,0.3166774295199563,-8.646138,1.4149463877834514,-1.098268958263495,-0.0649274836891194
2023-01-18,923.163,0.6185178432380523,0.2105858019791841,-8.618461,1.4666295461827077,-1.2560437442035233,-0.0708441540593337
2023-01-19,921.272,-1.2503256513431562,0.104014650564049,-8.581452,1.5175632760969786,-1.4135486255329297,-0.0767538379674998
2023-01-20,917.642,-4.85831879351153,-0.002973204387845,-8.401538,1.5677203192460043,-1.5706935236338495,-0.0826552206771113
2023-01-21,916.741,-5.737302745718728,-0.1103142358632769,-8.246572,1.617073927489613,-1.7273881633528902,-0.0885469906062472
2023-01-22,922.498,0.0417199390887335,-0.2179442636116993,-8.095588,1.6655978792075714,-1.883542142819271,-0.0944278391950844
2023-01-23,921.044,-1.3902532920356656,-0.3257985085425098,-7.944584,1.7132664952496284,-2.039065003792138,-0.1002964607608161
2023-01-24,919.515,-2.897224992038449,-0.4338116480257338,-7.807853,1.7600546544456126,-2.1938663024713465,-0.1061515523407078
2023-01-25,916.106,-6.284040685082671,-0.5419178720391427,-7.6741204,1.805937808665876,-2.3478556807050186,-0.1119918135240235
2023-01-26,916.429,-5.938864290709825,-0.6500509401038228,-7.531396,1.8508919974228104,-2.500942937526633,-0.1178159462735927
2023-01-27,917.18,-5.165642750698509,-0.7581442389489217,-7.411647,1.8948938620044975,-2.6530381009534194,-0.1236226547378086
2023-01-28,923.933,1.609564283076664,-0.8661308408454154,-7.2871137,1.937920659132089,-2.804051499977504,-0.129410645053872
2023-01-29,918.356,-3.945301297239264,-0.973943562547572,-7.186976,1.9799502741328356,-2.9538938366804075,-0.1351786251431111
2023-01-30,918.89,-3.3891848894042584,-1.0815150247800325,-7.0503263,2.0209612336211857,-3.102476258401218,-0.1409253044992379
2023-01-31,915.415,-6.842033435196606,-1.1887777122074956,-6.9338937,2.0609327176807724,-3.249710429888268,-0.1466493939704033
2023-02-01,920.095,-2.1397830975469048,-1.2956640338231726,-6.8257833,2.099844571540521,-3.395508605363694,-0.1523496055359536
2023-02-02,920.41,-1.8024428524129563,-1.4021063836916956,-6.720166,2.1376773167386625,-3.539783700430358,-0.1580246520787824
2023-02-03,918.611,-3.5790688581872434,-1.508037201981153,-6.749485,2.174412161768666,-3.682449363749819,-0.1636732471542049
2023-02-04,922.405,0.2373720819935219,-1.6133890362187988,-6.6839256,2.2100310122017945,-3.823420048420594,-0.1692941047562861
2023-02-05,915.006,-7.139233213389336,-1.7180946027041657,-7.021952,2.2445164802812383,-3.962611082985404,-0.1748859390825668
2023-02-06,918.506,-3.61667878733849,-1.8220868480130996,-6.944754,2.2778518939833203,-4.09993874199642,-0.1804474642981424
2023-02-07,914.942,-7.158107009143165,-1.9252990105258327,-6.870228,2.310021305541703,-4.235320316067536,-0.1859773943000619
2023-02-08,913.852,-8.225596374804217,-2.0276646819119644,-6.7797303,2.3410094994309394,-4.368674181342904,-0.1914744424830105
2023-02-09,916.366,-5.68912496529262,-2.12911786850508,-6.690765,2.370801999806177,-4.499919868311257,-0.1969373215072624
2023-02-10,918.55,-3.482720449576193,-2.229593052499611,-6.6203804,2.399385077396302,-4.628978129895913,-0.2023647430698753
2023-02-11,917.443,-4.567385237246585,-2.3290252529025723,-6.560211,2.426745755848176,-4.755771008750749,-0.2077554176801157
2023-02-12,920.056,-1.9321217378955775,-2.4273500861727944,-6.4707274,2.452871817520139,-4.8802219036929335,-0.2131080544400971
2023-02-13,918.143,-3.822932361115016,-2.524503826480475,-6.4054418,2.47775180872334,-5.002255635203815,-0.2184213608316169
2023-02-14,923.422,1.478180483503313,-2.6204234655201497,-6.394115,2.5013750444099387,-5.121798509930088,-0.2236940425101705
2023-02-15,917.578,-4.34381019035242,-2.715046771810337,-6.318341,2.5237316123076137,-5.238778384117951,-0.2289248031071231
2023-02-16,916.873,-5.026881536638954,-2.80831234941358,-6.2411976,2.5448123765002806,-5.35312472591386,-0.2341123440410135
2023-02-17,922.425,0.5469640313114379,-2.9001596960111256,-6.14648,2.5646089804553367,-5.464768676466463,-0.2392553643389501
2023-02-18,919.724,-2.13227613758879,-2.9905292602669005,-6.047778,2.5831138494981905,-5.573643109765091,-0.2443525604690637
2023-02-19,913.798,-8.036604212348673,-3.079362498416109,-5.962788,2.600320192735254,-5.679682691151363,-0.2494026261849571
2023-02-20,917.392,-4.421022606337058,-3.1666019300144925,-5.8876815,2.6162220044269517,-5.782823934441444,-0.2544042523830962
2023-02-21,918.722,-3.069533732922112,-3.252191192785025,-5.8938184,2.6308140648128187,-5.883005257597844,-0.2593561269740538
2023-02-22,920.358,-1.4121400054727526,-3.3360750964997097,-5.9414105,2.644091940391057,-5.980167036890768,-0.264256934768525
2023-02-23,915.741,-6.007843837357351,-3.418199675834934,-6.0115485,2.656051983655387,-6.07425165949032,-0.2691053573789977
2023-02-24,918.61,-3.117647641944272,-3.49851224214007,-6.328426,2.6666913322924306,-6.165203574432501,-0.2739000731379559
2023-02-25,916.221,-5.485553832602173,-3.5769614340597777,-6.3738303,2.676007907843221,-6.252969341902999,-0.2786397570334694
2023-02-26,918.5,-3.185564584944298,-3.653497266951892,-6.5120792,2.684000413832892,-6.337497680784783,-0.2833230806630011
2023-02-27,920.471,-1.1936579799418403,-3.728071181043728,-6.848502,2.690668333372856,-6.418739514416584,-0.2879487122062471
2023-02-28,922.065,0.4211384734555125,-3.800636088271175,-7.1936445,2.696011926240349,-6.496648014511523,-0.2925153164177921
2023-03-01,925.418,3.794822041199688,-3.871146417746018,-7.224138,2.700032225440342,-6.571178643186361,-0.2970215546403475
2023-03-02,918.482,-3.120863288152911,-3.939558159798607,-7.186877,2.7027310332554624,-6.642289193054069,-0.301466084839302
2023-03-03,920.108,-1.4746471302220177,-4.005828908544253,-7.144109,2.7041109167896424,-6.709939825333896,-0.305847561659298
2023-03-04,917.857,-3.7055570278976,-4.069917902923456,-7.286595,2.7041752030117987,-6.774093105935255,-0.3101646365035075
2023-03-05,920.547,-0.9952928621074576,-4.131786066167504,-7.5247602,2.702927973306016,-6.83471403947352,-0.3144159576362576
2023-03-06,913.309,-8.213168166026378,-4.19139604364277,-7.5530586,2.700374057535144,-6.891770101177913,-0.318600170309621
2023-03-07,914.974,-6.528185337086941,-4.248712239028735,-7.5800457,2.6965190276249897,-6.945231266653725,-0.322715916914554
2023-03-08,906.786,-14.69634677272104,-4.303700848786478,-7.706893,2.6913691906766184,-6.995070039463096,-0.3267618371571301
2023-03-09,912.615,-8.84765487036104,-4.356329894876279,-7.817575,2.684931581614588,-7.041261476490867,-0.3307365682603835
2023-03-10,918.522,-2.921112027439277,-4.406569255684867,-8.405647,2.6772139553792376,-7.083783211064105,-0.3346387451922372
2023-03-11,912.179,-9.244720641387987,-4.454390695124693,-8.429971,2.66822477867142,-7.122615473796113,-0.3384670009199573
2023-03-12,914.026,-7.378483109639484,-4.499767889869739,-8.611102,2.6579732212584037,-7.157741111128143,-0.3422199666915284
2023-03-13,910.554,-10.83140182962593,-4.542676454694239,-8.922494,2.6464691468498773,-7.189145601544116,-0.3458962723443197
2023-03-14,915.193,-6.173479198779632,-4.583093965882912,-9.606654,2.6337231035532827,-7.216817069436194,-0.3494945466413529
2023-03-15,918.76,-2.5877176145328424,-4.620999982683339,-9.589644,2.6197463139179864,-7.2407462966013245,-0.3530134176354565
2023-03-16,917.151,-4.1781194743177466,-4.656376066773236,-9.453327,2.604550664577975,-7.26092673135121,-0.3564515130615419
2023-03-17,912.816,-8.494687175566899,-4.689205799717711,-9.29548,2.5881486955030484,-7.277354495220759,-0.3598074607571931
2023-03-18,914.914,-6.378423115712111,-4.719474798393626,-9.122391,2.570553588868697,-7.290028387262323,-0.3630798891117269
2023-03-19,911.035,-10.239329692185835,-4.747170728360612,-9.257115,2.551779157555068,-7.298949885915681,-0.3662674275438186
2023-03-20,916.353,-4.903409302420585,-4.7722833151604185,-9.221721,2.5318398332855856,-7.304123148446004,-0.3693687070077667
2023-03-21,920.499,-0.7396643438483008,-4.794804353528792,-9.205798,2.510750654416089,-7.305555007944881,-0.3723823605284032
2023-03-22,920.776,-0.4450972139010172,-4.814727714506099,-9.170912,2.4885272533853864,-7.303254967891485,-0.3753070237646243
2023-03-23,918.844,-2.3600131970716727,-4.832049350435633,-9.110619,2.465185843838483,-7.297235194274116,-0.378141335601465
2023-03-24,913.985,-7.202103436686322,-4.846767297840602,-9.020866,2.440743207433712,-7.287510505274314,-0.3808839387705934
2023-03-25,911.507,-9.66314118668254,-4.858881678173392,-8.890722,2.4152166803453183,-7.27409835851871,-0.383533480499056
2023-03-26,910.772,-10.38100723562036,-4.868394696432967,-8.734325,2.3886241394730816,-7.257018835906049,-0.3860886131860586
2023-03-27,916.033,-5.103039245098123,-4.875310637648799,-8.579666,2.360983988370769,-7.236294626019568,-0.3885479951075166
2023-03-28,915.028,-6.091239573674381,-4.879635861231931,-8.996021,2.332315142905239,-7.21195100413717,-0.390910291148066
2023-03-29,916.745,-4.3573428880167295,-4.881378793196542,-9.087507,2.302637016658293,-7.184015809854835,-0.393174173560178
2023-03-30,913.815,-7.270611964338602,-4.880549916257374,-8.977453,2.271969506083292,-7.152519422340666,-0.3953383227499648
2023-03-31,910.694,-10.37504912155709,-4.877161757811208,-8.869482,2.240332975428764,-7.117494733239972,-0.3974014280892354
2023-04-01,914.251,-6.801656678588824,-4.871228875812653,-8.827288,2.207748241441302,-7.078977117253955,-0.3993621887532891
2023-04-02,916.652,-4.383734716025882,-4.862767842557206,-8.753203,2.1742365578600995,-7.037004400417306,-0.4012193145839104
2023-04-03,913.88,-7.138968708547329,-4.851797226386656,-8.686447,2.139819599715496,-6.991616826102151,-0.402971526976968
2023-04-04,913.895,-7.107360871077841,-4.838337571334607,-8.578827,2.1045194474441,-6.942857018778708,-0.4046175597939777
2023-04-05,914.419,-6.56654046749206,-4.82241137473193,-8.461449,2.0683585708329155,-6.890769945564845,-0.4061561602969512
2023-04-06,909.616,-11.3528610794659,-4.804043062794542,-8.389838,2.0313598128050745,-6.835402875599616,-0.4075860901057911
2023-04-07,909.339,-11.61333600531997,-4.783258964218181,-8.547868,1.9935463730597385,-6.776805337277919,-0.4089061261774696
2023-04-08,917.607,-3.328967403054661,-4.760087281807042,-8.4342375,1.9549417915787584,-6.7150290733858,-0.4101150618061632
2023-04-09,914.308,-6.611757430669883,-4.734558062165593,-8.33017,1.9155699320126829,-6.650127994178276,-0.4112117076434906
2023-04-10,914.453,-6.450506475647411,-4.706703163484966,-8.241521,1.8754549649587264,-6.582158128443693,-0.412194892737943
2023-04-11,913.742,-7.144949889379612,-4.676556221457645,-8.207827,1.834621351143247,-6.511177572600892,-0.4130634655925666
2023-04-12,911.206,-9.66441079814339,-4.644152613356285,-8.094701,1.793093824521305,-6.43724643787759,-0.4138162952399106
2023-04-13,914.794,-6.059963551285725,-4.609529420314713,-7.9757137,1.7508973753058206,-6.360426795620533,-0.4144522723332138
2023-04-14,917.325,-3.51266243269487,-4.572725387851121,-7.8460774,1.7080572329387955,-6.280782620789917,-0.4149703102527695
2023-04-15,914.19,-6.631509474781705,-4.533780884675712,-7.7308283,1.6645988490170602,-6.198379733692772,-0.415369346226358
2023-04-16,910.557,-10.248506709957072,-4.492737859826842,-7.6348104,1.6205478801848687,-6.11328574001171,-0.4156483424626229
2023-04-17,913.354,-7.435656170631595,-4.449639798181925,-7.5879984,1.5759301710056786,-6.025569969187604,-0.4158062872962033
2023-04-18,913.678,-7.095959889216481,-4.404531674391001,-7.601154,1.5307717368253264,-5.935303411216328,-0.415842196343422
2023-04-19,913.914,-6.844419898122357,-4.357459905282974,-7.542593,1.4850987466387224,-5.8425586519216965,-0.4157551136672877
2023-04-20,912.437,-8.306038229760073,-4.308472300796158,-7.4542227,1.4389375059721374,-5.747409806768295,-0.4155441129505402
2023-04-21,907.017,-13.710816916540605,-4.257618013486587,-7.363441,1.3923144397929843,-5.649932453279572,-0.4152082986754324
2023-04-22,914.85,-5.86275799087455,-4.204947486669282,-7.247731,1.3452560754589726,-5.550203562128255,-0.4147468073089274
2023-04-23,911.84,-8.857863485172984,-4.1505124012491486,-7.163814,1.2977890257182918,-5.44830142696744,-0.4141588084919432
2023-04-24,919.52,-1.1631354318467375,-4.094365621299892,-7.0706334,1.2499399717724748,-5.344305593072367,-0.4134435062312682
2023-04-25,916.204,-4.464575863306468,-4.036561138450758,-6.9498096,1.2017356464133293,-5.238296784864088,-0.4126001400927412
2023-04-26,915.911,-4.743186811963129,-3.9771540151423626,-6.8530765,1.1532028172453177,-5.1303568323876805,-0.4116279863942622
2023-04-27,914.358,-6.281970310227813,-3.916200326814157,-6.754243,1.1043682700044883,-5.020568596818645,-0.4105263593971897
2023-04-28,918.8,-1.825928390511027,-3.853757103087531,-6.635137,1.0552587919850172,-4.909015895072548,-0.4092946124946526
2023-04-29,914.93,-5.6820630852236365,-3.7898822680096096,-6.507317,1.005901155584187,-4.795783423593797,-0.4079321393952906
2023-04-30,910.457,-10.14137642677677,-3.724634579423995,-6.4094095,0.9563221019764868,-4.680956681400482,-0.4064383753009258
2023-05-01,917.529,-3.0558704475810217,-3.658073567535825,-6.339026,0.9065483249273432,-4.564621892463168,-0.40481279807665
2023-05-02,919.158,-1.4135471800472954,-3.590259472739435,-6.3838925,0.8566064547568015,-4.446865927496236,-0.4030549294117982
2023-05-03,915.808,-4.7504086565864965,-3.521253182777882,-6.3228493,0.8065230424633172,-4.327776225241199,-0.4011643359702775
2023-05-04,915.214,-5.331456909609459,-3.451116169304353,-6.2859454,0.7563245440175659,-4.207440713321919,-0.3991406305287064
2023-05-05,913.022,-7.510693971526843,-3.3799104239163524,-6.3112564,0.7060373048360615,-4.085947728752414,-0.396983473100814
2023-05-06,912.445,-8.075121874749872,-3.307698393734041,-6.413769,0.6556875444440872,-3.963385938178128,-0.3946925720465487
2023-05-07,911.502,-9.00574265168882,-3.2345429165949318,-6.351687,0.6053013413373065,-3.8398442579322376,-0.3922676851643357
2023-05-08,911.631,-8.864558334755227,-3.1605071559374185,-6.4181743,0.5549046180511501,-3.715411773988569,-0.3897086207649397
2023-05-09,910.27,-10.213570956359495,-3.085654535446232,-6.314377,0.5045231264468857,-3.590177661893118,-0.3870152387253635
2023-05-10,912.468,-8.003782548912614,-3.010048673533056,-6.194846,0.4541824332230573,-3.464231106756113,-0.3841874515212503
2023-05-11,911.032,-9.428195144825407,-2.93375331772604,-6.1042404,0.4039079056607293,-3.3376612233867693,-0.3812252252362348
2023-05-12,913.065,-7.383810776508548,-2.856832279041796,-6.008936,0.3537246976107452,-3.210556976652541,-0.3781285805467168
2023-05-13,917.227,-3.210328589313171,-2.7793493664138955,-5.9137654,0.3036577357310013,-3.083007102144897,-0.3748975936805281
2023-05-14,915.682,-4.744061869755738,-2.701368321251525,-5.799328,0.2537317059814491,-2.955100027232974,-0.3715323973479814
2023-05-15,912.73,-7.685012604147826,-2.622952752202216,-5.684792,0.2039710403843395,-2.826923792586556,-0.3680331816438075
2023-05-16,914.194,-6.210182778800879,-2.5441660701920608,-5.5524354,0.1543999040569285,-2.6985659742489894,-0.3644001949184923
2023-05-17,913.759,-6.634574380026143,-2.4650714238167777,-5.4229445,0.1050421825236667,-2.5701136063404446,-0.3606337446175602
2023-05-18,918.303,-2.080151149670339,-2.3857316351566333,-5.312026,0.0559214693145965,-2.44165310447123,-0.3567341980873515
2023-05-19,911.252,-9.12093440324638,-2.3062091360875825,-5.202573,0.0070610538564299,-2.313270189944012,-0.3527019833458787
2023-05-20,912.807,-7.5558127807856605,-2.2265659051607787,-5.087766,-0.0415160903374388,-2.18504981482334,-0.3485375898173699
2023-05-21,913.255,-7.097925821542105,-2.146863405121725,-4.973848,-0.0897873171720607,-2.0570760879496643,-0.3442415690291186
2023-05-22,919.492,-0.8512754825924571,-2.0671625211398306,-4.88535,-0.1377303191654769,-1.9294322019743535,-0.3398145352693105
2023-05-23,917.309,-3.024863721013369,-1.987523499818213,-4.803613,-0.1853231383272758,-1.8022003614909368,-0.3352571662045104
2023-05-24,915.293,-5.0316924938820105,-1.9080058890529263,-4.718999,-0.2325441767159594,-1.675461712336967,-0.3305702034555313
2023-05-25,918.686,-1.6296128241751853,-1.8286684788096208,-4.6267724,-0.2793722066702869,-1.549296272139334,-0.3257544531304412
2023-05-26,916.496,-3.810773501599512,-1.7495692428848062,-4.548593,-0.3257863807099264,-1.4237828621748798,-0.3208107863134993
2023-05-27,918.929,-1.369042994748349,-1.670765281717727,-4.474836,-0.3717662411010763,-1.2989990406166507,-0.3157401395088538
2023-05-28,922.733,2.4436659810987305,-1.5923127663176433,-4.4161425,-0.4172917290830122,-1.175021037234631,-0.3105435150378597
2023-05-29,915.372,-4.9091074868292806,-1.5142668833701345,-4.327102,-0.4623431937517188,-1.0519236896184154,-0.305221981388941
2023-05-30,914.274,-5.999132652618743,-1.436681781584623,-4.248526,-0.5069014005971186,-0.9297803809875044,-0.2997766735189359
2023-05-31,920.95,0.684784764866569,-1.3596105193440022,-4.169231,-0.5509475396906189,-0.8086629796533833,-0.2942087931049338
2023-06-01,917.825,-2.4326814790649545,-1.2831050137156976,-4.0961676,-0.594463233520036,-0.6886417801956616,-0.2885196087456367
2023-06-02,918.505,-1.745396116729577,-1.2072159908820168,-4.0317874,-0.637430544469169,-0.5697854464128478,-0.2827104561113482
2023-06-03,923.044,2.800881403151914,-1.1319929380458824,-3.9683554,-0.6798319819396414,-0.4521609561062409,-0.2767827380417204
2023-06-04,922.384,2.1477794425564385,-1.0574840568666126,-3.9015183,-0.7216505091128195,-0.3358335477537931,-0.2707379245904553
2023-06-05,917.669,-2.560339929347617,-0.98373621847834,-3.8304439,-0.7628695493499934,-0.2208666691283466,-0.2645775530162035
2023-06-06,920.594,0.3713153891310408,-0.9107949201421592,-3.7744906,-0.803472992229165,-0.1073219279129942,-0.2583032277189581
2023-06-07,921.919,1.702729698209405,-0.8387042435808937,-3.7354941,-0.8434451992172017,0.004740955636308,-0.2519166201212923
2023-06-08,922.338,2.127901143309473,-0.7675068150438116,-3.677262,-0.88277100897623,0.1152641939324183,-0.2454194684938542
2023-06-09,919.556,-0.6481721301462173,-0.697243767146248,-3.6436002,-0.92143574230354,0.224191975157292,-0.2388135777245788
2023-06-10,922.55,2.3516480696300874,-0.6279547025272839,-3.600178,-0.9594252067045058,0.3314705041772219,-0.2321008190311435
2023-06-11,920.621,0.4282155465132349,-0.559677659366501,-3.560791,-0.9967257005982396,0.4370480412317384,-0.2252831296162533
2023-06-12,920.218,0.0305797040828956,-0.4924490787985534,-3.5257561,-1.0333240171560727,0.5408749383575193,-0.2183625122653896
2023-06-13,918.288,-1.8943030394730909,-0.4263037742622541,-3.4656222,-1.06920744777311,0.6429036735108559,-0.2113410348867403
2023-06-14,923.127,2.949565487128254,-0.361274902818518,-3.4012327,-1.104363785173456,0.743088882354938,-0.2042208299930667
2023-06-15,920.292,0.1192114165051778,-0.297393938469265,-3.3260844,-1.1387813261499131,0.8413873876806484,-0.1970040941253442
2023-06-16,921.133,0.9646346195827123,-0.2346906475070596,-3.272255,-1.1724488739392651,0.9377582264322056,-0.1896930872180681
2023-06-17,919.62,-0.5441605990691858,-0.1731930659228661,-3.2140048,-1.2053557402344368,1.0321626743115706,-0.1822901319061815
2023-06-18,923.745,3.5852081359028194,-0.1129274788969308,-3.1843011,-1.237491746835193,1.124564267938262,-0.1747976127736482
2023-06-19,918.409,-1.747077008519621,-0.0539184023953414,-3.1910715,-1.2688472269391553,1.214928824543814,-0.1672179755437589
2023-06-20,918.384,-1.7680762285705496,0.0038114331075943,-3.1570044,-1.299413026075284,1.303224459182878,-0.159553726211325
2023-06-21,917.133,-3.0152635999997983,0.0602410967635823,-3.1064582,-1.3291805026821364,1.3894215994457189,-0.1518074301169759
2023-06-22,915.774,-4.370340819737447,0.1153514693260318,-3.0466583,-1.3581415283334943,1.473492997659526,-0.1439817109638493
2023-06-23,917.885,-2.2554267815724245,0.1691252529546771,-3.0034366,-1.386288487614199,1.5554137405688762,-0.1360792497770235
2023-06-24,917.23,-2.906721363043681,0.2215469788390249,-2.976694,-1.4136142776492215,1.6351612564882465,-0.1281027838061124
2023-06-25,918.501,-1.6319093015316952,0.2726030126332554,-2.9311469,-1.4401123072892896,1.712715319922545,-0.1200551053715056
2023-06-26,919.043,-1.086336107070654,0.3222815576975754,-2.8804622,-1.465776495956576,1.7880580536541515,-0.1119390606548061
2023-06-27,919.372,-0.753156891886972,0.370572656143821,-2.8261466,-1.490601272154201,1.861173928298022,-0.1037575484340819
2023-06-28,922.729,2.6080914714704395,0.4174681876854878,-2.7753823,-1.514581571643518,1.9320497593290056,-0.0955135187646132
2023-06-29,921.025,0.9080986577135924,0.4629618662950899,-2.7139697,-1.537712835293345,2.0006747015884345,-0.0872099716058889
2023-06-30,919.627,-0.4857300127365669,0.5070492346743232,-2.6569288,-1.5599910066055698,2.067040241279893,-0.0788499553956602
2023-07-01,919.5,-0.6087497110891997,0.5497276565450112,-2.6091995,-1.5814125289217154,2.1311401854667267,-0.0704365655719307
2023-07-02,916.37,-3.7346284517502206,0.5909963067714837,-2.552177,-1.6019743423152746,2.1929706490867584,-0.061972943043829
2023-07-03,916.185,-3.915568432176496,0.6308561593275378,-2.4939384,-1.6216738801748252,2.252530039502363,-0.0534622726123664
2023-07-04,919.906,-0.1902469380374265,0.6693099731237246,-2.436915,-1.640509065483135,2.309819038606859,-0.0449077813421458
2023-07-05,918.895,-1.1968411846509948,0.7063622757132568,-2.3905673,-1.658478306797649,2.364840582510906,-0.03631273688516
2023-07-06,920.928,0.8404284303253473,0.7420193448972164,-2.350416,-1.675580493937919,2.417599838835136,-0.0276804457578595
2023-07-07,925.086,5.002195616080993,0.7762891882524785,-2.3037019,-1.6918149933857738,2.4681041816382523,-0.0190142515727514
2023-07-08,921.293,1.2127017344402844,0.8091815206080286,-2.2558153,-1.7071816434041434,2.516363164012172,-0.0103175332258305
2023-07-09,923.942,3.8650765600633816,0.8407077394978049,-2.2230163,-1.721680748880616,2.5623884883784207,-0.0015937030412136
2023-07-10,923.779,3.7052543281411614,0.8708808986208304,-2.1817076,-1.73531307590208,2.6061939745229106,0.007153795125593
2023-07-11,912.712,-7.358832520084565,0.8997156793414303,-2.1467552,-1.7480798460667892,2.6477955254082195,0.0159214878243292
2023-07-12,916.013,-4.054753638205176,0.927228360264974,-2.1015365,-1.7599827305404976,2.687211090805472,0.0247058739849681
2023-07-13,920.107,0.0421851886479986,0.9534367849267318,-2.061263,-1.7710238438633912,2.7244606287901227,0.0335034269294845
2023-07-14,918.359,-1.7025183966660549,0.9783603276336842,-2.0116415,-1.7812057375146824,2.7595660651483667,0.0423105964187615
2023-07-15,921.809,1.7509278415010738,1.0020198575014136,-1.9674706,-1.7905313932418818,2.7925512507432955,0.0511238107329459
2023-07-16,921.638,1.5834887328504983,1.0244377007303178,-1.9367443,-1.799004216161935,2.8234419168922527,0.0599394787835316
2023-07-17,925.043,4.99193299612327,1.045637601167516,-1.9181354,-1.8066280276414484,2.8522656288089645,0.0687539922553798
2023-07-18,920.807,0.7591794863807981,1.065644679202843,-1.8940465,-1.813407057963444,2.8790517371662867,0.0775637277768572
2023-07-19,916.911,-3.1337072690439305,1.0844853890494426,-1.862409,-1.8193459387881548,2.9038313278375973,0.0863650491162305
2023-07-20,917.4,-2.641594621063623,1.102187474461203,-1.8290015,-1.824449695415437,2.92663716987664,0.0951543094024048
2023-07-21,924.555,4.516407153912846,1.118779922941482,-1.7999991,-1.8287237388566076,2.947503661798089,0.1039278533680676
2023-07-22,921.524,1.4882147607454217,1.1342929184990524,-1.7551162,-1.832173857723442,2.9664667762224948,0.1126820196132521
2023-07-23,919.831,-0.2021005785904948,1.1487577930091786,-1.7209132,-1.834806209942313,2.983564002951492,0.1214131428873125
2023-07-24,918.431,-1.5995118935103954,1.1622069762394165,-1.6936431,-1.8366273143014504,2.9988342905408665,0.1301175563872539
2023-07-25,919.923,-0.104870909115069,1.174673944601203,-1.6826159,-1.8376440418393805,3.012317986440584,0.1387915940703522
2023-07-26,917.368,-2.657267103162966,1.1861931686900309,-1.6654676,-1.8378636070827223,3.024056775772753,0.1474315929789464
2023-07-27,918.754,-1.268341439680116,1.196800059678362,-1.6316533,-1.8372935591415596,3.034093618819921,0.1560338955752821
2023-07-28,919.607,-0.4123205240368988,1.2065309146269023,-1.5833414,-1.8359417726706375,3.0424726872975403,0.1645948520842493
2023-07-29,919.229,-0.7872455173377886,1.2154228607811242,-1.5350093,-1.833816438704758,3.0492392994858823,0.1731108228418409
2023-07-30,922.379,2.3657801822883497,1.2235137989212832,-1.4992646,-1.8309260553767173,3.0544398542980007,0.1815781806471356
2023-07-31,918.945,-1.0653968766676798,1.2308423458351838,-1.4767022,-1.827279418526228,3.0581217643614123,0.1899933131156039
2023-08-01,921.403,1.395508083183255,1.237447775984183,-1.4530048,-1.822885612208262,3.0603333881924453,0.1983526250315047
2023-08-02,918.135,-1.8697308283264016,1.2433699624338463,-1.4331771,-1.8177539991093343,3.0611239615431804,0.2066525406971499
2023-08-03,915.212,-4.789933450182071,1.2486493171216315,-1.4242964,-1.811894210880186,3.0605435280018174,0.214889506276783
2023-08-04,918.076,-1.922902529807052,1.2533267305347284,-1.4240764,-1.80531613839342,3.058642868928149,0.2230599921328371
2023-08-05,922.31,2.314759414156815,1.2574435108720683,-1.4154037,-1.798029921934616,3.0554734328066844,0.2311604951523072
2023-08-06,917.433,-2.558723242344952,1.2610413227650692,-1.4073963,-1.7900459413354366,3.051087264100506,0.2391875410609931
2023-08-07,925.025,5.037185714639033,1.2641621256322424,-1.3991474,-1.781374806057286,3.0455369316895284,0.2471376867233604
2023-08-08,919.555,-0.42903806415858,1.2668481117434345,-1.398141,-1.772027345234013,3.038875456977447,0.2550075224257685
2023-08-09,921.785,1.8048669418986276,1.2691416440696104,-1.3953745,-1.7620145976821662,3.031156241751777,0.2627936741408319
2023-08-10,922.479,2.502383824508861,1.2710851939946466,-1.3853167,-1.7513478018872912,3.022432995881938,0.2704928057706812
2023-08-11,920.612,0.63876702764654,1.2727212789656293,-1.3708016,-1.7400383859746942,3.012759664940323,0.2781016213669045
2023-08-12,917.483,-2.4867219280513115,1.27409240015842,-1.3434672,-1.7280979576731224,3.0021903578315423,0.2856168673249684
2023-08-13,920.432,0.4659023377190676,1.2752409802350897,-1.3222291,-1.715538294279679,2.990779274514769,0.2930353345509287
2023-08-14,926.835,6.872770440276613,1.276209301270055,-1.2954372,-1.702371332634346,2.978580633904401,0.3003538605982695
2023-08-15,919.648,-0.3104797755271224,1.277039442921242,-1.2652715,-1.6886091591123469,2.9656486020335886,0.3075693317727186
2023-08-16,919.705,-0.2498324895220129,1.2777732209226769,-1.2448683,-1.674263999642557,2.952037220565234,0.3146786852029301
2023-08-17,915.818,-4.132888098428344,1.27845212597436,-1.2333113,-1.6593482097601144,2.937800335734474,0.3216789108749316
2023-08-18,921.099,1.1523488275421414,1.2791172631049887,-1.2123743,-1.6438742647012738,2.9229915278062624,0.3285670536282846
2023-08-19,921.77,1.8274787094610352,1.279809291582429,-1.1938372,-1.627854749548495,2.907664041130924,0.3353402151119191
2023-08-20,918.866,-1.0724985259847746,1.2805683654464128,-1.2484134,-1.6113023494336542,2.891870714880067,0.3419955556976605
2023-08-21,924.676,4.741677508296406,1.281434074737116,-1.4083881,-1.5942298398072043,2.875663914544321,0.3485302963494782
2023-08-22,928.597,8.666742386406282,1.282445387492458,-1.4305636,-1.5766500767809293,2.8590954642733872,0.3549417204465502
2023-08-23,921.457,1.5306960744261382,1.2836405925862966,-1.4060876,-1.5585759875519822,2.842216580138279,0.3612271755582641
2023-08-24,921.69,1.7675385384370303,1.285057243478404,-1.3684564,-1.5400205609155957,2.825077804394,0.3673840751693256
2023-08-25,923.19,3.2710695572095894,1.2867321029464514,-1.3315184,-1.5209968378739207,2.807728940820372,0.373409900353191
2023-08-26,922.839,2.9234948141716144,1.2887010888687196,-1.286307,-1.5015179023481882,2.790218991216908,0.3793022013920908
2023-08-27,922.459,2.546814244935677,1.290999221125378,-1.239881,-1.4815968720013464,2.772596093126724,0.3850585993419589
2023-08-28,922.748,2.839027785114093,1.293660569684605,-1.1932126,-1.4612468891781334,2.7549074588627382,0.3906767875406415
2023-08-29,922.164,2.258135370319514,1.2967182039386285,-1.1605048,-1.440481111969484,2.7371993159081125,0.3961545330578091
2023-08-30,920.714,0.8111369361647933,1.3002041433532483,-1.1410669,-1.4193127054079009,2.719516848761149,0.4014896780850568
2023-08-31,920.3,0.4000324182619741,1.3041493094928385,-1.1404238,-1.397754832800429,2.701904142293268,0.4066801412647358
2023-09-01,917.747,-2.149957162772017,1.3085834794813147,-1.2120794,-1.375820647205556,2.6844041266868706,0.4117239189561181
2023-09-02,921.465,1.571657458625217,1.3135352409576926,-1.2764696,-1.3535232830603243,2.667058524018017,0.4166190864375654
2023-09-03,917.528,-2.362159972474023,1.319031948583386,-1.3147988,-1.3308758479637188,2.6499077965471045,0.4213637990434344
2023-09-04,923.542,3.655372040811476,1.3250996821562635,-1.3037335,-1.3078914146222282,2.6329910967784915,0.4259562932345147
2023-09-05,922.282,2.398798172630753,1.331763206384851,-1.2850063,-1.2845830129632982,2.616346219348149,0.4303948876008723
2023-09-06,925.823,5.94311851827462,1.339045932373894,-1.2529932,-1.2609636224222411,2.6000095547961357,0.4346779837960287
2023-09-07,922.306,2.429333173034034,1.3469698808706638,-1.2066569,-1.2370461644079558,2.58401604527862,0.4388040674014953
2023-09-08,919.466,-0.4075577677999957,1.355555647319209,-1.1628389,-1.2128434949526388,2.568399142271848,0.4427717087207328
2023-09-09,919.797,-0.0729349785111754,1.3648223687675474,-1.1232793,-1.1883683975504356,2.553190766317983,0.4465795635016981
2023-09-10,924.131,4.264633265946312,1.3747876926708351,-1.0933847,-1.163633576189879,2.538421268860714,0.4502263735872127
2023-09-11,921.316,1.453110780214983,1.385467747630945,-1.0750113,-1.1386516485846063,2.5241193962155517,0.4537109674924506
2023-09-12,922.215,2.3554977567840525,1.3968771161109963,-1.0625341,-1.1134351396068227,2.5103122557178192,0.4570322609089385
2023-09-13,922.213,2.356794388142787,1.409028809160617,-1.0407078,-1.087996474927598,2.497025284088215,0.4601892571345289
2023-09-14,925.854,6.001000866780556,1.4219342431856996,-1.0166277,-1.062347974867984,2.484282218053684,0.4631810474288904
2023-09-15,921.866,2.016117385186698,1.4356032187936636,-1.0013025,-1.0365018484647108,2.4721050672583744,0.4660068112941334
2023-09-16,918.444,-1.402855864149578,1.4500439017429718,-0.9794982,-1.0104701877539086,2.4605140894968804,0.4686658166802821
2023-09-17,922.66,2.8161997271365014,1.4652628060230577,-0.96203357,-0.9842649622762236,2.4495277682992813,0.4711574201153743
2023-09-18,924.442,4.601168202877525,1.481264779088194,-0.94307023,-0.9578980138063302,2.4391627928945243,0.4734810667600535
2023-09-19,925.953,6.115049773170064,1.4980529892664751,-0.9155798,-0.9313810513097222,2.4294340405761976,0.4756362903866072
2023-09-20,924.253,4.417844648110625,1.51562891536217,-0.89817953,-0.9047256461293562,2.4203545614915263,0.477622713282485
2023-09-21,922.354,2.5215530377954867,1.5339923384673626,-0.89861,-0.8779432274045337,2.411935565871896,0.4794400460784062
2023-09-22,924.843,5.013175152321198,1.553141335995953,-0.9029492,-0.8510450777241495,2.4041864137201023,0.4810880875012557
2023-09-23,926.452,6.624711201784177,1.5730722779504818,-0.8976445,-0.8240423290162031,2.397114606966685,0.4825667240520593
2023-09-24,926.414,6.58916139628082,1.5937798254295752,-0.895357,-0.7969459586752272,2.390725784104802,0.4838759296093891
2023-09-25,925.303,5.480525945907642,1.6152569313810765,-0.9889314,-0.7697667859290602,2.385023717310137,0.485015764958654
2023-09-26,920.196,0.3758050607610892,1.6374948436031849,-1.0840328,-0.7425154684460872,2.380010312049272,0.4859863772478057
2023-09-27,925.781,5.963202672172372,1.6604831099933162,-1.0962622,-0.7152024991839434,2.37568560917726,0.4867879993700674
2023-09-28,923.588,3.7725196695017154,1.684209586041537,-1.0863526,-0.6878382034802794,2.372047789521816,0.4874209492743839
2023-09-29,925.23,5.416756293099147,1.7086604445628315,-1.0989814,-0.6604327363860877,2.3690931809489197,0.4878856292043639
2023-09-30,923.844,4.032912783314693,1.73382018765969,-1.1830596,-0.6329960802417295,2.3668162679014197,0.4881825248665727
2023-10-01,921.348,1.5389893804983308,1.7596716609037428,-1.1996154,-0.6055380424956013,2.365209703399344,0.4883122045291078
2023-10-02,922.773,2.965986325000321,1.7861960697226125,-1.2066683,-0.5780682537651455,2.364264323487758,0.4882753180514744
2023-10-03,926.66,6.854903857170914,1.8133729979753344,-1.2263258,-0.5505961661396279,2.3639691641149625,0.4880725958468486
2023-10-04,923.155,3.3517422173598126,1.8411804286970672,-1.2023754,-0.5231310517238684,2.364311480420936,0.4877048477779013
2023-10-05,919.322,-0.4794983540827087,1.8695947669912187,-1.1887107,-0.4956820014218689,2.3652767684130875,0.4871729619874235
2023-10-06,921.668,1.8682486509450695,1.8985908650444276,-1.1604633,-0.4682579239590271,2.366848789003454,0.4864779036650706
2023-10-07,924.908,5.109916032920982,1.9281420492372567,-1.1226768,-0.440867545141389,2.369009594378646,0.4856207137516267
2023-10-08,928.025,8.228504042231927,1.9582201493208955,-1.0842786,-0.4135194073501326,2.371739556671028,0.4846025075822356
2023-10-09,925.872,6.077012929264355,1.9887955296276485,-1.1584204,-0.3862218692692306,2.3750173988968792,0.4834244734701508
2023-10-10,932.905,13.111442944404669,2.019837122280419,-1.2534486,-0.3589831058440115,2.3788202281244306,0.4820878712325909
2023-10-11,926.351,6.558794338039793,2.051312462363992,-1.3094273,-0.3318111084681047,2.383123570832096,0.4805940306603808
2023-10-12,925.108,5.317067360556255,2.083187725018533,-1.3176763,-0.3047136853959569,2.3879014104144898,0.4789443499331023
2023-10-13,926.351,6.561262262340502,2.1154277644132207,-1.3131475,-0.2776984623779644,2.393126226791185,0.4771402939815625
2023-10-14,929.854,10.065379293779264,2.1479961545556896,-1.302098,-0.2507728835149194,2.398769038070609,0.4751833927994268
2023-10-15,927.502,7.714418705259483,2.180855231890718,-1.278021,-0.2239442123283657,2.404799444219084,0.4730752397059412
2023-10-16,927.764,7.977380747167139,2.2139661396392225,-1.3434458,-0.1972195330431004,2.411185672682323,0.4708174895617172
2023-10-17,926.906,7.120265669889262,2.247288873826616,-1.3366156,-0.170605752077915,2.417894625904531,0.468411856939608
2023-10-18,924.93,5.145073723812303,2.280782330947333,-1.3288648,-0.144109599740428,2.424891930687761,0.4658601142527553
2023-10-19,924.978,5.193805159322811,2.3144043572103854,-1.3057895,-0.1177376321216181,2.4321419893320035,0.4631640898419443
2023-10-20,922.932,3.148460226807688,2.3481117993087053,-1.2652467,-0.0914962331854778,2.439608032494183,0.4603256660244414
2023-10-21,925.909,6.12603917665328,2.3818605566532525,-1.231537,-0.0653916170489946,2.447252173702247,0.4573467771065471
2023-10-22,924.685,4.902542259246266,2.415605635010835,-1.3252887,-0.039429830447432,2.4550354654582667,0.4542294073621249
2023-10-23,928.351,8.568969724973378,2.4493012014829705,-1.3316938,-0.0136167553797043,2.462917956862675,0.4509755889794202
2023-10-24,925.378,5.596267572924794,2.482900640761285,-1.3331553,0.0120418880715407,2.4708587526897445,0.4475873999785169
2023-10-25,925.601,5.819471083702806,2.5163566125933743,-1.4221351,0.0375405387507976,2.4788160738425766,0.4440669621018038
2023-10-26,922.36,2.578601791540657,2.5496211103914166,-1.4224179,0.0628737912772497,2.486747319114167,0.4404164386798808
2023-10-27,922.88,3.0986599354143864,2.5826455209144643,-1.3944598,0.0880363927350341,2.4946091281794303,0.4366380324753345
2023-10-28,921.926,2.1446457542998845,2.6153806849538053,-1.3656191,0.1130232392123415,2.502357445741464,0.4327339835068552
2023-10-29,919.262,-0.5194405128268234,2.6477769589495552,-1.3424591,0.1378293721956671,2.509947586753888,0.4287065668561993
2023-10-30,923.867,4.085425070088466,2.679784277465333,-1.312591,0.1624499748257687,2.5173343026395645,0.4245580904604957
2023-10-31,925.484,5.702218553481364,2.711352216446814,-1.274365,0.1868803680218933,2.5244718484249207,0.4202908928924446
2023-11-01,922.198,2.415940179922375,2.7424300571888067,-1.2337146,0.2111160064811471,2.5313140507076595,0.4159073411309446
2023-11-02,924.773,4.9905694722465865,2.772966850934516,-1.2734551,0.2351524745599488,2.537814376374567,0.4114098283247134
2023-11-03,920.274,0.4911106177812832,2.802911484029906,-1.2547034,0.2589854820446217,2.5439260019852843,0.4068007715514674
2023-11-04,921.826,2.042599029845638,2.832212743555043,-1.294688,0.2826108598184073,2.549601883736636,0.4020826095752382
2023-11-05,923.378,3.5940171186608945,2.860819383353821,-1.3843321,0.3060245554322163,2.5547948279216044,0.3972578006043984
2023-11-06,918.529,-1.2556522237030885,2.888680190382796,-1.7611393,0.3292226285865912,2.5594575617962048,0.3923288200529769
2023-11-07,923.107,3.3216900489775787,2.9157440512991464,-1.8113768,0.3522012465324956,2.56354280476665,0.3872981583078332
2023-11-08,921.654,1.8679644431745928,2.9419600192077517,-1.7994684,0.3749566793985562,2.567003339809195,0.3821683185042642
2023-11-09,921.086,1.299171207728115,2.967277380486569,-1.7947258,0.397485295452625,2.569792085033944,0.3769418143125916
2023-11-10,919.631,-0.1566894085217918,2.991645721609731,-1.8031156,0.4197835563054433,2.571862165304288,0.3716211677382831
2023-11-11,920.965,1.176638505204563,3.0150149958872032,-1.8254788,0.441848012064443,2.57316698382276,0.36620890693813
2023-11-12,924.451,4.661905347738349,3.0373355900402057,-1.820524,0.4636752964456426,2.573660293594563,0.3607075640549962
2023-11-13,920.861,1.071111405865091,3.058558390531325,-1.8350111,0.4852621218517598,2.5732962686795653,0.3551196730736199
2023-11-14,922.254,2.463256966370344,3.078634849568587,-1.9376436,0.5066052744246916,2.572029575143896,0.3494477676999416
2023-11-15,924.364,4.572342316039395,3.0975170507029706,-1.9521093,0.527701609080511,2.56981544162246,0.3436943792663819
2023-11-16,922.863,3.0703677416579698,3.11515777393912,-2.0003414,0.5485480445352521,2.566609729403868,0.3378620346654831
2023-11-17,921.375,1.5813335300114535,3.131510560279536,-1.9882333,0.5691415583297091,2.562369001949827,0.3319532543142782
2023-11-18,924.065,4.270239967885286,3.1465297756230077,-2.3036644,0.5894791818615407,2.5570505937614665,0.3259705501517258
2023-11-19,926.076,6.28008734206497,3.1601706739386857,-2.4371197,0.6095579954329446,2.550612678505741,0.3199164236715003
2023-11-20,920.84,1.042875939335884,3.172389459637912,-2.4064465,0.6293751233222407,2.543014336315672,0.3137933639923915
2023-11-21,919.476,-0.322393953516471,3.183143349066789,-2.3943818,0.648927728887558,2.534215620179232,0.3076038459685193
2023-11-22,915.687,-4.111850102066988,3.1923906310432817,-2.3716989,0.6682130097109927,2.524177621332289,0.3013503283415163
2023-11-23,920.403,0.6036565541849466,3.2000907263637304,-2.3461726,0.6872281927913928,2.5128625335723376,0.295035251936793
2023-11-24,925.119,5.319199443724468,3.206204246204724,-2.3068078,0.7059705297940125,2.500233716410712,0.2886610379059275
2023-11-25,921.968,2.167630941062905,3.210693049347424,-2.2680552,0.7244372923651851,2.486255756982239,0.2822300860171882
2023-11-26,922.919,3.118026502713966,3.213520298152714,-2.2303538,0.7426257675201309,2.470894530632583,0.2757447729961165
2023-11-27,922.298,2.4963322935133894,3.214650513216991,-2.1959932,0.7605332531119048,2.454117260105086,0.2692074509180527
2023-11-28,922.297,2.494604479544935,3.2140496266396537,-2.1644797,0.7781570533895114,2.4358925732501424,0.2626204456544129
2023-11-29,931.081,11.27780540160174,3.2116850338350864,-2.1639555,0.7954944746530093,2.416190559182077,0.2559860553744708
2023-11-30,926.187,6.3829745862182925,3.2075256438233968,-2.1949232,0.8125428210134503,2.3949828228099466,0.24930654910431
2023-12-01,924.858,5.053078143098757,3.2015419279358994,-2.267559,0.8292993902653079,2.372242537670592,0.2425841653445699
2023-12-02,926.154,6.348125736397056,3.193705966873095,-2.445916,0.845761469879006,2.347944496994089,0.2358211107485047
2023-12-03,922.659,2.8520964742999406,3.183991496054755,-2.7709274,0.8619263331209841,2.3220651629337707,0.229019558861828
2023-12-04,923.186,3.377765434809081,3.172373949203534,-2.7886603,0.8777912353086679,2.294582713894866,0.2221816489257193
2023-12-05,921.157,1.3472150268535654,3.1588305001057253,-2.8230197,0.8933534102074764,2.265477089898249,0.215309484744298
2023-12-06,921.641,1.8295796223851992,3.143340102494521,-3.0607378,0.9086100665769976,2.2347300359175235,0.2084051336177899
2023-12-07,921.527,1.7139332043095044,3.125883528003608,-3.272971,0.9235583848731396,2.2023251431304685,0.2014706253425318
2023-12-08,923.992,4.176347601947838,3.1064434021408243,-3.2577229,0.9381955141130311,2.168247888027793,0.1945079512788647
2023-12-09,922.722,2.903732430957032,3.085004238233967,-3.2474244,0.9525185689092056,2.1324856693247614,0.1875190634878993
2023-12-10,919.981,0.1600878558148235,3.061552469303241,-3.2703485,0.9665246266794302,2.0950278426238107,0.1805058739380297
2023-12-11,919.691,-0.1324751822369676,3.0360764778169878,-3.24922,0.980210725038362,2.055865752778625,0.1734702537820013
2023-12-12,922.418,2.5927985034436025,3.00856662328994,-3.2283168,0.9935738593769824,2.014992763912957,0.1664140327052456
2023-12-13,928.333,8.506059916994293,2.979015267685655,-3.2104707,1.0066109806356036,1.9724042870500516,0.1593389983460888
2023-12-14,924.909,5.080237679512713,2.9474167985872484,-3.1873784,1.0193189932759623,1.9280978053112856,0.1522468957883765
2023-12-15,922.845,3.014405770864748,2.913767650103155,-3.1521583,1.0316947534577474,1.8820728966454077,0.1451394271269445
2023-12-16,921.439,1.6065644904385117,2.8780663214773483,-3.1117315,1.0437350674246133,1.834331254052735,0.1380182511062767
2023-12-17,913.679,-6.1552858623775935,2.840313393375827,-3.141687,1.055436690104563,1.7848767032712638,0.1308849828326055
2023-12-18,921.479,1.6428755382900455,2.800511541824217,-3.4022615,1.0667963239292633,1.7337152178949535,0.1237411935596107
2023-12-19,924.406,4.567918246365137,2.7586655497737143,-3.911001,1.0778106178766549,1.6808549318970596,0.1165884105477697
2023-12-20,924.784,4.943840686570151,2.714782316275612,-4.1473036,1.0884761667409142,1.6263061495346978,0.1094281169973401
2023-12-21,914.244,-5.598237944390561,2.668870863247241,-4.1151032,1.0987895106335974,1.5700813526136437,0.1022617520548329
2023-12-22,916.937,-2.906851221453774,2.6209423398150262,-4.1093645,1.1087471347194695,1.5121952050955567,0.0950907108927625
2023-12-23,922.695,2.849541457050296,2.571010024223209,-4.092935,1.1183454691902772,1.4526645550329322,0.0879163448623465
2023-12-24,922.706,2.8589402685917884,2.519089323299576,-4.0845127,1.1275808894794406,1.3915084338201356,0.0807399617187527
2023-12-25,920.073,0.2243453861958428,2.4651977694723675,-4.0852585,1.1364497167202727,1.3287480527520947,0.0735628259183753
2023-12-26,923.46,3.609868084107872,2.409355015335421,-4.0842767,1.1449482184501565,1.264406796885265,0.0663861589875415
2023-12-27,923.403,3.5513948628961955,2.3515828257615565,-4.297655,1.1530726095626762,1.1985102161988803,0.0592111399619565
2023-12-28,921.531,1.677926076884306,2.2919050675668813,-4.3415575,1.160819053509471,1.1310860140574104,0.0520389058960893
2023-12-29,928.142,8.287462080396354,2.230347696731781,-4.535107,1.1681836637532337,1.0621640329785471,0.0448705524416247
2023-12-30,918.554,-1.3021075490080372,2.1669387431870737,-4.6793203,1.175162505472971,0.9917762377141026,0.0377071344940042
2023-12-31,914.267,-5.590668455646654,2.1017082931767708,-4.6301723,1.1817515975222694,0.9199566956545012,0.0305496669059918
