date,gps_raw_up_mm,gps_detrended_mm,gps_seasonal_mm,hydl_original_up_mm,hydl_seasonal_mm,gps_minus_hydl_mm,poroelastic_mm
2021-01-01,48.961,2.312430323989762,0.9624519364604206,-2.4523308,0.7816025582247181,0.1808493782357024,-0.0184112483125472
2021-01-02,45.831,-0.8291105437104023,0.837381582510403,-2.5455515,0.839208011862249,-0.001826429351846,-0.0329472142656463
2021-01-03,49.542,2.8704528629957373,0.7110552298813613,-2.6377304,0.8964770736948002,-0.1854218438134389,-0.047502876963592
2021-01-04,39.413,-7.270417147577607,0.5835140754887564,-3.0592737,0.953387183222386,-0.3698731077336297,-0.0620713252801152
2021-01-05,48.068,1.372845430100845,0.4548007893720561,-3.055134,1.0099160404785312,-0.5551152511064751,-0.0766456374298876
2021-01-06,44.812,-1.894931756678228,0.324959496993059,-3.174115,1.066041617643798,-0.7410821206507391,-0.0912188857477125
2021-01-07,47.887,1.1684295995317988,0.1940357598842372,-3.1478784,1.1217421703369774,-0.9277064104527402,-0.1057841414614739
2021-01-08,48.42,1.6894653546894955,0.0620765546596065,-3.2779024,1.1769962485758014,-1.114919693916195,-0.1203344794544482
2021-01-09,39.857,-6.885403103351814,-0.0708697495977831,-3.2286243,1.231782707399501,-1.3026524569972835,-0.1348629830126463
2021-01-10,40.715,-6.039139807488764,-0.2047534155557523,-3.2356129,1.286080717145945,-1.4908341327016972,-0.1493627485528706
2021-01-11,44.229,-2.5367440723363304,-0.3395233634424014,-3.2126806,1.3398697733766056,-1.6793931368190071,-0.1638268903271952
2021-01-12,45.624,-1.1532152125094883,-0.4751271984254038,-3.349384,1.3931297064429855,-1.8682569048683888,-0.1782485450996311
2021-01-13,46.224,-0.5651570492240661,-0.6115112395398105,-3.5221279,1.445840690688704,-2.0573519302285144,-0.192620876790771
2021-01-14,42.835,-3.966065783573003,-0.7486205501411819,-3.4544008,1.4979832532818242,-2.2466038034230063,-0.2069370810862594
2021-01-15,42.472,-4.340858162287651,-0.8863989698591299,-3.4169698,1.549538282672557,-2.435937252531687,-0.2211903900049734
2021-01-16,43.069,-3.7555336020847614,-1.0247891480246154,-3.3540945,1.600487036671855,-2.625276184696471,-0.2353740764228807
2021-01-17,42.192,-4.644091519681082,-1.1637325785428203,-3.2966998,1.6508111501470757,-2.814543728689896,-0.2494814585485596
2021-01-18,49.398,2.5504686682066366,-1.30316963618147,-3.23039,1.7004926423311315,-3.0036622785126017,-0.2635059043464818
2021-01-19,50.319,3.459987149579064,-1.4430396142431814,-3.1857045,1.7495139237422637,-3.192553537985445,-0.2774408359041697
2021-01-20,43.232,-3.638862083366379,-1.5832807635884962,-3.1316085,1.797857802711901,-3.381138566300397,-0.2912797337394595
2021-01-21,48.027,1.1444161585097,-1.7238303329750595,-3.0907917,1.8455074915186789,-3.569337824493738,-0.3050161410441435
2021-01-22,49.304,2.409740817297581,-1.8646246106764823,-3.1054997,1.892446612127039,-3.757071222803521,-0.3186436678603659
2021-01-23,46.069,-0.8368552487703058,-2.005598967343332,-3.0791638,1.938659201529484,-3.944258168872816,-0.3321559951862108
2021-01-24,44.512,-2.4053391534707527,-2.1466879000669064,-3.11812,1.9841297166918868,-4.130817616758793,-0.3455468790070217
2021-01-25,48.863,1.9343084141717355,-2.287825077605377,-3.1840231,2.0288430391018704,-4.316668116707247,-0.3588101542490733
2021-01-26,51.993,5.05248671624216,-2.428943386730184,-3.218575,2.072784478920629,-4.501727865650812,-0.3719397386523137
2021-01-27,38.71,-8.242650785365235,-2.569974979649561,-3.8445354,2.115939778739184,-4.685914758388744,-0.3849296365589811
2021-01-28,45.17,-1.7946658359740302,-2.710851322464616,-4.1531177,2.158295116940376,-4.869146439404991,-0.3977739426150182
2021-01-29,46.509,-0.4675581286899706,-2.85150324461218,-4.206966,2.1998371106684886,-5.051340355280669,-0.4104668453812865
2021-01-30,43.946,-3.042426305616565,-2.9918609892476145,-4.2218714,2.2405528184088346,-5.2324138076564495,-0.4230026308517003
2021-01-31,40.578,-6.422171265241329,-3.131854264519412,-4.350669,2.2804297421800093,-5.412284006699421,-0.4353756858755115
2021-02-01,35.166999999999994,-11.844792715513291,-3.271412295686594,-4.482012,2.319455829342101,-5.590868125028695,-0.4475805014810743
2021-02-02,42.245,-4.778290364381457,-3.4104638780287235,-4.720195,2.3576194740244696,-5.768083352053193,-0.459611676098538
2021-02-03,42.372,-4.662663919794856,-3.5489374304974723,-4.7913356,2.3949095181772053,-5.943846948674677,-0.4714639186790371
2021-02-04,37.063,-9.982913089702508,-3.686761050057736,-4.721377,2.431315252250809,-6.118076302308545,-0.4831320517080504
2021-02-05,39.649,-7.40803758205342,-3.823862566665485,-4.660392,2.466826415508982,-6.2906889821744665,-0.494611014110736
2021-02-06,43.679,-3.3890371047965937,-3.960169598828704,-4.590774,2.501433195979937,-6.461602794808641,-0.5058958640471557
2021-02-07,42.449,-4.629911365881076,-4.095609609697039,-4.520901,2.535126230051925,-6.630735839748965,-0.5169817815954407
2021-02-08,41.775,-5.314660073255876,-4.230109963625155,-4.440688,2.567896601719144,-6.7980065653442985,-0.5278640713210511
2021-02-09,43.357,-3.743282934870006,-4.363597983154097,-4.354968,2.599735841484523,-6.96333382463862,-0.5385381647304424
2021-02-10,40.095,-7.015779658672486,-4.496001006354481,-4.2781305,2.630635924926276,-7.126636931280757,-0.5489996226075451
2021-02-11,38.260000000000005,-8.861149952612317,-4.6272464444748085,-4.4375334,2.660589270935454,-7.287835715410262,-0.5592441372316065
2021-02-12,44.208,-2.923393524638543,-4.757261839837738,-4.563839,2.689588739632068,-7.446850579469805,-0.5692675344750858
2021-02-13,46.022,-1.1195100827001692,-4.885974923926879,-4.806672,2.717627629967683,-7.603602553894563,-0.5790657757803969
2021-02-14,39.597,-7.554588411459133,-5.013313675606175,-4.8205194,2.7446996770227403,-7.758013352628915,-0.5886349600144427
2021-02-15,44.443000000000005,-2.718541562714381,-5.139206379414032,-4.949314,2.7707990490070857,-7.910005428421117,-0.5979713252000176
2021-02-16,50.319,3.1476307423939933,-5.263581683873713,-4.9067054,2.7959203439725853,-8.059502027846298,-0.6070712501232788
2021-02-17,38.497,-8.68434502316632,-5.386368659761856,-4.837255,2.8200585862468546,-8.20642724600871,-0.6159312558166108
2021-02-18,45.05,-2.1411957138798114,-5.507496858276612,-4.805485,2.843209222597515,-8.350706080874128,-0.6245480069163688
2021-02-19,34.656,-12.544921091921578,-5.626896369047088,-4.9028053,2.865368118136572,-8.49226448718366,-0.6329183128950939
2021-02-20,42.991,-4.219520919466733,-5.7444978779256815,-5.0034924,2.8865315519747146,-8.631029429900396,-0.6410391291679216
2021-02-21,34.277,-12.942994958690376,-5.860232724505328,-4.967206,2.9066962126356573,-8.766928937140985,-0.6489075580730626
2021-02-22,40.243,-6.986342971767625,-5.97403295930348,-4.9262094,2.925859193240732,-8.899892152544211,-0.6565208497263472
2021-02-23,34.323,-12.915564720873595,-6.085831400555303,-4.862354,2.9440179864741904,-9.029849387029492,-0.6638764027499523
2021-02-24,37.648,-9.599659968183383,-6.1955616905586615,-4.7843704,2.96117047933986,-9.156732169898522,-0.670971764875575
2021-02-25,39.581,-7.675628475872113,-6.303158351513917,-4.732042,2.977314947719861,-9.28047329923378,-0.6778046334224354
2021-02-26,40.925,-6.340470006114857,-6.408556840802068,-4.6965556,2.992450050746395,-9.401006891548462,-0.6843728556506127
2021-02-27,51.61000000000001,4.335815678913247,-6.511693605645225,-4.6337504,3.006574824997529,-9.518268430642754,-0.6906744289903796
2021-02-28,40.286,-6.996895513058363,-6.612506137094041,-4.573827,3.019688678528207,-9.632194815622247,-0.6967075011482577
2021-03-01,44.689,-2.6024760354664007,-6.710933023287286,-4.4958863,3.031791384747666,-9.742724408034952,-0.7024703700907329
2021-03-02,47.438,0.1380743306251994,-6.806914001929577,-4.4126697,3.0428830761545718,-9.849797078084148,-0.7079614839065936
2021-03-03,42.179,-5.1293097371190015,-6.900390011933901,-4.3322463,3.0529642379412656,-9.953354249875169,-0.7131794405490617
2021-03-04,37.584,-9.732562087481847,-6.991303244176486,-4.258217,3.062035701478478,-10.053338945654964,-0.7181229874589428
2021-03-05,38.691,-8.633682511396078,-7.079597191312441,-4.23363,3.0700986376919763,-10.149695829004418,-0.7227910210701748
2021-03-06,36.839,-10.493670799794486,-7.16521669660141,-4.4273877,3.077154550342554,-10.242371246943964,-0.7271825861992466
2021-03-07,33.910999999999994,-13.429526743609827,-7.248108001693719,-4.3592,3.0832052692207976,-10.331313270914515,-0.7312968753200906
2021-03-08,37.147,-10.201250133774847,-7.328218793328229,-4.334881,3.0882529432680474,-10.416471736596275,-0.7351332277261444
2021-03-09,35.364,-11.991840761222342,-7.405498248894427,-4.3940487,3.092300033634853,-10.49779828252928,-0.7386911285813983
2021-03-10,33.461,-13.902298416885053,-7.479897080812457,-4.5105286,3.095349306688329,-10.575246387500789,-0.7419702078623378
2021-03-11,42.285,-5.0856228916957615,-7.551367579685723,-4.4693546,3.0974038269795168,-10.64877140666524,-0.744970239192806
2021-03-12,38.25,-9.127813976587236,-7.61986365618231,-4.3986235,3.0984669501819733,-10.718330606364283,-0.7476911385738955
2021-03-13,31.567,-15.817871462492231,-7.685340881602506,-4.3483644,3.098542316012596,-10.7838831976151,-0.7501329630110866
2021-03-14,40.676,-6.715795140343522,-7.74775652709112,-4.471628,3.097633841145591,-10.84539036823671,-0.7522959090409442
2021-03-15,40.8,-6.598584801073849,-7.807069601454783,-4.597563,3.0957457121303538,-10.902815313585135,-0.7541803111597493
2021-03-16,40.61300000000001,-6.792240235616012,-7.863240887545665,-4.533101,3.092882378323909,-10.956123265869572,-0.7557866401565786
2021-03-17,38.007,-9.404761234902772,-7.916232977174659,-4.470603,3.089048544848326,-11.005281522022983,-0.7571155013533742
2021-03-18,36.34,-11.078147589866871,-7.96601030451864,-4.598385,3.0842491655834614,-11.050259470102102,-0.7581676327546575
2021-03-19,37.621,-9.803399091441094,-8.012539177987712,-4.65375,3.0784894362050026,-11.091028614192714,-0.7589439031096226
2021-03-20,35.471000000000004,-11.959515530558196,-8.055787810520258,-4.6280513,3.0717747872778056,-11.127562597798065,-0.759445309889391
2021-03-21,40.903,-6.5334966981509615,-8.095726348275026,-4.5487413,3.0641108774140906,-11.159837225689117,-0.7596729771823002
2021-03-22,31.586,-15.856342385152136,-8.132326897691211,-4.521184,3.055503586505941,-11.187830484197152,-0.7596281535101689
2021-03-23,39.864,-7.584052382494498,-8.165563550889187,-4.473633,3.045959009041298,-11.211522559930485,-0.7593122095685158
2021-03-24,35.464000000000006,-11.989626481110788,-8.195412409386243,-4.4327025,3.035483447512315,-11.230895856898558,-0.758726635893802
2021-03-25,42.456,-5.003064471933804,-8.221851606103458,-4.4078355,3.024083405924743,-11.245935012028202,-0.7578730404608
2021-03-26,43.073,-4.391326509165056,-8.244861325641535,-4.3429174,3.0117655834166834,-11.25662690905822,-0.7567531462132452
2021-03-27,38.781000000000006,-8.688453115405872,-8.264423822805364,-4.2669578,2.998536867994752,-11.262960690800115,-0.7553687885309835
2021-03-28,38.881,-8.593444075556326,-8.28052343935873,-4.21092,2.9844043303954355,-11.264927769754165,-0.753721912636857
2021-03-29,41.984,-5.495183163853113,-8.293146618992557,-4.142956,2.9693752180790463,-11.262521837071604,-0.7518145709466216
2021-03-30,41.286,-6.197789380574092,-8.30228192049179,-4.0543118,2.9534569493633813,-11.255738869855172,-0.7496489203652196
2021-03-31,40.673,-6.815262492962487,-8.307920029088077,-3.9720297,2.9366571077038857,-11.244577136791962,-0.7472272195327573
2021-04-01,45.822,-1.6706022682615198,-8.310053765987089,-3.8860812,2.9189834361267164,-11.229037202113805,-0.7445518260235727
2021-04-02,43.539,-3.957808473714416,-8.308678096061374,-3.7953165,2.9004438318207995,-11.209121927882174,-0.7416251935017978
2021-04-03,38.187,-9.313880876564394,-8.30379013370145,-3.7211745,2.8810463408945863,-11.184836474596036,-0.7384498688368314
2021-04-04,39.334,-8.17081924405467,-8.295389146819687,-3.6415691,2.8607991533028656,-11.156188300122553,-0.7350284891821737
2021-04-05,41.567,-5.941504705622072,-8.283476559003768,-3.571594,2.8397105979486037,-11.12318715695237,-0.7313637790210524
2021-04-06,40.6,-6.912058943603705,-8.268055949817873,-3.5050623,2.817789137964381,-11.085845087782252,-0.7274585471823127
2021-04-07,43.889,-3.6264354565635752,-8.24913305325223,-3.4674282,2.7950433661776883,-11.04417641942992,-0.7233156838300178
2021-04-08,41.68,-5.838681521952257,-8.226715754323195,-3.4310296,2.7714820007638434,-10.998197755087038,-0.7189381574302146
2021-04-09,42.364,-5.157699754433809,-8.200814083828094,-3.38534,2.747113881089975,-10.947927964918067,-0.7143290116983215
2021-04-10,44.681,-2.843589706718224,-8.171440211260933,-3.3384204,2.7219479637531028,-10.893388175014035,-0.7094913625305803
2021-04-11,42.747,-4.780117951009036,-8.138608435896971,-3.2680922,2.6959933188149314,-10.834601754711905,-0.704428394922983
2021-04-12,43.881,-3.6484770289579687,-8.102335176056075,-3.2057705,2.669259126235556,-10.77159430229163,-0.6991433598811048
2021-04-13,51.074,3.542793010186073,-8.062638956556537,-3.15366,2.641754672507934,-10.704393629064471,-0.6936395713242213
2021-04-14,46.14,-1.392960815545922,-8.019540394373063,-3.1150138,2.613489347494468,-10.633029741867531,-0.6879204029870625
2021-04-15,42.632000000000005,-4.902610133182055,-7.9730621825143215,-3.0629163,2.584472641466754,-10.557534823981076,-0.6819892853225672
2021-04-16,46.528,-1.0081545696874388,-7.923229072137316,-3.0005941,2.5547141423490083,-10.477943214486324,-0.6758497024089052
2021-04-17,45.279,-2.2586900605907743,-7.870067852917741,-2.921962,2.5242235331654435,-10.394291386083184,-0.6695051888640606
2021-04-18,44.57,-2.9691225413740794,-7.81360733169709,-2.8442526,2.493010589691256,-10.306617921388346,-0.6629593267711826
2021-04-19,46.932,-0.608451653264495,-7.753878309429148,-2.7721462,2.461085178306674,-10.214963487735822,-0.6562157426178993
2021-04-20,46.675,-0.8671963323087821,-7.690913556450222,-2.72446,2.4284572540529576,-10.11937081050318,-0.6492781042527216
2021-04-21,43.631,-3.912823214221546,-7.624747786099132,-2.6606445,2.3951368588889688,-10.0198846449881,-0.6421501178616271
2021-04-22,45.824,-1.7213320192189785,-7.555417626714652,-2.604675,2.361134120146412,-9.916551746861064,-0.6348355249678477
2021-04-23,45.803,-1.7437224675172605,-7.482961592039698,-2.5454094,2.326459249181536,-9.809420841221232,-0.6273380994578475
2021-04-24,44.563,-2.9849942793326214,-7.407420050063314,-2.5609186,2.2911225402206883,-9.698542590284005,-0.6196616446363918
2021-04-25,42.878,-4.671147174881239,-7.328835190332805,-2.720404,2.2551343693966754,-9.58396955972948,-0.6118099903135694
2021-04-26,50.87,3.319819125620676,-7.247250989770141,-2.7108319,2.218505193972555,-9.465756183742696,-0.6037869899265425
2021-04-27,46.103,-1.448155040622472,-7.162713177028128,-2.6464245,2.181245551749118,-9.343958728777244,-0.5955965176987545
2021-04-28,43.243,-4.309008516572092,-7.075269195423251,-2.58674,2.1433660606518794,-9.218635256075132,-0.5872424658392227
2021-04-29,42.088,-5.464741031513496,-6.984968164483664,-2.527673,2.10487741849317,-9.089845582976835,-0.5787287417844972
2021-04-30,41.584,-5.96929237215262,-6.891860840151899,-2.4720688,2.0657904029043905,-8.95765124305629,-0.5700592654857795
2021-05-01,42.94,-4.61321542846647,-6.795999573683474,-2.4397094,2.026115871433352,-8.822115445116825,-0.5612379667436046
2021-05-02,44.898,-2.6550316625537644,-6.6974382692836265,-2.3831239,1.9858647618010856,-8.683303031084712,-0.5522687825924222
2021-05-03,40.936,-6.616740717356229,-6.596232340525678,-2.3196707,1.9450480923123723,-8.54128043283805,-0.5431556547373326
2021-05-04,41.477,-6.075342235815572,-6.492438665595831,-2.2537422,1.9036769624137604,-8.396115628009591,-0.5339025270451205
2021-05-05,40.936,-6.615835860873505,-6.386115541410087,-2.1689672,1.8617625533926692,-8.247878094802756,-0.5245133430916756
2021-05-06,40.694,-6.857221235471739,-6.277322636650204,-2.092646,1.81931612921078,-8.096638765860984,-0.5149920437677706
2021-05-07,40.9,-6.65049800255199,-6.166120943766648,-2.0349283,1.7763490374647022,-7.94246998123135,-0.5053425649450918
2021-05-08,41.618,-5.931665805055948,-6.052572729997308,-1.9838673,1.7328727104666153,-7.785445440463924,-0.4955688352043219
2021-05-09,44.075,-3.4737127076688283,-5.936741487451753,-1.9380343,1.6888986664372592,-7.625640153889012,-0.4856747736269647
2021-05-10,49.28,1.7323503830376668,-5.818691882311659,-1.8801726,1.6444385108035506,-7.463130393115209,-0.4756642876525291
2021-05-11,44.365,-3.181995468983186,-5.698489703198782,-1.8194013,1.5995039375926725,-7.2979936407914545,-0.4655412710025667
2021-05-12,44.42,-3.1262168994460198,-5.576201808762584,-1.7523438,1.5541067309144487,-7.130308539677033,-0.4553096016729864
2021-05-13,41.109,-6.436313628567012,-5.45189607454034,-1.6769292,1.5082587665234752,-6.960154841063815,-0.4449731399959288
2021-05-14,42.757000000000005,-4.787285376562375,-5.325641339143139,-1.6085199,1.4619720134523433,-6.787613352595483,-0.4345357267724338
2021-05-15,40.403,-7.140131863648304,-5.19750734982171,-1.56749,1.4152585357070997,-6.61276588552881,-0.4240011814769817
2021-05-16,43.747,-3.794852810040996,-5.06756470746661,-1.524623,1.3681304940159411,-6.435695201482551,-0.413373300534924
2021-05-17,46.232,-1.308447935956648,-4.935884811097576,-1.4824392,1.3206001476219298,-6.256484958719505,-0.402655855673697
2021-05-18,48.81,1.2710830383885507,-4.802539801897407,-1.4622571,1.2726798561104595,-6.075219658007866,-0.3918525923486139
2021-05-19,43.322,-4.215319549801027,-4.667602506845902,-1.4297558,1.2243820812620216,-5.891984588107923,-0.3809672282439234
2021-05-20,35.889,-11.646594543486772,-4.5311463820096485,-1.4264088,1.175719388920715,-5.706865770930364,-0.3700034518497273
2021-05-21,41.646,-5.887741671954005,-4.393245455543824,-1.42567,1.1267044508689243,-5.519949906412749,-0.3589649211152362
2021-05-22,47.247,-0.2847606644880645,-4.25397427046194,-1.398539,1.0773500466984005,-5.331324317160341,-0.3478552621787444
2021-05-23,45.094,-2.4359815330182686,-4.113407827229945,-1.3674828,1.0276690656680063,-5.141076892897951,-0.3366780681746009
2021-05-24,42.104,-5.424064600356011,-3.9716215262407286,-1.3405309,0.97767450853833,-4.949296034779058,-0.3254368981173439
2021-05-25,40.825,-6.7010096460556285,-3.82869111022531,-1.3097856,0.9273794893732932,-4.756070599598603,-0.314135275863079
2021-05-26,38.676,-8.847486167027501,-3.684692606656584,-1.2464803,0.8767972372989469,-4.561489843955531,-0.3027766891480553
2021-05-27,39.402,-8.118833349299932,-3.5397022702016416,-1.2178392,0.8259410982095642,-4.365643368411206,-0.2913645887043203
2021-05-28,46.769,-0.7490509221582471,-3.3937965252780806,-1.1811087,0.7748245364112373,-4.168621061689318,-0.2799023874522096
2021-05-29,45.177,-2.3383275079083887,-3.247051908769746,-1.1306174,0.7234611361931681,-3.970513044962914,-0.268393459769339
2021-05-30,40.928,-6.584243401133142,-3.099545012956747,-1.0777905,0.6718646033169291,-3.771409616273676,-0.2568411408356746
2021-05-31,48.122,0.612969806917641,-2.951352428714239,-1.0251385,0.6200487664139944,-3.5714011951282334,-0.2452487260541424
2021-06-01,50.601,3.095076719434353,-2.802550689034032,-0.9718152,0.5680275782819868,-3.3705782673160183,-0.2336194705461609
2021-06-02,46.866,-0.6370670850227214,-2.653216212922484,-0.9320581,0.5158151170701352,-3.1690313299926194,-0.2219565887213717
2021-06-03,47.224,-0.276261381226865,-2.503425249727539,-0.8783519,0.4634255873445671,-2.9668508370721063,-0.2102632539207558
2021-06-04,47.009,-0.4885916916459649,-2.353253823947084,-0.8255621,0.4108733210241867,-2.7641271449712708,-0.1985425981322425
2021-06-05,48.913,1.417626790947374,-2.2027776805702586,-0.7909978,0.3581727781780758,-2.5609504587483345,-0.1867977117778007
2021-06-06,47.028,-0.4650312923126234,-2.05207223100228,-0.75994116,0.3053385476754375,-2.357410778677717,-0.1750316435709523
2021-06-07,51.677,4.185607948287126,-1.901212499622826,-0.7318251,0.252385347679364,-2.15359784730219,-0.1632474004435267
2021-06-08,46.536,-0.9541307106713276,-1.7502730710269472,-0.6888154,0.1993280259758299,-1.949601097002777,-0.1514479475404182
2021-06-09,46.16,-1.328811531766744,-1.5993280379966353,-0.65675455,0.1461815601295743,-1.7455095981262096,-0.1396362082810008
2021-06-10,46.276,-1.2111696406760637,-1.4484509502502068,-0.6455347,0.0929610574587323,-1.541412007708939,-0.1278150644858156
2021-06-11,51.517,4.032913811488087,-1.2977147640155438,-0.64774716,0.0396817548202788,-1.3373965188358226,-0.1159873565670193
2021-06-12,44.175,-3.3072267318567814,-1.147191792472329,-0.6640353,-0.0136409818013196,-1.1335508106710093,-0.1041558837810494
2021-06-13,47.355,-0.1239275844735912,-0.9969536571070498,-0.63531923,-0.0669916579096852,-0.9299619991973644,-0.092323404541867
2021-06-14,45.231,-2.245909161208969,-0.8470712400236566,-0.60669756,-0.1203546513234342,-0.7267165887002224,-0.0804926367930796
2021-06-15,50.752,3.2785455730942656,-0.6976146372513135,-0.5543163,-0.1737142132212458,-0.5239004240300676,-0.0686662584371701
2021-06-16,46.921,-0.5488821073867289,-0.5486531130895844,-0.4932888,-0.2270544694116251,-0.3215986436779593,-0.0568469078200102
2021-06-17,48.325,0.858709358312725,-0.4002550555299826,-0.42976454,-0.2803594218335754,-0.1198956336964071,-0.0450371842687545
2021-06-18,49.942,2.479171923528403,-0.2524879327916187,-0.37275663,-0.3336129502940672,0.0811250175024485,-0.0332396486811708
2021-06-19,51.596,4.135359851297185,-0.1054182510071949,-0.3292518,-0.3867988144478791,0.2813805634406842,-0.0214568241643995
2021-06-20,48.846,1.3874457714814727,0.0408884869058004,-0.29401776,-0.4399006560249969,0.4807891429307974,-0.009691196721086
2021-06-21,55.21,7.753575295146675,0.186367821155186,-0.25811303,-0.4929020013104476,0.6792698224656336,0.002054784019233
2021-06-22,57.362,9.907793373080027,0.3309563737335411,-0.22110787,-0.5457862638810341,0.8767426376145753,0.0137787040256241
2021-06-23,50.399,2.947099098365582,0.4745918857965208,-0.17766152,-0.5985367476031017,1.0731286333996226,0.0254781840503449
2021-06-24,57.854,10.404517352396336,0.6172132537311542,-0.14776205,-0.6511366498950456,1.2683499036261998,0.037150878774757
2021-06-25,45.866,-1.5813333311916995,0.7587605638866575,-0.119480535,-0.7035690652579139,1.462329629144571,0.0487944759188365
2021-06-26,51.552,4.107138665248114,0.8991751259420068,-0.091655366,-0.7558169890769989,1.6549921150190057,0.0604066953165888
2021-06-27,51.834,4.391736751407369,1.0383995048860837,-0.058551196,-0.8078633216969883,1.846262826583072,0.0719852879597039
2021-06-28,57.912,10.47246056943117,1.1763775515878372,-0.020379063,-0.8596908727727466,2.036068424360584,0.083528035011824
2021-06-29,47.723,0.2861188323553034,1.31305443193548,0.015238068,-0.911282365897416,2.224336797832896,0.0950327467957978
2021-06-30,51.525,4.090907385718925,1.448376654525554,0.04929895,-0.9626204435091316,2.4109970980346853,0.1064972617563446
2021-07-01,50.889,3.457825842607708,1.5822920968841852,0.07895027,-1.0136876720771055,2.595979768961291,0.1179194454005372
2021-07-02,54.855,7.426873816107332,1.71475003020471,0.10682331,-1.0644665475675434,2.779216577772253,0.1292971892185615
2021-07-03,54.926,7.499038631000755,1.845701142587532,0.13718489,-1.1149395011893009,2.960640643776833,0.1406284095871799
2021-07-04,47.719,0.2931370266012978,1.97509756076956,0.1713087,-1.165088905418776,3.140186466188336,0.1519110466583783
2021-07-05,58.361,10.936412669191036,2.102892870332689,0.19737169,-1.2148970803031165,3.317789950635805,0.1631430632356358
2021-07-06,51.685,4.261270110874095,2.2290421343821483,0.2070872,-1.2643463000403428,3.4933884344224917,0.1743224436402973
2021-07-07,52.736,5.313316847200441,2.353501910687489,0.22621028,-1.31341879983453,3.666920710522019,0.1854471925704828
2021-07-08,56.015,8.59342710151094,2.4762302672806,0.26328513,-1.362096783023767,3.8383270503043674,0.1965153339550154
2021-07-09,53.657,6.236625748351621,2.597186796506914,0.3080075,-1.41036242847814,4.007549224985054,0.2075249098047821
2021-07-10,53.706,6.287005208814462,2.716332627527708,0.33495522,-1.4581978982645398,4.174530525792248,0.218473979063975
2021-07-11,51.263000000000005,3.845428980657992,2.833630437273071,0.3597369,-1.5055853455746424,4.339215782847713,0.2293606164636201
2021-07-12,51.911,4.4948019219613045,2.9490444598468644,0.39462307,-1.552506922911986,4.5015513827588505,0.2401829113797908
2021-07-13,56.472,9.057241971088072,3.062540494386645,0.4426262,-1.5989447905335408,4.661485284920186,0.2509389666988792
2021-07-14,53.081,5.667675400295484,3.174085911383361,0.48096484,-1.6448811251408748,4.818967036524236,0.2616268976922706
2021-07-15,55.939,8.527267990873073,3.283649657467078,0.51062447,-1.6902981288153829,4.97394778628246,0.2722448309027491
2021-07-16,51.314,3.903767779020201,3.3912022586668837,0.53426474,-1.735178038191793,5.1263802968586765,0.2827909030449119
2021-07-17,55.815,8.40625258608768,3.49671582215463,0.5537372,-1.7795031338636171,5.276218956018248,0.2932632599218556
2021-07-18,55.921,8.513882359015474,3.6001640364838354,0.59057766,-1.823255750013827,5.423419786497663,0.303660055360357
2021-07-19,48.891,1.4856560888184305,3.701522170336698,0.6131238,-1.8664182842636048,5.567940454600302,0.313979450166707
2021-07-20,45.67,-1.733660428903738,3.8007670697937423,0.6279298,-1.9089732077316288,5.709740277525371,0.3242196111053581
2021-07-21,53.261,5.859933276371679,3.8978771541421606,0.64900184,-1.9509030752959085,5.848780229438069,0.3343787099024619
2021-07-22,58.699,11.300419725112764,3.9928324102405135,0.66504616,-1.992190536049821,5.985022946290335,0.3444549222763406
2021-07-23,52.464,5.06802484932265,4.0856143854588725,0.6836144,-2.0328183439435805,6.118432729402453,0.3544464269968911
2021-07-24,50.547,3.1537476878880373,4.1762061792150185,0.702909,-2.072769368602012,6.248975547817031,0.3643514049758582
2021-07-25,56.719,9.328587279695643,4.264592433128799,0.73001826,-2.112026606309117,6.376619039437916,0.3741680383898605
2021-07-26,49.046,1.6585426636321834,4.350759319818034,0.74868995,-2.150573191149565,6.5013325109676,0.3838945098380008
2021-07-27,55.543,8.158612878584384,4.4346945303609,0.77721155,-2.1883924062968645,6.623086936657764,0.3935290015358288
2021-07-28,52.456,5.0743136977824665,4.516387260450946,0.8080378,-2.225467695437683,6.741854955888629,0.4030696945473568
2021-07-29,47.737,0.3581142935507058,4.59582819527221,0.8373942,-2.261782674321382,6.857610869593592,0.4125147680567769
2021-07-30,54.68,7.303472207701179,4.673009493123334,0.86199844,-2.297321142423587,6.970330635546921,0.4218623986814577
2021-07-31,50.103,2.7280394870781293,4.747924767820507,0.8739845,-2.332067094712242,7.079991862532749,0.4311107598277203
2021-08-01,49.84,2.4667279223906267,4.820569069910577,0.8941672,-2.366004733504373,7.18657380341495,0.4402580210908465
2021-08-02,57.954,10.582536262224696,4.890938866726593,0.9059398,-2.3991184804014405,7.290057347128034,0.4493023477006764
2021-08-03,47.843,0.473365983481151,4.959032021319187,0.92499185,-2.431392988290926,7.390425009610114,0.4582419000141008
2021-08-04,52.578,5.210159405537056,5.02484777029839,0.9451079,-2.4628131534015933,7.487660923699983,0.4670748330556595
2021-08-05,56.794,9.42806221538839,5.088386700621258,0.96221894,-2.493364127399496,7.581750828020754,0.4757992961074078
2021-08-06,46.917,-0.4469268751530704,5.149650725361893,0.96624196,-2.5230313295117752,7.672682054873668,0.484413432349103
2021-08-07,54.99,7.628341903366266,5.208643058501091,0.96712375,-2.5518004586648675,7.7604435171659585,0.4929153785497214
2021-08-08,48.687,1.327720309943531,5.265368188774099,0.97488517,-2.57965750562377,7.845025694397869,0.5013032648111979
2021-08-09,55.874,8.517207078760087,5.319831852615229,0.9834508,-2.606588765118647,7.926420617733876,0.5095752143652409
2021-08-10,52.049,4.694800943997297,5.37204100623941,0.9872167,-2.63258084794503,8.00462185418444,0.5177293434239646
2021-08-11,53.312,5.960419450552484,5.422003796901131,1.0094806,-2.6576206930236776,8.079624489924809,0.5257637610850104
2021-08-12,52.1,4.751144764689,5.469729533371908,1.0433811,-2.6816955794060373,8.151425112777945,0.5336765692917446
2021-08-13,48.45399999999999,1.1079756082311971,5.515228655678204,1.0767977,-2.704793138211139,8.220021793889343,0.5414658628490445
2021-08-14,50.307,2.963910703003455,5.5585127041420535,1.1063578,-2.726901364479684,8.285414068621737,0.5491297294950901
2021-08-15,49.201,1.860948770830123,5.599594287767325,1.116727,-2.748008628931005,8.34760291669833,0.5566662500294977
2021-08-16,57.27,9.933088533535564,5.638487052014915,1.1369214,-2.768103689608529,8.406590741623443,0.5640734984980635
2021-08-17,52.373000000000005,5.03866496429656,5.675205646010522,1.1440231,-2.787175703399301,8.462381349409823,0.5713495424342769
2021-08-18,51.597,4.265207811541188,5.709765689229172,1.1499438,-2.805214237413202,8.514979926642374,0.578492443157692
2021-08-19,58.442,11.112862648885898,5.742183737700649,1.14374,-2.8222092802073626,8.564393017908012,0.5855002561291736
2021-08-20,54.947,7.620628074762817,5.772477249780491,1.1322427,-2.838151252841433,8.610628502621925,0.5923710313629258
2021-08-21,54.939,7.615502687604106,5.800664551531285,1.1356483,-2.853031019749293,8.653695571280577,0.5991028138951499
2021-08-22,59.627,12.306485085841928,5.826764801758973,1.1445068,-2.8668398994128976,8.693604701171871,0.6056936443090809
2021-08-23,55.464,8.146573867908433,5.850797956749244,1.1678038,-2.8795696748240407,8.730367631573285,0.612141559316082
2021-08-24,47.777,0.4627676322357845,5.872784734748766,1.2007669,-2.8912126037198678,8.763997338468634,0.6184445923923841
2021-08-25,47.676,0.3650649772561189,5.892746580236198,1.2466388,-2.9017614285781104,8.794508008814308,0.6246007744709868
2021-08-26,49.593,2.285615559043461,5.9107056280277135,1.2684871,-2.911209386358148,8.821915014385862,0.630608134688145
2021-08-27,51.106,3.80227102321534,5.926684667261644,1.2814568,-2.919550217974121,8.846234885235765,0.6364647011838016
2021-08-28,55.001000000000005,7.701029990573535,5.9407071053066085,1.2928333,-2.9267781774865367,8.867485282793146,0.6421685019552353
2021-08-29,55.691,8.394891081919814,5.952796931637271,1.304265,-2.932888040998915,8.885684972636186,0.6477175657631273
2021-08-30,55.17,7.877852918055977,5.962978681721532,1.3200176,-2.9378751152463383,8.900853796967871,0.6531099230891562
2021-08-31,57.336,10.047914119783812,5.9712774009625695,1.321726,-2.941735245862857,8.913012646825427,0.6583436071441903
2021-09-01,51.319,4.035073307905092,5.977718608738789,1.3070455,-2.9444648253150656,8.922183434053855,0.6634166549260301
2021-09-02,52.616,5.336329103221623,5.982328262584128,1.3015792,-2.9460608004893074,8.928389063073435,0.6683271083256244
2021-09-03,51.909,4.633680126535173,5.9851327225509365,1.3211232,-2.9465206799203565,8.931653402471293,0.6730730152805758
2021-09-04,50.911,3.640124998647527,5.986158715796608,1.3323172,-2.9458425406495894,8.932001256446197,0.6776524309747239
2021-09-05,52.537,5.270662340360468,5.985433301435072,1.3408045,-2.944025034701081,8.929458336136152,0.6820634190824792
2021-09-06,52.756,5.494290772475793,5.982983835693088,1.3653985,-2.9410673951642847,8.924051230857373,0.6863040530565706
2021-09-07,56.958,9.701008915795285,5.978837937410957,1.3913337,-2.936969441872396,8.915807379283354,0.6903724174577563
2021-09-08,58.348,11.095815391120729,5.973023453926264,1.4150811,-2.9317315866657423,8.904755040592006,0.6942666093250278
2021-09-09,52.381,5.133708819253897,5.965568427378535,1.4398441,-2.92535483823,8.890923265608535,0.6979847395847448
2021-09-10,50.274,3.031687820996587,5.956501061471949,1.3856534,-2.917840806499403,8.874341867971351,0.701524934497114
2021-09-11,53.25,6.012751017150579,5.945849688732144,1.3998778,-2.909191706615466,8.85504139534761,0.7048853371383368
2021-09-12,52.615,5.382897028517671,5.933642738292423,1.4234129,-2.89941036243222,8.833053100724642,0.7080641089167377
2021-09-13,49.188,1.961124475899636,5.919908704243651,1.4389322,-2.8885002095593424,8.808408913802994,0.7110594311210889
2021-09-14,53.05,5.828280922456381,5.9046761145810445,1.4448214,-2.876465297935024,8.781141412516067,0.713869506499346
2021-09-15,54.679,7.462430612857313,5.887973500780108,1.4616846,-2.8633102939208546,8.751283794700962,0.7164925608659355
2021-09-16,51.583,4.371651264455891,5.86982936803287,1.4820766,-2.849040481911524,8.718869849944394,0.7189268447356879
2021-09-17,52.898,5.691941463640535,5.850272166174452,1.4879397,-2.8336617654525003,8.683933931626953,0.7211706349825037
2021-09-18,53.17,5.969252502576198,5.829330261328893,1.3155128,-2.817180667859492,8.646510929188386,0.7232222365207598
2021-09-19,58.11,10.914516424653025,5.807031908301876,1.222966,-2.7996043323338733,8.60663624063575,0.7250799840074624
2021-09-20,52.464,5.273841302828711,5.783405223747023,1.2358339,-2.780940521568801,8.564345745315824,0.7267422435630957
2021-09-21,50.477,3.292033904477414,5.758478160130943,1.2516086,-2.761197616841331,8.519675776972274,0.7282074145091041
2021-09-22,46.665,-0.514720624170391,5.732278480521096,1.2792066,-2.740384616586227,8.472663097107322,0.7294739311199077
2021-09-23,52.153,4.978576251200268,5.704833734219362,1.3103216,-2.7185111344479065,8.423344868667268,0.7305402643873274
2021-09-24,54.501,7.33192306490434,5.676171233262604,1.3309207,-2.6955873968072623,8.371758630069866,0.7314049237952848
2021-09-25,54.654,7.489881403744389,5.646318029810567,1.3641659,-2.671624239780884,8.317942269591452,0.7320664591025966
2021-09-26,48.413,1.253874875974068,5.615300894439843,1.3735583,-2.646633105690582,8.261934000130424,0.732523462131707
2021-09-27,54.022,6.867901951202246,5.583146295361308,1.27828,-2.62062603900181,8.203772334363117,0.732774568561143
2021-09-28,45.26199999999999,-1.887038900962268,5.549880378577346,1.2381017,-2.593615681730069,8.143496060307417,0.7328184597195089
2021-09-29,52.333,5.189614933150214,5.515528948993297,1.2433233,-2.565615268314978,8.081144217308275,0.7326538643787898
2021-09-30,57.256,10.11830613894459,5.48011745249672,1.2209429,-2.5366386199623148,8.016756072459035,0.732279560544767
2021-10-01,54.143,7.011033270095144,5.443670959016202,1.2217984,-2.5067001384548235,7.9503710974710255,0.7316943772422988
2021-10-02,57.969,10.842794880276196,5.406214146570364,1.2247111,-2.4758147994332678,7.882028946003631,0.7308971962932782
2021-10-03,53.094,5.973589523161989,5.367771286316037,1.254449,-2.4439981451497146,7.811769431465752,0.7298869540850251
2021-10-04,54.69799999999999,7.583415752426825,5.3283662286034605,1.290391,-2.4112662766956894,7.73963250529915,0.7286626433269127
2021-10-05,52.368,5.258835174232575,5.288022390044538,1.3114337,-2.377635845708363,7.6656582357529,0.7272233147930226
2021-10-06,54.939,7.835271416192233,5.24676274159923,1.3225555,-2.343124045558585,7.589886787157815,0.7255680790486425
2021-10-07,53.1,6.001545381594465,5.204609797683291,1.332126,-2.3077486020251112,7.512358399708402,0.7236961081584126
2021-10-08,48.741,1.6478283193891012,5.161585606299505,1.2974946,-2.271527763460014,7.433113369759519,0.7216066373739741
2021-10-09,53.128,6.040118692246244,5.117711740192915,1.2899923,-2.234480290450763,7.352192030643678,0.719298966798969
2021-10-10,53.851000000000006,6.768414962835964,5.073009289029256,1.2959083,-2.196625444985164,7.269634734014421,0.7167724630292664
2021-10-11,55.70399999999999,8.626715593828322,5.027498852594436,1.2856345,-2.15798297912579,7.185481831720226,0.7140265607663202
2021-10-12,53.768,6.6956673505231965,4.981200535011346,1.2574227,-2.1185731232012217,7.099773658212568,0.7110607644015867
2021-10-13,58.747,11.679610835967132,4.934133939969143,1.2024763,-2.078416573521909,7.012550513491052,0.7078746495699565
2021-10-14,55.695,8.632544460748502,4.886318166958661,1.1980301,-2.0375344796290733,6.923852646587735,0.7044678646701842
2021-10-15,57.572,10.514466635455666,4.837771808506188,1.2138746,-1.9959484310855764,6.833720239591765,0.700840132350351
2021-10-16,56.031,8.97796999051913,4.788512948396735,1.2315325,-1.9536804438182769,6.742193392215012,0.6969912509564017
2021-10-17,58.084,11.035447690050413,4.738559160876369,1.1475779,-1.910752946021933,6.649312106898302,0.6929210959418522
2021-10-18,56.526,9.481869969890656,4.687927510822211,1.0827595,-1.867188763635212,6.555116274457423,0.6886296212368267
2021-10-19,55.747,8.707262531208912,4.636634554866926,1.1116432,-1.823011105399853,6.459645660266778,0.684116860574562
2021-10-20,50.801,3.765623720339502,4.584696343464009,0.87813467,-1.7782435475147265,6.362939890978736,0.6793829287736378
2021-10-21,50.367,3.335666286657266,4.532128423878222,0.7230464,-1.7329100178967445,6.265038441774966,0.6744280229741829
2021-10-22,52.842,5.814666412669036,4.478945844084879,0.07082421,-1.6870347800613514,6.16598062414623,0.6692524238263785
2021-10-23,49.918,2.8946224024160268,4.425163157560276,-0.085871235,-1.6406424166356273,6.065805574195903,0.6638564966296233
2021-10-24,50.847,3.8271064128908394,4.3707944289444685,-1.5346471,-1.5937578125175451,5.964552241462014,0.6582406924207895
2021-10-25,53.063,6.046531315100396,4.315853240556558,-2.0957496,-1.546406137695445,5.862259378252004,0.6524055490100313
2021-10-26,55.462,8.448895349979177,4.260352699741492,-2.1996052,-1.4986128297421046,5.758965529483596,0.6463516919626806
2021-10-27,53.424,6.4141316769235095,4.204305447026451,-2.2631235,-1.4504035759983618,5.654709023024813,0.6400798355258138
2021-10-28,53.645,6.638301849885966,4.1477236650638645,-2.254909,-1.4018042954615055,5.54952796052537,0.6335907834981377
2021-10-29,51.394000000000005,4.390404100163321,4.090619088337028,-2.2431097,-1.3528411203941888,5.443460208731216,0.6268854300418932
2021-10-30,43.002,-3.9985633409476993,4.033003013603657,-2.2350442,-1.3035403776698915,5.3365433912735485,0.6199647604355512
2021-10-31,54.566,7.568999391487065,3.9748863110514217,-2.1972206,-1.253928569871414,5.228814880922836,0.6128298517661096
2021-11-01,53.006,6.012475841765863,3.9162794361390256,-2.4161134,-1.2040323561591195,5.120311792298145,0.6054818735599151
2021-11-02,55.435,8.444864332486443,3.8571924420954895,-2.3951964,-1.1538785329261612,5.011070975021651,0.5979220883509335
2021-11-03,48.41,1.4231631862465457,3.797634993049321,-2.3588064,-1.1034940142580116,4.901129007307333,0.5901518521855146
2021-11-04,47.225,0.2417968726924567,3.7376163777588474,-2.599267,-1.0529058122141168,4.790522189972963,0.5821726150627266
2021-11-05,51.491,4.511349147456186,3.677145523914176,-2.6176836,-1.0021410169496423,4.679286540863819,0.5739859213094322
2021-11-06,48.868,1.8918183962421884,3.616231012980521,-2.6260316,-0.9512267766956156,4.567457789676137,0.5655934098893111
2021-11-07,51.911,4.938203004754915,3.5548810955521843,-2.5731497,-0.9001902776159728,4.455071373168157,0.556996814645149
2021-11-08,46.858,-0.1119247883497722,3.493103707185937,-2.5178776,-0.8490587235602388,4.342162430746176,0.5481979644737318
2021-11-09,48.662,1.6952741166469034,3.4309064846819006,-2.9575012,-0.7978593157308,4.228765800412701,0.539198783432802
2021-11-10,48.428,1.4643834753769314,3.3682967827797774,-2.9167466,-0.7466192322839008,4.114916015063678,0.5300012907795651
2021-11-11,47.51,0.5496872705042393,3.3052816912377065,-2.9016423,-0.6953656078836298,4.000647299121336,0.5206076009403348
2021-11-12,50.354000000000006,3.396934166217354,3.2418680522607626,-2.9017754,-0.6441255132283402,3.885993565489103,0.511019923410953
2021-11-13,46.330000000000005,-0.6239047601575383,3.178062478245799,-2.8509307,-0.5929259345690601,3.770988412814859,0.5012405625877154
2021-11-14,48.487,1.536574703698416,3.113871369809013,-2.8332677,-0.5417937532395375,3.6556651230485504,0.4912719175285799
2021-11-15,46.047,-0.9005603156761438,3.0493009340624635,-2.82567,-0.4907557252176456,3.540056659280109,0.4811164816445294
2021-11-16,52.813,5.868338214048762,2.9843572031055863,-2.786657,-0.4398384607379571,3.424195663843544,0.4707768423210108
2021-11-17,50.873000000000005,3.931046008372155,2.919046052697621,-2.7251527,-0.3890684039752878,3.308114456672909,0.4602556804694699
2021-11-18,43.904,-3.0353077973153098,2.8533732210768044,-2.6862874,-0.3384718128190643,3.1918450338958686,0.4495557700090338
2021-11-19,52.955000000000005,6.018402399300929,2.78734432789218,-2.7656486,-0.2880747387583492,3.0754190666505288,0.4386799772785085
2021-11-20,44.006,-2.927955706278212,2.720964893213853,-2.7047038,-0.2379030068973158,2.958867900111169,0.4276312603788868
2021-11-21,40.879,-6.051831598503042,2.6542403565876684,-2.6597772,-0.1879821961209406,2.842222552708609,0.416412668446663
2021-11-22,45.768,-1.1594402215539032,2.587176096100337,-2.615096,-0.1383376194305921,2.725513715530929,0.4050273408583045
2021-11-23,47.722,0.7986339343495649,2.519777447421265,-2.57974,-0.0889943044690825,2.6087717518903477,0.3934785063662959
2021-11-24,44.033,-2.8859519079004023,2.4520497227875144,-2.5239172,-0.0399769742547067,2.4920266970422214,0.381769482167245
2021-11-25,42.691,-4.22319229999442,2.383998229898608,-2.5125866,0.0086899718564748,2.375308258042133,0.3699036729026151
2021-11-26,48.253,1.3436394573098651,2.3156282906882053,-2.493859,0.0569824769608469,2.2586458137273584,0.3578845695926926
2021-11-27,47.258,0.3533826650734416,2.246945259940029,-2.4639282,0.1048768451310047,2.1420684148090245,0.3457157485044733
2021-11-28,45.687,-1.2129165509239228,2.177954543715776,-2.4514236,0.1523497596542816,2.025604784061494,0.3334008699542281
2021-11-29,44.884,-2.0109713312073465,2.1086616175632917,-2.4002583,0.1993783009674052,1.909283316595886,0.3209436770455522
2021-11-30,41.921,-4.9670602835759725,2.0390720444736337,-2.3625677,0.2459399642690506,1.793132080204583,0.3083479943437577
2021-12-01,45.67,-1.210938505233664,1.9691914925563865,-2.3323379,0.2920126767921146,1.6771788157642715,0.295617726487573
2021-12-02,45.916,-0.9576565987490684,1.899025752402821,-2.27902,0.3375748147180398,1.5614509376847812,0.2827568567390992
2021-12-03,45.174,-1.6920992562432322,1.8285807541075811,-2.220513,0.3826052197156175,1.4459755343919638,0.2697694454731092
2021-12-04,43.767,-3.090958585956136,1.7578625839197397,-2.1722977,0.4270832150872017,1.330779368832538,0.2566596286067639
2021-12-05,45.14,-1.7099545423764293,1.686877500495091,-2.1201754,0.4709886215054752,1.2158888789896158,0.2434316159709268
2021-12-06,42.747,-4.094697575564137,1.615631950722226,-2.1012383,0.5143017723243292,1.1013301783978968,0.230089689624265
2021-12-07,49.856,3.0232766472096717,1.544132585095472,-2.1144688,0.5570035284478434,0.9871290566476284,0.2166382021114259
2021-12-08,48.501000000000005,1.6769180053789572,1.4723862726089645,-2.1022856,0.59907529274164,0.8733109798673245,0.203081574666573
2021-12-09,57.518,10.702387105418248,1.4004001151465826,-2.1592212,0.6404990239714485,0.759901091175134,0.189424295363656
2021-12-10,49.841,3.03368359787701,1.3281814613436167,-2.1569986,0.6812572502540121,0.6469242110896046,0.1756709172148275
2021-12-11,50.13,3.3297100194313263,1.2557379198967695,-2.2256024,0.7213330820060424,0.5344048378907273,0.161826056218434
2021-12-12,44.932,-1.861428107979061,1.18307737230016,-2.6976047,0.7607102243773157,0.4223671479228442,0.1478943893580919
2021-12-13,43.211,-3.574634185294532,1.1102079849858084,-3.3118825,0.7993729891545437,0.3108349958312647,0.1338806525543747
2021-12-14,47.633,0.8551979778919423,1.0371382208482434,-3.6396523,0.8373063061231242,0.1998319147251192,0.1197896385706843
2021-12-15,48.013,1.243109664812062,0.9638768501337178,-4.0337596,0.8744957338744159,0.0893811162593019,0.1056261948749116
2021-12-16,41.658,-5.104394654181288,0.8904329606756968,-4.364302,0.9109274700467036,-0.0204945093710067,0.0913952214585302
2021-12-17,41.064,-5.690820047822413,0.8168159674593068,-4.3065696,0.946588360988576,-0.129772393529269,0.0771016686148056
2021-12-18,44.059,-2.688248414172379,0.7430356214984128,-4.281845,0.9814659108339876,-0.2384302893355747,0.0627505346778151
2021-12-19,41.451,-5.288809712349935,0.6691020180103295,-4.2621655,1.015548289978883,-0.3464462719685535,0.0483468637240245
2021-12-20,52.44,5.707757551459458,0.595025603874029,-4.229327,1.048824342949787,-0.4537987390757579,0.0338957432381753
2021-12-21,52.324000000000005,5.598862973221111,0.5208171843591254,-4.2588964,1.0812835956554538,-0.5604664112963285,0.0194023017452752
2021-12-22,42.758,-3.960357174016407,0.4464879291137552,-4.421734,1.1129162620131834,-0.6664283328994283,0.0048717064104987
2021-12-23,42.69,-4.021291275305251,0.3720493774010389,-4.981309,1.143713249942102,-0.7716638725410632,-0.0096908393911744
2021-12-24,52.391,5.686603100844321,0.297513442574608,-5.2241015,1.1736661667163042,-0.8761527241416962,-0.0242800985337256
2021-12-25,43.891,-2.8071279243707337,0.2228924157851167,-5.639635,1.2027673236714205,-0.9798749078863036,-0.0388908026254193
2021-12-26,42.969,-3.723027266588754,0.1481989689108597,-5.838267,1.2310097402587663,-1.0828107713479067,-0.0535176545187855
2021-12-27,41.117,-5.568932586973134,0.0734461567066562,-6.127629,1.258387147441967,-1.1849409907353108,-0.0681553308433819
2021-12-28,49.254,2.5739976419997035,-0.0013525818333917,-6.117667,1.2848939904315413,-1.286246572264933,-0.0827984845594332
2021-12-29,47.425,0.7507631681466738,-0.076183422902647,-6.234895,1.310525430753651,-1.386708853656298,-0.0974417475304287
2021-12-30,45.38,-1.2883452048974977,-0.1510321581001494,-6.190537,1.3352773476498612,-1.4863095057500106,-0.1120797331127815
2021-12-31,50.666,4.003373174650352,-0.2258841954412407,-6.1683826,1.3591463388054736,-1.5850305342467144,-0.1267070387606106
2022-01-01,44.842,-1.815564089710932,-0.3007245611600607,-6.1283464,1.382129720404629,-1.6828542815646896,-0.14131824864374
2022-01-02,43.974,-2.6785079930390405,-0.3755379023024222,-6.0648847,1.4042255265111454,-1.7797634288135675,-0.1559079362769836
2022-01-03,38.671,-7.976617012150815,-0.4503084901062157,-6.3322077,1.425432507774651,-1.8757409978808668,-0.1704706671588049
2022-01-04,41.314,-5.328419467250066,-0.5250202241651813,-6.5398107,1.4457501294623376,-1.970770353627519,-0.18500100141743
2022-01-05,40.564,-6.073374726823427,-0.5996566373709492,-6.567422,1.4651785688173358,-2.064835206188285,-0.1994934964625135
2022-01-06,40.547,-6.08531253297355,-0.6742009016268224,-6.578767,1.483718711745394,-2.1579196133722167,-0.2139427096404489
2022-01-07,42.501,-4.12639888522479,-0.7486358343256753,-6.6846886,1.501372148832262,-2.2500079831579374,-0.2283432008914397
2022-01-08,44.318000000000005,-2.3045835682157025,-0.8229439055832067,-6.5870132,1.5181411706948345,-2.3410850762780413,-0.2426895354064474
2022-01-09,41.821,-4.796880469446617,-0.8971072462165582,-6.5056963,1.5340287626698652,-2.431136008886424,-0.2569762862821548
2022-01-10,36.909,-9.704324065828777,-0.97110765645721,-6.420887,1.549038598844681,-2.520146255301891,-0.2711980371720905
2022-01-11,37.888,-8.720914506072704,-1.0449266153860033,-6.353823,1.563175035435087,-2.6081016508210904,-0.2853493849320894
2022-01-12,42.593,-4.0116519388889165,-1.1185452910768237,-6.279319,1.5764431035162347,-2.694988394593058,-0.2994249422582686
2022-01-13,35.978,-10.622536512987931,-1.1919445514347586,-6.213623,1.5888485011130304,-2.7807930525477893,-0.3134193403157256
2022-01-14,42.767,-3.8295683770802937,-1.265104975713023,-6.1402597,1.600397584657231,-2.865502560370254,-0.3273272313561929
2022-01-15,39.916,-6.676747679876497,-1.338006866692398,-6.0623565,1.6110973598190612,-2.949104226511459,-0.3411432913228965
2022-01-16,40.767,-5.822074570087072,-1.4106302635054866,-5.9901342,1.620955471721902,-3.031585735227389,-0.3548622224408981
2022-01-17,37.804,-8.781549196422525,-1.4829549550873722,-5.92013,1.6299801945491632,-3.1129351496365354,-0.3684787557912246
2022-01-18,39.725,-6.857171707593379,-1.5549604942332769,-5.8461576,1.6381804205531882,-3.193140914786465,-0.3819876538671191
2022-01-19,36.229,-10.349924241991346,-1.6266262122427155,-5.776389,1.6455656484765573,-3.272191860719273,-0.3953837131107729
2022-01-20,40.121,-6.454370908773852,-1.6979312341289885,-5.7437043,1.6521459713969309,-3.35007720552592,-0.4086617664289373
2022-01-21,35.426,-11.145953089432856,-1.7688544943718107,-5.6774726,1.6579320640070263,-3.4267865583788373,-0.4218166856858236
2022-01-22,37.29,-9.278602604149564,-1.8393747531900797,-5.5944815,1.66293516934204,-3.5023099225321195,-0.43484338417178
2022-01-23,43.859,-2.7063378545871752,-1.909470613311099,-5.51875,1.6671670849673736,-3.5766376982784727,-0.4477368190462046
2022-01-24,42.129,-4.433205684018301,-1.979120537211593,-5.4544625,1.6706401486400786,-3.649760685851672,-0.4604919937532449
2022-01-25,42.259,-4.3002061540917005,-2.04830286480534,-5.379638,1.6733672234580546,-3.7216700882633935,-0.4731039604088425
2022-01-26,40.957,-5.599099695058782,-2.1169958315514137,-5.2945304,1.675361682511516,-3.79235751406293,-0.485567822157722
2022-01-27,36.469,-10.084019662897328,-2.1851775869564576,-5.206419,1.6766373930518472,-3.8618149800083046,-0.4978787354989693
2022-01-28,36.686,-9.864063196470244,-2.252826213443673,-5.126051,1.6772087001934228,-3.930034913637096,-0.5100319125788821
2022-01-29,43.762,-2.78523030715728,-2.3199197455608744,-5.046341,1.6770904101645314,-3.997010155725406,-0.522022623449803
2022-01-30,41.068,-5.476473471034791,-2.3864361894990997,-4.992873,1.6762977731239703,-4.06273396262307,-0.5338461982937085
2022-01-31,41.727,-4.8148389430656975,-2.452353542893072,-4.967413,1.6748464655604265,-4.1272000084534985,-0.5454980296093461
2022-02-01,40.607,-5.932326727590385,-2.517649814874172,-4.908874,1.6727525722921206,-4.1904023871662925,-0.5569735743617801
2022-02-02,39.301,-7.235936828949259,-2.58230304634623,-4.8766227,1.6700325680847103,-4.25233561443094,-0.568268356093204
2022-02-03,36.361,-10.17366925148273,-2.646291330454112,-4.8544054,1.666703298905824,-4.312994629359936,-0.5793779669939946
2022-02-04,38.858,-7.674523999531173,-2.7095928332147072,-4.8252153,1.6627819628349878,-4.372374796049695,-0.5902980699329368
2022-02-05,37.858,-8.67250107743498,-2.7721858142796174,-4.7689986,1.6582860906481331,-4.43047190492775,-0.6010244004456687
2022-02-06,41.6,-4.928600489534558,-2.834048647798757,-4.6968417,1.6532335260961788,-4.487282173894936,-0.6115527686803979
2022-02-07,40.902,-5.624822240170303,-2.895159843353672,-4.6374674,1.6476424058975692,-4.542802249251241,-0.621879061299991
2022-02-08,38.266,-8.259166333682602,-2.955498066929475,-4.581298,1.6415311394649297,-4.597029206394405,-0.631999243339606
2022-02-09,42.023,-4.500632774411859,-3.015042161893935,-4.5337195,1.6349183883863283,-4.649960550280263,-0.6419093600190386
2022-02-10,43.621,-2.9012215666984558,-3.0737711699525114,-4.485402,1.6278230456819007,-4.701594215634412,-0.6516055385090502
2022-02-11,39.686,-6.834932714882796,-3.1316643520478022,-4.429594,1.6202642148568482,-4.751928566904651,-0.6610839896509401
2022-02-12,40.923,-5.596766223305278,-3.1887012091721867,-4.3623424,1.6122611887720455,-4.800962397944232,-0.6703410096287115
2022-02-13,42.661,-3.8577220963062953,-3.2448615030623023,-4.2946725,1.6038334283537654,-4.848694931416068,-0.6793729815931918
2022-02-14,44.912,-1.6058003382262356,-3.3001252767443217,-4.256078,1.5950005411640844,-4.895125817908406,-0.6881763772375401
2022-02-15,42.779,-3.7380009534055065,-3.354472874898977,-4.2286983,1.5857822598538824,-4.94025513475286,-0.6967477583235933
2022-02-16,39.299,-7.217323946184484,-3.4078849640156803,-4.185122,1.5761984205203292,-4.984083384536009,-0.7050837781585669
2022-02-17,33.931999999999995,-12.583647387753016,-3.4603425523051867,-4.1531806,1.56626894099097,-5.026611493296157,-0.7131811830216606
2022-02-18,39.025,-7.490089902201211,-3.51182700934075,-4.0976834,1.5560137990566143,-5.0678408083973645,-0.7210368135401578
2022-02-19,40.794,-5.720651475812811,-3.562320085397786,-4.0455737,1.545453010675228,-5.107773096073014,-0.7286476060146612
2022-02-20,45.559000000000005,-0.9553320948715092,-3.6118039304627727,-4.0096316,1.5346066081692065,-5.146410538631979,-0.7360105936931454
2022-02-21,44.259,-2.255131745661035,-3.6602611128823432,-4.0145245,1.5234946184383225,-5.183755731320666,-0.743122907993538
2022-02-22,45.277,-1.2370504144651002,-3.7076746376240495,-4.0529184,1.5121370412107245,-5.219811678834774,-0.7499817796745989
2022-02-23,42.327,-4.187088087567414,-3.7540279641208696,-4.0343633,1.500553827354295,-5.2545817914751645,-0.7565845399548973
2022-02-24,42.293,-4.221244751251699,-3.799305023671964,-3.990081,1.488764857270661,-5.288069880942625,-0.7629286215797285
2022-02-25,40.79,-5.724520391801666,-3.843490236372934,-3.942729,1.476789919394083,-5.320280155767017,-0.7690115598358508
2022-02-26,38.259,-8.255914995501028,-3.886568527549363,-3.8968875,1.4646486888173649,-5.351217216366727,-0.7748309935139562
2022-02-27,41.213,-5.302428548633497,-3.928525343668136,-3.8923848,1.4523607060667787,-5.380886049734915,-0.7803846658188435
2022-02-28,43.389,-3.1269418044481827,-3.9693466677018217,-3.9058785,1.4399453560479365,-5.409292023749758,-0.7856704252272687
2022-03-01,43.702,-2.8145707422352952,-4.00901903392196,-3.8923652,1.4274218471842954,-5.436440881106256,-0.7906862262935187
2022-03-02,40.133,-6.384315330621718,-4.047529542098206,-3.8604736,1.414809190769888,-5.462338732868094,-0.7954301304027566
2022-03-03,41.658,-4.860134800533056,-4.084865871080715,-3.904522,1.4021261805575875,-5.486992051638302,-0.7999003064722446
2022-03-04,43.111,-3.408068751294723,-4.121016291744348,-3.8860958,1.389391372604066,-5.510407664348413,-0.8040950316005652
2022-03-05,41.638,-4.882117145500889,-4.155969679273992,-3.8864582,1.3766230653922988,-5.532592744666291,-0.8080126916650145
2022-03-06,37.799,-8.722279945745742,-4.189715524771226,-3.8366034,1.3638392802522228,-5.553554805023449,-0.8116517818673429
2022-03-07,37.903,-8.619557114623447,-4.222243946163549,-3.7805374,1.3510577420998606,-5.57330168826341,-0.8150109072280779
2022-03-08,39.244,-7.279948614728176,-4.253545698398349,-3.724604,1.3382958605149242,-5.5918415589132735,-0.8180887830296751
2022-03-09,41.102,-5.423454408654101,-4.283612182904785,-3.683713,1.3255707111765411,-5.609182894081327,-0.8208842352087695
2022-03-10,42.278000000000006,-4.249074458995387,-4.3124354563078215,-3.6335907,1.3128990176764437,-5.625334473984266,-0.8233962006978399
2022-03-11,40.534,-5.99480872834624,-4.340008238379622,-3.5784428,1.3002971337285167,-5.640305372108139,-0.8256237277166153
2022-03-12,45.01,-1.520657179300807,-4.366323919214738,-3.5338852,1.2877810257932896,-5.654104945008028,-0.8275659760135602
2022-03-13,43.278,-3.254619774453264,-4.391376565616433,-3.6116917,1.2753662561354684,-5.666742821751901,-0.8292222170578416
2022-03-14,40.235,-6.299696476397779,-4.415160926682785,-3.5588646,1.2630679663321966,-5.678228893014982,-0.8305918341821626
2022-03-15,39.482000000000006,-7.054887247728527,-4.43767243858221,-3.7845101,1.2509008612493142,-5.688573299831524,-0.8316743226768718
2022-03-16,41.845,-4.694192051039709,-4.458907228509261,-3.7296686,1.238879193502332,-5.6977864220115935,-0.8324692898358075
2022-03-17,37.116,-9.425610848925468,-4.478862117812798,-3.6983812,1.227016748418474,-5.705878866231272,-0.8329764549543255
2022-03-18,41.567,-4.977143603979985,-4.497534624289583,-3.6491356,1.215326829515463,-5.712861453805045,-0.8331956492799752
2022-03-19,42.306,-4.240790278797424,-4.514922963637785,-3.7040412,1.2038222445123914,-5.718745208150176,-0.8331268159163342
2022-03-20,46.415,-0.1345508359719776,-4.531026050066035,-3.6512244,1.1925152918873354,-5.72354134195337,-0.8327700096804921
2022-03-21,42.752,-3.800425238097816,-4.545843496054721,-3.617029,1.1814177479958852,-5.727261244050607,-0.8321253969147078
2022-03-22,42.406,-4.149413447769099,-4.559375611267585,-3.5984962,1.1705408547641654,-5.72991646603175,-0.8311932552527734
2022-03-23,44.894000000000005,-1.664515427580005,-4.57162340061297,-3.550292,1.1598953079693906,-5.73151870858236,-0.8299739733416313
2022-03-24,45.144,-1.4177311401247157,-4.582588561455019,-3.4696243,1.1494912461202833,-5.732079807575302,-0.8284680505187914
2022-03-25,49.576,3.0109394520026105,-4.592273479976693,-3.3801327,1.139338239949245,-5.7316117199259375,-0.8266760964461211
2022-03-26,40.168,-6.400591501385684,-4.600681226697444,-3.2975714,1.1294452825273775,-5.730126509224821,-0.8245988307005752
2022-03-27,43.095,-3.477235879809839,-4.607815551149718,-3.234932,1.1198207800129183,-5.727636331162636,-0.8222370823224427
2022-03-28,57.247,10.671006340927043,-4.613680875719721,-3.363029,1.1104725430429927,-5.724153418762714,-0.8195917893217113
2022-03-29,46.156000000000006,-0.4246879101485579,-4.618282288659006,-3.333494,1.1014077787778995,-5.719690067436906,-0.8166639981431155
2022-03-30,43.253,-3.332479309992044,-4.6216255362746645,-3.3063662,1.0926330836064824,-5.7142586198811465,-0.8134548630904893
2022-03-31,44.253,-2.3373679591911887,-4.623717014307265,-3.2484047,1.084154436520537,-5.707871450827802,-0.8099656457110025
2022-04-01,44.296,-2.299353958333776,-4.624563758506597,-3.1771526,1.0759771931653794,-5.700540951671977,-0.8061977141399012
2022-04-02,41.368,-5.232437408007585,-4.624173434416727,-3.116442,1.068106080573156,-5.692279514989884,-0.8021525424063322
2022-04-03,42.25,-4.355618408800403,-4.62255432638288,-3.0682847,1.0605451925846876,-5.683099518967568,-0.7978317097008729
2022-04-04,55.756,9.145102938699988,-4.619715325793847,-3.1567225,1.0532979859649456,-5.673013311758793,-0.7932368996053634
2022-04-05,46.772,0.1555833162028457,-4.615665918574839,-3.1405098,1.046367277216602,-5.662033195791441,-0.7883698992856395
2022-04-06,49.497,2.874963115393574,-4.610416171946652,-3.0840988,1.039755240095282,-5.650171412041934,-0.7832325986477761
2022-04-07,46.260000000000005,-0.3678103368228832,-4.60397672046829,-3.0164404,1.033463403829535,-5.637440124297825,-0.7778269894584232
2022-04-08,48.897000000000006,2.263314235721364,-4.59635875138116,-2.9649687,1.0274926520477614,-5.623851403428921,-0.7721551644298474
2022-04-09,44.873000000000005,-1.7667819131191251,-4.587573989274016,-2.9145658,1.0218432224135772,-5.609417211687593,-0.7662193162702524
2022-04-10,49.089,2.44301750987385,-4.577634680088927,-2.8843074,1.0165147069704523,-5.59414938705938,-0.7600217366999772
2022-04-11,48.726,2.073055548217312,-4.566553574489388,-3.1046364,1.0115060531956792,-5.578059627685066,-0.7535648154341457
2022-04-12,51.823,5.162630221045604,-4.554343910612939,-3.141865,1.0068155657629914,-5.561159476375931,-0.7468510391323432
2022-04-13,50.867,4.198449393420994,-4.541019396231239,-3.217283,1.002440909012455,-5.543460305243695,-0.7398829903158914
2022-04-14,43.958,-2.7190933319159045,-4.526594190341848,-3.5726168,0.998379110125531,-5.524973300467379,-0.7326633462532872
2022-04-15,42.552,-4.133732437337545,-4.511082884216513,-3.563097,0.9946265630024402,-5.505709447218954,-0.7251948778143471
2022-04-16,39.317,-7.377468362444834,-4.494500481931831,-3.9872556,0.9911790328383042,-5.485679514770135,-0.7174804482936222
2022-04-17,40.649,-6.054301546838678,-4.476862380408885,-3.9251487,0.9880316613937566,-5.464894041802642,-0.7095230122036142
2022-04-18,43.275,-3.437232430119979,-4.458184348989285,-3.9333737,0.9851789729550604,-5.443363321944346,-0.701325614038323
2022-04-19,41.478,-5.24326145188965,-4.438482508575634,-4.0910463,0.9826148809780196,-5.421097389553653,-0.6928913870076577
2022-04-20,41.156,-5.573867232591565,-4.417773310365437,-4.1948647,0.9803326954092816,-5.398106005774719,-0.6842235517432188
2022-04-21,35.404,-11.33455785111527,-4.396073514207847,-4.460056,0.978325130677958,-5.374398644885805,-0.67532541497596
2022-04-22,37.598,-9.149333669787172,-4.373400166613419,-4.4677444,0.9765843143497522,-5.349984480963172,-0.6662003681862334
2022-04-23,35.903,-10.853195050933692,-4.349770578447633,-4.4209995,0.9751017964351618,-5.324872374882795,-0.6568518862266969
2022-04-24,40.147000000000006,-6.618142356881254,-4.3252023023395045,-4.339364,0.9738685593425966,-5.299070861682101,-0.6472835259185711
2022-04-25,47.404,0.6298240500437222,-4.299713109836909,-4.2621207,0.9728750284666168,-5.272588138303526,-0.6374989246217171
2022-04-26,36.238,-10.547459204341855,-4.273320968341103,-4.183347,0.9721110834008784,-5.2454320517419815,-0.6275017987789977
2022-04-27,39.652,-7.144721637744947,-4.246044017852913,-4.0937,0.9715660697646388,-5.217610087617552,-0.6172959424353679
2022-04-28,40.822,-5.986010716206144,-4.217900547563724,-4.04341,0.97122881163116,-5.189129359194884,-0.6068852257321555
2022-04-29,48.581,1.7616728758577826,-4.188908972324628,-3.9718692,0.97108762454563,-5.159996596870258,-0.596273593376956
2022-04-30,48.174,1.3432317045597777,-4.159087809027373,-3.968716,0.9711303291196828,-5.130218138147056,-0.5854650630895767
2022-05-01,42.176,-4.666999995390023,-4.1284556529309775,-3.9243069,0.9713442651889826,-5.0997999181199605,-0.5744637240244492
2022-05-02,39.532,-7.323268603390189,-4.097031153968131,-3.9271019,0.9717163065197384,-5.068747460487869,-0.5632737351699281
2022-05-03,38.312,-8.555574932194968,-4.064832993065556,-3.880348,0.9722328760495074,-5.037065869115064,-0.5518993237248774
2022-05-04,39.601,-7.278919794558591,-4.031879858512672,-3.805407,0.9728799616470286,-5.0047598201597,-0.5403447834529482
2022-05-05,43.201,-3.691304003235304,-3.998190422412893,-3.8150856,0.9736431323753608,-4.971833554788254,-0.5286144730149414
2022-05-06,40.723,-6.181728370979356,-3.963783317251941,-3.8721185,0.9745075552420158,-4.9382908724939565,-0.5167128142796384
2022-05-07,37.785,-9.132193710544977,-3.928677112617487,-3.8974848,0.975458012419365,-4.904135125036852,-0.5046442906134925
2022-05-08,39.103,-7.826700834686397,-3.892890292104276,-3.987124,0.976478918917991,-4.869369211022267,-0.4924134451495456
2022-05-09,44.015,-2.9272505561578623,-3.856441230438888,-4.044517,0.977554340695339,-4.833995571134227,-0.4800248790359535
2022-05-10,40.537,-6.417843687713613,-3.819348170857941,-4.0320663,0.9786680131814384,-4.79801618403938,-0.4674832496644884
2022-05-11,35.742000000000004,-11.224959222950858,-3.781629202773415,-3.9669826,0.979803360203138,-4.761432562976553,-0.4547932688793746
2022-05-12,37.831,-9.14810561391248,-3.743302239758368,-3.9365973,0.9809435132878164,-4.724245753046184,-0.4419597011668412
2022-05-13,41.83,-5.161283596078213,-3.704384997886153,-3.9089742,0.9820713313271976,-4.686456329213351,-0.4289873618257319
2022-05-14,44.685,-2.318493904927802,-3.664894974455705,-3.8636065,0.9831694205814916,-4.648064395037197,-0.4158811151195532
2022-05-15,37.639,-9.376737275941023,-3.624849427135061,-3.7845721,0.9842201550037376,-4.609069582138798,-0.4026458724103033
2022-05-16,42.228,-4.800014444597612,-3.5842653535549007,-3.7100277,0.9852056968639076,-4.569471050418808,-0.3892865902744628
2022-05-17,38.537,-8.503326146377333,-3.543159471383245,-3.6163173,0.9861080176520212,-4.529267489035266,-0.3758082686014892
2022-05-18,37.311,-9.741673116759925,-3.5015481989119994,-3.5399723,0.9869089192392144,-4.488457118151214,-0.3622159486751976
2022-05-19,29.384,-17.681008010171105,-3.4594476361853133,-3.4867415,0.9875900552754736,-4.447037691460787,-0.3485147112383798
2022-05-20,37.082,-9.995378336594287,-3.4168735466991347,-3.4221654,0.9881329528024392,-4.405006499501574,-0.3347096745410458
2022-05-21,41.559,-5.530784824389054,-3.373841339700613,-3.3472095,0.9885190340595472,-4.36236037376016,-0.3208059923726485
2022-05-22,38.886,-8.216228201914994,-3.330366053115322,-3.2647607,0.9887296384615,-4.3190956915768215,-0.306808852078687
2022-05-23,43.525,-3.589369740788697,-3.286462337129377,-3.2015684,0.9887460447249128,-4.27520838185429,-0.2927234725620568
2022-05-24,44.631,-2.495540401744722,-3.242144438452799,-3.1626549,0.9885494931218276,-4.230693931574627,-0.278555102269554
2022-05-25,48.95,1.8112591371263769,-3.197426185289613,-3.1076057,0.9881212078376505,-4.185547393127264,-0.2643090171639294
2022-05-26,44.412,-2.739585858234,-3.1523209730391684,-3.0360699,0.9874424194109354,-4.139763392450104,-0.2499905186818967
2022-05-27,43.573,-3.5914636487024145,-3.1068417507523565,-2.993867,0.9864943872323804,-4.093336137984737,-0.2356049316785174
2022-05-28,41.065,-6.112375004432479,-3.0610010083653583,-3.0453973,0.9852584220803238,-4.046259430445682,-0.2211576023583882
2022-05-29,48.588,1.3976793044222202,-3.014810764732548,-3.053605,0.983715908669974,-3.9985266734025218,-0.206653896194072
2022-05-30,45.539,-1.66466422302128,-2.968282556479147,-3.0290103,0.9818483281936126,-3.95013088467276,-0.1920991958322202
2022-05-31,45.219,-1.998036240757642,-2.9214274276931667,-2.9646723,0.9796372808289692,-3.901064708522136,-0.1774988989878524
2022-06-01,43.888000000000005,-3.3423894928962827,-2.8742559204750373,-2.8938,0.9770645081930662,-3.851320428668104,-0.1628584163272638
2022-06-02,42.987,-4.256384587057969,-2.8267780663621798,-2.8211641,0.97411191571877,-3.8008899820809496,-0.1481831693400623
2022-06-03,44.85,-2.406276884093544,-2.7790033786447244,-2.765858,0.9707615949315012,-3.7497649735762257,-0.133478588200829
2022-06-04,43.303,-3.9660665314530776,-2.7309408455871087,-2.7784035,0.9669958456034748,-3.6979366911905833,-0.118750109620927
2022-06-05,48.582,1.3001704728799708,-2.6825989245695667,-3.079827,0.962797197763154,-3.6453961223327207,-0.104003174691003
2022-06-06,44.78,-2.515257906728732,-2.633985537161596,-3.0306585,0.9581484335375382,-3.592133970699134,-0.0892432267147231
2022-06-07,46.834,-0.4738991617443115,-2.5851080651389697,-2.9578364,0.9530326088052432,-3.5381406739442127,-0.0744757090343254
2022-06-08,43.85,-3.4709121082077568,-2.5359733474539663,-2.8917658,0.947433074638394,-3.48340642209236,-0.0597060628485757
2022-06-09,51.298,3.9651715086087855,-2.486587678167557,-2.806638,0.9413334985116084,-3.427921176679165,-0.0449397250237365
2022-06-10,52.967,5.621262073972003,-2.436956805350824,-2.7482862,0.9347178852565652,-3.3716746906073896,-0.0301821258981787
2022-06-11,44.892,-2.469252975564152,-2.387085930961577,-2.7193408,0.9275705977408932,-3.3146565287024705,-0.0154386870812856
2022-06-12,48.009,0.6336136094183713,-2.336979711700813,-2.8444383,0.9198763772503908,-3.256856088951204,-0.0007148192473156
2022-06-13,44.13099999999999,-3.259879067939856,-2.286642260852227,-2.8190062,0.9116203635538678,-3.1982626244060945,0.0139840800750764
2022-06-14,51.583,4.178011569336735,-2.2360771511067177,-2.7916284,0.9027881146302092,-3.1388652657369267,0.0286526287169585
2022-06-15,56.029,8.608554727250638,-2.185287418372468,-2.744498,0.8933656260376279,-3.078653044410096,0.0432854620861337
2022-06-16,49.616,2.180077980957352,-2.1342755665694844,-2.6850512,0.8833393499053012,-3.0176149164747854,0.0578772353862987
2022-06-17,55.771,8.31966834582329,-2.0830435734066888,-2.643645,0.8726962135281626,-2.9557397869348514,0.0724226258375636
2022-06-18,40.428,-7.038675396916459,-2.0315928971375845,-2.6076672,0.8614236375457602,-2.893016534683345,0.0869163348975269
2022-06-19,45.937,-1.5435498887750303,-1.9799244842896984,-2.553211,0.8495095536867225,-2.829434037976421,0.1013530904820859
2022-06-20,51.508,4.013688714582322,-1.9280387783611888,-2.485764,0.8369424220606085,-2.764981200421797,0.1157276491851287
2022-06-21,49.015,1.5067768751090749,-1.875935729476888,-2.4187932,0.8237112479795149,-2.699646977456403,0.1300347984962318
2022-06-22,54.051,6.528830359881784,-1.823614804994552,-2.3584325,0.8098055982921466,-2.633420403286699,0.1442693590154707
2022-06-23,47.665,0.1286374875143842,-1.7710750010506957,-2.2907557,0.7952156172136168,-2.566290618264312,0.1584261866644195
2022-06-24,45.646,-1.904556698345054,-1.71831485503404,-2.213733,0.7799320416346728,-2.498246896668713,0.172500174892393
2022-06-25,53.419,5.854566168846148,-1.665332458973348,-2.1383388,0.7639462158946044,-2.4292786748679527,0.1864862568769651
2022-06-26,50.681,3.101830718772745,-1.6121254738248467,-2.065078,0.7472501060025569,-2.359375579827404,0.2003794077177694
2022-06-27,49.663,2.0690518336155543,-1.5586911446432776,-1.9788363,0.7298363132925461,-2.288527457935824,0.2141746466225646
2022-06-28,45.435,-2.17375373226125,-1.505026316619283,-1.9010823,0.7116980874979955,-2.2167244041172784,0.2278670390845296
2022-06-29,50.354000000000006,2.730784491010085,-1.451127451964442,-1.857837,0.6928293392322001,-2.143956791196642,0.2414516990497167
2022-06-30,50.124,2.486460822778773,-1.3969906476240816,-1.8039646,0.6732246518616861,-2.070215299485768,0.2549237910735878
2022-07-01,49.909,2.2572878158188,-1.342611653796657,-1.748148,0.6528792927600052,-1.995490946556662,0.268278532465521
2022-07-02,46.043,-1.6229743982734588,-1.2879858932372985,-1.7021133,0.6317892239301341,-1.9197751171674324,0.2815111954201548
2022-07-03,43.687,-3.9920969089212672,-1.233108481321895,-1.663181,0.6099511119842282,-1.843059593306124,0.2946171091344253
2022-07-04,49.035,1.3430279928082844,-1.1779742468468737,-1.6589115,0.5873623374701242,-1.765336584316998,0.3075916619091166
2022-07-05,44.395,-3.309608596747832,-1.1225777535387418,-1.6536324,0.564021003534598,-1.6865987570733398,0.3204303032337416
2022-07-06,50.854000000000006,3.137548605677876,-1.0669133222461946,-1.6129814,0.5399259439140179,-1.6068392661602124,0.3331285458535313
2022-07-07,51.285,3.556858484065276,-1.0109750537866382,-1.5737704,0.5150767302437007,-1.526051784030339,0.3456819678173088
2022-07-08,51.736,3.99635209277135,-0.9547568524178408,-1.5175662,0.4894736786779183,-1.444230531095759,0.3580862145049919
2022-07-09,47.602,-0.1494927400555387,-0.898252449904327,-1.4546643,0.4631178558131737,-1.3613703057175006,0.3703370006334673
2022-07-10,53.753,5.989870679056287,-0.8414554301472796,-1.4087391,0.4360110839080014,-1.277466514055281,0.382430112239544
2022-07-11,51.427,3.6518149766087777,-0.7843592543456059,-1.3512326,0.4081559453932785,-1.1925151997388843,0.3943614086386923
2022-07-12,53.359,5.571870576247124,-0.7269572866549535,-1.2894412,0.3795557866676398,-1.1065130733225934,0.4061268243582553
2022-07-13,47.83,0.0310421961194938,-0.6692428203107083,-1.2276651,0.3502147211733589,-1.0194575414840672,0.4177223710438048
2022-07-14,55.883,8.072324491999348,-0.6112091041798323,-1.1733557,0.3201376317486572,-0.9313467359284896,0.429144139337301
2022-07-15,49.04,1.217715190652354,-0.5528493697059805,-1.1316646,0.2893301722531203,-0.8421795419591008,0.4403883007257151
2022-07-16,51.754000000000005,3.919603872201453,-0.4941568582113442,-1.0948741,0.2577987684636588,-0.751955626675003,0.4514511093587406
2022-07-17,51.09,3.243251307429562,-0.4351248485180339,-1.0467191,0.225550618239044,-0.660675466757078,0.4623289038342367
2022-07-18,52.101,4.241672632365489,-0.3757466848510458,-1.002392,0.1925936909517868,-0.5683403758028327,0.4730181089500213
2022-07-19,50.108,2.2364191092190544,-0.3160158049844857,-0.95301336,0.1589367261868464,-0.4749525311713322,0.4835152374206317
2022-07-20,50.587,2.7030867094123945,-0.2559257685918174,-0.89452153,0.1245892317073129,-0.3805150002991303,0.49381689155767
2022-07-21,52.021,4.1242401151294885,-0.1954702857606642,-0.8392946,0.0895614806879141,-0.2850317664485783,0.5039197649123379
2022-07-22,54.642,6.732655835242721,-0.1346432456320604,-0.7948176,0.053864508217892,-0.1885077538499525,0.5138206438787705
2022-07-23,50.097,2.1752398022969763,-0.0734387451236591,-0.7495143,0.017510107075484,-0.0909488521991431,0.5235164092567787
2022-07-24,53.014,5.079880477091602,-0.0118511176960634,-0.7191492,-0.0194891772231012,0.0076380595270377,0.5330040377726099
2022-07-25,54.562,6.615279942113078,0.05012503787889,-0.70374835,-0.0571200520965648,0.1072450899754549,0.5422806035563322
2022-07-26,54.969,7.010055197262989,0.1124948287893483,-0.6715663,-0.0953684842890389,0.2078633130783872,0.5513432795744695
2022-07-27,52.39,4.418747793105926,0.1752630395358546,-0.63319683,-0.1342197069732594,0.309482746509114,0.5601893390165004
2022-07-28,54.222,6.238283773633112,0.2384341034066979,-0.6103663,-0.1736582275607991,0.412092330967497,0.5688161566338595
2022-07-29,45.943,-2.053021695303888,0.3020120741181574,-0.5951344,-0.2136678362130626,0.51567991033122,0.5772212100300776
2022-07-30,45.547,-2.4605335488689395,0.3660005976616763,-0.57424223,-0.2542316150461577,0.6202322127078341,0.5854020809007119
2022-07-31,47.897000000000006,-0.1209862919141433,0.4304028843998397,-0.5526032,-0.2953319480220169,0.7257348324218567,0.5933564562217392
2022-08-01,56.135,8.10686533650363,0.4952216814531723,-0.5351637,-0.336950531517616,0.8321722129707885,0.6010821293850819
2022-08-02,54.036,5.998152170177159,0.5604592454194662,-0.52618027,-0.3790683855633979,0.9395276309828642,0.6085770012799755
2022-08-03,55.804,7.756872043128034,0.6261173154673889,-0.49485195,-0.4216658657414852,1.047783181208874,0.6158390813188834
2022-08-04,54.229,6.173022789377843,0.6921970868457064,-0.46338677,-0.4647226757335961,1.1569197625793026,0.6228664884067033
2022-08-05,52.46,4.395602242948181,0.7586991848492862,-0.4571164,-0.5082178805079972,1.2669170653572834,0.6296574518520279
2022-08-06,54.564,6.491608237860645,0.8256236392827079,-0.43828818,-0.5521299201342487,1.3777535594169563,0.6362103122192312
2022-08-07,48.104,0.024038608136832,0.8929698594619068,-0.40120107,-0.5964366242139078,1.4894064836758143,0.6425235221202016
2022-08-08,51.712,3.6248911877983496,0.9607366097937802,-0.36818942,-0.6411152269148007,1.601851836708581,0.6485956469445664
2022-08-09,50.185,2.091128608611565,1.0289219859733636,-0.33552092,-0.6861423825959222,1.7150643685692857,0.6544253655272549
2022-08-10,44.793,-3.3072151207087312,1.097523391837335,-0.3122172,-0.7314941820094583,1.8290175738467933,0.6600114707523242
2022-08-11,47.107000000000006,-0.9990587270597272,1.166537516912412,-0.28444025,-0.7771461690659751,1.9436836859783877,0.665352870091973
2022-08-12,47.929,-0.1824855587046869,1.2359603146961065,-0.24979198,-0.823073358148192,2.0590336728442984,0.6704485860797121
2022-08-13,51.922,3.805502225377239,1.3057869817069994,-0.21847063,-0.8692502519583951,2.1750372336653943,0.6752977567167053
2022-08-14,49.974,1.85290246620685,1.3760119373406066,-0.19034353,-0.9156508598839398,2.2916627972245465,0.6798996358103332
2022-08-15,49.17,1.044713004804985,1.4466288045664004,-0.18129635,-0.9622487168649196,2.40887752143132,0.684253593244052
2022-08-16,45.911,-2.2180683178075435,1.51763039150038,-0.1685886,-1.0090169027475633,2.526647294247943,0.6883591151777089
2022-08-17,54.913,6.781238524658255,1.5890086738870082,-0.15936072,-1.0559280621065776,2.6449367359935856,0.6922158041774702
2022-08-18,57.736,9.601967725598218,1.6607547785230556,-0.14189272,-1.1029544245190777,2.7637092030421333,0.6958233792745955
2022-08-19,54.494,6.358117227055718,1.732858967655202,-0.111321986,-1.150067825272551,2.882926792927753,0.6991816759523363
2022-08-20,51.105,2.967684971074161,1.8053106243819013,-0.09220161,-1.1972397264887351,3.002550350870637,0.7022906460602818
2022-08-21,53.575,5.436668899696958,1.8780982390891807,-0.07224642,-1.2444412386450472,3.122539477734228,0.7051503576555258
2022-08-22,56.736,8.59706695496752,1.9512093969487203,-0.050525736,-1.2916431424747754,3.242852539423496,0.7077609947700907
2022-08-23,51.831,3.6918770789292337,2.024630766505517,-0.038709246,-1.3388159112269815,3.363446677732499,0.7101228571041004
2022-08-24,46.77,-1.3689027863744998,2.098348089381149,-0.020651123,-1.385929733266691,3.48427782264784,0.7122363596442308
2022-08-25,57.286,9.147725301099726,2.172346171117375,-0.00362199,-1.4329545349956927,3.605300706113068,0.7141020322070609
2022-08-26,49.643,1.5057592833953208,2.2466088731835967,0.016460475,-1.4798600040739738,3.72646887725757,0.715720518906967
2022-08-27,53.55,5.41419710255567,2.321119106170344,0.032135613,-1.5266156129215966,3.84773471909194,0.7170925775483137
2022-08-28,55.967000000000006,7.833036700624206,2.3958588241894843,0.043681946,-1.5731906424805342,3.969049466670018,0.7182190789416883
2022-08-29,50.763000000000005,2.631276019644293,2.47080902050063,0.06926451,-1.6195542062157984,4.090363226716429,0.7191010061440788
2022-08-30,55.052,6.922913001659353,2.545949724381648,0.08851228,-1.6656752743350265,4.211624998716674,0.7197394536228692
2022-08-31,53.624,5.49794558871278,2.6212599992597605,0.10682916,-1.7115226982054137,4.332782697465174,0.7201356263436783
2022-09-01,53.378,5.255371722847989,2.696717942118264,0.13053519,-1.7570652349468594,4.453783177065123,0.720290838782055
2022-09-02,57.826,9.70718934610838,2.7723006841923183,0.16259634,-1.8022715721799412,4.57457225637226,0.7202065138591887
2022-09-03,47.712,-0.4026035994626664,2.8479843929657496,0.18675184,-1.8471103529072552,4.695094745873005,0.7198841818018021
2022-09-04,54.947,6.836990828178288,2.92374427547931,0.19984739,-1.8915502005066025,4.815294475985913,0.7193254789265036
2022-09-05,52.122,4.016970571074609,2.999554582959082,0.21467613,-1.9355597438143315,4.935114326773414,0.7185321463489324
2022-09-06,56.752,8.652333571269713,3.07538861677229,0.2389788,-1.97910764227718,5.05449625904947,0.7175060286180971
2022-09-07,55.233,7.139077770807017,3.151218735716092,0.2546036,-2.0221626111508697,5.173381346866961,0.7162490722764066
2022-09-08,58.573,10.485201111729904,3.2270163646431964,0.26093137,-2.064693446723677,5.291709811366873,0.7147633243459335
2022-09-09,59.956,11.874701536081789,3.3027520044267207,0.2525493,-2.106669051543274,5.409421055969995,0.7130509307415498
2022-09-10,54.649,6.574576985906054,3.3783952432647806,0.26265478,-2.1480584596250654,5.526453702889846,0.711114134611638
2022-09-11,56.273,8.205825403246111,3.4539147693238137,0.2815229,-2.188830861620317,5.64274563094413,0.7089552746071668
2022-09-12,55.242,7.182444730145379,3.5292783847179368,0.28980857,-2.228955629922518,5.758234014640455,0.7065767830799777
2022-09-13,55.285,7.233432908647244,3.604453020819851,0.29239327,-2.2684023436903087,5.87285536451016,0.7039811842112287
2022-09-14,55.606,7.56278788079511,3.679404754897274,0.30429217,-2.307140813765628,5.986545568662902,0.7011710920709954
2022-09-15,50.936,2.901507588632371,3.754098828067033,0.33186856,-2.3451411074656567,6.09923993553269,0.6981492086101245
2022-09-16,50.405,2.37958997420244,3.8284996645574,0.35965657,-2.382373573227397,6.210873237784797,0.6949183215855038
2022-09-17,53.851000000000006,5.835032979548721,3.902570892267522,0.3756902,-2.4188088650838275,6.32137975735135,0.691481302419973
2022-09-18,59.709,11.702564963052687,3.976275364611024,0.14632094,-2.454417966950761,6.430693331561786,0.6878411039982127
2022-09-19,57.839,9.842460897482166,4.049575183629402,0.040518176,-2.4891722167037007,6.538747400333103,0.6840007583999862
2022-09-20,57.093,9.10671868384988,4.122431724358957,-0.029984046,-2.523043330024258,6.645475054383216,0.6799633745722052
2022-09-21,50.404,2.4283362231686025,4.194805660433458,-0.050135706,-2.556003423995836,6.750809084429294,0.6757321359413578
2022-09-22,48.694,0.7293114164510899,4.2666569909031455,-0.023778351,-2.5880250404286214,6.854682031331767,0.6713102979679204
2022-09-23,51.896,3.94264216471009,4.337945068248908,0.03227008,-2.619081168894099,6.957026237143007,0.6667011856444264
2022-09-24,51.752,3.8103263689583633,4.408628627569071,0.09392332,-2.649145269449669,7.057773897018739,0.6619081909389665
2022-09-25,49.439,1.5093619302086485,4.478665816914446,0.14856575,-2.6781912950341544,7.1568571119486,0.6569347701859445
2022-09-26,52.321,4.403746749473712,4.548014228745873,0.19052519,-2.706193713515379,7.254207942261252,0.6517844414259855
2022-09-27,53.639,5.73447872776631,4.616630932486896,0.23002484,-2.733127529371256,7.349758461858152,0.6464607816969768
2022-09-28,50.781,2.8895557660992077,4.684472508142752,0.27095315,-2.758968304986225,7.443440813128977,0.6409674242782739
2022-09-29,54.845,6.96684503586062,4.751495080955196,0.29310328,-2.783692181545184,7.535187262500379,0.6353080558901776
2022-09-30,59.132,11.267471615252374,4.817654357061548,0.32115605,-2.8072758995074727,7.62493025656902,0.6294864138508526
2022-10-01,57.794,9.943433385927907,4.882905660124609,0.33542043,-2.8296968186438365,7.712602478768446,0.6235062831929242
2022-10-02,59.5,11.663728229540665,4.94720396889889,0.3617284,-2.8509329376196977,7.798136906518588,0.617371493742042
2022-10-03,54.987,7.1653540277440735,5.010503955697191,0.38698193,-2.870962913108459,7.881466868805649,0.611085917159779
2022-10-04,50.974,3.167308662191558,5.072760025720242,0.4111267,-2.8897660784190493,7.962526104139291,0.6046534639532652
2022-10-05,54.536,6.744590014536562,5.13392635721093,0.4394247,-2.907322461622286,8.041248818833216,0.5980780804540444
2022-10-06,52.504000000000005,4.728195966432514,5.193956942393131,0.48005557,-2.9236128031611237,8.117569745554254,0.5913637457686648
2022-10-07,54.92,7.160124399532835,5.252805629154521,0.5134694,-2.938618572930351,8.191424202084871,0.5845144687035924
2022-10-08,54.833,7.089373195490994,5.310426163430792,0.5366513,-2.9523219868116573,8.26274815024245,0.5775342846670721
2022-10-09,53.532,5.804940235960404,5.366772232248444,0.5599403,-2.96470602265064,8.331478254899084,0.5704272525506097
2022-10-10,55.871,8.160823402594477,5.42179750738161,0.5806761,-2.9757544356626786,8.397551943044288,0.5631974515928094
2022-10-11,60.765,13.07202057704668,5.475455689577751,0.6043286,-2.985451773255182,8.460907462832932,0.5558489782283145
2022-10-12,54.994,7.318529640970429,5.5277005533059045,0.6184134,-2.9937833892542227,8.521483942560128,0.5483859429246716
2022-10-13,55.517,7.859348476019164,5.578485991980311,0.6246476,-3.0007354575240406,8.579221449504352,0.5408124670099667
2022-10-14,59.377,11.73747496384633,5.627766063611486,0.6545563,-3.006294984968525,8.634061048580012,0.5331326794940944
2022-10-15,62.812000000000005,15.190906986105333,5.67549503683587,0.6732425,-3.0104498239042474,8.685944860740118,0.5253507138865893
2022-10-16,57.315,9.712642424449612,5.72162743727443,0.67590237,-3.0131886837951694,8.7348161210696,0.5174707050139568
2022-10-17,59.859,12.275373333537525,5.766118094170114,0.6891991,-3.014501142339778,8.780619236509892,0.5094967858394739
2022-10-18,57.277,9.712411870277124,5.808922187253091,0.7204421,-3.0143776559018205,8.823299843154912,0.5014330842884552
2022-10-19,55.838,8.292755869774956,5.849995293782495,0.74852866,-3.0128095692765684,8.862804863059063,0.4932837200819905
2022-10-20,61.397,13.87140316713756,5.889293435712583,0.77982,-3.0097891247848887,8.899082560497472,0.4850528015821982
2022-10-21,58.048,10.542351597471503,5.926773126930896,0.7950705,-3.005309470688203,8.932082597619099,0.4767444226520359
2022-10-22,65.68499999999999,18.199598995883317,5.962391420515601,0.71978813,-2.999364668917769,8.96175608943337,0.4683626595327254
2022-10-23,57.102,9.63714319747958,5.996105955958916,0.7038874,-2.991949702112524,8.988055658071438,0.4599115677418648
2022-10-24,51.173,3.728982037366821,6.027875006303063,0.6588121,-2.9830604799601192,9.010935486263184,0.4513951789952954
2022-10-25,53.616,6.193113350651576,6.057657525135244,0.6456824,-2.9726938448364884,9.030351369971733,0.4428174981557961
2022-10-26,55.229,7.827534972440409,6.085413193387702,0.6217855,-2.9608475767398628,9.046260770127564,0.4341825002116889
2022-10-27,56.193,8.813244737839868,6.111102465889175,0.6069996,-2.947520397515672,9.058622863404846,0.4254941272884062
2022-10-28,63.192,15.834240481956511,6.134686617613678,0.60764676,-2.932711974369448,9.067398591983125,0.4167562856960941
2022-10-29,57.421,10.085520039896878,6.156127789572852,0.60856706,-2.91642292266539,9.072550712238243,0.4079728430162894
2022-10-30,58.661,11.34808124676751,6.175389034298172,0.5841451,-2.89865480800886,9.074043842307033,0.3991476252307028
2022-10-31,56.911,9.620370482031324,6.192434360859346,0.57633686,-2.879410147611648,9.071844508470994,0.3902844138951286
2022-11-01,58.369,11.100922051230796,6.207228779365668,0.37465003,-2.8586924109394904,9.065921190305158,0.3813869433614584
2022-11-02,57.389,10.143733707809238,6.2197383448972525,0.29227224,-2.836506019641863,9.056244364539117,0.3724588980507783
2022-11-03,61.011,13.788803205209922,6.229930200813469,0.2702543,-2.8128563467646512,9.04278654757812,0.3635039097804641
2022-11-04,54.36,7.161128296876135,6.2377726213864015,0.17711677,-2.7877497152469406,9.025522336633342,0.3545255551482033
2022-11-05,59.916,12.74070673625118,6.243235053707484,-0.12711565,-2.7611933957037222,9.004428449411206,0.3455273529757807
2022-11-06,53.21,6.058536276778352,6.246288158816246,-0.19334927,-2.733195603496829,8.979483762313075,0.3365127618154702
2022-11-07,53.42100000000001,6.293614671900947,6.2469038520004805,-0.59275913,-2.7037654950971413,8.950669347097621,0.3274851775218118
2022-11-08,50.226,3.122939675062228,6.245055342218003,-0.98396933,-2.6729131637414567,8.91796850595946,0.318447930891499
2022-11-09,56.277,9.198509039705524,6.240717170590844,-1.0838437,-2.640649634388218,8.881366804979063,0.3094042853740735
2022-11-10,52.839,5.785320519274095,6.2338652479234895,-1.0805794,-2.606986857976646,8.840852105900137,0.3003574348560384
2022-11-11,47.176,0.1473718672112548,6.224476891197696,-1.0636126,-2.571937704994513,8.796414596192209,0.2913105015209851
2022-11-12,52.213,5.20966083696029,6.212530858997337,-1.1012746,-2.535515958360262,8.748046817357599,0.2822665337882162
2022-11-13,54.597,7.618799304844913,6.198007385817651,-1.0718788,-2.49773630562579,8.695743691443441,0.2732285043323367
2022-11-14,46.428,-0.5248184389830677,6.180888215214333,-1.0477568,-2.458614330506645,8.639502545720978,0.2641993081861813
2022-11-15,47.393,0.4663567558327629,6.1611566317490185,-1.0062593,-2.4181665037469977,8.579323135496017,0.2551817609293696
2022-11-16,46.167,-0.7332138864307585,6.138797491688908,-0.9594566,-2.376410173327249,8.515207665016156,0.2461785969647574
2022-11-17,48.409,1.53559814022693,6.11379725241927,-0.9260054,-2.333363554022581,8.44716080644185,0.2371924678849089
2022-11-18,48.551,1.704663434992773,6.086144000529106,-0.88824767,-2.289045716321359,8.375189716850464,0.2282259409306756
2022-11-19,51.746,4.926849063977626,6.055827478531367,-0.85315233,-2.2434765747126915,8.29930405324406,0.2192814975438793
2022-11-20,51.705,4.913280000105879,6.022839110180487,-0.8250846,-2.19667687535298,8.219515985533468,0.2103615320159998
2022-11-21,52.277,5.512402564109941,5.987172024351522,-0.7929163,-2.1486681831217567,8.13584020747328,0.2014683502346783
2022-11-22,50.142,3.404571022441078,5.948821077446479,-0.7788294,-2.099472868077564,8.048293945524044,0.1926041685297685
2022-11-23,51.195,4.483855377627192,5.907782874294975,-0.7534121,-2.049114091325073,7.956896965620048,0.1837711126205621
2022-11-24,50.863,4.178356828042936,5.864055787518055,-0.74999225,-1.9976157903050864,7.861671577823141,0.1749712166657135
2022-11-25,51.582,4.92382615883569,5.81763997532523,-0.74838,-1.9450026635194924,7.762642638844722,0.1662064224173006
2022-11-26,51.622,4.9904508642222405,5.768537397716822,-0.76829547,-1.8913001547036508,7.659837552420473,0.1574785784803477
2022-11-27,51.8,5.195277070615936,5.716751831065029,-0.77557963,-1.836534436459103,7.553286267524132,0.1487894396790344
2022-11-28,57.951,11.37330223601388,5.662288881049124,-0.7946431,-1.7807323933598909,7.4430212744090145,0.1401406665306973
2022-11-29,54.443,7.892264091040452,5.605155993921576,-0.7823915,-1.7239216045461183,7.329077598467695,0.1315338248286477
2022-11-30,61.105,14.57944939785316,5.545362466084017,-0.8520274,-1.666130325818804,7.21149279190282,0.1229703853346792
2022-12-01,50.121,3.620499631840981,5.482919451953513,-1.4019264,-1.6073874712504057,7.090306923203919,0.1144517235820564
2022-12-02,57.294,10.818525596012051,5.417839970101524,-1.4091178,-1.5477225943257005,6.965562564427225,0.105979119789652
2022-12-03,54.518,8.06734115423108,5.350138907649784,-1.4499835,-1.4871658686281193,6.837304776277904,0.0975537588877659
2022-12-04,52.917,6.490830135050853,5.2798330229092425,-1.7921714,-1.4257480680868508,6.705581090996093,0.0891767306560731
2022-12-05,51.022,4.620382204326785,5.206940946249913,-2.0469494,-1.3635005468003965,6.57044149305031,0.0808490299739947
2022-12-06,55.962,9.584996246089418,5.131483179191796,-2.0703917,-1.3004552184525306,6.431938397644327,0.0725715571836772
2022-12-07,51.219,4.865967081455212,5.0534820917084105,-2.0674956,-1.2366445353368385,6.2901266270452485,0.0643451185656608
2022-12-08,49.057,2.727995414965294,4.972961917737056,-2.20643,-1.1721014670064027,6.145063384743459,0.0561704269271532
2022-12-09,51.842,5.537078089024969,4.889948748891329,-2.3191924,-1.1068594785652437,5.996808227456572,0.0480481023027385
2022-12-10,46.002,-0.2787880539604446,4.804470526373777,-3.009599,-1.04095250861857,5.845423034992347,0.0399786727672041
2022-12-11,52.653,6.397066019178965,4.716557031088339,-3.308481,-0.9744149468989132,5.690971977987252,0.0319625753600508
2022-12-12,53.227,6.995986033023054,4.626239871954361,-3.3678749,-0.9072816115856116,5.533521483539973,0.0240001571211119
2022-12-13,53.198,6.991245516339902,4.533552472425879,-3.3713505,-0.8395877263350963,5.373140198760975,0.0160916762365993
2022-12-14,51.647,5.4644967063229934,4.438530055221859,-3.3692727,-0.7713688970397832,5.209898952261643,0.0082373032947556
2022-12-15,49.259,3.100783580297585,4.341209625275157,-3.3561924,-0.7026610883333962,5.043870713608554,0.0004371226501472
2022-12-16,44.761,-1.3729370683319786,4.241629950909884,-3.31357,-0.6335005998607923,4.875130550770676,-0.0073088661044549
2022-12-17,48.322,2.212372727808497,4.139831543258896,-3.270936,-0.5639240423303845,4.70375558558928,-0.0150007465598226
2022-12-18,51.455,5.369709790058931,4.035856633935069,-3.2284744,-0.4939683133674797,4.529824947302549,-0.0226386838069833
2022-12-19,49.763000000000005,3.7020416299390098,3.9297491509720417,-3.1848645,-0.4236705731868294,4.353419724158871,-0.0302229226503405
2022-12-20,46.487,0.4500944418137871,3.821554693052038,-3.1805375,-0.3530682201028973,4.174622913154935,-0.0377537857188029
2022-12-21,49.726,3.713455194534414,3.711320502040311,-3.1899836,-0.2821988658962967,3.993519367936608,-0.0452316714766193
2022-12-22,50.388000000000005,4.3998296492825615,3.5990954338477685,-3.164964,-0.2111003110549885,3.810195744902757,-0.0526570521357617
2022-12-23,47.384,1.419915482725209,3.484929927645084,-3.2242925,-0.1398105199088291,3.624740447553913,-0.0600304714718112
2022-12-24,46.0,0.0600005233809861,3.368875973453732,-3.2494721,-0.0683675956760936,3.437243569129825,-0.0673525425454269
2022-12-25,44.928,-0.9876193157168158,3.250987078140936,-3.2419384,0.0031902445594155,3.247796833581521,-0.0746239453315968
2022-12-26,41.383,-4.508238273386538,3.1313182298476763,-3.2769349,0.0748246949220153,3.056493534925661,-0.0818454242589977
2022-12-27,43.791,-2.075819498599947,3.0099258608805117,-4.390294,0.1464973858499812,2.86342847503053,-0.0890177856618909
2022-12-28,51.85,6.00759268570135,2.886867809099768,-4.4379873,0.2181699092149742,2.668697899884794,-0.096141895147117
2022-12-29,49.126000000000005,3.307995102610012,2.762203277838541,-4.5971417,0.2898038434365704,2.472399434401971,-0.1032186748788484
2022-12-30,46.456,0.6620454008574652,2.635992794388442,-5.646661,0.3613607785734208,2.2746320158150213,-0.1102491007838855
2022-12-31,45.28,-0.4899274450033259,2.508298167089941,-6.0907497,0.4328023413726495,2.0754958257172915,-0.1172341996803784
2023-01-01,45.148,-0.5975982121188874,2.379182441066608,-6.1313148,0.5040902202592393,1.875092220807368,-0.1241750463329709
2023-01-02,46.947,1.2257103473347617,2.248709852644183,-6.1299615,0.5751861902471976,1.6735236623969856,-0.1310727604374655
2023-01-03,44.488,-1.2093542700456648,2.116945782497184,-6.1289783,0.6460521377544337,1.4708936447427496,-0.1379285035382118
2023-01-04,44.37136,-1.471716626019981,1.9839567075668212,-6.344957,0.7166500853034512,1.2673066222633702,-0.1447434758815112
2023-01-05,44.25472,-1.690701131528428,1.8498101517959704,-7.17826,0.786942216090019,1.0628679357059516,-0.1515189132084381
2023-01-06,44.13808,-1.8701277705785264,1.7145746357279563,-7.1572933,0.8568908984022442,0.8576837373257123,-0.1582560834905656
2023-01-07,44.02144,-2.013824111396385,1.578319625017484,-7.3702445,0.9264587098725502,0.6518609151449338,-0.1649562836121606
2023-01-08,43.9048,-2.1256023442621377,1.441115477903369,-7.8738027,0.9956084615453076,0.4455070163580613,-0.1716208360025331
2023-01-09,43.78816,-2.2092824543376155,1.303033391693817,-8.351333,1.0643032217430313,0.2387301699507857,-0.1782510852222579
2023-01-10,43.67152,-2.268676842566066,1.1641453483163804,-8.688363,1.1325063397142905,0.0316390086020899,-0.1848483945071095
2023-01-11,43.55488,-2.307263963093548,1.0245240589858462,-8.970347,1.2001814690466324,-0.1756574100607861,-0.1914141422736048
2023-01-12,43.43824,-2.329182740496796,0.8842429080442218,-9.024701,1.2672925908282024,-0.3830496827839806,-0.1979497185901203
2023-01-13,43.3216,-2.338294245557228,0.7433758960283334,-9.317181,1.3338040365417465,-0.5904281405134131,-0.2044565216176211
2023-01-14,43.20496,-2.338370391682888,0.601997582021206,-9.816683,1.399680510675211,-0.797682928654005,-0.2109359540241027
2023-01-15,43.08832,-2.333239825779627,0.4601830253444883,-9.855106,1.4648871130331889,-1.0047040876887006,-0.2173894193769031
2023-01-16,42.97168,-2.326418709621572,0.3180077266499935,-9.811358,1.5293893607338953,-1.211381634083902,-0.2238183185170952
2023-01-17,42.85504,-2.321964345105481,0.1755475684692179,-9.634025,1.5931532098765282,-1.4176056414073102,-0.2302240459202291
2023-01-18,42.7384,-2.323817487277538,0.0328787552803506,-9.590565,1.6561450768642656,-1.623266321583915,-0.2366079860477256
2023-01-19,42.62176,-2.33579797690596,-0.1099222468469814,-9.566248,1.7183318593683783,-1.82825410621536,-0.2429715096932742
2023-01-20,42.50512,-2.3617256547589816,-0.2527787709684504,-9.366414,1.7796809569192984,-2.032459727887749,-0.2493159703286196
2023-01-21,42.38848,-2.404972829788614,-0.3956140102818904,-9.192084,1.8401602911107904,-2.235774301392681,-0.2556427004531579
2023-01-22,42.27184,-2.4692086244244096,-0.5383510793826107,-9.0236435,1.899738325403717,-2.438089404786328,-0.2619530079517831
2023-01-23,42.1552,-2.5587508866500417,-0.6809130756949563,-8.854583,1.9583840845162164,-2.6392971602111728,-0.2682481724654494
2023-01-24,42.03856,-2.6773881701677964,-0.8232231410176805,-8.700272,2.0160671733874933,-2.839290314405174,-0.2745294417789402
2023-01-25,41.92191999999999,-2.828868051843977,-0.965204523120466,-8.549509,2.072757795702731,-3.037962318823197,-0.2807980282303289
2023-01-26,41.80528,-3.01703856522108,-1.1067806373287694,-8.390481,2.128426771967079,-3.2352074092958483,-0.2870551051466431
2023-01-27,41.68863999999999,-3.245706147897152,-1.2478751280339655,-8.255751,2.1830455571169325,-3.430920685150898,-0.2933018033102323
2023-01-28,41.572,-3.518935128288199,-1.3884119300658992,-8.117596,2.2365862576572395,-3.624998187723139,-0.2995392074603388
2023-01-29,36.957,-8.109200603210283,-1.5283153298649113,-8.010564,2.2890216483138377,-3.8173369781787487,-0.30576835283437
2023-01-30,46.056,1.0143538078100869,-1.667510026390485,-7.8614035,2.340325188190272,-4.007835214580757,-0.3119902217533498
2023-01-31,39.765,-5.252274671875621,-1.8059211917039588,-7.7319355,2.3904710364189685,-4.196392228122927,-0.3182057402560045
2023-02-01,45.795,0.8019111810840673,-1.943474531162943,-7.611795,2.4394340672970056,-4.382908598459949,-0.3244157747859298
2023-02-02,44.765,-0.2040914099593727,-2.0800963431653723,-7.495022,2.4871898848971186,-4.567286228062491,-0.3306211289362359
2023-02-03,40.844,-4.101452051120174,-2.2157135783816537,-7.527956,2.533714837145089,-4.749428415526743,-0.3368225402560564
2023-02-04,40.166,-4.7558352515666975,-2.3502538984137016,-7.4563694,2.578986029354964,-4.929239927768665,-0.3430206771232397
2023-02-05,36.290000000000006,-8.608333957394631,-2.4836457338202864,-7.8191466,2.622981337214069,-5.106627071034355,-0.3492161356875266
2023-02-06,38.98,-5.895034484900745,-2.6158183414487546,-7.731894,2.665679419210185,-5.28149776065894,-0.3554094368884394
2023-02-07,36.618,-8.233907508799122,-2.746701861013746,-7.647149,2.707059728493672,-5.453761589507417,-0.3616010235520792
2023-02-08,32.386,-12.4429887693788,-2.876227370864372,-7.5461397,2.747102524167786,-5.623329895032159,-0.3677912575709395
2023-02-09,37.024,-7.782281026031341,-3.0043269428822064,-7.4464035,2.785788882000878,-5.790115824883085,-0.37398041717081
2023-02-10,44.204,-0.5797870381482992,-3.1309336964531096,-7.3658395,2.823100704554593,-5.954034401007704,-0.3801686942687391
2023-02-11,41.475,-3.286509565121221,-3.2559818514570877,-7.2983394,2.8590207307226287,-6.1150025821797165,-0.3863561919259859
2023-02-12,46.246,1.506548633658352,-3.3794067802212724,-7.1984167,2.8935325446750984,-6.27293932489637,-0.3925429218997699
2023-02-13,40.773,-3.944728584721383,-3.501145058382223,-7.1246057,2.926620584203953,-6.427765642586176,-0.39872880229759
2023-02-14,43.114,-1.5822274639902894,-3.621134514604864,-7.1102805,2.9582701484653917,-6.579404663070255,-0.4049136553377345
2023-02-15,45.651,0.9760492192031008,-3.739314279106648,-7.026909,2.9884674051156304,-6.727781684222278,-0.4110972052195722
2023-02-16,43.958,-0.6960681412554397,-3.855624830936712,-6.9422126,3.017199396836879,-6.872824227773592,-0.4172790761070631
2023-02-17,40.342000000000006,-4.291410883999951,-3.9700080439611822,-6.83921,3.0444540472507886,-7.014462091211971,-0.4234587902288484
2023-02-18,43.471,-1.1418149816047327,-4.0824072315070605,-6.7322574,3.0702201662171267,-7.152627397724187,-0.4296357660981686
2023-02-19,39.346,-5.246454674124246,-4.192767189618748,-6.639065,3.094487454515877,-7.2872546441346255,-0.4358093168557342
2023-02-20,37.388,-7.184332738207004,-4.301034238882517,-6.555873,3.1172465079113905,-7.418280746793908,-0.4419786487385694
2023-02-21,39.347,-5.205451950501539,-4.407156264775964,-6.558106,3.138488820597736,-7.5456450853737,-0.4481428596777087
2023-02-22,38.43,-6.10281508765638,-4.511082756500955,-6.604993,3.15820678802475,-7.669289544525705,-0.4543009380275253
2023-02-23,37.967,-6.546424926320056,-4.612764844260298,-6.6809015,3.176393709104845,-7.789158553365144,-0.4604517614293114
2023-02-24,34.271,-10.223284243141102,-4.712155334939993,-7.0693593,3.1930437878009967,-7.90519912274099,-0.4665940958116163
2023-02-25,39.782,-4.693395814768048,-4.8092087461606745,-7.118683,3.208152134096829,-8.017360880257502,-0.4727265945297076
2023-02-26,39.079,-5.377762417849407,-4.903881338663606,-7.274385,3.2217147643501365,-8.125596103013741,-0.4788477976463599
2023-02-27,40.93366666666667,-3.9168683105151954,-4.996131146998505,-7.6586614,3.233728601031652,-8.229859748030156,-0.4849561313560666
2023-02-28,42.78833333333333,-1.2197903434880204,-5.085918008482125,-8.058678,3.2441914718512503,-8.330109480333375,-0.4910499075545779
2023-03-01,44.643,0.2405798176946976,-5.173203590398675,-8.090367,3.2531021082743146,-8.426305698672989,-0.497127323555557
2023-03-02,39.238,-5.147001507155346,-5.2579514154148095,-8.048615,3.2604601434312768,-8.518411558846086,-0.503186461955957
2023-03-03,43.157,-1.2108471381536732,-5.340126885184096,-8.0021105,3.266266109423965,-8.606392994608061,-0.5092252906515949
2023-03-04,35.561,-8.78995987734027,-5.419697302117774,-8.165583,3.270521434032593,-8.690218736150367,-0.5152416630042075
2023-03-05,36.111,-8.223342526755118,-5.496631889300569,-8.438564,3.273228436827869,-8.769860326128438,-0.5212333181611355
2023-03-06,35.693000000000005,-8.624831058972495,-5.570901808532498,-8.471138,3.274390324692912,-8.84529213322541,-0.5271978815286034
2023-03-07,31.201,-13.100599714046878,-5.6424801764795145,-8.500256,3.2740111867602653,-8.91649136323978,-0.5331328653994002
2023-03-08,33.239000000000004,-11.766037407964443,-5.711342078918149,-8.652951,3.272095988769532,-8.983438067687679,-0.5390356697355885
2023-03-09,35.277,-8.992988499360717,-5.777464583061079,-8.7888365,3.2686505668516728,-9.046115149912753,-0.5449035831067146
2023-03-10,39.569,-4.685614182897233,-5.84082674795305,-9.454966,3.2636816207463566,-9.104508368699406,-0.5507337837837915
2023-03-11,35.223,-9.016531095884869,-5.901409632928334,-9.485077,3.2571967064591343,-9.158606339387468,-0.5565233409891835
2023-03-12,36.601,-7.623742014972137,-5.959196304123453,-9.690377,3.249204228365626,-9.20840053248908,-0.5622692163023225
2023-03-13,34.193,-10.01724971680757,-6.014171839040632,-10.010752,3.239713430770225,-9.253885269810857,-0.5679682652210049
2023-03-14,36.7675,-7.746418164942824,-6.066323329159929,-10.791719,3.228734388927272,-9.2950577180872,-0.5736172388778735
2023-03-15,39.342,-4.840166575317026,-6.115639880600003,-10.765428,3.216277999532932,-9.331917880132934,-0.5792127859114615
2023-03-16,40.247,-3.92158128528812,-6.162112612829661,-10.607385,3.20235597069643,-9.364468583526092,-0.584751454491032
2023-03-17,35.529,-8.626190501081263,-6.205734655434471,-10.427835,3.186980811399594,-9.392715466834066,-0.5902296944942598
2023-03-18,33.385,-10.757113515006653,-6.246501142944976,-10.233048,3.170165820454041,-9.416666963399017,-0.595643859836606
2023-03-19,37.055,-7.07435308645583,-6.284409207735074,-10.3933525,3.1519250749656345,-9.436334282700708,-0.6009902109510711
2023-03-20,35.055,-9.061911974820372,-6.319457971001352,-10.347354,3.132273418316209,-9.451731389317562,-0.6062649174168363
2023-03-21,42.091,-2.0137929394918075,-6.351648531836228,-10.3263445,3.111226447672795,-9.462874979509024,-0.6114640607351014
2023-03-22,33.842,-10.250998739861709,-6.3809839544099605,-10.289435,3.0888005010350104,-9.469784455444971,-0.6165836372502757
2023-03-23,42.973,-1.1085321353216075,-6.4074692532786,-10.218867,3.065012643831447,-9.472481897110049,-0.6216195612144844
2023-03-24,39.54,-4.530395885263055,-6.431111376837099,-10.115087,3.0398806550762747,-9.470992031913374,-0.6265676679931762
2023-03-25,33.291000000000004,-10.768592749077612,-6.451919188938746,-9.965868,3.0134230130975013,-9.465342202036249,-0.6314237174094505
2023-03-26,34.992000000000004,-9.057077026605224,-6.469903448704323,-9.790089,2.985658880848655,-9.455562329552976,-0.6361833972245488
2023-03-27,35.134,-8.904898619953412,-6.485076788546202,-9.615993,2.9566080908158527,-9.441684879362054,-0.6408423267517663
2023-03-28,35.075,-8.954060281337497,-6.497453690434632,-10.092988,2.92629112953255,-9.423744819967183,-0.6453960606008979
2023-03-29,26.587,-17.43184135000374,-6.507050460435485,-10.183557,2.894729121714425,-9.40177958214991,-0.6498400925501415
2023-03-30,35.114,-8.894948333175442,-6.513885201550608,-10.057571,2.861943814027169,-9.375829015577777,-0.6541698595422177
2023-03-31,36.014,-7.985383875940071,-6.517977784893683,-9.933416,2.8279575585001244,-9.345935343393808,-0.658380745801322
2023-04-01,36.476,-7.514150623385123,-6.519349819236604,-9.877193,2.792793295598936,-9.31214311483554,-0.6624680870673398
2023-04-02,40.689,-3.292251220598076,-6.518024618962925,-9.791103,2.7564745369706123,-9.274499155933537,-0.6664271749436111
2023-04-03,34.489,-9.483688312666407,-6.514027170466808,-9.7140045,2.719025347874559,-9.233052518341369,-0.6702532613543809
2023-04-04,36.82,-7.144464544677599,-6.507384097037636,-9.590561,2.6804703293133105,-9.187854426350944,-0.6739415631079031
2023-04-05,35.634,-8.322560685956194,-6.498123622272106,-9.457396,2.640834599876994,-9.1389582221491,-0.6774872665610447
2023-04-06,33.954,-9.99500066290254,-6.48627553205714,-9.371308,2.6001437773154628,-9.086419309372602,-0.680885532381062
2023-04-07,30.68,-13.2617819621325,-6.471871135168732,-9.543101,2.5584239598525027,-9.030295095021234,-0.6841315004001086
2023-04-08,38.941,-4.993912240638313,-6.454943222533122,-9.415471,2.5157017072563925,-8.970644929789515,-0.6872202945578902
2023-04-09,32.089,-11.839374826439922,-6.4355260251984125,-9.294281,2.4720040216814088,-8.90753004687982,-0.6901470279277292
2023-04-10,36.879000000000005,-7.043191148874941,-6.413655171065865,-9.19018,2.4273583282948685,-8.841013499360734,-0.6929068078212202
2023-04-11,35.257,-8.658935080670005,-6.389367640431749,-9.143189,2.3817924557045145,-8.771160096136263,-0.6954947409664848
2023-04-12,32.288,-11.621702034602428,-6.36270172039172,-9.017187,2.335334616201052,-8.698036336592772,-0.6979059387549503
2023-04-13,33.951,-9.952665055623749,-6.333696958160966,-8.883648,2.2880133858307925,-8.621710343991758,-0.7001355225514618
2023-04-14,34.787,-9.11070182737682,-6.302394113364648,-8.73952,2.2398576843134426,-8.542251797678091,-0.7021786290623981
2023-04-15,35.596999999999994,-8.295073585210297,-6.268835109354117,-8.609223,2.190896754820105,-8.459731864174222,-0.7040304157564075
2023-04-16,35.172000000000004,-8.714782794958245,-6.233062983605493,-8.499215,2.1411601436266303,-8.374223127232124,-0.7056860663322508
2023-04-17,35.874,-8.00783192245476,-6.195121837258239,-8.440937,2.090677679657514,-8.285799516915754,-0.707140796228139
2023-04-18,33.733,-10.144223433533902,-6.155056783852141,-8.455426,2.0394794539355576,-8.194536237787698,-0.708389858166909
2023-04-19,38.172,-5.700959794029737,-6.1129138973220405,-8.384013,1.9875957989525173,-8.100509696274559,-0.7094285477312526
2023-04-20,34.354,-9.515043469776348,-6.068740159310445,-8.282437,1.9350572679760245,-8.00379742728647,-0.7102522089631755
2023-04-21,33.469,-10.39647692660782,-6.022583405858783,-8.1787,1.881894614308003,-7.904478020166787,-0.7108562399817694
2023-04-22,29.605,-14.25726263035822,-5.974492273538685,-8.04882,1.8281387705098104,-7.802631044048495,-0.7112360986133452
2023-04-23,39.599,-4.260403046861619,-5.924516145085423,-7.9525037,1.7738208276093768,-7.6983369726948,-0.711387308027888
2023-04-24,36.55,-7.3069006419521,-5.872705094595816,-7.8460536,1.71897201430546,-7.591677108901276,-0.7113054623757739
2023-04-25,37.037,-6.817757881463724,-5.819109832353637,-7.7111497,1.6636236761842096,-7.482733508537846,-0.7109862324186254
2023-04-26,37.729,-6.121754138454653,-5.763781649345634,-7.600151,1.6078072549630742,-7.371588904308708,-0.7104253711481595
2023-04-27,37.925,-5.922054561405108,-5.706772361531809,-7.4874573,1.5515542677771412,-7.25832662930895,-0.709618719386846
2023-04-28,36.263,-7.580661286938639,-5.64813425393347,-7.354354,1.4948962865227675,-7.1430305404562375,-0.7085622113641635
2023-04-29,37.715,-6.125576451678805,-5.587920024603052,-7.2126126,1.4378649172734312,-7.025784941876482,-0.7072518802622441
2023-04-30,30.412000000000003,-13.425752171994176,-5.52618272853943,-7.1030574,1.3804917797825,-6.90667450832193,-0.7056838637246644
2023-05-01,45.699,1.8640074712752648,-5.4629757216126285,-7.0248857,1.3228084870876102,-6.785784208700239,-0.7038544093221593
2023-05-02,36.253,-7.579653047138775,-5.39835260456161,-7.079965,1.2648466252311517,-6.663199229792761,-0.7017598799690182
2023-05-03,37.793,-6.0376193042553705,-5.332367167128682,-7.014425,1.20663773311126,-6.539004900239942,-0.6993967592839532
2023-05-04,38.597,-5.231893410012226,-5.265073332393837,-6.9762225,1.148213282477594,-6.413286614871431,-0.696761656889233
2023-05-05,36.141,-7.686477474347082,-5.196525101371975,-7.00596,1.089604658085965,-6.28612975945794,-0.6938513136419084
2023-05-06,37.152,-6.67437360719765,-5.126776497935514,-7.1267405,1.0308431380258052,-6.157619635961319,-0.6906626067909841
2023-05-07,31.976,-11.849583918501654,-5.055881514124561,-7.0570045,0.9719598742341986,-6.02784138835876,-0.6871925550544296
2023-05-08,31.685,-12.140110518196812,-4.9838940559060525,-7.1236286,0.9129858732101186,-5.896879929116171,-0.6834383236099731
2023-05-09,38.173,-5.651955516220832,-4.910867889442925,-7.010782,0.853951976942225,-5.76481986638515,-0.6793972289936618
2023-05-10,32.480000000000004,-11.345121022511444,-4.836856587933374,-6.8801856,0.7948888440634531,-5.631745431996827,-0.6750667439002553
2023-05-11,32.812,-11.013609147006386,-4.761913479079721,-6.7780943,0.7358269312453514,-5.497740410325072,-0.6704445018795482
2023-05-12,35.1515,-9.218978712088123,-4.686091593245612,-6.669996,0.6767964748449878,-5.3628880680906,-0.6655283019228386
2023-05-13,37.491,-6.336561690360076,-4.609443612359053,-6.5620213,0.6178274728168975,-5.227271085175951,-0.6603161129337949
2023-05-14,40.601,-3.2280303290942647,-4.532021819618219,-6.43583,0.5589496669024336,-5.090971486520653,-0.654806078078084
2023-05-15,33.109,-10.721830025783644,-4.453878050055669,-6.309371,0.5001925251085457,-4.954070575164215,-0.6489965190062192
2023-05-16,34.498,-9.33496289036595,-4.375063642015569,-6.1646457,0.441585224487778,-4.816648866503346,-0.6428859399441702
2023-05-17,34.842,-8.993317649258653,-4.295629389597443,-6.0231285,0.3831566342310637,-4.678786023828507,-0.6364730316463997
2023-05-18,39.169,-4.6690129280611465,-4.215625496118551,-5.9010296,0.3249352990845165,-4.540560795203067,-0.6297566752060957
2023-05-19,34.139,-9.70205081945418,-4.135101528646,-5.780981,0.2669494231012589,-4.402050951747259,-0.6227359457174884
2023-05-20,40.001000000000005,-3.843433416118492,-4.05410637364795,-5.656058,0.2092268537389359,-4.263333227386886,-0.6154101157852797
2023-05-21,36.448,-7.400162810734842,-3.9726881938123166,-5.5325375,0.1517950663133392,-4.124483260125656,-0.6077786588763133
2023-05-22,34.42400000000001,-9.428241095983948,-3.890894386079495,-5.434908,0.0946811488182075,-3.9855755348977024,-0.5998412525087904
2023-05-23,36.087,-7.769670364546573,-3.808771540934458,-5.345848,0.0379117871210125,-3.846683328055471,-0.5915977812744561
2023-05-24,37.497,-6.364452709103441,-3.726365403001677,-5.255503,-0.0184867494558526,-3.707878653545824,-0.583048339689329
2023-05-25,37.4915,-6.3750902223353085,-3.643720832985069,-5.156632,-0.0744886221592926,-3.569232210825776,-0.5741932348687225
2023-05-26,37.486,-6.385802770289899,-3.560881770993119,-5.0719447,-0.1300684364263928,-3.430813334566726,-0.5650329890224386
2023-05-27,37.728,-6.149367003078988,-3.4778912012879037,-4.9916778,-0.1852012550934622,-3.292689946194441,-0.5555683417662145
2023-05-28,41.301,-2.4789823379143674,-3.3947911184948203,-4.9340496,-0.2398626111851347,-3.1549285073096858,-0.5458002522456342
2023-05-29,44.874,0.9844412732924536,-3.311622495308065,-4.837698,-0.2940285202757609,-3.0175939750323044,-0.5357299010689338
2023-05-30,32.635,-11.26098031329572,-3.228425251725088,-4.7530785,-0.3476754924156914,-2.8807497593093965,-0.5253586920452816
2023-05-31,38.254000000000005,-5.648749868364467,-3.1452382258412506,-4.6666527,-0.4007805436153895,-2.7444576822258613,-0.5146882537253152
2023-06-01,41.779,-2.130869412167825,-3.0620991462342277,-4.586928,-0.4533212068806926,-2.608777939353535,-0.5037204407408912
2023-06-02,42.018,-1.8993409649597668,-2.979044605965384,-4.5148926,-0.5052755427929476,-2.473769063172436,-0.4924573349412313
2023-06-03,39.067,-4.858166546994307,-2.896110038223753,-4.443326,-0.5566221496280485,-2.339487888595704,-0.4809012463228024
2023-06-04,39.91,-4.023234795005228,-2.813329693635924,-4.3685446,-0.6073401730088648,-2.2059895206270586,-0.4690547137505094
2023-06-05,43.653,-0.2886642449082122,-2.730736619263259,-4.2910757,-0.6574093150858843,-2.0733273041773748,-0.456920505467967
2023-06-06,45.679,1.7292128816074124,-2.648362639305764,-4.231909,-0.7068098432412881,-1.941552796064476,-0.4445016193948264
2023-06-07,40.021,-3.93725699918406,-2.56623833752981,-4.1915774,-0.7555225983121112,-1.810715739217699,-0.4318012832093577
2023-06-08,51.663,7.696880993581313,-2.4843930414348163,-4.128836,-0.8035290023284696,-1.6808640391063467,-0.4188229542146905
2023-06-09,40.371,-3.6042626136747535,-2.402854808171885,-4.08948,-0.8508110657633159,-1.5520437424085696,-0.4055703189873431
2023-06-10,31.981,-12.002802013309482,-2.3216504122252477,-4.040978,-0.8973513942904837,-1.4242990179347634,-0.3920472928068936
2023-06-11,43.676,-0.3152239720446133,-2.24080533486513,-3.9995131,-0.9431331950483116,-1.2976721398168185,-0.3782580188658676
2023-06-12,43.694,-0.3049401336334121,-2.160343755378645,-3.9614828,-0.9881402824064354,-1.1722034729722095,-0.3642068672591326
2023-06-13,44.847,0.8401899016251031,-2.0802885440830443,-3.8951235,-1.0323570832337832,-1.0479314608492611,-0.3498984337523445
2023-06-14,39.563,-4.452032827518801,-2.0006612571234106,-3.8235066,-1.0757686416662586,-0.924892615457152,-0.3353375383291889
2023-06-15,43.266,-0.7574173433670053,-1.9214821330549252,-3.7404852,-1.1183606233729508,-0.8031215096819746,-0.3205292235174188
2023-06-16,50.796,6.763995084595265,-1.842770091207451,-3.6784675,-1.1601193193201125,-0.6826507718873387,-0.305478752493902
2023-06-17,47.35,3.309117103616199,-1.764542731828052,-3.6125104,-1.2010316490326582,-0.5635110827953937,-0.2901916069691355
2023-06-18,56.292,12.24194721047498,-1.686816337995058,-3.577042,-1.241085163353208,-0.4457311746418499,-0.2746734848519189
2023-06-19,46.182,2.122395667819494,-1.6096058792948291,-3.5801222,-1.280268046699226,-0.3293378325956033,-0.2589302976951068
2023-06-20,37.348,-6.72136495697508,-1.532925017250539,-3.541448,-1.3185691188191675,-0.2143558984313716,-0.242968167923596
2023-06-21,40.182,-3.8971042129825726,-1.456786112489984,-3.484815,-1.3559778360489343,-0.1008082764410498,-0.2267934258459407
2023-06-22,38.361,-5.727990420284747,-1.381200233637289,-3.4195647,-1.392484292070424,0.0112840584331348,-0.210412606451224
2023-06-23,41.402,-2.69680057064751,-1.3061771679114575,-3.3718197,-1.4280792181742816,0.121902050262824,-0.1938324459930368
2023-06-24,40.048,-4.060768984273576,-1.2317254334124257,-3.3407767,-1.462753983029424,0.2310285496169983,-0.1770598783626661
2023-06-25,39.403,-4.71558200128669,-1.157852293073406,-3.291213,-1.4965005919622794,0.3386482988888735,-0.1601020312537972
2023-06-26,41.469,-2.6586723247961963,-1.08456377025615,-3.2367678,-1.5293116857491325,0.4447479154929823,-0.1429662221213013
2023-06-27,43.848,0.2599044351041142,-1.01186466596387,-3.1775115,-1.5611805389252902,0.5493158729614203,-0.1256599539368744
2023-06-28,46.227,2.081222078307972,-0.9397585776444974,-3.1209795,-1.5921010576152514,0.652342479970754,-0.1081909107445322
2023-06-29,46.052,1.896664056032474,-0.8682479195551523,-3.0529277,-1.622067776888408,0.7538198573332556,-0.0905669530192051
2023-06-30,47.259,3.0938485108750795,-0.7973339446566137,-2.989522,-1.6510758576452274,0.8537419129886137,-0.0727961128318622
2023-07-01,42.884,-1.2912391117394335,-0.727016768004948,-2.9358456,-1.6791210830392136,0.9521043150342656,-0.0548865888248523
2023-07-02,45.125,0.9398236282762248,-0.6572953916054658,-2.873084,-1.7061998544403574,1.0489044628348916,-0.0368467410013354
2023-07-03,42.834,-1.3602729061687366,-0.5881677306924836,-2.8090186,-1.732309186946155,1.1441414562536716,-0.0186850853329094
2023-07-04,47.235,3.031515080560037,-0.5196306413966281,-2.7462783,-1.757446704446596,1.237816063049968,-0.0004102881897273
2023-07-05,42.105,-2.108072426338476,-0.4516799497597037,-2.6943083,-1.7816106342500089,1.329930684490305,0.0179688394023672
2023-07-06,44.465,0.2420950751902348,-0.384310482055606,-2.6487586,-1.8047998012768085,1.4204893192212025,0.036443347672988
2023-07-07,41.19,-3.042754132672264,-0.3175160963740376,-2.5970912,-1.827013621828809,1.5094975254547718,0.0550041541817225
2023-07-08,42.495,-1.747779746223585,-0.2512897154224001,-2.5442498,-1.8482520969418164,1.5969623815194165,0.0736420500509112
2023-07-09,40.625,-3.6272580043566887,-0.1856233604996902,-2.5065937,-1.8685158053298283,1.6828924448301383,0.0923477063514053
2023-07-10,42.31,-1.9516158406934985,-0.1205081865947603,-2.460335,-1.8878058959293131,1.767297709334553,0.1111116806358219
2023-07-11,40.97,-3.3005089425286127,-0.0559345185601104,-2.4205291,-1.9061240800524288,1.8501895614923185,0.1299244236136528
2023-07-12,37.585,-6.694445590462188,0.008108111689101,-2.370251,-1.9234726231583892,1.9315807348474905,0.1487762859623967
2023-07-13,45.271,0.9829271370482258,0.0716309270023288,-2.325135,-1.9398543362524503,2.0114852632547797,0.1676575252687269
2023-07-14,40.375,-3.921736763670853,0.1346458658997171,-2.2708724,-1.9552725669223057,2.089918432822023,0.1865583130935382
2023-07-15,39.653,-4.652426472868392,0.1971655426109048,-2.2220652,-1.9697311900219872,2.166896732632892,0.2054687421545673
2023-07-16,44.273,-0.0405057970309021,0.2592032063011864,-2.1869493,-1.9832345980136248,2.242437804314812,0.2243788336201292
2023-07-17,43.797,-0.5241993383193013,0.3207726995410029,-2.164031,-1.9957876909777272,2.31656039051873,0.2432785445073692
2023-07-18,41.822,-2.506492761958751,0.3818884160752625,-2.1353683,-2.007395866302871,2.3892842823781337,0.2621577751782853
2023-07-19,43.109,-1.2269228168150534,0.4425652579501485,-2.0993414,-2.0180650080659914,2.46063026601614,0.2810063769266694
2023-07-20,39.419,-4.924074693447348,0.502818592055682,-2.0614893,-2.02780147611467,2.530620068170352,0.2998141596489639
2023-07-21,44.042,-0.307716877325753,0.5626642061429945,-2.0284543,-2.036612094863091,2.599276301006085,0.318570899591931
2023-07-22,42.784000000000006,-1.5724180592127692,0.6221182643759978,-1.9793152,-2.044504141813498,2.666622406189496,0.3372663471699247
2023-07-23,42.488,-1.8750784481412768,0.6811972624775939,-1.940936,-2.0514853358153404,2.7326825982929344,0.3558902348444461
2023-07-24,43.279,-1.0896371104871836,0.7399179825310455,-1.9095228,-2.0575638250742667,2.7974818076053123,0.3744322850585666
2023-07-25,51.32,6.9463303750894365,0.7982974474976958,-1.894273,-2.06274817492362,2.861045622421315,0.3928822182187335
2023-07-26,38.031,-6.347914015168358,0.8563528755122779,-1.8731546,-2.067047355370982,2.92340023088326,0.4112297607163716
2023-07-27,42.278000000000006,-2.1058318945868115,0.9141016340175564,-1.8354944,-2.070470728432693,2.9845723624502494,0.4294646529816412
2023-07-28,41.667,-2.7213233125074505,0.971561193800118,-1.7832863,-2.073028035269317,3.044589229069435,0.4475766575616406
2023-07-29,42.057,-2.335616394115364,1.028749082989246,-1.7311176,-2.074729383135249,3.103478466124495,0.4655555672152884
2023-07-30,47.687,3.2901753983844184,1.0856828410808284,-1.6916116,-2.075585232155723,3.1612680732365512,0.4833912130170768
2023-07-31,42.009,-2.392161317871906,1.1423799730482476,-1.6653048,-2.075606381944656,3.2179863549929038,0.5010734724618437
2023-08-01,45.529,1.1235323864330955,1.1988579036020075,-1.6381364,-2.0748039580768807,3.2736618616788884,0.5185922775626811
2023-08-02,51.216,6.806152371501528,1.2551339316597825,-1.6152307,-2.073189398428372,3.3283233300881543,0.535937622934087
2023-08-03,49.606,5.191673994480359,1.311225185088073,-1.603472,-2.0707744393982,3.381999624486273,0.5530995738524308
2023-08-04,45.626,1.2070979104370902,1.3671485757766202,-1.6004864,-2.067571102026008,3.4347196778026285,0.570068274285824
2023-08-05,48.291,3.867424774439234,1.4229207551059944,-1.5887374,-2.063591678018887,3.486512433124881,0.586833954885471
2023-08-06,44.776,0.3476552415542686,1.4785580698684715,-1.5773028,-2.05884871570152,3.537406785569991,0.6033869409305914
2023-08-07,46.782,2.3488567654878896,1.534076518701728,-1.5657008,-2.053355005903576,3.587431524605304,0.6197176602190403
2023-08-08,44.088,-0.3500386425968096,1.5894917090940863,-1.5611864,-2.0471235677983124,3.636615276892399,0.63581665089575
2023-08-09,49.651,5.208005862585393,1.6448188150195635,-1.5550787,-2.040167634706352,3.684986449725916,0.6516745692111913
2023-08-10,50.07,5.62195574937134,1.700072535259992,-1.5418228,-2.0325006398786307,3.732573175138623,0.6672821972020674
2023-08-11,53.643,9.189811688353068,1.7552670524707006,-1.5240458,-2.0241362022724534,3.779403254743154,0.6826304502865269
2023-08-12,47.441,2.9825075514844337,1.8104159930453323,-1.4933486,-2.015088112334624,3.825504105379956,0.6977103847662358
2023-08-13,45.658,1.1940209389839604,1.8655323878343597,-1.468926,-2.005370317805493,3.870902705639853,0.7125132052277198
2023-08-14,47.094,2.624446759098481,1.9206286337707696,-1.4395242,-1.9949969095577933,3.915625543328563,0.7270302718354744
2023-08-15,46.067,1.591785658294388,1.975716456455325,-1.40642,-1.9839821074840327,3.959698563939358,0.7412531075094219
2023-08-16,58.374,13.892100424529966,2.030806873752561,-1.3827734,-1.972340246446061,4.003147120198622,0.7551734049793829
2023-08-17,51.551,7.062355470473249,2.0859101604474133,-1.3684757,-1.960085762300495,4.045995922747908,0.7687830337093642
2023-08-18,50.212,5.716551299848496,2.141035814011147,-1.3442651,-1.9472331780134124,4.08826899202456,0.7820740466845265
2023-08-19,52.7,8.197688416379963,2.196192521523741,-1.3231453,-1.9337970898776755,4.129989611401416,0.7950386870538674
2023-08-20,45.74,1.2307673237919188,2.251388127798546,-1.3793573,-1.9197921538461464,4.171180281644692,0.8076693946217562
2023-08-21,49.774,5.257788525808596,2.30662960475357,-1.5531396,-1.9052330719938213,4.211862676747392,0.8199588121815827
2023-08-22,46.97,2.4467525261542624,2.361923022071999,-1.5768365,-1.8901345791218247,4.252057601193824,0.8318997916849564
2023-08-23,52.657,8.126659828553183,2.417273519193288,-1.5474811,-1.8745114295160048,4.291784948709292,0.8434854002400166
2023-08-24,49.653000000000006,5.115510936729613,2.472685278674153,-1.5050867,-1.8583783838726653,4.331063662546818,0.8547089259325874
2023-08-25,49.863,5.3179725831738285,2.528161500957365,-1.4634631,-1.8417501964038,4.3699116973611645,0.8655638834640585
2023-08-26,51.668,7.115388263043892,2.583704380584364,-1.413457,-1.8246416021339729,4.408345982718336,0.8760440196000787
2023-08-27,45.075,0.5147584292640652,2.639315083885912,-1.3624935,-1.8070673044007688,4.446382388286681,0.8861433184242844
2023-08-28,50.406,5.838417305992585,2.69499372818332,-1.3117179,-1.7890419625705012,4.484035690753821,0.8958560063915084
2023-08-29,52.029,7.454022354719899,2.750739362530607,-1.2752639,-1.7705801799805745,4.521319542511181,0.9051765571750858
2023-08-30,48.32899999999999,3.746574079170263,2.806549950026429,-1.2526772,-1.7516964921197569,4.558246442146186,0.9140996963030767
2023-08-31,44.811,0.2210729830679363,2.8624223517222904,-1.2488102,-1.7324053550572005,4.5948277067794905,0.9226204055784426
2023-09-01,45.015,0.4184574286452283,2.9183523121518467,-1.3270142,-1.7127211341308657,4.631073446282712,0.9307339272783924
2023-09-02,49.266,4.662855867702722,2.9743344465038564,-1.3980302,-1.6926580929056725,4.666992539409529,0.9384357681283748
2023-09-03,49.52,4.910174698885236,3.030362229459592,-1.4395175,-1.6722303824114344,4.702592611871026,0.9457217030463716
2023-09-04,51.672,7.05532286834007,3.086427985713048,-1.4244636,-1.651452030670227,4.737880016383275,0.952587778653408
2023-09-05,54.602,9.97839528431406,3.142522882190655,-1.4010139,-1.6303369325226662,4.772859814713321,0.9590303165464008
2023-09-06,52.237,7.606392593273611,3.198636921984597,-1.3642936,-1.6088988397620585,4.807535761746656,0.9650459163297234
2023-09-07,50.196,5.558315441685071,3.2547589400121715,-1.3133782,-1.5871513515852196,4.841910291597391,0.9706314584020986
2023-09-08,51.2825,6.45610081553737,3.310876600411153,-1.2653166,-1.5651079053682615,4.875984505779415,0.9757841064956684
2023-09-09,52.369,7.716940342729242,3.366976395678976,-1.2217131,-1.542781767775332,4.909758163454308,0.9805013099643508
2023-09-10,52.943,8.283643688294674,3.423043647561629,-1.188454,-1.5201860262079971,4.943229673769626,0.984780805818848
2023-09-11,46.225,1.55827515917751,3.479062509695674,-1.1667725,-1.4973335806024275,4.976396090298102,0.9886206205059148
2023-09-12,49.778000000000006,5.103835401844115,3.535015972004748,-1.1513201,-1.474237135581287,5.009253107586035,0.992019071429762
2023-09-13,51.301,6.61932506276086,3.590885866849728,-1.1264651,-1.4509091929667683,5.041795059816496,0.9949747682137394
2023-09-14,49.535,4.845744788394118,3.646652876929492,-1.0992957,-1.427362044660815,5.074014921590306,0.9974866137006988
2023-09-15,52.368,7.671095225210239,3.702296544927009,-1.0807343,-1.403607765898197,5.105904310825206,0.9995538046907014
2023-09-16,48.319,3.614377019675626,3.7577952848933887,-1.0562745,-1.379658208877643,5.137453493771032,1.001175832415027
2023-09-17,41.568,-3.144409181743377,3.8131263953602312,-1.0356324,-1.3555249967758312,5.168651392136063,1.0023524827456805
2023-09-18,55.173,10.453106053452649,3.868266074168477,-1.0140263,-1.331219518148616,5.199485592317092,1.0030838361398882
2023-09-19,53.599,8.871559581277218,3.923189434999917,-0.983608,-1.3067529217234346,5.229942356723352,1.0033702673193452
2023-09-20,49.821,5.08595210318626,3.977870525595101,-0.9636151,-1.2821361115863603,5.260006637181461,1.0032124446842483
2023-09-21,50.784000000000006,6.041284320635738,4.0322823476396445,-0.96247065,-1.2573797427668991,5.289662090406544,1.002611329462417
2023-09-22,54.203,9.45255693508156,4.0863968782984665,-0.9647299,-1.2324942172230853,5.318891095521552,1.001568174594097
2023-09-23,55.535,10.776770647979689,4.140185093375571,-0.95716417,-1.2074896802290636,5.347674773604634,1.000084523353309
2023-09-24,52.284,7.517926160786036,4.193616992075032,-0.9527254,-1.1823760171668445,5.375993009241876,0.9981622077068704
2023-09-25,50.582,5.229344966069309,4.246661623336544,-1.0353898,-1.1571628507234364,5.40382447405998,0.9958033464125088
2023-09-26,48.88,4.0980653919471575,4.299287113717167,-1.1403388,-1.1318595384942052,5.431146652211372,0.9930103428577576
2023-09-27,51.84,7.050050513213796,4.351460696788801,-1.1495333,-1.106475170992704,5.457935867781505,0.989785882641576
2023-09-28,57.651,12.852980240212425,4.403148744018922,-1.136835,-1.0810185700668458,5.484167314085767,0.9861329309009476
2023-09-29,51.899,7.09285527439895,4.454316797100425,-1.1472131,-1.055498287720832,5.509815084821257,0.9820547293849304
2023-09-30,48.283,3.468676317229312,4.5049296016944105,-1.2492484,-1.029922605341729,5.534852207036139,0.977554793278945
2023-10-01,56.559,11.736444070159449,4.554951142547917,-1.2652711,-1.0042995333291436,5.5592506758770615,0.9726369077823174
2023-10-02,51.628,6.797159234645301,4.604344679946975,-1.269249,-0.9786368111260236,5.582981491072999,0.9673051244423791
2023-10-03,52.561,7.721822512142809,4.65307278746354,-1.2865036,-0.9529419076480758,5.606014695111615,0.9615637572486668
2023-10-04,51.851,7.003434604107899,4.70109739095316,-1.2588899,-0.9272220221088826,5.628319413062042,0.955417378491036
2023-10-05,51.3445,6.337889650805254,4.748379808758741,-1.2416419,-0.9014840852373316,5.649863893996073,0.9488708143857398
2023-10-06,50.838,5.973508037264565,4.794880793074032,-1.2097077,-0.8757347608834847,5.670615553957517,0.941929140473787
2023-10-07,54.582,9.708970781368016,4.840560572419134,-1.1682516,-0.849980448008612,5.690541020427746,0.9345976767961236
2023-10-08,52.224,7.342385145762796,4.885378895178694,-1.1263468,-0.8242272830546095,5.709606178233304,0.926881982850424
2023-10-09,59.86,14.969751831904844,4.929295074152122,-1.1998975,-0.7984811426876053,5.727776216839728,0.9187878523345296
2023-10-10,57.563,12.664071541250086,4.972268032063942,-1.2960125,-0.7727476469101148,5.745015678974057,0.9103213076817702
2023-10-11,56.517,11.609344975254452,5.014256347980848,-1.3527745,-0.7470321625356646,5.761288510516513,0.9014885943936596
2023-10-12,54.408,9.491572835373896,5.055218304581099,-1.3590751,-0.721339807019355,5.776558111600454,0.8922961751756482
2023-10-13,48.458,3.532664108786369,5.09511193622053,-1.3526177,-0.6956754526374432,5.790787388857973,0.8827507238818592
2023-10-14,51.933,6.99871374476937,5.13389507773853,-1.3371536,-0.6700437310085833,5.803938808747113,0.8728591192749008
2023-10-15,46.561,1.6177224308199247,5.171525413946132,-1.3095781,-0.6444490379489378,5.81597445189507,0.8626284386070903
2023-10-16,42.697,-2.2553091455649663,5.207960529737647,-1.3672537,-0.6188955386530056,5.8268560683906525,0.8520659510295907
2023-10-17,56.873,11.912025739191224,5.243157960766144,-1.3575748,-0.5933871731915841,5.836545133957728,0.8411791108361552
2023-10-18,52.753,7.783327744315734,5.277075244622552,-1.3466071,-0.56792766231791,5.845002906940462,0.829975550548359
2023-10-19,53.905,8.92659761781137,5.309669972457044,-1.320446,-0.5425205135726302,5.8521904860296745,0.8184630738493741
2023-10-20,52.343,7.355836107680968,5.340899840981169,-1.2768542,-0.5171690276779092,5.858068868659078,0.8066496483734887
2023-10-21,54.308,9.312043961927326,5.3707227047881485,-1.2410122,-0.4918763052105877,5.862599009998736,0.7945433983587603
2023-10-22,54.837,9.832221928553276,5.399096628928612,-1.3399428,-0.4666452535439725,5.865741882472584,0.7821525971703178
2023-10-23,48.885,3.871370755561656,5.425979941678268,-1.3483108,-0.4414785940475149,5.867458535725783,0.7694856597019774
2023-10-24,56.142,11.119491190955255,5.451331287434024,-1.347547,-0.4163788695332619,5.867710156967286,0.7565511346639813
2023-10-25,49.661,4.629492268458944,5.475109679674407,-1.4401455,-0.3913484519377109,5.866458131612118,0.7433576967647725
2023-10-26,46.686,1.6454689838970955,5.497274553920101,-1.4397802,-0.3663895502273073,5.863664104147408,0.7299141387948612
2023-10-27,46.284,1.2344220713136065,5.517785820630399,-1.4096977,-0.3415042185156389,5.859290039146038,0.7162293636209327
2023-10-28,46.487,1.4283522647523914,5.536603917970991,-1.3784783,-0.3166943643799932,5.853298282350984,0.7023123760984349
2023-10-29,48.503,3.4352602982573504,5.553689864388879,-1.3528408,-0.2919617573647673,5.845651621753646,0.688172274911017
2023-10-30,47.905,2.8281469058723863,5.569005310930009,-1.3203189,-0.2673080376588884,5.836313348588897,0.67381824434521
2023-10-31,51.196,6.110012821641385,5.5825125932356,-1.2793831,-0.242734724934246,5.825247318169846,0.6592595460088827
2023-11-01,49.786,4.690858779608263,5.594174783153268,-1.2361219,-0.2182432273318155,5.812418010485084,0.6445055105020062
2023-11-02,54.05,8.945685513816933,5.603955739899398,-1.2739471,-0.1938348505820273,5.7977905904814255,0.6295655290483629
2023-11-03,49.216,4.102493758311281,5.611820160709684,-1.2528222,-0.1695108072457009,5.781330967955385,0.6144490450968558
2023-11-04,51.64,6.517284247135216,5.617733630915132,-1.2909594,-0.14527222606167,5.763005856976802,0.5991655459011112
2023-11-05,50.516,5.38405771433263,5.621662673381439,-1.3859122,-0.1211201613870822,5.742782834768521,0.5837245540861127
2023-11-06,48.393,3.251585875660114,5.623574797250266,-1.800075,-0.0970556027161975,5.720630399966463,0.5681356192105936
2023-11-07,49.468,4.317104809920908,5.623438545921637,-1.8520151,-0.0730794842633763,5.696518030185013,0.5524083093339439
2023-11-08,49.905,4.744615216302342,5.621223544217494,-1.8378595,-0.0491926945958164,5.67041623881331,0.5365522025963727
2023-11-09,48.25,3.0801177939917026,5.616900544667188,-1.8309833,-0.0253960863015472,5.642296630968735,0.5205768788210762
2023-11-10,51.511,6.331613242176298,5.61044147285671,-1.8374128,-0.0016904856779807,5.6121319585346905,0.504491911147095
2023-11-11,47.734,2.545102260043433,5.601819471784427,-1.8580455,0.0219232975735528,5.579896174210875,0.4883068577015694
2023-11-12,44.532,-0.6664144532195753,5.591008945167128,-1.8510433,0.0454444606621306,5.545564484504998,0.4720312533200244
2023-11-13,47.916,2.7086894153009244,5.577985599641279,-1.8634522,0.068872198045114,5.5091134015961645,0.4556746013232655
2023-11-14,57.463,12.246793401643847,5.562726485805652,-1.9717232,0.09220569180444,5.470520794001212,0.439246365359431
2023-11-15,50.992,5.7668982985836,5.545210038052721,-1.9843671,0.1154441020760453,5.429765935976676,0.4227559613196557
2023-11-16,50.859,5.625004898894601,5.525416113137489,-2.0355,0.1385865575472589,5.3868295555902295,0.4062127493357258
2023-11-17,45.534,0.291113995351274,5.503326027433866,-2.0221548,0.1616321460368748,5.341693881396991,0.3896260258680255
2023-11-18,48.632000000000005,3.380318095006034,5.478922592830144,-2.3885558,0.1845799051725914,5.294342687657553,0.3730050158919701
2023-11-19,49.505,4.244523742811707,5.452190151216567,-2.5427616,0.2074288131804569,5.24476133803611,0.3563588651910205
2023-11-20,46.826,1.556731745501636,5.423114607519571,-2.5096562,0.2301777798008255,5.192936827718745,0.339696632764249
2023-11-21,44.246,-1.0320570901908348,5.391683461239028,-2.4951468,0.2528256373452733,5.138857823893755,0.3230272833563177
2023-11-22,43.55500000000001,-1.7317117916452751,5.357885836446195,-2.4706473,0.2753711319087901,5.082514704537405,0.3063596801175755
2023-11-23,48.316,3.0211526061888208,5.321712510202109,-2.444209,0.2978129147513545,5.023899595450755,0.289702577401865
2023-11-24,47.036,1.7329696629753937,5.283155939357731,-2.4035964,0.3201495338629779,4.963006405494753,0.2730646137094584
2023-11-25,51.104,5.792717210807658,5.2422102856990165,-2.3632262,0.3423794257260108,4.899830859973005,0.256454304782385
2023-11-26,51.86000000000001,6.540490389807239,5.198871439402,-2.3238647,0.3645009072883222,4.834370532113677,0.239880036859268
2023-11-27,51.363,6.035061060027902,5.153137040764796,-2.287841,0.3865121681608632,4.766624872603932,0.2233500600965788
2023-11-28,53.273,7.93595660434941,5.1050065001854845,-2.2549415,0.4084112630527403,4.696595237132744,0.2068724821630665
2023-11-29,54.008,8.661906287698562,5.0544810163566565,-2.2557337,0.4301961044568123,4.624284911899844,0.1904552620139099
2023-11-30,53.571,8.215227305783301,5.001563592649614,-2.2886534,0.4518644555984882,4.5496991370511255,0.1741062038509412
2023-12-01,53.728,8.36232897453121,4.946259051663166,-2.364238,0.4734139236601469,4.472845128003019,0.1578329512751137
2023-12-02,63.178,17.802200912333173,4.88857404791402,-2.5506337,0.4948419532933457,4.393732094620674,0.1416429816371215
2023-12-03,52.359,6.972780323963233,4.828517078647946,-2.898428,0.5161458204305791,4.312371258217366,0.1255436005919176
2023-12-04,54.109,8.712278716862514,4.766098492753046,-2.9150364,0.5373226264081564,4.22877586634489,0.1095419368626113
2023-12-05,47.6,2.192576718846019,4.701330497758525,-2.9486957,0.5583692924112892,4.142961205347236,0.0936449372190088
2023-12-06,49.097,3.678875364422808,4.634227164904701,-3.198412,0.5792825542522325,4.054944610652468,0.0778593616758251
2023-12-07,54.332,8.90329589960163,4.564804432272007,-3.4266942,0.6000589574918744,3.9647454747801327,0.0621917789153456
2023-12-08,49.913,4.473754669666242,4.493080105959134,-3.4125557,0.6206948529148768,3.872385253044257,0.0466485619390726
2023-12-09,47.491,2.041259847341686,4.419073859302635,-3.4019773,0.6411863923679101,3.777887466934725,0.0312358839526331
2023-12-10,43.147,-2.3131787976508824,4.342807230132445,-3.4257724,0.6615295249703176,3.681277705162128,0.0159597144879612
2023-12-11,44.593,-0.8774349322807828,4.264303616060294,-3.40478,0.681719993705937,3.582583622354357,0.0008258157665236
2023-12-12,50.385,4.904511935124762,4.183588267799884,-3.3830853,0.7017533324044668,3.481834935395417,-0.0141602606929426
2023-12-13,46.384,0.8935888389113824,4.100688280520366,-3.3644729,0.7216248631202915,3.3790634174000744,-0.0289931772189552
2023-12-14,50.433,4.932796149606005,4.0156325832365605,-3.341031,0.7413296939161749,3.274302889320386,-0.0436678128811402
2023-12-15,42.968,-2.54186576226444,3.928451926241839,-3.3050604,0.7608627170588215,3.1675892091830176,-0.0581792661307568
2023-12-16,47.151,1.6316446198613177,3.8391788665917934,-3.2636807,0.7802186076327575,3.058960258959036,-0.0725228571855262
2023-12-17,47.319,1.7902876385746715,3.747847751649017,-3.2959285,0.7993918225784973,2.9484559290705192,-0.0866941301566607
2023-12-18,50.374,4.835992316285302,3.654494700701636,-3.5900164,0.8183766001604789,2.8361181005411567,-0.1006888549163053
2023-12-19,53.799,8.251805619354219,3.5591575846703405,-4.176269,0.8371669598697075,2.721990624800633,-0.1145030287038867
2023-12-20,52.686,7.129563149389718,3.461876003921057,-4.4367604,0.8557567027654891,2.606119301155568,-0.1281328774701349
2023-12-21,47.601,2.0351418458726807,3.362691264202363,-4.4048977,0.8741394122601769,2.4885518519421863,-0.14157485695788
2023-12-22,45.049,-0.5267054224836505,3.2616463507291216,-4.399569,0.8923084553502175,2.369337895378904,-0.1548256535189681
2023-12-23,44.535,-1.0504750554470004,3.1587859004358454,-4.383775,0.9102569842962874,2.248528916139558,-0.1678821846670032
2023-12-24,48.609,3.0139255591717578,3.0541561724254223,-4.375709,0.92797793875473,2.126178233670692,-0.1807415993658438
2023-12-25,45.321,-0.2836890297863355,2.9478050166409635,-4.3770704,0.9454640483619304,2.002340968279033,-0.1934012780541451
2023-12-26,47.769,2.154872120881093,2.839781840790657,-4.3754425,0.962707835772708,1.8770740050179493,-0.2058588324064988
2023-12-27,47.831,2.207568018913773,2.730137575557262,-4.6147,0.979701620153208,1.7504359554040538,-0.2181121048320262
2023-12-28,47.723,2.09043884602131,2.6189246381263644,-4.665716,0.9964375211281984,1.622487116998166,-0.230159167711584
2023-12-29,43.039,-2.6025152501154563,2.506196894068889,-4.896099,1.0129074631820962,1.4932894308867926,-0.2419983223750305
2023-12-30,49.265,3.614747024218652,2.3920096176157486,-5.071333,1.029103180512461,1.3629064371032875,-0.2536280978202925
2023-12-31,46.458,0.7988792589013887,2.2764194503641173,-5.022503,1.0450162223340729,1.2314032280300444,-0.265047249176269
