date,gps_raw_up_mm,gps_detrended_mm,gps_seasonal_mm,hydl_original_up_mm,hydl_seasonal_mm,gps_minus_hydl_mm,poroelastic_mm
2021-01-01,696.529,-0.4346592253005168,-0.0031464802087587,-1.9848993,0.7799513447881303,-0.7830978249968891,0.1296727336158019
2021-01-02,693.1129999999999,-3.85808636947759,-0.0937037380565417,-2.0991626,0.8444549333744739,-0.9381586714310156,0.1204119217250903
2021-01-03,692.284,-4.69431025624406,-0.1838123341361417,-2.2729313,0.9086547440726586,-1.0924670782088002,0.1110850465715578
2021-01-04,696.4129999999999,-0.5723298732645876,-0.2734441680955968,-2.706725,0.972523409599767,-1.2459675776953638,0.1016954189531128
2021-01-05,695.514,-1.4781676075449548,-0.3625717410112385,-2.6999638,1.0360337496045755,-1.3986054906158143,0.0922463939345088
2021-01-06,694.6170000000001,-2.3824119015314347,-0.451168168383561,-2.8797042,1.0991587866845036,-1.5503269550680647,0.0827413692811882
2021-01-07,694.8870000000001,-2.11946616444719,-0.5392071923876761,-2.8504555,1.161871762194019,-1.7010789545816951,0.0731837838576538
2021-01-08,692.646,-4.367329478083191,-0.6266631933661357,-3.0136728,1.2241461518314676,-1.8508093451976035,0.0635771159915192
2021-01-09,694.3589999999999,-2.6610009242297785,-0.7135112005531403,-2.9515762,1.2859556809916215,-1.999466881544762,0.0539248818043955
2021-01-10,693.194,-3.83247958467791,-0.7997269020199024,-2.9757946,1.3472743398715326,-2.147001241891435,0.0442306335108179
2021-01-11,693.754,-3.2787645412181288,-0.8852866538320703,-2.9422286,1.40807639831758,-2.29336305214965,0.0344979576864475
2021-01-12,690.499,-6.539854875641468,-0.9701674884109028,-3.16447,1.4683364204019265,-2.4385039088128293,0.024730473506787
2021-01-13,692.067,-4.977749669738391,-1.0543471220910308,-3.3912404,1.5280292787169645,-2.582376400807995,0.0149318309577072
2021-01-14,687.964,-9.086448005299662,-1.1378039618685851,-3.308248,1.5871301683766128,-2.724934130245198,0.0051057090190823
2021-01-15,691.484,-5.571948964116244,-1.22051711133438,-3.2603362,1.6456146207137663,-2.8661317320481463,-0.0047441861771324
2021-01-16,694.928,-2.1332516279785967,-1.302466375788074,-3.1833553,1.7034585166634983,-3.0059248924515725,-0.0146141232130346
2021-01-17,695.0070000000001,-2.0593550786775454,-1.3836322665300147,-3.114233,1.7606380998220417,-3.1442703663520564,-0.0245003472737336
2021-01-18,695.579,-1.4922876231489497,-1.4639960043286755,-3.0364447,1.8171299891719397,-3.281125993500615,-0.0343990820577603
2021-01-19,691.847,-5.2290715734528925,-1.543539522062531,-2.9805648,1.8729111914641436,-3.4164507135266744,-0.0443065317075002
2021-01-20,693.769,-3.311655758293304,-1.6222454665362973,-2.9115963,1.9279591132483007,-3.5502045797845985,-0.0542188827582309
2021-01-21,693.315,-3.7700392714393054,-1.700097199472475,-2.857883,1.982251572542784,-3.682348772015259,-0.0641323061043194
2021-01-22,695.654,-1.435221206659735,-1.777078797680245,-2.854781,2.0357668101365585,-3.8128456078168034,-0.0740429589811187
2021-01-23,699.39,2.296644301478831,-1.8531750524046124,-2.815783,2.0884835005152933,-3.9416585529199057,-0.0839469869610975
2021-01-24,694.048,-3.049440840157376,-1.9283714678600656,-2.8822203,2.1403807624046705,-4.068752230264736,-0.0938405259627225
2021-01-25,696.979,-0.1223297289828408,-2.002654258953644,-2.9309943,2.191438168924189,-4.194092427877832,-0.1037197042705966
2021-01-26,701.6510000000001,4.545758143197671,-2.0760103482036887,-2.9635704,2.2416357573452483,-4.317646105548937,-0.113580644565363
2021-01-27,701.095,3.985850882803693,-2.1484273618613665,-3.5562928,2.290954038447778,-4.439381400309145,-0.1234194659618581
2021-01-28,691.936,-5.177127569553362,-2.2198936252431363,-3.8307307,2.339374005470062,-4.559267630713198,-0.1332322860540165
2021-01-29,697.961,0.8440847231241833,-2.29039815728337,-3.8581119,2.3868771426469677,-4.677275299930337,-0.1430152229649971
2021-01-30,695.994,-1.127113203916295,-2.3599306643172144,-3.8746488,2.433445433332083,-4.793376097649297,-0.1527643974010253
2021-01-31,688.573,-8.552118159029362,-2.428481533104954,-4.0897493,2.4790613676999684,-4.9075429008049225,-0.1624759347074245
2021-02-01,693.8100000000001,-3.3189242780339407,-2.496041823109949,-4.280127,2.5237079500249555,-5.019749773134905,-0.1721459669253251
2021-02-02,686.844,-10.288530891702305,-2.5626032580432216,-4.4992633,2.567368705533565,-5.129971963576787,-0.1817706348475254
2021-02-03,695.735,-1.4009373308069026,-2.628158216688765,-4.6264434,2.6100276868279786,-5.238185903516744,-0.1913460900720045
2021-02-04,699.432,2.292853302848449,-2.692699723024519,-4.5416126,2.651669479878554,-5.3443692029030725,-0.2008684970515639
2021-02-05,693.0079999999999,-4.13491119039315,-2.756221435654866,-4.469392,2.692279209583747,-5.448500645238613,-0.2103340351381045
2021-02-06,692.539,-4.607492284599617,-2.818717636571458,-4.386101,2.731842544896363,-5.550560181467821,-0.2197389006200457
2021-02-07,693.231,-3.918889423276231,-2.8801832192599868,-4.3018885,2.7703457035154693,-5.650528922775456,-0.2290793087513913
2021-02-08,696.136,-1.017102049927581,-2.940613676171333,-4.2058983,2.807775456143773,-5.748389132315106,-0.2383514957709704
2021-02-09,696.458,-0.6987013893483205,-3.000005085576526,-4.1031623,2.8441191303107294,-5.844124215887256,-0.2475517209103969
2021-02-10,689.69,-7.47108351498483,-3.0583540978255312,-4.0095882,2.8793646137621667,-5.9377187115876975,-0.2566762683892806
2021-02-11,692.301,-4.864281847865504,-3.115657921030814,-4.1730237,2.9135003574175182,-6.029158278448332,-0.2657214493962656
2021-02-12,690.588,-6.58129606021306,-3.171914306197368,-4.267813,2.9465153778964006,-6.118429684093769,-0.2746836040544672
2021-02-13,695.82,-1.3531258242503528,-3.2271215318214934,-4.6134086,2.9783992596165207,-6.205520791438014,-0.2835591033699043
2021-02-14,692.757,-4.41981580067187,-3.2812783879815464,-4.6688733,3.0091421564655274,-6.290420544447073,-0.2923443511615389
2021-02-15,694.637,-2.5433218957418227,-3.334384159944366,-4.8552356,3.0387347930496973,-6.373118952994064,-0.3010357859715556
2021-02-16,694.125,-3.0586437883456465,-3.3864386113117035,-4.8107367,3.067168465522846,-6.453607076834549,-0.3096298829545349
2021-02-17,696.448,-0.7387811573684218,-3.437441966731851,-4.723199,3.0944350419993336,-6.531877008731184,-0.3181231557441884
2021-02-18,688.1279999999999,-9.06196523027792,-3.4873948942019157,-4.713549,3.1205269625552865,-6.607921856757201,-0.3265121582963595
2021-02-19,690.063,-7.129962015508573,-3.5362984869869485,-4.854372,3.1454372388227525,-6.681735725809701,-0.3347934867070058
2021-02-20,690.973,-6.222771226866831,-3.584154245182644,-4.999962,3.16915945318175,-6.753313698364393,-0.3429637810039101
2021-02-21,688.132,-9.066239033962743,-3.630964056948698,-4.953419,3.1916877575556817,-6.822651814504379,-0.3510197269108859
2021-02-22,695.0229999999999,-2.177522936350593,-3.6767301794404346,-4.9011755,3.21301687181584,-6.889747051256275,-0.3589580575832862
2021-02-23,695.31,-1.8926226244666344,-3.721455219466793,-4.823136,3.23314208180125,-6.954597301268043,-0.3667755553136305
2021-02-24,692.605,-4.599221694365038,-3.765142113903,-4.7286544,3.252059236960304,-7.017201350863303,-0.374469053206211
2021-02-25,688.711,-8.494644662753972,-3.807794109886673,-4.6658654,3.2697647476211023,-7.077558857507775,-0.3820354368195569
2021-02-26,693.5440000000001,-3.662891171960501,-3.8494147448264986,-4.6283307,3.286255581897731,-7.135670326724229,-0.3894716457756825
2021-02-27,700.877,3.669039135688287,-3.890007826252628,-4.554302,3.30152926223996,-7.191537088492588,-0.3967746753350527
2021-02-28,699.312,2.1026508806788757,-3.929577411538576,-4.480389,3.315583861634304,-7.245161273172879,-0.403941577936252
2021-03-01,695.813,-1.397863015917764,-3.9681277875241134,-4.3868713,3.3284179994645307,-7.296545786988644,-0.4109694646993723
2021-03-02,694.994,-2.2183496711868145,-4.005663450069305,-4.2885365,3.3400308370401643,-7.345694287109469,-0.4178555068921523
2021-03-03,699.429,2.2153414485289358,-4.042189083569494,-4.193509,3.3504220728016154,-7.392611156371109,-0.4245969373579629
2021-03-04,694.29,-2.9249633622405407,-4.077709540461515,-4.104895,3.3595919372110647,-7.43730147767258,-0.431191051904747
2021-03-05,697.767,0.5509107045148705,-4.112229820751078,-4.1517944,3.367541187338238,-7.479771008089315,-0.4376352106540628
2021-03-06,696.138,-1.079253693740693,-4.14575505159169,-4.3721714,3.374271101150688,-7.520026152742378,-0.4439268393494208
2021-03-07,691.039,-6.17936862667022,-4.178290466945002,-4.3077393,3.379783471518224,-7.558073938463226,-0.4500634306231385
2021-03-08,691.225,-5.994304801083711,-4.209841387352739,-4.2735333,3.384080599941478,-7.593921987294217,-0.4560425452209737
2021-03-09,693.562,-3.658062080882088,-4.24041319985002,-4.3246512,3.387165290014732,-7.627578489864753,-0.4618618131838309
2021-03-10,696.96,-0.2606403299656028,-4.270011338049931,-4.3849936,3.3890408406333488,-7.659052178683281,-0.4675189349858869
2021-03-11,689.2669999999999,-7.954260453903269,-4.298641262428738,-4.326796,3.389711038956266,-7.688352301385004,-0.473011682628503
2021-03-12,688.228,-8.993697505529152,-4.326308440841191,-4.2430243,3.3891801531342423,-7.715488593975433,-0.478337900689339
2021-03-13,690.2049999999999,-7.016951382211335,-4.353018329294925,-4.180322,3.387452924814665,-7.74047125410959,-0.483495507326129
2021-03-14,693.019,-4.2028435820078665,-4.37877635301258,-4.333166,3.3845345614337594,-7.76331091444634,-0.4884824952346033
2021-03-15,694.48,-2.741557329753752,-4.403587887810208,-4.440886,3.38043072830734,-7.784018616117548,-0.4932969325600914
2021-03-16,695.4630000000001,-1.7580924956643127,-4.427458241819721,-4.3640885,3.3751475405311417,-7.802605782350863,-0.4979369637623835
2021-03-17,693.4240000000001,-3.796448949954744,-4.450392637583166,-4.2889824,3.368691554702,-7.819084192285166,-0.502400810433454
2021-03-18,694.822,-2.397626562840657,-4.472396194545685,-4.3914084,3.3610697604711324,-7.833465955016818,-0.5066867720676997
2021-03-19,690.932,-6.286625204536943,-4.493473911973991,-4.4496303,3.352289571940852,-7.845763483914843,-0.5107932267843932
2021-03-20,691.038,-6.179444745259281,-4.513630652326189,-4.425479,3.342358818916076,-7.855989471242265,-0.5147186320020675
2021-03-21,692.236,-4.9800850552227685,-4.532871125098596,-4.3395195,3.3312857380220446,-7.86415686312064,-0.5184615250646173
2021-03-22,689.874,-7.340449919704802,-4.551199871174327,-4.3236094,3.319078963699595,-7.870278834873922,-0.5220205238189172
2021-03-23,690.436,-6.776637948138698,-4.568621247697914,-4.2680244,3.305747519089419,-7.874368766787333,-0.525394327143815
2021-03-24,691.5519999999999,-5.658648996115999,-4.5851394134995305,-4.225086,3.291300806816639,-7.876440220316169,-0.5285817154303819
2021-03-25,694.395,-2.813419851724749,-4.600758315091647,-4.2027373,3.275748599687038,-7.876506914778685,-0.5315815510133575
2021-03-26,697.101,-0.1050151802554149,-4.615481673260169,-4.1289244,3.2591010313062188,-7.874582704566388,-0.534392778553748
2021-03-27,693.9530000000001,-3.250523732045644,-4.629312970271546,-4.0442104,3.2413685866328725,-7.870681556904419,-0.5370144253725921
2021-03-28,692.865,-4.335792341131882,-4.642255437716203,-3.9829092,3.2225620924773155,-7.864817530193519,-0.5394456017359346
2021-03-29,694.89,-2.307885676629742,-4.654312045008141,-3.9110808,3.202692707956277,-7.857004752964418,-0.5416855010910921
2021-03-30,694.542,-2.6528035883577363,-4.665485488559432,-3.8154671,3.1817719149148966,-7.847257403474328,-0.5437334002543333
2021-03-31,695.547,-1.6445459261345017,-4.675778181647675,-3.7239978,3.159811508326698,-7.835589689974373,-0.5455886595501254
2021-04-01,697.868,0.6798874602218534,-4.685192244993393,-3.6293342,3.1368235866821954,-7.822015831675589,-0.5472507229021504
2021-04-02,695.746,-1.4386348266103166,-4.693729498063457,-3.531224,3.1128205423766526,-7.80655004044011,-0.5487191178763129
2021-04-03,692.75,-4.430984663606531,-4.701391451115766,-3.4497116,3.087815052107327,-7.789206503223093,-0.5499934556760082
2021-04-04,691.0699999999999,-6.107161920066035,-4.7081792979992505,-3.3633223,3.06182006729038,-7.76999936528963,-0.5510734310899581
2021-04-05,697.644,0.4708335347127619,-4.714093909722417,-3.284378,3.0348488045073965,-7.748942714229813,-0.5519588223929394
2021-04-06,698.076,0.9063109921518846,-4.719135828802533,-3.2084994,3.0069147359913364,-7.726050564793869,-0.5526494911997848
2021-04-07,695.902,-1.2646639082049749,-4.723305264406542,-3.1664062,2.978031580161457,-7.701336844567999,-0.5531453822730545
2021-04-08,696.012,-1.1514924357767242,-4.72660208829373,-3.1277404,2.948213292216559,-7.674815380510289,-0.5534465232848127
2021-04-09,690.284,-6.8761746531554,-4.729025831569066,-3.0789495,2.917474054795641,-7.646499886364706,-0.5535530245329803
2021-04-10,697.1429999999999,-0.0137106229340373,-4.730575682255049,-3.030545,2.8858282687148624,-7.616403950969911,-0.5534650786127621
2021-04-11,697.5010000000001,0.3478440364498061,-4.731250483688877,-2.955087,2.853290543789401,-7.584541027478277,-0.553182960043674
2021-04-12,699.917,2.767503832266817,-4.731048733750417,-2.8862991,2.819875689748531,-7.550924423498948,-0.5527070248527327
2021-04-13,699.587,2.441085327381246,-4.729968584925564,-2.8276415,2.785598707252011,-7.5155672921775745,-0.5520377101143927
2021-04-14,698.879,1.7356183445633908,-4.728007845208258,-2.77841,2.750474779015548,-7.4784826242238065,-0.5511755334478514
2021-04-15,691.646,-5.494840179957228,-4.725163979843395,-2.7177827,2.7145192610528497,-7.439683240896245,-0.5501210924723527
2021-04-16,695.43,-1.7081595948730506,-4.721434113911588,-2.646712,2.677747674041397,-7.399181787952985,-0.5488750642211789
2021-04-17,695.89,-1.2453402082603595,-4.716815035755753,-2.5602558,2.6401756948188955,-7.356990730574648,-0.5474382045150022
2021-04-18,697.534,0.4015649365929805,-4.711303201248037,-2.4769564,2.6018191480168853,-7.313122349264923,-0.5458113472953302
2021-04-19,694.8149999999999,-2.3146256282881854,-4.704894738894871,-2.4011438,2.5626939978378163,-7.267588736732687,-0.5439954039187861
2021-04-20,698.832,1.7053202840247828,-4.6975854557762,-2.3486226,2.522816339981446,-7.220401795757645,-0.5419913624129808
2021-04-21,696.529,-0.5946183685843236,-4.689370844314344,-2.2778196,2.482202393726179,-7.171573238040523,-0.5398002866947774
2021-04-22,703.959,6.837919239555603,-4.680246089866357,-2.2173092,2.440868494170546,-7.121114584036903,-0.5374233157517406
2021-04-23,703.859,6.740429779587864,-4.670206079132754,-2.152798,2.398831084639744,-7.069037163772498,-0.5348616627876126
2021-04-24,698.145,1.0289381975114686,-4.659245409374358,-2.1833608,2.3561067092617285,-7.015352118636086,-0.5321166143326549
2021-04-25,693.548,-3.565597261143867,-4.6473583984277465,-2.3682659,2.3127120057171187,-6.960070404144865,-0.5291895293197223
2021-04-26,698.41,1.29901926858091,-4.634539095508747,-2.358331,2.2686636981666672,-6.903202793675414,-0.5260818381269505
2021-04-27,692.982,-4.126270855155056,-4.620781292792154,-2.2864392,2.2239785903598124,-6.844759883151967,-0.5227950415879585
2021-04-28,697.667,0.5615915470069393,-4.606078537754952,-2.2188678,2.178673558927414,-6.784752096682366,-0.5193307099704706
2021-04-29,698.33,1.227343006530356,-4.590424146268907,-2.1534016,2.1327655468613878,-6.723189693130294,-0.5156904819242936
2021-04-30,690.6569999999999,-6.442828221264313,-4.573811216427556,-2.0928102,2.086271557183668,-6.660082773611224,-0.5118760633995815
2021-05-01,696.48,-0.6168488187341339,-4.556232643091428,-2.0686653,2.0392086468064736,-6.595441289897901,-0.5078892265363455
2021-05-02,692.804,-4.289724535779842,-4.5376811331342255,-2.0066679,1.991593920585534,-6.52927505371976,-0.5037318085261675
2021-05-03,698.964,1.873549333230022,-4.518149221371752,-1.9360998,1.9434445255675643,-6.461593746939316,-0.4994057104470882
2021-05-04,695.32,-1.7671057950610392,-4.497629287154276,-1.864032,1.8947776454329348,-6.392406932587211,-0.4949128960726577
2021-05-05,689.1,-7.983610946330332,-4.476113571601979,-1.7694056,1.845610495134021,-6.321724066736,-0.4902553906561337
2021-05-06,689.765,-7.314966726547249,-4.453594195462286,-1.6881559,1.795960315729515,-6.249554511191802,-0.4854352796908227
2021-05-07,695.506,-1.570173741680704,-4.430063177566757,-1.626954,1.7458443694144774,-6.175907546981235,-0.4804547076475692
2021-05-08,693.816,-3.256232597700042,-4.405512453864389,-1.5707972,1.6952799347456318,-6.100792388610021,-0.4753158766904012
2021-05-09,695.874,-1.1941334048496142,-4.379933897007206,-1.5193642,1.6442843020610458,-6.024218199068251,-0.4700210453713402
2021-05-10,695.191,-1.8730280194307527,-4.353319336463185,-1.4534136,1.5928747690929377,-5.946194105556122,-0.4645725273053946
2021-05-11,693.721,-3.3387721099134517,-4.325660579130722,-1.3828351,1.541068636772123,-5.866729215902845,-0.4589726898267478
2021-05-12,694.206,-2.849366302178903,-4.296949430427866,-1.3067186,1.4888832052221113,-5.785832635649978,-0.4532239526271677
2021-05-13,689.724,-7.326811222108421,-4.2671777158289945,-1.2231684,1.4363357699407029,-5.703513485769697,-0.4473287863776466
2021-05-14,690.369,-6.677107495582998,-4.236337302820671,-1.1506612,1.383443618166469,-5.619780920987139,-0.4412897113342964
2021-05-15,687.9499999999999,-9.091255748484055,-4.204420123247744,-1.0945437,1.330224025427271,-5.534644148675016,-0.4351092959295123
2021-05-16,697.682,0.6457433933077255,-4.17141819602009,-1.0404733,1.276694252267614,-5.448112448287704,-0.4287901553494196
2021-05-17,695.4599999999999,-1.571337677334263,-4.137323650149641,-0.9922671,1.22287154115132,-5.360195191300961,-0.4223349500986146
2021-05-18,694.1279999999999,-2.898278239742319,-4.102128748086925,-0.96992254,1.1687731135357635,-5.270901861622689,-0.4157463845532057
2021-05-19,692.0840000000001,-4.93707895345075,-4.065825909325466,-0.9355783,1.114416167113541,-5.180242076439007,-0.409027205503157
2021-05-20,683.6999999999999,-13.31574047799381,-4.028407734242123,-0.93700296,1.0598178732172172,-5.08822560745934,-0.4021802006849307
2021-05-21,688.914,-8.096263472905388,-3.989867028140765,-0.9321884,1.0049953743825213,-4.994862402523286,-0.3952081973054155
2021-05-22,691.511,-5.493648597719618,-3.950196825466316,-0.89917314,0.9499657820650717,-4.900162607531387,-0.388114060558125
2021-05-23,695.331,-1.6678965119706852,-3.909390414155639,-0.86131924,0.8947461745054599,-4.804136588661098,-0.3809006921326426
2021-05-24,691.9689999999999,-5.023998143634082,-3.867441360091553,-0.83308643,0.839353594737324,-4.706794954828877,-0.3735710287182683
2021-05-25,691.433,-5.553964152630042,-3.82434353162568,-0.8075592,0.7838050487327372,-4.608148580358417,-0.3661280405028373
2021-05-26,687.163,-9.817795197011453,-3.780091124135785,-0.7381664,0.7281175036790898,-4.5082086278148745,-0.3585747296676423
2021-05-27,686.948,-10.026491934831412,-3.734678684582732,-0.70954525,0.6723078863813583,-4.40698657096409,-0.3509141288794017
2021-05-28,688.566,-8.40205502414285,-3.6881011360322153,-0.6658057,0.6163930817835296,-4.304494217815745,-0.343149299780194
2021-05-29,694.8180000000001,-2.1434851229985687,-3.640353802106069,-0.6058496,0.5603899316026819,-4.20074373370875,-0.3352833314762695
2021-05-30,692.0509999999999,-4.903565639765718,-3.59143243132798,-0.5445837,0.5043152330691454,-4.095747664397125,-0.3273193390266354
2021-05-31,696.678,-0.2695085786587654,-3.541333221328139,-0.48208404,0.4481857377658802,-3.98951895909402,-0.3192604619323003
2021-06-01,694.337,-2.603541546804256,-3.490052842871604,-0.41932923,0.3920181505601839,-3.882070993431788,-0.3111098626270508
2021-06-02,690.904,-6.029226573848408,-3.437588463674885,-0.37134656,0.3358291286205913,-3.773417592295476,-0.302870724970608
2021-06-03,699.275,2.349234066070789,-3.3839377719755084,-0.3100866,0.279635280511802,-3.6635730524873114,-0.2945462527450145
2021-06-04,698.353,1.4346124955188362,-3.3290989998192533,-0.25092033,0.2234531653602589,-3.552552165179512,-0.2861396681550726
2021-06-05,696.581,-0.3300565592862741,-3.273070946030092,-0.21264926,0.167299292083023,-3.440370238113115,-0.2776542103336396
2021-06-06,695.5519999999999,-1.3516021580449396,-3.2158529988277818,-0.17858371,0.1111901186723308,-3.3270431175001125,-0.2690931338525831
2021-06-07,695.886,-1.0100995700244964,-3.157445158058598,-0.14835419,0.0551420515283731,-3.212587209586971,-0.260459707240162
2021-06-08,692.902,-3.98667463112829,-3.0978480570047133,-0.1021092,-0.000828555167437,-3.097019501837276,-0.2517572115056012
2021-06-09,692.235,-4.645918554240603,-3.0370629837381613,-0.06755366,-0.0567054000463753,-2.9803575836917857,-0.2429889386715934
2021-06-10,695.135,-1.738039596376372,-2.975091901985759,-0.054354813,-0.1124722351211839,-2.862619666864575,-0.2341581903154602
2021-06-11,692.386,-4.479038453088175,-2.9119374714715804,-0.082829885,-0.1681128663374715,-2.743824605134109,-0.2252682761196736
2021-06-12,693.842,-3.014915819928529,-2.8476030677042203,-0.13422112,-0.2236111541155105,-2.6239919135887098,-0.2163225124324236
2021-06-13,694.216,-2.632672392449696,-2.782092801176497,-0.1125142,-0.2789510138900967,-2.5031417872864004,-0.2073242208389074
2021-06-14,692.596,-4.244234130509309,-2.715411535945765,-0.099732935,-0.3341164166562159,-2.381295119289549,-0.1982767267439821
2021-06-15,688.721,-8.110678529876594,-2.6475649075636225,-0.039148133,-0.3890913895282177,-2.2584735180354047,-0.1891833579668177
2021-06-16,692.2479999999999,-4.574996396635899,-2.5785593403244564,0.034946658,-0.4438600163200205,-2.134699324004436,-0.180047443348159
2021-06-17,696.121,-0.6931985659336215,-2.50840206380286,0.11262744,-0.4984064381540231,-2.0099956256488367,-0.1708723113707901
2021-06-18,697.625,0.8197044014620003,-2.437101128650735,0.18381573,-0.5527148541060862,-1.884386274544649,-0.1616612887937714
2021-06-19,692.612,-4.1844386764180825,-2.364665421625596,0.24208353,-0.6067695218940362,-1.7578958997315597,-0.1524176993010071
2021-06-20,697.4879999999999,0.700531896399399,-2.291104679822359,0.29237285,-0.6605547586169487,-1.6305499212054104,-0.1431448621646717
2021-06-21,695.318,-1.4605909781005613,-2.216429504081868,0.34145597,-0.7140549415523549,-1.502374562529513,-0.1338460909240111
2021-06-22,698.962,2.192605791679909,-2.140651371550017,0.38967028,-0.7672545090184208,-1.3733968625315969,-0.1245246920800155
2021-06-23,697.64,0.8797841560146171,-2.063782647362499,0.44461957,-0.820137961307965,-1.2436446860545338,-0.1151839638064294
2021-06-24,696.1650000000001,-0.5861451633648231,-1.9858365954309785,0.4855149,-0.8726898617010425,-1.113146733729936,-0.1058271946775639
2021-06-25,697.903,1.161240911944193,-1.9068273883074465,0.5258882,-0.924894837562658,-0.981932550744788,-0.0964576624133386
2021-06-26,696.7560000000001,0.0235178154248467,-1.8267701161047127,0.5663597,-0.976737581531974,-0.8500325345727386,-0.0870786326419695
2021-06-27,698.5559999999999,1.8328938034245563,-1.745680794451722,0.612782,-1.028202852809183,-0.717477941642539,-0.0776933576807033
2021-06-28,700.4390000000001,3.725166164037973,-1.6635763714637402,0.6638838,-1.0792754785460477,-0.5843008929176925,-0.0683050753349644
2021-06-29,696.928,0.2235416680267405,-1.580474733708388,0.71139956,-1.1299403553458232,-0.4505343783625648,-0.0589170077162829
2021-06-30,695.62,-1.075416043915732,-1.4963947111496594,0.7568269,-1.1801824508781242,-0.3162122602715351,-0.0495323600793322
2021-07-01,701.787,5.100710224835725,-1.4113560810532275,0.7952571,-1.2299868056140093,-0.1813692754392182,-0.0401543196783992
2021-07-02,697.308,0.6308895632554199,-1.3253795708375222,0.8322161,-1.2793385346863388,-0.0460410361511833,-0.0307860546435849
2021-07-03,700.087,3.4190063765225824,-1.2384868598562977,0.87227297,-1.3282228298801495,0.089735970023852,-0.0214307128770206
2021-07-04,701.5160000000001,4.857033288745043,-1.150700580099526,0.91511685,-1.3766249617575992,0.2259243816580731,-0.012091420969355
2021-07-05,699.312,2.6619030005564968,-1.062044315800899,0.949521,-1.4245302819216978,0.3624859661207988,-0.0027712831367657
2021-07-06,700.111,3.469598045407607,-0.9725426019412295,0.9677221,-1.471924225422768,0.4993816234815383,0.0065266198212882
2021-07-07,701.842,5.208954829210007,-0.882220921638667,0.994303,-1.5187923133112764,0.6365713916726093,0.0157992315433505
2021-07-08,701.036,4.411184676863785,-0.791105702417577,1.039454,-1.5651201553404033,0.7740144529228262,0.0250435211061113
2021-07-09,701.504,4.8872182333616,-0.6992243113495789,1.0926647,-1.6108934528213683,0.9116691414717896,0.0342564840032257
2021-07-10,700.963,4.353792357324766,-0.6066050490614171,1.1278654,-1.65609800163423,1.049492952572813,0.0434351431026517
2021-07-11,704.569,7.9671878728800305,-0.5132771426056749,1.16073,-1.7007196953965478,1.187442552790873,0.0525765495823695
2021-07-12,701.963,5.368138339418604,-0.4192707371918004,1.2034823,-1.7447445287919747,1.3254737916001744,0.0616777838443503
2021-07-13,699.1610000000001,2.572756835519071,-0.3246168867762399,1.2594597,-1.7881586010604784,1.4635417142842384,0.0707359564066726
2021-07-14,705.5120000000001,8.930252285569322,-0.2293475435118153,1.3044564,-1.8309481196515864,1.6016005761397711,0.0797482087736859
2021-07-15,702.062,5.486552294870076,-0.133495546057947,1.338833,-1.873099404041676,1.7396038579837292,0.088711714284145
2021-07-16,698.6750000000001,2.1058755180233204,-0.0370946067546631,1.3666481,-1.914598889715996,1.8775042829613324,0.0976236789372503
2021-07-17,696.984,0.4210781623056645,0.0598207023352407,1.3903884,-1.9554331323157004,2.015253834650941,0.1064813421965438
2021-07-18,696.546,-0.0107506795663905,0.1572149645101799,1.4334421,-1.9955888119499323,2.152803776460112,0.1152819777716279
2021-07-19,698.835,2.2844381725677625,0.2550519346326459,1.4629273,-2.035052737672461,2.290104672305107,0.1240228943776733
2021-07-20,697.2420000000001,0.6974140575635763,0.3532945564425811,1.4819807,-2.0738118521221915,2.4271064085647724,0.1327014364727231
2021-07-21,697.126,0.5876277814762405,0.4519049809711542,1.5063984,-2.1118532363263607,2.563758217297515,0.1413149849727802
2021-07-22,697.096,0.5639751621031861,0.5508445860437241,1.5264417,-2.1491641146649494,2.7000087007086737,0.149860957944705
2021-07-23,694.487,-2.038436077440905,0.6500739968592536,1.5498478,-2.185731859994415,2.8358058568536686,0.1583368112769431
2021-07-24,699.935,3.41659311988439,0.7495531076321051,1.5752766,-2.2215439989285564,2.971097106560661,0.1667400393281269
2021-07-25,701.628,5.116649614626208,0.849241104280809,1.6085633,-2.2565882172738654,3.1058293215546744,0.1750681755535972
2021-07-26,709.876,13.371360843232884,0.9490964881469904,1.6325392,-2.290852365616408,3.2399488537633983,0.183318793109907
2021-07-27,703.594,7.096086650472807,1.049077100726359,1.6634066,-2.324324465056921,3.37340156578328,0.1914895054373809
2021-07-28,690.842,-5.64940050121046,1.1491401493923277,1.6958383,-2.356992713090407,3.506132862482735,0.1995779668208037
2021-07-29,697.432,0.947366315349922,1.2492422340915756,1.7309957,-2.3888454896261866,3.638087723717762,0.207581872928336
2021-07-30,700.639,4.161449986277256,1.3493393749894365,1.7625945,-2.4198713631439777,3.769210738133414,0.2154989613287489
2021-07-31,703.096,6.62550242733741,1.4493870410419678,1.7804117,-2.450059096981261,3.899446138023229,0.2233270119870925
2021-08-01,697.02,0.5562437794664694,1.549340179470083,1.8062251,-2.479397655746801,4.028737835216884,0.2310638477389075
2021-08-02,694.433,-2.0238996503113764,1.6491532461100449,1.8223329,-2.507876211854862,4.1570294579649065,0.2387073347431048
2021-08-03,695.293,-1.1567999136697331,1.7487802366134677,1.8459293,-2.535484152174339,4.284264388787807,0.2462553829136485
2021-08-04,699.735,3.292355912888757,1.8481747184686417,1.8707166,-2.56221108478667,4.410385803255312,0.2537059463301737
2021-08-05,698.551,2.115525535620227,1.9472898638139935,1.8907149,-2.588046845846045,4.535336709660039,0.2610570236276867
2021-08-06,692.832,-3.596330109708384,2.046078483013452,1.8974415,-2.612981506535213,4.659059989548664,0.2683066583655015
2021-08-07,699.307,2.886272333371064,2.1444930589621234,1.9003181,-2.6370053801096915,4.781498439071815,0.2754529393755625
2021-08-08,699.1690000000001,2.7554875360817626,2.242485782090025,1.9097102,-2.660109029023101,4.902594811113127,0.2824940010903157
2021-08-09,704.0340000000001,7.627711298656386,2.3400085860303657,1.9216653,-2.682283272125872,5.022291858156237,0.2894280238503046
2021-08-10,701.7710000000001,5.371904556862458,2.4370131839178404,1.9299845,-2.70351919192935,5.140532375847191,0.2962532341916517
2021-08-11,697.23,0.8381047720115529,2.533451105281797,1.9576648,-2.723808141927122,5.25725924720892,0.3029679051136063
2021-08-12,695.341,-1.0432812307170405,2.6292737334977856,1.9963228,-2.7431417539649368,5.372415487462723,0.3095703563263386
2021-08-13,696.856,0.4795835489346878,2.7244323437605606,2.0342832,-2.7615119456505552,5.4859442894111154,0.3160589544791657
2021-08-14,699.017,2.648552656006289,2.818878141540456,2.0684707,-2.778910927794444,5.5977890693349,0.3224321133693929
2021-08-15,697.607,1.246543326803084,2.912562301484566,2.081438,-2.7953312118721025,5.707893513356669,0.3286882941319624
2021-08-16,698.625,2.2725543405409416,3.005436006723121,2.1044939,-2.8107656174984914,5.816201624221613,0.3348260054101052
2021-08-17,712.3230000000001,15.978584476434982,3.0974504885410368,2.1129754,-2.8252072799049333,5.92265776844597,0.3408438035071878
2021-08-18,698.8389999999999,2.502632513700512,3.1885570663738254,2.1224606,-2.838649657408576,6.027206723782402,0.3467402925199555
2021-08-19,699.337,3.0086134236661124,3.278707188086413,2.1198373,-2.851086538864319,6.129793726950732,0.352514124453367
2021-08-20,699.654,3.3336075160459497,3.36785247049304,2.1098855,-2.862512051088996,6.230364521582036,0.3581639993172302
2021-08-21,705.8670000000001,9.55437816634783,3.4559447400756427,2.1150014,-2.872920666247381,6.328865406323024,0.3636886652048332
2021-08-22,701.693,5.388153136170296,3.5429360738579283,2.1251087,-2.8823072091894706,6.425243283047399,0.3690869183537812
2021-08-23,701.487,5.189480894761178,3.6287788403917487,2.1501963,-2.8906668647283524,6.519445705120101,0.3743576031892439
2021-08-24,696.415,0.1247982013656514,3.713425740812104,2.1862247,-2.8979951848478605,6.6114209256599645,0.3794996123498171
2021-08-25,698.757,2.474553983950754,3.796829849916759,2.2347867,-2.904288095829099,6.7011179457458585,0.3845118866962081
2021-08-26,694.337,-1.937691119514492,3.8789446572262314,2.2584352,-2.909541905284861,6.788486562511091,0.3893934153029507
2021-08-27,694.108,-2.1589006356026834,3.9597241079796417,2.2728026,-2.913753309090836,6.873477417070477,0.394143235433359
2021-08-28,702.118,5.859192124911536,4.039122644021837,2.2868145,-2.9169193982024884,6.956042042224325,0.3987604324979273
2021-08-29,700.207,3.956283583882894,4.117095244536984,2.3022273,-2.9190376653464685,7.036132909883452,0.4032441399963847
2021-08-30,700.3549999999999,4.112372524719583,4.193597466583889,2.3212268,-2.9201060115752906,7.11370347815918,0.4075935394436091
2021-08-31,700.9069999999999,4.672457730830264,4.268585485388175,2.3255148,-2.920122752674121,7.188708238062295,0.4118078602796137
2021-09-01,699.0690000000001,2.842537985623017,4.34201613434661,2.3145678,-2.919086625408433,7.261102759755044,0.4158863797638075
2021-09-02,698.985,2.766612072506028,4.413846944698934,2.312031,-2.9169967936013617,7.330843738300295,0.4198284228537437
2021-09-03,699.159,2.948678774887602,4.4840361848226005,2.3346174,-2.9138528540295847,7.397889038852185,0.4236333620685537
2021-09-04,700.992,4.789736876176216,4.55254289910625,2.347728,-2.909654842126636,7.462197741232885,0.427300617337279
2021-09-05,700.688,4.493785159779989,4.619326946357792,2.3578146,-2.904403237482632,7.523730183840424,0.4308296558323038
2021-09-06,697.941,1.7548224091074047,4.6843490377033685,2.3847358,-2.898098969129431,7.582448006832799,0.4342199917880951
2021-09-07,702.803,6.624847407566546,4.747570773933914,2.4133298,-2.890743420600395,7.638314194534309,0.4374711863054492
2021-09-08,700.283,4.112858938565715,4.808954682256253,2.4382567,-2.882338434754036,7.691293117010289,0.4405828471414535
2021-09-09,703.28,7.117620394216687,4.868464252406338,2.4640715,-2.8728863183508992,7.741350570757238,0.443554628485362
2021-09-10,700.539,4.38435955272165,4.926063972082593,2.3924673,-2.862389846373296,7.788453818455888,0.446386230720589
2021-09-11,697.3679999999999,1.221075162630676,4.981719361658036,2.4075403,-2.8508522660775264,7.832571627735563,0.4490774001730188
2021-09-12,698.388,2.2487659724937084,5.035397008130351,2.4325368,-2.8382773007685684,7.87367430889892,0.4516279288458363
2021-09-13,696.671,0.5394307308607225,5.087064598269808,2.450245,-2.824669153287229,7.911733751557037,0.4540376541410731
2021-09-14,706.016,9.892303577578062,5.136690950925668,2.4585004,-2.810032509200151,7.946723460125819,0.4563064585680736
2021-09-15,704.4789999999999,8.362918875105432,5.184246048452402,2.4776208,-2.794372539683129,7.97861858813553,0.4584342694390749
2021-09-16,701.8950000000001,5.7865044016450575,5.229701067217984,2.5005078,-2.777694904088559,8.007395971306543,0.4604210585520997
2021-09-17,703.68,7.579058905746616,5.273028407157209,2.5066953,-2.7600057521880115,8.03303415934522,0.4622668418613649
2021-09-18,702.2420000000001,6.148581135960425,5.314201720334109,2.2245886,-2.741311726081261,8.05551344641537,0.4639716791353954
2021-09-19,696.192,0.1060698408362155,5.353195938478252,2.105452,-2.7216199617633223,8.074815900241575,0.465535673603047
2021-09-20,695.9689999999999,-0.1094762310760817,5.389987299460965,2.1241293,-2.7009380903414315,8.090925389802397,0.4669589715876296
2021-09-21,700.43,4.358941668773809,5.424553372678308,2.146848,-2.6792742388941115,8.10382761157242,0.4682417621293342
2021-09-22,700.5630000000001,4.499322288935798,5.456873083308858,2.18068,-2.656637030964913,8.113510114273772,0.4693842765961531
2021-09-23,699.093,3.036664377959303,5.486926735415544,2.218667,-2.6330355866836634,8.119962322099207,0.4703867882834981
2021-09-24,699.592,3.5429666843949734,5.514696033861662,2.2455723,-2.6084795225084827,8.123175556370144,0.4712496120027102
2021-09-25,699.739,3.697227956792414,5.540164105012758,2.2855446,-2.582978950582129,8.123143055594888,0.4719731036586548
2021-09-26,702.7379999999999,6.703446943701648,5.563315516197009,2.299143,-2.556544477696662,8.119859993893671,0.472557659816612
2021-09-27,702.525,6.497622393672678,5.584136293898172,2.162082,-2.529187203860814,8.113323497758985,0.4730037172586451
2021-09-28,696.001,-0.0192469447444603,5.60261394065643,2.1038685,-2.500918720464808,8.103532661121237,0.4733117525296664
2021-09-29,700.852,4.839073068296636,5.618737450653748,2.113566,-2.4717511080377856,8.090488558691533,0.4734822814733812
2021-09-30,703.236,7.23035218655217,5.632497323961863,2.092277,-2.44169693359354,8.074194257555403,0.473515858758328
2021-10-01,697.009,1.0105891934301976,5.643885579432283,2.0979736,-2.4107692475604634,8.054654826992746,0.4734130773942072
2021-10-02,702.047,6.055866680226238,5.652895766209163,2.1052341,-2.378981580292317,8.03187734650148,0.473174568238706
2021-10-03,703.97,7.986101899849569,5.659522973847458,2.1409228,-2.346347938156686,8.005870912004143,0.4728009994950335
2021-10-04,700.764,4.787293648119533,5.663763841020036,2.182931,-2.3128827991985244,7.97664664021856,0.4722930762003531
2021-10-05,704.078,8.108440720855029,5.665616562799219,2.2050862,-2.278601108376701,7.94421767117592,0.4716515397053449
2021-10-06,705.7489999999999,9.78645810598838,5.665080896499443,2.211356,-2.243518272371829,7.908599168871273,0.4708771671450946
2021-10-07,700.4359999999999,4.480426129837488,5.662158166069544,2.2241206,-2.207650153964248,7.869808320033792,0.4699707709015244
2021-10-08,698.141,2.192343575810481,5.656851265024523,2.1924026,-2.171013065981461,7.827864331005984,0.4689331980575827
2021-10-09,700.033,4.091209227315867,5.649164657908456,2.1909256,-2.133623764814831,7.782788422723287,0.4677653298434135
2021-10-10,708.172,12.237021867761644,5.639104380281503,2.193756,-2.095499443505858,7.734603823787361,0.4664680810747169
2021-10-11,706.134,10.205780280556358,5.626678037225968,2.182959,-2.056657724402857,7.683335761628825,0.4650423995835316
2021-10-12,710.623,14.701483249108133,5.611894800367592,2.1561747,-2.017116651389342,7.629011451756934,0.4634892656416601
2021-10-13,704.279,8.36389416552873,5.594765403410156,2.0952187,-1.9768946816859665,7.571660085096122,0.4618096913769648
2021-10-14,701.504,5.595240808020377,5.575302136183053,2.0922036,-1.9360106772283772,7.511312813411431,0.4600047201827687
2021-10-15,702.8729999999999,6.970446417463835,5.5535188372030575,2.1094713,-1.8944838956238472,7.448002732826905,0.4580754261205892
2021-10-16,703.668,7.77158319823952,5.529430884753206,2.1294966,-1.8523339806900565,7.381764865443262,0.4560229133164503
2021-10-17,705.338,9.447649887715666,5.503055186483403,2.0191412,-1.809580952579961,7.312636139063364,0.4538483153510014
2021-10-18,700.318,4.4336452232605055,5.474410167538911,1.9453807,-1.7662451974971267,7.240655365036038,0.4515527946437023
2021-10-19,704.5799999999999,8.701567942242411,5.443515757224677,1.9771894,-1.7223474570065287,7.165863214231206,0.4491375418313007
2021-10-20,707.357,11.484416782029616,5.410393374214902,1.7383285,-1.6779088169462313,7.088302191161133,0.4466037751408719
2021-10-21,700.745,4.878190479990516,5.375065910319036,1.5604395,-1.6329506959459306,7.008016606264966,0.4439527397576635
2021-10-22,699.448,3.5868877734932347,5.337557712816994,0.86356294,-1.5874948335588883,6.925052546375882,0.4411857071880043
2021-10-23,698.85,2.994507399906068,5.29789456537793,0.708077,-1.5415632780141817,6.839457843392111,0.4383039746175365
2021-10-24,712.018,16.168048096597417,5.2561036675786,-0.46686402,-1.495178373596861,6.751282041175461,0.4353088642650417
2021-10-25,702.062,6.217508600935352,5.212213613038841,-0.9046715,-1.4483627476639431,6.660576360702784,0.4322017227321227
2021-10-26,701.544,5.704887650288394,5.1662543661934,-1.0535336,-1.4011392973047898,6.567393663498191,0.4289839203490137
2021-10-27,700.4,4.566183982024636,5.11825723772079,-1.1542711,-1.3535311756548587,6.471788413375649,0.4256568505167969
2021-10-28,697.984,2.155396333512625,5.068254858651413,-1.1502109,-1.3055617778722794,6.373816636523692,0.4222219290463004
2021-10-29,698.8720000000001,3.048523442120331,5.016281153178753,-1.1450443,-1.257254726787233,6.273535879965985,0.4186805934939655
2021-10-30,701.042,5.223564045216206,4.962371310198906,-1.1750838,-1.2086338582345588,6.171005168433465,0.4150343024949656
2021-10-31,701.613,5.799516880168457,4.906561753605234,-1.1405066,-1.1597232060804517,6.066284959685686,0.4112845350938633
2021-11-01,705.2890000000001,9.48038068434554,4.848890111366189,-1.374364,-1.1105469869546043,5.959437098320794,0.4074327900731107
2021-11-02,699.696,3.8921541951153698,4.789395183416091,-1.3504602,-1.061129584699578,5.850524768115669,0.4034805852796747
2021-11-03,704.6510000000001,8.851836149846699,4.7281169083897225,-1.314959,-1.0114955345495953,5.739612442939318,0.3994294569500998
2021-11-04,700.673,4.87842528590735,4.665096329233125,-1.6803302,-0.9616695070514024,5.626765836284528,0.3952809590343041
2021-11-05,694.645,-1.1450796593340034,4.600375557724242,-1.7515715,-0.9116762917402382,5.512051849464481,0.3910366625184207
2021-11-06,700.761,4.975632607093665,4.533997737938404,-1.8150249,-0.8615407805843521,5.3955385185227565,0.3866981547469879
2021-11-07,696.7149999999999,0.9342437705089548,4.466007008694781,-1.7645932,-0.8112879512119195,5.277294959906701,0.3822670387448096
2021-11-08,700.655,4.878988006837544,4.396448465021281,-1.7039102,-0.7609428499345037,5.157391314955785,0.3777449325387927
2021-11-09,699.637,3.865635105913684,4.325368118676386,-2.1450303,-0.7105305745816859,5.035898693258072,0.3731334684800852
2021-11-10,695.647,-0.1198161127751866,4.252812857767769,-2.109588,-0.6600762571617241,4.912889114929493,0.3684342925668359
2021-11-11,695.551,-0.2112830218555137,4.178830405508338,-2.1030054,-0.609605046363498,4.788435451871836,0.3636490637678966
2021-11-12,694.836,-0.9217442787231525,4.103469278151669,-2.1094167,-0.559142089915282,4.662611368066951,0.3587794533477929
2021-11-13,699.1030000000001,3.350004984663994,4.026778742149597,-2.0555186,-0.5087125168162013,4.535491258965799,0.3538271441932965
2021-11-14,696.615,0.8666511653547939,3.9488087705757904,-2.0386677,-0.4583414194565004,4.407150190032291,0.3487938301419154
2021-11-15,696.8149999999999,1.0713312787640437,3.869609998860009,-2.0415566,-0.4080538356430313,4.27766383450304,0.3436812153126516
2021-11-16,694.731,-1.0079068073837707,3.789233679878579,-2.0263212,-0.3578747305466067,4.147108410425186,0.3384910134393403
2021-11-17,698.735,3.0011412733455627,3.7077316384474512,-1.9594814,-0.3078289785881033,4.015560617035555,0.3332249472069187
2021-11-18,696.575,0.8460870312707991,3.625156225265001,-1.9223081,-0.2579413452804411,3.883097570545442,0.3278847475909495
2021-11-19,698.1579999999999,2.4339795218323097,3.5415602703523046,-1.9879594,-0.2082364690436618,3.749796739395967,0.3224721532007405
2021-11-20,690.375,-5.344230951547483,3.456997036039459,-1.9224492,-0.1587388430106859,3.6157358790501446,0.3169889096263917
2021-11-21,695.546,-0.1684588100128135,3.371520169546955,-1.874287,-0.1094727968413052,3.48099296638826,0.3114367687901073
2021-11-22,698.8109999999999,3.1014500955259257,3.285183655211698,-1.8257874,-0.0604624785622011,3.3456461337738994,0.3058174883021113
2021-11-23,695.762,0.0572541981522851,3.19804176640784,-1.7978342,-0.0117318364509128,3.2097736028587525,0.300132830821496
2021-11-24,696.726,1.0260564249966215,3.1101490172128927,-1.7402562,0.0366953990182678,3.073453618194625,0.294384563422342
2021-11-25,695.7959999999999,0.1008679085112342,3.0215601138700667,-1.7286733,0.0847957331483977,2.936764380721669,0.288574456965445
2021-11-26,695.654,-0.0363397346639313,2.9323299060980066,-1.7157875,0.1325459248958112,2.799783981202195,0.2827042854759751
2021-11-27,693.827,-1.858541285769281,2.8425133382994825,-1.6864194,0.1799230046297332,2.6625903336697494,0.2767758255274057
2021-11-28,692.859,-2.8216857654193097,2.7521654007206187,-1.6765631,0.2269042917573422,2.5252611089632766,0.2707908556320362
2021-11-29,695.693,0.0174131815088118,2.661341080612598,-1.6239691,0.2734674121960698,2.3878736684165283,0.264751155638439
2021-11-30,697.542,1.871631540420334,2.5700953134476774,-1.5872058,0.3195903156749984,2.250504997772679,0.2586585061361471
2021-12-01,697.115,1.4497635192635032,2.4784829342414647,-1.5569316,0.3652512928471648,2.1132316413943,0.2525146878679125
2021-12-02,698.0229999999999,2.3628083392054275,2.3865586290333938,-1.5019119,0.4104289921947237,1.97612963683867,0.2463214811498423
2021-12-03,690.442,-5.21323477858604,2.294376886577191,-1.4392056,0.455102436708943,1.839274449868248,0.2400806652997358
2021-12-04,695.371,-0.2791546715979178,2.201991950292993,-1.3883924,0.4992510403271918,1.7027409099658013,0.2337940180739207
2021-12-05,697.508,1.8629130076793732,2.1094577705325737,-1.3351022,0.5428546241090705,1.5666031464235033,0.2274633151129067
2021-12-06,694.798,-0.8421127473478984,2.0168279572088776,-1.3179392,0.5858934321341613,1.4309345250747163,0.2210903293961421
2021-12-07,700.898,5.262946652245116,1.9241557328406844,-1.3428681,0.6283481471038658,1.2958075857368183,0.2146768307061815
2021-12-08,701.4110000000001,5.7808087221122575,1.8314938860629215,-1.3348625,0.670199905630106,1.1612939804328155,0.2082245851025423
2021-12-09,697.3679999999999,1.742573074382439,1.7388947256525955,-1.3764511,0.7114303131938243,1.0274644124587713,0.2017353544055412
2021-12-10,695.594,-0.0267610143957162,1.6464100351199236,-1.3756493,0.752021458756455,0.8943885763634686,0.1952108956903868
2021-12-11,695.718,0.1019175820162727,1.554091027913563,-1.50557,0.7919559290077981,0.7621350989057646,0.1886529607917899
2021-12-12,695.645,0.033656804055119,1.4619883032883731,-1.9901941,0.8312168222339736,0.6307714810543995,0.1820632958193706
2021-12-13,693.0509999999999,-2.555375047796261,1.3701518028832984,-2.5899627,0.8697877617894788,0.5003640410938196,0.1754436406841019
2021-12-14,698.754,3.152575946877705,1.2786307680563775,-2.8403242,0.9076529091575984,0.3709778588987791,0.1687957286360484
2021-12-15,692.3470000000001,-3.2496352147919456,1.1874736980230347,-3.2166095,0.944796976583835,0.2426767214391997,0.162121285813634
2021-12-16,689.0939999999999,-6.497855566393556,1.0967283088429598,-3.4784515,0.981205239267312,0.1155230695756477,0.1554220308046756
2021-12-17,690.7489999999999,-4.838169720630408,1.0064414933000605,-3.420677,1.0168635470955167,-0.0104220537954564,0.1486996742193969
2021-12-18,692.755,-2.827520436783144,0.916659281718924,-3.3996387,1.051758335908096,-0.135099054189172,0.1419559182756456
2021-12-19,695.763,0.1851509251181102,0.8274268037603789,-3.3998313,1.0858766382758676,-0.2584498345154886,0.1351924563965096
2021-12-20,696.207,0.6338557337956576,0.7387882512375609,-3.3795328,1.1192060937815749,-0.3804178425440138,0.1284109728205275
2021-12-21,693.38,-2.188758116862436,0.6507868419928337,-3.4217665,1.1517349587894552,-0.5009481167966215,0.1216131422246831
2021-12-22,692.184,-3.3803402127901165,0.5634647848749015,-3.556078,1.1834521156910247,-0.6199873308161232,0.1148006293603442
2021-12-23,699.371,3.811089182338857,0.4768632458540425,-4.093017,1.214347081615049,-0.7374838357610065,0.1079750887023212
2021-12-24,697.197,1.6413684323699362,0.3910223153123804,-4.378274,1.244410016590134,-0.8533877012777535,0.1011381641111893
2021-12-25,696.496,0.9443811041555614,0.3059809765446535,-4.6847124,1.2736317311488998,-0.9676507546042464,0.0942914885090098
2021-12-26,695.588,0.0402132540223316,0.2217770755037593,-4.956915,1.3020036933631556,-1.0802266178593962,0.0874366835685861
2021-12-27,697.3829999999999,1.839060476368084,0.1384472918239601,-5.2787457,1.329518035300124,-1.1910707434761638,0.0805753594163661
2021-12-28,698.526,2.985712898942367,0.0560271111531141,-5.2922254,1.3561675588902689,-1.3001404477371548,0.0737091143490892
2021-12-29,695.844,0.3072730997623427,-0.0254492011758718,-5.3932986,1.3819457411978315,-1.407394942373703,0.0668395345642784
2021-12-30,694.577,-0.9561534766248778,-0.1059486251059769,-5.356293,1.4068467390858057,-1.5127953641917824,0.0599681939046431
2021-12-31,697.528,1.998450699689723,-0.1854394094221999,-5.346877,1.4308653932676327,-1.6163048026898326,0.053096653616466
2022-01-01,691.6529999999999,-3.873041743167361,-0.2638910938974618,-5.3117595,1.453997231738523,-1.7178883256359847,0.0462264621220192
2022-01-02,692.9250000000001,-2.59759834912209,-0.3412745299942699,-5.254936,1.4762384725799549,-1.8175130025742248,0.0393591548060511
2022-01-03,691.5210000000001,-3.9982431293641554,-0.4175619000999014,-5.6760297,1.4975860261314304,-1.915147926231332,0.0324962538163628
2022-01-04,689.151,-6.364976669778953,-0.492726735274256,-5.955293,1.5180374965243562,-2.0107642317986123,0.0256392678784884
2022-01-05,688.944,-6.568799556251316,-0.5667439314914196,-6.031813,1.537591182573386,-2.104335114064805,0.0187896921244724
2022-01-06,688.922,-6.587712374666847,-0.6395897643575629,-6.075201,1.556246078021425,-2.195835842378988,0.0119490079357237
2022-01-07,692.429,-3.07771571091081,-0.7112419022894171,-6.250564,1.574001871134908,-2.285243773424325,0.0051186827999143
2022-01-08,693.385,-2.118810150868553,-0.7816794181394456,-6.1450844,1.5908589436469007,-2.3725383617863463,-0.0016998298181193
2022-01-09,691.3209999999999,-4.179996280425332,-0.8508827992554698,-6.0547104,1.606818369046023,-2.457701168301493,-0.0085050905915466
2022-01-10,691.091,-4.407274685466411,-0.9188339559642514,-5.960345,1.621881910210025,-2.5407158661742764,-0.0152956744328503
2022-01-11,686.545,-8.950645951877192,-0.9855162284704287,-5.884838,1.6360520163834675,-2.621568244853896,-0.0220701705813683
2022-01-12,691.851,-3.642110665542983,-1.0509143921637794,-5.802442,1.6493318194996525,-2.700246211663432,-0.0288271826771781
2022-01-13,689.079,-6.411669412349044,-1.115014661329786,-5.7436767,1.661725129847677,-2.776739791177463,-0.0355653288214401
2022-01-14,688.279,-7.209322778180732,-1.1778046912601647,-5.6593685,1.673236431086162,-2.851041122346327,-0.042283241623337
2022-01-15,688.1500000000001,-7.336071348923176,-1.2392735787618026,-5.568871,1.683870874605873,-2.923144453367676,-0.0489795682337686
2022-01-16,690.299,-5.184915710462174,-1.2994118610644725,-5.4836483,1.6936342732442555,-2.993046134308728,-0.0556529703659545
2022-01-17,687.772,-7.709856448682414,-1.3582115131293957,-5.401528,1.7025330943554622,-3.0607446074848577,-0.0623021243031341
2022-01-18,689.16,-6.319894149469655,-1.4156659433625864,-5.315871,1.7105744522402837,-3.12624039560287,-0.068925720893561
2022-01-19,683.414,-12.06402939870908,-1.471769987738737,-5.2358193,1.7177660999410462,-3.189536087679783,-0.0755224655329927
2022-01-20,692.0500000000001,-3.426262782285802,-1.5265199023431335,-5.198984,1.724116420407163,-3.250636322750297,-0.0820910781349103
2022-01-21,686.183,-9.291594886085583,-1.5799133543410306,-5.1237087,1.7296344170378983,-3.309547771378929,-0.0886302930886984
2022-01-22,686.5980000000001,-8.875026295993196,-1.6319494113855275,-5.030776,1.7343297036093954,-3.366279114994923,-0.095138859206048
2022-01-23,689.6640000000001,-5.807557597894376,-1.6826285294769123,-4.9427557,1.738212493593854,-3.420841023070766,-0.1016155396558349
2022-01-24,692.6020000000001,-2.86818443358626,-1.7319525392881907,-4.8669934,1.7412935888793653,-3.473246128167556,-0.1080591118877759
2022-01-25,692.5440000000001,-2.924912198692057,-1.7799246309730896,-4.7806096,1.743584367899561,-3.523508998872651,-0.1144683675451358
2022-01-26,693.3240000000001,-2.143709178561576,-1.8265493374749304,-4.6840773,1.7450967731830136,-3.571646110657944,-0.1208421123668082
2022-01-27,688.443,-7.023561320170324,-1.871832516356047,-4.5852475,1.7458432983328251,-3.617675814688872,-0.1271791660790842
2022-01-28,686.397,-9.068415895834002,-1.9157813301694584,-4.4950547,1.7458369744476463,-3.661618304617105,-0.1334783622774503
2022-01-29,690.3430000000001,-5.121368929572963,-1.9584042253960507,-4.4075394,1.7450913559959431,-3.703495581391994,-0.1397385482987563
2022-01-30,690.834,-4.629000933131637,-1.999710909972091,-4.3482084,1.7436205061559238,-3.743331416128015,-0.1459585850841118
2022-01-31,690.966,-4.495712371338219,-2.0397123294337325,-4.325942,1.7414389816342792,-3.781151311068012,-0.1521373470328929
2022-02-01,689.538,-5.922512709227368,-2.078420641706529,-4.2634573,1.7385618169773795,-3.816982458683909,-0.158273721848232
2022-02-02,689.408,-6.051402442286736,-2.1158491905696875,-4.227102,1.7350045083892465,-3.850853698958934,-0.164366610374389
2022-02-03,690.406,-5.0523820660041086,-2.152012477826293,-4.199382,1.730782997071213,-3.882795474897506,-0.1704149264264138
2022-02-04,686.925,-8.532452075866718,-2.186926134212232,-4.167238,1.7259136520986675,-3.912839786310899,-0.1764175966125059
2022-02-05,690.561,-4.895577746070237,-2.220606889077908,-4.1047716,1.720413252850978,-3.9410201419288855,-0.1823735601495146
2022-02-06,690.7410000000001,-4.714793836293946,-2.253072538878491,-4.025579,1.7142989710111325,-3.967371509889624,-0.1882817686719935
2022-02-07,689.667,-5.788100836809987,-2.284341914509543,-3.9613833,1.7075883521521582,-3.9919302666617016,-0.1941411860352799
2022-02-08,685.335,-10.119499237889716,-2.314434847526458,-3.9002817,1.7002992969280115,-4.0147341444544695,-0.1999507881130296
2022-02-09,684.748,-10.705989529805228,-2.343372135287282,-3.8486028,1.6924500418869783,-4.035822177174261,-0.2057095625896901
2022-02-10,688.826,-6.626838354837384,-2.371175505059841,-3.7941916,1.6840591399262073,-4.055234644986049,-0.2114165087483669
2022-02-11,691.014,-4.437760109727416,-2.397867577135224,-3.7306328,1.6751454404063966,-4.07301301754162,-0.2170706372545743
2022-02-12,688.789,-6.661755176073767,-2.423471826990921,-3.6554942,1.6657280689461809,-4.089199895937101,-0.2226709699363431
2022-02-13,688.23,-7.219736221999375,-2.4480125465480045,-3.580268,1.655826406916067,-4.103838953464072,-0.2282165395611856
2022-02-14,685.919,-9.52979376560286,-2.4715148045677475,-3.547285,1.64546007065227,-4.116974875220017,-0.2337063896104106
2022-02-15,693.218,-2.229928175133028,-2.4940044062341533,-3.519472,1.634648890411172,-4.128653296645325,-0.239139574051291
2022-02-16,694.1850000000001,-1.2621398188382065,-2.515507851969838,-3.4727821,1.6234128890854034,-4.138920741055242,-0.2445151571075891
2022-02-17,690.6060000000001,-4.8404290649673305,-2.53605229553357,-3.435911,1.6117722607030178,-4.147824556236587,-0.2498322130289552
2022-02-18,688.816,-6.62963847265182,-2.555665501448644,-3.3751307,1.5997473487314375,-4.155412850180081,-0.2550898258597053
2022-02-19,688.091,-7.353921930966119,-2.574375801812056,-3.3203993,1.5873586242082,-4.161734426020256,-0.2602870892075013
2022-02-20,696.423,0.9787202152102852,-2.592212052535272,-3.2876666,1.574626663720811,-4.166838716256083,-0.265423106012453
2022-02-21,694.8919999999999,-0.5519579015949869,-2.6092035890678438,-3.3121023,1.5615721272582077,-4.170775716326051,-0.2704969883171553
2022-02-22,691.276,-4.1677129689349774,-2.6253801816560944,-3.3545046,1.548215735956642,-4.173595917612737,-0.2755078570381852
2022-02-23,696.779,1.335454631591836,-2.640771990189293,-3.3307042,1.5345782497629472,-4.17535023995224,-0.2804548417395889
2022-02-24,693.557,-1.8867890831323717,-2.655409518686536,-3.2841554,1.5206804450382976,-4.176089963724833,-0.2853370804088639
2022-02-25,690.279,-5.165119480214186,-2.6693235694778146,-3.2342105,1.5065430921258205,-4.175866661603635,-0.2901537192359689
2022-02-26,688.576,-6.868536990690251,-2.682545197133255,-3.1872077,1.492186932905465,-4.17473213003872,-0.2949039123958732
2022-02-27,683.921,-11.524042045596888,-2.695105662194709,-3.2135499,1.4776326583596644,-4.172738320554373,-0.2995868218351675
2022-02-28,690.0509999999999,-5.394310201589694,-2.7070363847643377,-3.2403662,1.4629008861734192,-4.169937270937757,-0.3042016170632411
2022-03-01,690.59,-4.855500126860253,-2.71836889800472,-3.2334397,1.4480121383924696,-4.16638103639719,-0.3087474749485408
2022-03-02,691.168,-4.277765725162253,-2.7291348016055474,-3.2076213,1.432986819163265,-4.162121620768812,-0.3132235795204138
2022-03-03,695.2810000000001,-0.1651073560527436,-2.7393657152716324,-3.2514253,1.41784519257841,-4.157210907850042,-0.317629121777035
2022-03-04,691.3240000000001,-4.122424086488082,-2.749093232287294,-3.2398648,1.402607360651298,-4.151700592938592,-0.3219632994999126
2022-03-05,688.2239999999999,-7.222814816111001,-2.7583488732119243,-3.2296517,1.3872932414435346,-4.145642114655459,-0.3262253170754564
2022-03-06,689.3359999999999,-6.11121507018077,-2.7671640397615715,-3.1748056,1.3719225473687406,-4.139086587130312,-0.3304143853240966
2022-03-07,689.2049999999999,-6.2425894973164855,-2.77556996893102,-3.1131291,1.3565147636961528,-4.132084732627172,-0.3345297213374156
2022-03-08,692.154,-3.2940345027904128,-2.783597687410787,-3.0543778,1.3410891272773755,-4.124686814688163,-0.3385705483237661
2022-03-09,693.665,-1.7835504069373096,-2.79127796635305,-3.0158036,1.3256646055194623,-4.116942571872512,-0.3425360954628257
2022-03-10,693.075,-2.374137530091125,-2.7986412765401463,-2.9628305,1.3102598756273192,-4.108901152167466,-0.3464255977695329
2022-03-11,689.238,-6.211612837967272,-2.8057177440088794,-2.9044597,1.294893304138212,-4.100611048147091,-0.3502382959678442
2022-03-12,690.6060000000001,-4.844155023056707,-2.8125371061834223,-2.865741,1.279582926770982,-4.092120032954404,-0.3539734363747289
2022-03-13,698.3629999999999,2.912235621458078,-2.8191286685689265,-2.994875,1.2643464286122237,-4.08347509718115,-0.3576302707948206
2022-03-14,692.326,-3.1257007536447787,-2.825521262057502,-2.9458654,1.249201124661537,-4.074722386719039,-0.3612080564261237
2022-03-15,688.338,-7.1147077629581945,-2.831743200897382,-3.2257857,1.2341639407574854,-4.065907141654868,-0.3647060557771587
2022-03-16,691.018,-4.435785738413936,-2.837822241375505,-3.1667924,1.2192513949057413,-4.057073636281247,-0.3681235365959228
2022-03-17,690.882,-4.572935011944748,-2.843785541262855,-3.1319053,1.2044795790304157,-4.048265120293271,-0.3714597718110252
2022-03-18,687.5459999999999,-7.910155915482438,-2.849659620071104,-3.076599,1.1898641411692472,-4.039523761240352,-0.3747140394853444
2022-03-19,690.038,-5.419448780959352,-2.855470320168182,-3.1532996,1.1754202681329309,-4.030890588301113,-0.3778856227825283
2022-03-20,694.1310000000001,-1.3278139403079416,-2.861242768799414,-3.0963275,1.1611626686483951,-4.0224054374478095,-0.3809738099466658
2022-03-21,696.729,1.268748274539651,-2.867001341059888,-3.0638435,1.1471055570054494,-4.014106898065338,-0.3839778942954095
2022-03-22,690.393,-5.068865934139504,-2.8727696238626668,-3.0406644,1.1332626372257038,-4.006032261088371,-0.3868971742268502
2022-03-23,692.444,-3.0195559858509187,-2.878570380946174,-2.9898946,1.1196470877721931,-3.998217468718367,-0.3897309532403869
2022-03-24,696.634,1.168677772131819,-2.884425518963222,-2.902586,1.1062715468176016,-3.990697065780824,-0.392478539971855
2022-03-25,690.431,-5.036427194086531,-2.8903560546925693,-2.8063972,1.0931480980885044,-3.983504152781074,-0.3951392482431299
2022-03-26,693.295,-2.174605354415976,-2.896382083412921,-2.7168584,1.0802882573024,-3.976670340715321,-0.3977123971264183
2022-03-27,698.808,3.3362077235298537,-2.902522748477757,-2.6458063,1.0677029592137834,-3.97022570769154,-0.4001973110234272
2022-03-28,695.1650000000001,-0.3091999443489701,-2.908796212128191,-2.728893,1.0554025452849536,-3.9641987574131448,-0.4025933197595798
2022-03-29,692.4590000000001,-3.017679644768175,-2.915219627579462,-2.6940687,1.0433967519965122,-3.9586163795759743,-0.4048997586934311
2022-03-30,693.0889999999999,-2.3902317773819126,-2.921809112415393,-2.6639247,1.031694699811992,-3.953503812227385,-0.4071159688414096
2022-03-31,687.8330000000001,-7.648856741843514,-2.9285797233235717,-2.6027257,1.0203048828103758,-3.948884606133947,-0.4092412970179971
2022-04-01,696.6210000000001,1.1364450621925943,-2.935545432202443,-2.52913,1.009235158999526,-3.944780591201969,-0.4112750959914354
2022-04-02,692.59,-2.897726535896896,-2.9427191036700138,-2.4669976,0.9984927413229656,-3.94121184499298,-0.4132167246550273
2022-04-03,695.79,0.2990388786006583,-2.9501124740023186,-2.4204128,0.9880841893716844,-3.938196663374003,-0.4150655482140757
2022-04-04,696.249,0.7544938014318312,-2.9577361315278936,-2.630236,0.9780154018119238,-3.9357515333398174,-0.416820938388489
2022-04-05,695.661,0.1625832422852706,-2.965599498503252,-2.6151657,0.9682916095392116,-3.933891108042463,-0.418482273631051
2022-04-06,692.024,-3.4783493018607743,-2.9737108144922693,-2.549939,0.9589173695681478,-3.932628184060417,-0.4200489393613408
2022-04-07,692.849,-2.657229896041562,-2.9820771212708954,-2.472184,0.9498965596666308,-3.931973680937526,-0.4215203282152548
2022-04-08,692.84,-2.6701551517540443,-2.990704249276811,-2.4199734,0.9412323737425912,-3.9319366230194026,-0.4228958403100719
2022-04-09,694.975,-0.5391255955565164,-2.999596805621787,-2.3666732,0.9329273179903296,-3.932524123612117,-0.4241748835249708
2022-04-10,697.6759999999999,2.1578582459921147,-3.008758163682838,-2.3431349,0.9249832078029308,-3.9337413714857687,-0.4253568737968952
2022-04-11,697.272,1.7496118892875063,-3.0181904542863625,-2.6507878,0.9174011654563388,-3.935591619742701,-0.4264412354316287
2022-04-12,695.3620000000001,-0.1646888357129698,-3.0278945584976507,-2.717208,0.9101816185698888,-3.938076177067539,-0.4274274014299278
2022-04-13,695.9060000000001,0.3750515789817212,-3.0378701020262446,-2.8570182,0.9033242993472556,-3.9411944013735,-0.4283148138285397
2022-04-14,693.006,-2.5289459833426635,-3.048115451255926,-3.1483715,0.8968282446010338,-3.94494369585696,-0.4291029240558977
2022-04-15,692.843,-2.695901864753668,-3.058627710905988,-3.1200538,0.8906917965632175,-3.949319507469205,-0.4297911933022745
2022-04-16,693.765,-1.777874410334241,-3.069402723328816,-3.491773,0.8849126044831217,-3.954315327811938,-0.4303790929041522
2022-04-17,686.337,-9.20986411182358,-3.0804350694467098,-3.4259546,0.8794876270133622,-3.959922696460072,-0.4308661047425373
2022-04-18,689.097,-6.453817260948392,-3.091718071329121,-3.496668,0.8744131353837521,-3.966131206712873,-0.4312517216549281
2022-04-19,690.507,-5.047720558250254,-3.103243796409516,-3.6633425,0.8696847173620561,-3.972928513771572,-0.4315354478606361
2022-04-20,689.091,-6.467639198260132,-3.1150030633391665,-3.7886934,0.8652972819997403,-3.980300345338907,-0.4317167993991114
2022-04-21,688.245,-7.317552389225034,-3.126985449473301,-4.0561337,0.8612450651599927,-3.988230514633294,-0.4317953045809274
2022-04-22,689.492,-6.073802872304851,-3.1391792999832044,-4.0393863,0.8575216358244594,-3.996700935807664,-0.431770504451047
2022-04-23,686.151,-9.41805080941728,-3.151571738585788,-3.9831526,0.8541199031742697,-4.005691641760057,-0.4316419532639691
2022-04-24,687.415,-8.157180425525095,-3.1641486798805216,-3.8925328,0.8510321244401143,-4.015180804320636,-0.4314092189703438
2022-04-25,690.432,-5.143168621996406,-3.1768948432815702,-3.810166,0.8482499135152616,-4.025144756796832,-0.4310718837146081
2022-04-26,690.0619999999999,-5.5161487722862335,-3.189793768531119,-3.7276504,0.8457642503246197,-4.035558018855738,-0.430629544343195
2022-04-27,692.717,-2.8640614870676258,-3.2028278327782203,-3.6308284,0.8435654909420424,-4.046393323720262,-0.4300818129228276
2022-04-28,695.515,-0.0689651982134593,-3.215978269205338,-3.5844111,0.8416433784473286,-4.057621647652667,-0.4294283172684072
2022-04-29,694.373,-1.2137715075845683,-3.229225187183368,-3.5059118,0.8399870545134995,-4.069212241696867,-0.4286687014799755
2022-04-30,688.907,-6.682541639610677,-3.242547593933731,-3.532654,0.8385850717141482,-4.081132665647879,-0.427802626488222
2022-05-01,691.083,-4.509297597270414,-3.2559234176746825,-3.4782412,0.8374254065398459,-4.093348824214528,-0.4268297706079739
2022-05-02,687.272,-8.323034388453124,-3.269329532227006,-3.5076993,0.8364954731117962,-4.105825005338803,-0.4257498300991107
2022-05-03,691.225,-4.372757476579404,-3.2827417830527907,-3.4558992,0.8357821375801623,-4.118523920632953,-0.424562519734312
2022-05-04,693.693,-1.9073978003048788,-3.2961350146990163,-3.3700008,0.8352717331936867,-4.131406747892703,-0.4232675733730328
2022-05-05,687.2080000000001,-8.395023149723567,-3.309483099616352,-3.4228861,0.8349500760265227,-4.144433175642874,-0.4218647445410963
2022-05-06,691.404,-4.201633821441481,-3.32275896832164,-3.5326328,0.8348024813473754,-4.157561449669015,-0.420353807015266
2022-05-07,686.31,-9.298230112063624,-3.3359346408712063,-3.6167712,0.8348137806153972,-4.170748421486604,-0.4187345554121509
2022-05-08,689.314,-6.29681231819564,-3.348981259610423,-3.7607577,0.8349683390864785,-4.183949598696902,-0.4170068057807882
2022-05-09,690.253,-5.360380736442774,-3.36186912316354,-3.8321168,0.8352500740129952,-4.197119197176535,-0.4151703961982203
2022-05-10,689.356,-6.259790705999894,-3.374567721626291,-3.8053558,0.8356424734192345,-4.2102101950455255,-0.4132251873673949
2022-05-11,685.601,-10.017183541822966,-3.387045772922346,-3.7258105,0.836128615434178,-4.223174388356524,-0.4111710632166775
2022-05-12,685.727,-9.893559519051488,-3.399271260283369,-3.7072923,0.8366911881626398,-4.235962448446008,-0.4090079315002782
2022-05-13,689.703,-5.919918912824371,-3.411211470810965,-3.6880143,0.8373125100750426,-4.2485239808860085,-0.4067357243988696
2022-05-14,689.107,-6.518261998281051,-3.422833035077723,-3.6486113,0.837974550895671,-4.260807585973394,-0.4043543991196786
2022-05-15,694.179,-1.4485890505604877,-3.4341019677230604,-3.5591114,0.8386589529684436,-4.272760920691504,-0.4018639384953023
2022-05-16,685.1030000000001,-10.526900344801891,-3.444983708998627,-3.4766116,0.8393470530788537,-4.284330762077481,-0.3992643515805225
2022-05-17,688.988,-6.644186154277454,-3.4554431672166843,-3.3689213,0.8400199047100716,-4.295463071926756,-0.3965556742463567
2022-05-18,688.0699999999999,-7.5644564842035775,-3.465444762054,-3.2842078,0.840658300710693,-4.306103062764692,-0.3937379697706007
2022-05-19,691.8140000000001,-3.822711608238161,-3.4749524686624818,-3.2222207,0.8412427963511477,-4.316195265013629,-0.3908113294240957
2022-05-20,692.438,-3.2009518000395163,-3.4839298625370727,-3.1441035,0.8417537327452446,-4.325683595282317,-0.3877758730519613
2022-05-21,691.365,-4.276177333265571,-3.492340165090426,-3.0541246,0.8421712606129407,-4.334511425703367,-0.3846317496490281
2022-05-22,691.909,-3.734388481574293,-3.500146289882774,-2.9559639,0.8424753643598881,-4.342621654242662,-0.381379137928694
2022-05-23,695.8870000000001,0.2414144813761733,-3.507310889455054,-2.8777092,0.8426458864490195,-4.349956775904073,-0.3780182468844426
2022-05-24,693.1220000000001,-2.5263024705369403,-3.513796402712117,-2.8216617,0.8426625520389378,-4.356458954751055,-0.3745493163432446
2022-05-25,692.4390000000001,-3.21199166204837,-3.5195651028025665,-2.7507033,0.8425049938636293,-4.362070096666196,-0.3709726175100818
2022-05-26,690.998,-4.655653448011978,-3.5245791454408644,-2.6659386,0.8421527773275658,-4.36673192276843,-0.3672884535028108
2022-05-27,688.253,-7.403288183281983,-3.5288006176168474,-2.6205144,0.8415854257900376,-4.370386043406885,-0.3634971598766121
2022-05-28,689.977,-5.6818962227123,-3.532191586637468,-2.7117617,0.8407824460123131,-4.372974032649781,-0.3595991051372512
2022-05-29,695.3190000000001,-0.3424779211569895,-3.534714149444791,-2.7315946,0.8397233537408162,-4.374437503185607,-0.3555946912424004
2022-05-30,694.041,-1.6230427931048013,-3.53633048215422,-2.6968226,0.8383876993994883,-4.374718181553708,-0.3514843540902601
2022-05-31,692.88,-2.786581780746604,-3.5370028897564727,-2.6163878,0.8367550938641575,-4.37375798362063,-0.3472685639947291
2022-06-01,692.652,-3.017085238463215,-3.536693855926501,-2.5305114,0.8348052342916297,-4.371499090218131,-0.3429478261463946
2022-06-02,696.669,0.9974367474197888,-3.535366092882541,-2.4424648,0.8325179299760974,-4.367884022858639,-0.3385226810585898
2022-06-03,696.299,0.6244150529958139,-3.532982591238202,-2.3817935,0.8298731282052915,-4.362855719443494,-0.333993704997807
2022-06-04,693.979,-1.69867318002634,-3.529506669790531,-2.431609,0.8268509400887819,-4.356357609879313,-0.3293615103977449
2022-06-05,695.012,-0.6687090144053158,-3.524902025186973,-2.797913,0.8234316663307778,-4.348333691517751,-0.3246267462562869
2022-06-06,687.6210000000001,-8.062702487104799,-3.5191327814141884,-2.7424304,0.819595822919678,-4.338728604333866,-0.3197900985147128
2022-06-07,693.179,-2.5075773890575377,-3.512163539051925,-2.6555674,0.8153241667067597,-4.327487705758684,-0.3148522904184643
2022-06-08,696.9870000000001,1.297798660890992,-3.5039594242351653,-2.5786514,0.8105977208463179,-4.314557145081484,-0.3098140828588005
2022-06-09,695.4090000000001,-0.2838313588367036,-3.4944861372682894,-2.4732394,0.8053978000696781,-4.299883937337968,-0.304676274694676
2022-06-10,691.822,-3.874657207348165,-3.4837100008350044,-2.4035401,0.7997060357656398,-4.283416036600644,-0.2994397030542203
2022-06-11,692.956,-2.744410466088929,-3.471598007748596,-2.3826823,0.7935044008399605,-4.2651024085885565,-0.2941052436151736
2022-06-12,686.246,-9.45809174844076,-3.458117868187032,-2.568054,0.7867752343266773,-4.24489310251371,-0.2886738108636907
2022-06-13,695.791,0.0832983322144542,-3.443238056358376,-2.534336,0.7795012657242999,-4.222739322082676,-0.2831463583309094
2022-06-14,693.318,-2.393653528474988,-3.426927856542385,-2.493787,0.7716656390300014,-4.1985934955723865,-0.2775238788067194
2022-06-15,698.937,3.2214719382434174,-3.40915740845476,-2.4304612,0.7632519364453247,-4.172409344900084,-0.2718074045301751
2022-06-16,695.41,-0.3098302218999702,-3.3898977518813087,-2.3623564,0.7542442017270504,-4.144141953608359,-0.2659980073560181
2022-06-17,695.2009999999999,-0.5234001720877695,-3.369120870530054,-2.3237753,0.7446269631572848,-4.113747833687339,-0.2600967988967992
2022-06-18,695.469,-0.2601443627040112,-3.346799735050052,-2.2769613,0.7343852561070872,-4.081184991157139,-0.2541049306401084
2022-06-19,693.956,-1.7788685433273637,-3.322908345166686,-2.2074602,0.7235046451683369,-4.046412990335023,-0.2480235940404382
2022-06-20,694.68,-1.060453625170109,-3.29742177088402,-2.1226742,0.7119712458289205,-4.009393016712941,-0.2418540205852387
2022-06-21,696.163,0.4168942985493542,-3.2703161927059097,-2.0348053,0.6997717456667211,-3.970087938372631,-0.2355974818347349
2022-06-22,697.6170000000001,1.8650243823452275,-3.2415689408285413,-1.9531037,0.6868934250383603,-3.928462365866902,-0.2292552894351119
2022-06-23,696.215,0.4560193634241933,-3.211158533258204,-1.8674108,0.67332417723905,-3.884482710497254,-0.2228287951046825
2022-06-24,696.382,0.6152961407698481,-3.1790647128092018,-1.7710953,0.6590525281104674,-3.838117240919669,-0.2163193905926958
2022-06-25,697.0600000000001,1.2848150910817069,-3.145268482938176,-1.674636,0.6440676550740297,-3.7893361380122057,-0.2097285076104551
2022-06-26,696.196,0.4122833609588463,-3.109752142372129,-1.5801121,0.6283594055675191,-3.738111547939648,-0.2030576177344469
2022-06-27,689.9920000000001,-5.801726288483415,-3.072499318489024,-1.4736449,0.6119183148635431,-3.684417633352567,-0.1963082322812066
2022-06-28,695.802,-0.0012407663713487,-3.033494999410878,-1.3808738,0.5947356232489465,-3.628230622659824,-0.1894819021536766
2022-06-29,696.241,0.4280164306461973,-2.9927255647709985,-1.3244848,0.5768032925448453,-3.569528857315844,-0.1825802176588373
2022-06-30,694.564,-1.2587486303538773,-2.9501788151181563,-1.2562362,0.5581140219476514,-3.508292837065808,-0.1756048082964168
2022-07-01,698.834,3.001686962098836,-2.9058439999221672,-1.1880366,0.5386612631720679,-3.444505263094235,-0.1685573425185219
2022-07-02,700.31,4.468216852075762,-2.8597118441468043,-1.1316928,0.5184392348777137,-3.378151079024518,-0.1614395274600509
2022-07-03,702.656,6.8045756043364864,-2.8117745733575723,-1.0840889,0.4974429363617897,-3.309217509719362,-0.1542531086397831
2022-07-04,700.153,4.292039697255626,-2.762025937333348,-1.0799376,0.4756681605008248,-3.237694097834173,-0.1469998696320725
2022-07-05,692.4970000000001,-3.373799514051621,-2.710461232152741,-1.0786085,0.4531115059253686,-3.16357273807811,-0.1396816317090924
2022-07-06,693.663,-2.218027169353652,-2.6570773207274763,-1.0321721,0.4297703884122141,-3.08684770913969,-0.1323002534536161
2022-07-07,690.963,-4.928013905834342,-2.601872651756952,-0.9811756,0.405643051479473,-3.0075157032364253,-0.1248576303423489
2022-07-08,696.517,0.616416803032422,-2.5448472770798416,-0.9109099,0.3807285761707147,-2.925575853250556,-0.1173556942998437
2022-07-09,691.847,-4.062781584884873,-2.486002867400211,-0.8347769,0.3550268900150605,-2.841029757415271,-0.1097964132230799
2022-07-10,695.619,-0.2992625293840296,-2.425342726367635,-0.7756768,0.328538775151078,-2.753881501518713,-0.1021817904768059
2022-07-11,693.2040000000001,-2.7229309123058094,-2.3628718029924234,-0.7019361,0.3012658756030386,-2.664137678595462,-0.0945138643597735
2022-07-12,701.056,5.120738933645415,-2.2985967023789837,-0.6247919,0.2732107036990453,-2.5718074060780287,-0.0867947075420279
2022-07-13,694.841,-1.1025360811051543,-2.2325256947621663,-0.5503908,0.2443766456213476,-2.476902340383514,-0.0790264264734429
2022-07-14,703.678,7.726691250536726,-2.164668722833264,-0.485548,0.2147679660800442,-2.3794366889133083,-0.071211160763728
2022-07-15,700.898,4.938939744716157,-2.095037407344265,-0.4333852,0.1843898121022806,-2.2794272194465464,-0.0633510825341503
2022-07-16,695.078,-0.8884066155321726,-2.023645050980908,-0.38710833,0.1532482159299276,-2.1768932669108354,-0.0554483957412593
2022-07-17,693.987,-1.9867665953545133,-1.9505066404967395,-0.32855108,0.1213500970196165,-2.071856737516356,-0.04750533547292
2022-07-18,697.4050000000001,1.4230807402249663,-1.8756388471026333,-0.27248135,0.088703263139961,-1.9643421102425944,-0.0395241672169963
2022-07-19,696.342,0.3522471616389335,-1.799060025107858,-0.21031635,0.0553164105616874,-1.8543764356695451,-0.0315071861030543
2022-07-20,701.5780000000001,5.580878965575162,-1.7207902088108382,-0.13936143,0.0211991233373033,-1.7419893321481417,-0.0234567161174768
2022-07-21,696.6170000000001,0.6128932272986134,-1.6408511076396433,-0.07315315,-0.013638128332084,-1.6272129793075591,-0.0153751092924216
2022-07-22,699.82,3.809266507628768,-1.559266099544116,-0.018853482,-0.049183990644293,-1.510082108899823,-0.0072647448690757
2022-07-23,698.692,2.6749220309501265,-1.4760602226436164,0.03775264,-0.0854262296584801,-1.3906339929851363,0.0008719715643195
2022-07-24,699.3340000000001,3.3108933757889485,-1.3912601651359908,0.0800422,-0.1223517356720492,-1.2689084294639417,0.009032608959157
2022-07-25,696.428,0.39932742336096,-1.3048942534756234,0.10801651,-0.1599465285106991,-1.1449477249649245,0.0172147117173315
2022-07-26,698.021,1.9869885906299576,-1.2169924388300426,0.15267073,-0.1981957637293514,-1.0187966751006912,0.0254158006257294
2022-07-27,698.8389999999999,2.799937251719694,-1.127586281826565,0.20276871,-0.2370837397207201,-0.8905025421058448,0.0336333738137502
2022-07-28,696.903,0.8582340723641124,-1.0367089356023722,0.23664774,-0.2765939057273698,-0.7601150298750023,0.0418649077332465
2022-07-29,694.493,-1.5572318824502478,-0.9443951271731084,0.26237026,-0.3167088707521598,-0.6276862564209484,0.0501078581602499
2022-07-30,695.0600000000001,-0.9954231214735644,-0.8506811371371454,0.29337096,-0.3574104133610583,-0.4932707237760871,0.0583596612178162
2022-07-31,696.1279999999999,0.0675303011059211,-0.755604777734252,0.32413542,-0.3986794923713509,-0.3569252853629011,0.0666177344193081
2022-08-01,691.819,-4.246272416246909,-0.6592053692794257,0.34885076,-0.4404962584173706,-0.218709110862055,0.0748794777314125
2022-08-02,698.653,2.5836665164018955,-0.561523714994157,0.35981736,-0.4828400663849626,-0.0786836486091944,0.0831422746561584
2022-08-03,701.116,5.042861096020374,-0.4626020742594782,0.39873654,-0.5256894887049728,0.0630874144454946,0.0914034933311812
2022-08-04,701.903,5.8265638909694335,-0.3624841343164492,0.43856657,-0.5690223294951781,0.2065381951787288,0.0996604876474762
2022-08-05,695.4879999999999,-0.5915787394404539,-0.2612149804419052,0.4578381,-0.6128156395391273,0.3516006590972221,0.1079105983838411
2022-08-06,695.878,-0.2041712255400911,-0.1588410646284618,0.48485538,-0.6570457320895807,0.4982046674611189,0.1161511543571951
2022-08-07,696.275,0.1891975923405198,-0.0554101727997675,0.52828413,-0.7016881994832788,0.6462780266835112,0.1243794735879581
2022-08-08,701.671,5.582112809085445,0.0490286094065985,0.567655,-0.7467179305529648,0.7957465399595633,0.1325928644796403
2022-08-09,695.23,-0.861429128091519,0.1544249322545958,0.6070877,-0.7921091288217335,0.9465340610763292,0.1407886270117763
2022-08-10,695.849,-0.244392982168943,0.2607272188880496,0.63704956,-0.8378353314639345,1.0985625503519842,0.1489640539453365
2022-08-11,695.8069999999999,-0.2878200416698488,0.3678827036348731,0.67136854,-0.8838694290161143,1.2517521326509873,0.157116432039721
2022-08-12,699.794,3.698286146364108,0.4758374715987699,0.71242607,-0.9301836858205734,1.4060211574193433,0.1652430432804299
2022-08-13,696.4590000000001,0.3629220348906514,0.5845364994986377,0.74989897,-0.9767497611834384,1.5612862606820763,0.1733411661164966
2022-08-14,698.692,2.596084076867947,0.6939236977145341,0.78443056,-1.023538731228362,1.717462428942896,0.1814080767067549
2022-08-15,699.3770000000001,3.2817687252540697,0.803941953497794,0.8004568,-1.07052111142618,1.8744630649239735,0.1894410501739969
2022-08-16,697.505,1.4109724330070703,0.9145331753016324,0.82061,-1.11766687978018,2.0322000550818125,0.1974373618660797
2022-08-17,700.313,4.220691653084976,1.025638338187351,0.83827424,-1.1649455006459255,2.190583838833277,0.2053942886230191
2022-08-18,705.1469999999999,9.056922838445969,1.1371975302601764,0.86357164,-1.2123259491638838,2.34952347942406,0.2133091100491043
2022-08-19,700.091,4.00336975625836,1.24915000008759,0.9007155,-1.259776736282455,2.508926736370045,0.221179109789066
2022-08-20,702.607,6.522329630512711,1.3614342050520591,0.92765117,-1.3072659343483617,2.668700139400421,0.2290015768073184
2022-08-21,700.911,4.829798869620187,1.4739878605890029,0.9555753,-1.3547612032407643,2.828749063829767,0.2367738066692936
2022-08-22,701.82,5.742773881992406,1.5867479902599566,0.98349464,-1.402229817024824,2.988977807284781,0.244493102823881
2022-08-23,697.9490000000001,1.8761334135133405,1.6996509766100607,1.0002841,-1.4496386910999357,3.149289667709996,0.2521567778859942
2022-08-24,701.2270000000001,5.158910969453918,1.8126326127580257,1.0244656,-1.4969544098172805,3.309587022575306,0.2597621549182611
2022-08-25,701.977,5.914189071689853,1.925628154666218,1.0469805,-1.5441432545408085,3.469771409207026,0.2673065687108645
2022-08-26,704.176,8.118964097967918,2.038572374037562,1.0722028,-1.5911712321253302,3.629743606162892,0.2747873670585318
2022-08-27,701.203,5.152072657763664,2.151399611785502,1.0910932,-1.6380041037848876,3.7894037155703897,0.2822019120337003
2022-08-28,703.3679999999999,7.323599853068089,2.264043832022576,1.1063951,-1.6846074143241525,3.9486512463467287,0.2895475812548618
2022-08-29,702.017,5.97961337665702,2.3764386765127257,1.135943,-1.7309465217052018,4.107385198217927,0.2968217691491223
2022-08-30,696.078,0.0481095712594497,2.488517519531932,1.1604497,-1.776986626921646,4.265504146453578,0.3040218882079873
2022-08-31,703.932,7.910005262248632,2.6002135230814227,1.1841935,-1.8226928041516868,4.422906327233109,0.3111453702354235
2022-09-01,703.349,7.335378506322683,2.7114596923973773,1.2130758,-1.868030031161456,4.579489723558833,0.3181896675872175
2022-09-02,705.864,9.85922563410882,2.8221889317007696,1.249738,-1.9129632199295856,4.735152151630356,0.3251522544006948
2022-09-03,700.837,4.841542976233841,2.93233410013071,1.2776086,-1.9574572474637408,4.889791347594451,0.3320306278138494
2022-09-04,702.862,6.876326863325044,3.0418280678047203,1.2938557,-2.0014769867796964,5.043305054584417,0.3388223091729533
2022-09-05,703.28,7.304573626009226,3.1506037719490467,1.3129901,-2.0449873380131574,5.195591109962204,0.3455248452277273
2022-09-06,704.4,8.435279594913599,3.258594273042248,1.342509,-2.08795325963452,5.346547532676768,0.3521358093131586
2022-09-07,705.056,9.102441100665011,3.36573281091538,1.3618841,-2.1303397997365643,5.496072610651945,0.3586528025170819
2022-09-08,705.662,9.720054473890588,3.471952860751963,1.3736861,-2.172112127364868,5.644064988116831,0.3650734548326311
2022-09-09,700.238,4.308116045217206,3.5771881889315718,1.3711014,-2.213235563860886,5.790423752792457,0.3713954262947037
2022-09-10,704.144,8.226622145272012,3.6813729086604847,1.3875773,-2.2536756141872902,5.935048522847775,0.377616408099588
2022-09-11,705.74,9.835569104682037,3.78444153533375,1.4114069,-2.293397998205401,6.077839533539152,0.3837341237069201
2022-09-12,703.868,7.976953254074164,3.8863290415729423,1.4115539,-2.3323686818744065,6.218697723447349,0.3897463299231601
2022-09-13,702.213,6.335770924075475,3.986970911884563,1.419224,-2.3705539083421567,6.35752482022672,0.3956508179657874
2022-09-14,703.809,7.946018445312976,4.086303196884349,1.4336315,-2.407920228897406,6.494223425781755,0.4014454145074457
2022-09-15,699.29,3.441692148413812,4.184262567033466,1.4627488,-2.4444345337534625,6.628697100786928,0.4071279826992827
2022-09-16,700.217,4.383788364004806,4.280786365833031,1.4918351,-2.4800640826333344,6.760850448466366,0.4126964231727494
2022-09-17,703.3549999999999,7.537303422713075,4.3758126624240585,1.5080073,-2.5147765351266487,6.890589197550707,0.4181486750191472
2022-09-18,705.943,10.141233655165667,4.469280303540841,1.3374205,-2.5485399807888163,7.017820284329657,0.4234827167462448
2022-09-19,699.181,3.3955753919896514,4.561128964766235,1.2432429,-2.581322968953118,7.142451933719353,0.4286965672112879
2022-09-20,700.254,4.485324963811757,4.651299201038472,1.1694887,-2.6130945382266626,7.2643937392651345,0.4337882865297721
2022-09-21,701.0809999999999,5.329478701259211,4.739732496359739,1.144163,-2.6438242456414867,7.383556742001225,0.4387559769593593
2022-09-22,699.653,3.91903293495913,4.826371312657928,1.1680977,-2.6734821954323,7.4998535080902275,0.4435977837583542
2022-09-23,706.921,11.204983995538436,4.911159137753701,1.2229944,-2.702039067412815,7.613198205166516,0.4483118960181717
2022-09-24,702.1650000000001,6.467328213624008,4.994040532386382,1.2858038,-2.729466144922917,7.723506677309299,0.4528965474692652
2022-09-25,702.1370000000001,6.458061919843042,5.074961176252884,1.3417758,-2.7557353423193667,7.8306965185722515,0.457350017260008
2022-09-26,702.423,6.763181444822451,5.153867913015423,1.3847088,-2.78081923198313,7.934687144998554,0.4616706307080393
2022-09-27,702.1650000000001,6.52468311918931,5.2307087942346,1.4241918,-2.8046910708169146,8.035399865051515,0.4658567600236378
2022-09-28,703.312,7.691563273570589,5.305433122185972,1.4552248,-2.8273248262069592,8.132757948392932,0.4699068250046828
2022-09-29,701.017,5.41681823859332,5.377991491519231,1.4748353,-2.848695201423655,8.226686692942886,0.4738192937028255
2022-09-30,704.3040000000001,8.724444344884638,5.448335829720671,1.5044733,-2.868777660436072,8.317113490156743,0.4775926830604922
2022-10-01,708.401,12.842437923071174,5.516419436340794,1.5207596,-2.8875484521161057,8.403967888456899,0.4812255595183941
2022-10-02,705.036,9.498795303780458,5.582197020950432,1.5499094,-2.9049846338084557,8.487181654758889,0.4847165395932363
2022-10-03,704.487,8.97151281763919,5.645624739790152,1.578216,-2.921064094243324,8.566688834033474,0.4880642904253516
2022-10-04,702.437,6.943586795274605,5.706660231079139,1.6046816,-2.93576557576934,8.642425806848479,0.4912675302960183
2022-10-05,700.1579999999999,4.687013567313314,5.765262648951347,1.6348244,-2.9490686958848635,8.71433134483621,0.4943250291142471
2022-10-06,703.0269999999999,7.578789464382853,5.821392695988212,1.6785525,-2.9609539680465384,8.782346664034751,0.4972356088728579
2022-10-07,704.387,8.961910817109858,5.875012654318678,1.715166,-2.971402821734572,8.84641547605325,0.4999981440736945
2022-10-08,703.589,8.187373956121691,5.92608641525918,1.741805,-2.980397621755124,8.906484037014303,0.5026115621218586
2022-10-09,699.601,4.223175212044871,5.974579507467432,1.7680511,-2.9879216867606946,8.962501194228127,0.5050748436888756
2022-10-10,705.433,10.07931091550686,6.020459123585945,1.7914326,-2.9939593069703854,9.01441843055633,0.5073870230447346
2022-10-11,705.6719999999999,10.342777397134435,6.063694145352516,1.8171012,-2.998495761072527,9.062189906425044,0.5095471883587752
2022-10-12,706.587,11.282570987554738,6.104255167156904,1.8337163,-3.001517332293044,9.105772499449948,0.5115544819694288
2022-10-13,704.897,9.61768801739483,6.142114518024387,1.8409051,-3.0030113236137392,9.145125841638126,0.5134081006228497
2022-10-14,710.431,15.177124817281452,6.17724628200881,1.8732886,-3.0029660721254734,9.180212354134284,0.5151072956804988
2022-10-15,710.41,15.181877717841855,6.209626316979373,1.8944095,-3.0013709625021225,9.210997279481496,0.5166513732957788
2022-10-16,707.477,12.27494304970297,6.239232271787141,1.900541,-2.9982164395819235,9.237448711369064,0.5180396945598552
2022-10-17,704.406,9.230317143491927,6.266043601799129,1.9159446,-2.993494020043918,9.259537621843046,0.5192716756168015
2022-10-18,706.8100000000001,11.660996329835683,6.290041582789561,1.9491007,-2.987196303167853,9.277237885957415,0.5203467877482773
2022-10-19,706.643,11.52097693936121,6.311209323179497,1.9783478,-2.979316980666918,9.290526303846416,0.5212645574279376
2022-10-20,704.109,9.014255302695476,6.329531774618187,2.0105426,-2.969850845583596,9.299382620201785,0.5220245663458253
2022-10-21,708.4549999999999,13.387827750465563,6.344995740900903,2.0223372,-2.958793800239813,9.303789541140716,0.5226264514030187
2022-10-22,710.792,15.752690613298595,6.357589885220016,1.9111105,-2.9461428632334488,9.303732748453465,0.5230699046768342
2022-10-23,706.347,11.335840221821451,6.367304735747891,1.8940762,-2.9318961754742823,9.299200911222172,0.5233546733569109
2022-10-24,701.6940000000001,6.71127290666122,6.37413268955172,1.8323364,-2.9160530052533367,9.290185694805055,0.5234805596525325
2022-10-25,697.3209999999999,2.36698499844474,6.378068014842561,1.8171883,-2.898613752340512,9.276681767183073,0.5234474206715675
2022-10-26,704.6519999999999,9.72697282779935,6.379106851562211,1.7815782,-2.879579951106396,9.258686802668606,0.5232551682714357
2022-10-27,705.88,10.984232725351823,6.377247210313656,1.7654122,-2.8589542726650747,9.23620148297873,0.5229037688825301
2022-10-28,710.419,15.552761021729276,6.37248896964234,1.7652957,-2.836740526035659,9.209229495678,0.5223932433045501
2022-10-29,701.197,6.3605540475586135,6.364833871677356,1.7652044,-2.812943658321323,9.17777752999868,0.5217236664762289
2022-10-30,704.521,9.714532256418591,6.354285516143345,1.7385148,-2.787569753905468,9.141855270048811,0.5208951672189515
2022-10-31,709.7099999999999,14.933769952035522,6.340849352755575,1.7260605,-2.760626032665697,9.101475385421272,0.5199079279547953
2022-11-01,710.884,16.138263453488275,6.3245326720123645,1.4510092,-2.732120847207149,9.056653519219513,0.5187621843995323
2022-11-02,703.2230000000001,8.508009079854984,6.305344594400694,1.3369725,-2.702063679117756,9.00740827351845,0.5174582252311644
2022-11-03,707.372,12.688003150214271,6.283296058032416,1.3176489,-2.6704651342489067,8.953761192281323,0.5159963917345721
2022-11-04,702.69,8.037064401316076,6.258399804730135,1.1886199,-2.6373369370259234,8.895736741756059,0.5143770774228908
2022-11-05,698.173,3.5513716401567192,6.230670364583487,0.7630521,-2.602691923793767,8.833362288377254,0.5126007276362259
2022-11-06,703.394,8.803677526488844,6.200124038997847,0.6601463,-2.566544035204224,8.76666807420207,0.5106678391183577
2022-11-07,701.2810000000001,6.722215364218107,6.166778882259316,0.20315082,-2.528908307651811,8.695687189911126,0.508578959572084
2022-11-08,701.3770000000001,6.849981409315957,6.130654681641167,-0.120302886,-2.4898008637665483,8.620455545407715,0.5063346871938745
2022-11-09,708.5120000000001,14.016739959144472,6.091772936078367,-0.20715009,-2.4492389019726435,8.54101183805101,0.5039356701885257
2022-11-10,702.6759999999999,8.212725635981592,6.050156833438262,-0.20263165,-2.407240685123008,8.457397518561269,0.5013826062645087
2022-11-11,698.1279999999999,3.696934660495105,6.005831226416936,-0.2036069,-2.3638255282204423,8.369656754637377,0.4986762421107256
2022-11-12,695.812,1.4133632533528653,5.958822607091996,-0.27455753,-2.3190137852372104,8.277836392329206,0.4958173728553947
2022-11-13,700.473,6.106753729454667,5.909159080163884,-0.24401797,-2.272826835045508,8.181985915209392,0.492806841507795
2022-11-14,696.678,2.344349315622814,5.856870334919123,-0.21748412,-2.2252870664722844,8.082157401391408,0.4896455383836199
2022-11-15,698.725,4.424146194924565,5.80198761595004,-0.17298591,-2.176417862492609,7.9784054784426495,0.4863344005146739
2022-11-16,697.519,3.2511405504277118,5.744543692666765,-0.12326222,-2.1262435835766595,7.870787276243425,0.4828744110436849
2022-11-17,697.335,3.1000650750308107,5.6845728276383705,-0.08674262,-2.0747895502061584,7.759362377844528,0.4792665986049866
2022-11-18,699.2890000000001,5.086274014158296,5.6221107438010725,-0.04738118,-2.0220820245769144,7.644192768377987,0.4755120366918398
2022-11-19,701.904,7.733686593637609,5.557194590572632,-0.009536684,-1.96814819150482,7.525342782077451,0.4716118430111612
2022-11-20,697.017,2.8792988208011048,5.489862908912768,0.021168292,-1.9130161385535,7.402879047466268,0.4675671788264441
2022-11-21,700.7769999999999,6.672017726186073,5.42015559537066,0.05511254,-1.856714835402426,7.276870430773085,0.4633792482896309
2022-11-22,699.306,5.23324975636139,5.348113865161251,0.06362557,-1.7992741124750875,7.147387977636338,0.4590492977627282
2022-11-23,699.8330000000001,5.792672280192055,5.273780214313045,0.087151386,-1.7407246388474775,7.014504853160522,0.4545786151299347
2022-11-24,698.591,4.58329169320665,5.197198380930776,0.0912445,-1.6810978994577852,6.878296280388561,0.4499685291010556
2022-11-25,697.678,3.7031038853401657,5.118413305617143,0.09249838,-1.6204261716388944,6.738839477256037,0.4452204085069736
2022-11-26,699.6080000000001,5.666104746526959,5.0374710910984,0.06834528,-1.5587425009957874,6.596213592094188,0.4403356615879569
2022-11-27,702.59,8.681290166701672,4.95441896109929,0.056583915,-1.4960806766507329,6.450499637750023,0.4353157352755483
2022-11-28,702.32,8.444650131040426,4.869305218513233,0.007465254,-1.4324752058794563,6.301780424392689,0.4301621144688117
2022-11-29,706.305,12.463106133103665,4.782179202914387,0.019479014,-1.3679612881622836,6.15014049107667,0.4248763213056753
2022-11-30,702.665,8.85673202489293,4.693091247458532,-0.089659564,-1.302574788674634,5.995666036133166,0.4194599144301217
2022-12-01,706.453,12.678523683600728,4.602092635220013,-0.70502454,-1.2363522112416925,5.838444846461705,0.4139144882559544
2022-12-02,703.059,9.318476986419212,4.509235555012697,-0.70546407,-1.1693306707827245,5.6785662257954215,0.4082416722278711
2022-12-03,700.457,6.750587810541046,4.4145730567426105,-0.7218829,-1.1015478652707418,5.516120922013352,0.4024431300805504
2022-12-04,697.354,3.6817246123727294,4.318159006340808,-1.00509,-1.033042047233815,5.351201053574623,0.3965205590964624
2022-12-05,705.6909999999999,12.052926955827386,4.220048040324548,-1.2474278,-0.9638519948245748,5.183900035149123,0.3904756893630899
2022-12-06,696.287,2.683268789479927,4.120295520035479,-1.256021,-0.8940169824848954,5.014312502520374,0.3843102830302279
2022-12-07,697.437,3.867667641735468,4.018957485603314,-1.2501489,-0.8235767512330587,4.842534236836373,0.3780261335680425
2022-12-08,698.697,5.162195548853258,3.9160906096835246,-1.4439696,-0.7525714786009604,4.668662088284485,0.3716250650265113
2022-12-09,697.099,3.5988483456712776,3.811752151017564,-1.5530659,-0.6810417482492864,4.49279389926685,0.3651089312968966
2022-12-10,702.941,9.475621867027698,3.7059999078640193,-2.2947552,-0.6090285192886955,4.315028427152715,0.3584796153758499
2022-12-11,700.323,6.892502978213338,3.598892171348898,-2.5651886,-0.5365730953354116,4.135465266684309,0.3517390286327525
2022-12-12,700.2080000000001,6.812496239876013,3.4904876787829617,-2.597445,-0.4637170933296954,3.954204772112657,0.3448891100808592
2022-12-13,697.9459999999999,4.585464103675619,3.380845566993925,-2.5944347,-0.3905024121458882,3.7713479791398137,0.3379318256528132
2022-12-14,692.673,-0.6525366489338671,3.270025325720814,-2.5864615,-0.3169712010228353,3.586996526743649,0.3308691674810604
2022-12-15,697.6510000000001,4.36063021830177,3.1580867511174846,-2.5686471,-0.2431658278435556,3.4012525789610404,0.323703153183682
2022-12-16,694.219,0.9638200857471436,3.0450898994118747,-2.5214806,-0.1691288472931881,3.214218746705063,0.3164358251561432
2022-12-17,697.256,4.036098011221036,2.9310950407669374,-2.475162,-0.0949029689241367,3.025998009691074,0.3090692498694308
2022-12-18,697.98,4.795400327586012,2.816162613388946,-2.4299943,-0.0205310251575269,2.836693638546473,0.3016055171750184
2022-12-19,700.576,7.426694639279557,2.700353177927864,-2.3832438,0.053944060750104,2.64640911717776,0.2940467396171095
2022-12-20,690.889,-2.225075281114619,2.583727372214205,-2.4046352,0.1284793067459031,2.455248065468301,0.2863950517525352
2022-12-21,690.947,-2.1315598158435147,2.4663458663758817,-2.4302564,0.2030317039966966,2.263314162379185,0.2786526094787085
2022-12-22,690.193,-2.850020042014201,2.348269318377869,-2.4078786,0.277558248853174,2.070711069524695,0.2708215893699738
2022-12-23,690.4540000000001,-2.554131692841765,2.2295583300267663,-2.4696548,0.3520159747335601,1.877542355293206,0.2629041880226894
2022-12-24,692.5160000000001,-0.4571060548445493,2.1102734034813944,-2.5094433,0.4263619838984001,1.6839114195829945,0.2549026214093462
2022-12-25,688.9269999999999,-4.010934124376815,1.990474898309868,-2.5103748,0.500553479088094,1.489921419221774,0.2468191242419989
2022-12-26,691.526,-1.3765993076710812,1.870222989132379,-2.576814,0.574547794995237,1.295675194137142,0.2386559493452623
2022-12-27,700.245,7.377806393843714,1.7495776238883318,-3.74472,0.6483024295438718,1.10127519434446,0.2304153670391021
2022-12-28,696.952,4.120278692214207,1.6285984827651196,-3.8128276,0.7217750749482013,0.9068234078169184,0.2220996645316159
2022-12-29,696.194,3.3978132994875816,1.5073449378250243,-3.9830394,0.7949236485235148,0.7124212893015095,0.2137111453219803
2022-12-30,695.889,3.128405927710661,1.3858760133655104,-5.0235267,0.8677063232224451,0.5181696901430652,0.2052521286137081
2022-12-31,692.345,-0.3801588034415502,1.264250347047161,-5.3398933,0.9400815578700468,0.3241687891771145,0.1967249487383382
2023-01-01,695.461,2.77122636468655,1.1425261518222671,-5.3393736,1.0120081270715215,0.1305180247507456,0.1881319545896456
2023-01-02,693.546,0.8916658915413571,1.020761178695981,-5.3249774,1.0834451507668823,-0.0626839720709016,0.1794755090684444
2023-01-03,692.813,0.1940256969548965,0.8990126803506573,-5.297355,1.154352123407226,-0.2553394430565687,0.1707579885380142
2023-01-04,694.517,1.9333969904842336,0.7773373756627953,-5.4867687,1.2246889427277996,-0.4473515670650043,0.1619817822901692
2023-01-05,694.129,1.580814242324005,0.6557914151407673,-6.186504,1.294415938093474,-0.6386245229527066,0.1531492920219499
2023-01-06,691.7710000000001,-0.7417920118375803,0.5344303473100769,-6.179877,1.3634938983927642,-0.8290635510826874,0.1442629313228993
2023-01-07,692.404,-0.0733592325809875,0.4133090860717849,-6.424854,1.431884099457087,-1.018575013385302,0.1353251251728548
2023-01-08,694.882,2.4401082085310444,0.2924818790581525,-6.8707514,1.49954833098245,-1.2070664519242975,0.1263383094501612
2023-01-09,691.635,-0.7713940600639762,0.1720022770084329,-7.2532225,1.5664489229313512,-1.394446645922918,0.1173049304501865
2023-01-10,691.6510000000001,-0.7198704099291164,0.051923104186055,-7.460925,1.6325487713933269,-1.5806256672072718,0.1082274444139973
2023-01-11,690.365,-1.9703252126270976,-0.0677035701425864,-7.660298,1.6978113638830512,-1.7655149340256375,0.0991083170670178
2023-01-12,681.029,-11.270956999233428,-0.1868264591493168,-7.721651,1.7622008040556674,-1.949027263204984,0.0899500231674845
2023-01-13,689.3209999999999,-2.943570618275648,-0.305395084788115,-8.058319,1.8256818358196247,-2.13107692060774,0.0807550460644747
2023-01-14,690.293,-1.936246083653976,-0.4233598030260593,-8.550763,1.8882198668279015,-2.311579669853961,0.0715258772652612
2023-01-15,689.601,-2.5932336836985392,-0.5406718279470831,-8.603925,1.9497809913292936,-2.490452819276377,0.062265016011738
2023-01-16,691.076,-1.0832053033621516,-0.6572832547157693,-8.512904,2.0103320123620696,-2.667615267077839,0.0529749688656178
2023-01-17,686.947,-5.177194202611976,-0.7731470813897593,-8.33077,2.069840463272985,-2.842987544662744,0.043658249302094
2023-01-18,691.0319999999999,-1.0571752496981834,-0.8882172295710863,-8.366596,2.128274628545505,-3.016491858116592,0.0343173773116366
2023-01-19,691.058,-0.9967139608546391,-1.0024485638879588,-8.27879,2.1856035639216684,-3.188052127809627,0.0249548790095674
2023-01-20,684.211,-7.809540954555833,-1.1157969103001693,-8.08046,2.241797115802882,-3.357594026103051,0.0155732862530399
2023-01-21,687.2589999999999,-4.727349719732214,-1.2282190732226843,-7.910256,2.2968259399157094,-3.525045013138394,0.0061751362650331
2023-01-22,685.268,-6.683842153286181,-1.3396728514635543,-7.747605,2.3506615192294125,-3.690334370692967,-0.0032370287350546
2023-01-23,692.006,0.0888782796612296,-1.4501170529735936,-7.5843015,2.403276181112897,-3.853393234086491,-0.0126606618946359
2023-01-24,689.768,-2.1144110296002827,-1.5595115084069668,-7.432856,2.4546431137194484,-4.014154622126416,-0.0220932120854423
2023-01-25,684.1089999999999,-7.738926795736897,-1.667817083492989,-7.2853384,2.504736381588452,-4.172553465081441,-0.0315321242557657
2023-01-26,682.524,-9.289455481035615,-1.7749956902212276,-7.1302843,2.5535309404541646,-4.328526630675392,-0.0409748397779147
2023-01-27,683.141,-8.638001637144235,-1.8810102968430544,-7.0018444,2.6010026512523625,-4.4820129480954165,-0.0504187967913746
2023-01-28,690.593,-1.15156981570965,-1.98582493669465,-6.8690934,2.647128293316523,-4.632953230011173,-0.0598614305421821
2023-01-29,682.804,-8.906467269195074,-2.089404715847371,-6.7565665,2.6918855767561167,-4.781290292603488,-0.0693001737190222
2023-01-30,697.245,5.5689152142848215,-2.1917158195932718,-6.609011,2.735253154010296,-4.926968973603567,-0.0787324567865915
2023-01-31,687.129,-4.512746995252289,-2.292725517774534,-6.48299,2.7772106305711963,-5.069936148345731,-0.0881557083167512
2023-02-01,683.988,-7.619237528329531,-2.392402168967229,-6.3652477,2.817738574871909,-5.210140743839139,-0.0975673553180325
2023-02-02,687.96,-3.6124301403219903,-2.4907152235308385,-6.251553,2.85681852733494,-5.347533750865778,-0.1069648235640425
2023-02-03,689.181,-2.356659045347313,-2.587635225536628,-6.2719507,2.894433008577942,-5.48206823411457,-0.1163455379213414
2023-02-04,688.455,-3.047987102706852,-2.683133813588934,-6.203202,2.9305655267742616,-5.613699340363196,-0.1257069226773593
2023-02-05,685.019,-6.449360383883657,-2.7771837205548207,-6.57136,2.965200584166693,-5.742384304721514,-0.1350464018689285
2023-02-06,687.232,-4.201595451691748,-2.8697587722187605,-6.4944386,2.9983236827337048,-5.868082454952465,-0.1443613996120153
2023-02-07,683.812,-7.586920275966881,-2.9608338848802247,-6.4192038,3.0299213290082334,-5.990755213888458,-0.1536493404332271
2023-02-08,682.173,-9.191339286806324,-3.0503850619131314,-6.322458,3.059981038049942,-6.110366099963073,-0.1629076496036885
2023-02-09,685.863,-5.466856914307556,-3.138389389307324,-6.2241235,3.088491336572716,-6.226880725880039,-0.1721337534758669
2023-02-10,689.7489999999999,-1.5464775885679871,-3.2248250302132893,-6.156943,3.115441765229914,-6.340266795443203,-0.1813250798239307
2023-02-11,688.183,-3.078423238076985,-3.3096712185124444,-6.1128397,3.140822880060849,-6.4504940985732935,-0.1904790581882335
2023-02-12,696.5179999999999,5.290525213703,-3.3929082514362343,-6.0166154,3.16462625310258,-6.557534504538815,-0.1995931202244895
2023-02-13,689.852,-1.3417556443736254,-3.474517481258422,-5.9560704,3.18684447217208,-6.661361953430502,-0.2086647000582341
2023-02-14,693.2620000000001,2.1014981635766192,-3.5544813060857567,-5.9895353,3.207471139824553,-6.7619524459103095,-0.2176912346451267
2023-02-15,686.932,-4.195359351846839,-3.6327831597731888,-5.907423,3.2265008714944123,-6.859284031267601,-0.2266701641376712
2023-02-16,687.331,-3.763332724673009,-3.7094075009906633,-5.8238487,3.243929292826313,-6.953336793816977,-0.2355989322589078
2023-02-17,685.274,-5.787426488931578,-3.784339801469359,-5.72189,3.2597530362042697,-7.044092837673628,-0.2444749866836262
2023-02-18,686.612,-4.41664517865172,-3.857566533455897,-5.617889,3.27396973648771,-7.131536269943608,-0.2532957794276395
2023-02-19,687.216,-3.77999332786297,-3.92907515640406,-5.52743,3.2865780259640336,-7.215653182368094,-0.2620587672456516
2023-02-20,690.549,-0.4144754705946482,-3.998854102933906,-5.448262,3.2975775285279454,-7.296431631461852,-0.2707614120382301
2023-02-21,687.251,-3.680032083520088,-4.0668927640891175,-5.4966803,3.306968853098535,-7.373861617187652,-0.2794011812683923
2023-02-22,685.552,-5.346728587513552,-4.133181473923868,-5.586352,3.31475358628578,-7.447935060209648,-0.2879755483882937
2023-02-23,687.899,-2.9675695072256105,-4.197711493451009,-5.6860504,3.3209342843188114,-7.51864577776982,-0.2964819932764942
2023-02-24,685.909,-4.925550397760063,-4.260474993984138,-5.937253,3.3255144642489345,-7.585989458233072,-0.3049180026862585
2023-02-25,683.0169999999999,-7.785684509576764,-4.321465039906203,-5.955711,3.328498594441029,-7.649963634347232,-0.313281070705336
2023-02-26,684.783,-5.987976365998184,-4.380675570898073,-6.12967,3.329892084367573,-7.710567655265645,-0.3215686992276372
2023-02-27,691.765,1.0255956021472523,-4.438101383660659,-6.48484,3.329701273720163,-7.767802657380822,-0.3297783984372213
2023-02-28,687.331,-3.376999941744052,-4.493738113164501,-6.8999925,3.327933420853928,-7.82167153401843,-0.337907687304962
2023-03-01,684.163,-6.5137675170231,-4.547582213461187,-6.9251413,3.324596690580854,-7.872178904042041,-0.3459540940982716
2023-03-02,691.013,0.3672883569588107,-4.599630938090941,-6.891852,3.3197001413285303,-7.919331079419472,-0.3539151569042075
2023-03-03,686.489,-4.125836839149278,-4.649882320121106,-6.854151,3.3132537116813974,-7.963136031802504,-0.361788424166293
2023-03-04,686.253,-4.331147624698693,-4.698335151850251,-7.044419,3.305268206322012,-8.003603358172262,-0.3695714552353298
2023-03-05,687.028,-3.5256485190403866,-4.744988964212772,-7.31181,3.295755281390391,-8.040744245603163,-0.3772618209344863
2023-03-06,674.6750000000001,-15.848344041525616,-4.789844005918884,-7.344913,3.2847274292799096,-8.074571435198793,-0.3848571041388873
2023-03-07,680.523,-9.97023871150545,-4.832901222364789,-7.3999505,3.2721979628886406,-8.10509918525343,-0.3923549003699421
2023-03-08,676.492,-13.971337048331064,-4.874162234347976,-7.558966,3.258180999345513,-8.132343233693488,-0.399752818404577
2023-03-09,680.624,-9.809643571353568,-4.913629316622145,-7.6802497,3.242691443230966,-8.156320759853111,-0.4070484808995537
2023-03-10,682.7959999999999,-7.608162799924134,-4.951305376326476,-8.279645,3.225744969312184,-8.17705034563866,-0.4142395250309916
2023-03-11,678.545,-11.829899253393869,-4.987193931323409,-8.284641,3.207358004813329,-8.194551936136738,-0.4213236031492096
2023-03-12,678.377,-11.96885745111382,-5.021299088479114,-8.508235,3.187547711241512,-8.208846799720625,-0.4282983834489505
2023-03-13,680.221,-10.09604191243526,-5.053625521920355,-8.98345,3.166331965789497,-8.219957487709852,-0.4351615506550401
2023-03-14,684.75,-5.538378838678561,-5.084178451301198,-9.685888,3.1437293423364605,-8.227907793637659,-0.4419108067234915
2023-03-15,683.6560000000001,-6.603948939018258,-5.11296362011261,-9.664058,3.119759092068308,-8.232722712180918,-0.448543871558031
2023-03-16,681.7520000000001,-8.47975672120752,-5.139987274067517,-9.502694,3.094441123739299,-8.234428397806816,-0.4550584837420067
2023-03-17,682.707,-7.496806692999872,-5.16525613959352,-9.3199835,3.0677959835969477,-8.233052123190468,-0.4614524012855849
2023-03-18,678.741,-11.435103362148215,-5.188777402464781,-9.120353,3.0398448349922447,-8.228622237457024,-0.4677234023881328
2023-03-19,679.654,-10.494651236406096,-5.210558686604187,-9.231343,3.01060943769752,-8.221168124301705,-0.4738692862156284
2023-03-20,685.6370000000001,-4.484454823526535,-5.23060803308627,-9.228246,2.980112126954225,-8.210720160040495,-0.4798878736929257
2023-03-21,684.5369999999999,-5.557518631263163,-5.248933879370616,-9.140695,2.948375792273185,-8.1973096716438,-0.4857770083106615
2023-03-22,683.538,-6.529842324539137,-5.265545038794972,-9.070767,2.915423856009755,-8.180968894804728,-0.4915345569465508
2023-03-23,682.4789999999999,-7.562435122339076,-5.2804506803563775,-9.040864,2.8812802517364915,-8.161730932092869,-0.4971584107008006
2023-03-24,676.961,-13.054301531698982,-5.293660308808104,-8.958407,2.8459694024358977,-8.139629711244002,-0.5026464857453217
2023-03-25,676.142,-13.8472432101555,-5.305183745099143,-8.824169,2.8095161985358263,-8.11469994363497,-0.5079967241863944
2023-03-26,676.027,-13.936462002029772,-5.315031107182436,-8.652591,2.7719459758100675,-8.086977082992503,-0.513207094940409
2023-03-27,679.672,-10.26596238431833,-5.323212791216891,-8.485192,2.7332844931665665,-8.056497284383457,-0.5182755946222647
2023-03-28,685.357,-4.555662788582687,-5.329739453187721,-8.997122,2.6935579103457705,-8.02329736353349,-0.5232002484459877
2023-03-29,682.606,-7.281651399063656,-5.334621990968219,-9.041912,2.6527927655512364,-7.987414756519455,-0.5279791111370767
2023-03-30,683.403,-6.459932680016153,-5.3378715268457375,-8.916802,2.6110159530348227,-7.94888747988056,-0.5326102678560795
2023-03-31,678.603,-11.23551109569466,-5.339499390533093,-8.80318,2.5682547006583296,-7.907754091191423,-0.5370918351328403
2023-04-01,688.8109999999999,-1.0033911103538828,-5.339517102686098,-8.794545,2.524536547453539,-7.864053650139636,-0.5414219618108544
2023-04-02,678.136,-11.654192405530727,-5.337936358946548,-8.75283,2.479889321202173,-7.81782568014872,-0.5455988300011126
2023-04-03,681.461,-8.305292342323158,-5.334769014529142,-8.698286,2.434341116057245,-7.769110130586386,-0.549620656044802
2023-04-04,681.545,-8.197441422344351,-5.330027069369758,-8.586646,2.387920270226963,-7.717947339596721,-0.5534856914841897
2023-04-05,679.534,-10.18457409493017,-5.323722653851257,-8.456505,2.340655343742032,-7.664377997593288,-0.5571922240409898
2023-04-06,678.769,-10.925964291095193,-5.315868015122096,-8.405338,2.292575096327006,-7.608443111449102,-0.5607385786014843
2023-04-07,678.847,-10.82465406941851,-5.3064755040217015,-8.624923,2.2437084653959567,-7.550183969417658,-0.5641231182076367
2023-04-08,681.089,-8.559647746998419,-5.295557562625671,-8.497425,2.194084544192459,-7.489642106818129,-0.5673442450534144
2023-04-09,676.155,-13.470949640933163,-5.28312671242248,-8.380306,2.1437325600934725,-7.426859272515953,-0.5704004014855025
2023-04-10,688.034,-1.5695640683209295,-5.269195543132308,-8.28325,2.0926818530963867,-7.361877396228694,-0.5732900710075675
2023-04-11,678.98,-10.601306279528886,-5.253776702177531,-8.305658,2.0409618545080925,-7.294738556685623,-0.5760117792872039
2023-04-12,678.805,-10.754351486219733,-5.236882884813084,-8.1789875,1.9886020658545265,-7.22548495066761,-0.5785640951646709
2023-04-13,682.2040000000001,-7.333716657778815,-5.218526824923814,-8.038806,1.9356320380287169,-7.154158862952532,-0.580945631662502
2023-04-14,681.686,-7.830129566593087,-5.198721286494749,-7.884109,1.882081350694924,-7.080802637189672,-0.583155046995046
2023-04-15,679.3900000000001,-10.104863500626424,-5.1774790557589885,-7.7437506,1.8279795919659976,-7.005458647724986,-0.5851910455769783
2023-04-16,679.006,-10.46792270610088,-5.154812934026744,-7.6401377,1.7733563383706228,-6.928169272397367,-0.5870523790298028
2023-04-17,679.336,-10.11731142923741,-5.130735731197877,-7.637215,1.7182411351265974,-6.848976866324474,-0.5887378471853285
2023-04-18,679.7299999999999,-9.703033916258091,-5.105260259959087,-7.6641636,1.6626634767358168,-6.767923736694904,-0.590246299085113
2023-04-19,675.569,-13.84409441338393,-5.078399330665712,-7.6102443,1.606652787916118,-6.6850521185818295,-0.591576633974819
2023-04-20,680.149,-9.244497166836757,-5.050165746906912,-7.5088263,1.5502384048845808,-6.600404151791492,-0.5927278022924375
2023-04-21,676.086,-13.288246422838236,-5.02057230175186,-7.4055924,1.4934495570063555,-6.514021858758216,-0.593698806649294
2023-04-22,677.577,-11.77834642760968,-4.98963177467342,-7.270554,1.4363153488225466,-6.425947123495966,-0.5944887028027591
2023-04-23,680.994,-8.342801427372788,-4.957356929144517,-7.179222,1.3788647424700835,-6.3362216716146005,-0.5950966006195599
2023-04-24,685.014,-4.30461566834896,-4.923760510901452,-7.0701127,1.3211265405059387,-6.244887051407391,-0.5955216650285772
2023-04-25,681.751,-7.549793396759933,-4.888855246867126,-6.9249787,1.263129369147501,-6.151984616014627,-0.5957631169620112
2023-04-26,681.442,-7.841338858826937,-4.85265384472611,-6.801984,1.2049016619402708,-6.057555506666381,-0.5958202342837854
2023-04-27,681.082,-8.184256300771853,-4.815168993142327,-6.6753597,1.146471643863442,-5.96164063700577,-0.5956923527040432
2023-04-28,680.142,-9.10754996881587,-4.776413362609163,-6.5267453,1.0878673158833778,-5.864280678492541,-0.5953788666785984
2023-04-29,682.714,-6.5191657305405935,-4.736399606920624,-6.3713293,1.0291164399642987,-5.7655160468849225,-0.5948792302921901
2023-04-30,681.1469999999999,-8.0701646244316,-4.695140365251168,-6.256191,0.9702465245449076,-5.665386889796076,-0.5941929581243837
2023-05-01,687.9549999999999,-1.246550888065321,-4.652648264830892,-6.187887,0.9112848104890744,-5.563933075319966,-0.5933196260969711
2023-05-02,686.243,-2.943328759017948,-4.608935924201683,-6.212733,0.8522582575180115,-5.461194181719694,-0.5922588723017096
2023-05-03,680.736,-8.435502474866468,-4.56401595703895,-6.127724,0.7931935311307594,-5.357209488169709,-0.5910103978072501
2023-05-04,685.526,-3.631076273186874,-4.517900976522787,-6.0803447,0.7341169900192211,-5.252017966542009,-0.589573967444096
2023-05-05,681.674,-7.469054391555689,-4.470603600241246,-6.1021585,0.675054673983199,-5.145658274224445,-0.5879494105664621
2023-05-06,682.355,-6.774441067549507,-4.4221364556077605,-6.2049584,0.6160322923504018,-5.038168747958162,-0.586136621789871
2023-05-07,679.667,-9.449240538744585,-4.372512185773801,-6.135911,0.5570752129056488,-4.92958739867945,-0.5841355617033757
2023-05-08,674.0390000000001,-15.0644570427175,-4.321743456016952,-6.2372737,0.4982084513328643,-4.819951907349816,-0.5819462575552673
2023-05-09,682.38,-6.711094817044698,-4.269842960583988,-6.1178675,0.439456661172857,-4.709299621756845,-0.5795688039111627
2023-05-10,681.316,-7.7631580993025295,-4.216823429967655,-5.981019,0.3808441242991848,-4.59766755426684,-0.5770033632833673
2023-05-11,680.883,-8.184651127067374,-4.162697638595106,-5.8728647,0.3223947419138043,-4.485092380508911,-0.5742501667304272
2023-05-12,682.3209999999999,-6.735578137916002,-4.10747841290546,-5.758405,0.2641320260635598,-4.37161043896902,-0.5713095144257903
2023-05-13,683.338,-5.707943369424313,-4.05117863979301,-5.6406736,0.206079091677909,-4.257257731470919,-0.5681817761945319
2023-05-14,677.651,-11.384751059169217,-3.993811275392325,-5.5008507,0.1482586491277051,-4.142069924520031,-0.5648673920170925
2023-05-15,675.462,-13.564005444726806,-3.93538935418064,-5.36771,0.0906929973042025,-4.026082351484843,-0.5613668724990207
2023-05-16,680.341,-8.675684671179827,-3.875925998372591,-5.2150793,0.0334040172168354,-3.9093300155894255,-0.5576807993057166
2023-05-17,680.571,-8.43681978938559,-3.815434427581758,-5.0646667,-0.0235868338922676,-3.79184759368949,-0.5538098255612036
2023-05-18,682.016,-6.983415032949562,-3.753927968723089,-4.933823,-0.0802585279196918,-3.6736694408033976,-0.549754676209977
2023-05-19,678.875,-10.116474635476497,-3.691420066129862,-4.8055425,-0.1365904707612834,-3.5548295953685787,-0.5455161483410051
2023-05-20,685.195,-3.789002830571752,-3.627924291858424,-4.672038,-0.1925625066656803,-3.435361785192744,-0.5410951114729877
2023-05-21,679.805,-9.172003851840763,-3.563454356153706,-4.5439463,-0.2481549220852149,-3.315299434068492,-0.536492507799994
2023-05-22,681.044,-7.926481932888185,-3.498024118048192,-4.441332,-0.3033484490291267,-3.194675669019065,-0.5317093523966498
2023-05-23,681.006,-7.958441307319575,-3.4316475960667603,-4.344609,-0.3581242679246041,-3.0735233281421563,-0.5267467333820658
2023-05-24,683.442,-5.516347910178851,-3.3643389790096667,-4.2415543,-0.4124640099917066,-2.95187496901796,-0.5216058120417175
2023-05-25,686.805,-2.1477296459541804,-3.296112636785828,-4.130146,-0.4663497591387179,-2.8297628776471098,-0.5162878229065567
2023-05-26,686.7710000000001,-2.176590668535353,-3.2269831312682333,-4.033559,-0.5197640533850465,-2.707219077883187,-0.5107940737886321
2023-05-27,687.2420000000001,-1.700935131813187,-3.1569652271436914,-3.948197,-0.5726898858192325,-2.584275341324459,-0.5051259457725522
2023-05-28,679.233,-9.705767189677758,-3.0860739027285757,-3.8763988,-0.6251107051001481,-2.460963197628427,-0.4992848931621647
2023-05-29,686.47,-2.4650909960192475,-3.014324360722665,-3.7721395,-0.6770104155099583,-2.3373139452127063,-0.4932724433818501
2023-05-30,684.224,-4.707901290670668,-2.941732038873062,-3.6810446,-0.7283733765678015,-2.213358662305261,-0.4870901968318858
2023-05-31,688.929,-0.0002113857631131,-2.868312620520358,-3.5890825,-0.7791844022136959,-2.089128218306662,-0.480739826697358
2023-06-01,684.5020000000001,-4.4250515262862855,-2.7940820449992367,-3.503529,-0.8294287595725043,-1.9646532854267325,-0.474223078710159
2023-06-02,689.238,0.3126009485442425,-2.7190565178661985,-3.4268203,-0.8790921673082519,-1.8399643505579464,-0.4675417708636412
2023-06-03,684.824,-4.099725202048965,-2.643252520926936,-3.3502712,-0.9281607935795,-1.7150917273474358,-0.4606977930795413
2023-06-04,687.615,-1.30744090882943,-2.5666868220365893,-3.2704842,-0.976621253606806,-1.5900655684297833,-0.4536931068268421
2023-06-05,691.625,2.703343330248144,-2.489376484646092,-3.1877708,-1.0244606068636968,-1.4649158777823954,-0.4465297446922767
2023-06-06,686.804,-2.117376546336255,-2.411338877068497,-3.1174505,-1.0716663539029097,-1.3396725231655875,-0.4392098099022274
2023-06-07,681.0899999999999,-7.831563227916304,-2.3325916814392658,-3.081383,-1.118226432829989,-1.214365248609277,-0.4317354757958322
2023-06-08,688.481,-0.4412371985828405,-2.253152902345277,-3.017214,-1.1641292154366254,-1.0890236869086518,-0.4241089852491302
2023-06-09,682.923,-5.999209848559389,-2.1730408750976005,-2.978157,-1.209363503006393,-0.9636773720912076,-0.4163326500501659
2023-06-10,682.212,-6.7104216540617445,-2.0922742736236293,-2.9210677,-1.2539185218058504,-0.8383557518177789,-0.4084088502249854
2023-06-11,686.437,-2.486138205604558,-2.010872117954908,-2.8715827,-1.2977839182741742,-0.7130881996807334,-0.4003400333145337
2023-06-12,684.56,-4.364363332576332,-1.9288537812873143,-2.8210769,-1.3409497539247537,-0.5879040273625609,-0.3921287136024894
2023-06-13,687.902,-1.0241008643656455,-1.846238996591243,-2.7466316,-1.3834064999723643,-0.4628324966188786,-0.3837774712941551
2023-06-14,687.354,-1.5740094214263771,-1.7630478627497976,-2.670698,-1.425145031699753,-0.3379028310500447,-0.3752889516465321
2023-06-15,690.9499999999999,2.019571338595442,-1.6793008502039657,-2.582609,-1.4661566225775915,-0.2131442276263739,-0.3666658640498023
2023-06-16,691.515,2.581796633780813,-1.5950188060843709,-2.5161636,-1.506432938151978,-0.0885858679323929,-0.3579109810604596
2023-06-17,692.673,3.7368680939842713,-1.5102229588100122,-2.4483905,-1.545966029713702,0.0357430709036896,-0.3490271373864008
2023-06-18,692.288,3.3487424034380733,-1.42493492213523,-2.415693,-1.584748327763697,0.1598134056284668,-0.3400172288243326
2023-06-19,686.071,-2.8707134899371045,-1.3391766986270142,-2.4431627,-1.6227726352891023,0.2835959366620884,-0.33088421114991
2023-06-20,683.763,-5.181623103897898,-1.2529706825555451,-2.405285,-1.6600321208645237,0.4070614383089783,-0.3216310989610645
2023-06-21,685.6229999999999,-3.3245658281805723,-1.1663396621819198,-2.3433714,-1.6965203115930023,0.5301806494110826,-0.312260964475035
2023-06-22,686.002,-2.948747406066216,-1.079306821427798,-2.2696655,-1.7322310859013874,0.6529242644735895,-0.3027769362796763
2023-06-23,682.012,-6.941029235153861,-0.99189574091273,-2.219733,-1.7671586662046843,0.7752629252919544,-0.2931821980396523
2023-06-24,684.08,-4.874798650101774,-0.9041303983460104,-2.1855698,-1.801297611453998,0.8971672131079877,-0.2834799871581982
2023-06-25,681.677,-7.278968510389173,-0.8160351682606312,-2.1343846,-1.8346428095826823,1.0186076413220513,-0.2736735933951553
2023-06-26,685.08,-3.877215625957038,-0.7276348210782738,-2.0734801,-1.867189469865204,1.1395546487869304,-0.263766357442067
2023-06-27,688.429,-0.5280615412226548,-0.6389545214950528,-2.0091627,-1.8989331152031987,1.259978593708146,-0.2537616694551473
2023-06-28,689.264,0.3067714844538205,-0.5500198261789865,-1.944975,-1.929869574353077,1.3798497481740903,-0.2436629675469936
2023-06-29,686.21,-2.747211126742275,-0.460856680771061,-1.8697256,-1.9599949741095053,1.4991382933384445,-0.2334737362379776
2023-06-30,686.696,-2.2611696001865003,-0.3714914161830827,-1.798256,-1.989305731458823,1.6178143152757405,-0.2231975048682642
2023-07-01,685.7879999999999,-3.169287033543876,-0.2819507441863602,-1.7362655,-2.017798545716475,1.7358478015301149,-0.212837845971491
2023-07-02,687.576,-1.3814848145350735,-0.1922617522866413,-1.6648602,-2.045470390662251,1.8532086383756097,-0.202398373611169
2023-07-03,689.018,0.0605176240041549,-0.1024518978816566,-1.5924317,-2.0723185066870125,1.969866608805356,-0.1918827416809095
2023-07-04,687.858,-1.0995670344653914,-0.01254900169889,-1.5206763,-2.098340392964334,2.085791391265444,-0.1812946421696399
2023-07-05,689.784,0.8267160232190456,0.0774187594876918,-1.459819,-2.123533799660356,2.200952559148048,-0.1706378033930068
2023-07-06,687.1469999999999,-1.809495798274661,0.1674228608621243,-1.4069033,-2.1478967201948107,2.315319581056935,-0.1599159881922063
2023-07-07,688.177,-0.7787802529111847,0.2574344382909921,-1.3493663,-2.171427383566018,2.4288618218570104,-0.1491329921015325
2023-07-08,694.116,5.160689434536327,0.3474242977659513,-1.2902098,-2.1941242467523274,2.5415485445182786,-0.1382926414859653
2023-07-09,690.4050000000001,1.4499111771925608,0.4373629255607709,-1.245927,-2.215985987202256,2.6533489127630263,-0.1273987916501685
2023-07-10,691.215,2.2600560581567746,0.5272204990983972,-1.1941571,-2.2370114954252016,2.7642319945235987,-0.1164553249203041
2023-07-11,684.056,-4.898602983098437,0.6169668985223749,-1.1491858,-2.257199867694401,2.874166766216776,-0.1054661487000968
2023-07-12,685.563,-3.391338742423242,0.7065717189656985,-1.0940368,-2.2765503988733675,2.983122117839066,-0.0944351935026389
2023-07-13,686.909,-2.044800108805981,0.7960042835092519,-1.0436151,-2.2950625753768046,3.0910668588860566,-0.0833664109594394
2023-07-14,688.647,-0.3063795080860489,0.8852336568205126,-0.98208475,-2.31273606827658,3.1979697250970927,-0.0722637718082672
2023-07-15,683.7560000000001,-5.196780935020426,0.9742286594624427,-0.92633766,-2.329570726562976,3.303799386025419,-0.0611312638613653
2023-07-16,681.1080000000001,-7.844355270737059,1.062957882861042,-0.88494164,-2.3455665705711324,3.4085244534321744,-0.0499728899556435
2023-07-17,686.9159999999999,-2.03567905843223,1.15138970491918,-0.8577699,-2.360723785582089,3.5121134905012688,-0.0387926658864812
2023-07-18,687.557,-1.3925521710432154,1.2394923062630283,-0.82423246,-2.375042715607562,3.614535021870591,-0.0275946183268114
2023-07-19,691.24,2.292540970548478,1.3272336871065458,-0.78222305,-2.388523857367094,3.71575754447364,-0.0163827827331654
2023-07-20,682.8149999999999,-6.130546166998663,1.414581684718187,-0.73925036,-2.4011678544658164,3.815749539184004,-0.0051612012403895
2023-07-21,683.894,-5.049732698790452,1.501503991473128,-0.7008595,-2.412975491780675,3.9144794832538032,0.006066079453229
2023-07-22,685.735,-3.206994364430636,1.5879681734732896,-0.64657617,-2.4239476900624832,4.011915863535773,0.0172950102086797
2023-07-23,689.775,0.8347779999603069,1.6739416897162294,-0.60355496,-2.434085500760732,4.108027190476961,0.0285215415750224
2023-07-24,691.369,2.430474058377098,1.7593919117933476,-0.56874716,-2.4433901010776897,4.202782012871038,0.0397416259224617
2023-07-25,688.7990000000001,-0.1380053816179014,1.844286144096523,-0.55220664,-2.4518627892577607,4.296148933354283,0.0509512195779188
2023-07-26,684.867,-4.068205043390767,1.9285916445117235,-0.52731955,-2.4595049801177216,4.388096624629445,0.0621462849612726
2023-07-27,685.148,-3.785229221295866,2.0122756455769344,-0.4855687,-2.466318200822898,4.478593846399832,0.0733227927204608
2023-07-28,683.673,-5.257274971215114,2.0953053760811504,-0.4291542,-2.472304086913917,4.567609462995067,0.0844767238636033
2023-07-29,689.828,0.9009165079868516,2.177648083080104,-0.37276503,-2.47746437858817,4.655112461668274,0.0956040718863204
2023-07-30,689.086,0.1622108143566949,2.259271054303835,-0.32922462,-2.481800917239661,4.741071971543496,0.1067008448923979
2023-07-31,689.761,0.8407803779707614,2.340141640930198,-0.29926896,-2.4853156422603857,4.825457283190584,0.1177630677059622
2023-08-01,692.788,3.871491246743339,2.420227280697873,-0.26728454,-2.488010588105962,4.908237868803836,0.128786783973323
2023-08-02,686.516,-2.396923307616892,2.499495521331605,-0.23930852,-2.489887881627697,4.989383402959302,0.1397680582526431
2023-08-03,691.415,2.5056173634817105,2.57791404425184,-0.22354078,-2.4909497396727875,5.068863783924627,0.1507029780896007
2023-08-04,685.937,-2.968969597989969,2.655450688540188,-0.21820788,-2.491198466953897,5.146649155494085,0.1615876560772189
2023-08-05,694.813,5.910675009655483,2.7320734751316897,-0.20251732,-2.490636454188841,5.222709929320531,0.1724182318980318
2023-08-06,685.782,-3.1168000324457297,2.807750631204138,-0.18767974,-2.489266176510585,5.297016807714723,0.1831908743467891
2023-08-07,694.328,5.43425010217188,2.882450614734424,-0.1732211,-2.487090192147388,5.369540806881812,0.1939017833318945
2023-08-08,697.3829999999999,8.494218417394949,2.956142139191204,-0.16596815,-2.484111141372272,5.440253280563477,0.2045471918537989
2023-08-09,695.626,6.742104309350882,3.028794198332863,-0.15767111,-2.4803317457207155,5.5091259440535785,0.2151233679585789
2023-08-10,694.534,5.654812405924801,3.100376091079366,-0.14136925,-2.475754807474793,5.57613089855416,0.2256266166649575
2023-08-11,693.013,4.138439489392905,3.170857446426248,-0.11918869,-2.470383209411688,5.641240655837936,0.2360532818630385
2023-08-12,691.587,2.7169375189266063,3.240208248368619,-0.08425209,-2.464219914813901,5.70442816318252,0.2463997481830533
2023-08-13,696.609,7.743354608775956,3.3083988608029697,-0.05544374,-2.457267967738112,5.765666828541082,0.2566624428324423
2023-08-14,696.2629999999999,7.401690133426111,3.3754000523742,-0.019977452,-2.449530493539135,5.824930545913335,0.2668378373996146
2023-08-15,692.346,3.48894346736331,3.441183021235245,0.018610029,-2.4410106996450067,5.882193720880252,0.2769224496227748
2023-08-16,692.02,3.1671139850727767,3.505719419686463,0.045380857,-2.431711876578768,5.937431296265231,0.2869128451222163
2023-08-17,692.403,3.554201061040205,3.5689813786620173,0.058752883,-2.4216373992220865,5.990618777884103,0.2968056390945287
2023-08-18,688.337,-0.5077959302486659,3.630941532030285,0.085079126,-2.4107907283154426,6.041732260345728,0.3065974979671944
2023-08-19,698.144,9.303470623802603,3.691573040675575,0.11093442,-2.399175412189213,6.090748452864789,0.3162851410120873
2023-08-20,695.31,6.473658723890567,3.75084961632823,0.072093755,-2.3867950887194893,6.13764470504772,0.3258653419164317
2023-08-21,702.696,13.863767796265355,3.8087455451106,-0.078451626,-2.373653487502213,6.182399032612812,0.3353349303098069
2023-08-22,685.63,-3.198202732822904,3.8652357107663526,-0.1145628,-2.3597544322387223,6.2249901430050745,0.3446907932458378
2023-08-23,688.809,-0.0151325063430323,3.920295617540832,-0.08402466,-2.3451018433254327,6.265397460866264,0.3539298766372502
2023-08-24,690.029,1.2090411697082295,3.9739014126804766,-0.03888608,-2.3296997406401,6.303601153320576,0.3630491866430129
2023-08-25,693.49,4.674136550083395,4.026029908519589,0.0051161437,-2.313552246516683,6.339582155036272,0.3720457910063422
2023-08-26,689.2779999999999,0.4661531061215145,4.0766586041231285,0.058392763,-2.2966635889005014,6.37332219302363,0.3809168203423914
2023-08-27,690.111,1.3032146479835407,4.125765706454546,0.11239766,-2.2790381046751014,6.404803811129647,0.389659469374488
2023-08-28,691.6600000000001,2.8561996869588264,4.1733301510381295,0.16627277,-2.260680243151888,6.434010394190017,0.3982709981178525
2023-08-29,694.593,5.793107712798774,4.219331622085938,0.20322557,-2.2415945697133344,6.460926191799272,0.4067487330097745
2023-08-30,689.024,0.2279382152558362,4.263750572059706,0.22590025,-2.221785769600219,6.485536341659925,0.4150900679852675
2023-08-31,695.542,6.7497724101530405,4.3065682406389305,0.2240778,-2.201258651833196,6.507826892472126,0.4232924654973064
2023-09-01,694.0150000000001,5.2265302819878725,4.347766673066719,0.09573398,-2.180018153258607,6.527784826325326,0.4313534574807768
2023-09-02,689.91,1.125211332614715,4.387328737845933,0.019062912,-2.158069342708369,6.5453980805543015,0.4392706462593544
2023-09-03,695.308,6.526815063888096,4.425238143758569,-0.016712239,-2.135417425263388,6.560655569021957,0.4470417053945641
2023-09-04,700.235,11.45734097766248,4.461479456182227,0.00045734842,-2.112067746609877,6.5735472027921045,0.4546643804763588
2023-09-05,694.508,5.73378857579204,4.496038112678347,0.029237712,-2.0880257974776884,6.584063910156035,0.4621364898545868
2023-09-06,693.1239999999999,4.353157360131248,4.528900437827529,0.07136214,-2.0632972181496494,6.592197655977179,0.4694559253108092
2023-09-07,695.94,7.172446832534701,4.56005365728836,0.1270513,-2.037887803030676,6.597941460319036,0.4766206526699777
2023-09-08,691.375,2.6106564948565465,4.589485911056797,0.17984615,-2.0118035052653807,6.601289416322178,0.483628712351543
2023-09-09,695.586,6.824785848951224,4.617186265904394,0.22930793,-1.9850504413926773,6.602236707297071,0.4904782198596427
2023-09-10,692.504,3.745834396673283,4.643144726974285,0.26897427,-1.9576348960258776,6.600779623000163,0.4971673662120747
2023-09-11,691.092,2.3368016398768594,4.667352248515252,0.29446945,-1.9295633265465928,6.5969155750618445,0.5036944183078242
2023-09-12,694.1460000000001,5.393687080416742,4.689800743734772,0.31346944,-1.900842367800749,6.590643111535521,0.5100577192329953
2023-09-13,698.703,9.95349022014679,4.710483093753477,0.34289733,-1.8714788367849635,6.581961930538441,0.5162556885050463
2023-09-14,696.2420000000001,7.495210560922012,4.729393155644118,0.3752981,-1.84147973731146,6.5708728929555775,0.5222868222553071
2023-09-15,693.213,4.468847604596284,4.746525769539645,0.39918533,-1.8108522646397027,6.557378034179347,0.5281496933498228
2023-09-16,693.864,5.122400853024276,4.761876764795868,0.4284771,-1.7796038100629643,6.541480574858832,0.5338429514486324
2023-09-17,693.609,4.869869808060374,4.775442965195471,0.45269334,-1.7477419654379798,6.523184930633451,0.5393653230036668
2023-09-18,694.78,6.043253971558739,4.787222193181407,0.4772293,-1.715274527645959,6.502496720827366,0.5447156111955038
2023-09-19,697.0450000000001,8.31055284537423,4.7972132731087065,0.5102617,-1.6822095029732091,6.479422776081916,0.5498926958093056
2023-09-20,699.5219999999999,10.789765931360616,4.805416033505317,0.5313766,-1.6485551113997443,6.453971144905061,0.5548955330503156
2023-09-21,698.131,9.400797963131332,4.811831308333509,0.5341349,-1.614319790784321,6.426151099117829,0.559723155299369
2023-09-22,696.6790000000001,7.950745828689279,4.816460937244851,0.5341409,-1.5795122009344036,6.395973138179254,0.5643746708089296
2023-09-23,697.308,8.581609015465062,4.819307764823076,0.5434997,-1.5441412275497766,6.363448992372852,0.5688492633402443
2023-09-24,694.65,5.925387010889406,4.820375638810344,0.54710156,-1.5082159860285622,6.328591624838905,0.5731461917422636
2023-09-25,695.997,7.274079302393123,4.819669407313817,0.3491133,-1.471745825124607,6.291415232438424,0.5772647894730423
2023-09-26,698.141,9.41968537740668,4.817194914990829,0.22640213,-1.434740330445357,6.251935245436186,0.5812044640644087
2023-09-27,698.999,10.279204723361005,4.812958998212089,0.19802566,-1.3972093277795228,6.210168325991612,0.5849646965307455
2023-09-28,692.991,4.272636827686373,4.806969479204027,0.2134605,-1.3591628862440508,6.166132365448078,0.58854504072279
2023-09-29,697.108,8.390981177813783,4.79923515917236,0.18139014,-1.3206113212400972,6.119846480412457,0.5919451226274383
2023-09-30,700.932,12.216237261173893,4.789765810410654,0.10780233,-1.281565197207999,6.071331007618653,0.5951646396145679
2023-10-01,693.049,4.334404565197037,4.778572167398814,0.09902376,-1.2420353301714038,6.020607497570218,0.5982033596320016
2023-10-02,698.318,9.604482577314265,4.765665916897814,0.09589236,-1.2020327900610353,5.967698706958849,0.6010611203497409
2023-10-03,700.6329999999999,11.9204707849559,4.751059687048467,0.06988763,-1.1615689028088445,5.912628589857311,0.6037378282547047
2023-10-04,695.747,7.035368675553,4.73476703548316,0.102258936,-1.120655252203541,5.855422287686701,0.6062334576972291
2023-10-05,693.0939999999999,4.383175736535852,4.7168024364611085,0.12521335,-1.0793036814988546,5.796106117959964,0.6085480498906669
2023-10-06,691.125,2.414891455335489,4.6971812670387285,0.16239426,-1.0375262947661872,5.734707561804916,0.6106817118654558
2023-10-07,699.448,10.73851531938218,4.67591979228826,0.20842074,-0.9953354579835616,5.671255250271821,0.6126346153791026
2023-10-08,699.795,11.086046816106904,4.653035149579053,0.2538174,-0.9527437998532662,5.605778949432319,0.6144069957835572
2023-10-09,703.649,14.940485432940164,4.628545331937131,0.15817095,-0.909764212340782,5.538309544277913,0.6159991508515201
2023-10-10,699.804,11.095830657312714,4.602469170500077,0.008171005,-0.8664098509280808,5.468879021428158,0.6174114395632613
2023-10-11,694.371,5.6630819766551,4.574826316085464,-0.08865289,-0.8226941345746269,5.397520450660092,0.6186442808555815
2023-10-12,698.0150000000001,9.307238878398294,4.545637219892323,-0.0905019,-0.7786307453799521,5.324267965272275,0.6196981523345906
2023-10-13,696.645,7.937300849972386,4.514923113356383,-0.08479199,-0.7342336279418907,5.249156741298274,0.6205735889540175
2023-10-14,691.5120000000001,2.8042673788086967,4.482705987181078,-0.06362757,-0.6895169884051352,5.172222975586213,0.621271181660809
2023-10-15,694.513,5.805137952337488,4.449008569567368,-0.031598426,-0.6444952931950486,5.093503862762416,0.621791576009814
2023-10-16,690.8199999999999,2.111912057989336,4.413854303666736,-0.17152512,-0.5991832674321886,5.013037571098924,0.6221354707493808
2023-10-17,694.385,5.67658918319536,4.377267324282771,-0.15812501,-0.5535958930233417,4.930863217306113,0.6223036163797406
2023-10-18,694.8539999999999,6.145168815385729,4.33927243384781,-0.14410935,-0.5077484064253869,4.847020840273197,0.6222968136860659
2023-10-19,697.054,8.344650441991563,4.299895077702368,-0.113182686,-0.4616562960786754,4.761551373781042,0.6221159122481422
2023-10-20,696.615,7.9050335504431795,4.259161318705828,-0.063185476,-0.4153352995070857,4.674496618212913,0.6217618089285982
2023-10-21,695.2850000000001,6.574317628171521,4.217097811208225,-0.022911437,-0.3688014000824016,4.585899211290626,0.6212354463416863
2023-10-22,691.99,3.2785021626068427,4.173731774413609,-0.114448406,-0.3220708234510431,4.495802597864652,0.6205378113046073
2023-10-23,695.507,6.794586641180194,4.129090965166613,-0.10819404,-0.2751600336217109,4.404250998788324,0.6196699332734135
2023-10-24,700.197,11.48357055132212,4.083203650194698,-0.10883612,-0.2280857287129392,4.311289378907637,0.6186328827655267
2023-10-25,698.427,9.71245338046336,4.036098577839303,-0.23756823,-0.1808648363599887,4.216963414199292,0.6174277697709298
2023-10-26,692.847,4.131187193502723,3.987804949310176,-0.23643343,-0.1335145087810704,4.121319458091246,0.6160557421541116
2023-10-27,691.0619999999999,2.344820210417413,3.938352389497668,-0.20435369,-0.0860521175032443,4.024404507000912,0.6145179840488372
2023-10-28,690.6139999999999,1.8953519114203017,3.8877709173786807,-0.16981131,-0.0384952477489127,3.9262661651275934,0.6128157142478424
2023-10-29,689.002,0.2817817767244759,3.836090916052634,-0.13984773,0.0091383075157748,3.82695260853686,0.6109501845895486
2023-10-30,693.289,4.567040534209632,3.783343102444332,-0.10318953,0.056830553868746,3.7265125485755854,0.6089226783438892
2023-10-31,696.0730000000001,7.34920258907762,3.729558496711388,-0.058447454,0.1045633020538328,3.624995194657555,0.6067345085993648
2023-11-01,693.1270000000001,4.401267410756535,3.674768391394285,-0.012606754,0.1523181749337399,3.522450216460545,0.6043870166534072
2023-11-02,690.563,1.835234468674297,3.6190043203476567,-0.11768508,0.200076614771046,3.4189277055766105,0.6018815704081574
2023-11-03,689.716,0.986103232259352,3.56229802749189,-0.10202044,0.2478198908334275,3.314478136658462,0.5992195627737407
2023-11-04,693.001,4.269055685885366,3.504681435424506,-0.1630558,0.295529107319034,3.209152328105472,0.5964024100811158
2023-11-05,690.0840000000001,1.3499137436800988,3.446186613931111,-0.2865883,0.343185211597349,3.1030014023337618,0.5934315505065602
2023-11-06,696.4599999999999,7.723676902099095,3.3868457484360355,-0.78151345,0.3907690027604974,2.996076745675538,0.5903084425098432
2023-11-07,696.423,7.6843446575991265,3.326691108433004,-0.83173555,0.4382611404794744,2.888429967953529,0.5870345632881138
2023-11-08,688.96,0.2189165066358152,3.265755015936412,-0.8163127,0.4856421541593199,2.780112861777092,0.5836114072475216
2023-11-09,690.447,1.703777084257029,3.204069813993808,-0.80783063,0.5328924523868794,2.6711773616069285,0.5800404844945471
2023-11-10,691.9419999999999,3.196543173123952,3.141667835300458,-0.8160487,0.5799923326642892,2.561675502636169,0.5763233193490203
2023-11-11,690.543,1.7952143273307062,3.0785813709566434,-0.8400419,0.6269219914209706,2.451659379535673,0.5724614488807385
2023-11-12,695.607,6.8567901009704055,3.0148426394086423,-0.8307935,0.6736615342964456,2.341181105112197,0.5684564214716165
2023-11-13,691.264,2.5112700481367534,2.9504837556138663,-0.8828858,0.7201909866859266,2.2302927689279395,0.564309795405212
2023-11-14,693.471,4.715653722923457,2.8855367004708965,-0.9722048,0.7664903045402138,2.119046395930683,0.5600231374854823
2023-11-15,693.7860000000001,5.027940679423991,2.8200332905546865,-0.98563504,0.8125393854110293,2.007493905143657,0.5555980216865576
2023-11-16,693.955,5.194130471732045,2.7540051481970456,-1.0264003,0.8583180797325958,1.8956870684644496,0.5510360278352957
2023-11-17,688.3430000000001,-0.4207773460588853,2.6874836719522754,-1.0067415,0.903806202329841,1.7836774696224345,0.5463387403283293
2023-11-18,691.406,2.6402821894140858,2.6205000074873785,-1.3158808,0.9489835441432848,1.6715164633440938,0.5415077468852736
2023-11-19,694.061,5.293264382512646,2.55308501893593,-1.5153409,0.9938298841603088,1.5592551347756212,0.5365446373397216
2023-11-20,693.058,4.288168945688122,2.4852692607541957,-1.4814335,1.0383250015422016,1.4469442592119937,0.531451002469601
2023-11-21,688.649,-0.1230044086080983,2.4170829501175586,-1.4643936,1.0824486879360184,1.33463426218154,0.5262284328684067
2023-11-22,688.087,-0.6866129817920426,2.3485559398947986,-1.4415077,1.1261807599600138,1.2223751799347848,0.5208785178587824
2023-11-23,694.353,5.577890249653189,2.2797176922370914,-1.4141818,1.1695010718510763,1.1102166203860149,0.515402844449868
2023-11-24,693.765,4.9881648491908805,2.2105972528179216,-1.3719332,1.2123895282623929,0.998207724555529,0.5098029963397552
2023-11-25,695.006,6.22737791103412,2.141223225759465,-1.3284518,1.2548260971991907,0.8863971285602743,0.5040805529643584
2023-11-26,693.663,4.882529244441509,2.0716237492800245,-1.2862228,1.2967908230802592,0.7748329261997653,0.4982370885939264
2023-11-27,692.013,3.2306186586711343,2.0018264720965453,-1.2482105,1.3382638399126503,0.663562632183895,0.4922741714783692
2023-11-28,693.9459999999999,5.161637846178147,1.93185853061512,-1.2133586,1.3792253845667506,0.5526331460483691,0.486193363042501
2023-11-29,695.309,6.522594957245322,1.861746526941548,-1.1935693,1.41965581013875,0.4420907168027976,0.4799962171322423
2023-11-30,693.333,4.544489799895092,1.791516507743139,-1.2563151,1.45953559938726,0.3319809083558791,0.4736842793127457
2023-12-01,694.249,5.458179991377483,1.721193943991795,-1.38337,1.4988453782307432,0.2223485657610517,0.4672590862193531
2023-12-02,692.852,4.058655523383602,1.650803711617356,-1.6842667,1.537565929292206,0.1132377823251498,0.4607221649622016
2023-12-03,693.446,4.650076424919268,1.5803700730992205,-2.1639428,1.5756782054774718,0.0046918676217484,0.4540750325852474
2023-12-04,692.8140000000001,4.015269953529989,1.5099166600229184,-2.208905,1.6131633435732529,-0.1032466835503345,0.4473191955803837
2023-12-05,695.4090000000001,6.607358194095561,1.4394664566272322,-2.2472806,1.650002677851078,-0.2105362212238459,0.4404561494572566
2023-12-06,690.211,1.405857146173552,1.3690417843662503,-2.5230386,1.6861777536630895,-0.3171359692968392,0.433487378369317
2023-12-07,690.48,1.6713216634737833,1.2986642875093568,-2.8207338,1.721670341015627,-0.4230060535062703,0.4264143547965637
2023-12-08,693.23,4.417725299312743,1.2283549198009345,-2.8017666,1.756462448106445,-0.5281075283055106,0.4192385392853435
2023-12-09,689.509,0.6930531405957399,1.1581339322002444,-2.7835777,1.7905363348114038,-0.6324024026111594,0.4119613802455192
2023-12-10,692.47,3.65011112537117,1.088020861720462,-2.8120754,1.823874526106384,-0.7358536643859215,0.404584313805215
2023-12-11,691.38,2.555947964021065,1.0180345213845436,-2.7898664,1.856459825410256,-0.8384253040257121,0.3971087637232786
2023-12-12,687.388,-1.4406053117067938,0.948192991314045,-2.759171,1.888275327834697,-0.940082336520652,0.3895361413595191
2023-12-13,696.114,7.280873042702694,0.8785136109657403,-2.7316155,1.9193044333266112,-1.0407908223608708,0.3818678457026955
2023-12-14,693.102,4.264339315997372,0.8090129725291018,-2.6982236,1.949530859689128,-1.140517887160026,0.3741052634561488
2023-12-15,689.78,0.9377897610017168,0.7397069154964762,-2.6532125,1.9789386554670143,-1.239231739970538,0.366249769180895
2023-12-16,691.013,2.1661608757153057,0.6706105224160502,-2.603354,2.0075122126825646,-1.3369016902665145,0.3583027254959021
2023-12-17,689.5550000000001,0.7034247113149763,0.6017381158361922,-2.6053586,2.0352362794080388,-1.4334981635718465,0.3502654833352076
2023-12-18,701.57,12.713679104888213,0.5331032564481974,-2.8223321,2.062095972160908,-1.52899271571271,0.3421393822614436
2023-12-19,698.3979999999999,9.536751774977253,0.4647187424328409,-3.2939854,2.0880767881081947,-1.6233580456753538,0.3339257508352446
2023-12-20,689.846,0.979670832286062,0.3965966100144752,-3.49739,2.113164617066493,-1.7165680070520175,0.3256259070399581
2023-12-21,687.918,-0.9536463267455044,0.3287481352248754,-3.4549727,2.1373457532842064,-1.808597618059331,0.3172411587609653
2023-12-22,684.9380000000001,-3.938917505718167,0.2611838368773054,-3.4484026,2.160606906992972,-1.8994230701156665,0.3087728043188676
2023-12-23,693.0659999999999,4.184549200254693,0.1939134807496155,-3.4253094,2.1829352157152138,-1.9890217349655983,0.3002221330556917
2023-12-24,689.6999999999999,0.8140315314865174,0.1269460849736982,-3.411051,2.2043182553151057,-2.077372170341408,0.2915904259732005
2023-12-25,689.061,0.1704433610940259,0.0602899266266249,-3.421917,2.224744050780424,-2.164454124153799,0.2828789564223151
2023-12-26,689.988,1.092861270411051,-0.0060474504825058,-3.426947,2.2442010867230056,-2.250248537205511,0.2740889908425727
2023-12-27,691.515,2.6151882087275142,-0.0720592268379297,-3.6738577,2.2626783175857685,-2.334737544423698,0.2652217895504725
2023-12-28,690.309,1.4045388088773023,-0.1377392970642124,-3.715202,2.280165177544588,-2.4179044746088008,0.2562786075754799
2023-12-29,691.2810000000001,2.3717942988081058,-0.2030822586060755,-3.9066908,2.2966515900935205,-2.499733848699596,0.2472606955423966
2023-12-30,686.0110000000001,-2.903049014558017,-0.2680833992538273,-4.045595,2.312127977302258,-2.580211376556085,0.2381693005987132
2023-12-31,688.071,-0.8476414977915532,-0.3327386835288473,-3.9912224,2.326585268734928,-2.6593239522637755,0.2290056673855119
