date,gps_raw_up_mm,gps_detrended_mm,gps_seasonal_mm,hydl_original_up_mm,hydl_seasonal_mm,gps_minus_hydl_mm,poroelastic_mm
2021-01-01,69.275,-1.143178635447196,-0.226149610162463,-2.0242877,0.8128954997036741,-1.039045109866137,0.1483675530820514
2021-01-02,66.135,-4.28415767402495,-0.3438522555791778,-2.1376061,0.8798237429820703,-1.2236759985612482,0.1395124299074766
2021-01-03,59.225,-11.195044767246802,-0.4607511381890866,-2.30343,0.9464185621842636,-1.4071697003733503,0.1305800261068694
2021-01-04,72.482,2.061159805201365,-0.5767946579839972,-2.7437222,1.0126523632009885,-1.5894470211849856,0.1215735080412235
2021-01-05,69.667,-0.7548380222738822,-0.6919322191902636,-2.7377818,1.0784977748397873,-1.7704299940300507,0.1124960963231921
2021-01-06,66.724,-3.69890073058447,-0.8061142673736287,-2.90961,1.143927664411101,-1.9500419317847293,0.1033510643138664
2021-01-07,64.74100000000001,-5.682708760420315,-0.9192923253282042,-2.8807652,1.208915153059038,-2.1282074783872424,0.0941417365730241
2021-01-08,63.195,-7.229130794467842,-1.0314190277106394,-3.0422251,1.2734336308245513,-2.3048526585351907,0.0848714872639444
2021-01-09,66.49199999999999,-3.932271150891794,-1.1424481543820315,-2.9820976,1.3374567714290666,-2.4799049258110983,0.0755437385139201
2021-01-10,68.32000000000001,-2.1043164708595183,-1.252334662421673,-3.002451,1.4009585467670185,-2.6532932091886914,0.0661619587316461
2021-01-11,67.79,-2.634267005688439,-1.3610347167783725,-2.9705749,1.46391324109606,-2.824947957874432,0.0567296608827143
2021-01-12,67.89399999999999,-2.530123006695881,-1.4685057195266618,-3.1828558,1.5262954649141516,-2.9948011844408136,0.0472504007244596
2021-01-13,64.542,-5.881783571809148,-1.5747063376969743,-3.404442,1.5880801685130794,-3.162786506210054,0.0377277750014778
2021-01-14,63.552,-6.870536928837756,-1.6795965296505064,-3.3236358,1.649242655198381,-3.328839184848888,0.0281654196031362
2021-01-15,61.393,-9.02817171977956,-1.7831375699712964,-3.27743,1.709758594166066,-3.4928961641373624,0.0185670076844704
2021-01-16,70.217,-0.202688060958823,-1.8852920728498608,-3.202541,1.7696040330269358,-3.654896105876797,0.008936247751863
2021-01-17,62.29,-8.129074582114924,-1.986024013934472,-3.1351342,1.8287554099697287,-3.8147794239042,-0.0007231182850327
2021-01-18,63.69,-6.728359989179353,-2.085298750628122,-3.0588183,1.8871895655547783,-3.972488316182901,-0.0104073170936627
2021-01-19,57.384,-13.033544545594552,-2.183083040811034,-3.0044913,1.9448837541302808,-4.127966794941314,-0.0201125459297088
2021-01-20,62.92,-7.496628514802979,-2.279345059970496,-2.9375741,2.0018156548637585,-4.281160714834254,-0.0298349746774673
2021-01-21,69.925,-0.4906121602471294,-2.374054416721782,-2.885838,2.057963382381733,-4.432017799103515,-0.0395707479178881
2021-01-22,67.939,-2.475653507945456,-2.467182166705796,-2.8849506,2.1133054970111083,-4.580487663716903,-0.0493159870226876
2021-01-23,71.864,1.450464081136905,-2.5587008248511163,-2.8481553,2.167821014616208,-4.726521839467324,-0.0590667922729159
2021-01-24,69.691,-0.7214219573133769,-2.64858437599008,-2.9105,2.2214894160259084,-4.8700737920159884,-0.0688192450003277
2021-01-25,71.702,1.2907386284681186,-2.7368082838205408,-2.9637218,2.274290656045789,-5.011098939866329,-0.0785694097498966
2021-01-26,72.089,1.678886272484756,-2.823349498206956,-2.9982414,2.326205172050652,-5.149554670257608,-0.08831333646179
2021-01-27,67.634,-2.775108524760546,-2.908186460816492,-3.6055274,2.3772138921533226,-5.285400352969814,-0.0980470626710908
2021-01-28,63.602,-6.805992663051917,-2.991299109087844,-3.8897786,2.42729824294607,-5.418597352033913,-0.1077666157235551
2021-01-29,71.206,0.7992334959793017,-3.072668878532524,-3.924307,2.4764401568114938,-5.549109035344017,-0.117468015005662
2021-01-30,63.054,-7.351795019305925,-3.152278703370343,-3.9451103,2.5246220788002134,-5.676900782170557,-0.1271472741872103
2021-01-31,64.349,-6.055714385968676,-3.23011301550296,-4.1505423,2.5718269730731733,-5.801939988576133,-0.1368004034746952
2021-02-01,67.437,-2.966525020345967,-3.306157741831232,-4.333553,2.618038328906892,-5.924196070738123,-0.1464234118737007
2021-02-02,63.747,-6.655227338774841,-3.380400299924318,-4.5608997,2.663240166260416,-6.043640466184734,-0.1560123094585199
2021-02-03,62.928,-7.472821757592326,-3.4528295920502914,-4.67953,2.707417040903304,-6.160246632953594,-0.1655631096472195
2021-02-04,70.51599999999999,0.1166913068645625,-3.5234359975801945,-4.5969806,2.75055404910436,-6.273990046684554,-0.1750718314803587
2021-02-05,63.434000000000005,-6.963948461299953,-3.592211363779317,-4.526682,2.792636831881397,-6.384848195660714,-0.1845345019015636
2021-02-06,63.871,-6.5254807395086845,-3.6591489950015794,-4.445287,2.833651578812737,-6.492800573814316,-0.1939471580381669
2021-02-07,68.87899999999999,-1.5159059831794726,-3.724243640304681,-4.363001,2.8735850314116385,-6.59782867171632,-0.2033058494801086
2021-02-08,67.331,-3.062224647730134,-3.7874914795058094,-4.268949,2.91242448606533,-6.699915965571139,-0.2126066405553103
2021-02-09,70.143,-0.2482929896766292,-3.848890107699399,-4.1683264,2.950157796540775,-6.799047904240174,-0.2218456125997336
2021-02-10,64.95700000000001,-5.432408970048749,-3.908438518260486,-4.076816,2.986773376059749,-6.8952118943202345,-0.2310188662203338
2021-02-11,63.325,-7.062275655955657,-3.9661370843589,-4.242134,3.0222601989462743,-6.988397283305174,-0.2401225235491317
2021-02-12,72.065,1.67995831412895,-4.021987539011504,-4.343655,3.0566078018499088,-7.078595340861413,-0.2491527304866426
2021-02-13,73.741,3.3580760489458625,-4.075992953701318,-4.6749,3.08980628454879,-7.165799238250108,-0.258105658932895
2021-02-14,60.757,-9.623746335424093,-4.128157715594249,-4.7242136,3.1218463103368257,-7.250004025931075,-0.266977509004299
2021-02-15,64.455,-5.923466221087165,-4.178487503385758,-4.9010296,3.1527191059997723,-7.33120660938553,-0.2757645112346323
2021-02-16,72.396,2.0199159186982767,-4.226989261811544,-4.856139,3.182416461385427,-7.40940572319697,-0.2844629287584296
2021-02-17,67.88,-2.493760920430348,-4.27367117485788,-4.771188,3.2109307285735094,-7.48460190343139,-0.2930690594750691
2021-02-18,62.851000000000006,-7.520338795895547,-4.318542637708887,-4.7585998,3.2382548206512465,-7.556797458360133,-0.3015792381918882
2021-02-19,66.96000000000001,-3.4088182048969173,-4.361614227469506,-4.892505,3.2643822101010187,-7.6259964375705245,-0.3099898387446565
2021-02-20,51.229,-19.13719964463408,-4.402897672704485,-5.0313544,3.289306926806853,-7.692204599511339,-0.3182972760937793
2021-02-21,62.68899999999999,-7.67448361230657,-4.442405821835076,-4.986548,3.3130235556868297,-7.755429377521905,-0.3264980083946055
2021-02-22,61.172,-9.188629600317388,-4.480152610436547,-4.9360137,3.335527233958945,-7.815679844395492,-0.334588539040264
2021-02-23,57.858,-12.499638316813746,-4.516153027480969,-4.8598356,3.3568136480481634,-7.872966675529132,-0.342565418675452
2021-02-24,62.051,-8.303553337525218,-4.550423080571,-4.7677135,3.376879030142859,-7.927302110713859,-0.350425247179651
2021-02-25,67.684,-2.6673751470292717,-4.582979760211568,-4.7062016,3.395720154409076,-7.978699914620644,-0.3581646756182551
2021-02-26,64.51700000000001,-5.831104229903282,-4.613841003167618,-4.6690645,3.413334332871353,-8.02717533603897,-0.3657804081601428
2021-02-27,67.177,-3.167741070724738,-4.643025654957053,-4.596776,3.429719410969208,-8.072745065926261,-0.3732692039602462
2021-02-28,73.335,2.9937138459289554,-4.67055343152921,-4.52471,3.444873762798533,-8.115427194327744,-0.3806278790057026
2021-03-01,69.57000000000001,-0.7679205348259992,-4.6964448801799845,-4.43333,3.4587962860475656,-8.155241166227551,-0.3878533079242203
2021-03-02,66.372,-3.9625077413571534,-4.720721339755872,-4.3368063,3.471486396637204,-8.192207736393076,-0.3949424257533096
2021-03-03,72.799,2.46799385237142,-4.743404900199766,-4.2432413,3.482944023075785,-8.226348923275552,-0.4018922296690797
2021-03-04,61.414,-8.91368623989081,-4.76451836149243,-4.1565213,3.493169600538584,-8.257687962031014,-0.408699780673334
2021-03-05,62.271,-8.053280237496736,-4.784085192044011,-4.184511,3.502164064682527,-8.286249256726538,-0.4153622052377384
2021-03-06,72.901,2.580211301418711,-4.802129486590799,-4.401875,3.509928845206817,-8.312058331797616,-0.4218766969038676
2021-03-07,59.073,-11.24463960804792,-4.8186759236529015,-4.334983,3.516465859170325,-8.335141782823227,-0.428240517837995
2021-03-08,62.735,-7.579407231927257,-4.833749722609067,-4.3026657,3.5217775040767263,-8.355527226685794,-0.4344510003395126
2021-03-09,61.919,-8.392092192437158,-4.8473766004452985,-4.3575864,3.525866650738595,-8.373243251183894,-0.4405055483019219
2021-03-10,62.663,-7.644695111795471,-4.859582728234275,-4.4305654,3.528736635931707,-8.388319364165982,-0.44640163862538
2021-03-11,63.552,-6.752216612220006,-4.870394687402896,-4.3757954,3.5303912548509424,-8.400785942253838,-0.4521368225798239
2021-03-12,59.956,-10.344657315928645,-4.879839425845468,-4.2934384,3.5308347533793074,-8.410674179224776,-0.4577087271177499
2021-03-13,62.653,-7.644017845139212,-4.887944213940229,-4.231787,3.5300718201816306,-8.418016034121859,-0.4631150561357565
2021-03-14,64.693,-5.600298822069568,-4.89473660052694,-4.3794723,3.5281075786345744,-8.422844179161515,-0.4683535916840332
2021-03-15,65.44200000000001,-4.847500868937523,-4.900244368903315,-4.497495,3.5249475786046465,-8.425191947507962,-0.4734221951229805
2021-03-16,66.89399999999999,-3.3916246079609844,-4.904495492897974,-4.4220276,3.5205977880859374,-8.425093280983912,-0.4783188082262508
2021-03-17,69.248,-1.0336706613577291,-4.9075180930774565,-4.3485303,3.5150645847093136,-8.422582677786771,-0.4830414542294926
2021-03-18,63.102,-7.17571116386911,-4.909340393144629,-4.4608026,3.508354747134788,-8.417695140279417,-0.4875882388241695
2021-03-19,64.04799999999999,-6.225437073550195,-4.909990676585491,-4.521053,3.5004754463388243,-8.410466122924316,-0.4919573510958557
2021-03-20,59.973,-10.296007269304448,-4.909497243621113,-4.496123,3.491434236808228,-8.40093148042934,-0.4961470644064639
2021-03-21,64.54899999999999,-5.715304586653714,-4.907888368520877,-4.410128,3.4812390476522808,-8.389127416173157,-0.5001557372199069
2021-03-22,66.43400000000001,-3.825256178101036,-4.905192257332817,-4.3916516,3.4698981736447188,-8.375090430977536,-0.5039818138707577
2021-03-23,63.606,-6.648130900159339,-4.901437006086163,-4.336734,3.457420266207026,-8.35885727229319,-0.5076238252755055
2021-03-24,68.828,-1.4209292705594745,-4.8966505595206655,-4.293235,3.4438143243444785,-8.340464883865144,-0.5110803895860647
2021-03-25,70.81899999999999,0.5753481929676592,-4.890860670396421,-4.27005,3.42908968554625,-8.319950355942671,-0.5143502127852524
2021-03-26,70.826,0.5874310041716044,-4.884094859437303,-4.196577,3.4132560166607355,-8.297350876098038,-0.5174320892239755
2021-03-27,63.11899999999999,-7.114840483069072,-4.876380375960056,-4.112069,3.3963233047571726,-8.272703680717228,-0.5203249020999562
2021-03-28,64.896,-5.332849284171736,-4.867744159240416,-4.0505414,3.3783018479844387,-8.246046007224855,-0.5230276238778343
2021-03-29,65.11200000000001,-5.111689158359241,-4.8582128006663865,-3.9784827,3.3592022464377567,-8.217415047104144,-0.5255393166505722
2021-03-30,69.203,-1.0154669517799446,-4.847812506728002,-3.8828738,3.3390353930438788,-8.18684789977188,-0.5278591324421101
2021-03-31,71.295,1.0818996895684787,-4.836569062891579,-3.791734,3.317812464475093,-8.154381527366672,-0.5299863134512862
2021-04-01,64.28200000000001,-5.925845183738758,-4.824507798405463,-3.6972907,3.2955449121022307,-8.120052710507693,-0.5319201922370851
2021-04-02,69.677,-0.5254491344644148,-4.811653552082893,-3.5989594,3.2722444529965897,-8.083898005079483,-0.5336601918453119
2021-04-03,72.867,2.6699190934315777,-4.798030639106426,-3.5170708,3.24792306099052,-8.045953700096947,-0.5352058258768623
2021-04-04,63.488,-6.704182165382895,-4.783662818896975,-3.4302106,3.222592957806099,-8.006255776703075,-0.5365566984977885
2021-04-05,68.99,-1.197158561759942,-4.76857326408906,-3.351689,3.196266604261168,-7.964839868350228,-0.537712504391419
2021-04-06,65.05199999999999,-5.129425477359632,-4.752784530652509,-3.2760773,3.1689566915616094,-7.921741222214118,-0.5386730286528322
2021-04-07,64.331,-5.844571593481047,-4.736318529199262,-3.2334154,3.140676132688619,-7.876994661887881,-0.5394381466260395
2021-04-08,68.202,-1.9676716240075292,-4.719196497512369,-3.194153,3.111438053889297,-7.830634551401666,-0.5400078236842699
2021-04-09,66.963,-3.200726113674712,-4.701438974332729,-3.1446471,3.0812557862786947,-7.782694760611424,-0.540382114953801
2021-04-10,74.283,4.125264392781713,-4.683065774437373,-3.0954914,3.050142857561096,-7.733208631998469,-0.5405611649818258
2021-04-11,67.074,-3.0782269593366007,-4.664095965041465,-3.0197628,3.0181129838779857,-7.682208948919451,-0.5405452073488894
2021-04-12,66.173,-3.973587828470659,-4.644547843554409,-2.950839,2.9851800617898965,-7.629727905344305,-0.5403345642264684
2021-04-13,69.452,-0.6887716501530625,-4.624438916718695,-2.89235,2.9513581603989225,-7.575797077117618,-0.5399296458803194
2021-04-14,69.145,-0.990084903024051,-4.603785881158269,-2.8440664,2.9166615136183878,-7.520447394776657,-0.5393309501202543
2021-04-15,68.448,-1.681373152194011,-4.582604605361387,-2.7839687,2.881104512595828,-7.463709117957215,-0.5385390616970489
2021-04-16,68.043,-2.080486152917143,-4.560910113120992,-2.7132955,2.8447016982950317,-7.405611811416024,-0.5375546516472318
2021-04-17,68.147,-1.9705795317664492,-4.538716568453762,-2.6268694,2.8074677542426,-7.346184322696362,-0.5363784765865317
2021-04-18,68.646,-1.4651275631411091,-4.516037262017016,-2.5432632,2.769417499444073,-7.285454761461089,-0.5350113779528098
2021-04-19,70.587,0.4823571605355856,-4.492884599040667,-2.4668589,2.730565881474309,-7.223450480514977,-0.5334542811993426
2021-04-20,66.342,-3.75612586715872,-4.469270088789477,-2.415205,2.6909279697464505,-7.160198058535928,-0.5317081949393393
2021-04-21,69.99,-0.1014222849696633,-4.44520433556877,-2.3444154,2.650518948963408,-7.095723284532177,-0.5297742100426444
2021-04-22,72.395,2.310481561162764,-4.420697031284765,-2.2833736,2.609354112755424,-7.030051144040188,-0.5276534986855697
2021-04-23,70.429,0.3510379195418398,-4.395756949568684,-2.2185724,2.5674488575069088,-6.963205807075592,-0.5253473133548822
2021-04-24,72.186,2.1144430125982665,-4.37039194147157,-2.2480443,2.524818676375319,-6.895210617846889,-0.5228569858069563
2021-04-25,72.566,2.500286362478804,-4.344608932734878,-2.4311209,2.481479153504504,-6.826088086239382,-0.5201839259831696
2021-04-26,79.462,9.4016112810506,-4.3184139226396505,-2.421575,2.437445958434526,-6.755859881074176,-0.5173296208826269
2021-04-27,70.718,0.6628354609307947,-4.291811984435071,-2.3498511,2.3927348407095868,-6.684546825144658,-0.514295633393339
2021-04-28,66.861,-3.1894183340310147,-4.26480726734508,-2.2821536,2.3473616246852957,-6.612168892030375,-0.5110836010830014
2021-04-29,65.505,-4.540520320590533,-4.23740300014965,-2.2161934,2.3013422045361414,-6.538745204685791,-0.5076952349505484
2021-04-30,64.753,-5.287196298124432,-4.20960149633522,-2.154912,2.254692539463614,-6.464294035798835,-0.5041323181396841
2021-05-01,65.74000000000001,-4.294856616765573,-4.1814041608066805,-2.1278992,2.2074286491050743,-6.388832809911754,-0.500396704615609
2021-05-02,67.093,-2.936502003696769,-4.152811498151261,-2.0657625,2.15956660914305,-6.312378107294311,-0.4964903178061942
2021-05-03,62.78,-7.244133186100836,-4.123823122442575,-1.9953183,2.111122547114284,-6.23494566955686,-0.4924151492088594
2021-05-04,68.568,-1.450667959785766,-4.094437768571013,-1.923201,2.062112638417472,-6.156550406988485,-0.4881732569644473
2021-05-05,70.303,0.2898077257688607,-4.064653305084663,-1.8288661,2.012553102518246,-6.077206407602909,-0.4837667643993958
2021-05-06,64.967,-5.040789775372381,-4.034466748522897,-1.7469331,1.962460199349612,-5.996926947872509,-0.4791978585375239
2021-05-07,69.007,-0.9953759554733744,-4.003874279222731,-1.6853968,1.911850225905664,-5.915724505128395,-0.4744687885827718
2021-05-08,69.353,-0.643951541716977,-3.972871258576173,-1.6293255,1.8607395130260589,-5.833610771602232,-0.4695818643742427
2021-05-09,63.772,-6.219557630213038,-3.941452247714697,-1.5780506,1.8091444223683637,-5.750596670083061,-0.464539454814905
2021-05-10,61.861,-8.125063291549809,-3.909611027595176,-1.5124544,1.757081343565056,-5.666692371160232,-0.4593439862753342
2021-05-11,64.384,-5.596539614921029,-3.8773406204596266,-1.4424157,1.7045666915616295,-5.581907312021256,-0.4539979409738662
2021-05-12,62.559000000000005,-7.415461014321479,-3.844633312639296,-1.3666595,1.65161690413188,-5.496250216771176,-0.4485038553345713
2021-05-13,59.913,-10.05525300338942,-3.811480678671799,-1.2831738,1.598248439566193,-5.409729118237991,-0.4428643183244252
2021-05-14,60.453,-9.509001076458794,-3.7778736066981904,-1.2103045,1.5444777745282692,-5.32235138122646,-0.4370819697711013
2021-05-15,65.711,-4.244705866631689,-3.743802325105172,-1.1560109,1.4903214020754785,-5.23412372718065,-0.431159498662777
2021-05-16,65.881,-4.068368007010133,-3.709256430375844,-1.1026295,1.4357958298376865,-5.1450522602135305,-0.4250996414313766
2021-05-17,68.77,-1.1729881306961794,-3.6742249161108425,-1.0541545,1.3809175783491563,-5.055142494459998,-0.4189051802206568
2021-05-18,73.21900000000001,3.2826693053633678,-3.638696203180008,-1.0312158,1.3257031795278014,-4.964399382707809,-0.4125789411405525
2021-05-19,63.092,-6.837696527735597,-3.6026581709632297,-0.996452,1.2701691752958602,-4.87282734625909,-0.4061237925091901
2021-05-20,63.656000000000006,-6.267013844856814,-3.5660981896375565,-0.9973751,1.2143321163357494,-4.780430305973306,-0.399542643083984
2021-05-21,66.891,-3.025283254848385,-3.529003153466218,-0.99328667,1.1582085609746502,-4.687211714440868,-0.3928384402832185
2021-05-22,59.243,-10.666505366558384,-3.4913595150437966,-0.96107054,1.1018150741911237,-4.59317458923492,-0.3860141683995179
2021-05-23,64.171,-5.731680788834899,-3.4531533204504408,-0.92401946,1.045168226736861,-4.4983215471873015,-0.3790728468065985
2021-05-24,63.513,-6.382810130526035,-3.414370245266709,-0.89544666,0.9882845943664208,-4.40265483963313,-0.3720175281606904
2021-05-25,60.723,-9.16589400047988,-3.3749956313994223,-0.86802536,0.931180757167678,-4.3061763885671,-0.3648512965980078
2021-05-26,64.40700000000001,-5.4749330075445055,-3.335014524667709,-0.7984284,0.8738732989854435,-4.208887823653153,-0.3575772659296405
2021-05-27,60.354,-9.520927760568023,-3.2944117130973543,-0.7686826,0.8163788069306288,-4.110790520027983,-0.3501985778352105
2021-05-28,65.33200000000001,-4.53587886839851,-3.253171765870491,-0.72508526,0.7587138709671114,-4.011885636837603,-0.3427184000566596
2021-05-29,57.676,-12.184786939884066,-3.2112790728767178,-0.66551507,0.7008950835683485,-3.912174156445066,-0.3351399245934779
2021-05-30,67.058,-2.795582146395674,-3.168717884810813,-0.60455203,0.6429390394356467,-3.81165692424646,-0.3274663659007075
2021-05-31,61.551,-8.294913413936413,-3.1254723537613915,-0.5427012,0.5848623352698923,-3.710334689031284,-0.3197009590910102
2021-06-01,69.319,-0.5191932075347774,-3.0815265742340485,-0.48053616,0.5266815695884279,-3.608208143822477,-0.31184695814209
2021-06-02,66.96000000000001,-2.870420899180648,-3.0368646245518858,-0.43285698,0.4684133425787033,-3.505277967130589,-0.3039076341107348
2021-06-03,65.914,-3.908594935430787,-2.991470608575649,-0.37186316,0.4100742559802292,-3.401544864555879,-0.2958862733547222
2021-06-04,66.527,-3.2876454140571183,-2.945328697685184,-0.31277326,0.3516809129863379,-3.297009610671522,-0.2877861757638225
2021-06-05,66.12700000000001,-3.679279093661274,-2.8984231729634207,-0.2742232,0.2932499181571801,-3.1916730911206006,-0.279610653001095
2021-06-06,66.55999999999999,-3.2377898422226794,-2.8507384675236964,-0.23987955,0.2347978773354001,-3.0855363448590967,-0.2713630267556756
2021-06-07,68.413,-1.3761140275219428,-2.802259208920919,-0.20927355,0.1763413975558764,-2.978600606476796,-0.2630466270082046
2021-06-08,64.05,-5.730405273195465,-2.752970261586786,-0.1630755,0.1178970869409631,-2.870867348527749,-0.2546647903100406
2021-06-09,65.062,-4.7096640127140255,-2.7028567692291245,-0.12945531,0.0594815545726516,-2.762338323801776,-0.2462208580773696
2021-06-10,73.595,3.8321093204516288,-2.651904197135316,-0.11687955,0.0011114103331291,-2.653015607468445,-0.2377181749013003
2021-06-11,68.161,-1.593235030484215,-2.6000983743197232,-0.13971713,-0.0571967352947625,-2.5429016390249606,-0.2291600868750041
2021-06-12,76.39500000000001,6.64945566846735,-2.547425535455122,-0.18485807,-0.1154262714755686,-2.4319992639795536,-0.2205499399389413
2021-06-13,57.57,-12.166891296998095,-2.4938723625282453,-0.16011676,-0.1735605873261323,-2.320311775202113,-0.2118910782451711
2021-06-14,66.141,-3.587061889563702,-2.4394260261597625,-0.14349653,-0.2315830722855943,-2.207842953874168,-0.2031868425417342
2021-06-15,64.83999999999999,-4.879132593738529,-2.3840742265293184,-0.08325966,-0.289477116558651,-2.0945971099706675,-0.1944405685780522
2021-06-16,65.072,-4.6381780126167484,-2.327805233846572,-0.01009341,-0.3472261116400634,-1.980579122206508,-0.1856555855322683
2021-06-17,64.383,-5.318025443784201,-2.270607928309666,0.06647909,-0.4048134509283279,-1.8657944773813384,-0.1768352144614176
2021-06-18,68.803,-0.8888492807037529,-2.2124718394930247,0.1365478,-0.4622225304362151,-1.7502493090568096,-0.1679827667752885
2021-06-19,62.872,-6.810369966735122,-2.153387185106996,0.19334991,-0.5194367496057674,-1.6339504355012284,-0.1591015427348038
2021-06-20,70.92099999999999,1.2481243918695415,-2.0933449090724934,0.24203196,-0.5764395122351244,-1.5169053968373691,-0.1501948299757214
2021-06-21,65.97200000000001,-3.691438828299296,-2.032336718854544,0.28998283,-0.633214227524398,-1.3991224913301452,-0.1412659020584144
2021-06-22,72.397,2.743062664015146,-1.9703551219994404,0.33726645,-0.6897443112475702,-1.2806108107518703,-0.1323180170444716
2021-06-23,70.091,0.4465216468016011,-1.9073934618211077,0.39087912,-0.7460131870572047,-1.1613802747639026,-0.1233544161008145
2021-06-24,79.589,9.953288187126876,-1.8434459521831956,0.43061823,-0.8020042879285104,-1.0414416642546849,-0.114378322131997
2021-06-25,72.186,2.5588761092985903,-1.7785077113244951,0.46967506,-0.8577010577490654,-0.9208066535754298,-0.105392938441327
2021-06-26,68.491,-1.1275842186938494,-1.712574794676288,0.5087728,-0.9130869530602472,-0.7994878416160407,-0.0964014474214076
2021-06-27,68.613,-0.9970445326605496,-1.6456442266214932,0.5536931,-0.9681454449561552,-0.677498781665338,-0.0874070092746656
2021-06-28,68.743,-0.858225384534814,-1.5777140311465927,0.6035232,-1.0228600211455292,-0.5548540100010635,-0.0784127607644014
2021-06-29,71.973,2.3806351464699245,-1.508783261338717,0.6499869,-1.0772141881818755,-0.4315690731568415,-0.0694218139968593
2021-06-30,68.074,-1.509562322345811,-1.4388520276815162,0.6942758,-1.131191473866734,-0.3076605538147821,-0.0604372552347842
2021-07-01,73.987,4.412230515818517,-1.367921525104955,0.7319922,-1.1847754298306787,-0.1831460952742762,-0.051462143742895
2021-07-02,72.98100000000001,3.4150131871073937,-1.295994058745575,0.7681067,-1.2379496342963474,-0.0580444244492275,-0.0424995106656729
2021-07-03,73.928,4.370697999284574,-1.2230730683753328,0.8072421,-1.2906976950274651,0.0676246266521323,-0.0335523579378288
2021-07-04,76.171,6.62236932681061,-1.14916315145871,0.8493012,-1.3430032524674893,0.1938401010087793,-0.0246236572277766
2021-07-05,77.664,8.12350037295143,-1.0742700847994306,0.8829473,-1.3948499830711474,0.3205798982717167,-0.0157163489144091
2021-07-06,71.40100000000001,1.8682503747274355,-0.9984008447398144,0.9003314,-1.4462216028317958,0.4478207580919815,-0.0068333410974379
2021-07-07,73.197,3.671651029330049,-0.9215636258775574,0.92637664,-1.4971018710071875,0.5755382451296301,0.0020224913584721
2021-07-08,67.20700000000001,-2.310981343303647,-0.8437678582665209,0.9707984,-1.547474594045804,0.7037067357792832,0.0108483077455868
2021-07-09,72.41799999999999,2.907930429121825,-0.7650242230699371,1.0231291,-1.597323629715634,0.8322994066456968,0.0196413024008332
2021-07-10,70.2,0.6972318935614763,-0.685344666636351,1.0574491,-1.646632891436793,0.961288224800442,0.0283987055592571
2021-07-11,69.675,0.1794984185424741,-0.6047424129705536,1.0894474,-1.6953863528190838,1.09064393984853,0.0371177841731071
2021-07-12,65.708,-3.7803715404447513,-0.5232319745736784,1.1314516,-1.7435680524051465,1.220336077831468,0.045795842696483
2021-07-13,71.596,2.1151516844651947,-0.440829161628716,1.186649,-1.7911620986194905,1.3503329369907742,0.0544302238355152
2021-07-14,70.953,1.4795459305162428,-0.3575510895096698,1.2310803,-1.8381526749232893,1.4806015854136196,0.063018309264079
2021-07-15,72.734,3.267516288952839,-0.2734161845947146,1.265332,-1.8845240451744143,1.6111078605796996,0.0715575203050697
2021-07-16,70.487,1.0273854357716503,-0.1884441883657552,1.2929728,-1.930260559191783,1.7418163708260277,0.0800453185773051
2021-07-17,66.43,-3.0228882916201547,-0.1026561597789883,1.3165466,-1.9753466585227115,1.872690498743723,0.0884792066081402
2021-07-18,70.452,1.005840431299508,-0.0160744758931478,1.3591064,-2.019766882411521,2.003692406518373,0.0968567284119272
2021-07-19,68.503,-0.936496619565976,0.0712771692556444,1.3879337,-2.0635058739672747,2.134783043222919,0.1051754700344585
2021-07-20,70.86,1.4272437578426458,0.1593737675413443,1.4067931,-2.1065483865280883,2.2659221540694325,0.1134330600635822
2021-07-21,69.147,-0.2791615957061906,0.2481890014044337,1.4312187,-2.1488792902190643,2.397068291623498,0.1216271701061902
2021-07-22,73.6,4.180398427168305,0.3376952502818933,1.4510884,-2.1904835787005004,2.528178828982393,0.1297555152318207
2021-07-23,70.12599999999999,0.7129231068384361,0.427863598812814,1.4741282,-2.2313463761025933,2.6592099749154072,0.1378158543831315
2021-07-24,68.798,-0.6085540591823266,0.5186638468197435,1.4989327,-2.271452944142499,2.790116790962242,0.1458059907535334
2021-07-25,70.478,1.078258713134625,0.6100645210634322,1.5316514,-2.310788689419156,2.9208532104825884,0.1537237721322988
2021-07-26,73.676,4.283043771260558,0.7020328887664693,1.5552454,-2.349339170880941,3.0513720596474103,0.1615670912174831
2021-07-27,72.735,3.348730665301285,0.794534972899041,1.585659,-2.387090107460794,3.181625080359835,0.169333885897018
2021-07-28,68.19200000000001,-1.1883146584475972,0.8875355692177727,1.6183047,-2.424027385873075,3.311562955090848,0.1770221394983704
2021-07-29,74.644,5.27031894555725,0.9809982650463704,1.6529249,-2.4601370685660315,3.4411353336124018,0.184629881007167
2021-07-30,72.695,3.3275446629077,1.0748854597845638,1.6837101,-2.4954054018234006,3.5702908616079645,0.1921551852552191
2021-07-31,73.239,3.877681165010865,1.1691583871295863,1.7006501,-2.529818824008246,3.698977211137833,0.199596173078404
2021-08-01,75.401,6.045800100463378,1.2637771389922636,1.7257835,-2.563363973941838,3.8271411129341018,0.2069510114448645
2021-08-02,73.27799999999999,3.928854733159464,1.3587006910875146,1.741737,-2.5960276994099565,3.954728390497471,0.2142179135540272
2021-08-03,74.605,5.261531570766246,1.4538869301770014,1.7651304,-2.62779706578872,4.081683995965721,0.2213951389069507
2021-08-04,68.915,-0.4231387720619326,1.549292682939367,1.7897384,-2.6586593647816392,4.207952047721006,0.2284809933485232
2021-08-05,74.355,5.022482361803788,1.6448737464415286,1.8099318,-2.6886021232593094,4.3334758697008375,0.2354738290820673
2021-08-06,68.502,-0.8249264859113297,1.740584920182228,1.8166902,-2.717613112192804,4.458198032375032,0.2423720446569071
2021-08-07,65.969,-3.351960122063652,1.8363800396771264,1.8196638,-2.74568035567156,4.582060395348687,0.249174084929477
2021-08-08,71.045,1.729983161171172,1.9322120115525612,1.8291531,-2.772792139996185,4.705004151548747,0.2558784409985656
2021-08-09,76.63499999999999,7.325496619562057,2.0280328501131795,1.8409055,-2.798937022836397,4.826969872949577,0.2624836501152998
2021-08-10,70.61,1.3057870072462157,2.1237937153466047,1.8488029,-2.8241038424439613,4.947897557790566,0.2689882955684943
2021-08-11,71.89800000000001,2.5990487537330536,2.2194449523264703,1.8759834,-2.848281726910284,5.067726679236754,0.2753910065459874
2021-08-12,74.21300000000001,4.919133414892143,2.314936131973168,1.914244,-2.8714601034580216,5.186396235431189,0.2816904579726196
2021-08-13,71.595,2.3061847813147334,2.4102160931299066,1.9518173,-2.893628707755858,5.303844800885765,0.287885370325496
2021-08-14,72.1,2.8161739525890472,2.505232985909833,1.9856467,-2.9147775932453284,5.420010579155162,0.2939745094272051
2021-08-15,66.843,-2.435902873647245,2.599934316268277,1.9985856,-2.934897140468436,5.534831456736713,0.299956686217661
2021-08-16,74.559,5.285474963044896,2.6942669917524125,2.021618,-2.9539780663844986,5.648245058136912,0.3058307565052508
2021-08-17,72.688,3.4198310023495804,2.788177368379117,2.0302057,-2.972011433664585,5.760188802043702,0.3115956206979755
2021-08-18,72.614,3.3506755715803056,2.881611298590122,2.039274,-2.988988659951634,5.8705999585417565,0.3172502235152723
2021-08-19,72.832,3.573483472140028,2.974514180232084,2.036164,-3.004901527074283,5.979415707306367,0.3227935536812238
2021-08-20,76.10300000000001,6.849125776794397,3.066831006507768,2.0261192,-3.019742190202205,6.086573196709972,0.3282246435998536
2021-08-21,76.38799999999999,7.138658555751352,3.158506416843089,2.031179,-3.033503186930707,6.192009603773796,0.3335425690132144
2021-08-22,71.858,2.613150438842632,3.249484748613455,2.0413795,-3.0461774462821696,6.295662194895625,0.3387464486429826
2021-08-23,74.995,5.754600531153485,3.339710089671617,2.06656,-3.05775829761186,6.397468387283477,0.3438354438162654
2021-08-24,72.396,3.1600079377692527,3.429126331617989,2.102498,-3.0682394794055456,6.497365811023535,0.3488087580763399
2021-08-25,71.44399999999999,2.212371763775264,3.5176772237532936,2.1511037,-3.077615147956295,6.595292371709588,0.353665636779036
2021-08-26,71.95899999999999,2.7316911142568308,3.605306427652366,2.174852,-3.0858798859077927,6.691186313560159,0.3584053666754697
2021-08-27,68.605,-0.6180349057006964,3.691957572296899,2.1892908,-3.093028710651488,6.784986282948387,0.3630272754818533
2021-08-28,77.193,7.974388516350178,3.7775743097040704,2.2032087,-3.09905708256486,6.87663139226893,0.3675307314370822
2021-08-29,74.401,5.18669874361618,3.8621003709871338,2.218297,-3.103960913078128,6.966061284065262,0.3719151428488078
2021-08-30,73.932,4.721964424893151,3.9454796227832456,2.2371037,-3.1077365725567154,7.053216195339961,0.3761799576287061
2021-08-31,74.13799999999999,4.932150390786936,4.027656123983257,2.2412233,-3.1103808979868863,7.138037021970144,0.38032466281764
2021-09-01,73.561,4.359291006123515,4.108574182697413,2.2298603,-3.1118912004519284,7.220465383149341,0.384348784101411
2021-09-02,71.09400000000001,1.8963853897328893,4.188178413390534,2.2270746,-3.1122652723864657,7.300443685776999,0.3882518853177941
2021-09-03,73.431,4.237432660445151,4.266413794119745,2.249512,-3.111501394596456,7.377915188716201,0.3920335679555372
2021-09-04,69.135,-0.0545680629095779,4.343225723807434,2.2626245,-3.109598343032629,7.452824066840063,0.3956934706460052
2021-09-05,72.867,3.6818712179269615,4.418560079481894,2.2727745,-3.106555395305222,7.525115474787116,0.3992312686481419
2021-09-06,70.992,1.8112740271237144,4.492363273417863,2.299701,-3.1023723369279828,7.594735610345845,0.4026466733274085
2021-09-07,73.254,4.077150676479029,4.564582310109076,2.3282087,-3.097049467279639,7.661631777388715,0.4059394316293553
2021-09-08,81.05199999999999,11.87897595188072,4.635164843004905,2.3532946,-3.0905876052711863,7.725752448276091,0.4091093255484735
2021-09-09,76.721,7.551748972158871,4.704059230943197,2.379226,-3.082988094707508,7.787047325650705,0.4121561715929603
2021-09-10,73.479,4.313468856143532,4.771214594211599,2.3038917,-3.074252809332149,7.845467403543747,0.4150798202460238
2021-09-11,72.534,3.3721347226648155,4.836580870169757,2.3195767,-3.0643841575441915,7.900965027713949,0.4178801554243433
2021-09-12,70.48899999999999,1.3307456905527366,4.90010886836526,2.3451335,-3.05338508677652,7.95349395514178,0.4205570939342887
2021-09-13,71.712,2.5573008786374354,4.961750325076358,2.3632395,-3.0412590875249763,8.003009412601335,0.4231105849264889
2021-09-14,69.302,0.1507994057489625,5.021457957215125,2.371743,-3.028010197018216,8.04946815423334,0.4255406093493307
2021-09-15,76.117,6.969240390717367,5.0791855155251735,2.3910265,-3.0136430025183456,8.092828518043518,0.4278471794019566
2021-09-16,77.82799999999999,8.683622952372746,5.134887837008698,2.4140227,-2.9981626442427904,8.133050481251487,0.4300303379873111
2021-09-17,75.56400000000001,6.422946209545192,5.188520896518296,2.4205751,-2.9815748178981,8.170095714416394,0.4320901581657815
2021-09-18,65.874,-3.2637907189352555,5.240041857449834,2.1558003,-2.963885776816792,8.203927634266627,0.4340267426099589
2021-09-19,72.09599999999999,2.961445579205166,5.289409121473463,2.0410047,-2.945102333688709,8.234511455162172,0.4358402230610285
2021-09-20,72.772,3.6406189820201833,5.336582377240832,2.0595763,-2.925231861878669,8.261814239119502,0.4375307597872927
2021-09-21,70.685,1.5567286135593068,5.381522648007566,2.0819743,-2.904282296322637,8.285804944330202,0.439098541045307
2021-09-22,67.375,-1.7502264021279328,5.424192338111197,2.115537,-2.8822621339950545,8.306454472106251,0.4405437825440992
2021-09-23,69.721,0.59930958421889,5.46455527824584,2.1531231,-2.8591804339403053,8.323735712186146,0.4418667269129253
2021-09-24,71.722,2.604021369371853,5.502576769476247,2.1796515,-2.8350468168618166,8.337623586338063,0.4430676431729994
2021-09-25,71.56099999999999,2.446683649483876,5.538223625935046,2.2192607,-2.8098714642626503,8.348095090197697,0.444146826213616
2021-09-26,71.32,2.2092956654724736,5.571464216148554,2.232851,-2.783665117131961,8.355129333280516,0.4451045962730799
2021-09-27,76.72800000000001,7.620856658255137,5.602268502937772,2.1057355,-2.756439074172104,8.358707577109875,0.4459412984248216
2021-09-28,74.32900000000001,5.225365868749368,5.630608081842911,2.0511067,-2.728205189561685,8.358813271404596,0.4466573020690829
2021-09-29,79.24000000000001,10.139822537872664,5.656456218021249,2.060572,-2.698975870250309,8.35543208827156,0.4472530004305209
2021-09-30,75.962,6.865225906542532,5.679787881569823,2.0394716,-2.668764072781288,8.34855195435111,0.4477288100620806
2021-10-01,74.032,4.938575215676503,5.700579781226147,2.0448685,-2.6375832996390627,8.33816308086521,0.4480851703554446
2021-10-02,77.736,8.645869706192066,5.718810396401985,2.0518405,-2.605447595118611,8.324257991520597,0.4483225430583873
2021-10-03,76.484,7.397108619006726,5.734460007506953,2.0870152,-2.5723715407146224,8.306831548221576,0.4484414117993097
2021-10-04,76.392,7.308291195037988,5.747510724520663,2.1285455,-2.5383702500287644,8.285880974549428,0.44844228161923
2021-10-05,78.58800000000001,9.507416675203372,5.757946513774098,2.150996,-2.50345936319388,8.261405876967977,0.4483256785114941
2021-10-06,76.30199999999999,7.224484300420357,5.765753222902821,2.1578772,-2.467655040814494,8.233408263717315,0.4480921489694398
2021-10-07,76.469,7.394262529772073,5.770918603936716,2.1702487,-2.43097395742358,8.201892561360296,0.4477422595422405
2021-10-08,75.344,6.2719751147649285,5.773432334493078,2.1376917,-2.393433294456035,8.166865628949113,0.4472765963991357
2021-10-09,74.928,5.858621262140683,5.773286037041905,2.1358268,-2.355050732739934,8.12833676978184,0.4466957649022372
2021-10-10,75.577,6.510200178641125,5.770473296214553,2.1393383,-2.315844444507109,8.086317740721663,0.4460003891880862
2021-10-11,80.693,11.628711071008052,5.7649896741290245,2.1282578,-2.275833084925242,8.040822759054267,0.4451911117581172
2021-10-12,78.243,9.181153145983217,5.756832723707478,2.1012623,-2.235035783154157,7.9918685068616355,0.4442685930781715
2021-10-13,87.316,18.25652561030844,5.746001999963799,2.0414114,-2.193472132929597,7.9394741328933955,0.4432335111871837
2021-10-14,80.786,11.728827670725448,5.732499069241406,2.0382638,-2.151162182678324,7.8836612519197296,0.4420865613151494
2021-10-15,75.376,6.321058533976059,5.716327516383861,2.0556388,-2.1081264251689458,7.8244539415528065,0.4408284555104718
2021-10-16,78.988,9.935217406802051,5.6974929498230935,2.0755923,-2.0643857867034363,7.76187873652653,0.4394599222767588
2021-10-17,72.708,3.657303495945195,5.6760030045726255,1.9698706,-2.0199616158548843,7.69596462042751,0.4379817062191347
2021-10-18,82.03699999999999,12.98782712871904,5.651867343115454,1.89412,-1.9748756717575544,7.626743014873008,0.4363945677001202
2021-10-19,77.53200000000001,8.484263106526543,5.625097654178759,1.925664,-1.9291501119559171,7.554247766134676,0.4346992825050966
2021-10-20,80.33999999999999,11.293610563712884,5.595707649390059,1.6812236,-1.8828074798198635,7.478515129209923,0.4328966415173915
2021-10-21,68.82900000000001,-0.2161313653766128,5.563713057811805,1.5080125,-1.835870691533827,7.399583749345632,0.4309874504029744
2021-10-22,75.965,6.921557097393942,5.529131618354049,0.8031351,-1.7883630226681555,7.317494641022205,0.4289725293047537
2021-10-23,78.051,9.009166849877577,5.491983070067087,0.64524627,-1.7403080943415483,7.232291164408635,0.4268527125464582
2021-10-24,78.426,9.385697103650578,5.4522891403186495,-0.5877607,-1.6917298589839465,7.144018999302596,0.4246288483460506
2021-10-25,80.959,11.920147070289282,5.410073530862543,-1.0477504,-1.6426525857097798,7.052726116572323,0.4223017985386353
2021-10-26,72.223,3.185515961370014,5.365361901808221,-1.1918718,-1.5931008453119997,6.958462747120221,0.419872438308784
2021-10-27,71.154,2.1178029884690712,5.318181853503165,-1.2878699,-1.54309949488783,6.861281348390995,0.4173416559322085
2021-10-28,71.81800000000001,2.7830073631628167,5.268562906342475,-1.2826996,-1.4926736621076828,6.761236568450158,0.4147103525266882
2021-10-29,73.21,4.176128297027489,5.216536478522443,-1.2762163,-1.4418487291391693,6.658385207661612,0.4119794418121516
2021-10-30,81.747,12.71416500163948,5.162135861757401,-1.3008664,-1.3906503162386312,6.552786177996032,0.4091498498798003
2021-10-31,78.911,9.87911668857509,5.105396194981473,-1.266845,-1.3391042650230809,6.444500460004553,0.4062225149701434
2021-11-01,78.56200000000001,9.530982569410629,5.04635443605931,-1.5074302,-1.287236621435902,6.333591057495212,0.4031983872598171
2021-11-02,70.41699999999999,1.386761855722394,4.985049331532217,-1.4861829,-1.2350736184201223,6.220122949952339,0.4000784286570394
2021-11-03,75.211,6.181453759086749,4.921521384428447,-1.4497207,-1.1826416583134869,6.104163042741933,0.3968636126055411
2021-11-04,83.741,14.712057491079982,4.855812820168738,-1.7934825,-1.1299672949800057,5.985780115148743,0.3935549238968117
2021-11-05,74.625,5.596572263278432,4.787967550600453,-1.8588209,-1.0770772156930462,5.865044766293499,0.3901533584904837
2021-11-06,70.422,1.3939972872583897,4.7180311361959575,-1.9116101,-1.0239982227854374,5.742029358981394,0.3866599233426742
2021-11-07,74.069,5.0413317745962125,4.646050746452984,-1.8605574,-0.9707572150824396,5.616807961535423,0.3830756362420856
2021-11-08,76.641,7.613543172505675,4.572075118537042,-1.8003393,-0.917381169133788,5.48945628767083,0.3794015256536704
2021-11-09,71.202,2.174663334394184,4.496154514207907,-2.2533636,-0.8638971202613844,5.360051634469292,0.3756386305696533
2021-11-10,69.23400000000001,0.2066914670035642,4.418340675074411,-2.2171474,-0.8103321434395164,5.228672818513927,0.3717880003676877
2021-11-11,68.346,-0.6811424410900702,4.338686776223739,-2.2093992,-0.7567133340248369,5.095400110248575,0.3678506946759335
2021-11-12,66.96000000000001,-2.0667944615376053,4.257247378273384,-2.2148693,-0.7030677883535901,4.960315166626974,0.3638277832448212
2021-11-13,73.599,4.572603110506089,4.174078377895928,-2.160972,-0.6494225842238947,4.823500962119822,0.359720345825273
2021-11-14,67.578,-1.448079021898263,4.089236956868553,-2.1435797,-0.5958047612811154,4.685041718149669,0.355529472053131
2021-11-15,68.255,-0.7707543401445012,4.002781529701161,-2.1438313,-0.542241301324635,4.545022831025796,0.3512562613395638
2021-11-16,69.65899999999999,0.6335437348471025,3.914771689898535,-2.1228948,-0.4887591085545241,4.403530798453059,0.3469018227671789
2021-11-17,67.493,-1.5320522546022075,3.8252681549138594,-2.0563195,-0.4353849897768515,4.260653144690711,0.3424672749916087
2021-11-18,65.688,-3.3362958684767965,3.7343327098523935,-2.0185947,-0.3821456345865198,4.116478344438915,0.3379537461482924
2021-11-19,77.761,8.737617463364272,3.642028149985707,-2.0853934,-0.3290675955467101,3.9710957455324167,0.333362373764206
2021-11-20,72.26100000000001,3.238471886476717,3.5484182221383693,-2.0201206,-0.2761772683841387,3.824595490522508,0.3286943046742624
2021-11-21,69.157,0.135073085866449,3.4535675650104034,-1.9720634,-0.2235008722194682,3.677068437229872,0.3239506949421221
2021-11-22,70.052,1.0308027579623418,3.357541648500133,-1.923822,-0.1710644298523007,3.528606078352434,0.3191327097851403
2021-11-23,71.306,2.285471824263871,3.260406712093365,-1.8945553,-0.1188937481202812,3.379300460213646,0.3142415235031757
2021-11-24,70.878,1.8580797286469004,3.16222970238598,-1.8369536,-0.0670143983518689,3.2292441007378483,0.3092783194109861
2021-11-25,65.35000000000001,-3.669374085012751,3.063078209808194,-1.8252037,-0.0154516969324083,3.0785299067406022,0.3042442897739398
2021-11-26,73.27,4.251462042247617,2.963020404619731,-1.8114502,0.0357693139968906,2.92725109062284,0.2991406357467607
2021-11-27,66.804,-2.2141028502908364,2.862124972246136,-1.7818676,0.0866238856874325,2.7755010865587035,0.2939685673150286
2021-11-28,69.77600000000001,0.7586303205080667,2.7604610480273206,-1.7713364,0.1370875817595951,2.6233734662677253,0.2887293032391597
2021-11-29,64.22200000000001,-4.794691472969803,2.658098151450239,-1.7186259,0.1871362969874165,2.4709618544628222,0.2834240710005928
2021-11-30,68.495,-0.5209528192657915,2.55510611993828,-1.6813502,0.2367462758721572,2.3183598440661224,0.2780541067498908
2021-12-01,66.19999999999999,-2.815107020920143,2.4515550422706163,-1.650649,0.2858941309853624,2.165660911285254,0.2726206552565001
2021-12-02,62.50699999999999,-6.506872144277324,2.347515191705281,-1.5954652,0.334556861062168,2.0129583306431136,0.267124969859872
2021-12-03,62.47,-6.5423469222421815,2.2430569588801537,-1.5329279,0.3827118688257549,1.8603450900543987,0.2615683124216905
2021-12-04,64.88199999999999,-4.12864679104451,2.138250784566498,-1.4820781,0.4303369785239868,1.707913806042512,0.2559519532789178
2021-12-05,67.036,-1.9724501370292,2.0331670923498733,-1.4286416,0.4774104531594794,1.555756639190394,0.2502771711974019
2021-12-06,64.587,-4.419061034303116,1.927876221313504,-1.4113454,0.5239110113945413,1.4039652099189626,0.2445452533257651
2021-12-07,76.07300000000001,7.069434131245313,1.822448358799252,-1.4351989,0.5698178441126671,1.252630514686585,0.2387574951493188
2021-12-08,75.08800000000001,6.08688492955001,1.7169534733213982,-1.4261248,0.615110630618488,1.10184284270291,0.2329152004437341
2021-12-09,73.95,4.951291187081862,1.6114612477082906,-1.4718118,0.6597695544584009,0.9516916932498896,0.227019681228214
2021-12-10,73.946,4.949652730311763,1.5060410125468668,-1.4709418,0.7037753188443512,0.8022656937025157,0.2210722577179085
2021-12-11,73.213,4.218969385710553,1.4007616800046825,-1.5930426,0.747109161663571,0.6536525183411115,0.215074258275321
2021-12-12,72.042,3.0502409797491463,1.2956916781038454,-2.0865726,0.7897528700574322,0.5059388080464132,0.2090270193604584
2021-12-13,67.062,-1.927532661101637,1.1908988855207612,-2.7075841,0.8316887945528876,0.3592100909678736,0.2029318854794775
2021-12-14,74.448,5.461078468315092,1.086450566985112,-2.977527,0.872899862730396,0.2135507042547159,0.1967902091315944
2021-12-15,69.09700000000001,0.1126519908290026,0.9824133093508972,-3.366725,0.9133695924125862,0.069043716938311,0.1906033507540122
2021-12-16,90.018,21.036188255149277,0.8788529584116317,-3.6389937,0.9530821043583618,-0.0742291459467301,0.1843726786646457
2021-12-17,69.482,0.5022560438728285,0.7758345565310915,-3.5814488,0.992022134447558,-0.2161875779164664,0.1780995690024086
2021-12-18,67.506,-1.471722077921132,0.6734222811600717,-3.560078,1.030175045341733,-0.3567527641816613,0.1717854056648517
2021-12-19,71.725,2.749684353180057,0.5716793843087415,-3.5575502,1.0675268376071496,-0.495847453298408,0.1654315802429284
2021-12-20,68.52900000000001,-0.4443099028438531,0.4706681330430933,-3.5360258,1.1040641602864822,-0.633396027243389,0.1590394919526838
2021-12-21,66.96100000000001,-2.0099900192064,0.3704497510729352,-3.5781343,1.1397743209063018,-0.7693245698333666,0.1526105475636603
2021-12-22,69.914,0.9454534412917216,0.2710843614976393,-3.72094,1.1746452949079178,-0.9035609334102784,0.1461461613238199
2021-12-23,69.577,0.6106322409327867,0.1726309307746301,-4.2769823,1.20866573448969,-1.03603480371506,0.1396477548807956
2021-12-24,69.312,0.3476279673140205,0.075147213974234,-4.558472,1.2418249768494931,-1.1666777628752594,0.133116757199282
2021-12-25,59.826,-9.13697160468679,-0.0213102986169317,-4.889586,1.2741130518165746,-1.2954233504335064,0.1265546044743831
2021-12-26,65.93599999999999,-3.025598773217709,-0.1166864334832895,-5.1503205,1.3055206888626478,-1.4222071223459374,0.1199627400407447
2021-12-27,76.694,7.733746234771391,-0.2109273843992483,-5.47202,1.3360393234826664,-1.5469667078819147,0.1133426142773088
2021-12-28,69.80799999999999,0.8488838322327383,-0.3039807614222479,-5.4850616,1.365661102936319,-1.6696418643585669,0.1066956845075174
2021-12-29,75.509,6.550988278398531,-0.395795638304131,-5.5918164,1.3943788913419497,-1.7901745296460805,0.1000234148948235
2021-12-30,67.967,-0.9900111177191132,-0.4863225982668229,-5.5550666,1.4221862741152074,-1.9085088723820305,0.0933272763333488
2021-12-31,78.33900000000001,9.383207571207642,-0.5755137780901832,-5.545499,1.449077561745424,-2.0245913398356072,0.0866087463335572
2022-01-01,68.92099999999999,-0.03360278849842,-0.6633229104617058,-5.510846,1.4750477929033448,-2.1383707033650508,0.0798693089028007
2022-01-02,66.523,-2.4300631160801025,-0.7497053645398739,-5.454213,1.5000927368745405,-2.249798101414414,0.0731104544206161
2022-01-03,61.804,-7.147417228578059,-0.8346181846848016,-5.862623,1.524208895313493,-2.3588270799982944,0.0663336795086442
2022-01-04,58.267,-10.682815529497455,-0.9180201273120728,-6.13731,1.5473935033140476,-2.4654136306261205,0.0595404868950637
2022-01-05,64.628,-4.320006888962591,-0.9998716958276588,-6.208705,1.5696445297926247,-2.5695162256202835,0.0527323852734286
2022-01-06,72.006,3.059922502354028,-1.0801351736041036,-6.247801,1.590960677181288,-2.671095850785392,0.045910889155804
2022-01-07,72.368,3.423584406734656,-1.158774654960355,-6.4143744,1.6113413804284855,-2.770116035388841,0.0390775187201152
2022-01-08,66.08200000000001,-2.860976424330971,-1.2357560741098828,-6.312255,1.6307868053059968,-2.86654287941588,0.0322337996516154
2022-01-09,60.296,-8.645582052560448,-1.311047232044102,-6.225337,1.6492978460213354,-2.960345078065437,0.0253812629783934
2022-01-10,64.72999999999999,-4.210232624922063,-1.38461782132046,-6.1344695,1.666876122135605,-3.051493943456065,0.0185214449008502
2022-01-11,58.427,-10.511928288384045,-1.456439448726938,-6.0620546,1.683523974787522,-3.13996342351446,0.0116558866150725
2022-01-12,61.963,-6.974669189914737,-1.526485655797229,-5.982151,1.6992444622250604,-3.2257301180222893,0.0047861341300481
2022-01-13,64.283,-4.653455476482376,-1.5947319371532112,-5.9216127,1.714041354646907,-3.3087732918001187,-0.002086261921334
2022-01-14,63.793,-5.142287295055249,-1.6611557566539794,-5.8393507,1.72791912835665,-3.389074885010629,-0.008959746477543
2022-01-15,64.375,-4.559164792601652,-1.7257365613331108,-5.750777,1.7408829592333783,-3.466619520566489,-0.0158327602499641
2022-01-16,64.14200000000001,-4.7910881160898295,-1.7884557931084786,-5.6672277,1.7529387155230836,-3.541394508631562,-0.0227037399307964
2022-01-17,64.212,-4.719806135644102,-1.8492968982514573,-5.586222,1.7640929499560043,-3.613389848207461,-0.0295711184073025
2022-01-18,61.620000000000005,-7.310567186606669,-1.908245334604975,-5.5013127,1.7743528911957804,-3.682598225800756,-0.0364333249824474
2022-01-19,60.604,-8.325371378454332,-1.9652885765424744,-5.421499,1.783726434627022,-3.749015011169496,-0.043288785601927
2022-01-20,61.669,-7.259218820663903,-2.02041611766247,-5.3839827,1.7922221324886094,-3.812638250151079,-0.0501359230876012
2022-01-21,55.969,-12.958109622712174,-2.0736194712160025,-5.308321,1.7998491833607757,-3.873468654576778,-0.0569731573773264
2022-01-22,45.457,-23.468881749406258,-2.124892168266954,-5.214743,1.8066174210147317,-3.931509589281686,-0.0637989057711969
2022-01-23,60.735,-8.189693048787495,-2.174229753587781,-5.126577,1.8125373026342952,-3.9867670562220767,-0.0706115831841576
2022-01-24,64.053,-4.870359889049103,-2.22162977929592,-5.0507503,1.8176198964197048,-4.039249675715625,-0.0774096024050009
2022-01-25,62.204,-6.718001839593221,-2.267091796238663,-4.9641895,1.8218768685844613,-4.088968664823125,-0.084191374361703
2022-01-26,64.012,-4.908610883841787,-2.3106173431370505,-4.867604,1.825320469756771,-4.135937812893822,-0.0909553083930769
2022-01-27,67.60900000000001,-1.3100996671929412,-2.352209933501789,-4.7686343,1.827963520797775,-4.180173454299563,-0.0976998125267108
2022-01-28,60.702,-8.215619057067656,-2.3918750403369664,-4.6782684,1.82981939804948,-4.221694438386447,-0.1044232937631455
2022-01-29,65.467,-3.44916906881956,-2.429620078649758,-4.590413,1.83090201802591,-4.260522096675668,-0.1111241583662483
2022-01-30,67.493,-1.421571868376427,-2.4654543857870483,-4.5304375,1.8312258215616437,-4.296680207348691,-0.1178008121597265
2022-01-31,68.76899999999999,-0.144000487653003,-2.499389199622258,-4.506137,1.830805757432565,-4.330194957054824,-0.1244516608297299
2022-02-01,63.618,-5.293454915665842,-2.5314376346183867,-4.443048,1.82965726546422,-4.361094900082607,-0.1310751102334738
2022-02-02,66.619,-2.290935141431473,-2.5616146557955406,-4.406344,1.8277962591438084,-4.389410914939349,-0.1376695667138142
2022-02-03,63.266000000000005,-5.642441153966415,-2.5899370506338903,-4.3783083,1.8252391077523944,-4.415176158386284,-0.1442334374197083
2022-02-04,61.028,-7.878972942287245,-2.616423398945248,-4.345364,1.8220026180345144,-4.438426016979762,-0.1507651306324713
2022-02-05,62.477,-6.428382291166393,-2.6410940407489893,-4.2824664,1.818104015422907,-4.459198056171896,-0.1572630560977598
2022-02-06,57.774,-11.129813366575238,-2.6639710421902305,-4.202856,1.8135609248365856,-4.477531967026817,-0.1637256253631767
2022-02-07,63.442,-5.46026613558323,-2.685078159540649,-4.1380453,1.8083913510710707,-4.493469510611719,-0.1701512521214222
2022-02-08,69.18199999999999,0.2812594347401849,-2.7044408013244063,-4.0762806,1.8026136588000023,-4.507054460124409,-0.1765383525588779
2022-02-09,64.83999999999999,-4.059456533327822,-2.722085988614017,-4.0238338,1.7962465522079178,-4.518332540821935,-0.1828853457095321
2022-02-10,73.07900000000001,4.180952061591549,-2.7380423135430187,-3.9690523,1.7893090542743748,-4.527351367817394,-0.1891906538141342
2022-02-11,59.7,-9.196807161630892,-2.752339896084472,-3.9052887,1.7818204857300846,-4.534160381814557,-0.1954527026844684
2022-02-12,60.528,-8.367590004023471,-2.765010339146375,-3.830002,1.773800443706106,-4.538810782852481,-0.2016699220726321
2022-02-13,64.915,-3.979248261272354,-2.776086682037015,-3.7545667,1.7652687800975733,-4.541355462134589,-0.2078407460451961
2022-02-14,61.709,-7.183883019110494,-2.7856033523552157,-3.7188444,1.7562455796637837,-4.541848932018999,-0.2139636133621276
2022-02-15,65.221,-3.670464469308655,-2.793596116362368,-3.6906147,1.7467511378868503,-4.540347254249219,-0.2200369678603434
2022-02-16,64.918,-3.97206627071816,-2.8001020278948,-3.6433387,1.7368059386114236,-4.536907966506224,-0.2260592588417645
2022-02-17,62.185,-6.703646240260501,-2.80515937587691,-3.6060321,1.7264306314883189,-4.531590007365229,-0.2320289414657375
2022-02-18,61.646,-7.241245337179546,-2.8088076304970246,-3.5448,1.7156460092451638,-4.524453639742188,-0.2379444771456767
2022-02-19,61.916,-6.969863515922644,-2.811087388109622,-3.4891257,1.7044729848074305,-4.515560372917053,-0.2438043339497945
2022-02-20,66.747,-2.137500730937045,-2.812040314928996,-3.4548693,1.6929325682934508,-4.504972883222447,-0.2496069870057666
2022-02-21,73.88,4.996843063329917,-2.8117090895809365,-3.4759307,1.681045843907246,-4.4927549334881824,-0.2553509189091819
2022-02-22,70.90599999999999,2.024054062254925,-2.8101373445803115,-3.5162666,1.668833946753156,-4.478971291333467,-0.2610346201356256
2022-02-23,67.48400000000001,-1.3968643389631068,-2.807369606803738,-3.4929013,1.6563180395964394,-4.463687646400177,-0.2666565894562417
2022-02-24,65.595,-3.284800061501379,-2.803451237027732,-3.4461553,1.643519289594128,-4.446970526621859,-0.2722153343566105
2022-02-25,62.119,-6.759753093729904,-2.798428368603819,-3.3961768,1.6304588450205415,-4.42888721362436,-0.2777093714587796
2022-02-26,65.27199999999999,-3.605723424018798,-2.79234784534313,-3.3485744,1.617157812011951,-4.409505657355081,-0.2831372269462826
2022-02-27,64.78200000000001,-4.094711040738077,-2.785257158683996,-3.366931,1.6036372313549248,-4.38889439003892,-0.28849743699198
2022-02-28,61.349,-7.526715932257847,-2.7772043842168004,-3.3915768,1.5899180553429242,-4.367122439559725,-0.293788548188545
2022-03-01,65.804,-3.0706949957960017,-2.768238117641288,-3.3830655,1.5760211247257352,-4.344259242367023,-0.2990091179814211
2022-03-02,68.066,-0.8076479961527923,-2.7584074102320386,-3.3551793,1.5619671457762565,-4.320374556008295,-0.3041577151040775
2022-03-03,67.595,-1.2776159138727772,-2.747761703888564,-3.3998284,1.54777666749918,-4.295538371387744,-0.3092329200153826
2022-03-04,68.782,-0.0894924559279661,-2.7363507658468618,-3.3861272,1.533470059005957,-4.269820824852818,-0.3142333253389044
2022-03-05,63.79600000000001,-5.074380979103673,-2.7242246231298,-3.3788416,1.519067487080371,-4.243292110210171,-0.3191575363039654
2022-03-06,65.09700000000001,-3.7722814434108183,-2.7114334968139064,-3.3239436,1.5045888939589207,-4.216022390772827,-0.3240041711882555
2022-03-07,55.783,-13.084997245972597,-2.698027736190474,-3.262312,1.4900539753500226,-4.188081711540496,-0.3287718617618156
2022-03-08,65.766,-3.100719568304811,-2.6840577528989744,-3.2032132,1.4754821587159055,-4.15953991161488,-0.333459253732204
2022-03-09,68.135,-0.7304483413100269,-2.6695739551108355,-3.1637275,1.4608925818408105,-4.130466536951646,-0.338065007190643
2022-03-10,66.33500000000001,-2.529183495890781,-2.6546266818416173,-3.1103165,1.4463040717089102,-4.100930753550528,-0.3425877970589586
2022-03-11,67.03399999999999,-1.828924962949684,-2.639266137469449,-3.0514839,1.4317351237151013,-4.07100126118455,-0.3470263135371084
2022-03-12,65.15700000000001,-3.704672673389211,-2.6235423265373785,-3.01092,1.4172038812314909,-4.040746207768869,-0.3513792625510962
2022-03-13,67.248,-1.6124265581120116,-2.607504988917008,-3.135265,1.4027281155521478,-4.010233104469156,-0.3556453662010805
2022-03-14,62.693,-6.166186548020592,-2.591203535410279,-3.0841136,1.3883252062383045,-3.979528741648584,-0.3598233632094606
2022-03-15,65.433,-3.4248843290108675,-2.574686983865888,-3.357224,1.3740121218858514,-3.9486991057517393,-0.3639120093687411
2022-03-16,68.885,0.0284100377867553,-2.5580038958861464,-3.2977085,1.3598054013365704,-3.9178092972227168,-0.3679100779889661
2022-03-17,61.71,-7.145303368143367,-2.5412023141994133,-3.2621632,1.3457211353541518,-3.886923449553565,-0.3718163603445112
2022-03-18,65.88,-2.973950968425162,-2.5243297007725243,-3.2067964,1.331774948785582,-3.856104649558106,-0.375629666120026
2022-03-19,69.047,0.1943958147864688,-2.5074328757366997,-3.2800908,1.3179819832280657,-3.825414858964765,-0.3793488238553086
2022-03-20,70.069,1.2175953279616174,-2.4905579571995307,-3.2231522,1.3043568802211107,-3.7949148374206416,-0.3829726813889056
2022-03-21,69.569,0.7184465347183924,-2.4737503020145977,-3.1897383,1.2909137649829614,-3.7646640669975593,-0.3865001063002138
2022-03-22,65.849,-3.001311044733182,-2.457054447579101,-3.166504,1.2776662307099684,-3.7347206782890696,-0.3899299863498733
2022-03-23,64.351,-4.498568845450972,-2.440514054728798,-3.114914,1.2646273234570045,-3.705141378185802,-0.3932612299182287
2022-03-24,65.717,-3.131690175419348,-2.4241718517981217,-3.0273454,1.2518095276164107,-3.675981379414533,-0.3964927664416435
2022-03-25,66.151,-2.696825266923166,-2.4080695799121314,-2.9309428,1.2392247520123882,-3.64729433192452,-0.3996235468464403
2022-03-26,63.957,-4.889867826934443,-2.39224793957536,-2.8412297,1.226884316627147,-3.619132256202507,-0.4026525439802562
2022-03-27,75.34599999999999,6.500275350649218,-2.376746538621244,-2.770159,1.2147989399744774,-3.5915454785957213,-0.405578753040576
2022-03-28,72.127,3.2820703256944777,-2.361603841584092,-2.8578458,1.2029787271357726,-3.5645825687198647,-0.4084011920002345
2022-03-29,67.361,-1.4837433815886465,-2.3468571205540134,-2.8228722,1.191433158472854,-3.5382902790268678,-0.4111189020296501
2022-03-30,75.187,6.342447057839595,-2.3325424075733383,-2.792498,1.1801710790312772,-3.5127134866046155,-0.4137309479155753
2022-03-31,65.42399999999999,-3.4204555643332246,-2.318694448631394,-2.7309675,1.169200688647089,-3.4878951372784828,-0.4162364184761302
2022-04-01,71.11000000000001,2.26572906078588,-2.305346659312518,-2.656758,1.158529532769291,-3.463876192081809,-0.4186344269718964
2022-04-02,66.747,-2.097279080215824,-2.29253108215028,-2.5940447,1.1481644940095326,-3.440695576159812,-0.4209241115128446
2022-04-03,72.252,3.4078029505503906,-2.280278345738897,-2.546287,1.138111784429812,-3.418390130168709,-0.4231046354608639
2022-04-04,75.193,6.348828071971974,-2.268617625650724,-2.734557,1.1283769385782048,-3.3969945642289283,-0.4251751878276698
2022-04-05,74.155,5.310774526180806,-2.257576607206564,-2.7187817,1.1189648072818563,-3.37654141448842,-0.4271349836678598
2022-04-06,69.598,0.7535652202714735,-2.247181450143428,-2.654181,1.1098795522057092,-3.3570610023491367,-0.4289832644668896
2022-04-07,62.175,-6.669720252818877,-2.237456755222052,-2.5771928,1.101124641184627,-3.3385813964066786,-0.4307192985237389
2022-04-08,63.726000000000006,-5.119005035523146,-2.2284255328142293,-2.5243282,1.092702844335763,-3.321128377149992,-0.4323423813280428
2022-04-09,68.089,-0.7562892786119875,-2.2201091735076983,-2.470922,1.0846162309572325,-3.3047254044649303,-0.4338518359314527
2022-04-10,72.592,3.746426867144008,-2.212527420763896,-2.4455173,1.076866167218287,-3.289393587982183,-0.4352470133130087
2022-04-11,70.722,1.876117198672355,-2.205698345661526,-2.7396226,1.0694533146454026,-3.2751516603069284,-0.4365272927382851
2022-04-12,73.838,4.991702665344815,-2.199638323756358,-2.800476,1.0623776294077942,-3.262015953164152,-0.43769208211209
2022-04-13,68.696,-0.1509007846951724,-2.194362014085216,-2.9303353,1.055638362405094,-3.2500003764903096,-0.4387408183244842
2022-04-14,65.51700000000001,-3.3303548086903643,-2.189882340339589,-3.238378,1.049234060159015,-3.239116400498604,-0.4396729675899041
2022-04-15,70.28,1.432189566064828,-2.186210474231691,-3.2142253,1.04316256651002,-3.2293730407417107,-0.4404880257791451
2022-04-16,67.95,-0.8985248170941054,-2.183355821073227,-3.6125886,1.0374210251191205,-3.220776846192347,-0.4411855187440034
2022-04-17,64.604,-4.245242549059706,-2.1813260075845173,-3.5460505,1.032005882774096,-3.2133318903586137,-0.4417650026343316
2022-04-18,61.59,-7.259963843533896,-2.180126871948973,-3.6059754,1.026912893498546,-3.20703976544752,-0.4422260642072979
2022-04-19,70.705,1.8543110857813452,-2.179762456125247,-3.7758467,1.0221371234613326,-3.20189957958658,-0.4425683211286251
2022-04-20,72.69200000000001,3.8405634843716503,-2.180235000426755,-3.8985236,1.0176729566831153,-3.1979079571098703,-0.4427914222655855
2022-04-21,65.697,-3.1553164171592307,-2.1815449403755194,-4.1723704,1.0135141015358118,-3.195059041911331,-0.4428950479715392
2022-04-22,63.566,-5.287130955598418,-2.1836909058346547,-4.159637,1.0096535980299577,-3.1933445038646124,-0.4428789103617904
2022-04-23,65.15400000000001,-3.6997929635465097,-2.1866697224210405,-4.10342,1.0060838258840996,-3.19275354830514,-0.4427427535805595
2022-04-24,65.68499999999999,-3.169349815348758,-2.190476415197103,-4.012348,1.0027965133694914,-3.193272928566594,-0.442486354058843
2022-04-25,59.287,-9.567828407293131,-2.195104214637864,-3.929096,0.9997827469225266,-3.1948869615603908,-0.4421095207629614
2022-04-26,62.85,-6.00515287601978,-2.200544564866749,-3.8460803,0.9970329815164914,-3.1975775463832408,-0.4416120954335821
2022-04-27,64.204,-4.651382339783709,-2.206787134150935,-3.7487469,0.9945370517834096,-3.201324185934345,-0.4409939528150087
2022-04-28,67.848,-1.0072235410541497,-2.213819827644358,-3.701492,0.99228418387591,-3.206104011520268,-0.4402550008745388
2022-04-29,70.806,1.950957274337474,-2.2216288023638247,-3.6226575,0.9902630080582292,-3.211891810422054,-0.4393951810116827
2022-04-30,66.62700000000001,-2.228323825673044,-2.23019848438099,-3.6424177,0.9884615720146864,-3.2186600563956764,-0.4384144682570482
2022-05-01,63.497,-5.358590337191924,-2.239511588210409,-3.58833,0.9868673548631242,-3.226378943073533,-0.4373128714606973
2022-05-02,67.10000000000001,-1.755842418232859,-2.249549138371149,-3.6119418,0.9854672818600808,-3.2350164202312297,-0.4360904334697763
2022-05-03,69.915,1.0589197731904447,-2.26029049309699,-3.559954,0.9842477397836432,-3.244538232880633,-0.4347472312952424
2022-05-04,63.797,-5.059452617608835,-2.271713370167583,-3.474218,0.9831945929791942,-3.254907963146777,-0.4332833762674877
2022-05-05,63.261,-5.595811615050436,-2.283793874830472,-3.5189064,0.9822932000525288,-3.2660870748830004,-0.4316990141806876
2022-05-06,68.768,-0.0890721645101653,-2.29650652978138,-3.621261,0.9815284311940624,-3.2780349609754422,-0.4299943254256974
2022-05-07,62.777,-6.080433662802404,-2.309824307167729,-3.6930976,0.9808846861171728,-3.290708993284902,-0.4281695251113158
2022-05-08,63.989,-4.868776767187252,-2.323718662577902,-3.827574,0.9803459125929912,-3.304064575170893,-0.4262248631737518
2022-05-09,58.256,-10.601725332482529,-2.338159570976476,-3.897059,0.9798956255632963,-3.318055196539772,-0.4241606244741297
2022-05-10,63.216,-5.641645648242871,-2.3531155645432618,-3.8745232,0.9795169268125052,-3.332632491355767,-0.4219771288838702
2022-05-11,61.032,-7.825537844111807,-2.3685537723717487,-3.7967336,0.979192525179098,-3.347746297550847,-0.4196747313577892
2022-05-12,59.235,-9.62240204973295,-2.3844399619803403,-3.7756045,0.9789047572862092,-3.363344719266549,-0.4172538219947725
2022-05-13,62.333,-6.52423839474981,-2.4007385825876075,-3.753756,0.9786356087705012,-3.379374191358109,-0.4147148260858687
2022-05-14,57.258,-11.599047008805968,-2.417412810100654,-3.7119527,0.9783667359878604,-3.395779546088514,-0.4120582041496726
2022-05-15,65.51899999999999,-3.3378280215449894,-2.4344245937636764,-3.6225538,0.9780794881738986,-3.412504081937575,-0.4092844519548524
2022-05-16,63.943,-4.91358156261038,-2.451734704411816,-3.539473,0.9777549300367095,-3.429489634448525,-0.4063941005297009
2022-05-17,61.026,-7.830307761645752,-2.4693027842734327,-3.4326851,0.9773738647587844,-3.4466766490322174,-0.4033877161585806
2022-05-18,59.790000000000006,-9.06600674829461,-2.4870873982621777,-3.348408,0.9769168573845558,-3.4640042556467336,-0.4002659003651518
2022-05-19,62.624,-6.23160625821623,-2.5050460866983526,-3.2869678,0.976364258569514,-3.481410345267866,-0.3970292898822661
2022-05-20,60.865,-7.990176847810635,-2.5231354193973954,-3.21044,0.9756962286664362,-3.4988316480638315,-0.3936785566084242
2022-05-21,60.62,-8.234718636000789,-2.541311051061704,-3.1220503,0.9748927621238322,-3.516203813185536,-0.3902144075507009
2022-05-22,65.728,-3.1262317417096828,-2.559527777910382,-3.0254025,0.9739337121713278,-3.53346149008171,-0.3866375847540416
2022-05-23,56.824,-12.029716283860251,-2.5777395954800806,-2.9486685,0.9727988157663378,-3.5505384112464182,-0.3829488652168498
2022-05-24,58.667,-10.186172381375505,-2.5958997575286635,-2.894658,0.9714677187760364,-3.5673674763047,-0.3791490607927832
2022-05-25,65.376,-3.4766001531783752,-2.6139608359720823,-2.8255677,0.96992000136833,-3.5838808373404123,-0.3752390180786972
2022-05-26,60.021,-8.830999718191844,-2.6318747817836643,-2.7420626,0.9681352035852524,-3.6000099853689167,-0.3712196182886595
2022-05-27,59.68,-9.171371195338894,-2.649592986783772,-2.6967745,0.9660928510719208,-3.615685837855693,-0.367091777113994
2022-05-28,59.954,-8.896714703542465,-2.6670663462467896,-2.7808602,0.9637724809340092,-3.630838827180799,-0.3628564445692944
2022-05-29,75.473,6.622969638274444,-2.6842453222513827,-2.7979803,0.9611536676964368,-3.6453989899478194,-0.3585146048243764
2022-05-30,62.697,-6.152905883048464,-2.701080007699028,-2.7645302,0.9582160493358516,-3.65929605703488,-0.3540672760221333
2022-05-31,65.984,-2.8657415273734568,-2.717520190925077,-2.6859865,0.9549393533592984,-3.672459544284376,-0.3495155100822683
2022-06-01,60.576,-8.27302230250459,-2.733515420825825,-2.601432,0.9513034229013826,-3.684818843727208,-0.344860392490895
2022-06-02,64.883,-3.965205454818778,-2.7490150724244646,-2.5150049,0.9472882428121284,-3.6963033152365927,-0.3401030420759892
2022-06-03,71.429,2.5816384592839112,-2.763968412798227,-2.4538836,0.942873965707688,-3.7068423785059146,-0.335244610768706
2022-06-04,69.33699999999999,0.4899217266431452,-2.7783246672886124,-2.4970253,0.9380409379560308,-3.716365605244643,-0.3302862833505595
2022-06-05,72.651,3.8036017419977215,-2.792033085916171,-2.8557217,0.932769725569736,-3.7248028114859073,-0.3252292771864922
2022-06-06,70.706,1.8581969128230296,-2.805043009921137,-2.7993863,0.9270411399780488,-3.732084149899186,-0.3200748419438588
2022-06-07,68.738,-0.1103217496998743,-2.817303938350933,-2.7130811,0.9208362636504192,-3.738140202001352,-0.3148242592973633
2022-06-08,64.693,-4.156670219434766,-2.828765594615571,-2.636723,0.9141364755438478,-3.742902070159419,-0.3094788426199916
2022-06-09,67.149,-1.7011054314745138,-2.8393779929319427,-2.5334399,0.9069234763464468,-3.746301469278389,-0.3040399366599971
2022-06-10,68.728,-0.1224758245691222,-2.8490915045780976,-2.464803,0.8991793134898162,-3.7482708180679136,-0.2985089172040039
2022-06-11,60.563,-8.287705756735491,-2.857856923878841,-2.4404755,0.8908864059029945,-3.7487433297818353,-0.2928871907262978
2022-06-12,73.57,4.719096857174805,-2.8656255338442223,-2.6174676,0.8820275684809359,-3.7476531023251582,-0.287176194024395
2022-06-13,76.92599999999999,8.074467120567345,-2.872349171382935,-2.5844827,0.8725860362407337,-3.744935207623669,-0.2813773938409697
2022-06-14,69.471,0.6187339147017383,-2.877980292013064,-2.545225,0.8625454881390531,-3.740525780152117,-0.2754922864722551
2022-06-15,68.949,0.0955716001355824,-2.882472033993217,-2.4828684,0.8518900705245382,-3.7343621045177553,-0.2695223973630204
2022-06-16,70.404,1.54939183322187,-2.885778281797746,-2.4146547,0.8406044201992774,-3.726382701997024,-0.2634692806882462
2022-06-17,67.943,-0.912841466971738,-2.887853728860469,-2.375837,0.8286736870637577,-3.7165274159242263,-0.2573345189216321
2022-06-18,71.309,2.451972066236488,-2.8886539395122006,-2.331804,0.8160835563201274,-3.704737495832328,-0.2511197223910744
2022-06-19,66.893,-1.965580351557248,-2.8881354100382803,-2.2641199,0.8028202702089868,-3.690955680247267,-0.2448265288212629
2022-06-20,72.25800000000001,3.3980331938894226,-2.8862556287833034,-2.1814098,0.7888706492553365,-3.67512627803864,-0.2384566028635578
2022-06-21,75.097,6.235559625589148,-2.88297313523141,-2.0961418,0.7742221129998103,-3.65719524823122,-0.2320116356133136
2022-06-22,61.195,-7.667988859991837,-2.8782475779915835,-2.0171192,0.7588627001917693,-3.6371102781833526,-0.2254933441148333
2022-06-23,68.738,-0.1264435643602892,-2.8720397716187707,-1.9336314,0.7427810884213555,-3.614820860040126,-0.2189034708541327
2022-06-24,70.437,1.5712243790906706,-2.864311752202909,-1.8398498,0.7259666131681418,-3.590278365371051,-0.2122437832397208
2022-06-25,74.063,5.19565887295256,-2.855026831659424,-1.7463231,0.7084092862445597,-3.5634361179039837,-0.2055160730715975
2022-06-26,68.905,0.036124452776493,-2.8441496506562363,-1.6547077,0.6900998136128829,-3.534249464269119,-0.1987221559986873
2022-06-27,74.27799999999999,5.407486912515483,-2.83164623011393,-1.550878,0.6710296125551414,-3.5026758426690714,-0.1918638709649355
2022-06-28,63.911,-4.961373105313627,-2.817484021217347,-1.4597625,0.651190828175965,-3.468674849393312,-0.1849430796442971
2022-06-29,70.549,1.674823676701472,-2.8016319538786614,-1.4049914,0.6305763492190147,-3.432208303097676,-0.1779616658648679
2022-06-30,61.207,-7.66900018259147,-2.784060483593745,-1.3383824,0.6091798231783233,-3.3932403067720687,-0.1709215350224067
2022-07-01,76.407,7.529233503995901,-2.764741636635506,-1.2715214,0.5869956706865648,-3.351737307322071,-0.1638246134835133
2022-07-02,70.967,2.087474123771197,-2.743649053529852,-1.215839,0.5640190991629737,-3.307668152692826,-0.1566728479787284
2022-07-03,74.889,6.007325780694668,-2.720758030761891,-1.1691003,0.5402461157043719,-3.261004146466263,-0.1494682049858377
2022-07-04,74.62,5.736246592307827,-2.696045560662069,-1.1645963,0.5156735392035144,-3.211719099865584,-0.1422126701036686
2022-07-05,60.892,-7.9938549846795395,-2.669490369424041,-1.1620791,0.490299011679718,-3.1597893811037587,-0.1349082474166705
2022-07-06,72.536,3.648401292711873,-2.6410729532082837,-1.1151847,0.4641210088075391,-3.1051939620158224,-0.1275569588505871
2022-07-07,70.812,1.92222548881065,-2.6107756122876435,-1.065222,0.4371388496300402,-3.047914461917684,-0.1201608435195287
2022-07-08,69.054,0.162090444690323,-2.5785824831933377,-0.99640554,0.4093527054440286,-2.9879351886373664,-0.112721957064767
2022-07-09,65.739,-3.155312516470363,-2.544479568822212,-0.9214604,0.3807636078454532,-2.925243176667665,-0.105242370985576
2022-07-10,72.74799999999999,3.851629475959231,-2.5084547664685006,-0.86383253,0.3513734559240107,-2.8598282223925118,-0.0977241719624557
2022-07-11,67.94500000000001,-0.9533920286633284,-2.4704978937456614,-0.7922558,0.3211850225968409,-2.791682916342502,-0.0901694611730791
2022-07-12,72.265,3.364607794634889,-2.430600712366413,-0.71696174,0.2902019600720845,-2.720802672438498,-0.0825803536013071
2022-07-13,66.425,-2.477459172969087,-2.388756949751527,-0.6437447,0.2584288044339343,-2.647185754185461,-0.0749589773396307
2022-07-14,68.617,-0.2873248631049701,-2.3449623184404853,-0.5796354,0.2258709793417032,-2.5708332977821886,-0.0673074728853996
2022-07-15,68.76899999999999,-0.1370220450564572,-2.299214533279692,-0.52838844,0.1925347988363397,-2.491749332116032,-0.0596279924311996
2022-07-16,63.684000000000005,-5.223574999385237,-2.2515133263664677,-0.48292494,0.1584274692486964,-2.409940795615164,-0.0519226991497591
2022-07-17,67.63900000000001,-1.2699468580067763,-2.2018604597297413,-0.4253815,0.1235570902048101,-2.3254175499345515,-0.0441937664737524
2022-07-18,72.28999999999999,3.379493861727481,-2.150259735730905,-0.37077597,0.0879326547243231,-2.2381923904552283,-0.0364433773708956
2022-07-19,72.71600000000001,3.803848583718074,-2.09671700517103,-0.31030732,0.0515640484091345,-2.1482810535801646,-0.0286737236147099
2022-07-20,68.67399999999999,-0.2397739299466699,-2.041240173093271,-0.2408152,0.0144620477202812,-2.055702220813552,-0.0208870050513517
2022-07-21,67.774,-1.1413753660588524,-1.9838392022719735,-0.17566818,-0.0233616826580305,-1.9604775196139432,-0.0130854288629069
2022-07-22,71.809,2.89213047181253,-1.9245261143827013,-0.1223212,-0.0618945933673746,-1.8626315210153268,-0.0052712088275454
2022-07-23,70.38,1.4617406853268489,-1.8633149888500975,-0.06705502,-0.1011232548362387,-1.7621917340138589,0.0025534354230592
2022-07-24,68.45400000000001,-0.4655544629262917,-1.80022195937318,-0.026358858,-0.1410333626516224,-1.6591885967215574,0.0103862791486345
2022-07-25,70.938,2.0172400649557827,-1.7352652081303883,-0.00021217698,-0.1816097438384395,-1.553655464291949,0.0182250932471334
2022-07-26,68.62400000000001,-0.2979847175988426,-1.6684649576694213,0.042826995,-0.2228363640431231,-1.445628593626298,0.026067645003064
2022-07-27,65.47,-3.4531983293660837,-1.5998434604894998,0.091435015,-0.2646963356169323,-1.3351471248725677,0.0339116988369072
2022-07-28,70.782,1.8581037845495387,-1.5294249863265157,0.123906374,-0.3071719265935058,-1.22225305973301,0.0417550170552138
2022-07-29,62.75600000000001,-6.169216751616098,-1.4572358071540563,0.1482099,-0.3502445705543079,-1.1069912365997483,0.0495953606009579
2022-07-30,67.356,-1.5700133279514812,-1.3833041799160388,0.17794949,-0.3938948773746884,-0.9894093025413504,0.0574304898037287
2022-07-31,71.366,2.439191631938801,-1.3076603270092657,0.2073596,-0.43810264484238,-0.8695576821668857,0.0652581651293458
2022-08-01,66.788,-2.1405634075824467,-1.2303364145368698,0.23045804,-0.482846871139339,-0.7474895433975308,0.0730761479284778
2022-08-02,78.93799999999999,10.009019582481065,-1.151366528356138,0.23956837,-0.5281057681769715,-0.6232607601791665,0.0808822011838425
2022-08-03,67.63900000000001,-1.2913583490971403,-1.0707866479468469,0.27762055,-0.5738567757738816,-0.4969298721729652,0.0886740902555776
2022-08-04,70.437,1.5049937529706965,-0.9886346181286434,0.31646803,-0.6200765766644211,-0.3685580414642223,0.0964495836243575
2022-08-05,70.425,1.491052584692258,-0.9049501186586432,0.33403257,-0.6667411123254464,-0.2382090063331967,0.1042064536318504
2022-08-06,71.377,2.441021558325509,-0.8197746317427196,0.36006293,-0.7138255996078636,-0.1059490321348559,0.1119424772180919
2022-08-07,64.547,-4.390847037311396,-0.7331514074965015,0.40333945,-0.7613045481586825,0.0281531406621809,0.1196554366553738
2022-08-08,64.583,-4.356215794277482,-0.6451254273943293,0.44259474,-0.8091517786184972,0.1640263512241678,0.1273431202782347
2022-08-09,68.65499999999999,-0.2850404704673828,-0.55574336574689,0.48134437,-0.857340441578502,0.301597075831612,0.1350033232091514
2022-08-10,69.872,0.931519385479803,-0.4650535492503893,0.5108787,-0.9058430372803457,0.4407894880299563,0.1426338480795238
2022-08-11,64.608,-4.333026694911026,-0.3731059146524144,0.54501057,-0.9546314360413924,0.5815255213889778,0.1502325057455618
2022-08-12,68.92399999999999,-0.0173532054386402,-0.2799519645817975,0.58589494,-1.0036768993871472,0.7237249348053497,0.157797115998682
2022-08-13,67.33,-1.6117729703300545,-0.1856447215918756,0.62303644,-1.052950101871921,0.8673053802800453,0.1653255082700193
2022-08-14,64.118,-4.824577043890296,-0.0902386804686148,0.6571882,-1.1024211535680484,1.0121824730994335,0.1728155223286805
2022-08-15,63.243,-5.699506112239212,0.0062102411429333,0.67268866,-1.1520596232033011,1.1582698643462346,0.1802650089733521
2022-08-16,68.688,-0.2539371471374763,0.1036447537385148,0.6921917,-1.2018345619254371,1.305479315663952,0.1876718307169022
2022-08-17,72.55399999999999,3.612827641726744,0.2020062485235952,0.7088675,-1.2517145276721997,1.4537207761957949,0.195033862463603
2022-08-18,74.902,5.961786970725438,0.301234851492355,0.73296833,-1.3016676101244045,1.6029024616167595,0.2023489921786233
2022-08-19,72.112,3.1726467629458552,0.4012694789559894,0.7697638,-1.3516614562191789,1.7529309351751683,0.2096151215494346
2022-08-20,63.807,-5.131293383743175,0.502047894457907,0.79599917,-1.4016632961997986,1.9037111906577056,0.2168301666387936
2022-08-21,68.696,-0.240672479501991,0.6035067670118905,0.8231571,-1.4516399701780185,2.055146737189909,0.2239920585289629
2022-08-22,74.408,5.473139630494372,0.7055817305977347,0.85067654,-1.5015579551842386,2.207139685781973,0.2310987439568428
2022-08-23,74.83800000000001,5.905141672913529,0.8082074448474967,0.8673261,-1.551383392680349,2.359590837527846,0.2381481859397033
2022-08-24,72.078,3.147039581138494,0.9113176568541224,0.8911328,-1.6010821165095812,2.512399773363704,0.245138364391197
2022-08-25,73.458,4.528513497442358,1.0148452640329777,0.9133368,-1.650619681257246,2.6654649452902235,0.2520672767273676
2022-08-26,76.392,7.463604464899096,1.1187223779656408,0.9382571,-1.6999613909957962,2.818683768961437,0.2589329384623482
2022-08-27,72.3,3.3729217034105696,1.222880389154167,0.95713556,-1.7490723283872331,2.9719527175414004,0.2657333837934912
2022-08-28,67.241,-1.6846058143877063,1.3272500326131451,0.97220916,-1.7979173841154985,3.125167416728644,0.2724666661756391
2022-08-29,75.834,6.910069519637952,1.4317614542257748,1.0014796,-1.8464612866211396,3.278222740846914,0.2791308588842981
2022-08-30,67.89,-1.0320594068105335,1.5363442777895575,1.0255929,-1.894668632110185,3.4310129098997426,0.2857240555674524
2022-08-31,70.319,1.3990703677205345,1.6409276726762578,1.0489883,-1.9425039148089125,3.5834315874851703,0.2922443707857989
2022-09-01,75.362,6.444423034658142,1.7454404220302868,1.077537,-1.9899315574358536,3.735371979466141,0.2986899405411609
2022-09-02,72.797,3.881997078873045,1.8498109914290084,1.1140393,-2.0369159418622225,3.886726933291231,0.3050589227928879
2022-09-03,76.179,7.266790985235919,1.953967597928013,1.141783,-2.083421439931644,4.037389037859657,0.3113494979620302
2022-09-04,69.23,0.3208032386174797,2.057838279414025,1.157922,-2.12941244440997,4.187250723823995,0.3175598694231014
2022-09-05,73.51,4.604032323888453,2.1613509641878257,1.1767155,-2.174853400035748,4.336204364223574,0.323688263983263
2022-09-06,76.92200000000001,8.019476725919526,2.2644335406993323,1.2057374,-2.219708834641811,4.484142375341143,0.3297329323487587
2022-09-07,76.607,7.708134929581414,2.367013927356918,1.2247826,-2.2639433903183748,4.630957317675293,0.3356921495784595
2022-09-08,75.069,6.174005419744829,2.4690201423329854,1.2360811,-2.307521854587932,4.776541996920917,0.3415642155243766
2022-09-09,76.47800000000001,7.587086681280483,2.57038037328792,1.232943,-2.350409191562237,4.920789564850157,0.3473474552590262
2022-09-10,79.991,11.10437719905908,2.6710230469346934,1.2487868,-2.392570573051638,5.063593619986332,0.3530402194895327
2022-09-11,78.542,9.659875457951328,2.7708768983666445,1.2722564,-2.43397140959706,5.2048483079637045,0.3586408849583812
2022-09-12,75.875,6.99757994282795,2.8698710400713123,1.2748076,-2.4745773813950023,5.344448421466314,0.3641478548307326
2022-09-13,73.53899999999999,4.666489138559619,2.9679350305536367,1.2819794,-2.514354469085979,5.482289499639616,0.3695595590682402
2022-09-14,74.033,5.1656015300170965,3.064998942492385,1.2963413,-2.5532689843769707,5.618267926869356,0.3748744547893073
2022-09-15,74.822,5.9599156020710655,3.160993430354225,1.325471,-2.5912876004685854,5.752281030822811,0.3800910266157579
2022-09-16,75.112,6.25542983959221,3.2558497973906406,1.3546966,-2.628377382257828,5.884227179648468,0.3852077870058823
2022-09-17,72.287,3.436142727451297,3.3495000619436173,1.3708749,-2.6645058162875355,6.014005878231153,0.3902232765738572
2022-09-18,74.82,5.975052750518962,3.4418770229869504,1.1923316,-2.6996408404138355,6.141517863400786,0.3951360643955401
2022-09-19,81.896,13.057123147670133,3.5329143248309385,1.0857574,-2.73375087316319,6.266665197994128,0.3999447483006543
2022-09-20,75.584,6.751386691999721,3.622546520919353,1.0094142,-2.766804842750909,6.3893513636702615,0.4046479551513977
2022-09-21,72.53800000000001,3.711841863158956,3.710709136648587,0.9832803,-2.798772215733349,6.509481352381936,0.4092443411075212
2022-09-22,70.256,1.4364871407990856,3.797338731140235,1.0083116,-2.8296230252663146,6.6269617564065495,0.4137325918779351
2022-09-23,73.41799999999999,4.605251479825022,3.882372957899528,1.0644822,-2.8593278989426225,6.741700856842151,0.4181114229589178
2022-09-24,74.385,5.579200995374959,3.965750624293481,1.1281033,-2.887858086182139,6.85360871047562,0.4223795798590152
2022-09-25,73.28999999999999,4.491334156804416,4.047411749784062,1.1848315,-2.915185485148045,6.962597234932106,0.4265358383107294
2022-09-26,72.306,3.5146494334689646,4.1272976228531375,1.2285217,-2.941282669163564,7.068580292016701,0.4305790044691128
2022-09-27,80.359,11.57514529472416,4.205350856557659,1.2689182,-2.966122912603835,7.171473769161494,0.4345079150973996
2022-09-28,83.932,15.155820209925544,4.281515442655103,1.3026999,-2.989680216238144,7.271195658893247,0.4383214377398058
2022-09-29,73.082,4.313672648428659,4.355736804240996,1.3231767,-3.0119293319982554,7.367666136239251,0.4420184708816635
2022-09-30,73.629,4.868701079589108,4.4279618468420825,1.3530432,-3.032845787149134,7.460807633991216,0.4455979440970491
2022-10-01,74.11800000000001,5.365903972762391,4.498139007910642,1.3693949,-3.052405907838941,7.550544915749583,0.4490588181840892
2022-10-02,76.417,7.673279797304083,4.566218304667287,1.3986539,-3.070586842005768,7.636805146673055,0.4524000852881321
2022-10-03,71.767,3.031827022569725,4.632151380241647,1.4271036,-3.087366581619243,7.719517961860889,0.4556207690129958
2022-10-04,79.22500000000001,10.498544117914902,4.695891548062327,1.4538441,-3.1027239842357224,7.798615532298049,0.4587199245204993
2022-10-05,72.572,3.854429552695141,4.757393834449667,1.4842882,-3.11663879384652,7.874032628296187,0.4616966386185168
2022-10-06,69.26599999999999,0.5574817962659817,4.816615019366924,1.528116,-3.1290916609992734,7.945706680366197,0.4645500298377768
2022-10-07,71.70400000000001,3.004699317983041,4.873513675287771,1.5648152,-3.140064162173245,8.013577837461016,0.4672792484976766
2022-10-08,71.15,2.460080587201797,4.928050204140165,1.5914762,-3.1495388183901327,8.077589022530297,0.4698834767613524
2022-10-09,73.597,4.916624073277826,4.980186872289019,1.6178489,-3.1574991130426446,8.137685985331663,0.472361928680285
2022-10-10,78.967,10.296328245566723,5.02988784352237,1.6414036,-3.1639295089239137,8.193817352446283,0.474713850228725
2022-10-11,75.207,6.546191573423984,5.077119210008116,1.667279,-3.168815464441549,8.245934674449664,0.4769385193282134
2022-10-12,75.14500000000001,6.494212526205225,5.121849021190842,1.6839889,-3.172143449000977,8.293992470191819,0.4790352458625085
2022-10-13,78.261,9.620389573265918,5.164047310600651,1.6915284,-3.1739009575434665,8.337948268144117,0.4810033716832204
2022-10-14,83.271,14.64072118396168,5.203686120548388,1.724079,-3.1740765242251188,8.377762644773508,0.4828422706064639
2022-10-15,84.84700000000001,16.227180314626047,5.2407395246841695,1.7453893,-3.172659735223871,8.41339925990804,0.4845513484008582
2022-10-16,80.706,12.096791652416158,5.275183648398564,1.7515743,-3.1696412406624823,8.444824889061046,0.4861300427672036
2022-10-17,79.044,10.445553662804524,5.306996687048467,1.7671735,-3.1650127656362645,8.47200945268473,0.4875778233101585
2022-10-18,72.44,3.8524648112635935,5.336158921992056,1.8006067,-3.1587671203352223,8.494926042327279,0.4888941915022772
2022-10-19,78.83999999999999,10.26352356326584,5.3626527344199975,1.8302715,-3.150898209251151,8.513550943671149,0.4900786806407395
2022-10-20,79.866,11.300728384283769,5.38646261697245,1.8629743,-3.141401039461086,8.527863656433535,0.491130855797132
2022-10-21,80.681,12.127077739789794,5.407575183134214,1.8756994,-3.1302717279794536,8.537846911113668,0.492050313760642
2022-10-22,86.55799999999999,18.01553744859081,5.425979174402754,1.7698002,-3.1175075081721078,8.543486682574862,0.4928366829750131
2022-10-23,79.141,10.610137735687228,5.441665465226609,1.7528259,-3.103106735226402,8.54477220045301,0.4934896234696402
2022-10-24,76.689,8.169877061716972,5.454627065714146,1.6945006,-3.0870688906722994,8.541695956386445,0.4940088267851607
2022-10-25,75.612,7.1047538873180205,5.464859122115326,1.67965,-3.069394585950502,8.534253708065828,0.494394015893917
2022-10-26,81.566,13.070766673128269,5.472358915081638,1.6460749,-3.0500855650244247,8.522444480106063,0.4946449451156611
2022-10-27,72.21600000000001,3.732913879785672,5.477125855712009,1.6304262,-3.0291447060338417,8.50627056174585,0.4947614000288691
2022-10-28,73.785,5.314193967928117,5.47916147939497,1.630497,-3.0065760219888618,8.485737501383833,0.4947431973780471
2022-10-29,72.30399999999999,3.8456053981935714,5.478469437460015,1.6308061,-2.982384660503895,8.46085409796391,0.4945901849773907
2022-10-30,78.425,9.979088345759903,5.475055486653491,1.6048205,-2.9565769025721265,8.431632389225618,0.4943022416111783
2022-10-31,78.471,10.037701166820671,5.46892747645695,1.5932457,-2.9291601603819744,8.398087636838925,0.4938792769312641
2022-11-01,79.415,10.994442313142793,5.46009533426831,1.3256716,-2.900142974177889,8.360238308446199,0.4933212313520451
2022-11-02,82.563,14.15531023649311,5.448571048468672,1.2161801,-2.8695350081687847,8.318106056637458,0.4926280759432615
2022-11-03,75.08,6.68530338863853,5.43436864939997,1.1963257,-2.837347045488302,8.271715694888272,0.491799812320997
2022-11-04,78.92200000000001,10.540420221345968,5.41750418828113,1.0736378,-2.803590982211967,8.221095170493097,0.4908364725372446
2022-11-05,71.09,2.721659186382237,5.397995714092647,0.6720446,-2.7682798204372454,8.166275534529893,0.4897381189683786
2022-11-06,75.749,7.394018735514273,5.375863248461834,0.5756906,-2.731427660433355,8.10729090889519,0.4885048442029004
2022-11-07,67.978,-0.3635026794910662,5.351128758583282,0.119952016,-2.693049691868577,8.04417845045186,0.4871367709287889
2022-11-08,68.635,0.307126039798743,5.323816128211242,-0.22404906,-2.6531621841236825,7.976978312334925,0.4856340518208016
2022-11-09,79.359,11.044871585622596,5.293951126762835,-0.31619096,-2.6117824757009385,7.905733602463773,0.4839968694280566
2022-11-10,77.278,8.97773241458193,5.261561376573082,-0.31172264,-2.5689289627390064,7.830490339312089,0.482225436062219
2022-11-11,67.378,-0.9082930167218496,5.226676318344851,-0.30738193,-2.5246210866449057,7.7512974049897565,0.4803199936866107
2022-11-12,74.7,6.427793748312679,5.189327174838788,-0.37515786,-2.4788793208549738,7.668206495693762,0.4782808138065463
2022-11-13,69.84,1.5819585196213175,5.149546912850253,-0.3446069,-2.4317251567376417,7.581272069587895,0.4761081973612032
2022-11-14,65.898,-2.3457684866665374,5.107370203522204,-0.31823727,-2.383181088651584,7.490551292173787,0.4738024746173083
2022-11-15,78.622,10.392669466676082,5.062833381044739,-0.27383512,-2.333270598173581,7.396103979218321,0.4713640050649182
2022-11-16,67.454,-0.760791111016124,5.015974399793825,-0.22412276,-2.282018137511241,7.297992537305065,0.4687931773155728
2022-11-17,69.05699999999999,0.8568522790261387,4.966832789963423,-0.18772504,-2.229449112116407,7.19628190207983,0.4660904090030675
2022-11-18,70.073,1.8875357735462408,4.915449611746802,-0.14821789,-2.1755898625158734,7.091039474262676,0.4632561466870949
2022-11-19,74.105,5.9342929440487895,4.861867408124464,-0.110470265,-2.120467645376683,6.982335053501148,0.4602908657599896
2022-11-20,70.04299999999999,1.887148290334203,4.806130156317527,-0.08000425,-2.0641106138240075,6.870240770141535,0.4571950703567947
2022-11-21,74.173,6.032100259901158,4.748283217966845,-0.046092577,-2.0065477970302803,6.754831014997126,0.4539692932688585
2022-11-22,70.927,2.801036065913568,4.688373288099508,-0.03670482,-1.9478090790948963,6.6361823671944045,0.4506140958611501
2022-11-23,68.64399999999999,0.5330684629763492,4.626448342945535,-0.012606582,-1.8879251772344,6.514373520179936,0.4471300679934841
2022-11-24,73.02799999999999,4.932195881658288,4.562557586668888,-0.0082706995,-1.8269276193037636,6.389485205972651,0.4435178279458056
2022-11-25,71.6,3.519416752528077,4.496751397077884,-0.0067885327,-1.764848720669845,6.261600117747729,0.4397780223476892
2022-11-26,70.362,2.2967246624818807,4.429081270381237,-0.030161118,-1.7017215604587903,6.130802830840028,0.4359113261121959
2022-11-27,74.83099999999999,6.781122754139456,4.359599765056783,-0.041205578,-1.6375799571995735,5.997179722256356,0.4319184423741909
2022-11-28,76.877,8.842595042331196,4.288360444900913,-0.08537615,-1.5724584438864952,5.860818888787408,0.4278001024332328
2022-11-29,76.735,8.716153980217111,4.215417821327365,-0.0735946,-1.5063922424838592,5.721810063811224,0.4235570657011177
2022-11-30,78.83800000000001,10.834795675118764,4.140827294984861,-0.17672303,-1.4394172378965944,5.580244532881456,0.419190119654151
2022-12-01,77.511,9.5234549753362,4.064645096763579,-0.79633343,-1.3715699514309785,5.4362150481945575,0.4147000797901891
2022-12-02,76.803,8.831067248985555,3.986928228260963,-0.7981704,-1.3028875137700706,5.289815742031033,0.4100877895904959
2022-12-03,72.64099999999999,4.684707298489215,3.907734401777874,-0.8198839,-1.2334076374888414,5.141142039266716,0.405354120486419
2022-12-04,72.86800000000001,4.927347112382044,3.827121979916335,-1.1192844,-1.1631685891343642,4.990290569050699,0.4004999718308971
2022-12-05,55.036,-12.88933433432977,3.7451499148504506,-1.3708495,-1.092209160896766,4.837359075747217,0.3955262708747705
2022-12-06,76.845,8.935151823745288,3.6618776873421774,-1.3815738,-1.0205686418969528,4.682446329239131,0.3904339727478541
2022-12-07,75.401,7.50653934631368,3.5773652455737888,-1.3761259,-0.9482867891174216,4.525652034691211,0.3852240604447298
2022-12-08,68.96,1.0809727471338608,3.491672943868738,-1.5610464,-0.875403798002719,4.367076741871458,0.3798975448151674
2022-12-09,73.128,5.264450344234451,3.404861481372699,-1.6764024,-0.8019602727563481,4.206821754129047,0.3744554645590942
2022-12-10,82.69,14.841970455644,3.3169918407661823,-2.4229784,-0.7279971963611366,4.044989037127319,0.3688988862259929
2022-12-11,72.61,4.777420165056511,3.2281252270800427,-2.7031074,-0.6535559003502357,3.8816811274302783,0.3632289042186
2022-12-12,74.818,7.000912097606857,3.1383230066846868,-2.739409,-0.5786780343561118,3.717001041040799,0.3574466408007555
2022-12-13,74.11800000000001,6.316444554393796,3.0476466465234497,-2.7377074,-0.5034055354649678,3.551052181988417,0.3515532461092334
2022-12-14,72.519,4.732892467279081,2.9561576536600187,-2.7308285,-0.4277805974041677,3.3839382510641864,0.3455498981693691
2022-12-15,70.639,2.868377096816455,2.863917515209185,-2.7137792,-0.3518456395902793,3.2157631547994643,0.3394378029142743
2022-12-16,68.275,0.5197339819546736,2.7709876387195638,-2.6672382,-0.2756432760654026,3.046630914784966,0.3332181942074168
2022-12-17,72.061,4.321198759448794,2.677429293076029,-2.6214097,-0.1992162843494679,2.8766455774254966,0.3268923338683251
2022-12-18,72.66,4.935694341098718,2.583303549988898,-2.5765386,-0.1226075742361554,2.7059111242250533,0.3204615117011486
2022-12-19,74.723,7.014156162386776,2.4886712261358066,-2.5302436,-0.0458601565600659,2.5345313826958726,0.3139270455258055
2022-12-20,68.06,0.3666507250780655,2.3935928260213406,-2.546663,0.0309828880373132,2.3626099379840277,0.307290281211409
2022-12-21,66.05900000000001,-1.6188237140688986,2.298128485618298,-2.5700085,0.1078784403153917,2.1902500453029066,0.300552592711668
2022-12-22,67.248,-0.4144485186052343,2.20233791685332,-2.5470428,0.1847833735886808,2.017554543264639,0.2937153821019216
2022-12-23,61.604,-6.042970708961147,2.1062803529983976,-2.6104095,0.2616545848002419,1.8446257681981555,0.2867800796174604
2022-12-24,65.608,-2.0231304134896564,2.010014495028411,-2.6474226,0.3384490254873772,1.6715654695410338,0.2797481436927725
2022-12-25,64.705,-2.909863193086664,1.9135984590034985,-2.646634,0.4151237326127716,1.4984747263907263,0.2726210610013242
2022-12-26,64.165,-3.4335573162014708,1.8170897245335789,-2.7073941,0.4916358592345137,1.325453865299065,0.265400346495482
2022-12-27,69.962,2.379947838050508,1.720545084380828,-3.888099,0.5679427049886915,1.1526023793921367,0.2580875434461568
2022-12-28,72.259,4.693321589857584,1.6240205952543316,-3.951587,0.6440017463585257,0.980018848895806,0.2506842234817465
2022-12-29,68.538,0.9887290674729072,1.5275715298494728,-4.1262164,0.7197706667043314,0.8078008631451413,0.2431919866259253
2022-12-30,72.723,5.190233901668989,1.4312523301828863,-5.175359,0.7952073860288932,0.6360449441539932,0.2356124613338255
2022-12-31,73.997,6.480698927783681,1.3351165622720895,-5.50717,0.870270090453235,0.4648464718188545,0.2279473045261367
2023-01-01,71.691,4.191192930421073,1.2392168722069856,-5.5124187,0.9449172613781218,0.2942996108288638,0.2201982016206371
2023-01-02,69.104,1.6203244131569972,1.1436049436586646,-5.499263,1.019107704307013,0.1244972393516516,0.2123668665606592
2023-01-03,68.642,1.1741410962484775,1.0483314568688586,-5.4745502,1.0928005773066616,-0.0444691204378029,0.2044550418399743
2023-01-04,70.437,2.9848209083300103,0.9534460491615676,-5.6665473,1.1659554190819517,-0.2125093699203839,0.19646449852358
2023-01-05,66.08999999999999,-1.346552760481499,0.8589972770162098,-6.3953032,1.2385321766420454,-0.3795348996258356,0.1883970362638526
2023-01-06,67.289,-0.1319134587590607,0.7650325797396823,-6.388347,1.3104912325354363,-0.5454586527957542,0.1802544833115223
2023-01-07,73.152,5.746807160532367,0.6715982447725147,-6.636473,1.3817934316319451,-0.7101951868594306,0.1720386965209197
2023-01-08,67.24199999999999,-0.1474609308066335,0.5787393746622356,-7.1035795,1.452400107430287,-0.8736607327680515,0.1637515613489263
2023-01-09,60.518,-6.855719515968832,0.4864998557347735,-7.512759,1.5222731078703584,-1.035773252135585,0.1553949918470682
2023-01-10,64.18400000000001,-3.173819261709746,0.394922328492603,-7.7468195,1.591374820629953,-1.1964524921373498,0.1469709306461665
2023-01-11,64.86999999999999,-2.4718708671701286,0.3040481597659896,-7.970096,1.659668197886217,-1.3556200381202272,0.1384813489329669
2023-01-12,62.413,-4.912790503262997,0.2139174166415071,-8.0376835,1.7271167805227423,-1.513199363881235,0.1299282464181561
2023-01-13,56.149,-11.160709737845073,0.1245688421895819,-8.372068,1.7936847217638168,-1.669115879574235,0.1213136512951717
2023-01-14,65.193,-2.100475338965027,0.0360398330106145,-8.871688,1.859336810217995,-1.8232969772073804,0.1126396201892049
2023-01-15,67.668,0.3909091402004855,-0.0516335813832266,-8.919291,1.9240384923137763,-1.975672073697003,0.1039082380957956
2023-01-16,69.97399999999999,2.713272502449403,-0.1384167573357314,-8.832746,1.98775589411087,-2.126172651446601,0.0951216183084206
2023-01-17,67.408,0.1635429251956626,-0.224276453951515,-8.648529,2.0504558424711816,-2.274732296422697,0.0862819023344557
2023-01-18,67.047,-0.1812130389124052,-0.3091808481279545,-8.672492,2.112105885574352,-2.4212867337023063,0.0773912597989181
2023-01-19,62.965,-4.246997082233106,-0.3930995477066377,-8.597559,2.172674312763374,-2.565773860470012,0.0684518883353793
2023-01-20,64.729,-2.4667270986425947,-0.476003602739015,-8.396586,2.232130173706547,-2.708133776445562,0.0594660134634387
2023-01-21,61.659,-5.520462448171758,-0.5578655148634628,-8.223675,2.2904432968627044,-2.8483088117261675,0.0504358884521589
2023-01-22,62.806,-4.357145992420532,-0.6386592447932983,-8.058353,2.3475843072374403,-2.9862435520307384,0.0413637941688631
2023-01-23,75.583,8.436724328788182,-0.7183602179176886,-7.8920994,2.403524643418764,-3.121884861336452,0.0322520389126965
2023-01-24,60.655,-6.474537476662442,-0.7969453280197544,-7.738014,2.4582365738813485,-3.255181901901103,0.0231029582323591
2023-01-25,62.201,-4.911861284710497,-0.874392939118609,-7.587831,2.511693212549344,-3.386086151667953,0.0139189147274286
2023-01-26,57.281,-9.814629211812058,-0.9506828854443216,-7.4300323,2.563868533608443,-3.5145514190527645,0.0047022978326898
2023-01-27,62.654,-4.4244794185233305,-1.025796469557226,-7.2987914,2.6147373855586618,-3.640533855115888,-0.0045444764150945
2023-01-28,60.152,-6.909413392908996,-1.099716458625266,-7.1632943,2.6642755045001016,-3.763991963125368,-0.0138189656285425
2023-01-29,66.08600000000001,-0.9584326230337172,-1.172427078875372,-7.0509605,2.7124595266446807,-3.8848866055200526,-0.0231187013396824
2023-01-30,66.107,-0.9205385969622024,-1.2439140082371132,-6.9012,2.75926700004766,-4.003181008284773,-0.0324411892892062
2023-01-31,67.173,0.1622671972408915,-1.3141643671991798,-6.773065,2.8046763955535066,-4.118840762752686,-0.0417839097354701
2023-02-01,61.744,-5.250016728489103,-1.383166707901351,-6.6534004,2.8486671169514963,-4.231833824852847,-0.0511443177837611
2023-02-02,67.266,0.2888760701873202,-1.4509110014869042,-6.537817,2.891219510337155,-4.34213051182406,-0.0605198437363373
2023-02-03,60.857,-6.103331228646349,-1.5173886237424092,-6.5581126,2.9323148726764834,-4.449703496418893,-0.0699078934637277
2023-02-04,62.793,-4.150640072275429,-1.5825923390541323,-6.489464,2.971935459570659,-4.554527798624791,-0.0793058487977669
2023-02-05,68.247,1.3199729528950814,-1.6465162827121516,-6.857572,3.010064492219714,-4.656580774931866,-0.0887110679468256
2023-02-06,68.439,1.5284808519348,-1.7091559415954372,-6.7778325,3.046686163584416,-4.755842105179854,-0.0981208859336741
2023-02-07,58.361,-8.533117818657756,-1.77050813327303,-6.699861,3.081785643746405,-4.852293777019435,-0.1075326150564024
2023-02-08,62.961000000000006,-3.916525270899876,-1.83057098355841,-6.601163,3.115349084467377,-4.945920068025787,-0.1169435453728016
2023-02-09,62.504000000000005,-4.356832550532127,-1.8893439025559955,-6.5012684,3.14736362294886,-5.036707525504856,-0.1263509452085904
2023-02-10,71.937,5.092739068499589,-1.9468275592405373,-6.4300685,3.177817384794917,-5.124644944035454,-0.1357520616898463
2023-02-11,64.378,-2.4499559760478657,-2.003023854611904,-6.383858,3.2066994861808205,-5.209723340792724,-0.145144121299986
2023-02-12,65.643,-1.1687708687806813,-2.057935893469484,-6.285621,3.2340000352315106,-5.291935928700994,-0.1545243304616115
2023-02-13,65.839,-0.9567069967436004,-2.1115679548520183,-6.2216325,3.2597101326143787,-5.371278087466397,-0.1638898761435193
2023-02-14,76.102,9.322378450163884,-2.1639254611903214,-6.247899,3.283821871351624,-5.447747332541946,-0.1732379264931381
2023-02-15,63.543,-3.2207377937578903,-2.2150149462217703,-6.1647534,3.306328335858179,-5.5213432820799495,-0.1825656314946477
2023-02-16,67.46000000000001,0.7120146018887604,-2.2648440217169563,-6.080166,3.3272236002118567,-5.592067621928813,-0.1918701236529954
2023-02-17,56.307,-10.42550993605308,-2.3134213430702624,-5.977166,3.3465027256631164,-5.659924068733378,-0.2011485187040032
2023-02-18,64.731,-1.9860204059580528,-2.360756573807354,-5.8717093,3.3641617573924805,-5.724918331199834,-0.2103979163507346
2023-02-19,65.342,-1.3596663862763878,-2.406860349063935,-5.7798495,3.38019772052434,-5.787058069588275,-0.2196154010262557
2023-02-20,67.37700000000001,0.6905507469802187,-2.4517442380911865,-5.6991224,3.3946086154064883,-5.846352853497675,-0.2287980426829099
2023-02-21,65.96100000000001,-0.7105145793451232,-2.4954207058443982,-5.738518,3.407393412165444,-5.902814118009842,-0.2379428976081696
2023-02-22,66.23700000000001,-0.4196418626092383,-2.5379030737124126,-5.8168426,3.4185520445481674,-5.95645511826058,-0.2470470092671373
2023-02-23,62.94,-3.701689858506215,-2.5792054794462747,-5.9110665,3.428085403061432,-6.007290882507706,-0.2561074091717005
2023-02-24,64.803,-1.823876369192336,-2.6193428363465188,-6.195755,3.4359953274207,-6.055338163767218,-0.2651211177763358
2023-02-25,64.484,-2.12770242059638,-2.658330791769155,-6.2190933,3.4422845983209305,-6.100615390090086,-0.2740851454005243
2023-02-26,62.059000000000005,-4.537683517448746,-2.6961856850112365,-6.392235,3.4469569285422974,-6.143142613553534,-0.2829964931776969
2023-02-27,67.194,0.612825439963464,-2.7329245046373893,-6.757467,3.4500169534043588,-6.182941458041748,-0.291852154030612
2023-02-28,57.99,-8.575841060948065,-2.7685648453093963,-7.169774,3.451470220582731,-6.220035065892127,-0.3006491136730175
2023-03-01,66.45700000000001,-0.0936842003654888,-2.8031248641811635,-7.1950283,3.451323179302849,-6.254448043484013,-0.3093843516374372
2023-03-02,67.961,1.425480840094016,-2.836623236922012,-7.1599174,3.4495831689258574,-6.286206405847869,-0.3180548423288625
2023-03-03,67.991,1.4704617436013674,-2.869079113431344,-7.1201525,3.446258406942174,-6.315337520373518,-0.3266575561041247
2023-03-04,65.907,-0.598928640281717,-2.9005120733080454,-7.3065257,3.441357976388698,-6.341870049696743,-0.3351894603766605
2023-03-05,62.9,-3.591314328216385,-2.93094208113811,-7.5774612,3.434891812706101,-6.365833893844211,-0.3436475207463776
2023-03-06,55.431,-11.045609463144492,-2.960389441663964,-7.6148496,3.426870690052988,-6.387260131716952,-0.3520287021542637
2023-03-07,55.238,-11.224101055188063,-2.988874754899007,-7.6697235,3.4173062070941884,-6.406180961993195,-0.360329970061379
2023-03-08,53.108,-13.339790213882155,-3.0164188712507114,-7.8329844,3.4062107722807373,-6.422629643531449,-0.3685482916518024
2023-03-09,54.557,-11.87667804876192,-3.0430428467154558,-7.965029,3.393597588639489,-6.436640435354944,-0.3766806370591052
2023-03-10,61.73,-4.68976566936244,-3.068767898207972,-8.591396,3.379480638090644,-6.448248536298616,-0.3847239806158537
2023-03-11,59.5,-6.906054185218799,-3.093615359087921,-8.605437,3.3638746653117337,-6.457490024399655,-0.3926753021256395
2023-03-12,62.541,-3.8515447058661447,-3.1176066349456844,-8.835668,3.346795161166945,-6.464401796112629,-0.4005315881570769
2023-03-13,64.413,-1.9662383408395456,-3.1407631597089063,-9.305225,3.3282583457208847,-6.469021505429791,-0.4082898333591896
2023-03-14,71.15299999999999,4.786863800325857,-3.1631063521307605,-10.035876,3.3082811508561467,-6.471387502986907,-0.415947041797565
2023-03-15,65.009,-1.3445877064070064,-3.1846575727201936,-10.017947,3.286881202514271,-6.471538775234464,-0.4235002283106213
2023-03-16,66.679,0.3377601222953097,-3.2054380811736407,-9.856628,3.264076802579841,-6.469514883753481,-0.4309464198853033
2023-03-17,58.755,-7.574093875827295,-3.22546899436691,-9.673364,3.239886910427691,-6.465355904794601,-0.438282657051484
2023-03-18,55.567,-10.750150863034875,-3.244771244964989,-9.472236,3.214331124153305,-6.459102369118294,-0.4455059952943158
2023-03-19,65.181,-1.124412001587535,-3.263365540706529,-9.596618,3.1874296615066284,-6.450795202213158,-0.4526135064837476
2023-03-20,60.737,-5.5568083131306025,-3.281272324418756,-9.582929,3.1592033405496367,-6.4404756649683925,-0.4596022803203861
2023-03-21,65.181,-1.1012589380070106,-3.298511734817354,-9.499827,3.1296735600580585,-6.428185294875412,-0.4664694257968482
2023-03-22,69.67099999999999,3.400598304146538,-3.315103568144764,-9.431857,3.09886227968774,-6.413965847832504,-0.4732120726737199
2023-03-23,70.654,4.3945711189761525,-3.33106724069895,-9.391409,3.0667919999261515,-6.397859240625102,-0.479827372969212
2023-03-24,62.581,-3.6681604003294006,-3.3464217523034967,-9.301769,3.0334857418495744,-6.379907494153072,-0.4863125024615597
2023-03-25,60.107,-6.132086027529258,-3.36118565076833,-9.161945,2.9989670267064827,-6.360152677474813,-0.4926646622031987
2023-03-26,61.127,-5.101851603695028,-3.375376997389105,-8.986392,2.963259855347628,-6.338636852736733,-0.4988810800457046
2023-03-27,57.624,-8.594823573792956,-3.3890133335315373,-8.814626,2.926388687523241,-6.315402021054778,-0.5049590121744728
2023-03-28,65.93400000000001,-0.2748528614682692,-3.4021116483456075,-9.333721,2.888378421067777,-6.2904900694133845,-0.5108957446520683
2023-03-29,57.241,-8.957577314666697,-3.414688347652757,-9.388024,2.8492543709924227,-6.26394271864518,-0.5166885949691686
2023-03-30,67.804,1.6155062482292868,-3.4267592240476006,-9.25969,2.809042248505585,-6.235801472553185,-0.5223349136019731
2023-03-31,62.05,-4.128946417979376,-3.4383394282538737,-9.142096,2.7677681399813645,-6.206107568235238,-0.5278320855749566
2023-04-01,60.692,-5.477583083212141,-3.449443441772606,-9.124919,2.725458485895902,-6.174901927668508,-0.5331775320277878
2023-04-02,59.54,-6.620290005738911,-3.4600850508585856,-9.073798,2.682140059751294,-6.14222511060988,-0.5383687117852387
2023-04-03,60.896,-5.255180075165706,-3.470277321859378,-9.011844,2.6378399470065976,-6.108117268865976,-0.5434031229288699
2023-04-04,63.47899999999999,-2.663188572482974,-3.480032577949159,-8.895538,2.5925855240351967,-6.072618101984356,-0.5482783043692675
2023-04-05,63.805,-2.3283783427590183,-3.4893623772877045,-8.762428,2.546404437127604,-6.035766814415308,-0.5529918374175763
2023-04-06,58.237,-7.887738336312394,-3.49827749263282,-8.705263,2.4993245815584983,-5.997602074191319,-0.5575413473550629
2023-04-07,60.682,-5.434278840434002,-3.506787892432533,-8.924183,2.451374080736533,-5.958161973169066,-0.5619245049994265
2023-04-08,57.258,-8.850005672695264,-3.514902723421166,-8.794933,2.402581265455152,-5.917483988876318,-0.5661390282665453
2023-04-09,52.158,-13.94191993789919,-3.5226302947414427,-8.674371,2.352974653262368,-5.875604948003811,-0.5701826837263495
2023-04-10,62.006,-4.086022740848797,-3.5299780636125537,-8.573693,2.3025829279671024,-5.832560991579657,-0.5740532881514787
2023-04-11,60.119,-5.965288410403271,-3.536952622561978,-8.579821,2.2514349192993715,-5.788387541861349,-0.5777487100573865
2023-04-12,55.723,-10.353742052825808,-3.543559688236696,-8.449949,2.1995595827412333,-5.74311927097793,-0.5812668712325271
2023-04-13,53.358,-12.711354113543551,-3.549804091807196,-8.307406,2.146985979545044,-5.69679007135224,-0.5846057482572613
2023-04-14,55.553,-10.509157452619226,-3.5556897709755173,-8.150903,2.093743256955185,-5.649433027930703,-0.5877633740101035
2023-04-15,56.392,-9.663153165753016,-3.5612197635963025,-8.008599,2.039860628649022,-5.601080392245325,-0.5907378391599212
2023-04-16,57.582,-8.466237577902996,-3.566396202917596,-7.9003077,1.9853673554124345,-5.55176355833003,-0.5935272936427084
2023-04-17,59.216,-6.825513708480503,-3.571220314445944,-7.885679,1.9302927260648384,-5.501513040510782,-0.5961299481215176
2023-04-18,52.727,-13.307982637670618,-3.57569241443803,-7.9095945,1.8746660386481864,-5.450358453086217,-0.5985440754281746
2023-04-19,59.557,-6.471645445658396,-3.579811910018874,-7.850198,1.8185165818939544,-5.398328491912828,-0.6007680119853539
2023-04-20,55.445,-10.577484156817402,-3.5835773009243828,-7.7462497,1.7618736169816709,-5.345450917906054,-0.6028001592076344
2023-04-21,55.582,-10.434457667951357,-3.586986182863798,-7.640733,1.7047663596021054,-5.291752542465903,-0.6046389848801171
2023-04-22,59.258,-6.752626127757993,-3.590035252495302,-7.5038614,1.64722396233767,-5.237259214832972,-0.6062830245132201
2023-04-23,60.025,-5.979990604608445,-3.5927203140059367,-7.4088244,1.5892754973721788,-5.181995811378116,-0.6077308826722527
2023-04-24,58.888000000000005,-7.1115521668738255,-3.595036287284641,-7.297005,1.5309499395415305,-5.125986226826171,-0.6089812342803828
2023-04-25,54.278,-11.716311882925256,-3.5969772176751493,-7.150279,1.4722761497364378,-5.069253367411587,-0.6100328258936161
2023-04-26,56.0,-9.989270821133866,-3.5985362872932254,-7.025857,1.413282858667735,-5.011819145960961,-0.6108844769464202
2023-04-27,60.222,-5.762430049870764,-3.599705827890615,-6.8982363,1.3539986510043396,-4.953704478894954,-0.6115350809666269
2023-04-28,57.781,-8.198790637507079,-3.600477335245936,-6.748838,1.2944519498933489,-4.894929285139285,-0.6119836067582675
2023-04-29,57.498,-8.477353652413935,-3.600841485060665,-6.5922837,1.2346710018712617,-4.835512486931926,-0.6122290995510066
2023-04-30,52.798,-13.173009660966036,-3.600788150336273,-6.474256,1.1746838621747353,-4.775472012511008,-0.6122706821148484
2023-05-01,58.335,-7.631867230759279,-3.6003064202065413,-6.400158,1.1145183804587704,-4.714824800665312,-0.6121075558388225
2023-05-02,67.349,1.3860725861991117,-3.599384620197112,-6.4301314,1.0542021869296376,-4.653586807126749,-0.6117390017723511
2023-05-03,52.7,-13.259561003300307,-3.598010333882331,-6.345356,0.9937626788993256,-4.5917730127816565,-0.6111643816280407
2023-05-04,62.693,-3.2629541305148457,-3.596170425907528,-6.29944,0.9332270077677228,-4.529397433675251,-0.6103831387446497
2023-05-05,58.383,-7.569551310869215,-3.593851066343029,-6.3234925,0.8726220664381948,-4.466473132781224,-0.6093947990090143
2023-05-06,54.912,-11.037353586711792,-3.591037756334328,-6.4363,0.8119744771716415,-4.40301223350597,-0.6081989717357269
2023-05-07,57.871,-8.075242472277942,-3.58771535501107,-6.366734,0.7513105798835876,-4.339025934894658,-0.6067953505034073
2023-05-08,55.1,-10.84333528998248,-3.583868107615788,-6.467827,0.6906564208882748,-4.274524528504062,-0.6051837139464131
2023-05-09,58.017,-7.923633064473231,-3.579479674811616,-6.347324,0.6300377420931832,-4.209517416904799,-0.6033639265008748
2023-05-10,61.352,-4.586136820398004,-3.5745331631266044,-6.208499,0.5694799706468364,-4.1440131337734405,-0.6013359391039785
2023-05-11,55.298,-10.63784758240466,-3.569011156490667,-6.098323,0.509008209042211,-4.078019365532878,-0.5990997898454318
2023-05-12,58.154,-7.779766375141024,-3.562895748819722,-5.981801,0.4486472256775016,-4.011542974497224,-0.5966556045701
2023-05-13,64.731,-1.2008942232549424,-3.5561685776000727,-5.8627353,0.3884214458754571,-3.94459002347553,-0.5940035974308274
2023-05-14,56.623,-9.307232151394237,-3.5488108584247486,-5.722627,0.328354943361956,-3.877165801786705,-0.591144071390485
2023-05-15,53.615,-12.313781184206723,-3.540803420432165,-5.588479,0.2684714322039522,-3.8092748526361175,-0.5880774186723454
2023-05-16,56.293,-9.634542346340282,-3.5321267425962257,-5.4342794,0.2087942592063809,-3.740921001802607,-0.5848041211578981
2023-05-17,57.012,-8.914516662442704,-3.5227609908157684,-5.282484,0.1493463967671112,-3.67210738758288,-0.5813247507312814
2023-05-18,56.481,-9.444705157161856,-3.512686055750194,-5.150203,0.0901504361884799,-3.602836491938674,-0.5776399695695299
2023-05-19,56.041,-9.884108855145556,-3.501881591347001,-5.0203047,0.0312285814434575,-3.5331101727904586,-0.5737505303778887
2023-05-20,61.102,-4.822728781041635,-3.4903270540060105,-4.885104,-0.0273973566060299,-3.4629296973999804,-0.5696572765694965
2023-05-21,57.324,-8.600565959497938,-3.478001742324172,-4.754996,-0.0857059655415765,-3.3922957767825954,-0.5653611423887519
2023-05-22,57.728,-8.196621415162278,-3.46488483736396,-4.6508703,-0.1436762362750307,-3.321208601088929,-0.5608631529777772
2023-05-23,62.84199999999999,-3.082896172682532,-3.4509554433876923,-4.5534005,-0.2012875674934026,-3.2496678758942896,-0.5561644243853779
2023-05-24,63.098,-2.8273912567064903,-3.436192628999347,-4.4507923,-0.2585197696663621,-3.1776728593329846,-0.5512661635179993
2023-05-25,63.107,-2.818752298680573,-3.420575468634907,-4.3398366,-0.3153530686211558,-3.105222400013751,-0.5461696680321924
2023-05-26,64.29899999999999,-1.62734553394582,-3.404083084341734,-4.243384,-0.3717681086902705,-3.032314975651464,-0.5408763261681712
2023-05-27,60.334,-5.593171933059155,-3.3866946877870028,-4.15805,-0.427745955437561,-2.958948732349442,-0.5353876165240862
2023-05-28,61.003,-4.925232466577587,-3.3683896224348926,-4.087082,-0.4832680979690153,-2.885121524465877,-0.5297051077706881
2023-05-29,61.988,-3.941528105058076,-3.3491474058319506,-3.982471,-0.5383164508347182,-2.810830954997233,-0.5238304583061192
2023-05-30,67.372,1.4414696916601286,-3.3289477719398146,-3.8923182,-0.5928733555289953,-2.736074416410819,-0.5177654158506078
2023-05-31,70.872,4.939889437979099,-3.307770713454381,-3.799226,-0.646921581596087,-2.6608491318582934,-0.511511816980906
2023-06-01,63.583,-2.351803799471294,-3.2855965240504736,-3.7127976,-0.7004443273490825,-2.585152196701391,-0.5050715866043581
2023-06-02,59.463,-6.474715890038372,-3.262405840491072,-3.6347647,-0.7534252202102033,-2.5089806202808687,-0.4984467373725479
2023-06-03,60.542,-5.398847914644589,-3.238179684540331,-3.5569417,-0.8058483166808702,-2.4323313678594607,-0.4916393690345222
2023-06-04,60.73,-5.213301702292534,-3.2128995046197617,-3.4762928,-0.8576981019503022,-2.35520140266946,-0.4846516677296481
2023-06-05,63.898,-2.047700006984249,-3.186547217147308,-3.393617,-0.9089594891517502,-2.2775877279955576,-0.4774859052202145
2023-06-06,71.012,5.063726857057253,-3.1591052474993155,-3.3242574,-0.9596178182757158,-2.1994874292236,-0.4701444380639472
2023-06-07,67.675,1.7235726312536908,-3.1305565705359517,-3.2885983,-1.0096588547498355,-2.120897715786116,-0.4626297067266643
2023-06-08,69.491,3.536678509209911,-3.1008847506310158,-3.2262673,-1.059068787695353,-2.0418159629356625,-0.454944234635347
2023-06-09,70.90299999999999,4.944733343460033,-3.0700739811478384,-3.186397,-1.1078342278703812,-1.9622397532774567,-0.4470906271719733
2023-06-10,61.552,-4.4105848617712,-3.038109123303498,-3.129116,-1.1559422053103434,-1.8821669179931544,-0.4390715706085044
2023-06-11,67.873,1.905943271240764,-3.0049757443644296,-3.0806758,-1.203380166676293,-1.8015955776881365,-0.4308898309834802
2023-06-12,68.032,2.059956990370305,-2.9706601551173177,-3.0324886,-1.2501359723219074,-1.7205241827954103,-0.4225482529207312
2023-06-13,71.44399999999999,5.467128347266731,-2.93514944656003,-2.9576657,-1.296197893090231,-1.638951553469799,-0.4140497583907775
2023-06-14,60.725,-5.25699753096673,-2.8984315257583875,-2.880454,-1.3415546068513786,-1.5568769189070089,-0.4053973454155349
2023-06-15,65.569,-0.4178813454702155,-2.8604951508155536,-2.7911,-1.3861951947925526,-1.474299956023001,-0.3965940867170136
2023-06-16,75.48,9.488148743124782,-2.821329964902027,-2.723495,-1.4301091374718986,-1.3912208274301283,-0.3876431283107412
2023-06-17,62.183,-3.814145634078467,-2.78092652929531,-2.6542568,-1.4732863106478278,-1.307640218647482,-0.3785476880447098
2023-06-18,65.978,-0.0245896200003064,-2.7392763553797117,-2.6197922,-1.5157169808955353,-1.223559374484176,-0.3693110540846868
2023-06-19,69.191,3.1829437583907207,-2.69637193555795,-2.6428406,-1.5573918010225642,-1.1389801345353856,-0.3599365833468044
2023-06-20,64.768,-1.2458891304555064,-2.6522067730277032,-2.6039128,-1.598301805295287,-1.0539049677324162,-0.3504276998783749
2023-06-21,66.883,0.8632558173615021,-2.6067754103776526,-2.5412579,-1.6384384044882885,-0.968337005889364,-0.3407878931879519
2023-06-22,67.736,1.7099653658068783,-2.5600734569591186,-2.4673104,-1.6777933807686285,-0.8822800761904903,-0.3310207165257009
2023-06-23,63.25,-2.78248280087042,-2.51209761499094,-2.4176478,-1.716358882427015,-0.7957387325639247,-0.3211297851151954
2023-06-24,62.89300000000001,-3.145857125692729,-2.462845704356881,-2.3836517,-1.7541274184679017,-0.7087182858889798,-0.3111187743378119
2023-06-25,64.043,-2.0020693777067025,-2.412316686056578,-2.3328896,-1.7910918530705418,-0.6212248329860361,-0.3009914178709404
2023-06-26,59.533,-6.518356479839019,-2.3605106842726946,-2.2720792,-1.8272453999329716,-0.5332652843397232,-0.2907515057812882
2023-06-27,68.785,2.72739861305398,-2.307429007018856,-2.20704,-1.8625816165108844,-0.4448473905079717,-0.280402882574587
2023-06-28,63.111,-2.952989911148866,-2.2530741653346644,-2.142246,-1.8970943981632835,-0.3559797671713811,-0.2699494452030805
2023-06-29,64.595,-1.475502040781108,-2.1974498909960745,-2.0662746,-1.9307779722167224,-0.266671918779352,-0.2593951410322011
2023-06-30,63.773,-2.304059845016884,-2.140561152711264,-1.9943839,-1.9636268919598687,-0.1769342607513944,-0.2487439657679004
2023-07-01,61.74,-4.343720621185429,-2.08241417077417,-1.9322064,-1.99563603058002,-0.0867781401941503,-0.2379999613461342
2023-07-02,61.412,-4.678454976172628,-2.0230164301498004,-1.8607637,-2.026800575053056,0.0037841449032556,-0.2271672137860541
2023-07-03,67.595,1.4981451352470716,-1.962376691967571,-1.7882894,-2.057116019998228,0.0947393280306567,-0.2162498510084933
2023-07-04,62.419,-3.6843880419010455,-1.900505003400868,-1.7166445,-2.086578161508976,0.1860731581081074,-0.2052520406213777
2023-07-05,65.781,-0.3289411185366877,-1.837412705913299,-1.6558834,-2.1151830909708664,0.2777703850575674,-0.1941779876737329
2023-07-06,58.982,-7.134605717710118,-1.773112441854073,-1.6028755,-2.142927188877506,0.3698147470234332,-0.1830319323799947
2023-07-07,59.834,-6.288859323448413,-1.707618159387258,-1.5448297,-2.169807118655146,0.4621889592678885,-0.1718181478163632
2023-07-08,62.481,-3.648160851333001,-1.6409451157417376,-1.4851992,-2.1958198205064634,0.5548747047647258,-0.1605409375909838
2023-07-09,66.291,0.1555418822849235,-1.5731098787709683,-1.4405015,-2.220962505283786,0.6478526265128177,-0.1492046334897583
2023-07-10,63.242,-2.8998517606488883,-1.5041303268138104,-1.3883473,-2.245232648401835,0.7411023215880246,-0.1378135930996408
2023-07-11,61.026,-5.122285433569031,-1.434025646849974,-1.3431474,-2.2686279837997665,0.8346023369497924,-0.1263721974112698
2023-07-12,56.449,-9.705635473952777,-1.362816330945841,-1.2875962,-2.2911464979620866,0.9283301670162456,-0.114884848402859
2023-07-13,61.628,-4.53299290144566,-1.2905241709887174,-1.2369343,-2.312786424007736,1.0222622530190186,-0.1033559666072507
2023-07-14,65.469,-0.6984420488355345,-1.217172251709772,-1.1755908,-2.3335462358563537,1.1163739841465816,-0.0917899886640944
2023-07-15,53.932,-12.241978293117128,-1.142784941998231,-1.1199787,-2.3534246424804763,1.2106397004822451,-0.0801913648591178
2023-07-16,66.432,0.2514194541519972,-1.067387884511642,-1.0786544,-2.372420582252105,1.3050326977404632,-0.0685645566524772
2023-07-17,61.010000000000005,-5.177296158225683,-0.9910079835892576,-1.0512568,-2.390533217391789,1.399525233802532,-0.0569140341982039
2023-07-18,65.895,-0.2988055194721586,-0.9136733914778694,-1.0176431,-2.4077619285280574,1.494088537050188,-0.0452442738567661
2023-07-19,58.602,-7.598198041848258,-0.8354134928816584,-0.9756708,-2.4241063093747064,1.5886928164930478,-0.0335597557027928
2023-07-20,58.587,-7.619656703681126,-0.7562588878498194,-0.9325737,-2.439566161533129,1.68330727368331,-0.0218649610300055
2023-07-21,62.556,-3.6570213049060967,-0.6762413730180098,-0.8942119,-2.4541414894265383,1.7779001164085284,-0.0101643698554236
2023-07-22,63.944,-2.275450951797373,-0.5953939212217608,-0.8398866,-2.4678324953725825,1.8724385741508216,0.0015375415750827
2023-07-23,63.118,-3.107943592316301,-0.5137506595022664,-0.7967201,-2.480639574800511,1.9668889152982445,0.0132363032778243
2023-07-24,60.177,-6.055490017690596,-0.4313468455270467,-0.76155376,-2.4925633116187003,2.0612164660916537,0.0249274540168195
2023-07-25,63.499,-2.740065010620093,-0.3482188424501409,-0.74437225,-2.503604473737973,2.155385631287832,0.0366065437817398
2023-07-26,60.191,-6.054226740270212,-0.2644040922385435,-0.7193034,-2.5137640087557904,2.249359916517247,0.0482691362561888
2023-07-27,56.437,-9.814197094489035,-0.179941087493719,-0.6773657,-2.523043039806033,2.3431019523123147,0.0599108112742393
2023-07-28,64.68,-1.5772496383437418,-0.0948693417989787,-0.62071025,-2.5314428615786917,2.4365735197797127,0.0715271672631498
2023-07-29,61.284,-4.978704705654134,-0.009229358625558,-0.56412554,-2.538964936513432,2.5297355778878736,0.0831138236701967
2023-07-30,63.791,-2.477103523681245,0.0769374011678538,-0.52038383,-2.545610891170627,2.6225482923384806,0.0946664233715635
2023-07-31,60.655,-5.618367216793953,0.1635885532054559,-0.4901868,-2.5513825127830287,2.7149710659884847,0.1061806350612377
2023-08-01,69.119,2.8414307835298085,0.2506808247960467,-0.45822322,-2.5562817459909093,2.806962570786956,0.1176521556178829
2023-08-02,65.753,-0.529961618808953,0.3381700914257202,-0.43030122,-2.560310689763111,2.898480781188831,0.1290767124476754
2023-08-03,63.057,-3.230292791584604,0.4260114144995078,-0.41452315,-2.5634715945060265,2.9894830090055344,0.1404500658010894
2023-08-04,64.221,-2.07001100433912,0.5141590802880788,-0.40914488,-2.565766859362193,3.079925939650272,0.1517680110616726
2023-08-05,63.953,-2.3409849997265493,0.6025666400341118,-0.39350787,-2.5671990296997693,3.169765669733881,0.1630263810048349
2023-08-06,67.88900000000001,1.5927272600134497,0.6911869511711878,-0.378569,-2.5677707947937822,3.25895774596497,0.1742210480247303
2023-08-07,68.346,2.0473998753432388,0.7799722196066934,-0.36391094,-2.567484985699665,3.347457205306358,0.1853479263273208
2023-08-08,72.72000000000001,6.4187320964191965,0.8688740430185561,-0.3563682,-2.566344573319209,3.435218616337765,0.1964029740877413
2023-08-09,67.057,0.7527093050886887,0.9578434551143884,-0.3476971,-2.564352666658694,3.5221961217730824,0.2073821955701263
2023-08-10,64.834,-1.473790753706418,1.046830970800171,-0.33116466,-2.561512511278562,3.608343482078733,0.2182816432080744
2023-08-11,63.874,-2.4370272324594824,1.1357866322043113,-0.3089772,-2.557827487933656,3.6936141201379673,0.2290974196439785
2023-08-12,65.572,-0.7422992951649168,1.224660055501793,-0.27405772,-2.5533011114026603,3.777961166904453,0.2398256797254743
2023-08-13,65.128,-1.1893059482728296,1.3134004784818905,-0.24537697,-2.5479370295050208,3.861337507986911,0.2504626324573035
2023-08-14,75.53,9.210718372129396,1.4019568088018708,-0.21036641,-2.541739022303273,3.943695831105144,0.2610045429069317
2023-08-15,68.099,1.777084515688573,1.4902776728681877,-0.17199752,-2.534711001488341,4.024988674356528,0.271447734062294
2023-08-16,70.09,3.764689625799743,1.578311465285609,-0.1453652,-2.5268570099450374,4.105168475230647,0.2817885886400976
2023-08-17,70.181,3.8522598457068105,1.666006398813982,-0.13217482,-2.518181221494649,4.184187620308632,0.292023550843148
2023-08-18,63.169,-3.1632047571003743,1.7533105547715526,-0.105654135,-2.5086879408111566,4.261998495582709,0.3021491280652194
2023-08-19,69.72200000000001,3.3870183835807333,1.8401719338229912,-0.08017221,-2.4983816035073203,4.338553537330311,0.3121618925420323
2023-08-20,72.166,5.828203368212509,1.9265385070897296,-0.121333376,-2.4872667763865386,4.413805283476268,0.3220584829469667
2023-08-21,79.998,13.656627874298668,2.0123582675197,-0.2868942,-2.4753481578560805,4.48770642537578,0.3318356059301723
2023-08-22,71.309,4.9640180450830815,2.097579281453015,-0.32622236,-2.4626305784969844,4.56020985995,0.3414900375998127
2023-08-23,60.774,-5.575094341454311,2.1821497403198675,-0.2937907,-2.449119001785638,4.631268742105505,0.3510186249442234
2023-08-24,65.90899999999999,-0.4434587765694912,2.2660180124065463,-0.24738139,-2.434818524961751,4.700836537368297,0.3604182871938224
2023-08-25,61.777,-4.578212565960351,2.349132694625344,-0.20192471,-2.4197343800371858,4.76886707466253,0.3696860171216812
2023-08-26,67.827,1.4700573259901706,2.431442664223908,-0.14715973,-2.4038719349398074,4.835314599163715,0.3788188822817118
2023-08-27,73.482,7.123323760512403,2.512897130369656,-0.091771096,-2.387236694786306,4.900133825155962,0.387814026183493
2023-08-28,61.025000000000006,-5.3358344741073145,2.593445685544813,-0.036646035,-2.369834303277675,4.963279988822488,0.3966686694028275
2023-08-29,60.923,-5.439471730782653,2.6730383566878424,0.0017071975,-2.3516705442107866,5.024708900898629,0.4053801106271764
2023-08-30,66.718,0.3542391037289377,2.7516256560171706,0.025584104,-2.3327513430993188,5.08437699911649,0.4139457276351852
2023-08-31,69.53399999999999,3.168942319767737,2.829158631473485,0.025914423,-2.313082768897058,5.142241400370543,0.4223629782095958
2023-09-01,77.546,11.179319509483603,2.905588916717161,-0.10114731,-2.292671035816382,5.198259952533544,0.4306294009828743
2023-09-02,70.607,4.238698742717265,2.9808687806179264,-0.17979503,-2.271522505234599,5.252391285852525,0.4387426162149951
2023-09-03,67.61200000000001,1.242080398138375,3.054951176174338,-0.2158205,-2.249643687680583,5.304594863854922,0.4467003265028521
2023-09-04,73.845,7.473464854416508,3.1277897888012984,-0.19762325,-2.22704124489402,5.354831033695318,0.4545003174208655
2023-09-05,73.52300000000001,7.149852490221276,3.199339083924549,-0.16793697,-2.2037219919494246,5.403061075873973,0.4621404580924071
2023-09-06,74.95100000000001,8.576243684222272,3.269554353821838,-0.12500364,-2.179692899436944,5.449247253258782,0.469618701691741
2023-09-07,71.84599999999999,5.469638815089063,3.3383917636513165,-0.06838213,-2.154961095691831,5.493352859343148,0.4769330858762633
2023-09-08,77.194,10.816038261491308,3.405808396608694,-0.0148006845,-2.1295338690644043,5.535342265673098,0.4840817331488657
2023-09-09,72.789,6.409442402098576,3.471762298155636,0.03529606,-2.1034186702221347,5.57518096837777,0.4910628511503553
2023-09-10,66.978,0.596851615580444,3.536212519263059,0.07530066,-2.0766231144755016,5.612835633738561,0.4978747328819108
2023-09-11,71.504,5.121266280606563,3.599119158614038,0.10154673,-2.0491549841191192,5.6482741427331575,0.5045157568576388
2023-09-12,78.96400000000001,12.579686775846485,3.6604434037123994,0.12112047,-2.0210222307796206,5.681465634492019,0.5109843871873653
2023-09-13,73.164,6.778113479969802,3.7201475708442735,0.15086967,-1.992232977761712,5.712380548605986,0.5172791735898717
2023-09-14,71.363,4.975546771646158,3.778195143841344,0.1834668,-1.9627955223837976,5.740990666225141,0.5233987513368537
2023-09-15,75.568,9.178987029545114,3.8345508115958986,0.20757025,-1.9327183382945496,5.767269149890448,0.5293418411279613
2023-09-16,73.152,6.761434632336303,3.8891805042793934,0.23657906,-1.902010077761787,5.791190582041182,0.5351072488973457
2023-09-17,78.24000000000001,11.847889958689292,3.942051428217738,0.26124224,-1.8706795739250404,5.812731002142778,0.5406938655522103
2023-09-18,76.92699999999999,10.533353387273666,3.99313209937818,0.28601176,-1.8387358430032097,5.83186794238139,0.5461006666439425
2023-09-19,72.742,6.346825296759091,4.042392375424406,0.3195833,-1.80618808644873,5.848580461873135,0.5513267119724651
2023-09-20,76.738,10.341306065815091,4.089803486298161,0.34139234,-1.7730456930397422,5.862849179337903,0.5563711451245303
2023-09-21,78.345,11.946796073111315,4.135338063287568,0.34436023,-1.739318240901795,5.874656304189363,0.5612331929467289
2023-09-22,72.488,6.0882956973173314,4.178970166544186,0.34463543,-1.7050154994506952,5.8839856659948815,0.565912164954083
2023-09-23,78.506,12.104805317102748,4.220675311012724,0.35445872,-1.670147431248207,5.890822742260931,0.5704074526751415
2023-09-24,72.379,5.9763253111371855,4.260430490739385,0.35863626,-1.6347241937623935,5.895154684501778,0.5747185289345668
2023-09-25,70.87400000000001,4.469856058090207,4.298214201526724,0.18236513,-1.5987561410245092,5.896970342551233,0.578844947074282
2023-09-26,79.253,12.847397936631427,4.334006461905083,0.063262835,-1.562253825174475,5.896260287079558,0.5827863401142976
2023-09-27,70.821,4.413951325430437,4.367788832392656,0.040001374,-1.5252279978870995,5.893016830279755,0.5865424198544101
2023-09-28,75.688,9.27951660315685,4.399544433018489,0.05586761,-1.4876896116713654,5.887234044689855,0.5901129759180317
2023-09-29,71.26599999999999,4.856094148480253,4.429257959084794,0.028716644,-1.4496498210352409,5.878907780120034,0.5934978747394658
2023-09-30,77.78599999999999,11.374684340070242,4.456915695147268,-0.051635947,-1.411119983508675,5.868035678655943,0.5966970584960076
2023-10-01,80.44999999999999,14.037287556596445,4.482505527194284,-0.061305247,-1.3721116605175754,5.854617187711859,0.5997105439863134
2023-10-02,75.602,9.187904176728432,4.506016953008091,-0.063932896,-1.3326366181018152,5.838653571109906,0.6025384214565284
2023-10-03,69.253,2.837534579135791,4.527441090693558,-0.08818882,-1.2927068274704474,5.820147918164006,0.6051808533757371
2023-10-04,77.95100000000001,11.534179142488162,4.546770685362141,-0.055680525,-1.2523344653875972,5.799105150749738,0.6076380731623422
2023-10-05,77.764,11.345838245455084,4.5640001139612565,-0.032786585,-1.2115319143826466,5.775532028343903,0.6099103838630318
2023-10-06,70.555,4.135512266706229,4.579125388241529,0.004403328,-1.170311762778628,5.749437151020157,0.611998156786057
2023-10-07,76.78,10.359201584911125,4.5921441558567,0.050557777,-1.1286868045329317,5.720830960389632,0.6139018300905833
2023-10-08,71.462,5.039906578739409,4.603055699593488,0.09625989,-1.086670038884715,5.689725738478203,0.6156219073339243
2023-10-09,75.64,9.21662762686068,4.611860934730943,0.003259044,-1.0442746698036485,5.656135604534591,0.6171589559785265
2023-10-10,76.067,9.642365107944514,4.618562404531327,-0.13773994,-1.001514105234898,5.620076509766225,0.6185136058606008
2023-10-11,79.68,13.254119400660558,4.623164273866873,-0.22660865,-0.958401956135527,5.5815662300024,0.6196865476223513
2023-10-12,75.56400000000001,9.136469311025689,4.625672320989222,-0.22886726,-0.914952035297785,5.540624356287006,0.6206785311097838
2023-10-13,70.31,3.880848436015576,4.626093927450668,-0.2220756,-0.8711783559550194,5.497272283405688,0.6214903637381212
2023-10-14,65.438,-0.992742909863536,4.6244380661887705,-0.20146452,-0.8270951301662812,5.451533196355052,0.6221229088268826
2023-10-15,70.713,4.281143382231907,4.620715287788193,-0.16953261,-0.7827167669759557,5.403432054764148,0.622577083906714
2023-10-16,74.115,7.682048899363185,4.614937704936049,-0.29521692,-0.7380578703450914,5.352995575281141,0.6228538590001025
2023-10-17,78.868,12.43397402408294,4.607118975089305,-0.28217164,-0.6931332368513967,5.300252211940702,0.6229542548781213
2023-10-18,74.48,8.04491913894388,4.5972742813751415,-0.2679409,-0.6479578531552086,5.24523213453035,0.6228793412953754
2023-10-19,68.606,2.169884626498674,4.585420311747454,-0.23709615,-0.6025468932290271,5.187967204976481,0.6226302352053624
2023-10-20,73.252,6.814870869300002,4.571575236424926,-0.18749166,-0.5569157153485932,5.128490951773519,0.6222080989584617
2023-10-21,69.59400000000001,3.155878249900576,4.5557586836383495,-0.14724746,-0.5110798588437604,5.06683854248211,0.6216141384847942
2023-10-22,73.82,7.380907150853011,4.537991713717078,-0.23468953,-0.4650550406077927,5.0030467543248704,0.6208496014642106
2023-10-23,72.734,6.293957954710047,4.518296791546628,-0.22969416,-0.4188571513640222,4.9371539429106495,0.6199157754856782
2023-10-24,75.367,8.926031044024372,4.496697757431636,-0.22978133,-0.3725022516891716,4.869200009120807,0.6188139861983492
2023-10-25,73.582,7.139705228695946,4.473219796400395,-0.35271034,-0.3260065677929627,4.799226364193357,0.6175455954565889
2023-10-26,71.62599999999999,5.181945820073643,4.44788940598928,-0.3519973,-0.2793864870539953,4.7272758930432754,0.6161119994612776
2023-10-27,68.96199999999999,2.516234362230953,4.4207343625473685,-0.3199137,-0.2326585533122047,4.653392915859573,0.6145146268996668
2023-10-28,73.318,6.870571102283518,4.391783686103491,-0.28572017,-0.1858394619185808,4.577623148022072,0.6127549370860924
2023-10-29,62.587,-3.86204371265305,4.361067603839861,-0.25628838,-0.1389460545431345,4.500013658382995,0.6108344181058473
2023-10-30,71.41300000000001,4.962918358473488,4.328617512218291,-0.21998817,-0.0919953137424915,4.420612825960783,0.6087545849644863
2023-10-31,73.041,6.589918060505481,4.294465937806717,-0.1755012,-0.0450043572887886,4.339470295095506,0.606516977744871
2023-11-01,68.03399999999999,1.581955720703283,4.258646496855612,-0.12985325,0.0020095677380716,4.25663692911754,0.604123159774198
2023-11-02,74.49799999999999,8.044563376817337,4.221193853675373,-0.21967942,0.0490290910924371,4.172164762582936,0.6015747158032878
2023-11-03,66.717,0.2622225817922403,4.182143677867551,-0.20221485,0.0960367257364665,4.086106952131084,0.5988732502003689
2023-11-04,69.9,3.4439335916146194,4.141532600464141,-0.25983056,0.1430148744421854,3.998517726021956,0.5960203851615847
2023-11-05,69.09400000000001,2.636696662271164,4.099398169030807,-0.37485707,0.1899458366186503,3.909452332412157,0.5930177589404171
2023-11-06,73.556,7.097512049748501,4.055778801791156,-0.85623515,0.2368118153604984,3.8189669864306577,0.5898670240982129
2023-11-07,76.169,9.709380010033334,4.010713740830619,-0.90699744,0.2835949247138494,3.7271188161167697,0.5865698457779613
2023-11-08,67.46000000000001,0.9993007991123428,3.964243004439713,-0.8915646,0.3302771971551925,3.633965807284521,0.5831279000034426
2023-11-09,68.994,2.5322746729721324,3.9164073386575935,-0.8830877,0.376840591278587,3.5395667473790065,0.5795428720058389
2023-11-10,74.424,7.96130188759943,3.867248168078038,-0.89017475,0.4232669996861776,3.4439811683918604,0.5758164545798675
2023-11-11,77.66099999999999,11.197382698980832,3.816807545980848,-0.9136726,0.4695382570767403,3.347269288904107,0.5719503464714412
2023-11-12,71.617,5.152517363103079,3.765128103852788,-0.90458614,0.5156361485266685,3.249491955326119,0.5679462507988559
2023-11-13,71.405,4.939706135952793,3.712253000362906,-0.94551855,0.5615424179575003,3.150710582405406,0.5638058735094199
2023-11-14,69.407,2.940949273516629,3.6582258698579446,-1.0379936,0.6072387767838355,3.050987093074109,0.5595309218734329
2023-11-15,73.531,7.06418712735457,3.603090770444193,-1.0509037,0.6527069127351783,2.9503838577090145,0.5551231030173546
2023-11-16,73.229,6.761478230042264,3.546892131722822,-1.0971475,0.6979284988449929,2.848963632877829,0.5505841224979597
2023-11-17,61.849,-4.619177171304631,3.489674702246188,-1.0782138,0.7428852025999835,2.746789499646204,0.5459156829192232
2023-11-18,71.24,4.771749364366135,3.4314834967630805,-1.4024123,0.7875586952423688,2.643924801520712,0.541119482593631
2023-11-19,73.624,7.155718581896901,3.372363743321261,-1.5972376,0.8319306612176538,2.540433082103608,0.5361972142495458
2023-11-20,71.51599999999999,5.047730808548033,3.3123608302958547,-1.563252,0.8759828077601884,2.436378022535666,0.5311505637862133
2023-11-21,61.323,-5.145213628420127,3.2515202534123944,-1.5464774,0.9196968746085504,2.331823378803844,0.5259812090779177
2023-11-22,66.259,-0.2085785050583869,3.1898875628333614,-1.5233426,0.9630546438425952,2.226832918990766,0.520690818828746
2023-11-23,70.075,3.608092070182813,3.127508310377107,-1.496659,1.006037949833775,2.121470360543332,0.5152810514793562
2023-11-24,74.25,7.783376933004377,3.064427996937916,-1.4547565,1.0486286893001708,2.015799307637745,0.509753554167066
2023-11-25,68.581,2.114709710066001,3.000692020175832,-1.4117098,1.090808831457447,1.9098831887183847,0.5041099617405261
2023-11-26,73.32600000000001,6.860090745557874,2.9363456225445788,-1.369905,1.1325604282567985,1.8037851942877805,0.498351895830168
2023-11-27,71.241,4.774914664798887,2.871433839725562,-1.3322388,1.1738656247007635,1.6975682150247986,0.4924809639755324
2023-11-28,71.596,5.129804263416144,2.8060014495354904,-1.2978061,1.2147066692276394,1.591294780307851,0.4864987588105408
2023-11-29,67.30600000000001,0.8397597934093868,2.7400929213746306,-1.2798778,1.2550659241550757,1.485026997219555,0.4804068573076641
2023-11-30,72.854,6.387781506778401,2.673752366282097,-1.3351431,1.2949258761732985,1.3788264901087983,0.4742068200818886
2023-12-01,75.776,9.309869655522968,2.6070234876638554,-1.4537395,1.3342691468782837,1.272754340785572,0.4679001907553047
2023-12-02,72.26599999999999,5.800024491642868,2.539949532758331,-1.7347424,1.3730785033350998,1.166871029423231,0.4614884953830439
2023-12-03,72.357,5.890944642270737,2.4725732449036344,-2.1938643,1.411336868661521,1.0612363762421133,0.4549732419412374
2023-12-04,70.70400000000001,4.237850206685343,2.404936816669497,-2.23302,1.449027332621949,0.9559094840475482,0.4483559198775727
2023-12-05,69.05699999999999,2.5904831878878825,2.337081843915851,-2.2716358,1.4861331622215828,0.8509486816942682,0.4416379997249389
2023-12-06,74.436,7.96906954677781,2.2690492808390137,-2.5476623,1.5226378122907196,0.7464114685482941,0.4348209327785896
2023-12-07,77.768,11.299980120609202,2.200879396065077,-2.8341134,1.5585249360490276,0.6423544600160496,0.42790615083715
2023-12-08,71.65599999999999,5.186710738563209,2.13261172984893,-2.8169775,1.593778395639583,0.538833334209347,0.4208950660077167
2023-12-09,68.287,1.816355319277053,2.064285052435894,-2.8005571,1.6283822726224195,0.4359027798134745,0.4137890705752211
2023-12-10,65.661,-0.8108798151011494,1.995937323641548,-2.8295586,1.6623208784173704,0.3336164452241774,0.4065895369361295
2023-12-11,68.731,2.258119588301607,1.927605653703788,-2.8082283,1.6955787646859275,0.2320268890178607,0.399297817596482
2023-12-12,67.343,0.8692422409174179,1.85932626545959,-2.7793598,1.7281407336418797,0.1311855318177104,0.3919152452341757
2023-12-13,64.009,-2.465983329302173,1.7911344578972133,-2.7535968,1.7599918482805168,0.0311426096166964,0.384443132825317
2023-12-14,71.855,5.378982455010658,1.7230645711329813,-2.7222352,1.7911174425162073,-0.068052871383226,0.3768827738343798
2023-12-15,62.762,-3.7149142235608776,1.6551499528597924,-2.6790407,1.8215031312182035,-0.1663531783584109,0.3692354424678258
2023-12-16,67.098,0.6204932972169208,1.58742292631284,-2.630893,1.8511348201346056,-0.2637118938217657,0.3615023939907451
2023-12-17,64.304,-2.174871273106427,1.5199147597959262,-2.634989,1.8799987156944524,-0.3600839558985262,0.353684865106005
2023-12-18,76.344,9.8648523771725,1.4526556378098958,-2.87167,1.908081334678034,-0.4554256968681383,0.3457840743953012
2023-12-19,80.831,14.350803809639473,1.3856746338225416,-3.3630607,1.9353695137455669,-0.5496948799230252,0.3378012228214137
2023-12-20,73.91399999999999,7.432855256062732,1.3189996847173533,-3.5779452,1.9618504188145152,-0.6428507340971619,0.3297374942909053
2023-12-21,64.19999999999999,-2.281945284313695,1.252657566956235,-3.537138,1.9875115542759476,-0.7348539873197124,0.3215940562763938
2023-12-22,69.32000000000001,2.837607585678614,1.1866738744891434,-3.5310307,2.012340772040433,-0.8256668975512895,0.3133720604974664
2023-12-23,70.837,4.35402595328691,1.121072998441342,-3.5094335,2.036326280404154,-0.915253281962812,0.3050726436592004
2023-12-24,71.72,5.23632561471654,1.0558781086066622,-3.4964962,2.059456652726019,-1.0035785441193568,0.2966969282471977
2023-12-25,63.10399999999999,-3.380560689425865,0.9911111367728132,-3.5070677,2.081720835906775,-1.090609699133962,0.2882460233779413
2023-12-26,66.35000000000001,-0.1352578101890871,0.9267927619024068,-3.5116737,2.103108158661231,-1.1763153967588242,0.2797210257032084
2023-12-27,63.721,-2.765042797669488,0.8629423971909552,-3.7638655,2.12360833957495,-1.2606659423839948,0.2711230203672
2023-12-28,71.729,5.242525953080326,0.799578179020625,-3.8086228,2.143211494936915,-1.34363331591629,0.262453082014966
2023-12-29,59.943000000000005,-6.5437360802103655,0.7367169578260417,-4.0127134,2.161908146339887,-1.425191188513845,0.2537122758506295
2023-12-30,70.0,3.5132005024575275,0.6743742908859957,-4.163855,2.1796892280404085,-1.505314937154413,0.2449016587438447
2023-12-31,69.902,3.4148088800009564,0.6125644370522515,-4.11159,2.196546094070609,-1.5839816570183576,0.2360222803828448
