date,gps_raw_up_mm,gps_detrended_mm,gps_seasonal_mm,hydl_original_up_mm,hydl_seasonal_mm,gps_minus_hydl_mm,poroelastic_mm
2021-01-01,486.225,-0.9994416558841804,-0.2793594696704094,-2.723223,0.6662650583634433,-0.9456245280338528,0.0885426102229972
2021-01-02,485.367,-1.875313274571302,-0.4051877566760803,-2.808451,0.7277074770525821,-1.1328952337286624,0.0819754290722112
2021-01-03,482.578,-4.6827959003492285,-0.53158476709401,-2.898479,0.7888787014968218,-1.320463468590832,0.0753735733499423
2021-01-04,485.5340000000001,-1.7452366880766097,-0.6584922103270394,-3.3198526,0.8497534105860103,-1.5082456209130497,0.0687391169908221
2021-01-05,487.873,0.5753141141239522,-0.78585053239946,-3.3200493,0.9103064770899856,-1.6961570094894456,0.0620741513818163
2021-01-06,483.356,-3.9603403528979984,-0.9135989576807324,-3.4228966,0.9705129825216324,-1.884111940202365,0.0553807846467339
2021-01-07,481.152,-6.182967839750951,-1.0416755324149156,-3.3960826,1.03034823175821,-2.0720237641731254,0.0486611409188205
2021-01-08,481.317,-6.035831350691838,-1.1700171700141648,-3.518102,1.0897877674084848,-2.2598049374226497,0.0419173596017602
2021-01-09,480.363,-7.007122955031962,-1.2985596980723206,-3.468924,1.1488073839135218,-2.4473670819858424,0.0351515946194037
2021-01-10,484.6,-2.786482154274824,-1.4272379070524563,-3.4719844,1.2073831413693652,-2.6346210484218213,0.0283660136545569
2021-01-11,482.526,-4.876783441091776,-1.555985600599992,-3.449279,1.2654913790601896,-2.821476979660182,0.0215627973771744
2021-01-12,483.877,-3.542015718289946,-1.684735647430928,-3.5758872,1.3231087286909065,-3.0078443761218345,0.0147441386623115
2021-01-13,479.196,-8.238920810117648,-1.8134200347426288,-3.72939,1.380212127308582,-3.193632162051211,0.0079122417981888
2021-01-14,478.292,-9.15872353210545,-1.9419699230926133,-3.6622715,1.4367788299024296,-3.378748752995043,0.0010693216847511
2021-01-15,479.093,-8.373428243861389,-2.070315702688828,-3.625902,1.4927864216725608,-3.5631021243613885,-0.0057823969769075
2021-01-16,481.915,-5.566945318884405,-2.19838705103302,-3.5635738,1.5482128299581002,-3.74659988099112,-0.0126406805038674
2021-01-17,477.221,-10.276316783588411,-2.3261129918569794,-3.5062606,1.6030363358156938,-3.929149327672673,-0.0195032870590484
2021-01-18,485.32,-2.1923678202985144,-2.4534219552896976,-3.4395864,1.657235585239884,-4.110657540529582,-0.026367967486829
2021-01-19,481.16,-6.367547420033944,-2.580241839191776,-3.3953326,1.7107896000172906,-4.291031439209067,-0.0332324661561952
2021-01-20,481.418,-6.124629763580603,-2.7065000715918464,-3.3422449,1.763677788206964,-4.47017785979881,-0.0400945218110102
2021-01-21,480.978,-6.579611916126442,-2.832123674158168,-3.3028557,1.8158799542397712,-4.648003628397939,-0.0469518684269716
2021-01-22,486.598,-0.974490942859334,-2.957039326637219,-3.3170466,1.8673763086301187,-4.8244156352673375,-0.0538022360748356
2021-01-23,481.917,-5.670322690064459,-3.0811734321895576,-3.2964177,1.918147477293817,-4.999320909483375,-0.060643351789459
2021-01-24,484.661,-2.941047039144648,-3.204452183552109,-3.3334143,1.9681745104663533,-5.172626694018462,-0.0674729404442258
2021-01-25,488.516,0.899232321030675,-3.326801629954661,-3.4166007,2.017438891216337,-5.344240521170999,-0.074288725630398
2021-01-26,488.784,1.1526015828858172,-3.448147744717329,-3.4479046,2.0659225435493616,-5.514070288266691,-0.0810884305409507
2021-01-27,487.362,-0.2839449358271273,-3.5684164934546163,-4.1097493,2.1136078400980365,-5.682024333552652,-0.0878697788584171
2021-01-28,480.315,-7.345639937093811,-3.6875339028108,-4.475831,2.1604776093944205,-5.84801151220522,-0.0946304956462922
2021-01-29,481.296,-6.379224349901423,-3.805426129650448,-4.552351,2.2065151427215883,-6.011941272372036,-0.1013683082435172
2021-01-30,480.336,-7.353695310172822,-3.922019530627124,-4.5699472,2.2517042005415897,-6.173723731168714,-0.1080809471615815
2021-01-31,482.855,-4.849049953830967,-4.037240732052557,-4.685917,2.296029018497495,-6.333269750550052,-0.1147661469837598
2021-02-01,478.514,-9.204285416798548,-4.151016699988115,-4.7959094,2.339474312987816,-6.490491012975931,-0.1214216472660118
2021-02-02,484.863,-2.8693988349986483,-4.263274810479667,-5.0458746,2.382025286311995,-6.6453000967916624,-0.1280451934390579
2021-02-03,485.55,-2.1963955786893066,-4.373942919856721,-5.115602,2.4236676313862184,-6.79761055124294,-0.1346345377111528
2021-02-04,481.994,-5.767059316772793,-4.482949435016235,-5.048526,2.4643875360292764,-6.947336971045512,-0.1411874399710648
2021-02-05,479.797,-7.978614233693291,-4.590223383611346,-4.9904633,2.504171686818708,-7.094395070430053,-0.1477016686907818
2021-02-06,481.657,-6.133057584254374,-4.695694484065084,-4.9231095,2.543007272517933,-7.238701756583016,-0.1541750018274471
2021-02-07,480.932,-6.872386623259644,-4.79929321532909,-4.8553176,2.5808819870755886,-7.380175202404679,-0.1606052277240431
2021-02-08,482.265,-5.553598605512798,-4.900950886307393,-4.7772393,2.617784032198756,-7.518734918506148,-0.1669901460083237
2021-02-09,482.285,-5.547690785817311,-5.000599704865487,-4.69413,2.653702119502237,-7.6543018243677245,-0.1733275684895157
2021-02-10,480.322,-7.524660418976919,-5.098172846345088,-4.619001,2.688625472236548,-7.786798318581636,-0.1796153200522913
2021-02-11,479.709,-8.151504759795145,-5.193604521505377,-4.7660756,2.7225438265977027,-7.91614834810308,-0.1858512395475238
2021-02-12,479.866,-8.008221063075645,-5.286830043811898,-4.9133816,2.755447432622395,-8.042277476434293,-0.1920331806793411
2021-02-13,493.186,5.298193416378009,-5.377785895994784,-5.1591473,2.7873270546725726,-8.165112950667357,-0.1981590128879843
2021-02-14,494.931,7.029163313284967,-5.466409795798632,-5.1703954,2.8181739715138963,-8.284583767312528,-0.2042266222279899
2021-02-15,484.369,-3.547012876331977,-5.552640760847052,-5.3017454,2.847979975992982,-8.400620736840034,-0.210233912241209
2021-02-16,481.887,-6.043035335971219,-5.636419172545599,-5.263491,2.8767373743187665,-8.513156546864366,-0.2161788048241867
2021-02-17,483.405,-4.5389014522424525,-5.717686838947849,-5.1960144,2.904438984953755,-8.622125823901603,-0.2220592410894117
2021-02-18,476.147,-11.810608611755166,-5.796387056510204,-5.1683607,2.931078137121326,-8.72746519363153,-0.2278731822199767
2021-02-19,480.58,-7.391154201119026,-5.872464670662155,-5.2580533,2.9566486689356517,-8.829113339597807,-0.2336186103171622
2021-02-20,480.472,-7.512535606943542,-5.945866135119832,-5.3462863,2.981144925161194,-8.927011060281027,-0.2392935292404843
2021-02-21,473.134,-14.86375021583844,-6.016539569871935,-5.311374,3.004561754609131,-9.021101324481066,-0.2448959654397369
2021-02-22,474.535,-13.475795414413266,-6.084434817768471,-5.2711473,3.026894507178385,-9.111329324946857,-0.2504239687785717
2021-02-23,476.724,-11.299668589277571,-6.149503499644064,-5.208197,3.0481390305493337,-9.1976425301934,-0.2558756133491582
2021-02-24,476.851,-11.185367127040925,-6.211699067909161,-5.131684,3.0682916665385958,-9.279990734447756,-0.2612489982774738
2021-02-25,478.585,-9.463888414312988,-6.270976858543988,-5.0801554,3.087349247123617,-9.358326105667604,-0.2665422485187793
2021-02-26,484.869,-3.192229837703315,-6.327294141431757,-5.0464892,3.105309090146113,-9.43260323157787,-0.2717535156428396
2021-02-27,486.325,-1.7485833675301712,-6.380610168969361,-4.986259,3.1221689947036806,-9.502779163673042,-0.2768809786084606
2021-02-28,481.934,-6.15206612330109,-6.4308862228955626,-4.9281116,3.1379272362392605,-9.568813459134825,-0.2819228445269052
2021-03-01,482.938,-5.160374888962398,-6.478085659278611,-4.852207,3.1525825613383143,-9.630668220616926,-0.2868773494137834
2021-03-02,482.81,-5.300507125702092,-6.522173951607068,-4.770403,3.166134182243913,-9.68830813385098,-0.291742758928985
2021-03-03,484.742,-3.3804602947081084,-6.56311873192977,-4.690989,3.1785817711001263,-9.741700503029897,-0.2965173691042652
2021-03-04,480.405,-7.729528407232578,-6.600889829992767,-4.6182356,3.1899254539343675,-9.790815283927136,-0.3011995070580731
2021-03-05,482.132,-6.0144204328250215,-6.635459310323376,-4.590938,3.200165804389535,-9.835625114712911,-0.3057875316972389
2021-03-06,477.389,-10.769133876588334,-6.666801507213581,-4.765236,3.2093038372170186,-9.8761053444306,-0.3102798344051292
2021-03-07,473.225,-14.944666243625669,-6.694893057557342,-4.696519,3.2173410015417754,-9.912234059099118,-0.3146748397159059
2021-03-08,476.554,-11.627015039040169,-6.719712931498635,-4.6680584,3.224279173910905,-9.94399210540954,-0.3189710059745124
2021-03-09,477.548,-10.644177767934824,-6.741242460849481,-4.712768,3.230120651137255,-9.971363111986737,-0.3231668259820365
2021-03-10,478.357,-9.84615193541268,-6.759465365239594,-4.8587146,3.234868142949741,-9.994333508189335,-0.3272608276260976
2021-03-11,473.377,-14.836935046576848,-6.774367775961814,-4.8235674,3.2385247644621864,-10.012892540424,-0.3312515744959207
2021-03-12,474.411,-13.813524606530466,-6.785938257479908,-4.75268,3.2410940284725784,-10.027032285952489,-0.3351376664817679
2021-03-13,475.943,-12.291918120376572,-6.79416782656802,-4.702015,3.242579837604715,-10.036747664172736,-0.3389177403584026
2021-03-14,480.061,-8.184113093218157,-6.7990499690535255,-4.81011,3.242986476304321,-10.042036445357848,-0.3425904703522856
2021-03-15,484.3,-3.955107030158501,-6.80058065413778,-4.969993,3.2423186027016886,-10.042899256839467,-0.3461545686921895
2021-03-16,483.096,-5.168897436300471,-6.79875834627188,-4.9065065,3.240581240353033,-10.039339586624912,-0.349608786142955
2021-03-17,478.976,-9.298481816747216,-6.79358401456724,-4.8449874,3.2377797698726645,-10.031363784439904,-0.3529519125220992
2021-03-18,483.527,-4.756857676601815,-6.785061139723602,-4.9773717,3.233919920468167,-10.01898106019177,-0.3561827771990112
2021-03-19,479.125,-9.168022520967313,-6.773195718459754,-5.0334563,3.229007761390688,-10.002203479850442,-0.3593002495764765
2021-03-20,474.828,-13.473973854946848,-6.757996265435074,-5.0124936,3.2230496933124706,-9.981045958747544,-0.3623032395542828
2021-03-21,478.256,-10.054709183643377,-6.739473812652799,-4.9317865,3.216052439643664,-9.955526252296462,-0.3651906979746654
2021-03-22,475.367,-12.952226012160176,-6.717641906338737,-4.9043436,3.208023037800402,-9.92566494413914,-0.3679616170493789
2021-03-23,479.012,-9.315521845600088,-6.692516601291928,-4.8590703,3.1989688304360677,-9.891485431727997,-0.3706150307681678
2021-03-24,476.629,-11.706594189066315,-6.6641164527066605,-4.8170195,3.1888974566475365,-9.853013909354196,-0.3731500152884406
2021-03-25,485.541,-2.8024405476619587,-6.632462505468018,-4.7943993,3.1778168431681078,-9.810279348636126,-0.3755656893059559
2021-03-26,481.573,-6.778086816768843,-6.597578280926002,-4.729301,3.1657351955586783,-9.76331347648468,-0.3778612144063384
2021-03-27,478.884,-9.474502882686158,-6.559489761156148,-4.6526546,3.152660989408592,-9.71215075056474,-0.3800357953972599
2021-03-28,477.825,-10.540686254721203,-6.518225370717306,-4.5962687,3.138602961557412,-9.656828332274715,-0.3820886806211248
2021-03-29,480.603,-7.769634442181347,-6.473815955920169,-4.5279827,3.123570101348712,-9.59738605726888,-0.3840191622481205
2021-03-30,480.491,-7.888344954373911,-6.426294761622889,-4.439551,3.1075716419268,-9.53386640354969,-0.3858265765494976
2021-03-31,476.203,-12.18281530060614,-6.375697405572945,-4.35737,3.0906170515870235,-9.466314457159967,-0.3875103041509605
2021-04-01,480.11,-8.282042990185351,-6.322061850317208,-4.2711797,3.072716025190187,-9.394777875507394,-0.3890697702660569
2021-04-02,482.274,-6.12402553241877,-6.265428372704914,-4.1793427,3.053878475651287,-9.3193068483562,-0.3905044449094759
2021-04-03,477.167,-11.236760436613777,-6.20583953101099,-4.102633,3.0341145255125945,-9.239954056523583,-0.3918138430901609
2021-04-04,480.526,-7.883245212077702,-6.143340129709861,-4.0213103,3.0134344986108137,-9.156774628320674,-0.3929975249841753
2021-04-05,482.23,-6.18447736811782,-6.077977181932615,-3.9518187,2.991848911847788,-9.069826093780405,-0.3940550960872531
2021-04-06,480.709,-7.71045441404137,-6.009799869642995,-3.8857825,2.969368467073967,-8.979168336716961,-0.3949862073469868
2021-04-07,480.633,-7.791173859155687,-5.938859501570272,-3.847791,2.946004043093521,-8.884863544663794,-0.3957905552746211
2021-04-08,482.602,-5.82663321276805,-5.8652094689397245,-3.8116763,2.921766687799692,-8.786976156739417,-0.3964678820364218
2021-04-09,482.7335,-5.490936025379151,-5.788905199043861,-3.7653773,2.896667610448679,-8.685572809492541,-0.3970179755246108
2021-04-10,482.865,-5.165671566434522,-5.710004106700086,-3.718947,2.8707181740800003,-8.580722280780087,-0.3974406694078682
2021-04-11,482.9965,-4.850641718279909,-5.628565543642901,-3.6490138,2.8439298880909587,-8.47249543173386,-0.3977358431614096
2021-04-12,483.128,-4.54541751904437,-5.544650745901135,-3.587275,2.816314400972476,-8.36096514687361,-0.3979034220766632
2021-04-13,483.2595,-4.250038072202278,-5.458322779212993,-3.536805,2.787883493213234,-8.246206272426226,-0.3979433772505826
2021-04-14,483.391,-3.963834296335262,-5.369646482534052,-3.5016072,2.7586490703786626,-8.128295552912714,-0.3978557255546429
2021-04-15,483.5225,-3.6870919763623946,-5.27868840969544,-3.4507406,2.7286231563709835,-8.007311566066424,-0.3976405295835742
2021-04-16,483.654,-3.4198907153247515,-5.185516769271692,-3.3893347,2.697817886876112,-7.883334656147804,-0.3972978975839082
2021-04-17,483.7855,-3.1619090734462776,-5.090201362719749,-3.3106568,2.666245503002849,-7.756446865722598,-0.396827983362417
2021-04-18,483.917,-2.912871003704681,-4.9928135208527245,-3.2327032,2.633918345119407,-7.626731865972131,-0.3962309861745327
2021-04-19,484.0485,-2.6732699038196124,-4.893426038713812,-3.1602118,2.6008488468919237,-7.494274885605735,-0.3955071505928619
2021-04-20,484.18,-2.4423281127196854,-4.7921131089178095,-3.1159837,2.567049529529185,-7.359162638446994,-0.394656766355898
2021-04-21,484.3115,-2.219642725326472,-4.688950253529324,-3.052731,2.532532996237435,-7.221483249766759,-0.3936801681970713
2021-04-22,484.443,-2.00543697665894,-4.584014254548606,-2.9965308,2.497311926888675,-7.081326181437281,-0.3925777356542569
2021-04-23,484.5745,-1.7992447163225962,-4.477383083077503,-2.9373126,2.4613990729054938,-6.938782155982997,-0.3913498928599068
2021-04-24,484.706,-1.6008876555841156,-4.369135827239643,-2.9533963,2.4248072523650235,-6.7939430796046665,-0.3899971083119496
2021-04-25,484.8375,-1.4103508693367468,-4.25935261893042,-3.1049314,2.387549345324233,-6.646901964254653,-0.3885198946256392
2021-04-26,484.969,-1.2272386042053158,-4.148114559473742,-3.1022825,2.3496382893683125,-6.497752848842055,-0.3869188082665159
2021-04-27,485.1005,-1.0513503836215938,-4.035503644263844,-3.0385425,2.3110870753835253,-6.34659071964737,-0.3851944492646897
2021-04-28,485.232,-0.8824561268058524,-3.9216026864716738,-2.978532,2.271908743555443,-6.193511430027117,-0.3833474609106259
2021-04-29,485.3635,-0.7205355826406983,-3.806495239896471,-2.9187517,2.2321163795931134,-6.0386116194895845,-0.3813785294326547
2021-04-30,485.495,-0.5653429360927569,-3.6902655210442816,-2.861855,2.191723111179236,-5.881988632223518,-0.3792883836564188
2021-05-01,485.6265,-0.4166859503251903,-3.572998330515998,-2.8282373,2.1507421046460538,-5.723740435162052,-0.3770777946464859
2021-05-02,485.758,-0.2742962192409912,-3.4547789737884784,-2.7718053,2.109186561876212,-5.56396553566469,-0.3747475753303687
2021-05-03,485.8895,-0.1381777086893656,-3.335693181473004,-2.708809,2.0670697174274792,-5.402762898900483,-0.3722985801051923
2021-05-04,486.021,-0.0080129698558337,-3.215827029136019,-2.643038,2.0244048358797504,-5.240231865015769,-0.3697317044272703
2021-05-05,486.1525,0.1164940951221114,-3.095266856767695,-2.5580528,1.981205209402412,-5.076472066170108,-0.3670478843848514
2021-05-06,486.284,0.2354822902738842,-2.9740991879843195,-2.480356,1.9374841555397049,-4.911583343524024,-0.3642480962543066
2021-05-07,486.4155,0.3491643908176547,-2.852410649050912,-2.4225657,1.8932550152113448,-4.7456656642622566,-0.3613333560400411
2021-05-08,486.547,0.4577431738469224,-2.730287887810748,-2.372376,1.8485311509252893,-4.578819038736038,-0.3583047189984199
2021-05-09,486.6785,0.5612092677853511,-2.6078174926086395,-2.327232,1.80332594519911,-4.411143437807749,-0.3551632791460006
2021-05-10,486.81,0.6591190395630973,-2.485085911294991,-2.2700083,1.7576527991860935,-4.242738710481085,-0.3519101687523805
2021-05-11,486.9415,0.751982317940314,-2.3621793703975182,-2.210031,1.7115251315018385,-4.073704501899357,-0.3485465578179662
2021-05-12,487.073,0.8405080904338487,-2.239183794547529,-2.1435347,1.6649563772466829,-3.904140171794212,-0.3450736535369907
2021-05-13,487.2045,0.9249262047285728,-2.116184726247402,-2.0681987,1.61795998721904,-3.734144713466442,-0.341492699746094
2021-05-14,487.336,1.00505820570634,-1.9932672460655796,-1.9997193,1.5705494273143,-3.563816673379879,-0.3378049763588107
2021-05-15,487.4675,1.081197674151405,-1.8705158933450807,-1.9615538,1.5227381781036635,-3.393254071448745,-0.3340117987862913
2021-05-16,487.599,1.1529258975551766,-1.7480145875109103,-1.9204708,1.4745397345869269,-3.222554322097837,-0.3301145173446126
2021-05-17,487.7305,1.2210652427495106,-1.6258465500612715,-1.8782772,1.425967606112945,-3.0518141561742165,-0.3261145166490198
2021-05-18,487.862,1.2859848483485037,-1.5040942273267228,-1.8581502,1.3770353164611655,-2.8811295437878885,-0.3220132149954643
2021-05-19,487.9935,1.3478863945274009,-1.3828392140806522,-1.8258506,1.3277564040773684,-2.7105956181580204,-0.3178120637297902
2021-05-20,488.125,1.4070600810808305,-1.2621621780835826,-1.8268665,1.2781444224564389,-2.540306600540021,-0.3135125466049439
2021-05-21,488.2565,1.4635117956303487,-1.142142785642798,-1.830212,1.2282129406647355,-2.3703557263075337,-0.3091161791265765
2021-05-22,488.388,1.5169173797112272,-1.0228596282677758,-1.8066456,1.1779755439943862,-2.200835172262162,-0.3046245078874138
2021-05-23,488.5195,1.568119982116437,-0.9043901505006832,-1.7788758,1.1274458347415564,-2.0318359852422394,-0.300039109890776
2021-05-24,488.651,1.6172473839046244,-0.7868105790000186,-1.7524003,1.0766374331005302,-1.8634480121005488,-0.295361591863635
2021-05-25,488.7825,1.6645064542686994,-0.6701958529540456,-1.7208413,1.0255639781652377,-1.6957598311192834,-0.2905935895595918
2021-05-26,488.914,1.710027422047644,-0.55461955589937,-1.6565007,0.9742391290296302,-1.5288586849290002,-0.2857367670521777
2021-05-27,489.0455,1.754053614936793,-0.4401538490183289,-1.6265802,0.9226765659781272,-1.3628304149964563,-0.2807928160188605
2021-05-28,489.177,1.7963502391236543,-0.3268694059874501,-1.5893312,0.870889991757198,-1.197759397744648,-0.2757634550161697
2021-05-29,489.3085,1.8370131500608275,-0.2148353494473946,-1.5381933,0.8188931329189483,-1.0337284823663428,-0.2706504287463334
2021-05-30,489.44,1.877002728093484,-0.104119189163143,-1.4849963,0.7666997412274784,-0.8708189303906215,-0.2654555073158342
2021-05-31,489.5715,1.9164177205169128,0.0052132380587011,-1.4321691,0.7143235951186024,-0.7091103570599013,-0.2601804854862946
2021-06-01,489.703,1.955465750866056,0.1130978266305102,-1.3784624,0.6617785012034368,-0.5486806745729266,-0.2548271819180944
2021-06-02,489.8345,1.9940988833812476,0.2194722585591839,-1.3382925,0.6090782958062632,-0.3896060372470792,-0.2493974384071372
2021-06-03,489.966,2.032298851493069,0.3242760578757099,-1.2842505,0.5562368465269442,-0.2319607886512342,-0.2438931191151734
2021-06-04,490.0975,2.070772223250352,0.4274506430599585,-1.2308478,0.503268053818184,-0.0758174107582254,-0.2383161097941016
2021-06-05,490.229,2.10940662515298,0.5289393774041568,-1.1959393,0.4501858525677775,0.0787535248363792,-0.2326683170046505
2021-06-06,490.3605,2.1487336343840315,0.6286876172606819,-1.1645256,0.3970042136760255,0.2316834035846563,-0.2269516673298723
2021-06-07,490.492,2.188566168714985,0.7266427581222308,-1.1359159,0.3437371456184437,0.3829056125037871,-0.2211681065838495
2021-06-08,490.6235,2.2286815220896967,0.8227542784847427,-1.0926393,0.29039869598389,0.5323555825008527,-0.2153195990160423
2021-06-09,490.755,2.2694658108405195,0.916973781445938,-1.0634552,0.2370029529782402,0.6799708284676977,-0.2094081265116875
2021-06-10,490.8865,2.3116650666995406,1.009255033994805,-1.0546519,0.1835640468837949,0.8256909871110101,-0.2034356877886656
2021-06-11,491.018,2.355530758087812,1.0995540039499538,-1.0540979,0.1300961514646033,0.9694578524853504,-0.1974042975912562
2021-06-12,491.1495,2.401012225823512,1.1878288945073323,-1.0590128,0.0766134853079903,1.111215409199342,-0.1913159858811895
2021-06-13,491.281,2.448597259616612,1.2740401763604512,-1.0284501,0.0231303130926209,1.2509098632678302,-0.1851727970264149
2021-06-14,491.4125,2.498426075712838,1.3581506173589546,-0.9975903,-0.0303390532264666,1.3884896705854213,-0.178976788987995
2021-06-15,491.544,2.5504790236271715,1.4401253096741164,-0.94571835,-0.0837802533253101,1.5239055629994267,-0.1727300325055398
2021-06-16,491.6755,2.6049797737839,1.5199316944425814,-0.88518274,-0.1371788775202911,1.6571105719628725,-0.1664346102815856
2021-06-17,491.807,2.6622980782092327,1.5975395838625048,-0.8222364,-0.1905204658884354,1.7880600497509402,-0.1600926161653356
2021-06-18,491.9385,2.7226612937946992,1.672921180719033,-0.76552945,-0.2437905075077532,1.9167116882267865,-0.1537061543361526
2021-06-19,492.07,2.786223469230096,1.746051095318972,-0.72269666,-0.2969744398265385,2.0430255351455107,-0.1472773384872265
2021-06-20,492.2015,2.853181277642607,1.8169063598173392,-0.6883052,-0.3500576481702832,2.1669640079876222,-0.1408082910097977
2021-06-21,492.333,2.9237349039312344,1.8854664399213923,-0.6525717,-0.4030254653947073,2.2884919053161,-0.1343011421783481
2021-06-22,492.4645,2.99810119490599,1.951713243960692,-0.61548936,-0.4558631716931939,2.4075764156538857,-0.1277580293371445
2021-06-23,492.596,3.0764488179833247,2.015631129314641,-0.571795,-0.5085559945666611,2.524187123881302,-0.121181096088534
2021-06-24,492.7275,3.158692348815059,2.077206906191912,-0.54244494,-0.561089108963694,2.638296015155606,-0.11457249148337
2021-06-25,492.859,3.2453528046304143,2.13642983875912,-0.5150003,-0.613447637598484,2.749877476357604,-0.1079343692139579
2021-06-26,492.9905,3.3366433654846075,2.193291643619064,-0.4875435,-0.6656166514538563,2.8589082950729203,-0.1012688868099007
2021-06-27,493.122,3.4327262316018485,2.247786485641805,-0.45476803,-0.7175811704763999,2.9653676561182056,-0.0945782048372166
2021-06-28,493.2535,3.5335028279068688,2.2999109711548087,-0.4166097,-0.7693261644703948,3.069237135625204,-0.0878644861011001
2021-06-29,493.385,3.639496155994332,2.3496641385013355,-0.3811415,-0.8208365541969488,3.170500692698284,-0.0811298948526971
2021-06-30,493.5165,3.7509016867105496,2.397047445979177,-0.34764996,-0.8720972126844261,3.269144658663603,-0.0743765960002472
2021-07-01,493.648,3.867914890901951,2.4420647571748213,-0.31831,-0.9230929667559206,3.365157723930742,-0.0676067543249598
2021-07-02,493.7795,3.990731239415246,2.4847223237109404,-0.29056022,-0.9738085987791808,3.4585309224901213,-0.0608225337019676
2021-07-03,493.911,4.119461622555002,2.5250287654281,-0.25997534,-1.0242288486440712,3.5492576140721708,-0.0540260963267055
2021-07-04,494.0425,4.2543211974355,2.5629950480243697,-0.22563054,-1.0743384159722371,3.637333463996607,-0.0472196019470571
2021-07-05,494.174,4.394967172595275,2.598634458179415,-0.19921753,-1.124121962563336,3.7227564207427513,-0.040405207101601
2021-07-06,494.3055,4.54194785738768,2.631962576192407,-0.189707,-1.1735641150817668,3.805526691274173,-0.0335850643642828
2021-07-07,494.437,4.695571331035922,2.662997246165939,-0.17034636,-1.2226494679874649,3.885646714153404,-0.0267613215958459
2021-07-08,494.5685,4.855995276412313,2.6917585437708067,-0.13328913,-1.271362586713927,3.9631211304847342,-0.019936121202319
2021-07-09,494.7,5.023562624321885,2.718268741629293,-0.08848675,-1.3196880110962297,4.037956752725522,-0.0131115994008899
2021-07-10,494.8315,5.198133987527953,2.7425522723571927,-0.061489023,-1.3676102590513877,4.11016253140858,-0.0062898854934526
2021-07-11,494.963,5.380149730494383,2.7646356893074846,-0.03667314,-1.4151138305129884,4.179749519820473,0.0005268988518673
2021-07-12,495.0945,5.569814098237343,2.784547625061101,-0.0016950285,-1.4621832116216145,4.2467308366827154,0.0073366403109241
2021-07-13,495.226,5.767243533924282,2.8023187477127864,0.046339985,-1.5088028791721275,4.311121626884914,0.0141372346052144
2021-07-14,495.3575,5.972775485541992,2.8179817150024835,0.08451682,-1.5549573053184658,4.372939020320949,0.0209265871947203
2021-07-15,495.489,6.186213822864696,2.8315711263451218,0.11460654,-1.60063096253617,4.432202088881292,0.0277026139616624
2021-07-16,495.6205,6.408107301342191,2.843123472814012,0.13842236,-1.6458083288424004,4.488931801656412,0.0344632418849034
2021-07-17,495.752,6.638677447325399,2.85267708513536,0.15815832,-1.690473893272772,4.543150978408132,0.0412064097047514
2021-07-18,495.8835,6.878119392345304,2.8602720797536225,0.19499965,-1.7346121616138894,4.594884241367512,0.0479300685779171
2021-07-19,496.015,7.126628267933352,2.865950303029603,0.21685806,-1.7782076623900178,4.644157965419621,0.0546321827223876
2021-07-20,496.1465,7.384324743670909,2.8697552736352736,0.23179984,-1.8212449531018653,4.691000226737139,0.0613107300519904
2021-07-21,496.278,7.651476389616149,2.871732123211286,0.25348356,-1.8637086267150085,4.735440749926294,0.0679637028004233
2021-07-22,496.86,8.235177699592375,2.871927535355162,0.26993185,-1.90558331839507,4.777510853750232,0.0745891081345436
2021-07-23,489.5340000000001,0.9110770181095909,2.8703896830099365,0.28865802,-1.9468537124862424,4.817243395496179,0.0811849687567044
2021-07-24,489.565,0.9441738387103912,2.867168164324855,0.30777913,-1.9875045497294064,4.854672714054262,0.087749323495951
2021-07-25,489.143,0.5244676549376033,2.862313937061447,0.3347818,-2.027520634715528,4.889834571776975,0.0942802278878821
2021-07-26,491.622,3.0059579603339897,2.8558792516198594,0.35354123,-2.066886843569683,4.922766095189543,0.1007757547430039
2021-07-27,492.138,3.5246442484421774,2.8479175827619945,0.381309,-2.1055881318605665,4.953505714622561,0.1072339947034018
2021-07-28,484.79,-3.820726503723948,2.838483560109296,0.41292387,-2.143609542729894,4.98209310283919,0.1136530567875717
2021-07-29,494.856,6.2484544028768445,2.8276328974945133,0.44256908,-2.1809362152357363,5.00856911273025,0.1200310689232542
2021-07-30,490.691,2.086715633874298,2.8154223212480227,0.46659356,-2.217553392903322,5.032975714151345,0.1263661784681347
2021-07-31,489.109,0.5081708012596193,2.801909497500441,0.47707605,-2.253446432476504,5.055355929976945,0.1326565527182668
2021-08-01,486.307,-2.290433117953468,2.7871529585843566,0.49647793,-2.2886008128626014,5.075753771446959,0.1389003794040957
2021-08-02,493.892,5.298260058747565,2.77121202861909,0.509077,-2.323002144262993,5.094214172882083,0.1450958671739682
2021-08-03,487.979,-0.6111589092886813,2.7541467483631585,0.52911234,-2.3566361774813656,5.110782925844524,0.1512412460650153
2021-08-04,492.758,4.171585672741405,2.736017799420077,0.5503179,-2.389488813401198,5.125506612821275,0.1573347679613092
2021-08-05,487.384,-1.1984966792951113,2.716886427883729,0.5684119,-2.4215461126236493,5.138432540507378,0.16337470703921
2021-08-06,487.272,-1.306507203625281,2.6968143675102025,0.5729645,-2.4527943052566337,5.149608672766837,0.1693593601998138
2021-08-07,490.992,2.4179521379923976,2.6758637625035337,0.5744833,-2.483219800845544,5.159083563349078,0.1752870474884351
2021-08-08,491.068,2.4985941681356856,2.65409709000314,0.5824929,-2.512809198435695,5.166906288438835,0.1811561125010549
2021-08-09,494.575,6.010418342953008,2.631577082361128,0.5912429,-2.5415492967562408,5.1731263791173685,0.1869649227776897
2021-08-10,492.762,4.202424118592704,2.608366649297813,0.5949794,-2.569427104514989,5.177793753812803,0.1927118701826265
2021-08-11,488.355,-0.2000295907703044,2.58452880002397,0.6173098,-2.596429850793202,5.180958650817172,0.1983953712714937
2021-08-12,489.528,0.9777149075155496,2.5601265654182987,0.65157944,-2.622544995529197,5.182671560947496,0.2040138676451395
2021-08-13,487.796,-0.7496376231428048,2.535222920348509,0.68520606,-2.6477602400792395,5.182983160427749,0.2095658262903007
2021-08-14,489.944,1.4031883976684352,2.5098807062243456,0.7148151,-2.672063537843973,5.181944244068319,0.21504973990705
2021-08-15,488.039,-0.4967976285736935,2.4841625538704246,0.72548836,-2.6954431049483367,5.179605658818762,0.2204641272230244
2021-08-16,493.648,5.117282704624864,2.45813080680654,0.74566275,-2.717887430962695,5.1760182377692345,0.2258075332944451
2021-08-17,491.189,2.663546332247376,2.431847445022491,0.7526684,-2.739385289652656,5.171232734675147,0.2310785297939405
2021-08-18,486.591,-1.929007450114032,2.405374009334018,0.757421,-2.7599257497448466,5.165299759078865,0.2362757152852041
2021-08-19,482.039,-6.474738804894038,2.37877152640563,0.74992234,-2.779498185695696,5.158269712101326,0.2413977154845191
2021-08-20,490.284,1.7768043612997095,2.352100434525473,0.73782796,-2.798092288450084,5.150192722975556,0.2464431835091972
2021-08-21,489.704,1.2035073400006615,2.3254205102163823,0.7406677,-2.815698076176591,5.141118586392974,0.2514108001129758
2021-08-22,497.992,9.49836954119096,2.298790795766445,0.7494159,-2.832305904965839,5.131096700732284,0.2562992739084442
2021-08-23,491.612,3.125390374852591,2.2722695277611664,0.7730562,-2.847906479478357,5.120176007239524,0.2611073415765599
2021-08-24,490.294,1.8145692509676152,2.24591406669836,0.806255,-2.862490863528255,5.108404930226614,0.2658337680633346
2021-08-25,487.816,-0.6563189455519627,2.2197808277655064,0.8526509,-2.876050490588862,5.095831318354369,0.270477346763778
2021-08-26,483.85,-4.615056380878856,2.193925212858059,0.87472296,-2.888577174206429,5.082502387064489,0.2750368996931854
2021-08-27,490.749,2.2917603310937062,2.1684015439157136,0.88769305,-2.900063118307924,5.068464662223637,0.2795112776458792
2021-08-28,491.309,2.859503175749521,2.143262997652198,0.89920676,-2.9105009273888776,5.053763925041076,0.2838993603415076
2021-08-29,492.127,3.685390014233353,2.1185615417524875,0.9105268,-2.919883616567217,5.038445158319704,0.2882000565590173
2021-08-30,492.385,3.951420250595772,2.094347872609706,0.92584974,-2.92820462148902,5.022552494098726,0.2924123042584277
2021-08-31,493.35,4.924593288887044,2.0706713546722098,0.92673975,-2.935457808072108,5.006129162744317,0.296535070690534
2021-09-01,494.294,5.876908533157488,2.047579961469492,0.9107007,-2.941637482073423,4.989217443542914,0.3005673524946815
2021-09-02,493.536,5.127365387457618,2.0251202183836576,0.9045821,-2.946738398466201,4.971858616849858,0.3045081757847574
2021-09-03,490.539,2.1389632558377256,2.003337147231196,0.9241355,-2.950755770612945,4.954092917844141,0.3083565962235465
2021-09-04,490.142,1.7506208760680355,1.9822742127177049,0.93541545,-2.9536852792204,4.935959491938104,0.3121116990856212
2021-09-05,490.866,2.483319834876289,1.961973270826153,0.9440923,-2.9555230810626667,4.91749635188882,0.31577259930892
2021-09-06,489.395,1.0211531993324223,1.9424745191969248,0.96909416,-2.956265817458882,4.898740336655806,0.3193384415351996
2021-09-07,485.395,-2.969879652718234,1.92381644955579,0.9952623,-2.9559106224918743,4.879727072047665,0.3228084001395281
2021-09-08,495.268,6.912261224371889,1.9060358022434525,1.019246,-2.95445513095447,4.860490933197923,0.3261816792490126
2021-09-09,494.5,6.153487387858539,1.8891675228980085,1.044186,-2.9518974860102194,4.841065008908227,0.3294575127509466
2021-09-10,491.365,3.027843100300608,1.8732447213392107,0.9785933,-2.9482363465555714,4.821481067894782,0.3326351642905786
2021-09-11,485.848,-2.479672261113749,1.8582986327008664,0.99383885,-2.943470894270649,4.801769526971516,0.3357139272586988
2021-09-12,487.678,-0.6398033126261611,1.8443585808551453,1.0185288,-2.9376008403460974,4.781959421201242,0.3386931247692565
2021-09-13,486.782,-1.5258137556234148,1.8314519441700463,1.03499,-2.930626431873651,4.762078376043697,0.3415721096272152
2021-09-14,491.1710000000001,2.873527493468254,1.819604123638435,1.0414605,-2.922548457888352,4.742152581526787,0.3443502642868666
2021-09-15,492.322,4.03498431168586,1.808838513414592,1.0586007,-2.9133682550506457,4.722206768465238,0.3470270008008244
2021-09-16,491.508,3.2315561502519303,1.7991764737912472,1.0794141,-2.9030877129568613,4.702264186748108,0.3496017607599223
2021-09-17,492.037,3.771242460388848,1.790637306647455,1.0854433,-2.8917092790668746,4.682346585714329,0.3520740152242474
2021-09-18,489.259,1.0040426933190236,1.7832382333947705,0.9376932,-2.879235963238153,4.662474196632923,0.354443264645547
2021-09-19,493.289,5.044910168134837,1.7769943754463624,0.84607047,-2.86567134185564,4.642665717302002,0.3567090387812398
2021-09-20,490.737,2.50382612047597,1.7719187372308232,0.8579322,-2.851019561547366,4.622938298778189,0.3588708966002785
2021-09-21,488.758,0.535802262322087,1.7680221917695529,0.87305856,-2.835285342476019,4.603307534245571,0.3609284261811055
2021-09-22,490.07,1.858351181647084,1.7653134688336445,0.8997519,-2.818473981197116,4.58378745003076,0.3628812446019523
2021-09-23,488.876,0.6748175379207235,1.76379914569329,0.9299539,-2.8005913530748034,4.564390498768093,0.3647289978237275
2021-09-24,490.657,2.4663806829358728,1.7634836404697556,0.94993234,-2.781643914246782,4.5451275547165375,0.3664713605657531
2021-09-25,488.252,0.0717433627597068,1.7643692080970326,0.98284143,-2.761638703130214,4.526007911227246,0.3681080361745982
2021-09-26,490.189,2.019209664866888,1.7664559388972696,0.9919264,-2.7405833414610226,4.507039280358292,0.3696387564862706
2021-09-27,491.483,3.3237788645587907,1.7697417597711322,0.90855753,-2.7184860348593447,4.488227794630477,0.3710632816820198
2021-09-28,488.181,0.0324284928816895,1.774222438001276,0.86262745,-2.695355572914464,4.46957801091574,0.3723814001380209
2021-09-29,490.002,1.8641628053321784,1.7798915876641237,0.86680824,-2.671201328783002,4.451092916447125,0.373592928269187
2021-09-30,489.532,1.4048761514565693,1.7867406786421545,0.8431893,-2.646033258294626,4.432773936936781,0.3746977103673872
2021-10-01,488.382,0.2656851784682623,1.7947590482259907,0.84277415,-2.6198618985600777,4.414620946786068,0.3756956184343157
2021-10-02,489.556,1.45053085887388,1.803933915292594,0.8447414,-2.5926983660768435,4.396632281369437,0.3765865520092922
2021-10-03,491.465,3.370327241061433,1.8142503970429644,0.8735396,-2.5645543543282736,4.378804751371238,0.3773704379922413
2021-10-04,490.459,2.375000686472005,1.82569152827979,0.9086362,-2.535442130872563,4.361133659152353,0.3780472304621248
2021-10-05,485.27,-2.80327561070441,1.8382382832026785,0.9290129,-2.505374533918503,4.343612817121182,0.3786169104910792
2021-10-06,492.978,4.915824487633447,1.851869599695608,0.93875116,-2.4743649683854865,4.326234568081095,0.3790794859545306
2021-10-07,486.03,-2.021075976922736,1.8665624060785933,0.9460447,-2.4424274014458183,4.308989807524412,0.3794349913375339
2021-10-08,488.985,0.9452772004517392,1.8822916502924976,0.90749687,-2.409576357547952,4.29186800784045,0.3796834875376069
2021-10-09,488.698,0.6693980501848245,1.899030331483441,0.9018435,-2.375826912919817,4.274857244403258,0.3798250616643119
2021-10-10,489.197,1.179572347751404,1.916749533950268,0.9072513,-2.341194689552053,4.25794422350232,0.3798598268358358
2021-10-11,492.967,4.9607992986587455,1.9354184634160057,0.8932979,-2.305695848661453,4.241114312077459,0.3797879219728285
2021-10-12,495.935,7.94007810841412,1.9550044855815727,0.863477,-2.269347083635627,4.2243515692172,0.3796095115897477
2021-10-13,495.01,7.026281290300059,1.975473166917328,0.8067799,-2.232165612460362,4.20763877937769,0.3793247855839551
2021-10-14,492.825,4.852526650987926,1.9967883176455707,0.801536,-2.1941691696318566,4.190957487277427,0.3789339590228135
2021-10-15,489.623,1.661817899247119,2.0189120368646267,0.8174617,-2.1553759975565416,4.174288034421169,0.3784372719290221
2021-10-16,492.836,4.886097324071399,2.0418047597626114,0.83498514,-2.1158048374418383,4.15760959720445,0.3778349890644316
2021-10-17,495.096,7.157232180301634,2.0654253068667208,0.77081937,-2.07547491968174,4.14090022654846,0.3771273997125682
2021-10-18,498.967,11.03938027475985,2.08973093527144,0.69165456,-2.034405953741794,4.124136889013235,0.3763148174601065
2021-10-19,495.216,7.29956368080852,2.114677391786938,0.72282803,-1.992618117548577,4.107295509335515,0.3753975799775014
2021-10-20,495.065,7.159703554146807,2.1402189679466264,0.5087478,-1.950132046389392,4.090351014336019,0.374376048799015
2021-10-21,495.234,7.339874912579365,2.166308556810804,0.36142477,-1.906968821328488,4.073277378139292,0.3732506091023478
2021-10-22,482.574,-5.308990358172483,2.192897711501222,-0.2770581,-1.863149957146731,4.0560476686479525,0.3720216694880852
2021-10-23,489.663,1.7914710178730695,2.2199367053994616,-0.42474967,-1.818697389812172,4.038634095211634,0.3706896617591662
2021-10-24,496.599,8.738887630286863,2.247374593940114,-1.9967601,-1.7736334634896345,4.021008057429748,0.3692550407005749
2021-10-25,497.594,9.745324070872966,2.2751592779278984,-2.6055539,-1.7279809170978937,4.003140195025792,0.3677182838594493
2021-10-26,493.137,5.299605633985536,2.303237568306156,-2.6983705,-1.6817628704237444,3.9850004387299007,0.3660798913257932
2021-10-27,484.535,-3.291108404201996,2.331555252302513,-2.7500834,-1.635002809802651,3.966558062105164,0.3643403855139778
2021-10-28,487.595,-0.2192031612752947,2.360057160875847,-2.736164,-1.587724573376372,3.947781734252219,0.3625003109452019
2021-10-29,494.998,7.195696760575031,2.388687237387332,-2.7186742,-1.5399523359384084,3.92863957332574,0.3605602340310877
2021-10-30,491.417,3.626512314944816,2.4173886074168047,-2.7064807,-1.4917105933786838,3.909099200795489,0.3585207428585673
2021-10-31,492.2000000000001,4.421178950751168,2.4461036496444994,-2.662538,-1.4430241467394278,3.889127796383927,0.356382446976216
2021-11-01,491.514,3.746832001007117,2.474774067716897,-2.860005,-1.3939180858946962,3.868692153611594,0.3541459771821833
2021-11-02,485.786,-1.969571439537092,2.503340963014366,-2.8430111,-1.3444177728665068,3.847758735880873,0.3518119853138565
2021-11-03,487.847,0.1034256715984334,2.531744908237147,-2.8012733,-1.2945488247910637,3.8262937330282103,0.3493811440393933
2021-11-04,489.451,1.7195363381868265,2.559926021725448,-3.008807,-1.2443370965490002,3.804263118274448,0.346854146651244
2021-11-05,490.184,2.464483769821143,2.5878240424283785,-3.0153003,-1.1938086630740672,3.781632705502446,0.3442317068617823
2021-11-06,488.539,0.8309864615817881,2.6153784054358846,-3.0220037,-1.1429898013551358,3.7583682067910207,0.3415145586011515
2021-11-07,487.508,-0.1885302318747617,2.6425283179870176,-2.9673145,-1.09190697214684,3.7344352901338578,0.3387034558174257
2021-11-08,487.232,-0.4530250253022632,2.669212835867527,-2.9068599,-1.040586801404581,3.709799637272108,0.3357991722791761
2021-11-09,490.95,3.276600235181528,2.6953709401090604,-3.352284,-0.9890560614600858,3.684427001569146,0.3328025013805297
2021-11-10,481.969,-5.692791376485452,2.7209416139021325,-3.3119414,-0.9373416519540247,3.6582832658561575,0.3297142559487858
2021-11-11,483.568,-4.081747578024531,2.7458639196346053,-3.29607,-0.8854705805426707,3.631334500177276,0.326535268054665
2021-11-12,483.664,-3.97364749855368,2.77007707596734,-3.2947714,-0.8334699433958572,3.603547019363197,0.3232663888252364
2021-11-13,485.303,-2.322260015192647,2.79352053485861,-3.2416046,-0.7813669055039011,3.574887440362511,0.3199084882595814
2021-11-14,485.527,-2.08532823340826,2.81613405844888,-3.2220714,-0.7291886808114536,3.545322739260333,0.316462455047219
2021-11-15,486.654,-0.9453603816761276,2.83785779571772,-3.212749,-0.6769625121965495,3.514820307914269,0.3129291963893337
2021-11-16,488.752,1.1657779440815763,2.858632358824908,-3.1703796,-0.6247156513134421,3.4833480101383496,0.309309637822814
2021-11-17,486.303,-1.2706250892409292,2.878398899047959,-3.105926,-0.5724753383180565,3.4508742373660155,0.3056047230471213
2021-11-18,482.8,-4.760992972284098,2.897099182229013,-3.0665522,-0.5202687814951467,3.41736796372416,0.3018154137539806
2021-11-19,487.794,0.246129145341762,2.914675663644262,-3.1411083,-0.4681231368065048,3.3827988004507668,0.2979426894598932
2021-11-20,482.027,-5.507657302474257,2.93107156220996,-3.0775626,-0.4160654873797277,3.3471370495896875,0.293987547341444
2021-11-21,483.441,-4.080476083821493,2.946230933939684,-3.0303667,-0.3641228229572962,3.31035375689698,0.2899510020733815
2021-11-22,486.081,-1.427106706551935,2.9600987445683486,-2.9841003,-0.3123220193258469,3.272420763894196,0.2858340856694334
2021-11-23,488.992,1.4972232327819772,2.9726209412594318,-2.9479804,-0.2606898177456899,3.2333107590051213,0.2816378473258068
2021-11-24,485.568,-1.9134867320116733,2.983744523312847,-2.8904548,-0.2092528044007189,3.192997327713566,0.2773633532673205
2021-11-25,482.471,-4.996942537243754,2.9934176117920592,-2.8779721,-0.1580373898890363,3.151455001681096,0.2730116865961016
2021-11-26,480.857,-6.597359797768281,3.001589517990185,-2.858599,-0.1070697887745915,3.108659306764777,0.2685839471427775
2021-11-27,485.884,-1.5565197931897905,3.0082108106561627,-2.8277626,-0.0563759992202955,3.064586809876458,0.2640812513200664
2021-11-28,485.114,-2.312589051484971,3.0132333819034,-2.814166,-0.0059817827230443,3.019215164626444,0.2595047319786896
2021-11-29,483.21,-4.202669855089881,3.0166105117248563,-2.7620451,0.0440873560288847,2.9725231556959715,0.2548555382654887
2021-11-30,484.295,-3.1032897969922013,3.018296931039989,-2.72317,0.0938061891555809,2.924490741884408,0.2501348354836447
2021-12-01,485.757,-1.626525651470319,3.0182488832006795,-2.6913502,0.1431497854219916,2.875099097778688,0.2453438049548778
2021-12-02,484.97,-2.398651010015391,3.016424183884947,-2.6369934,0.1920935298907578,2.8243306539941893,0.2404836438834937
2021-12-03,482.071,-5.282724665981785,3.012782279309109,-2.577585,0.2406131433711029,2.7721691359380065,0.2355555652221458
2021-12-04,483.329,-4.009192590255932,3.00728430269084,-2.5287406,0.288684701643591,2.718599601047248,0.2305607975391596
2021-12-05,484.602,-2.7207135464789056,2.9998931288976083,-2.4760985,0.3362846544406419,2.6636084744569666,0.2255005848872728
2021-12-06,486.543,-0.764193108405157,2.9905734272169817,-2.458437,0.3833898441629179,2.607183583054064,0.2203761866736188
2021-12-07,485.883,-1.4086659989191088,2.979291712187332,-2.4806545,0.4299775243117809,2.5493141878755514,0.2151888775307936
2021-12-08,485.014,-2.26216631588038,2.9660163924297605,-2.4689145,0.4760253776182771,2.4899910148114834,0.2099399471888155
2021-12-09,487.972,0.7114049256894854,2.9507178174241395,-2.5455518,0.5215115338492747,2.4292062835748647,0.2046307003478011
2021-12-10,484.783,-2.4620964791570428,2.93336832217461,-2.543652,0.5664145872716501,2.36695373490296,0.1992624565511593
2021-12-11,485.492,-1.737295293653956,2.91394226971214,-2.6090539,0.610713613755639,2.3032286559565005,0.1938365500591019
2021-12-12,488.128,0.91484291699522,2.892416091384216,-3.0801415,0.6543881874988128,2.238027903885403,0.1883543297222654
2021-12-13,497.879,10.681891928522784,2.868768324884172,-3.7352097,0.6974183973523476,2.171349927531825,0.1828171588552265
2021-12-14,497.738,10.556755883337836,2.8429796499752222,-4.108342,0.7397848627316861,2.1031947872435364,0.1772264151096942
2021-12-15,496.051,8.885074580858365,2.81503292186684,-4.469641,0.781468749093958,2.0335641727728824,0.171583490347146
2021-12-16,500.443,13.291896059161056,2.784913202203728,-4.8151073,0.8224517829649187,1.9624614192388088,0.1658897905106812
2021-12-17,494.078,6.941089058166264,2.752607787630275,-4.7585173,0.8627162664985661,1.8898915211317089,0.1601467354958456
2021-12-18,484.362,-2.760842518905775,2.7181062358961987,-4.7354193,0.9022450915529916,1.8158611443432071,0.1543557590201911
2021-12-19,487.062,-0.0468575278619805,2.681400389471694,-4.717551,0.9410217532664356,1.7403786362052585,0.1485183084913154
2021-12-20,487.303,0.2080840600550644,2.642484396643276,-4.6873975,0.979030363118002,1.663454033525274,0.1426358448731317
2021-12-21,485.755,-1.32605915075197,2.601354730064325,-4.707154,1.016255661457904,1.5850990686064212,0.1367098425501078
2021-12-22,488.9740000000001,1.906712717070926,2.558010202737103,-4.8903313,1.0526830294926623,1.5053271732444409,0.1307417891892137
2021-12-23,485.493,-1.5606406166381397,2.512451981406002,-5.462332,1.0882985007111057,1.4241534806948963,0.1247331855993152
2021-12-24,494.151,7.110962149829568,2.464683597344552,-5.7181273,1.1230887717376163,1.3415948256069357,0.1186855455877387
2021-12-25,494.676,7.649408242170341,2.41471095452176,-6.1748056,1.1570412125995475,1.2576697419222125,0.1126003958137395
2021-12-26,491.654,4.640513300691194,2.3625423351361268,-6.3745937,1.1901438763963412,1.1723984587397855,0.1064792756385984
2021-12-27,504.139,17.138117152024794,2.308188402508781,-6.6823874,1.2223855083583997,1.0858028941503812,0.100323736972071
2021-12-28,506.442,19.45356547732323,2.251662201330022,-6.6813893,1.2537555542843897,0.9979066470456324,0.0941353441149089
2021-12-29,513.4635,27.308358081011992,2.1929791552565465,-6.8202353,1.284244168346254,0.9087349869102924,0.0879156735971758
2021-12-30,520.485,33.52096338108087,2.132157061859583,-6.7822375,1.3138422202517828,0.8183148416078003,0.0816663140120779
2021-12-31,517.192,30.2398287548008,2.069216084927166,-6.766453,1.3425413017553027,0.7266747831718634,0.0753888658450241
2022-01-01,503.806,16.86558039760583,2.00417874412664,-6.730841,1.3703337325076026,0.6338450116190373,0.0690849412976396
2022-01-02,500.136,13.206563615603462,1.937069902036534,-6.6712766,1.3972125652369314,0.5398573367996027,0.0627561641064493
2022-01-03,486.888,-0.0308605933203334,1.867916748559813,-6.9124904,1.4231715902535391,0.4447451583062738,0.0564041693559494
2022-01-04,492.678,5.769623973174674,1.7967487827334518,-7.1294303,1.448205339270929,0.3485434434625225,0.0500306032857924
2022-01-05,496.035,9.137007854743484,1.7235977919522174,-7.162037,1.4723090885376593,0.2512887034145581,0.0436371230918035
2022-01-06,483.833,-3.054960895554285,1.648497828627358,-7.177823,1.4954788612742402,0.1530189673531177,0.0372253967205558
2022-01-07,488.972,2.0940636002028783,1.5714851843038438,-7.28236,1.5177114294103915,0.0537737548934522,0.0307971026572292
2022-01-08,490.865,3.9967479428897583,1.492598361262564,-7.19183,1.5390043146186214,-0.0464059533560574,0.0243539297064853
2022-01-09,478.441,-8.41816152873353,1.411878041636742,-7.115215,1.5593557886408091,-0.1474777470040671,0.0178975767660898
2022-01-10,479.492,-7.357544573752396,1.3293670540745717,-7.0340643,1.5787648729052195,-0.249397818830648,0.0114297525930191
2022-01-11,476.33,-10.51006035455891,1.24511033798282,-6.9699483,1.5972313374321123,-0.3521209994492924,0.0049521755617948
2022-01-12,478.959,-7.871614843658694,1.159154905388854,-6.8982077,1.614755699026816,-0.455600793637962,-0.0015334265852125
2022-01-13,480.438,-6.383315370518153,1.0715498004611643,-6.833418,1.6313392187599218,-0.5597894182987575,-0.008025316995753
2022-01-14,478.385,-8.42716238674126,0.9823460567311126,-6.761649,1.6469838987349728,-0.6646378420038601,-0.0145217499741896
2022-01-15,479.014,-7.789156343932039,0.8915966520611593,-6.685692,1.6616924781447813,-0.7700958260836219,-0.0210209712567451
2022-01-16,478.981,-7.81322548586367,0.7993564614073467,-6.6161,1.675468428618259,-0.8761119672109123,-0.0275212182957409
2022-01-17,477.126,-9.65940430914696,0.7056822074262611,-6.5483637,1.6883159488603985,-0.9826337414341372,-0.0340207205530422
2022-01-18,476.38000000000005,-10.396594227554424,0.6106324089791156,-6.4766846,1.7002399585887689,-1.0896075496096531,-0.040517699802937
2022-01-19,477.314,-9.453939844784855,0.5142673275879056,-6.40862,1.711246091770704,-1.1969787641827985,-0.0470103704446476
2022-01-20,478.42,-8.339441573987438,0.416648911900905,-6.378024,1.7213406891660312,-1.304691777265126,-0.0534969398246833
2022-01-21,473.51,-13.241099828311516,0.3178407402269281,-6.3128,1.7305307901809832,-1.4126900499540551,-0.0599756085692155
2022-01-22,470.363,-16.379915020906402,0.2179079612000102,-6.2294593,1.738824124039677,-1.5209161628396668,-0.0664445709266744
2022-01-23,474.007,-12.72788756492132,0.1169172326381496,-6.153886,1.7462291002802646,-1.629311867642115,-0.0729020151207187
2022-01-24,480.949,-5.778017873505634,0.0149366586618212,-6.0904183,1.7527547985836072,-1.737818139921786,-0.0793461237137633
2022-01-25,481.02,-5.6993063598086895,-0.0879642748601143,-6.01557,1.7584109579430376,-1.846375232803152,-0.0857750739811999
2022-01-26,481.595,-5.116753436979732,-0.191714766467624,-5.930492,1.7632079651845187,-1.9549227316521427,-0.0921870382964642
2022-01-27,479.224,-7.4803595181680596,-0.2962427667985952,-5.842071,1.7671568428472093,-2.0633996096458045,-0.0985801845270742
2022-01-28,477.8490000000001,-8.84812501652297,-0.4014750477368244,-5.761507,1.770269236435135,-2.171744284171959,-0.1049526764417628
2022-01-29,479.322,-7.368050345193906,-0.5073372729443497,-5.681928,1.772557401051393,-2.2798946739957424,-0.1113026741288103
2022-01-30,479.514,-7.169135917330023,-0.6137540697019827,-5.628587,1.7740341874269856,-2.3877882571289684,-0.1176283344256697
2022-01-31,481.761,-4.915382146080729,-0.7206491019805246,-5.603619,1.774713027357032,-2.4953621293375567,-0.123927811359974
2022-02-01,476.572,-10.097789444595255,-0.827945144663698,-5.545406,1.7746079185578392,-2.602553063221537,-0.1301992566019888
2022-02-02,479.773,-6.890358226022896,-0.9355641588426268,-5.5144453,1.773733408958871,-2.7092975678014977,-0.1364408199285658
2022-02-03,476.984,-9.673088903512998,-1.0434273681004618,-5.493015,1.7721045804443796,-2.8155319485448413,-0.1426506496986505
2022-02-04,475.364,-11.28698189021488,-1.1514553357046962,-5.4639416,1.7697370320600292,-2.9211923677647254,-0.1488268933403558
2022-02-05,475.702,-10.943037599277863,-1.2595680426236702,-5.407312,1.7666468627004894,-3.02621490532416,-0.1549676978496336
2022-02-06,475.613,-11.02597715573189,-1.3676849662828778,-5.3343763,1.7628506532945338,-3.130535619577412,-0.1610712103005304
2022-02-07,476.952,-9.68067316817836,-1.4757251599758987,-5.274721,1.758365448504808,-3.234090608480707,-0.1671355783670213
2022-02-08,475.607,-11.01955227384678,-1.5836073328439852,-5.218184,1.7532087379599424,-3.336816070803928,-0.1731589508563875
2022-02-09,474.257,-12.363614780245104,-1.691249930337799,-5.170376,1.7473984370372664,-3.438648367375065,-0.1791394782540945
2022-02-10,477.068,-9.546860994881152,-1.7985712150742073,-5.122388,1.740952867214896,-3.539524082289103,-0.185075313280112
2022-02-11,477.36,-9.24929122526274,-1.905489348000592,-5.066986,1.733890736012463,-3.6393800840130544,-0.1909646114565922
2022-02-12,478.57,-8.033905778897898,-2.011922469778902,-4.9999294,1.726231116540275,-3.738153586319177,-0.1968055316868256
2022-02-13,476.584,-10.0147049632943,-2.117788782301292,-4.9324484,1.7179934266771373,-3.835782208978429,-0.2025962368453539
2022-02-14,478.762,-7.831205076576904,-2.223006630249192,-4.8930664,1.7091974078975152,-3.9322040381467063,-0.2083348943791255
2022-02-15,480.37,-6.217640026944441,-2.327494582607501,-4.8694882,1.6998631037691838,-4.027357686376685,-0.2140196769195457
2022-02-16,480.591,-5.991240859311604,-2.431171514045728,-4.826286,1.6900108381428596,-4.121182352188587,-0.2196487629052688
2022-02-17,474.329,-12.248007774376406,-2.533956686078022,-4.7945433,1.6796611930557503,-4.213617879133772,-0.2252203372155556
2022-02-18,473.499,-13.072940972836832,-2.635769827914305,-4.738117,1.668834986371291,-4.304604814285596,-0.2307325918140057
2022-02-19,477.149,-9.418040655390945,-2.7365312169150338,-4.68454,1.6575532491776657,-4.3940844660927,-0.236183726402457
2022-02-20,480.951,-5.611307022736666,-2.836161758562634,-4.647352,1.6458372029680792,-4.481998961530714,-0.2415719490848321
2022-02-21,479.014,-7.543740275572079,-2.934583065863104,-4.652996,1.6337082366259728,-4.568291302489076,-0.246895477040681
2022-02-22,481.454,-5.099340614595208,-3.031717538091992,-4.7002172,1.6211878832386963,-4.652905421330688,-0.2521525372081721
2022-02-23,477.516,-9.032857911214071,-3.127488438799657,-4.683443,1.6082977967633691,-4.735786235563027,-0.2573413669762517
2022-02-24,478.403,-8.141500894230067,-3.2218199729915504,-4.6387663,1.5950597285688992,-4.81687970156045,-0.2624602148856786
2022-02-25,477.215,-9.32515087775298,-3.314637363400157,-4.5909486,1.581495503878298,-4.896132867278455,-0.2675073413386297
2022-02-26,475.343,-11.19298159360896,-3.405866925766309,-4.5437818,1.5676269981356357,-4.973493923901945,-0.272481019316546
2022-02-27,474.557,-11.974993171273177,-3.4954361430485927,-4.5370593,1.553476113322082,-5.0489122563706745,-0.2773795351058836
2022-02-28,478.645,-7.883128064284858,-3.5832737384808597,-4.5502605,1.5390647542456453,-5.122338492726504,-0.2822011890314032
2022-03-01,479.918,-6.606240383268371,-3.669309747399034,-4.535395,1.5244148048292665,-5.1937245522283,-0.2869442961966297
2022-03-02,478.861,-7.659431418797146,-3.7534755877598767,-4.501849,1.5095481044220211,-5.263023692181898,-0.2916071872310879
2022-03-03,478.784,-7.732788588643244,-3.835704129275727,-4.5395374,1.4944864241582176,-5.330190553433944,-0.2961882090439089
2022-03-04,480.79,-5.723338163429046,-3.915929761090823,-4.5220313,1.47925144338918,-5.395181204480003,-0.3006857255833788
2022-03-05,478.899,-7.6110802120163825,-3.994088457926426,-4.533631,1.463864726212514,-5.45795318413894,-0.305098118602
2022-03-06,475.571,-10.936014803267083,-4.07011784462364,-4.482403,1.4483476981235814,-5.518465542747221,-0.3094237884266011
2022-03-07,475.478,-11.026142006043106,-4.143957259014588,-4.424272,1.4327216228138768,-5.576678881828465,-0.3136611547330338
2022-03-08,476.324,-10.177461889206253,-4.215547813054511,-4.366472,1.4170075791408914,-5.632555392195402,-0.3178086573249692
2022-03-09,481.269,-5.229974521618425,-4.284832452149198,-4.3245544,1.4012264382939157,-5.686058890443114,-0.321864756916293
2022-03-10,481.976,-4.520679972141481,-4.351756012614215,-4.2724724,1.385398841180118,-5.737154853794332,-0.3258279359165902
2022-03-11,475.216,-11.278578309637274,-4.416265277204421,-4.214863,1.369545176055038,-5.78581045325946,-0.3296966992191901
2022-03-12,480.639,-5.853669602967694,-4.478309028654411,-4.1655993,1.353685556421441,-5.831994585075852,-0.3334695749912316
2022-03-13,485.89,-0.6009539209946246,-4.537838101172717,-4.2314405,1.3378397992202675,-5.875677900392985,-0.3371451154651933
2022-03-14,480.396,-6.093431332579861,-4.594805429834858,-4.175947,1.3220274033371433,-5.916832833172002,-0.3407218977313279
2022-03-15,476.866,-9.622101906585437,-4.649166097822606,-4.3864503,1.3062675284476504,-5.955433626270256,-0.3441985245304126
2022-03-16,478.809,-7.677965711873034,-4.700877381459285,-4.3290234,1.2905789742242562,-5.991456355683541,-0.3475736250462325
2022-03-17,478.988,-7.498022817304546,-4.74989879299325,-4.2947435,1.274980159927473,-6.024878952920723,-0.3508458556971919
2022-03-18,480.695,-5.790273291741924,-4.796192121084281,-4.243182,1.2594891044034513,-6.055681225487732,-0.3540139009264418
2022-03-19,484.203,-2.2817172040470104,-4.839721468950012,-4.288311,1.244123406509867,-6.083844875459879,-0.3570764739898945
2022-03-20,481.035,-5.44935462308165,-4.88045329013225,-4.235678,1.228900225991531,-6.109353516123781,-0.360032317741503
2022-03-21,482.519,-3.965185617707736,-4.918356421845494,-4.199472,1.2138362648267365,-6.13219268667223,-0.3628802054151487
2022-03-22,477.681,-8.803210256787015,-4.953402115872746,-4.1791363,1.1989477490649236,-6.152349864937669,-0.3656189414024977
2022-03-23,478.965,-7.519428609181618,-4.985564066976325,-4.127505,1.1842504111757433,-6.169814478152068,-0.3682473620261559
2022-03-24,483.896,-2.588840743753156,-5.014818438794124,-4.04364,1.1697594729291356,-6.18457791172326,-0.3707643363074646
2022-03-25,483.906,-2.5794467293637044,-5.041143887194527,-3.9507122,1.1554896288255143,-6.196633516020041,-0.3731687667282527
2022-03-26,483.239,-3.247246634874993,-5.064521581066006,-3.8647459,1.1414550300945911,-6.205976611160597,-0.3754595899858722
2022-03-27,485.373,-1.1142405291488815,-5.084935220520143,-3.7979763,1.127669269280858,-6.212604489801001,-0.3776357777408234
2022-03-28,485.156,-1.332428481047336,-5.102371052489756,-3.940129,1.1141453654331284,-6.216516417922884,-0.379696337356285
2022-03-29,478.847,-7.64281055943204,-5.116817883706568,-3.907881,1.1008957499149523,-6.21771363362152,-0.3816403126288435
2022-03-30,482.34,-4.151386833165143,-5.128267091045786,-3.878833,1.0879322528521216,-6.216199343897908,-0.3834667845097316
2022-03-31,483.543,-2.9501573711082663,-5.136712629227769,-3.8180137,1.0752660902328135,-6.211978719460582,-0.3851748718158636
2022-04-01,483.488,-3.007122242123413,-5.14215103586991,-3.7427378,1.062907851675286,-6.205058887545196,-0.3867637319299665
2022-04-02,480.041,-6.456281515072407,-5.144581433884702,-3.6791062,1.050867488877376,-6.195448922762078,-0.3882325614891008
2022-04-03,481.519,-4.980635258817168,-5.144005531222851,-3.6275494,1.0391543047613263,-6.183159835984178,-0.3895805970608543
2022-04-04,487.451,0.9488164577805472,-5.140427617963216,-3.709497,1.0277769433268191,-6.168204561290035,-0.3908071158065126
2022-04-05,480.155,-6.349926434141261,-5.133854560754211,-3.6925876,1.0167433802243135,-6.150597940978525,-0.3919114361304879
2022-04-06,480.268,-6.239864003444344,-5.124295794614207,-3.6351886,1.0060609140601062,-6.130356708674314,-0.392892918315304
2022-04-07,479.374,-7.136996318990571,-5.111763312101314,-3.5662177,0.9957361584437466,-6.107499470545061,-0.393750965141432
2022-04-08,482.584,-3.9303234496419295,-5.096271649865804,-3.5128565,0.9857750347876942,-6.0820466846534975,-0.3944850224912747
2022-04-09,482.084,-4.433845464260197,-5.0778378726012345,-3.4614842,0.976182765868344,-6.054020638469579,-0.3950945799366027
2022-04-10,485.887,-0.6345624317072676,-5.056481554413222,-3.4304647,0.9669638701567436,-6.023445424569966,-0.395579171308745
2022-04-11,488.541,2.0155255791549958,-5.032224757627497,-3.6399937,0.9581221569265256,-5.990346914554023,-0.3959383752508517
2022-04-12,487.524,0.9941557495652518,-5.005092009061753,-3.674974,0.9496607221458228,-5.954752731207575,-0.3961718157515362
2022-04-13,488.99,2.4555850176240823,-4.975110273788468,-3.7469795,0.9415819451590506,-5.916692218947519,-0.3962791626592342
2022-04-14,486.492,-0.0477805230360814,-4.942308926418603,-4.073326,0.9338874861636756,-5.876196412582278,-0.3962601321766013
2022-04-15,482.894,-3.6513573013812426,-4.906719719938764,-4.0713234,0.9265782844862424,-5.833298004425006,-0.3961144873342904
2022-04-16,483.951,-2.6001455136731204,-4.868376752137028,-4.4791856,0.9196545576610974,-5.788031309798125,-0.3958420384434643
2022-04-17,476.991,-9.566145356173571,-4.827316429655247,-4.4140577,0.9131158013143982,-5.740432230969645,-0.3954426435263974
2022-04-18,481.737,-4.826357025144237,-4.78357742970816,-4.407601,0.9069607898551868,-5.690538219563347,-0.3949162087245375
2022-04-19,487.21,0.6402192831529514,-4.737200659512165,-4.56767,0.90118757797441,-5.638388237486575,-0.3942626886834126
2022-04-20,490.046,3.469583372456359,-4.688229213469089,-4.6506906,0.8957935029519712,-5.58402271642106,-0.3934820869137719
2022-04-21,488.266,1.6823160296020676,-4.636708328152577,-4.926563,0.890775187771002,-5.527483515923579,-0.3925744561283748
2022-04-22,480.857,-5.734379636250022,-4.582685335147239,-4.942054,0.8861285450377206,-5.46881388018496,-0.3915398985538431
2022-04-23,481.226,-5.373291007151352,-4.526209611792809,-4.8952727,0.8818487817043804,-5.408058393497189,-0.390378566217016
2022-04-24,478.22,-8.387418374419996,-4.467332529887913,-4.8118143,0.877930404591952,-5.345262934479865,-0.3890906612052587
2022-04-25,477.29,-9.325762029373877,-4.406107402410188,-4.7332096,0.8743672267083533,-5.280474629118542,-0.3876764359001927
2022-04-26,480.037,-6.587322263331053,-4.342589428311508,-4.653864,0.8711523743571773,-5.213741802668686,-0.3861361931843324
2022-04-27,478.754,-7.879099367609402,-4.276835635449265,-4.5628448,0.8682782950310272,-5.145113930480292,-0.384470286620131
2022-04-28,481.413,-5.229093633527118,-4.208904821716471,-4.513385,0.8657367660827521,-5.074641587799223,-0.3826791206009566
2022-04-29,482.796,-3.855305352401989,-4.138857494435412,-4.441976,0.8635189041669973,-5.00237639860241,-0.38076315047354
2022-04-30,479.532,-7.128734815552111,-4.066755808081411,-4.4375453,0.8616151754437148,-4.928370983525126,-0.3787228826314523
2022-05-01,483.136,-3.534382314295555,-3.992663500404968,-4.395025,0.8600154065344108,-4.852678906939378,-0.3765588745791972
2022-05-02,483.767,-2.913248139950271,-3.916645827022241,-4.3993397,0.8587087962211319,-4.775354623243373,-0.3742717349665147
2022-05-03,478.0750000000001,-8.61533258383417,-3.838769494545423,-4.3545117,0.8576839278773575,-4.69645342242278,-0.3718621235925282
2022-05-04,479.126,-7.574635937265448,-3.759102592326036,-4.280437,0.856928782619215,-4.61603137494525,-0.3693307513793739
2022-05-05,475.497,-11.21415849156188,-3.677714522885684,-4.288564,0.8564307531646058,-4.534145276050289,-0.3666783803149887
2022-05-06,478.234,-8.4879005380417,-3.594675931110031,-4.335408,0.856176658387103,-4.450852589497134,-0.3639058233647464
2022-05-07,483.325,-3.407862368022682,-3.5100586322831457,-4.35787,0.856152758550701,-4.366211390833847,-0.3610139443516664
2022-05-08,484.101,-2.6430442728229235,-3.423935539040444,-4.432605,0.8563447712107591,-4.280280310251203,-0.3580036578049305
2022-05-09,484.238,-2.5172886451247223,-3.336380587319583,-4.488465,0.8567378877657496,-4.193118475085332,-0.3548759287764857
2022-05-10,478.392,-8.373814389653962,-3.247468661389669,-4.4877305,0.8573167906437182,-4.104785452033387,-0.351631772625521
2022-05-11,474.852,-11.924034951666668,-3.157275518040019,-4.424674,0.8580656711066507,-4.01534118914667,-0.3482722547706444
2022-05-12,476.781,-10.00541935907368,-3.065877710010555,-4.3940816,0.8589682476552608,-3.924845957665816,-0.3447984904096089
2022-05-13,480.258,-6.538903317993146,-2.9733525087466277,-4.3672643,0.8600077850160559,-3.8333602937626834,-0.3412116442064606
2022-05-14,483.222,-3.5852903623581773,-2.879777826561715,-4.3233976,0.8611671136918937,-3.740944940253609,-0.3375129299460191
2022-05-15,483.277,-3.5405365929661814,-2.7852321382919656,-4.243995,0.8624286500565846,-3.64766078834855,-0.3337036101556187
2022-05-16,481.31,-5.517316554633334,-2.689794402527008,-4.1694937,0.863774416973536,-3.553568819500544,-0.3297849956940731
2022-05-17,480.052,-6.785063503203217,-2.5935439825018305,-4.0773563,0.8651860649177864,-3.4587300474196168,-0.3257584453078571
2022-05-18,475.456,-11.390852248179836,-2.4965605667347504,-4.0036464,0.866644893580269,-3.363205460315019,-0.3216253651545233
2022-05-19,479.825,-7.031774717400973,-2.3989240894967123,-3.9528916,0.8681318739325423,-3.267055963429254,-0.3173872082934032
2022-05-20,478.487,-8.379761270288036,-2.30071465119718,-3.8925772,0.8696276707297411,-3.170342321926921,-0.313045474143677
2022-05-21,480.648,-6.228584643202781,-2.2020124387719178,-3.8211675,0.871112665428968,-3.073125104200886,-0.3086017079099199
2022-05-22,481.415,-5.471320902223942,-2.102897646157793,-3.74152,0.8725669794998953,-2.9754646256576884,-0.304057499975264
2022-05-23,480.283,-6.612998676437874,-2.003450394939568,-3.6811466,0.8739704981038603,-2.8774208930434284,-0.2994144852623537
2022-05-24,485.816,-1.0895454625253729,-1.9037506552533208,-3.6464884,0.8753028941173265,-2.779053549370648,-0.2946743425622892
2022-05-25,486.252,-0.6631855848194461,-1.80387816703076,-3.5954995,0.8765436524751662,-2.680421819505926,-0.2898387938318016
2022-05-26,482.493,-4.431690538145821,-1.703912361668193,-3.5259,0.877672094808843,-2.581584456477036,-0.2849096034589134
2022-05-27,485.668,-1.2662640719722562,-1.603932284203362,-3.48566,0.8786674043542035,-2.482599688557565,-0.2798885774973892
2022-05-28,485.336,-1.607416786485536,-1.5040165160826593,-3.5332394,0.8795086511032743,-2.3835251671859337,-0.2747775628702968
2022-05-29,492.17,5.217970746758676,-1.40424309860051,-3.547121,0.8801748171741307,-2.2844179157746405,-0.2695784465430419
2022-05-30,487.503,0.5421234856617723,-1.3046894570918246,-3.5264237,0.8806448223726675,-2.185334279464492,-0.2642931546662625
2022-05-31,485.378,-1.591784457015331,-1.2054323259575437,-3.4655776,0.8808975499197835,-2.086329875877327,-0.258923651689002
2022-06-01,484.548,-2.430644563600979,-1.1065476746022074,-3.3967943,0.880911872317333,-1.9874595469195404,-0.2534719394426159
2022-06-02,483.413,-3.574281066136451,-1.0081106343614497,-3.3265579,0.8806666773259764,-1.888777311687426,-0.2479400561958875
2022-06-03,487.392,0.3962123307834293,-0.9101954264960588,-3.2719305,0.880140894027874,-1.7903363205239329,-0.2423300756818724
2022-06-04,490.477,3.472662563934567,-0.8128752913280215,-3.2830393,0.8793135189470349,-1.6921888102750564,-0.2366441060970057
2022-06-05,488.13,1.1170215113047948,-0.7162224185925906,-3.562142,0.8781636422000691,-1.59438606079266,-0.2308842890730525
2022-06-06,483.495,-3.5269104999316863,-0.6203078790789719,-3.5132718,0.8766704736499037,-1.4969783527288756,-0.2250527986224969
2022-06-07,483.59,-3.440446244086434,-0.5252015576307432,-3.440762,0.874813369035075,-1.4000149266658182,-0.2191518400580041
2022-06-08,484.069,-2.969141170970929,-0.4309720875755,-3.376185,0.8725718560471153,-1.3035439436226153,-0.2131836488866199
2022-06-09,487.794,0.7486208273690278,-0.3376867866515726,-3.2928536,0.8699256603285515,-1.2076124469801242,-0.2071504896793878
2022-06-10,488.693,1.6395244691816535,-0.2454115944979251,-3.2368636,0.8668547313641254,-1.1122663258620504,-0.2010546549171121
2022-06-11,491.814,4.752397059754319,-0.1542110117715321,-3.2088623,0.8633392682378043,-1.0175502800093366,-0.1948984638130038
2022-06-12,490.024,2.954200248459361,-0.0641480409546564,-3.3380723,0.8593597452283365,-0.9235077861829928,-0.1886842611129868
2022-06-13,487.007,-0.0715988264964764,0.0247158710874902,-3.3160641,0.8548969372161378,-0.8301810661286475,-0.1824144158744626
2022-06-14,489.796,2.708668313312779,0.1123208887401934,-3.2904682,0.8499319448745093,-0.7376110561343159,-0.1760913202243592
2022-06-15,488.5340000000001,1.4379091188402704,0.1986088414074478,-3.2439196,0.8444462196182841,-0.6458373782108363,-0.1697173880973162
2022-06-16,487.312,0.2072198048321643,0.2835232753605549,-3.183307,0.8384215882832725,-0.5548983129227176,-0.1632950539548812
2022-06-17,487.007,-0.1067920167937117,0.3670095036150825,-3.142627,0.8318402775100459,-0.4648307738949633,-0.1568267714866198
2022-06-18,487.354,0.2312779618608162,0.4490146537862857,-3.1139998,0.8246849378058789,-0.3756702840195932,-0.1503150122940616
2022-06-19,486.846,-0.2855697861831845,0.5294877138753824,-3.062042,0.8169386672589622,-0.2874509533835798,-0.1437622645584343
2022-06-20,487.566,0.4256652120952116,0.6083795759415166,-2.996676,0.8085850348792718,-0.2002054589377552,-0.1371710316931468
2022-06-21,482.089,-5.060078573343354,0.685643077616476,-2.9321108,0.7996081035408552,-0.1139650259243791,-0.1305438309820206
2022-06-22,486.317,-0.8406952589913685,0.7612330414217899,-2.8743358,0.7899924525006267,-0.0287594110788367,-0.1238831922042772
2022-06-23,486.418,-0.7482249428926822,0.8351063118502203,-2.809181,0.7797231994691792,0.0553831123810411,-0.1171916562473133
2022-06-24,490.508,3.333358101402521,0.9072217901762136,-2.7342732,0.7687860222095128,0.1384357679667007,-0.1104717737083098
2022-06-25,489.216,2.033003132571704,0.977540466962384,-2.661119,0.7571671796400243,0.2203732873223597,-0.1037261034857533
2022-06-26,490.211,3.0192892688387283,1.046025452231735,-2.5900347,0.7448535324185808,0.3011719198131541,-0.0969572113619424
2022-06-27,485.54,-1.6610664982836385,1.1126420032778377,-2.5056005,0.7318325629849779,0.3808094402928598,-0.0901676685775871
2022-06-28,489.711,2.500884376129215,1.1773575500879283,-2.4287937,0.7180923950395808,0.4592651550483475,-0.0833600503996154
2022-06-29,488.804,1.5849153208780704,1.2401417183564405,-2.3869326,0.7036218124365251,0.5365199059199152,-0.0765369346833212
2022-06-30,491.741,4.513075364105109,1.3009663500692354,-2.3342927,0.6884102774703685,0.6125560725988669,-0.0697009004299871
2022-07-01,494.326,7.089285488591104,1.359805521641465,-2.2797868,0.6724479485356927,0.6873575731057724,-0.0628545263411508
2022-07-02,489.45,2.204553593310955,1.4166355595946798,-2.2342587,0.6557256971397503,0.7609098624549295,-0.0560003893706676
2022-07-03,488.471,1.2164468776331967,1.47143505376159,-2.1958733,0.6382351242488777,0.8331999295127122,-0.0491410632757565
2022-07-04,487.095,-0.1696061630500986,1.5241848680095174,-2.1884587,0.6199685759500366,0.9042162920594808,-0.0422791171682081
2022-07-05,489.7000000000001,2.4255198443991,1.574868148476417,-2.1798415,0.6009191584095231,0.9739489900668942,-0.0354171140669471
2022-07-06,485.141,-2.1439171411378517,1.623470329316007,-2.139228,0.581080752111531,1.0423895772044762,-0.0285576094531516
2022-07-07,492.594,5.298959621863276,1.6699791359512992,-2.1011102,0.5604480253600318,1.1095311105912673,-0.0217031498291305
2022-07-08,490.222,2.9165438578334477,1.714384585838599,-2.0464683,0.5390164470280588,1.1753681388105406,-0.0148562712821681
2022-07-09,488.655,1.3393443775759013,1.7566789867467163,-1.9848986,0.5167822985393005,1.239896688207416,-0.0080194980545458
2022-07-10,487.8370000000001,0.5113610509000357,1.79685693255887,-1.9412725,0.4937426850676245,1.3031142474912456,-0.0011953411209562
2022-07-11,488.635,1.299530531161417,1.8349152966074929,-1.8858718,0.4698955459409103,1.3650197506665824,0.0056137032254774
2022-07-12,495.458,8.112334584531515,1.870853222554801,-1.8258781,0.4452396642363945,1.4256135583184062,0.0124051547773689
2022-07-13,495.171,7.815318590270545,1.904672112834677,-1.7651067,0.4197746755554926,1.4848974372791846,0.0191765508062056
2022-07-14,493.368,6.002338793135536,1.9363756146740865,-1.7120266,0.3935010759668709,1.5428745387072156,0.0259254474432511
2022-07-15,491.243,3.8672064233562,1.965969603714835,-1.6717354,0.3664202291074083,1.5995493746074267,0.0326494210470107
2022-07-16,490.196,2.810011492452576,1.993462165259104,-1.6360924,0.3385343724314633,1.654927792827641,0.0393460695560625
2022-07-17,493.63,6.233986979856802,2.0188635731647624,-1.589163,0.3098466225997435,1.7090169505650188,0.0460130138260632
2022-07-18,487.28,-0.1257764409573001,2.0421862664189887,-1.546547,0.2803609799999267,1.761825286419062,0.0526478989497471
2022-07-19,487.692,0.2767208421241625,2.0634448234212184,-1.4989215,0.2500823323920197,1.8133624910291983,0.0592483955587457
2022-07-20,487.088,-0.3365234600808517,2.08265593400895,-1.4415325,0.2190164576723457,1.8636394763366044,0.0658122011060693
2022-07-21,489.626,2.1924714168242616,2.099838369262289,-1.3873183,0.1871700257509115,1.9126683435113772,0.0723370411280964
2022-07-22,488.172,0.7297017195161946,2.115012949125548,-1.3437016,0.1545505995377732,1.9604623495877749,0.0788206704849373
2022-07-23,491.081,3.630177650348942,2.128202507886528,-1.2994,0.1211666350349498,2.007035872851578,0.0852608745780505
2022-07-24,489.694,2.2348558411356887,2.1394318575563904,-1.270364,0.0870274805312836,2.052404377025107,0.0916554705440087
2022-07-25,489.791,2.323718990548947,2.1487277491952623,-1.2568289,0.0521433748985748,2.0965843742966874,0.0980023084233178
2022-07-26,488.113,0.6377504291707439,2.156118832230896,-1.2261354,0.0165254449881845,2.1395933872427118,0.1042992723032285
2022-07-27,490.352,2.869047475039286,2.1616356118198308,-1.188801,-0.0198142978717532,2.181449909691584,0.1105442814334827
2022-07-28,489.658,2.16749633383814,2.165310404302572,-1.1671164,-0.0568629622775218,2.222173366580094,0.1167352913139665
2022-07-29,481.215,-6.283032537635341,2.1671772908062863,-1.1533333,-0.0946067820474856,2.261784072853772,0.1228702947532642
2022-07-30,488.492,0.9868206649057374,2.167272069050489,-1.1337527,-0.1330311224134227,2.300303191463912,0.1289473228971245
2022-07-31,487.939,0.4267949571186058,2.165632203413036,-1.1133293,-0.1721204871018077,2.337752690514844,0.1349644462258797
2022-08-01,488.291,0.7718761335025204,2.162296773315583,-1.099004,-0.2118585263004472,2.3741552996160302,0.1409197755198833
2022-08-02,493.502,5.976121551565662,2.1573064199893928,-1.093988,-0.252228045504976,2.4095344654943687,0.1468114627920576
2022-08-03,494.891,7.358641710847107,2.150703291684032,-1.0628197,-0.2932110152388235,2.443914306922855,0.1526377021866662
2022-08-04,495.179,7.640295769906686,2.14253098738316,-1.0338905,-0.3347885816394137,2.4773195690225736,0.1583967308434647
2022-08-05,485.155,-2.389817398101462,2.132834499093051,-1.0320139,-0.3769410779024579,2.509775576995509,0.1640868297264044
2022-08-06,489.983,2.4324617806538096,2.1216601527710037,-1.0143284,-0.4196480365753356,2.541308189346339,0.1697063244160951
2022-08-07,489.517,1.961021725835569,2.109055547962168,-0.97543675,-0.4628882026897503,2.571943750651918,0.1752535858652715
2022-08-08,489.005,1.4436592037232634,2.09506949621458,-0.94109833,-0.5066395477229282,2.601709043937508,0.180727031116534
2022-08-09,486.805,-0.7614180449230141,2.0797519583434205,-0.9085839,-0.5508792843758479,2.6306312427192684,0.1861251239816699
2022-08-10,485.111,-2.4602105969863755,2.063153980616697,-0.8851908,-0.5955838821561522,2.658737862772849,0.1914463756818978
2022-08-11,490.143,2.568141992330311,2.045327629935524,-0.85633814,-0.6407290837525507,2.686056713688074,0.196689345448414
2022-08-12,488.693,1.1145877271807263,2.026325928083237,-0.82085705,-0.6862899221867795,2.7126158502700166,0.2018526410826515
2022-08-13,488.635,1.0531782401875818,2.00620278511838,-0.78934544,-0.73224073872833,2.7384435238467097,0.2069349194757035
2022-08-14,489.243,1.658009613608944,1.9850129319874643,-0.761149,-0.7785552015564455,2.76356813354391,0.2119348870864047
2022-08-15,491.167,3.5791266605708363,1.9628118524341107,-0.7523655,-0.8252063251530978,2.7880181775872086,0.2168513003775907
2022-08-16,487.521,-0.0694501584464766,1.9396557142817812,-0.73981553,-0.8721664904099121,2.8118222046916936,0.2216829662101122
2022-08-17,488.492,0.8990615378483371,1.915601300167909,-0.7310911,-0.9194074654313144,2.8350087655992238,0.2264287421942048
2022-08-18,495.434,7.838884333460367,1.890705937807637,-0.7157654,-0.9669004270154348,2.857606364823072,0.2310875369978678
2022-08-19,491.833,4.235359345345256,1.8650274298658025,-0.6850116,-1.014615982793625,2.8796434126594272,0.2356583106119411
2022-08-20,491.82,4.220012350486267,1.838623983516014,-0.6664027,-1.0625241940087975,2.901148177524812,0.2401400745716126
2022-08-21,492.911,5.30895371974573,1.8115541397659831,-0.6468095,-1.1105945989121202,2.9221487386781035,0.2445318921341345
2022-08-22,489.284,1.6801827896826893,1.7838767026282063,-0.6251803,-1.1587962367569722,2.9426729393851785,0.2488328784125596
2022-08-23,490.398,2.7924441663554083,1.7556506682153226,-0.6130743,-1.207097672368478,2.9627483405838007,0.2530422004653716
2022-08-24,490.605,2.997998953577979,1.7269351538392,-0.59491354,-1.2554670212663444,2.9824021751055443,0.2571590773419029
2022-08-25,491.475,3.866846449139553,1.6977893271928015,-0.5779811,-1.3038719753181258,3.001661302510928,0.2611827800835009
2022-08-26,491.783,4.173714131495959,1.6682723356935634,-0.5579252,-1.3522798288995712,3.0205521645931346,0.2651126316804295
2022-08-27,492.254,4.643696156839649,1.6384432360666925,-0.5420554,-1.4006575055381056,3.039100741604798,0.2689480069845549
2022-08-28,491.583,3.971954738521587,1.6083609242464154,-0.5305756,-1.4489715850150815,3.0573325092614967,0.2726883325778886
2022-08-29,488.983,1.3715060614986996,1.5780840656726511,-0.5052296,-1.4971883309019016,3.0752723965745528,0.2763330865971328
2022-08-30,488.372,0.7603493523601212,1.5476710260600437,-0.48612118,-1.545273718504704,3.092944744564748,0.2798817985143895
2022-08-31,490.233,2.621483837695335,1.5171798027156098,-0.46786097,-1.593193463191878,3.110373265907488,0.283334048874268
2022-09-01,489.716,2.1048842857309022,1.486667956480449,-0.44406813,-1.640913049078271,3.12758100555872,0.2866894689876429
2022-09-02,491.737,4.12654313395498,1.4561925443702366,-0.41200265,-1.6883977580395737,3.14459030240981,0.2899477405823912
2022-09-03,491.304,3.6944924101976673,1.425810052988178,-0.38806528,-1.7356126990300558,3.161422752018234,0.2931085954114502
2022-09-04,488.241,0.6327313324668475,1.3955763327831892,-0.3751568,-1.7825228376764704,3.1780991704596597,0.2961718148186101
2022-09-05,491.04,3.433259118770751,1.3655465332249843,-0.36053622,-1.8290930261206888,3.194639559345674,0.2991372292624862
2022-09-06,492.431,4.826074987117494,1.335775038966549,-0.33624062,-1.8752880330833417,3.2110630720498907,0.3020047177991556
2022-09-07,490.014,2.4111781555151426,1.3063154070632812,-0.32062888,-1.9210725741205148,3.227387981183796,0.3047742075240107
2022-09-08,496.734,9.13352614733736,1.277220305316812,-0.31461564,-1.9664113420453568,3.2436316473621685,0.3074456729733945
2022-09-09,494.854,7.255942844966424,1.2485414518100424,-0.3234861,-2.0112690374862354,3.259810489296278,0.3100191354866549
2022-09-10,488.533,0.9376493215023975,1.2203295556985971,-0.31405935,-2.0556103995529846,3.275939955251582,0.3124946625292788
2022-09-11,489.566,1.973644755919401,1.1926342593222834,-0.29575926,-2.099400236582607,3.2920344959048906,0.3148723669778215
2022-09-12,489.898,2.30866520965248,1.165504081698632,-0.28786218,-2.142603456935731,3.3081075386343626,0.3171524063673831
2022-09-13,493.396,5.809965829281622,1.1389863634588653,-0.28723335,-2.1851850998150626,3.324171463273928,0.3193349821024276
2022-09-14,489.851,2.268355066002509,1.1131272132850132,-0.27562952,-2.2271103660770013,3.3402375793620145,0.3214203386317826
2022-09-15,488.783,1.2040175668780737,1.087971455905015,-0.24829538,-2.268344649007607,3.3563161049126222,0.3234087625886918
2022-09-16,486.501,-1.074047556320302,1.0635625817009215,-0.22039528,-2.30885356503412,3.3724161467350413,0.3253005818968443
2022-09-17,487.613,0.0421588081787343,1.039942697983292,-0.2042424,-2.348602984343272,3.388545682326564,0.32709616484333
2022-09-18,490.475,2.908635772146648,1.0171524819830389,-0.43503487,-2.3875590613777,3.40471154336074,0.3287959191195172
2022-09-19,491.227,3.665382447354889,0.9952311356099012,-0.58151835,-2.4256882651819125,3.4209194007918136,0.3304002908308829
2022-09-20,491.918,4.361397945574788,0.9742163420246822,-0.6621979,-2.4629574095693183,3.4371737515940004,0.331909763476865
2022-09-21,484.163,-3.3883186214221768,0.9541442240703002,-0.6923834,-2.49933368308208,3.45347790715238,0.3333248569018314
2022-09-22,486.508,-1.0375421023971558,0.9350493046045526,-0.6628401,-2.53478467871565,3.4698339833202025,0.3346461262183171
2022-09-23,491.324,3.784504780177664,0.916964468775243,-0.60169196,-2.569278423380131,3.4862428921553743,0.3358741607036812
2022-09-24,483.3200000000001,-4.213178828307335,0.8999209282761833,-0.53527355,-2.602783407070804,3.502704335346987,0.3370095826714032
2022-09-25,487.514,-0.0121084236879376,0.8839481876201957,-0.47593874,-2.635268611720452,3.519216799340647,0.3380530463182381
2022-09-26,495.532,8.013233076116396,0.8690740124630432,-0.42984325,-2.6667035397063987,3.535777552169442,0.3390052365485033
2022-09-27,490.972,3.460844889113833,0.855324400009766,-0.38672376,-2.697058241985506,3.552382641995272,0.3398668677767825
2022-09-28,486.8370000000001,-0.6662737666877088,0.8427235515325953,-0.34175315,-2.7263033458307158,3.569026897363311,0.3406386827103706
2022-09-29,490.764,3.268876326719923,0.8312938470272064,-0.3175616,-2.7544100821430995,3.5857039291703057,0.3413214511127995
2022-09-30,491.426,3.939294387345002,0.8210558220316174,-0.28802702,-2.781350312313782,3.6024061343453995,0.3419159685498198
2022-10-01,492.699,5.220979633195487,0.8120281466295901,-0.272566,-2.807096554610516,3.619124701240106,0.3424230551192274
2022-10-02,489.891,2.421750735678799,0.80422760665797,-0.24492928,-2.831622010064144,3.635849616722114,0.3428435541659527
2022-10-03,489.641,2.1807924468788737,0.7976690871348404,-0.2182661,-2.8549005878306466,3.652569674965487,0.3431783309838479
2022-10-04,491.385,3.934103957324588,0.792365557922926,-0.19278775,-2.8769069300049823,3.669272487927908,0.3434282715056235
2022-10-05,493.395,5.953684457544885,0.7883280616401273,-0.16338198,-2.897616435863435,3.685944497503562,0.3435942809824131
2022-10-06,491.379,3.947228325895152,0.7855657038265691,-0.121712,-2.917005285511711,3.70257098933828,0.3436772826544471
2022-10-07,488.997,1.5749959314849915,0.7840856453749998,-0.08728737,-2.9350504629166148,3.719136108291615,0.3436782164143425
2022-10-08,488.636,1.2238320580810869,0.7838930972288857,-0.06316171,-2.9517297782997174,3.735622875528603,0.3435980374645241
2022-10-09,489.702,2.299921352746225,0.7849913173499388,-0.038874,-2.9670218898719845,3.752013207221923,0.3434377149703005
2022-10-10,491.235,3.84326292725195,0.7873816099543827,-0.01728782,-2.9809063248890246,3.768287934843407,0.3431982307101379
2022-10-11,495.384,8.002855893369729,0.7910633270146641,0.007162376,-2.99336350000722,3.784426827021884,0.3428805777246649
2022-10-12,492.33,4.959699362870785,0.7960338720208399,0.021874523,-3.0043747409216506,3.8004086129424905,0.3424857589659736
2022-10-13,489.237,1.8777924475266252,0.8022887059933397,0.029017283,-3.013922301267448,3.816211007260788,0.3420147859487584
2022-10-14,495.61,8.262134259108716,0.8098213557363707,0.059808098,-3.021989380766866,3.831810736503237,0.3414686774048621
2022-10-15,497.613,10.27672390938834,0.8186234243186665,0.07940259,-3.0285601426050937,3.84718356692376,0.3408484579427772
2022-10-16,496.135,8.810560510136968,0.8286846037659196,0.08272466,-3.0336197300185592,3.862304333784479,0.3401551567136755
2022-10-17,494.45,7.137643173126016,0.8399926899467499,0.09663418,-3.0371542820802,3.87714697202695,0.3393898060855083
2022-10-18,493.677,6.376971010126862,0.8525335996316638,0.12852181,-3.0391509486669657,3.891684548298629,0.3385534403267402
2022-10-19,490.527,3.239543132910931,0.8662913897020943,0.15796858,-3.0395979045955617,3.905889294297656,0.3376470943012603
2022-10-20,493.867,6.592358653249706,0.8812482784842613,0.19077806,-3.0384843629132328,3.919732641397494,0.3366718021760078
2022-10-21,493.382,6.1204166829144855,0.8973846691802202,0.20715961,-3.0358005873311824,3.9331852565114023,0.3356285961428478
2022-10-22,497.65,10.401716333676708,0.9146791753662956,0.12636375,-3.031537903789043,3.9462170791553386,0.3345185051562112
2022-10-23,495.382,8.14690898606618,0.9331086485267172,0.10923771,-3.025688711139609,3.958797359666327,0.3333425536880091
2022-10-24,489.4740000000001,2.252338052450329,0.9526482075881756,0.06374291,-3.0182464909438678,3.9708946985320432,0.3321017605013137
2022-10-25,491.441,4.233002592654342,0.9732712704188,0.050449297,-3.0092058163672344,3.982477086786034,0.3307971374442778
2022-10-26,491.411,4.216705889199606,0.9949495872529468,0.026630213,-2.998562360168689,3.993511947421636,0.3294296882657575
2022-10-27,491.426,4.245648187428134,1.0176532760011197,0.012642402,-2.9863129017754058,4.003966177776525,0.3280004074540711
2022-10-28,495.283,8.116204689750585,1.041350859402342,0.013672119,-2.972455333436286,4.013806192838628,0.3265102791003125
2022-10-29,489.238,2.084981301974812,1.0660093039742664,0.0153498845,-2.956988665448697,4.022997969422963,0.3249602757876171
2022-10-30,492.362,5.2226546522349295,1.0915940607144672,-0.008001422,-2.939913030453565,4.031507091168032,0.3233513575077409
2022-10-31,493.296,6.170512582580048,1.118069107504431,-0.015275139,-2.921229686794824,4.039298794299254,0.3216844706063052
2022-11-01,496.429,9.317597459039517,1.1453969931659955,-0.22146782,-2.900941020940153,4.046338014106149,0.3199605467580154
2022-11-02,495.985,8.887897389700704,1.173538883118223,-0.3125749,-2.8790505489607168,4.05258943207894,0.3181805019731419
2022-11-03,496.1,9.01703712125392,1.2024546065809991,-0.33687708,-2.855562917068581,4.05801752364958,0.3163452356365133
2022-11-04,491.602,4.533390273779413,1.2321027052700506,-0.4295029,-2.830483901211293,4.062586606481344,0.3144556295802479
2022-11-05,485.547,-1.507044329254259,1.2624404835264924,-0.7190963,-2.803820405724014,4.066260889250506,0.3125125471914072
2022-11-06,490.028,2.989117342774599,1.293424059822517,-0.7889862,-2.775580461040462,4.069004520862979,0.3105168325557207
2022-11-07,492.815,5.791499373767058,1.3250084195834566,-1.1804179,-2.745773220464771,4.070781640048228,0.3084693096384985
2022-11-08,495.06,8.052100644235797,1.3571474692650138,-1.6444323,-2.714408956007257,4.071556425272271,0.3063707815038032
2022-11-09,507.03,20.037640541430587,1.3897940916232705,-1.7619164,-2.6814990532879395,4.07129314491121,0.3042220295729174
2022-11-10,490.289,3.312398855151546,1.4229002021137538,-1.7568413,-2.647056005512507,4.0699562076262605,0.302023812923097
2022-11-11,488.221,1.2599956951682056,1.4564168063548175,-1.7373925,-2.611093406526268,4.067510212881086,0.2997768676275626
2022-11-12,488.953,2.0077286577148223,1.4902940585894249,-1.7639974,-2.57362594295251,4.063920001541935,0.2974819061376311
2022-11-13,487.408,0.4785237504617496,1.5244813210784876,-1.732802,-2.5346693854224323,4.05915070650092,0.2951396167078485
2022-11-14,486.44,-0.4739977730301099,1.5589272243579806,-1.7065376,-2.494240578904757,4.053167803262737,0.2927506628649411
2022-11-15,484.083,-2.8153310850620192,1.593579728291216,-1.6624746,-2.4523574321438506,4.0459371604350665,0.2903156829213376
2022-11-16,482.813,-4.069471210891467,1.6283861838468725,-1.6128901,-2.409038906216035,4.037425090062907,0.2878352895339935
2022-11-17,483.918,-2.947905742473618,1.6632933955327498,-1.5775958,-2.3643050022145564,4.027598397747306,0.285310069309176
2022-11-18,487.624,0.7751374036696159,1.698247684414539,-1.5375624,-2.318176748074473,4.016424432489012,0.2827405824538185
2022-11-19,488.84,2.0078495443871702,1.7331949516484348,-1.5004574,-2.2706761845494547,4.00387113619789,0.2801273624740182
2022-11-20,484.189,-2.626264449123678,1.7680807424559306,-1.4710388,-2.221826350353321,3.989907092809253,0.277470915921182
2022-11-21,488.189,1.390794136594267,1.802850310468819,-1.4374669,-2.1716512664797967,3.974501576948616,0.2747717221862703
2022-11-22,485.659,-1.122482608625412,1.8374486823720468,-1.4223113,-2.1201759197147845,3.957624602086831,0.2720302333425479
2022-11-23,488.531,1.7664058963017295,1.8718207227719843,-1.395406,-2.067426245356097,3.9392469681280815,0.2692468740371864
2022-11-24,483.35,-3.3975990744484017,1.9059111992174576,-1.3904551,-2.0134291091563346,3.919340308373792,0.2664220414320001
2022-11-25,485.006,-1.724433278903046,1.939664847300872,-1.3882076,-1.958212288505263,3.897877135806135,0.2635561051935547
2022-11-26,488.157,1.443901909544809,1.97302643576683,-1.4081173,-1.9018044528687124,3.8748308886355423,0.2606494075328255
2022-11-27,489.159,2.463128895150737,2.005940831555694,-1.4154271,-1.8442351435016608,3.850175975057355,0.2577022632945125
2022-11-28,494.084,7.40538336110743,2.038353064709816,-1.4352075,-1.7855347524538157,3.823887817163632,0.2547149600960828
2022-11-29,496.307,9.645761388220018,2.0702083930703874,-1.423669,-1.725734500886588,3.7959428939569753,0.2516877585165302
2022-11-30,492.132,5.488196467341943,2.1014523666932257,-1.4918499,-1.664866416720979,3.7663187834142047,0.2486208923348045
2022-12-01,496.513,9.886490072693482,2.1320308919122675,-2.0576873,-1.602963311636443,3.734994203548711,0.2455145688177789
2022-12-02,493.175,6.565808902474482,2.1618902949800463,-2.0676093,-1.5400587574413476,3.701949052421394,0.2423689690575877
2022-12-03,490.329,3.737166586647784,2.190977385214996,-2.125523,-1.4761870618362147,3.6671644470512095,0.2391842483580941
2022-12-04,487.327,0.7519867631546489,2.219239517586132,-2.4683976,-1.4113832435913776,3.6306227611775097,0.2359605366701887
2022-12-05,494.565,8.006908191978216,2.2466246546663844,-2.700414,-1.3456830071612174,3.592307661827601,0.2326979390755668
2022-12-06,491.809,5.267831606151311,2.27308142788666,-2.7270231,-1.279122716757615,3.552204144644275,0.2293965363185596
2022-12-07,489.079,2.554785138751198,2.2985591980236406,-2.7231343,-1.2117393699056458,3.5102985679292864,0.226056385385555
2022-12-08,487.55,1.0427980708572937,2.3230081148552406,-2.8448584,-1.1435705705050374,3.466578685360278,0.2226775201314626
2022-12-09,490.9740000000001,4.483764709523704,2.346379175918733,-2.9719813,-1.0746545014212292,3.4210336773399623,0.2192599519526329
2022-12-10,488.338,1.8645439004541933,2.3686242843076037,-3.6815383,-1.0050298966303075,3.373654180937911,0.2158036705055784
2022-12-11,496.309,9.852134411689605,2.389696305444424,-4.0058274,-0.9347360129424064,3.3244323183868305,0.2123086444707851
2022-12-12,494.788,8.34722934479528,2.409549122768233,-4.0817714,-0.8638126013284982,3.2733617240967314,0.2087748223608416
2022-12-13,493.13,6.7053677852958415,2.428137692276217,-4.0836163,-0.7922998778757802,3.220437570151997,0.2052021333720666
2022-12-14,485.204,-1.204414765785165,2.445418095860908,-4.0791273,-0.7202384943971857,3.1656565902580933,0.2015904882787472
2022-12-15,484.018,-2.373693837806848,2.4613475933854825,-4.0628095,-0.6476695087207324,3.1090171021062147,0.1979397803690476
2022-12-16,483.349,-3.02556263833996,2.4758846734412754,-4.0164766,-0.5746343546847015,3.0505190281259766,0.1942498864215991
2022-12-17,485.933,-0.424037282486386,2.4889891027331648,-3.9704704,-0.5011748118648185,2.990163914597983,0.1905206677217225
2022-12-18,486.67,0.3306190248509497,2.500621974040093,-3.9249794,-0.4273329750597648,2.927954949099858,0.1867519711161735
2022-12-19,489.287,2.9653644297757484,2.510745752699669,-3.8788488,-0.3531512235615431,2.863896976261212,0.182943630105269
2022-12-20,483.35,-2.9538440370439,2.519324321567477,-3.8714972,-0.2786721902372975,2.797996511804775,0.1790954659711778
2022-12-21,481.364,-4.921688153873443,2.526323024403536,-3.875696,-0.2039387304493059,2.730261754852842,0.1752072889411232
2022-12-22,484.415,-1.8524571182795144,2.531708707640117,-3.8483386,-0.1289938908399593,2.6607025984800763,0.1712788993841938
2022-12-23,488.503,2.2536089160652675,2.535449760487051,-3.9010692,-0.0538808780085263,2.589330638495577,0.1673100890404047
2022-12-24,486.19,-0.0412856400323469,2.53751615333251,-3.9236875,0.0213569728933877,2.5161591804391223,0.1633006422806094
2022-12-25,477.926,-8.287061058598173,2.5378794743992263,-3.9146452,0.0966762296208748,2.441203244778352,0.1592503373958195
2022-12-26,483.819,-2.3756849800162603,2.536512964618134,-3.943264,0.1720333943223847,2.364479570295749,0.1551589479144346
2022-12-27,491.576,5.400155347065933,2.53339155068336,-5.039819,0.2473849350272761,2.286006615656084,0.1510262439458563
2022-12-28,495.464,9.307066768611149,2.528491876254699,-5.0924397,0.3226873171075181,2.2058045591471807,0.1468519935489068
2022-12-29,488.589,2.4510476576364377,2.5217923312756136,-5.2658706,0.3978970346869879,2.1238952965886257,0.1426359641234411
2022-12-30,489.744,3.624816620447076,2.5132730793771545,-6.287,0.4729706419718792,2.040302437405275,0.1383779238234954
2022-12-31,485.283,-0.8173404748661337,2.5029160833401582,-6.805866,0.5478647844759255,1.9550512988642328,0.1340776429902909
2023-01-01,485.378,-0.7034158033923896,2.490705128590379,-6.8666325,0.6225362301142793,1.8681688984761,0.1297348956033608
2023-01-02,484.613,-1.448910430213303,2.4766258447033893,-6.8748593,0.6969419001401499,1.7796839445632395,0.1253494607480499
2023-01-03,483.847,-2.195254015483269,2.460665724898304,-6.8875957,0.7710388998984612,1.689626824999843,0.1209211240975946
2023-01-04,489.252,3.229496120191731,2.4428141435016504,-7.1211805,0.844784549371084,1.5980295941305664,0.1164496794079726
2023-01-05,493.113,7.110269239216773,2.423062371364926,-7.9775996,0.9181364134884502,1.5049259578764764,0.1119349300236674
2023-01-06,499.93,13.947026778751027,2.401403589221758,-7.9619427,0.9910523321826592,1.4103512570390986,0.1073766903924888
2023-01-07,501.00999999999993,15.046708947164555,2.3778328989727298,-8.193807,1.0634904501574844,1.314342448815245,0.1027747875875499
2023-01-08,507.56500000000005,21.621460867966785,2.3523473328883826,-8.726432,1.1354092463510606,1.216938086537322,0.09812906283448
2023-01-09,509.028,23.104272130226388,2.324945860723077,-9.280588,1.206767563067341,1.118178297655736,0.0934393730419526
2023-01-10,513.4929999999999,27.588246746854075,2.295629394734805,-9.633446,1.2775246347528528,1.0181047599819524,0.0887055923335633
2023-01-11,517.617,31.73128659745593,2.264400792608278,-9.949758,1.347640116395635,0.9167606762126428,0.083927613579096
2023-01-12,481.521,-4.345724890785303,2.2312648582809387,-10.021681,1.4170741115236791,0.8141907467572593,0.0791053499231964
2023-01-13,471.147,-14.700665285598586,2.196228340673909,-10.276644,1.485787199780641,0.7104411408932678,0.0742387363094604
2023-01-14,482.254,-3.574536390961814,2.159299930332049,-10.793812,1.553740464057051,0.6055594662749983,0.069327730997936
2023-01-15,504.594,18.78465998914709,2.12049025397972,-10.83602,1.620895517155711,0.4995947368240094,0.0643723170740349
2023-01-16,502.914,17.123773668599124,2.079811867001038,-10.826131,1.68721452797048,0.3925973390305579,0.0593725039468391
2023-01-17,494.682,8.910601737853684,2.037279243855673,-10.653044,1.7526602471581785,0.2846189966974946,0.0543283288347895
2023-01-18,485.69,-0.0626449064336087,1.992908766443506,-10.593599,1.8171960322838152,0.1757127341596909,0.0492398582367446
2023-01-19,484.015,-1.718827871218401,1.9467187104336745,-10.591135,1.8807858724199784,0.0659328380136961,0.0441071893863984
2023-01-20,479.692,-6.022950813976745,1.8987292295757052,-10.390195,1.9433944121817,-0.0446651826059947,0.0389304516880492
2023-01-21,474.567,-11.129012073133858,1.8489623380126672,-10.215312,2.004986975178749,-0.1560246371660818,0.0337098081317224
2023-01-22,481.024,-4.652707108015845,1.7974418906183496,-10.046568,2.0655295868678816,-0.268087696249532,0.0284454566856561
2023-01-23,479.602,-6.055280412677995,1.7441935613826665,-9.875097,2.1249889967881628,-0.3807954354054963,0.0231376316641737
2023-01-24,474.497,-11.140810058337538,1.689244819871506,-9.718954,2.183332700163131,-0.4940878802916251,0.0177866050689756
2023-01-25,474.041,-11.577278187765913,1.6326249057893707,-9.566202,2.2405289588541675,-0.6079040530647968,0.0123926879019056
2023-01-26,474.778,-10.8204458262047,1.5743648016750824,-9.405422,2.2965468216501312,-0.7221820199750488,0.0069562314472606
2023-01-27,476.197,-9.381583085760848,1.5144972037629114,-9.270392,2.351356143878901,-0.8368589401159898,0.001477628521737
2023-01-28,479.085,-6.473691766135275,1.453056491043328,-9.131083,2.4049276063272225,-0.9518711152838945,-0.0040426853098737
2023-01-29,476.747,-8.791773667028703,1.3900786925595672,-9.037685,2.457232733455835,-1.067154040896268,-0.0096042305550972
2023-01-30,479.649,-5.869830588141856,1.325601452977964,-8.886304,2.508243910897639,-1.1826424579196748,-0.0152064826521339
2023-01-31,475.764,-9.734864329175617,1.2596639964719087,-8.754828,2.5579344022272674,-1.298270405755359,-0.0208488708679533
2023-02-01,480.692,-4.7868453917080735,1.1923070889609575,-8.633814,2.6062783649911845,-1.413971276030227,-0.0265307772379113
2023-02-02,479.975,-5.483785819447505,1.1235729987484082,-8.516269,2.6532508659881286,-1.5296778672397204,-0.0322515355486084
2023-02-03,476.032,-9.406709931524263,1.0535054556022707,-8.545845,2.69882789579041,-1.6453224401881392,-0.0380104303657039
2023-02-04,478.993,-6.425545979062477,0.9821496083261771,-8.476167,2.7429863824973166,-1.7608367741711397,-0.0438066961083349
2023-02-05,490.211,4.8127367157514405,0.909551980868342,-8.809365,2.785704204712612,-1.8761522238442705,-0.0496395161717665
2023-02-06,492.992,7.613738300774916,0.8357604270181724,-8.721372,2.826960203738795,-1.9911997767206224,-0.0555080220998497
2023-02-07,475.863,-9.49569007206635,0.7608240837415335,-8.635745,2.8667341949815723,-2.1059101112400387,-0.0614112928088142
2023-02-08,474.76,-10.579135464569683,0.6847933232071296,-8.5338335,2.905006978558713,-2.2202136553515834,-0.0673483538638888
2023-02-09,474.054,-11.265599746340897,0.6077197035576744,-8.432545,2.941760349108164,-2.3340406455504894,-0.0733181768101798
2023-02-10,481.471,-3.829084786985771,0.5296559184808899,-8.34305,2.976977104791077,-2.447321186310187,-0.0793196785591952
2023-02-11,481.262,-4.0185924561103,0.4506557456364567,-8.279645,3.010641055486128,-2.5599853098496705,-0.0853517208323501
2023-02-12,480.118,-5.143124623320183,0.3707739939962671,-8.176367,3.04273703017223,-2.6719630361759625,-0.0914131096627256
2023-02-13,478.829,-6.412683158221306,0.2900664501563001,-8.099177,3.0732508834974945,-2.7831844333411944,-0.0975025949563122
2023-02-14,486.256,1.0337300695804756,0.2085898236795246,-8.082385,3.102169501533022,-2.8935796778534977,-0.103618870113893
2023-02-15,476.593,-8.60999485091756,0.1264016915300682,-7.9971333,3.129480806710836,-3.003079115180768,-0.1097605717146789
2023-02-16,476.346,-8.837640721958536,0.0435604416598433,-7.9114943,3.15517376194602,-3.1116133202861764,-0.1159262792627354
2023-02-17,479.461,-5.703251302633509,-0.0398747841904815,-7.8067064,3.1792383739437904,-3.219113158134272,-0.1221145149971817
2023-02-18,478.275,-6.869899525774713,-0.1238441484134631,-7.69767,3.2016656956930447,-3.325509844106508,-0.1283237437670812
2023-02-19,472.19,-12.935587250462817,-0.2082871761165577,-7.6019764,3.222447828148538,-3.430735004265096,-0.1345523729718699
2023-02-20,473.902,-11.204316335778667,-0.2931428142995801,-7.51672,3.2415779211046503,-3.5347207354042305,-0.1407987525681133
2023-02-21,484.439,-0.6480886408030204,-0.378349491563579,-7.514639,3.259050173264324,-3.637399664827903,-0.1470611751432964
2023-02-22,487.697,2.629024822458784,-0.4638451782862887,-7.557236,3.2748598315074995,-3.738705009793789,-0.1533378760573053
2023-02-23,490.378,5.328727934191821,-0.5495674471990072,-7.629031,3.289003189364067,-3.8385706365630745,-0.1596270336521644
2023-02-24,491.023,5.992256531937668,-0.6354535342993942,-8.07665,3.301477584696968,-3.936931118996362,-0.165926769530538
2023-02-25,485.324,0.3115374514189102,-0.7214404000345267,-8.140405,3.312281396601849,-4.033721796636376,-0.1722351489034276
2023-02-26,476.779,-8.215271139155234,-0.8074647906883741,-8.303865,3.3214140415302413,-4.128878832218615,-0.1785501810074146
2023-02-27,487.611,2.634892249248013,-0.893463299907796,-8.688888,3.3288759686439398,-4.222339268551735,-0.18486981959174
2023-02-28,495.029,10.07090290125706,-0.9793724303011496,-9.087442,3.334668654408884,-4.314041084710033,-0.1911919634754169
2023-03-01,502.177,17.236376623668185,-1.0651286550437165,-9.125747,3.3387945964374626,-4.403923251481179,-0.1975144571745174
2023-03-02,492.011,7.087672121943804,-1.1506684794242084,-9.081498,3.341257306588793,-4.4919257860130015,-0.2038350915996736
2023-03-03,480.795,-4.111129089600164,-1.2359285022669793,-9.032719,3.3420613033371023,-4.577989805604082,-0.2101516048237854
2023-03-04,480.153,-4.735742533197569,-1.3208454771646807,-9.181089,3.341212103418985,-4.6620575805836655,-0.2164616829198174
2023-03-05,485.064,0.1925927396896998,-1.405356373456635,-9.435904,3.338716212770799,-4.744072586227434,-0.2227629608685171
2023-03-06,484.9210000000001,0.20750059899315,-1.489398436888482,-9.470458,3.334581116768138,-4.82397955365662,-0.2290530235357886
2023-03-07,484.778,0.2176583613456419,-1.5729092498892825,-9.49672,3.3288152697797457,-4.901724519669028,-0.2353294067193908
2023-03-08,484.6350000000001,0.2230959131714487,-1.655826791402708,-9.64462,3.321428084048872,-4.97725487545158,-0.2415895982645385
2023-03-09,484.492,0.223843140894957,-1.738089496209723,-9.801007,3.312429917915528,-5.050519414125251,-0.247831039247919
2023-03-10,484.3490000000001,0.2199299309403244,-1.81963631368072,-10.510869,3.3018320633936225,-5.121468377074342,-0.2540511252295437
2023-03-11,484.206,0.2113861697318231,-1.900406765895986,-10.553408,3.2896467331174413,-5.190053499013427,-0.2602472075717894
2023-03-12,484.0630000000001,0.1982417436938961,-1.980341005074098,-10.757067,3.2758870466724144,-5.256228051746512,-0.2664165948248943
2023-03-13,483.92,0.1805265392505872,-2.0593798702488253,-11.052033,3.2605670163255307,-5.319946886574356,-0.2725565541781047
2023-03-14,483.777,0.1582704428263406,-2.137464943136037,-11.900804,3.2437015321712552,-5.3811664753072925,-0.2786643129755837
2023-03-15,483.634,0.1315033408454271,-2.2145386031331613,-11.894092,3.225306346709158,-5.439844949842319,-0.2847370602961173
2023-03-16,483.491,0.1002551197321202,-2.2905440813948226,-11.738189,3.205398058869904,-5.495942140264726,-0.2907719485955854
2023-03-17,483.348,0.0645243677879592,-2.3654255139294307,-11.559036,3.183994097506627,-5.549419611436058,-0.2967660954110738
2023-03-18,483.205,0.0241120731072184,-2.43912799366269,-11.363134,3.161112704369061,-5.600240698031751,-0.3027165851254412
2023-03-19,483.062,-0.0207033096379256,-2.5115976214152917,-11.565502,3.1367729165781557,-5.648370537993447,-0.3086204707910759
2023-03-20,482.919,-0.0699458633082608,-2.5827815557433054,-11.52774,3.110994548619237,-5.693776104362542,-0.3144747760115015
2023-03-21,482.776,-0.1236380014866069,-2.652628061591231,-11.528986,3.083798173872056,-5.736426235463288,-0.3202764968794236
2023-03-22,482.633,-0.1817976545700346,-2.7210865577090217,-11.527797,3.055205105696376,-5.776291663405398,-0.3260226039697323
2023-03-23,482.49,-0.2442120281566295,-2.7881076627859134,-11.458395,3.025237378092012,-5.813345040877925,-0.3317100443859115
2023-03-24,482.347,-0.3112620352912234,-2.853643240255362,-11.351838,2.993917725952476,-5.847560966207839,-0.3373357438582308
2023-03-25,482.204,-0.382501298674103,-2.917646441727019,-11.195832,2.9612695649316247,-5.878916006658644,-0.342896608892033
2023-03-26,482.061,-0.4578926017433731,-2.9800717490032067,-11.0123415,2.927316970942885,-5.907388719946091,-0.3483895289643618
2023-03-27,481.918,-0.5374763545409713,-3.0408750146390813,-10.830212,2.89208465931086,-5.932959673949941,-0.3538113787671113
2023-03-28,481.775,-0.6214450801567393,-3.1000135010073078,-11.314037,2.855597963595253,-5.95561146460256,-0.3591590204948119
2023-03-29,481.632,-0.709537800656658,-3.157445917829821,-11.405766,2.8178828141072274,-5.975328731937049,-0.3644293061751144
2023-03-30,481.489,-0.8020077857741352,-3.213132458141025,-11.27753,2.7789657161383987,-5.992098174279424,-0.3696190800399633
2023-03-31,481.346,-0.898480917702219,-3.267034832648573,-11.145932,2.738873727922829,-6.005908560571402,-0.3747251809354014
2023-04-01,481.203,-0.9989700978956206,-3.319116302459671,-11.0778675,2.69763443835242,-6.016750740812091,-0.3797444447678877
2023-04-02,481.06,-1.1033794356424085,-3.369341710142808,-10.984021,2.6552759444662146,-6.024617654609022,-0.384673706984958
2023-04-03,480.917,-1.211679347947233,-3.417677509096582,-10.90091,2.6118268287341384,-6.029504337830721,-0.3895098050880056
2023-04-04,480.774,-1.3238402518148016,-3.464091791199301,-10.770347,2.5673161361557564,-6.031407927355057,-0.3942495811749087
2023-04-05,480.631,-1.4398325642496514,-3.5085543127149506,-10.630665,2.521773351194609,-6.03032766390956,-0.3988898845101852
2023-04-06,480.488,-1.5596267022564327,-3.5510365184330674,-10.532307,2.475228374568714,-6.026264893001781,-0.4034275741203084
2023-04-07,480.345,-1.6831930828398538,-3.59151156402208,-10.698108,2.4277114999177534,-6.019223063939833,-0.407859521411774
2023-04-08,480.202,-1.810502123004565,-3.629954336577624,-10.566866,2.3792533903674458,-6.009207726945069,-0.4121826128094711
2023-04-09,480.059,-1.9415242397551036,-3.6663414733494015,-10.439557,2.329885055011511,-5.996226528360913,-0.4163937524128676
2023-04-10,479.916,-2.076229850096232,-3.7006513786321698,-10.330018,2.279637825331565,-5.980289203963736,-0.4204898646674849
2023-04-11,479.773,-2.21458937103249,-3.732864238808432,-10.278637,2.228543331575178,-5.96140757038361,-0.4244678970491066
2023-04-12,479.63,-2.3565470178081207,-3.762962035532555,-10.146972,2.176633479112166,-5.939595514644722,-0.4283248227581319
2023-04-13,479.487,-2.50209869718382,-3.790928557047968,-10.005816,2.1239404247891187,-5.914868981837087,-0.4320576434214564
2023-04-14,479.344,-2.6511019836178638,-3.816749407631233,-9.854376,2.0704965533019166,-5.88724596093315,-0.4356633917992392
2023-04-15,479.201,-2.803637062632847,-3.840412015158814,-9.715737,2.016334453605889,-5.856746468764703,-0.4391391344938906
2023-04-16,479.058,-2.9596743306434377,-3.861905636794391,-9.59684,1.9614868953830085,-5.823392532177399,-0.4424819746585952
2023-04-17,478.915,-3.119184184064188,-3.8812213627966714,-9.52573,1.9059868055853568,-5.787208168382027,-0.4456890547026655
2023-04-18,478.772,-3.2821370193097663,-3.898352118449658,-9.530804,1.8498672450738225,-5.74821936352348,-0.4487575589910128
2023-04-19,478.629,-3.4485032327947813,-3.913292664119382,-9.448836,1.7931613853707795,-5.706454049490161,-0.4516847165350011
2023-04-20,478.486,-3.61825322093373,-3.9260395934431127,-9.338459,1.7359024855451997,-5.661942078988313,-0.4544678036719496
2023-04-21,478.343,-3.7911463899117535,-3.936591329659134,-9.22722,1.6781238692484295,-5.614715198907564,-0.4571041467305358
2023-04-22,478.2,-3.967299114970922,-3.944948120087093,-9.087702,1.6198589019184857,-5.564807022005579,-0.4595911246793559
2023-04-23,478.057,-4.146739428438337,-3.951112028770969,-8.983906,1.5611409681705148,-5.512252996941484,-0.4619261717558891
2023-04-24,477.914,-4.32943768670565,-3.95508692729865,-8.868356,1.5020034493906462,-5.457090376689296,-0.4641067800731241
2023-04-25,477.771,-4.515364246164224,-3.956878483814055,-8.7247505,1.4424797015502075,-5.399358185364262,-0.4661305022011082
2023-04-26,477.628,-4.704489463205539,-3.956494150239646,-8.605172,1.3826030332568726,-5.339097183496518,-0.4679949537206841
2023-04-27,477.485,-4.896783694221074,-3.953943147729092,-8.48368,1.3224066840589752,-5.276349831788068,-0.4696978157467005
2023-04-28,477.342,-5.092217295602305,-3.949236450371685,-8.341104,1.2619238030188265,-5.211160253390512,-0.4712368374179848
2023-04-29,477.199,-5.290760623740712,-3.9423867671719575,-8.188765,1.201187427570523,-5.143574194742481,-0.472609838351393
2023-04-30,477.056,-5.492384035027718,-3.933408522329782,-8.066465,1.14023046267727,-5.073638985007053,-0.4738147110572699
2023-05-01,476.913,-5.697057885854799,-3.922317833847952,-7.9799924,1.0790856603029204,-5.001403494150873,-0.4748494233136741
2023-05-02,476.77,-5.904752532613493,-3.909132490496013,-8.055425,1.017785599211912,-4.926918089707925,-0.4757120204967481
2023-05-03,476.627,-6.11543833169522,-3.893871927160851,-7.984861,0.9563626651114436,-4.850234592272295,-0.4764006278646489
2023-05-04,476.484,-6.329085639491459,-3.876557198616108,-7.944441,0.894849031149217,-4.771406229765325,-0.4769134527924754
2023-05-05,476.341,-6.5456648123937455,-3.857210951744221,-7.968782,0.8332766387796808,-4.690487590523901,-0.4772487869556767
2023-05-06,476.198,-6.765146206793331,-3.835857396246399,-8.104184,0.771677179011202,-4.607534575257601,-0.4774050084594546
2023-05-07,476.055,-6.9874356633862265,-3.81252227387738,-8.03084,0.7100820740461705,-4.522604347923551,-0.4773805839117146
2023-05-08,475.912,-7.212569836460973,-3.787232826243386,-8.077745,0.6485224593255129,-4.435755285568899,-0.4771740704371686
2023-05-09,475.769,-7.440519072589871,-3.7600177612029895,-7.9574366,0.5870291659886793,-4.347046927191669,-0.4767841176302299
2023-05-10,475.626,-7.671253718344992,-3.730907217912156,-7.8172765,0.5256327037596069,-4.256539921671763,-0.4762094694444023
2023-05-11,475.483,-7.904744120298638,-3.699932730555965,-7.704619,0.46436324426872,-4.164295974824685,-0.4754489660159022
2023-05-12,475.34,-8.14096062502288,-3.667127190810857,-7.5844836,0.4032506048205078,-4.070377795631365,-0.474501545419319
2023-05-13,475.197,-8.379873579089903,-3.6325248090824567,-7.4651136,0.3423242326157057,-3.9748490416981626,-0.4733662453531679
2023-05-14,475.054,-8.621453329071898,-3.596161074565269,-7.329499,0.2816131894366239,-3.877774264001893,-0.4720422047532527
2023-05-15,474.911,-8.865670221541103,-3.558072714171613,-7.193914,0.2211461368036251,-3.779218850975238,-0.4705286653318172
2023-05-16,474.768,-9.112494603069708,-3.5182976503782726,-7.039062,0.160951321610251,-3.679248971988524,-0.4688249730405272
2023-05-17,474.625,-9.36189682022967,-3.476874958040377,-6.888322,0.1010565622439877,-3.5779315202843645,-0.466930579455393
2023-05-18,474.189,-9.79101957593796,-3.43384482022292,-6.757576,0.0414892351991069,-3.4753340554220267,-0.4648450430818068
2023-05-19,474.645,-9.328328354543272,-3.3892484831013228,-6.6292095,-0.0177237378124666,-3.371524745288856,-0.4625680305779495
2023-05-20,475.109,-8.85782542145675,-3.343128209983206,-6.4963503,-0.076555902246862,-3.266572307736344,-0.4600993178948896
2023-05-21,477.682,-6.278513042089637,-3.29552723450438,-6.3654428,-0.1349812826056473,-3.160545951898732,-0.4574387913317642
2023-05-22,480.17,-3.784393481853306,-3.246489713052731,-6.2607017,-0.1929743938005588,-3.053515319252172,-0.4545864485045278
2023-05-23,477.14,-6.8084690061588224,-3.1960606764744077,-6.1681056,-0.2505102520017066,-2.9455504244727004,-0.4515423992268201
2023-05-24,476.581,-7.361720454138467,-3.1442859811172226,-6.0777726,-0.3075643849659721,-2.8367215961512504,-0.4483068663015859
2023-05-25,473.225,-10.712172109368604,-3.091212259266821,-5.9776692,-0.3641128418428017,-2.7270994174240197,-0.4448801862221736
2023-05-26,479.665,-4.266826233999603,-3.0368868690315454,-5.890637,-0.4201322024551129,-2.6167546665764325,-0.4412628097817132
2023-05-27,478.137,-5.789685090181467,-2.9813578437324013,-5.807229,-0.4755995860535942,-2.5057582576788078,-0.437455302589665
2023-05-28,476.117,-7.804750940064359,-2.9246738408548247,-5.746066,-0.530492659543125,-2.3941811813116995,-0.43345834549452
2023-05-29,482.75,-1.1670260457985142,-2.8668840906192976,-5.6431613,-0.5847896451806223,-2.282094445438675,-0.4292727349117194
2023-05-30,473.621,-10.291339067182768,-2.8080383442279677,-5.557537,-0.6384693277440718,-2.169569016483895,-0.4248993830559585
2023-05-31,478.4,-5.507861151263471,-2.748186821844712,-5.4675593,-0.6915110611730455,-2.0566757606716664,-0.4203393180771196
2023-06-01,476.892,-7.01159453448241,-2.6873801603660654,-5.384356,-0.7438947746814767,-1.9434853856845888,-0.4155936840991848
2023-06-02,485.315,1.415885766029307,-2.6256693610405075,-5.306976,-0.7956009783439665,-1.830068382696541,-0.4106637411615721
2023-06-03,480.721,-3.1742887264305724,-2.563105736993556,-5.2298665,-0.8466107681573916,-1.7164949688361646,-0.4055508650624224
2023-06-04,483.882,-0.0092539430209016,-2.4997408607160065,-5.1503186,-0.8969058305800376,-1.602835030135969,-0.400256547103479
2023-06-05,479.951,-3.936828290913232,-2.435626511572492,-5.0689936,-0.9464684465509936,-1.4891580650214984,-0.3947823937362851
2023-06-06,480.388,-3.495939127648305,-2.370814623387312,-5.009536,-0.9952814949929524,-1.3755331283943597,-0.3891301261095263
2023-06-07,482.085,-1.7949836909319776,-2.305357232164171,-4.964096,-1.043328455802098,-1.2620287763620728,-0.3833015795174509
2023-06-08,482.334,-1.5421891161485428,-2.239306423996129,-4.9021177,-1.0905934123291252,-1.1487130116670037,-0.3772987027493842
2023-06-09,481.141,-2.7312227911206484,-2.1727142832216604,-4.8615046,-1.1370610533559538,-1.0356532298657066,-0.3711235573404706
2023-06-10,480.009,-3.858613645701898,-2.1056328408821834,-4.812065,-1.182716674573078,-0.9229161663091054,-0.3647783167238659
2023-06-11,481.105,-2.758163886675651,-2.0381140235359787,-4.7703896,-1.2275461795629488,-0.81056784397303,-0.3582652652847016
2023-06-12,483.325,-0.5338312117178509,-1.9702096024827271,-4.7360764,-1.2715360802951905,-0.6986735221875366,-0.3515867973162497
2023-06-13,479.356,-4.498062761621539,-1.9019711434522983,-4.6690655,-1.3146734971398488,-0.5872976463124497,-0.3447454158788148
2023-06-14,482.874,-0.9753303855167323,-1.8334499568106992,-4.5935216,-1.3569461584052849,-0.4765037984054145,-0.3377437315619707
2023-06-15,486.803,2.9582751093280946,-1.764697048335297,-4.5048337,-1.398342399407678,-0.366354648927619,-0.3305844611508748
2023-06-16,483.638,-0.2025208545728366,-1.6957630706106437,-4.436842,-1.4388511610795227,-0.256911909531121,-0.3232704261974784
2023-06-17,482.246,-1.5899516267521578,-1.626698275095323,-4.365372,-1.478461988124817,-0.1482362869705058,-0.3158045514975578
2023-06-18,490.243,6.411531926672765,-1.5575524649093269,-4.3254833,-1.5171650267290129,-0.0403874381803142,-0.3081898634745851
2023-06-19,481.853,-1.974332327911994,-1.4883749483904585,-4.3241844,-1.5549510218321556,0.0665760734416973,-0.3004294884715595
2023-06-20,482.381,-1.442285526744709,-1.419214493467252,-4.2821836,-1.5918113139739387,0.1725968205066865,-0.2925266509520091
2023-06-21,482.772,-1.0473976081424168,-1.3501192828948074,-4.221223,-1.6277378357197103,0.2776185528249031,-0.2844846716114815
2023-06-22,477.629,-6.186732190878103,-1.281136870398783,-4.1520915,-1.6627231076768136,0.3815862372780305,-0.2763069654009201
2023-06-23,486.326,2.5137091093354007,-1.2123141377716304,-4.1025367,-1.69676023411089,0.4844460963392596,-0.2679970394634316
2023-06-24,481.188,-2.6211012814484222,-1.1436972529639546,-4.0688243,-1.7298428981720673,0.5861456452081126,-0.2595584909860346
2023-06-25,479.355,-4.451113767861206,-1.0753316292125246,-4.0173855,-1.7619653567412226,0.686633727528698,-0.2509950049680695
2023-06-26,479.481,-4.32189548783422,-1.0072618852452797,-3.9640799,-1.7931224349067645,0.7858605496614848,-0.242310351908048
2023-06-27,483.781,-0.0181315121662903,-0.939531806602198,-3.9040658,-1.823309520082588,0.8837777134803899,-0.2335083854107962
2023-06-28,481.6230000000001,-2.172694890028641,-0.8721843081095918,-3.8460064,-1.852522555778148,0.980338247668556,-0.2245930397168423
2023-06-29,486.522,2.729722152432357,-0.8052613975439142,-3.7727778,-1.8807580350317077,1.0754966374877932,-0.2155683271560851
2023-06-30,484.5,0.7109387466655576,-0.7388041405197288,-3.7044744,-1.9080129935181325,1.1692088529984035,-0.2064383355278476
2023-07-01,482.375,-1.4110934753578943,-0.6728526266349757,-3.6462665,-1.9342850023426736,1.2614323757076982,-0.1972072254095246
2023-07-02,481.801,-1.982247255518209,-0.607445936905144,-3.5791798,-1.9595721605324496,1.3521262236273055,-0.1878792273960912
2023-07-03,481.079,-2.701074737856384,-0.5426221125164342,-3.510847,-1.9838730872374173,1.4412509747209832,-0.1784586392728279
2023-07-04,487.828,4.052038997156438,-0.4784181249262974,-3.4442773,-2.0071869136528213,1.528768788726524,-0.1689498231236894
2023-07-05,483.841,0.0684038182951504,-0.4148698473382989,-3.3885872,-2.0295132746752085,1.6146434273369097,-0.1593572023778177
2023-07-06,481.325,-2.4436857402934966,-0.3520120275764352,-3.339698,-2.050852300304221,1.6988402727277858,-0.149685258796767
2023-07-07,480.777,-2.9878933551368023,-0.2898782623824732,-3.284777,-2.0712046068024774,1.7813263444200045,-0.1399385294050823
2023-07-08,487.8970000000001,4.136288746095939,-0.2285009731582111,-3.2285032,-2.090571287625953,1.8620703144677424,-0.1301216033669278
2023-07-09,490.277,6.520364283666238,-0.1679113831727418,-3.187579,-2.108953904137326,1.9410425209645843,-0.1202391188115392
2023-07-10,484.848,1.0953321642785587,-0.1081394962532545,-3.1381967,-2.1263544761148188,2.0182149798615643,-0.1102957596103191
2023-07-11,481.271,-2.478038036436818,-0.0492140769759905,-3.095625,-2.142775472069141,2.0935613950931504,-0.1002962521084567
2023-07-12,481.726,-2.0186146198045694,0.0088373676276241,-3.0422432,-2.1582197993811194,2.1670571670087435,-0.0902453618140164
2023-07-13,480.536,-3.204228980880383,0.0659886048364955,-2.994213,-2.1726907942726705,2.238679399109166,-0.0801478900474736
2023-07-14,480.789,-2.946731579418338,0.1222146914655844,-2.9372633,-2.1861922116237427,2.308406903089327,-0.0700086705547397
2023-07-15,480.201,-3.5299184435804287,0.177491987542195,-2.885643,-2.198728214647876,2.376220202190071,-0.0598325660867592
2023-07-16,481.435,-2.290861199904873,0.2317981684249112,-2.847856,-2.210303364438972,2.4421015328638838,-0.0496244649487965
2023-07-17,488.201,4.480294534686646,0.2851122353591202,-2.822622,-2.2209226094018764,2.506034844760997,-0.0393892775225827
2023-07-18,492.283,8.567302337639946,0.3374145244647751,-2.7911446,-2.2305912745792864,2.568005799044061,-0.0291319327645163
2023-07-19,483.474,-0.2367590521685184,0.3886867141538848,-2.752715,-2.239315050887468,2.6280017650413527,-0.0188573746831535
2023-07-20,482.473,-1.2331828196919536,0.4389118309769557,-2.7120435,-2.2470999842731865,2.686011815250142,-0.0085705587992436
2023-07-21,480.182,-3.519647888817331,0.488074253899418,-2.6764877,-2.2539524648041542,2.7420267187035723,0.0017235514083953
2023-07-22,483.266,-0.4311505094792386,0.5361597170108072,-2.6245546,-2.2598792157052365,2.796038932716044,0.0120199880678599
2023-07-23,481.344,-2.348701053127608,0.5831553106712427,-2.5835712,-2.264887282352513,2.8480425930237554,0.0223137824866673
2023-07-24,480.597,-3.090961087461224,0.6290494811014883,-2.5496566,-2.2689840212371943,2.8980335023386825,0.0325999687284422
2023-07-25,483.641,-0.0415418078329299,0.6738320284246381,-2.5317988,-2.2721770889112607,2.946009117335899,0.0428735871904294
2023-07-26,485.111,1.433886999289736,0.7174941031691112,-2.5084455,-2.274474430926527,2.9919685340956383,0.0531296881784603
2023-07-27,481.838,-1.8344419204688025,0.7600282012444638,-2.4687,-2.275884270778717,3.0359124720231807,0.0633633354760086
2023-07-28,482.343,-1.324722739919464,0.8014281574030808,-2.4142911,-2.276415098867936,3.077843256271017,0.0735696099039567
2023-07-29,481.771,-1.8912629999440864,0.8416891372025737,-2.35997,-2.276075661486769,3.1177647986893424,0.0837436128677046
2023-07-30,484.423,0.7663176930372291,0.8808076274852952,-2.3183618,-2.27487494984705,3.155682577332345,0.0938804698882538
2023-07-31,483.172,-0.4790359165816948,0.9187814253930116,-2.2899961,-2.272822189156145,3.191603614549157,0.1039753341139083
2023-08-01,487.45,3.804698086569818,0.9556096259363808,-2.261252,-2.2699268277533826,3.225536453689763,0.1140233898092498
2023-08-02,487.364,3.724351784361649,0.991292608140412,-2.2372527,-2.266198526317073,3.257491134457485,0.1240198558180567
2023-08-03,479.115,-4.519075395790446,1.0258320197886768,-2.224575,-2.261647147152303,3.28747916694098,0.1339599889968559
2023-08-04,478.178,-5.450439822564686,1.0592307607904554,-2.2208903,-2.256282743569495,3.3155135043599504,0.143839087615826
2023-08-05,479.511,-4.111836335550416,1.091492965196584,-2.208258,-2.2501155493634437,3.3416085145600274,0.1536524947237872
2023-08-06,485.922,2.3047402230072294,1.1226239818911,-2.1952426,-2.243155968402326,3.365779950293426,0.1633956014740487
2023-08-07,482.522,-1.0897625624963103,1.1526303539872649,-2.1821191,-2.235414564335912,3.3880449183231773,0.1730638504079217
2023-08-08,485.29,1.684124670872814,1.1815197969578706,-2.1758816,-2.22690205043193,3.4084218473898007,0.1826527386927349
2023-08-09,489.471,5.870929921499197,1.209301175531046,-2.168243,-2.217629279549286,3.426930455080332,0.1921578213112338
2023-08-10,486.353,2.7586527233125286,1.235984479384137,-2.153658,-2.20760723425656,3.4435917136406973,0.2015747141992921
2023-08-11,484.213,0.624084292599657,1.2615807976693898,-2.134473,-2.1968470171039045,3.4584278147732945,0.2108990973289053
2023-08-12,477.825,-5.758626444252348,1.2861022924064422,-2.1021786,-2.185359841056183,3.471462133462625,0.2201267177334901
2023-08-13,482.115,-1.4629917064569296,1.3095621707777527,-2.0763023,-2.173157020094917,3.48271919087267,0.2292533924725672
2023-08-14,482.603,-0.969349335482991,1.3319746563642243,-2.0466254,-2.160249959996272,3.492224616360496,0.2382750115329591
2023-08-15,486.749,3.182521814568744,1.353354959359344,-2.011754,-2.146650149292034,3.500005108651378,0.2471875406637015
2023-08-16,483.084,-0.4766941077479333,1.3737192458011953,-1.9866114,-2.1323691504202134,3.5060883962214087,0.2559870241419191
2023-08-17,487.102,3.5472256481984505,1.39308460586267,-1.9721924,-2.1174185910715906,3.510503196934261,0.264669587466998
2023-08-18,485.564,2.0150636303257534,1.411469021241103,-1.9472617,-2.101810155738208,3.5132791769793106,0.2732314399804391
2023-08-19,485.598,2.054819489252283,1.428891331689503,-1.926086,-2.0855555774695014,3.5144469091590045,0.2816688774088628
2023-08-20,487.53,3.992492875596836,1.4453712007323007,-1.9881879,-2.068666629841415,3.514037830573716,0.2899782843277087
2023-08-21,485.783,2.2510834399777377,1.4609290806093498,-2.1743875,-2.0511551191435378,3.512084199752888,0.29815613654324
2023-08-22,481.612,-1.9144091669864116,1.475586176492654,-2.1990826,-2.0330328767889685,3.5086190532816226,0.3061990033905586
2023-08-23,487.44,3.9193324825333047,1.4893644100209218,-2.1654043,-2.014311751951282,3.503676161972204,0.3141035499454132
2023-08-24,484.483,0.9679958300739002,1.5022863821976966,-2.1191065,-1.995003604432632,3.497289986630328,0.3218665391476638
2023-08-25,483.313,-0.19641942645726,1.514375335699386,-2.0737004,-1.975120297766703,3.489495633466089,0.3294848338343643
2023-08-26,485.823,2.319365780372752,1.5256551166399728,-2.0196881,-1.954673692559885,3.4803288091998583,0.3369553986805067
2023-08-27,484.177,0.6790793705089979,1.5361501358397185,-1.9650655,-1.9336756400737087,3.4698257759134274,0.3442753020455685
2023-08-28,484.198,0.7057380415969335,1.545885329645479,-1.9109712,-1.9121379760512451,3.4580233056967247,0.3514417177240977
2023-08-29,488.233,4.746325035372761,1.5548861203507105,-1.8713678,-1.8900725147898456,3.444958635140556,0.3584519265986665
2023-08-30,484.581,1.0998400936262165,1.5631783762633953,-1.8464137,-1.8674910434622465,3.4306694197256418,0.3653033181936279
2023-08-31,483.59,0.1142829581468434,1.5707883714705015,-1.839936,-1.8444053166877603,3.415193688158262,0.3719933921282055
2023-09-01,480.644,-2.8259396055395167,1.5777427453476214,-1.9283823,-1.8208270513549152,3.398569796702537,0.3785197594675459
2023-09-02,488.068,4.603799778129307,1.5840684618626812,-2.014379,-1.796767921696585,3.3808363835592665,0.3848801439704881
2023-09-03,486.403,2.9444569570148933,1.5897927687225908,-2.0646243,-1.7722395546183305,3.3620323233409213,0.3910723832328748
2023-09-04,485.698,2.245031741394115,1.5949431564117555,-2.0465243,-1.7472535252803454,3.342196681692101,0.3970944297253787
2023-09-05,486.704,3.2565239415435587,1.5995473171713304,-2.0190103,-1.7218213529330737,3.321368670104404,0.4029443517248888
2023-09-06,485.329,1.8869333677401363,1.6036331039679743,-1.9782197,-1.6959544970062403,3.299587600974215,0.4086203341386378
2023-09-07,486.542,3.105259830260509,1.6072284895007158,-1.9232383,-1.6696643534507465,3.2768928429514625,0.4141206792203509
2023-09-08,483.652,0.2205031393817111,1.6103615252943435,-1.8715534,-1.642962251332525,3.253323776626869,0.4194438071778084
2023-09-09,485.997,2.5709551463465647,1.613060300927465,-1.824721,-1.615859449677201,3.2289197506046663,0.4245882566713314
2023-09-10,488.328,4.907327712439306,1.6153529034430332,-1.7891152,-1.588367134564038,3.203720038007071,0.4295526852028132
2023-09-11,485.2600000000001,1.8446206914727643,1.6172673769888242,-1.7649418,-1.5604964164673936,3.1777637934562177,0.4343358693950264
2023-09-12,489.805,6.3948339372594205,1.6188316827348743,-1.7472057,-1.5322583278436035,3.151090010578478,0.4389367051610623
2023-09-13,489.463,6.057967303612095,1.620073659114436,-1.7203814,-1.5036638209609057,3.123737480075341,0.4433542077638635
2023-09-14,487.871,4.471020644343553,1.6210209824344772,-1.6911123,-1.4747237659697572,3.0957447484042344,0.4475875117659313
2023-09-15,484.089,0.6939938132664469,1.6217011279011766,-1.6704249,-1.445448949210609,3.0671500771117857,0.4516358708694043
2023-09-16,488.212,4.821886664193455,1.6221413311052384,-1.6438837,-1.4158500717559173,3.037991402861156,0.4554986576468189
2023-09-17,487.951,4.565699050937296,1.62236855001116,-1.6209695,-1.3859377481829318,3.008306298194092,0.4591753631629815
2023-09-18,490.833,7.452430827310723,1.6224094274938932,-1.5981046,-1.3557225055735131,2.9781319330674063,0.4626655964884877
2023-09-19,485.425,2.049081847126391,1.6222902544655509,-1.5659376,-1.3252147827369989,2.947505037202549,0.4659690841055512
2023-09-20,488.362,4.990651964197057,1.6220369336339542,-1.5443474,-1.2944249296518835,2.916461863285838,0.4690856692069144
2023-09-21,486.776,3.4090708854951,1.6216749439340716,-1.5435153,-1.263363207121833,2.8850381510559044,0.4720153108887155
2023-09-22,488.907,5.544374216860534,1.62122930567233,-1.5448939,-1.2320397866413375,2.853269092313668,0.4747580832383183
2023-09-23,489.193,5.834597146702633,1.6207245464229767,-1.536025,-1.200464750466066,2.821189296889042,0.4773141743182142
2023-09-24,491.675,8.320739512777315,1.6201846677146048,-1.5299832,-1.168648091882777,2.7888327595973816,0.4796838850472055
2023-09-25,494.971,11.620615591285649,1.6196331125439312,-1.5973228,-1.1365997156734358,2.756232828217367,0.4818676279802127
2023-09-26,491.284,7.937405739104939,1.6190927337528758,-1.6947755,-1.1043294387679718,2.723422172520848,0.4838659259881346
2023-09-27,490.441,7.098109766512087,1.618585763303852,-1.7025341,-1.0718469910799402,2.6904327543837923,0.4856794108393093
2023-09-28,484.417,1.0777274837836652,1.618133782487058,-1.6894075,-1.0391620165191446,2.6572957990062025,0.487308821684229
2023-09-29,486.407,3.071258701196734,1.6177576930923716,-1.6985894,-1.0062840741751136,2.624041767267485,0.4887550034452583
2023-09-30,489.343,6.0107032290279205,1.6174776895772407,-1.826721,-0.9732226396651584,2.590700329242399,0.490018905113215
2023-10-01,482.832,-0.4969391224459099,1.617313232260719,-1.8453443,-0.939987106640579,2.5573003389012983,0.491101577952774
2023-10-02,488.921,5.595587165447243,1.617283021572532,-1.8480657,-0.90658678844442,2.523869810016952,0.4920041736187428
2023-10-03,487.659,4.33702929926443,1.6174049733847284,-1.8649551,-0.8730309199140711,2.4904358932988,0.4927279421853645
2023-10-04,488.365,5.046387127438006,1.617696195452191,-1.8351933,-0.8393286593218381,2.457024854774029,0.4932742300908948
2023-10-05,484.776,1.4606604984002711,1.618172964986862,-1.8161341,-0.8054890904465133,2.4236620554333754,0.4936444779997896
2023-10-06,483.804,0.491849260583597,1.618850707389234,-1.7822101,-0.7715212247688491,2.390371932158083,0.4938402185849258
2023-10-07,491.869,8.56018953974984,1.619743976159168,-1.7389354,-0.7374340037837325,2.3571779799429,0.4938630742323789
2023-10-08,493.849,10.54344037096396,1.6208664340067669,-1.6952611,-0.7032363014217785,2.324102735428545,0.4937147546713429
2023-10-09,494.761,11.458601638470483,1.6222308351825137,-1.755523,-0.6689369265729509,2.2911677617554647,0.4933970545318842
2023-10-10,496.801,13.501673226513525,1.623849009044477,-1.8393294,-0.6345446257047579,2.258393634749235,0.4929118508332771
2023-10-11,501.397,18.100655019337506,1.625731844878888,-1.898951,-0.6000680855675075,2.225799930446396,0.4922611004057647
2023-10-12,491.269,7.975546901186697,1.6278892779888885,-1.906048,-0.5655159359790304,2.1934052139679188,0.4914468372486404
2023-10-13,491.066,7.775348756305419,1.6303302770648018,-1.8985528,-0.5308967526812538,2.161227029746056,0.4904711698276419
2023-10-14,488.824,5.536060468937866,1.633062832847674,-1.8802216,-0.4962190602609418,2.129281893108616,0.4893362783146828
2023-10-15,487.994,4.708681923328542,1.6360939480964347,-1.851106,-0.4614913351269215,2.0975852832233564,0.4880444117730427
2023-10-16,489.696,6.413213003721703,1.6394296288673524,-1.8967596,-0.4267220085360639,2.0661516374034163,0.4865978852911748
2023-10-17,490.565,7.284653594361535,1.6430748771130737,-1.8844284,-0.3919194696602956,2.0349943467733693,0.484999077068357
2023-10-18,490.773,7.495003579492432,1.6470336846068607,-1.8727746,-0.3570920686869097,2.00412575329377,0.4832504254554595
2023-10-19,489.501,6.2252628433587445,1.6513090281962146,-1.8461404,-0.3222481199444472,1.9735571481406615,0.4813544259541572
2023-10-20,485.811,2.537431270204679,1.6559028663884423,-1.8020432,-0.2873959050464436,1.9432987714348864,0.4793136281779572
2023-10-21,491.919,8.647508744274667,1.6608161372692631,-1.7653986,-0.2525436760453613,1.9133598133146243,0.4771306327784548
2023-10-22,483.575,0.3054951498129628,1.6660487577539305,-1.8507832,-0.2176996585890503,1.8837484163429807,0.4748080883402735
2023-10-23,486.921,3.6535277116988354,1.6715996241689155,-1.8644518,-0.1828720550721349,1.8544716792410505,0.4723486882481703
2023-10-24,488.341,5.07547136534931,1.6774666141605683,-1.8629286,-0.1480690477747856,1.825535661935354,0.4697551675298345
2023-10-25,481.082,-2.181698442915249,1.683646589925735,-1.9565507,-0.1132988019813581,1.796945391907093,0.4670302996779116
2023-10-26,485.436,2.174244540910688,1.690135402757773,-1.9585913,-0.0785694690714907,1.768704871829264,0.4641768934548352
2023-10-27,484.43,1.169834378682398,1.6969278988999104,-1.9274968,-0.0438891895763196,1.74081708847623,0.46119778968405
2023-10-28,485.522,2.26334855385052,1.7040179266964095,-1.8956292,-0.0092660961925362,1.713284022888946,0.4580958580312229
2023-10-29,481.435,-1.8222130439348987,1.7113983450305688,-1.8693289,0.0252916832528799,1.6861066617776888,0.4548739937790698
2023-10-30,483.828,0.5727508287214051,1.7190610330370706,-1.8360546,0.059776022894298,1.6592850101427723,0.4515351145994093
2023-10-31,487.157,3.9036837321960087,1.7269969010748454,-1.7942599,0.0941787959824314,1.632818105092414,0.448082157326079
2023-11-01,483.738,0.486543344052656,1.7351959029451256,-1.750227,0.1284918721094976,1.606704030835628,0.4445180747323323
2023-11-02,485.705,2.4553651822378986,1.7436470493380296,-1.7860229,0.1627071145112701,1.5809399348267594,0.4408458323163406
2023-11-03,485.533,2.285113326571371,1.7523384224896188,-1.7642484,0.1968163774526153,1.5555220450370033,0.437068405098411
2023-11-04,484.399,1.1527633103054231,1.7612571920300435,-1.8018605,0.2308115037029295,1.530445688327114,0.4331887744335236
2023-11-05,494.804,11.55934025906364,1.7703896320020616,-1.8864918,0.2646843221077937,1.505705309894268,0.4292099248427638
2023-11-06,495.39,12.146844160738617,1.7797211390279288,-2.2519467,0.2984266452629767,1.481294493764952,0.4251348408672174
2023-11-07,490.612,7.370275003223164,1.7892362516013949,-2.3037107,0.3320302672967757,1.4572059843046192,0.420966503947863
2023-11-08,483.722,0.4816327744100065,1.7989186704803397,-2.289091,0.3654869617665,1.4334317087138395,0.416707889334973
2023-11-09,482.044,-1.1947708228354224,1.8087512801542764,-2.281673,0.398788479674749,1.4099628004795273,0.4123619630304937
2023-11-10,487.522,4.284936404585089,1.818716171359952,-2.2876468,0.4319265476109564,1.3867896237489952,0.4079316787668502
2023-11-11,487.229,3.993573172275804,1.8287946646169493,-2.3080852,0.4648928660234598,1.3639017985934896,0.4034199750255672
2023-11-12,488.294,5.060139541271523,1.838967334754244,-2.3008716,0.4976791076272096,1.3412882271270343,0.3988297720990675
2023-11-13,489.4,6.167635572607359,1.849214036397512,-2.312535,0.530276915951999,1.3189371204455127,0.3941639691989474
2023-11-14,488.356,5.125061327318231,1.8595139303860029,-2.4071946,0.5626779040359169,1.296836026350086,0.3894254416139848
2023-11-15,484.599,1.3694168664390451,1.869845511086769,-2.4179764,0.5948736532685099,1.2749718578182594,0.3846170379210815
2023-11-16,483.599,0.3706957710960735,1.88018663457312,-2.476061,0.6268557123879437,1.2533309221851765,0.3797415772522712
2023-11-17,484.717,1.490267283682882,1.890514547633232,-2.463905,0.6586155966362173,1.2318989509970146,0.3748018466208749
2023-11-18,485.641,2.415471305889153,1.900805917573988,-2.8676374,0.6901447870762898,1.210661130497698,0.3698005983098072
2023-11-19,487.265,4.040587403744082,1.9110368627842849,-3.025064,0.7214347300747416,1.1896021327095432,0.3647405473249758
2023-11-20,481.116,-2.107384349985836,1.921182984021253,-2.9900575,0.7524768369533725,1.168706147067881,0.359624368916638
2023-11-21,481.388,-1.834366143741386,1.9312193963821127,-2.9743621,0.7832624838129031,1.1479569125692095,0.3544546961715016
2023-11-22,480.206,-3.015023295272066,1.9411207619236364,-2.9489775,0.8137830115317304,1.127337750391906,0.3492341176782761
2023-11-23,481.241,-1.9787594448356816,1.9508613228906115,-2.9238162,0.8440297259424253,1.106831596948186,0.3439651752693037
2023-11-24,482.195,-1.0235151343874107,1.9604149355139977,-2.8829648,0.8739938981884522,1.0864210373255454,0.338650361840805
2023-11-25,485.759,2.5417990211067587,1.9697551043389727,-2.842136,0.9036667652633285,1.0660883390756448,0.3332921192541856
2023-11-26,482.779,-0.436974119535614,1.9788550170425148,-2.802547,0.9330395307342042,1.045815486308311,0.3278928363207661
2023-11-27,484.464,1.2493996541369383,1.9876875796996825,-2.7664783,0.9621033656516133,1.025584214048069,0.322454846872189
2023-11-28,485.384,2.17068068744227,1.9962254524573704,-2.7340205,0.9908494096468676,1.0053760428105027,0.3169804279186712
2023-11-29,486.752,3.5398691964269093,2.0044410855738897,-2.7302186,1.0192687722183575,0.985172313355532,0.3114717978971645
2023-11-30,487.319,4.107743406468422,2.0123067557824137,-2.7590566,1.0473525342077548,0.9649542215746588,0.3059311150113771
2023-12-01,488.468,5.257378586709864,2.0197946029360607,-2.8345876,1.0750917494668355,0.944702853469225,0.3003604756655192
2023-12-02,497.649,14.438804978625146,2.026876666892119,-3.0093508,1.1024774467154683,0.9243992201766508,0.2947619129935132
2023-12-03,489.182,5.972075756424568,2.0335249245927507,-3.3383489,1.1295006315909686,0.904024293001782,0.2891373954853043
2023-12-04,485.862,2.65190806844336,2.039711327299365,-3.3541873,1.156152288888832,0.8835590384105325,0.2834888257118048
2023-12-05,483.789,0.5785046341930505,2.045407837937764,-3.388116,1.1824233849946089,0.8629844529431547,0.2778180391498691
2023-12-06,487.141,3.93001608257092,2.050586468511114,-3.60874,1.208304870506376,0.8422815980047378,0.2721268031086042
2023-12-07,490.043,6.8308039026605565,2.055219317537802,-3.8234105,1.2337876830470875,0.8214316344907144,0.2664168157581952
2023-12-08,494.555,11.341217941045803,2.0592786074712954,-3.811293,1.2588627502657808,0.8004158572055147,0.260689705262294
2023-12-09,481.467,-1.7486947963934023,2.0627367220592,-3.801214,1.2835209930263882,0.7792157290328119,0.2549470290149222
2023-12-10,484.505,1.2876555853805094,2.0655662435989157,-3.8269289,1.307753328782677,0.7578129148162382,0.2491902729826949
2023-12-11,481.963,-1.2562639066984125,2.067739990047373,-3.806859,1.3315506751375392,0.7361893149098337,0.2434208511530671
2023-12-12,481.697,-1.5240307942647573,2.0692310519427224,-3.785068,1.3549039535846863,0.7143270983580359,0.2376401050891691
2023-12-13,487.55,4.327234066939182,2.070012829095997,-3.7665277,1.3778040934304985,0.6922087356654985,0.2318493035916793
2023-12-14,487.414,4.18949420666194,2.07005906701118,-3.7438676,1.4002420358935803,0.669817031117599,0.2260496424680515
2023-12-15,485.743,2.5167495050687227,2.0693438929924795,-3.708945,1.4222087383793112,0.6471351546131683,0.220242244409297
2023-12-16,486.031,2.8029624822203485,2.067841851898005,-3.6686778,1.443695178926479,0.6241466729715262,0.2144281589743821
2023-12-17,484.624,1.3940068814852498,2.0655279414995267,-3.6918612,1.4646923608228066,0.60083558067672,0.2086083626821895
2023-12-18,485.174,1.9420406439136768,2.062377647408508,-4.013681,1.485191317386018,0.5771863300224893,0.202783759210854
2023-12-19,491.381,8.147063620077017,2.0583669775291566,-4.5872574,1.5051831169068084,0.5531838606223483,0.1969551797041597
2023-12-20,487.981,4.744752449170202,2.05347249599982,-4.8693185,1.524658867749896,0.5288136282499236,0.1911233831845629
2023-12-21,482.327,-0.9121966614792588,2.0476713565847056,-4.838403,1.5436097236091089,0.5040616329755967,0.1852890570722692
2023-12-22,480.86,-2.38214632086493,2.04094133547856,-4.8337684,1.5620268889122566,0.4789144465663035,0.179452817809679
2023-12-23,484.0,0.7551907144625412,2.0332608634876705,-4.8186526,1.579901624371301,0.4533592391163692,0.1736152115903775
2023-12-24,484.687,1.4395344261668843,2.0246090575513223,-4.811525,1.5972252526731856,0.4273838048781366,0.1677767151917274
2023-12-25,479.344,-3.906115437376323,2.0149657515685866,-4.813663,1.613989164306435,0.4009765872621516,0.1619377369100022
2023-12-26,486.935,3.682589117664888,2.0043115264962017,-4.812349,1.6301848235184755,0.374126702977726,0.1560986175968635
2023-12-27,484.869,1.6140024365146706,1.9926277396841323,-5.042602,1.6458037743984273,0.3468239652857052,0.1502596317958708
2023-12-28,486.305,3.0474040446827906,1.9798965534162936,-5.10484,1.6608376470799286,0.3190589063363649,0.144420988977593
2023-12-29,481.453,-1.8072062990329,1.96610096262488,-5.337311,1.6752781640583971,0.2908227985664831,0.1385828348717684
2023-12-30,487.192,3.929458701819875,1.9512248217476929,-5.562551,1.689117146616933,0.2621076751307598,0.132745252894837
2023-12-31,484.363,1.098119081908003,1.935252870698824,-5.518536,1.7023465213549152,0.2329063493439087,0.1269082656710655
