date,gps_raw_up_mm,gps_detrended_mm,gps_seasonal_mm,hydl_original_up_mm,hydl_seasonal_mm,gps_minus_hydl_mm,poroelastic_mm
2021-01-01,840.17,5.4704942588964425,1.85548554216416,-2.037537,0.9442830237118875,0.9112025184522724,0.9143974300410064
2021-01-02,836.1469999999999,1.4339183659435548,1.708337244311266,-2.1519527,1.018379109378078,0.689958134933188,0.8778333635266627
2021-01-03,831.314,-3.412724730367686,1.5602164474195348,-2.3356788,1.092050990875448,0.4681654565440869,0.8408552379120867
2021-01-04,835.603,0.8625713237132455,1.4111897408732577,-2.8411028,1.1652702168351048,0.2459195240381528,0.8034771905112399
2021-01-05,832.0640000000001,-2.690035066820172,1.2613245413283969,-2.8488157,1.238008681913887,0.0233158594145099,0.7657135930312343
2021-01-06,831.597,-3.1709645672863997,1.1106890442652697,-2.978477,1.3102386410862814,-0.1995495968210117,0.7275790434435925
2021-01-07,832.333,-2.4490460283547737,0.9593521746889632,-2.957397,1.3819327235035603,-0.4225805488145971,0.6890883576939826
2021-01-08,826.866,-7.929647139778774,0.8073835370284351,-3.111758,1.4530639459102384,-0.6456804088818032,0.6502565612577283
2021-01-09,831.8689999999999,-2.9399947201505503,0.6548533642857123,-3.0553505,1.5236057256086897,-0.8687523613229774,0.6110988805484117
2021-01-10,830.792,-4.030677986124033,0.5018324664880405,-3.0658758,1.593531892963187,-1.0916994264751465,0.5716307341870542
2021-01-11,834.675,-0.1624010395523094,0.3483921784960785,-3.0388038,1.662816703435425,-1.314424524939347,0.5318677241394875
2021-01-12,829.73,-5.121907291159313,0.1946043072224294,-3.2282784,1.731434849144025,-1.5368305419215955,0.4918256267295508
2021-01-13,833.431,-1.435192196436994,0.0405410783151972,-3.4398072,1.7993614699412692,-1.758820391626072,0.4515203835359521
2021-01-14,827.689,-7.191616425623348,-0.1137249176380277,-3.363789,1.8665721640009227,-1.9802970816389505,0.4109680921806038
2021-01-15,831.328,-3.5668201437780027,-0.268120779329773,-3.3232937,1.9330429979115429,-2.2011637772413155,0.3701849970164247
2021-01-16,837.568,2.6566539504966222,-0.4225733493194693,-3.2523532,1.998750516270433,-2.4213238655899025,0.3291874797225574
2021-01-17,832.25,-2.6782493961628338,-0.5770092689305841,-3.188049,2.0636717507739606,-2.6406810197045445,0.287992049815128
2021-01-18,834.244,-0.7011820930129935,-0.7313550334009445,-3.1129928,2.1277842288006266,-2.859139262201571,0.2466153350816039
2021-01-19,832.721,-2.241051059291669,-0.885537047228711,-3.0605218,2.1910659814839004,-3.076603028712612,0.2050740719469451
2021-01-20,834.785,-0.1939858218721197,-1.0394816796563693,-2.9965672,2.253495551272481,-3.2929772309288503,0.1633850957797273
2021-01-21,838.3399999999999,3.343041546853404,-1.1931153202349871,-2.948603,2.3150519989763274,-3.5081673192113145,0.1215653311464413
2021-01-22,835.862,0.8470717200348177,-1.346364434410669,-2.9465399,2.3757149102973414,-3.7220793447080105,0.0796317820221962
2021-01-23,837.247,2.21416193915372,-1.4991556190755777,-2.9197903,2.4354644018443485,-3.934620020919926,0.0376015219660798
2021-01-24,834.638,-0.4130851211262345,-1.651415658025393,-2.969207,2.494281126632546,-4.14569678465794,-0.0045083157306281
2021-01-25,842.4939999999999,7.424679987942593,-1.8030715772658008,-3.053424,2.552146279068307,-4.355217856334108,-0.046680547915126
2021-01-26,840.46,5.372194988201061,-1.954050700110292,-3.0813847,2.6090415994207645,-4.563092299531057,-0.088897951454488
2021-01-27,843.61,8.503617666828829,-2.1042807020122063,-3.7997944,2.664949377782342,-4.769230079794548,-0.1311432731195727
2021-01-28,827.509,-7.616276490713302,-2.25368966507404,-4.198717,2.7198524575208407,-4.97354212259488,-0.1733992394633408
2021-01-29,833.9879999999999,-1.156035244545321,-2.4022061321775685,-4.2943215,2.7737342382265093,-5.175940370404078,-0.2156485666854621
2021-01-30,835.077,-0.0860042268057692,-2.549759160678813,-4.3468485,2.8265786781579045,-5.376337838836717,-0.2578739704751897
2021-01-31,825.6080000000001,-9.573894142482914,-2.6962783756123194,-4.5010977,2.878370296191131,-5.57464867180345,-0.3000581758245179
2021-02-01,830.314,-4.886458446908407,-2.84169402234994,-4.625784,2.9290941732774782,-5.770788195627418,-0.3421839268037037
2021-02-02,826.921,-8.297889618236084,-2.985937018659853,-4.9389358,2.978735953415151,-5.964672972075005,-0.3842339962913288
2021-02-03,823.623,-11.614184172229042,-3.128939006112496,-5.0552006,3.027281844141323,-6.156220850253819,-0.4261911956511603
2021-02-04,825.292,-9.963338624650495,-3.270632400780507,-4.97966,3.0747186165511757,-6.345351017331682,-0.468038384348132
2021-02-05,829.118,-6.15534949126322,-3.4109504431811444,-4.916899,3.1210336048513843,-6.531984048032529,-0.5097584794959071
2021-02-06,834.025,-1.266213287830638,-3.5498272474100783,-4.840494,3.166214705455704,-6.716041952865782,-0.5513344653285773
2021-02-07,831.88,-3.429316755349756,-3.687197849416697,-4.7629504,3.210250375631116,-6.897448225047812,-0.5927494025891499
2021-02-08,830.816,-4.511364892702076,-3.822998254372152,-4.6727633,3.25312963170327,-7.076127886075422,-0.6339864378276104
2021-02-09,836.2230000000001,0.8777314368266032,-3.957165483082151,-4.5772066,3.294842046830603,-7.252007529912754,-0.675028812601494
2021-02-10,833.499,-1.8647240750881504,-4.08963761739809,-4.489949,3.335377748356835,-7.425015365754925,-0.7158598725720118
2021-02-11,835.077,-0.3054152435472947,-4.220353844580888,-4.6342525,3.374727414752099,-7.5950812593329875,-0.7564630764888968
2021-02-12,828.329,-7.072125261867028,-4.349254500573518,-4.790293,3.412882272153386,-7.762136772726904,-0.7968220050573602
2021-02-13,837.139,1.7192896411157208,-4.476281112139197,-5.1256857,3.4498340905152745,-7.926115202654471,-0.836920369680615
2021-02-14,831.885,-3.553477406838625,-4.601376437823902,-5.161098,3.485575179382552,-8.086951617206452,-0.8767420210716393
2021-02-15,835.275,-0.1821764614734453,-4.724484507702911,-5.350625,3.5200983832964083,-8.24458289099932,-0.9162709577279956
2021-02-16,841.27,5.794430389761512,-4.84555066187287,-5.3142977,3.553397076846569,-8.39894773871944,-0.9554913342637192
2021-02-17,831.095,-4.399454048282429,-4.964521587652122,-5.233837,3.5854651593817786,-8.5499867470339,-0.9943874695924017
2021-02-18,826.863,-8.650209595878126,-5.081345355453717,-5.2401214,3.616297049391602,-8.697642404845318,-1.032943854955889
2021-02-19,828.4240000000001,-7.107833142601415,-5.195971453297006,-5.3555417,3.645887678572659,-8.841859131869665,-1.071145161793065
2021-02-20,826.612,-8.938321578027885,-5.308350819925431,-5.4482207,3.674232485592771,-8.982583305518201,-1.1089762494435036
2021-02-21,824.5590000000001,-11.009671791733,-5.418435876499738,-5.408955,3.701327409566759,-9.119763286066496,-1.146422172680881
2021-02-22,827.029,-8.557880673292617,-5.526180556837403,-5.3632565,3.727168883257809,-9.253349440095212,-1.1834681890713117
2021-02-23,828.3470000000001,-7.25794511228222,-5.631540336171058,-5.290878,3.751753826018616,-9.383294162189674,-1.2200997661518909
2021-02-24,828.393,-7.229682865290944,-5.7344722584001335,-5.2016635,3.7750796364866974,-9.509551894886831,-1.2563025884250367
2021-02-25,828.847,-6.79327490330604,-5.834934961811992,-5.1419735,3.797144185048438,-9.63207914686043,-1.2920625641643229
2021-02-26,831.936,-3.721718088639116,-5.93288870325037,-5.111948,3.8179458060865312,-9.7508345093369,-1.327365832027817
2021-02-27,833.8370000000001,-1.8380092836016344,-6.028295380711042,-5.0467796,3.837483290025775,-9.865778670736816,-1.362198767475076
2021-02-28,830.82,-4.872364384856347,-6.121118554346175,-4.97676,3.855755875192085,-9.97687442953826,-1.396547988984181
2021-03-01,827.962,-7.747567172384104,-6.2113234658610414,-4.887905,3.87276323949986,-10.0840867053609,-1.4304003640654976
2021-03-02,832.587,-3.139614540932739,-6.298877056288244,-4.7920113,3.8885054919827975,-10.18738254827104,-1.463743015068904
2021-03-03,832.391,-3.3531494918001177,-6.383747982126905,-4.6973805,3.902983164183353,-10.286731146310258,-1.4965633247816583
2021-03-04,827.844,-7.917579462296909,-6.4659066298358905,-4.6119957,3.916197201416023,-10.382103831251914,-1.5288489418141242
2021-03-05,831.308,-4.470863413259658,-6.545325128672178,-4.5954967,3.928148953919713,-10.473474082591892,-1.560587785770938
2021-03-06,827.379,-8.416986807546092,-6.621977361867392,-4.782665,3.9388401679143135,-10.560817529781705,-1.591768052205301
2021-03-07,829.1500000000001,-6.662958493332273,-6.695838976137453,-4.708886,3.94827297657671,-10.644111952714162,-1.622378217354465
2021-03-08,829.252,-6.577775465079766,-6.766887389522183,-4.681455,3.956449890951272,-10.723337280473457,-1.65240704265454
2021-03-09,824.934,-10.912434717249056,-6.83510179755372,-4.747458,3.963373790809824,-10.798475588363544,-1.6818435790331374
2021-03-10,830.217,-5.645933244301601,-6.9004631777544425,-4.895801,3.9690479154760583,-10.869511093230502,-1.7106771709784634
2021-03-11,828.5010000000001,-7.378268040698166,-6.962954292467076,-4.8461084,3.973475854629119,-10.936430147096196,-1.7388974603838163
2021-03-12,824.966,-10.929436100900332,-7.022559690021565,-4.762779,3.9766615391010034,-10.999221229122568,-1.7664943901665784
2021-03-13,823.5,-12.41143441936869,-7.079265704245152,-4.6996913,3.978609231682292,-11.057874935927444,-1.79345820766109
2021-03-14,827.3470000000001,-8.58025999056452,-7.133060452324133,-4.8014655,3.9793235179504114,-11.112383970274545,-1.8197794677849888
2021-03-15,832.0999999999999,-3.8429098089490488,-7.183933831027408,-5.0268607,3.978809297134588,-11.162743128161996,-1.8454490359788065
2021-03-16,831.807,-4.151380868982902,-7.2318775113041,-4.9513326,3.977071773031292,-11.208949284335391,-1.8704580909189048
2021-03-17,830.0,-5.973670165127685,-7.27688493126912,-4.877992,3.974116444983794,-11.251001376252914,-1.894798127003956
2021-03-18,825.3829999999999,-10.605774691844186,-7.318951287592462,-5.0207925,3.9699490989391584,-11.28890038653162,-1.918460956615488
2021-03-19,829.3399999999999,-6.663691443593582,-7.358073525309929,-5.105753,3.964575798595788,-11.322649323905717,-1.9414387121531795
2021-03-20,826.56,-9.458341705450222,-7.39425032607447,-5.083389,3.958002876654165,-11.352253202728637,-1.963723847845808
2021-03-21,822.313,-13.719800272681486,-7.427482094869468,-4.991092,3.950236926183353,-11.37771902105282,-1.9853091413389783
2021-03-22,831.4580000000001,-4.589064128225215,-7.45777094520664,-4.97164,3.941284792115281,-11.39905573732192,-2.006187695060979
2021-03-23,831.135,-4.925709795980161,-7.485120682833128,-4.918121,3.931153562878568,-11.416274245711696,-2.0263529373682854
2021-03-24,827.264,-8.810166332814326,-7.509536787973976,-4.869976,3.919850562183314,-11.42938735015729,-2.045798623472457
2021-03-25,831.901,-4.186430657672347,-7.531026396137744,-4.8495364,3.907383340967808,-11.438409737105552,-2.064518836150364
2021-03-26,826.789,-9.31149968949805,-7.549598277514633,-4.771153,3.893759669517781,-11.443357947032414,-2.0825079862398885
2021-03-27,825.41,-10.70335632621534,-7.565262814998008,-4.680862,3.878987529768378,-11.444250344766386,-2.0997608129234058
2021-03-28,827.367,-8.75858794663417,-7.57803198086174,-4.614801,3.863075107798621,-11.44110708866036,-2.116272383801552
2021-03-29,835.595,-0.5425644204119342,-7.587919312127205,-4.5368056,3.8460307865276846,-11.43395009865489,-2.1320380947599955
2021-03-30,831.823,-4.326578550758796,-7.59493988465517,-4.4342685,3.827863138621847,-11.422803023277016,-2.1470536696320464
2021-03-31,825.388,-10.773401959719616,-7.599110285999194,-4.336933,3.8085809196205216,-11.407691205619717,-2.161315159660139
2021-04-01,826.111,-10.061758186488628,-7.600448587058524,-4.2357006,3.788193061289329,-11.388641648347852,-2.1748189427594364
2021-04-02,831.8050000000001,-4.378725482107838,-7.598974312569499,-4.128757,3.76670866520762,-11.36568297777712,-2.187561722586848
2021-04-03,827.098,-9.096505708035586,-7.594708410476113,-4.035987,3.744136996597422,-11.338845407073537,-2.199540527419043
2021-04-04,822.634,-13.571064599861296,-7.587673220221042,-3.9398263,3.720487478400278,-11.30816069862132,-2.2107527088431
2021-04-05,833.745,-2.470349447861672,-7.577892439999909,-3.8561714,3.695769685607876,-11.273662125607784,-2.2211959402636072
2021-04-06,828.8299999999999,-7.395252006917935,-7.565391093022457,-3.77414,3.6699933398519287,-11.235384432874389,-2.230868215230167
2021-04-07,827.5010000000001,-8.733969350780729,-7.550195492825336,-3.724158,3.643168304258188,-11.193363797083524,-2.239767845589401
2021-04-08,831.48,-4.764498238181498,-7.532333207682026,-3.6782055,3.6153045785689377,-11.147637786250964,-2.2478934594656383
2021-04-09,832.286,-3.9672304099324354,-7.511833024156506,-3.6191144,3.5864122945378383,-11.098245318694344,-2.2552439990746453
2021-04-10,832.874,-3.387404762166878,-7.488724909847858,-3.5630908,3.5565017116003506,-11.045226621448208,-2.2618187183748413
2021-04-11,836.7379999999999,0.4688262784133838,-7.463039975373873,-3.479814,3.5255832128225597,-10.988623188196431,-2.26761718056052
2021-04-12,832.6,-3.6768244935539514,-7.434810435642426,-3.4039357,3.4936673011305035,-10.92847773677293,-2.2726392554017707
2021-04-13,835.6550000000001,-0.6292079938514936,-7.404069570459943,-3.3410048,3.4607645958217663,-10.86483416628171,-2.2768851164358224
2021-04-14,832.533,-3.758594959260776,-7.370851684526833,-3.2905767,3.4268858293603177,-10.79773751388715,-2.280355238014645
2021-04-15,828.369,-7.929835700922581,-7.335192066870357,-3.2264872,3.3920418444552296,-10.727233911325587,-2.2830503922137426
2021-04-16,834.4780000000001,-1.827833133030433,-7.297126949765782,-3.1508899,3.356243591423255,-10.653370541189036,-2.2849716456071176
2021-04-17,835.982,-0.3314847504802749,-7.256693467196933,-3.0563884,3.319502125834685,-10.576195593031615,-2.286120355913458
2021-04-18,830.671,-5.650098395262672,-7.213929612907749,-2.9645417,3.281828606441421,-10.49575821934917,-2.286498168518676
2021-04-19,828.6360000000001,-7.6925750820199905,-7.168874198096538,-2.8795326,3.2432342933856133,-10.412108491482153,-2.2861070128799827
2021-04-20,830.2420000000001,-6.093911512312393,-7.121566808804927,-2.823344,3.2037305466866943,-10.32529735549162,-2.2849490988166945
2021-04-21,836.076,-0.2671043877004146,-7.072047763053343,-2.7449362,3.1633288250040623,-10.235376588057406,-2.28302691269306
2021-04-22,836.17,-0.1802945348597981,-7.020358067775302,-2.6754982,3.1220406846722053,-10.142398752447509,-2.2803432134983743
2021-04-23,835.3190000000001,-1.038458418518327,-6.966539375602367,-2.6037786,3.0798777790044776,-10.046417154606845,-2.2769010288297302
2021-04-24,835.615,-0.7495274757523589,-6.910633941551846,-2.6479037,3.03685185786124,-9.947485799413084,-2.27270365078274
2021-04-25,830.314,-6.057663334718655,-6.852684579668876,-2.8539014,2.992974767477575,-9.845659347146452,-2.267754631755557
2021-04-26,833.3770000000001,-3.0016536678577426,-6.792734619674519,-2.8549685,2.948258450545259,-9.740993070219778,-2.262057780171612
2021-04-27,831.781,-4.604586678068238,-6.7308278636711565,-2.7773154,2.9027149465432176,-9.633542810214374,-2.255617156126375
2021-04-28,830.3190000000001,-6.073370206988992,-6.66700854295604,-2.7009714,2.856356392310172,-9.523364935266212,-2.2484370669635214
2021-04-29,827.442,-8.957001048270055,-6.601321274993502,-2.6251843,2.8091950228527325,-9.410516297846234,-2.2405220627858515
2021-04-30,826.759,-9.64647599556124,-6.533811020595876,-2.553464,2.7612431723817337,-9.29505419297761,-2.2318769319062617
2021-05-01,836.013,-0.3987918425122245,-6.464523041362542,-2.5180883,2.7125132755691075,-9.177036316931648,-2.2225066962440807
2021-05-02,835.9590000000001,-0.4592902813438844,-6.393502857426056,-2.449302,2.663017869017273,-9.05652072644333,-2.212416606672039
2021-05-03,824.6909999999999,-11.733651930352016,-6.32079620555342,-2.3719506,2.612769592932409,-8.93356579848583,-2.201612138319064
2021-05-04,828.834,-7.596864333275587,-6.24644899765015,-2.2930968,2.561781192992767,-8.808230190642917,-2.1900989858341204
2021-05-05,830.747,-5.689924336990012,-6.170507279713696,-2.1910007,2.510065522402632,-8.680572802116329,-2.1778830586162075
2021-05-06,841.966,5.523171211629081,-6.093017191282142,-2.0981336,2.457635544122225,-8.550652735404366,-2.1649704760155526
2021-05-07,826.603,-9.845979019412685,-6.014024925423142,-2.0299308,2.404504333263481,-8.418529258686622,-2.1513675625110777
2021-05-08,831.02,-5.434968859169542,-5.933576689307072,-1.9684299,2.350685079641216,-8.284261768948289,-2.13708084286901
2021-05-09,828.397,-8.06379521513056,-5.851718665407432,-1.9124149,2.296191090468987,-8.14790975587642,-2.1221170372875453
2021-05-10,840.172,3.7055450052147823,-5.768496973370432,-1.8416255,2.241035793188458,-8.009532766558891,-2.106483056532338
2021-05-11,836.701,0.228088410628275,-5.683957632594597,-1.7669601,2.1852327384209937,-7.86919037101559,-2.090185997067503
2021-05-12,831.649,-4.830265937828474,-5.598146525560053,-1.6851346,2.128795603029672,-7.726942128589725,-2.073233136186781
2021-05-13,824.079,-12.406467276300717,-5.511109361946093,-1.594194,2.0717381932799364,-7.58284755522603,-2.055631927149343
2021-05-14,826.589,-9.90251266304691,-5.422891643573956,-1.5135155,2.0140744480865465,-7.436966091660502,-2.0373899943246774
2021-05-15,829.827,-6.670399156326462,-5.333538630211154,-1.4598069,1.9558184423345435,-7.289357072545698,-2.018515128350862
2021-05-16,833.996,-2.5071238143978114,-5.24309530627153,-1.4027799,1.896984390261525,-7.140079696533055,-1.999015281310436
2021-05-17,830.6750000000001,-5.834423863891564,-5.151606348444576,-1.3470913,1.8375866488884909,-6.989192997333067,-1.9788985619279549
2021-05-18,834.095,-2.420576307965984,-5.059116094285586,-1.3174037,1.7776397214862243,-6.83675581577181,-1.9581732307932105
2021-05-19,834.7900000000001,-1.7316752660848271,-4.965668511797109,-1.2767993,1.7171582610641645,-6.682826772861273,-1.9368476956139649
2021-05-20,832.6519999999999,-3.875711104851901,-4.871307170030478,-1.2824395,1.6561570738684304,-6.527464243898908,-1.9149305065019464
2021-05-21,834.188,-2.345600767253358,-4.776075210734764,-1.2822208,1.594651122875758,-6.370726333610523,-1.8924303512956828
2021-05-22,833.382,-3.157414349858893,-4.680015321078933,-1.2534481,1.5326555312698034,-6.212670852348737,-1.8693560509236695
2021-05-23,831.408,-5.137160088045012,-4.583169707471352,-1.2192295,1.470185585886402,-6.053355293357754,-1.845716554811201
2021-05-24,833.742,-2.8087554533484638,-4.485580070499242,-1.1860285,1.4072567406141845,-5.892836811113426,-1.8215209363340548
2021-05-25,834.6170000000001,-1.939262778239508,-4.387287581009039,-1.1517788,1.3438846197370138,-5.731172200746053,-1.7967783883221164
2021-05-26,831.99,-4.571671588388798,-4.288332857346901,-1.0722133,1.2800850212046917,-5.5684178785515925,-1.771498218615838
2021-05-27,830.971,-5.595751166370457,-4.1887559437769735,-1.0326447,1.2158739198183504,-5.404629863595324,-1.7456898456783136
2021-05-28,832.117,-4.454677352949173,-4.088596290093356,-0.98092747,1.1512674703170986,-5.239863760410455,-1.719362794265609
2021-05-29,834.515,-2.061447357306736,-3.9878927324399176,-0.91263884,1.0862820103524309,-5.074174742792349,-1.692526691157808
2021-05-30,832.844,-3.737195112100639,-3.886683475350493,-0.84340185,1.0209340633370871,-4.90761753868758,-1.665191260953121
2021-05-31,833.2349999999999,-3.350664554162269,-3.78500607502012,-0.7744671,0.9552403411551378,-4.740246416175259,-1.6373663219272272
2021-06-01,834.401,-2.1889809815910635,-3.682897423816384,-0.7050297,0.8892177467201434,-4.572115170536527,-1.6090617819598758
2021-06-02,829.0840000000001,-7.510156845570988,-3.5803937360380504,-0.6493814,0.822883376368487,-4.4032771124065375,-1.5802876345306232
2021-06-03,839.807,3.208825470656283,-3.4775305349265277,-0.58096343,0.75625452207504,-4.233785057001567,-1.551053954785415
2021-06-04,838.8330000000001,2.230754033766992,-3.3743426409338,-0.51359266,0.6893486734786126,-4.063691314412412,-1.5213708956756018
2021-06-05,842.244,5.637204360264506,-3.270864161248942,-0.4670527,0.6221835197047813,-3.8930476809537233,-1.4912486841707575
2021-06-06,838.207,1.5951450637865516,-3.1671284805832327,-0.42479414,0.5547769509739562,-3.7219054315571887,-1.460697617546602
2021-06-07,835.707,-0.9099601724809716,-3.0631682532125617,-0.3870433,0.4871470599827882,-3.55031531319535,-1.429728059749088
2021-06-08,838.672,2.0498344504397723,-2.9590153962736263,-0.33610713,0.4193121430472815,-3.378327539320908,-1.3983504378356246
2021-06-09,834.7869999999999,-1.840384695241923,-2.854701084309124,-0.29863974,0.3512907009963312,-3.205991785305456,-1.366575238494208
2021-06-10,836.0889999999999,-0.543502459612597,-2.75025574505504,-0.29147786,0.2831014398045907,-3.033357184859631,-1.3344130046411222
2021-06-11,838.543,1.9054988970215785,-2.645709056461657,-0.2969831,0.2147632709540276,-2.860472327415685,-1.3018743320976696
2021-06-12,836.155,-0.4874167953767507,-2.541089944938264,-0.30844632,0.1462953115138427,-2.6873852564521066,-1.2689698663462925
2021-06-13,835.689,-0.9585239733797212,-2.436426584809548,-0.2717639,0.0777168839287142,-2.514143468738262,-1.2357102993662608
2021-06-14,840.183,3.530381731486969,-2.331746398970466,-0.2489075,0.0090475155058253,-2.3407939144762917,-1.202106366548949
2021-06-15,838.613,1.9550944441202385,-2.227076060724334,-0.18525368,-0.0596930624085294,-2.1673829983158046,-1.1681688436926383
2021-06-16,833.4939999999999,-3.169344365525511,-2.1224414967875864,-0.106915586,-0.1284849155715361,-1.9939565812160505,-1.1339085440765408
2021-06-17,838.613,1.944341514397423,-2.017867891442888,-0.02516008,-0.1973079083140236,-1.820559983128864,-1.0993363156137028
2021-06-18,837.322,0.6481428733990677,-1.9133796918208283,0.05019048,-0.2661417053460489,-1.6472379864747797,-1.0644630380822115
2021-06-19,835.874,-0.8050867217881157,-1.8090006142888924,0.11057465,-0.3349657739053587,-1.4740348403835335,-1.029299620434075
2021-06-20,837.9499999999999,1.2655720220173583,-1.7047536519249402,0.16177121,-0.4037593862557161,-1.3009942656692242,-0.9938569981809522
2021-06-21,836.474,-0.2159685036323528,-1.6006610830509185,0.21416381,-0.4725016225415048,-1.1281594605094136,-0.958146130855794
2021-06-22,840.705,4.00956580246609,-1.4967444808011836,0.26568708,-0.5411713740046322,-0.9555731067965514,-0.922177999549363
2021-06-23,840.911,4.2100261125019705,-1.3930247236984974,0.3250617,-0.6097473465691464,-0.783277377129351,-0.8859636045204183
2021-06-24,831.156,-5.550750371079027,-1.2895220072091969,0.36771733,-0.678208064798526,-0.6113139424106708,-0.8495139628782743
2021-06-25,835.05,-1.6624080979984468,-1.1862558562481202,0.40963882,-0.746531876229995,-0.4397239800181253,-0.8128401063362969
2021-06-26,840.155,3.4369849724040096,-1.083245138602272,0.45182547,-0.8146969560897368,-0.2685481825125351,-0.7759530790348154
2021-06-27,832.831,-3.8930685849045448,-0.9805080792412176,0.4999801,-0.8826813123923009,-0.0978267668489166,-0.7388639354318043
2021-06-28,837.069,0.3393903086573324,-0.8780622754810711,0.5542478,-0.9504627914268592,0.072400515945788,-0.7015837382595504
2021-06-29,838.982,2.246969351113908,-0.7759247129676253,0.6051099,-1.018019083632569,0.2420943706649437,-0.6641235565454897
2021-06-30,837.947,1.2062868985231283,-0.6741117824434387,0.65285224,-1.085327729864502,0.4112159474210634,-0.6264944636952344
2021-07-01,836.9590000000001,0.2127142406484408,-0.5726392972624262,0.69484425,-1.1523661280511912,0.579726830788765,-0.5887075356357634
2021-07-02,837.94,1.188648685557074,-0.4715225116146706,0.7350028,-1.2191115402441746,0.7475890286295039,-0.5507738490166195
2021-07-03,838.883,2.1266982324139496,-0.3707761394233321,0.778997,-1.2855411000593029,0.9147649606359706,-0.5127044794669242
2021-07-04,842.38,5.618820355119546,-0.2704143738745745,0.82602096,-1.3516318205090465,1.0812174466344715,-0.4745104999058817
2021-07-05,843.834,7.067700939778622,-0.1704509075407748,0.86444074,-1.41736060222434,1.2469096946835652,-0.4362029789044285
2021-07-06,844.073,7.3016041428102385,-0.070898953056441,0.88544536,-1.4827042420640122,1.4118052890075712,-0.39779297909556
2021-07-07,838.4000000000001,1.6232444097742589,0.0282287356942773,0.91675514,-1.5476394421091078,1.5758681778033852,-0.3592915556308616
2021-07-08,838.904,2.121672938228376,0.1269198419202951,0.9658265,-1.612142819038946,1.739062660959241,-0.3207097546806359
2021-07-09,846.515,9.727038168020004,0.2251624638387926,1.0225654,-1.6761909138849866,1.9013533777237792,-0.2820586119750536
2021-07-10,838.0889999999999,1.2952202494887697,0.3229450922057907,1.0607244,-1.7397602021581462,2.062705294363937,-0.2433491513836163
2021-07-11,842.266,5.46620608817158,0.4202565875052431,1.0965625,-1.8028271043444504,2.223083691849693,-0.2045923835302473
2021-07-12,838.949,2.1432619108779063,0.5170861568402326,1.142968,-1.8653679967633845,2.382454153603617,-0.1657993044412374
2021-07-13,832.797,-4.014833135206496,0.6134233305701992,1.2026832,-1.9273592227826917,2.5407825533528907,-0.12698089422328
2021-07-14,841.0459999999999,4.2284861328204455,0.709257938738259,1.2511828,-1.9887771043827849,2.698035043121044,-0.0881481157687622
2021-07-15,840.8,3.976707321675967,0.8045800873329051,1.291049,-2.049597954063289,2.854178041396194,-0.049311913485487
2021-07-16,840.198,3.369044093013777,0.899380134428503,1.323497,-2.109798087083737,3.00917822151224,-0.0104832120479639
2021-07-17,840.518,3.683395210789572,0.9936486662489296,1.3520896,-2.1693538340297867,3.1630025002787163,0.0283270848325915
2021-07-18,830.604,-6.236347856136736,1.0873764731989288,1.3990234,-2.228241553695803,3.315618026894732,0.0671080956224371
2021-07-19,837.114,0.2683272442277884,1.1805545259073158,1.4309251,-2.28643764627408,3.466992172181396,0.1058489621665162
2021-07-20,839.915,3.064037772248162,1.2731739513263682,1.4540035,-2.343918566840396,3.617092518166764,0.1445388508796046
2021-07-21,840.8520000000001,3.9955899612089247,1.365226008931311,1.4841621,-2.4006608391250976,3.7658868480564087,0.1831669539302209
2021-07-22,843.6519999999999,6.790175928732714,1.456702067063633,1.5091034,-2.4566410695583487,3.9133431366219815,0.2217224904201929
2021-07-23,837.1560000000001,0.2887964282851074,1.547593579461559,1.5364119,-2.5118359615776558,4.059429541039214,0.2601947075626645
2021-07-24,839.515,2.64227012156548,1.6378920620207444,1.5645528,-2.566222330185301,4.204114392206046,0.2985728818613877
2021-07-25,842.587,5.708716939714559,1.7275890698276148,1.6011096,-2.619777116742797,4.347366186570412,0.3368463202940463
2021-07-26,845.182,8.298273445751118,1.816676174507461,1.6287991,-2.67247740398898,4.489153578496442,0.3750043615023862
2021-07-27,841.617,4.727941175194516,1.905144941928644,1.6567993,-2.724300431267961,4.629445373196605,0.4130363769918044
2021-07-28,841.588,4.6936815804912175,1.99298691030374,1.6958385,-2.7752236099525827,4.768210520256323,0.4509317723431248
2021-07-29,840.286,3.386248955164908,2.080193568727743,1.7350096,-2.8252245390487425,4.905418107776486,0.4886799884390991
2021-07-30,834.828,-2.0771183120895227,2.166756336192688,1.7684004,-2.874281020965384,5.041037357158071,0.5262705027082337
2021-07-31,838.589,1.678923227786357,2.2526665411171978,1.7837709,-2.9223710774346507,5.1750376185518485,0.5636928303884245
2021-08-01,839.515,2.600070535054665,2.337915401428713,1.8098931,-2.9694729655662586,5.307388366994972,0.6009365258128315
2021-08-02,836.197,-0.7226647767447565,2.422494005235127,1.8312657,-3.0155651940197847,5.438059199254912,0.6379911837203566
2021-08-03,834.546,-2.3786552082003203,2.5063932921216496,1.8603178,-3.0606265392782874,5.5670198313999375,0.6748464405930381
2021-08-04,837.623,0.6935370552490383,2.589604035107764,1.8911699,-3.104636062006198,5.694240097113962,0.7114919760225435
2021-08-05,840.6139999999999,3.6798274767129096,2.6721168232978485,1.9171935,-3.1475731234742743,5.819689946772122,0.7479175141079413
2021-08-06,840.792,3.8532175339508736,2.753922045258236,1.928708,-3.189417402034031,5.943339447292267,0.7841128248867759
2021-08-07,840.686,3.742708704721349,2.835009873152033,1.9365246,-3.230148909623763,6.0651587827757965,0.8200677258014254
2021-08-08,845.417,8.469218776751513,2.915370247662025,1.9497184,-3.2697480082881687,6.185118255950194,0.8557720832026083
2021-08-09,844.0269999999999,7.074345999695164,2.994992863730606,1.9649687,-3.3081954266931706,6.303188290423776,0.8912158138918329
2021-08-10,845.135,8.177241086752652,3.0738671571443965,1.9757607,-3.3454722766174507,6.419339433761847,0.9263888867044666
2021-08-11,836.577,-0.3860168456390038,3.151982291989994,2.0065298,-3.381560069402047,6.5335423613920405,0.96128132413499
2021-08-12,831.384,-5.584152372594901,3.2293271490057744,2.0485911,-3.4164407323390877,6.645767881344861,0.9958832040059458
2021-08-13,845.195,8.22183580579755,3.3058903148533134,2.0894675,-3.450096624980729,6.755986939834043,1.0301846611819134
2021-08-14,840.164,3.185920972436282,3.3816600723306447,2.1264338,-3.482510555349168,6.864170627679813,1.0641758893298014
2021-08-15,841.9910000000001,5.008048006039106,3.456624391547881,2.1428547,-3.513665796028544,6.970290187576424,1.0978471427265688
2021-08-16,838.6400000000001,1.652253438702476,3.5307709220845056,2.169661,-3.5435461001194875,7.074317022203993,1.1311887381154575
2021-08-17,847.3230000000001,10.330516885258138,3.6040869861458265,2.181334,-3.5721357170370176,7.1762227031828445,1.1641910566115905
2021-08-18,849.157,12.159735310505898,3.676559572734669,2.1920702,-3.5994194081324453,7.275978980867114,1.196844545657774
2021-08-19,848.5559999999999,11.554077621338063,3.7481753328529233,2.1889923,-3.6253824621200543,7.373557794972978,1.2291397210311596
2021-08-20,840.942,3.935149257064929,3.818920575745525,2.1804683,-3.6500107102891897,7.468931286034714,1.261067168901325
2021-08-21,840.207,3.195236808547146,3.888781266198418,2.1871097,-3.673290541482633,7.562071807681051,1.2926175479401885
2021-08-22,846.424,9.407452018811757,3.957743022899865,2.199952,-3.695208916822069,7.652951939721934,1.3237815914840707
2021-08-23,841.8879999999999,4.866796051541455,4.025791117873181,2.2291045,-3.71575338416165,7.741544502034831,1.3545501097480794
2021-08-24,847.314,10.28824263323932,4.092910476987002,2.2688763,-3.734912092250731,7.827822569237733,1.3849139920928464
2021-08-25,838.592,1.5618196191917582,4.159085681547842,2.3221118,-3.752673804587081,7.911759486134923,1.4148642093435704
2021-08-26,841.105,4.070528169018001,4.224300970977691,2.3497634,-3.7690279129419486,7.99332888391964,1.444391816161106
2021-08-27,841.643,4.604369442337657,4.288540246577816,2.3674207,-3.783964450538676,8.072504697116493,1.4734879534648149
2021-08-28,844.737,7.6943406182804335,4.35178707637839,2.3850074,-3.7974741048666942,8.149261181245084,1.5021438509066745
2021-08-29,844.305,7.258345243507997,4.414024701071583,2.4027603,-3.809548230113038,8.22357293118462,1.5303508293960657
2021-08-30,842.343,5.292374403188759,4.475236041024214,2.4240339,-3.820178859193764,8.295414900217978,1.5581003036744918
2021-08-31,841.96,4.905472165010953,4.535403704364408,2.430004,-3.829358715367974,8.364762419732383,1.5853837849394112
2021-09-01,850.893,13.834704316161853,4.594509996134847,2.4193792,-3.8370812234174543,8.4315912195523,1.612192883516159
2021-09-02,842.46,5.39807197495402,4.652536928503632,2.4180553,-3.843340520375305,8.495877448878936,1.6385193115768912
2021-09-03,836.5939999999999,-0.471492272912779,4.7094662320220895,2.443585,-3.848131465787249,8.557597697809339,1.6643548859052797
2021-09-04,839.623,2.5540583441216507,4.765279367917128,2.4597905,-3.851449651489804,8.616729019406932,1.6896915307056195
2021-09-05,839.253,2.180543430291925,4.819957541404183,2.4732575,-3.853291410889776,8.67324895229396,1.7145212804548586
2021-09-06,839.664,2.588102341627297,4.873481716005057,2.503972,-3.853653827730082,8.72713554373514,1.7388362827959516
2021-09-07,842.49,5.410789520480424,4.925832628853485,2.5357182,-3.852534744327328,8.778367373180814,1.762628801470795
2021-09-08,843.197,6.114606034642256,4.976990806969481,2.5641887,-3.8499327692669794,8.82692357623646,1.7858912192909266
2021-09-09,840.855,3.76955295190435,5.026936584482157,2.592847,-3.8458472845425726,8.87278386902473,1.808616041144005
2021-09-10,836.705,-0.3833686599422456,5.075650120778975,2.4685285,-3.840278452125841,8.915928572904816,1.8307958970340157
2021-09-11,839.643,2.551835240505641,5.123111419558019,2.4917696,-3.8332272199551753,8.956338639513193,1.8524235451529896
2021-09-12,840.208,3.1140733551679336,5.169300348758333,2.5254266,-3.8246953273304354,8.993995676088769,1.873491874981997
2021-09-13,839.595,2.498429680587135,5.21419666134187,2.5509253,-3.814685309702668,9.02888197104454,1.8939939104189427
2021-09-14,842.9590000000001,5.859875394748595,5.257780016899288,2.5655956,-3.8032005028478304,9.06098051974712,1.9139228129307204
2021-09-15,839.911,2.808780464681525,5.300030004050399,2.5895138,-3.790245046414335,9.090275050464731,1.9332718847270995
2021-09-16,846.192,9.08678815563824,5.340926163608647,2.6173024,-3.7758238868347207,9.116750050443368,1.952034571953643
2021-09-17,844.956,7.847797342172934,5.380448012477865,2.6276627,-3.759942779592495,9.14039079207036,1.9702044679008628
2021-09-18,849.086,11.97490828184142,5.4185750682481615,2.4011264,-3.742608290835768,9.161183359083928,1.987775316226748
2021-09-19,846.318,9.204121912517298,5.4552868744565695,2.2761514,-3.7238277983299968,9.179114672786566,2.00474101418968
2021-09-20,837.913,0.7964222087582167,5.490563026477092,2.2994347,-3.703609491742873,9.194172518219965,2.02109561588868
2021-09-21,843.376,6.256819822804107,5.524383198003365,2.3263328,-3.6819623722549433,9.206345570258309,2.036833335507867
2021-09-22,840.3589999999999,3.237322293551176,5.556727168086393,2.3630798,-3.6588962514904178,9.215623419576811,2.0519485505619355
2021-09-23,845.542,8.417719887872384,5.587574848688526,2.4042127,-3.6344217497632383,9.221996598451764,2.066435805139348
2021-09-24,847.897,10.770218482948003,5.616906312714096,2.434167,-3.6085502936341816,9.225456606348278,2.0802898131399266
2021-09-25,845.314,8.18481898193734,5.644701822476023,2.4774482,-3.581294112775563,9.225995935251586,2.09350546150343
2021-09-26,841.789,4.657335008252053,5.670941858556977,2.4946382,-3.55266623614082,9.223608094697797,2.106077813425665
2021-09-27,845.8670000000001,8.732949655676123,5.695607149022779,2.394482,-3.5226804874369737,9.218287636459753,2.1180021115585936
2021-09-28,843.007,5.870663799635396,5.718678698945047,2.3315048,-3.491351479898759,9.210030178843803,2.1292737811909235
2021-09-29,842.148,5.009478315555953,5.74013782018941,2.3438506,-3.458694610363944,9.198832430553354,2.139888433405528
2021-09-30,838.9680000000001,1.827394078863688,5.759966161424772,2.3244424,-3.4247260526501155,9.184692214074888,2.149841868210093
2021-10-01,839.7860000000001,2.643384376576688,5.77814573830895,2.3315675,-3.389462750234034,9.167608488542983,2.1591300776372773
2021-10-02,841.9839999999999,4.839425933381806,5.794658963805075,2.3403745,-3.352922408235313,9.147581372040388,2.167749248810719
2021-10-03,842.314,5.167569224498091,5.809488678582911,2.37732,-3.3151234847070783,9.124612163289989,2.1756957669731296
2021-10-04,842.6080000000001,5.459815113715209,5.822618181458894,2.420936,-3.276085181236934,9.09870336269583,2.1829662184727536
2021-10-05,841.577,4.426843901312958,5.834031259828231,2.4457839,-3.2358274328624086,9.06985869269064,2.189557393704397
2021-10-06,841.178,4.025937331801941,5.84371222004228,2.4512844,-3.1943708973057507,9.03808311734803,2.195466290001308
2021-10-07,838.8910000000001,1.7368363447252042,5.851645917684101,2.4616292,-3.1517369435337983,9.003382861217899,2.200690114474078
2021-10-08,843.759,6.602823878163335,5.857817787695125,2.4247282,-3.107947639649321,8.965765427344445,2.2052262867928367
2021-10-09,843.637,6.478342248993128,5.86221387430561,2.4251301,-3.0630257401210863,8.925239614426696,2.209072441908944
2021-10-10,843.401,6.239935502585707,5.864820860721745,2.4307175,-3.0169946723606085,8.881815533082353,2.212226432712468
2021-10-11,841.7719999999999,4.6086043250275335,5.865626098522221,2.4130802,-2.969878522654254,8.835504621176476,2.214686332621646
2021-10-12,844.069,6.903349402404804,5.86461763671727,2.3867145,-2.9217020214602742,8.786319658177543,2.216450438100698
2021-10-13,852.92,15.752171420804022,5.861784250423364,2.3249602,-2.872490528080867,8.734274778504231,2.2175172711022277
2021-10-14,846.82,9.65007106631143,5.85711546910705,2.3226733,-2.822270014720299,8.67938548382735,2.2178855814306164
2021-10-15,847.19,10.018049025013417,5.850601604351672,2.342717,-2.771067049940677,8.62166865429235,2.2175543490227665
2021-10-16,846.558,9.383267747235823,5.84223377710124,2.3648,-2.718908781527824,8.561142558629063,2.2165227861426176
2021-10-17,847.508,10.330543376680048,5.832003944336044,2.3173563,-2.66582291878028,8.497826863116325,2.21479033948592
2021-10-18,850.445,13.26487647530048,5.819904925135284,2.1881332,-2.611837714235246,8.43174263937053,2.212356692191816
2021-10-19,847.862,10.679267605052049,5.8059304260824005,2.2256773,-2.5569819448458984,8.3629123709283,2.209221765757736
2021-10-20,843.812,6.626717327889516,5.790075065969589,1.9923183,-2.5012848926251845,8.291359958594773,2.205385721854352
2021-10-21,849.352,12.164226205767662,5.77233439975873,1.8269616,-2.4447763247719347,8.217110724530665,2.2008489640372524
2021-10-22,848.694,11.503794800641124,5.752704941756534,1.0223984,-2.387486473295591,8.140191415052126,2.195612139352112
2021-10-23,846.259,9.066423674464946,5.731184187962813,0.85856825,-2.329446014156684,8.060630202119498,2.189676139830252
2021-10-24,841.034,3.839113389193632,5.707770637551507,-0.60852736,-2.270686045940623,7.97845668349213,2.1830421038715206
2021-10-25,844.989,7.79186450678197,5.682463813445089,-1.190582,-2.211238068083061,7.89370188152815,2.175711417511521
2021-10-26,849.195,11.995677589184863,5.655264281944105,-1.330117,-2.151133958665602,7.806398240609708,2.1676857155702987
2021-10-27,839.168,1.966553198356813,5.626173671374487,-1.4088565,-2.090405951801188,7.716579623175675,2.1589668826797217
2021-10-28,841.8330000000001,4.6294918962529925,5.595194689716649,-1.4012023,-2.0290866146290654,7.624281304345715,2.1495570541868494
2021-10-29,843.1070000000001,5.900928222149196,5.562331141181237,-1.3926085,-1.967208823939688,7.529539965120925,2.139458616930694
2021-10-30,844.457,7.248341957240319,5.52758794169806,-1.45984,-1.9048057424504463,7.432393684148506,2.1286742098899385
2021-10-31,841.935,4.72380306122242,5.490971133285616,-1.4422039,-1.841910794753552,7.332881928039169,2.1172067246991677
2021-11-01,839.949,2.735312001653355,5.452487897270252,-1.6709378,-1.7785576429578804,7.231045540228132,2.105059306031429
2021-11-02,837.2239999999999,0.0078692460904212,5.412146566325231,-1.6907269,-1.7147801620470016,7.126926728372233,2.09223535184494
2021-11-03,839.05,1.831475262091537,5.369956635301433,-1.6486344,-1.6506124149759676,7.0205690502774,2.0787385134919343
2021-11-04,840.563,3.342130517214059,5.325928770823047,-1.9379472,-1.5860886275299084,6.912017398352956,2.0645726956877453
2021-11-05,845.6510000000001,8.427660334280775,5.280074819622829,-1.9883869,-1.5212431629677643,6.801317982590593,2.049742056338376
2021-11-06,845.697,8.47123556621617,5.232407815593388,-2.027806,-1.456110496474797,6.688518312068185,2.0342510062248933
2021-11-07,836.619,-0.6091433453582882,5.182941985532337,-1.9771212,-1.3907251894479282,6.573667174980265,2.0181042085431558
2021-11-08,841.259,4.028556453206001,5.131692753560941,-1.9082694,-1.3251218636381294,6.45681461719907,2.0013065782974886
2021-11-09,838.38,1.14730209614246,5.07867674419734,-2.425165,-1.259335175174342,6.338011919371682,1.9838632815470945
2021-11-10,832.272,-4.962905969994821,5.023911784067488,-2.395229,-1.1933997884937626,6.21731157256125,1.9657797345040795
2021-11-11,837.561,0.324137029411963,4.967416902238275,-2.3932126,-1.1273503502033155,6.09476725244159,1.947061602482164
2021-11-12,835.657,-1.5817688339482094,4.909212329159436,-2.4003408,-1.0612214628975372,5.970433792056973,1.92771479869524
2021-11-13,842.5780000000001,5.338001291617632,4.849319494202275,-2.3446379,-0.995047658958018,5.844367153160293,1.907745482905165
2021-11-14,841.149,3.907810174179541,4.787761021785499,-2.32692,-0.9288633743599086,5.716624396145408,1.887160059918203
2021-11-15,836.425,-0.8173416145940022,4.724560726079704,-2.3264275,-0.8627029225107945,5.587263648590499,1.8659651779298232
2021-11-16,840.9910000000001,3.747751824732461,4.659743604284612,-2.29356,-0.7966004681476396,5.456344072432252,1.8441677267175631
2021-11-17,841.5310000000001,4.286880064022529,4.593335828474282,-2.2231588,-0.730590001317221,5.323925829791503,1.8217748356819627
2021-11-18,841.866,4.621043706195987,4.525364736008066,-2.1810749,-0.6647053114656981,5.190070047473764,1.7987938717355856
2021-11-19,840.033,2.787243354172165,4.455858818506567,-2.2487226,-0.5989799616628608,5.054838780169428,1.7752324370404255
2021-11-20,833.024,-4.222591811517017,4.384847709393799,-2.1813025,-0.5334472629865045,4.918294972380303,1.7510983665940396
2021-11-21,835.183,-2.0643080163583765,4.3123621700089725,-2.1308079,-0.4681402490924313,4.780502419101404,1.72639972566498
2021-11-22,840.23,2.9825019357713733,4.238434074292783,-2.0810773,-0.4030916509953016,4.641525725288085,1.7011448070782154
2021-11-23,844.49,7.2423363501883316,4.163096392055395,-2.0530956,-0.3383338720855823,4.501430264140977,1.6753421283513843
2021-11-24,838.348,1.1001959066538811,4.0863831708349965,-1.9936974,-0.2738989634075695,4.360282134242566,1.6490004286828852
2021-11-25,836.135,-1.1129187150709052,4.0083295163578665,-1.9812007,-0.2098185992233355,4.218148115581202,1.6221286657929712
2021-11-26,834.856,-2.391348140094638,3.9289715716125966,-1.9699522,-0.1461240528871727,4.075095624499769,1.5947360126191348
2021-11-27,836.031,-1.215416324416518,3.848346494553384,-1.9398116,-0.08284617305492,3.931192667608304,1.5668318538672517
2021-11-28,838.326,1.0807339061458618,3.7664924344486663,-1.9287894,-0.0200153602522584,3.786507794700925,1.5384257824201022
2021-11-29,837.466,0.221924772087279,3.683448506893869,-1.8749343,0.0423384561742692,3.641110050719599,1.5095275956050076
2021-11-30,837.902,0.6591782946236284,3.5992547675082838,-1.8354199,0.1041858407000207,3.4950689268082624,1.4801472913224802
2021-12-01,840.626,3.38447357191259,3.513952184338493,-1.8020798,0.1654978738357268,3.348454310502767,1.4502950640379872
2021-12-02,835.974,-1.266188540745743,3.4275826089921404,-1.7443845,0.2262461738889413,3.201336435103199,1.4199813006389383
2021-12-03,833.623,-3.615205881850988,3.3401887465279247,-1.6796608,0.2864029182511456,3.053785828276779,1.3892165761593187
2021-12-04,830.838,-6.397778253772324,3.2518141241293024,-1.6274357,0.3459408641886552,2.9058732599406474,1.358011649374374
2021-12-05,834.24,-2.992778446676482,3.1625030585913474,-1.5721148,0.4048333691158686,2.757669689475479,1.3263774582680234
2021-12-06,838.764,1.5344237932082905,3.072300622651589,-1.557365,0.4630544103299377,2.6092462123216515,1.2943251153756763
2021-12-07,841.399,4.172649067019257,2.981252610197678,-1.583215,0.5205786041864467,2.4606740060112315,1.2618659030054264
2021-12-08,839.324,2.1007217606078648,2.8894055003862213,-1.5781386,0.5773812246961174,2.312024275690104,1.2290112683405363
2021-12-09,845.0360000000001,7.815826009301389,2.796806420708672,-1.658341,0.633438221523294,2.1633681991853777,1.1957728184264351
2021-12-10,840.733,3.5155446460396096,2.7035031090419244,-1.6592091,0.6887262373673368,2.0147768716745875,1.1621623150454412
2021-12-11,838.952,1.7372856307148092,2.609543874722561,-1.7720765,0.7432226247088058,1.8663212500137547,1.1281916694826155
2021-12-12,834.963,-2.2489500195016543,2.51497755868545,-2.3289847,0.7969054619028383,1.7180720967826115,1.0938729371862406
2021-12-13,841.7959999999999,4.587302569597373,2.4198534927085635,-3.0594313,0.8497535686028247,1.570099924105739,1.059218312326536
2021-12-14,843.698,6.492567744418292,2.324221457807456,-3.434892,0.9017465204980882,1.4224749373093677,1.0242401222563562
2021-12-15,837.48,0.2778465927321401,2.228131641824206,-3.8128502,0.952864663350022,1.275266978474184,0.9889508218776688
2021-12-16,831.048,-6.150657201549833,2.1316345962566814,-4.1558676,1.0030891263117665,1.1285454699449151,0.9533629879177788
2021-12-17,831.327,-5.868122578593361,2.0347811923756,-4.1000195,1.052401834517265,0.9823793578583346,0.917489313119316
2021-12-18,835.024,-2.167318172351853,1.9376225766776876,-4.081888,1.1007855209262516,0.8368370557514357,0.881342600348112
2021-12-19,841.8449999999999,4.657690998975147,1.8402101257245012,-4.084594,1.1482237374125035,0.6919863883119977,0.8449357566231966
2021-12-20,837.853,0.6694685092647141,1.7425954004177029,-4.068792,1.1947008650833768,0.5478945353343261,0.8082817870732025
2021-12-21,838.819,1.6390173558896448,1.6448300997622485,-4.0754085,1.240202123819529,0.4046279759427191,0.7713937888235596
2021-12-22,836.337,-0.8395338174088316,1.5469660141702142,-4.2504077,1.2847135810244343,0.2622524331457798,0.7342849448189651
2021-12-23,841.124,3.950710452949672,1.449054978358673,-4.8635306,1.3282221595741437,0.1208328187845293,0.6969685175856283
2021-12-24,845.911,8.740921521201702,1.3511488238959406,-5.1661873,1.3707156449585578,-0.0195668210626172,0.6594578429379145
2021-12-25,842.476,5.309012200711777,1.2532993314511904,-5.567001,1.4121826916062843,-0.158883360155094,0.6217663236340344
2021-12-26,833.388,-3.7760855968934575,1.1555581828032389,-5.8147416,1.4526128283860358,-0.2970546455827969,0.5839074229855005
2021-12-27,836.7560000000001,-0.4050970793904902,1.0579769126647265,-6.1506577,1.4919964632783096,-0.4340195506135833,0.5458946584251391
2021-12-28,838.879,1.7203375995127104,0.9606068603787172,-6.173054,1.5303248872119868,-0.5697180268332697,0.5077415950384377
2021-12-29,841.342,4.185720596885482,0.8634991215449561,-6.3164682,1.5675902770613648,-0.7040911555164087,0.4694618390631453
2021-12-30,837.388,0.233975096945441,0.7667044996336525,-6.2910366,1.6037856977999556,-0.8370811981663031,0.431069031361952
2021-12-31,840.3159999999999,3.164037758859528,0.67027345764481,-6.296345,1.638905103808293,-0.968631646163483,0.3925768408732465
2022-01-01,835.947,-1.2032429468290768,0.574256069871517,-6.268643,1.6729433393338773,-1.0986872694623604,0.3539989580448564
2022-01-02,835.665,-1.4828804871166348,0.4787019738257336,-6.2181263,1.7058961381022495,-1.227194164276516,0.3153490882557737
2022-01-03,830.327,-6.818415656935549,0.3836603223852367,-6.5870547,1.7377601220790535,-1.354099799693817,0.2766409452308532
2022-01-04,833.0419999999999,-4.100681859564774,0.2891797362204292,-6.8964634,1.7685327993839104,-1.4793530631634813,0.2378882444534774
2022-01-05,831.879,-5.261012067399544,0.1953082565596621,-6.988149,1.798212561357703,-1.6029043047980407,0.1991046965812124
2022-01-06,836.445,-0.6924187322503803,0.102093298351688,-7.030637,1.826798678785872,-1.7247053804341836,0.1603040008694519
2022-01-07,841.665,4.530099252814543,0.0095816038835346,-7.2154455,1.8542912972811088,-1.8447096933975744,0.1214998386080505
2022-01-08,832.0340000000001,-5.098757911850488,-0.082180803087975,-7.126583,1.8806914318298036,-1.9628722349177783,0.0827058665759388
2022-01-09,832.834,-4.296682474324339,-0.1731486626333699,-7.048649,1.9060009605073875,-2.0791496231407574,0.0439357105187175
2022-01-10,834.659,-2.469562185330361,-0.2632775233189189,-6.96492,1.930222617368728,-2.193500140687647,0.0052029586541487
2022-01-11,831.035,-6.091441645850505,-0.3525237861893516,-6.8996553,1.953359984520424,-2.305883770709776,-0.0334788447895035
2022-01-12,830.9680000000001,-6.1564045765953725,-0.4408447480085883,-6.826312,1.9754174833828877,-2.416262231391476,-0.0720962059973987
2022-01-13,835.543,-1.5794498816939733,-0.5281986437027927,-6.7618055,1.9964003651508209,-2.5245990088536137,-0.1106356879494298
2022-01-14,836.6,-0.5205764652742904,-0.6145446879506761,-6.683179,2.0163147004616464,-2.6308593884123224,-0.1490839167541484
2022-01-15,831.664,-5.454783231465165,-0.6998431158668518,-6.5985765,2.0351673682822136,-2.735010484149065,-0.1874275879304722
2022-01-16,832.3629999999999,-4.754069084394807,-0.784055222724891,-6.5208,2.0529660440249837,-2.837021266749874,-0.2256534726325334
2022-01-17,832.08,-5.035418517716071,-0.8671434026675057,-6.444793,2.069719186905695,-2.936862589573201,-0.2637484238129224
2022-01-18,829.591,-7.522844454444158,-0.9490711863524864,-6.3649054,2.085436026555317,-3.0345072129078035,-0.3016993823198085
2022-01-19,828.101,-9.011345796573616,-1.0298032774838348,-6.2891603,2.1001265488998984,-3.129929826383733,-0.3394933829233648
2022-01-20,836.8370000000001,-0.2739214460986021,-1.1093055881789526,-6.2581964,2.113801481322695,-3.223107069501648,-0.377117560267043
2022-01-21,829.583,-7.526584715489864,-1.1875452731235463,-6.186644,2.126472277123736,-3.314017550247282,-0.4145591547393206
2022-01-22,826.37,-10.738306077378873,-1.2644907624676498,-6.0947814,2.1381510992927355,-3.4026418617603853,-0.4518055182616307
2022-01-23,831.899,-5.208098454781217,-1.3401117934169318,-6.0077415,2.148850803611968,-3.4889625970289,-0.4888441199882349
2022-01-24,834.28,-2.825687445894477,-1.414379440475382,-5.9333167,2.158584921106488,-3.572964361581869,-0.52566255191394
2022-01-25,833.461,-3.643337829776203,-1.487266144296485,-5.8470464,2.167367639859724,-3.654633784156209,-0.5622485343856053
2022-01-26,832.681,-4.421889633820726,-1.5587457391017587,-5.7500515,2.175213786213225,-3.733959525314984,-0.5985899215135199
2022-01-27,831.118,-5.983418425203504,-1.6287934786269107,-5.649327,2.182138805369881,-3.810932283996792,-0.6346747064788074
2022-01-28,827.64,-9.459802777398084,-1.6973860605577142,-5.5567684,2.1881587414207706,-3.885544801978485,-0.6704910267331541
2022-01-29,831.174,-5.924232154207645,-1.7645016494190109,-5.467735,2.193290216816153,-3.957791866235164,-0.7060271690872185
2022-01-30,833.5360000000001,-3.5607053530905706,-1.830119897882479,-5.406711,2.197550411302004,-4.027670309184483,-0.7412715746842421
2022-01-31,837.625,0.5297788284949574,-1.8942219664599909,-5.383417,2.200957040343824,-4.095179006803815,-0.7762128438554527
2022-02-01,831.58,-5.513974369300136,-1.95679054155172,-5.3184056,2.203528333060164,-4.160318874611884,-0.8108397408540337
2022-02-02,829.932,-7.160773106608051,-2.017809851819747,-5.2820106,2.205283009688759,-4.223092861508506,-0.8451411984644681
2022-02-03,829.957,-7.134616209906562,-2.0772656828598257,-5.2535796,2.20624025860872,-4.283505941468546,-0.879106322484291
2022-02-04,830.283,-6.807502505673016,-2.1351453901460933,-5.2184863,2.206419712942661,-4.3415651030887545,-0.9127243960753236
2022-02-05,831.628,-5.461430820385293,-2.191437910225308,-5.1528735,2.20584142676313,-4.397279336988438,-0.9459848839816752
2022-02-06,829.868,-7.220399980520806,-2.246133770139333,-5.069176,2.20452585092815,-4.450659621067484,-0.9788774366118492
2022-02-07,827.387,-9.700408812557496,-2.2992250950567046,-5.001071,2.2024938085710475,-4.5017189036277525,-1.0113918939825228
2022-02-08,828.577,-8.509456142972471,-2.3507056140960105,-4.935503,2.199766470270159,-4.55047208436617,-1.0435182895216082
2022-02-09,831.689,-5.396540798243826,-2.40057066432619,-4.8798757,2.1963653289242964,-4.596935993250487,-1.075246853728433
2022-02-10,832.9590000000001,-4.125661604848728,-2.4488171929308478,-4.82298,2.1923121743602807,-4.6411293672911285,-1.1065680176889705
2022-02-11,828.4979999999999,-8.585817389265257,-2.495443757525871,-4.7558255,2.1876290676990138,-4.683072825224885,-1.1374724164441887
2022-02-12,831.928,-5.155006977970729,-2.540450524621944,-4.675274,2.1823383155069487,-4.722788840128892,-1.1679508922097888
2022-02-13,831.6850000000001,-5.39722919744273,-2.583839266225623,-4.593591,2.1764624437599496,-4.760301709985573,-1.197994497445683
2022-02-14,828.943,-8.13828691176834,-2.625613354575055,-4.5489235,2.1700241716468667,-4.795637526221922,-1.2275944977737712
2022-02-15,836.4169999999999,-0.6633695847507282,-2.6657777550084187,-4.5216894,2.16304638524016,-4.828824140248579,-1.2567423747426651
2022-02-16,833.9029999999999,-3.176660122523974,-2.70433901696575,-4.4683022,2.1555521110612363,-4.8598911280269865,-1.2854298284382413
2022-02-17,829.382,-7.696794108147753,-2.741305263126768,-4.4250264,2.14756448956817,-4.888869752694938,-1.313648779938961
2022-02-18,828.015,-9.06294947206716,-2.7766861766898803,-4.3560457,2.139106748593584,-4.915792925283464,-1.3413913736151215
2022-02-19,830.8689999999999,-6.20812501174026,-2.8104929867995345,-4.291505,2.1302021767605908,-4.940695163560125,-1.36864997927134
2022-02-20,835.792,-1.28431952462517,-2.8427384521316656,-4.250409,2.1208740969046307,-4.963612549036297,-1.3954171941316789
2022-02-21,836.2429999999999,-0.8325318081802457,-2.8734368426489896,-4.266985,2.111145839529158,-4.984582682178147,-1.4216858446670475
2022-02-22,831.921,-5.153734221119573,-2.9026039195403763,-4.307026,2.101040716322959,-5.003644635863335,-1.4474489882646042
2022-02-23,839.2610000000001,2.187047270002645,-2.9302569133607066,-4.281184,2.090581993767001,-5.020838907127708,-1.4726999147390771
2022-02-24,831.515,-5.558396675667711,-2.956414500389776,-4.2297907,2.079792866858442,-5.036207367248218,-1.4974321476860557
2022-02-25,830.939,-6.133858576745896,-2.981096777231331,-4.17488,2.0686964329794635,-5.049793210210794,-1.5216394456774496
2022-02-26,829.2929999999999,-7.77933725795449,-3.0043252336751567,-4.120346,2.0573156659383542,-5.061640899613511,-1.5453158032994776
2022-02-27,828.4970000000001,-8.574831544015202,-3.026122723847708,-4.1197577,2.0456733902101307,-5.071796114057839,-1.5684554520337073
2022-02-28,829.765,-7.306340259651017,-3.0465134356786545,-4.1442714,2.0337922554037573,-5.080305691082412,-1.591052860981761
2022-03-01,830.442,-6.628862229583572,-3.065522858713147,-4.1332035,2.021694710982854,-5.087217569696001,-1.6131027374345308
2022-03-02,835.2389999999999,-1.8313962785354287,-3.083177750301403,-4.0990043,2.0094029812663767,-5.09258073156778,-1.6346000272868133
2022-03-03,831.212,-5.857941231228681,-3.0995061001996884,-4.142994,1.9969390407356689,-5.096445140935357,-1.655539915298489
2022-03-04,833.395,-3.6744959123855647,-3.114537093618478,-4.1287575,1.9843245896737525,-5.098861683292231,-1.6759178252034257
2022-03-05,837.386,0.3169408532715225,-3.128301072755875,-4.1521316,1.9715810301625691,-5.0998821029184445,-1.6957294196675297
2022-03-06,830.395,-6.673641612694566,-3.1408294968562016,-4.091387,1.9587294424633277,-5.099558939319529,-1.7149706000974183
2022-03-07,827.017,-10.051230603402924,-3.152154900835659,-4.023404,1.945790561804877,-5.097945462640536,-1.7336375063013545
2022-03-08,832.014,-5.053824945331104,-3.162310852518922,-3.9584057,1.932784755604496,-5.095095608123418,-1.7517265160042357
2022-03-09,831.514,-5.5534234649567935,-3.1713319085322498,-3.9152029,1.9197320011450407,-5.09106390967729,-1.7692342442185296
2022-03-10,835.0490000000001,-2.0180249887573414,-3.1792535689007235,-3.8552089,1.9066518637319785,-5.085905432632702,-1.786157542473182
2022-03-11,831.585,-5.481628343210811,-3.186112230398711,-3.7888012,1.8935634753532524,-5.079675705751964,-1.8024934979026608
2022-03-12,834.781,-2.2852323547944824,-3.191945138704587,-3.7343721,1.8804855138644272,-5.072430652569015,-1.8182394321984037
2022-03-13,830.38,-6.685835849986034,-3.196790339412289,-3.8420136,1.867436182721061,-5.06422652213335,-1.833392900425065
2022-03-14,832.12,-4.945437655263025,-3.20068662795392,-3.7814887,1.8544331912795644,-5.055119819233484,-1.8479516897040744
2022-03-15,834.745,-2.320036597103268,-3.203673498489046,-4.0236063,1.8414937356872885,-5.045167234176335,-1.861913817767114
2022-03-16,833.1220000000001,-3.94263150198408,-3.205791091817967,-3.9580915,1.8286344803819683,-5.034425572199935,-1.87527753138224
2022-03-17,831.579,-5.485221196383547,-3.207080142377536,-3.9152403,1.8158715402199563,-5.022951682597492,-1.8880413046554927
2022-03-18,830.312,-6.751804506778696,-3.207581924379431,-3.8541853,1.803220463252041,-5.010802387631472,-1.9002038372109171
2022-03-19,839.921,2.857619740352426,-3.207338197152188,-3.9143107,1.7906962141649796,-4.998034411317168,-1.9117640522519868
2022-03-20,832.12,-4.943107618140977,-3.2063911497492827,-3.8583775,1.7783131584061254,-4.984704308155408,-1.9227210945076187
2022-03-21,835.718,-1.3448249068506444,-3.204783344887022,-3.8222818,1.766085047007885,-4.970868391894907,-1.9330743280659028
2022-03-22,836.7470000000001,-0.3155309763373308,-3.2025576622766114,-3.7965693,1.7540250021279111,-4.9565826644045226,-1.942823334098903
2022-03-23,832.26,-4.802656815086268,-3.1997572414162723,-3.7370453,1.7421455033202662,-4.941902744736538,-1.95196790848185
2022-03-24,832.188,-4.874780878612273,-3.196425423909718,-3.6421287,1.7304583745519366,-4.926883798461654,-1.9605080593101956
2022-03-25,831.4899999999999,-5.572902081469974,-3.192605695378472,-3.5375462,1.7189747719783848,-4.911580467356857,-1.968444004318037
2022-03-26,837.85,0.7869806617860275,-3.1883416270360923,-3.439445,1.7077051724909482,-4.89604679952704,-1.9757761682014912
2022-03-27,838.846,1.7828540261252162,-3.1836768169931142,-3.3597713,1.696659363048116,-4.88033618004123,-1.982505179850659
2022-03-28,837.797,0.7332941423093988,-3.178654831362063,-3.4594193,1.6858464308018546,-4.864501262163918,-1.9886318694938936
2022-03-29,833.533,-3.531335132046018,-3.1733191452325564,-3.419821,1.6752747540294226,-4.848593899261979,-1.994157265758096
2022-03-30,834.957,-2.107970081280926,-3.1677130835866585,-3.3877344,1.66495199388006,-4.832665077466718,-1.9990825926488889
2022-03-31,837.097,0.031390303352718,-3.1618797622253267,-3.3200016,1.6548850869453091,-4.816764849170636,-2.003409266454456
2022-04-01,838.1030000000001,1.03646610040093,-3.1558620287768653,-3.236921,1.645080238660699,-4.800942267437565,-2.007138892576986
2022-04-02,832.866,-4.201673441561117,-3.1497024038585377,-3.1676235,1.6355429175456948,-4.785245321404233,-2.010273262295598
2022-04-03,837.92,0.8511721288288792,-3.1434430224624923,-3.111768,1.6262778502879571,-4.769720872750449,-2.012814349464716
2022-04-04,843.953,6.882971815882172,-3.137125575637444,-3.2726743,1.6172890176770396,-4.754414593314484,-2.0147643071518666
2022-04-05,841.33,4.258552422000269,-3.130791252537089,-3.255108,1.608579651391743,-4.739370903928831,-2.016125464218878
2022-04-06,834.675,-2.398204816657257,-3.124480682906432,-3.1862261,1.6001522316444978,-4.72463291455093,-2.016900321850516
2022-04-07,830.832,-6.242981157449566,-3.1182338800766862,-3.1045933,1.5920084856851795,-4.710242365761866,-2.017091550034523
2022-04-08,838.0490000000001,0.9722242524599408,-3.112090184539333,-3.0451467,1.5841493871659131,-4.696239571705246,-2.016701983997159
2022-04-09,839.5169999999999,2.4377904427030144,-3.1060882081692696,-2.9864151,1.576575156367522,-4.682663364536792,-2.015734620598192
2022-04-10,844.841,7.758619957804803,-3.10026577916659,-2.95687,1.5692852612872632,-4.669551040453854,-2.0141926146894167
2022-04-11,829.731,-7.355802068573905,-3.094659887786061,-3.210042,1.5622784195867494,-4.65693830737281,-2.0120792754406827
2022-04-12,838.568,1.4767426102078955,-3.0893066329224355,-3.264034,1.5555526013979544,-4.64485923432039,-2.009398062637443
2022-04-13,832.551,-4.544898094579835,-3.084241169619235,-3.3758307,1.549105032984268,-4.633346202603503,-2.0061525829538045
2022-04-14,836.7860000000001,-0.3145742613175706,-3.079497657567658,-3.7215018,1.5429322012528013,-4.62242985882046,-2.0023465862050465
2022-04-15,840.568,3.462714561563444,-3.0751092106614024,-3.7219887,1.5370298591130798,-4.612139069774482,-1.9979839615835209
2022-04-16,835.029,-2.082047461386412,-3.0711078476721543,-4.175337,1.5313930316765334,-4.602500879348687,-1.99306873388186
2022-04-17,828.018,-9.098820551805789,-3.067524444109484,-4.1045127,1.526016023290199,-4.5935404673996825,-1.9876050597073496
2022-04-18,830.787,-6.335604412427419,-3.064388685327671,-4.111863,1.520892425397247,-4.585281110724917,-1.9815972236912915
2022-04-19,836.855,-0.2733987459835409,-3.0617290209406685,-4.3087664,1.5160151252160068,-4.577744146156675,-1.975049634697145
2022-04-20,836.838,-0.2962032552068567,-3.05957262060536,-4.4028583,1.511376315228431,-4.570948935833791,-1.9679668220311783
2022-04-21,835.204,-1.9360176428295253,-3.057945331231508,-4.706629,1.5069675034679189,-4.564912834699427,-1.9603534316593247
2022-04-22,834.1560000000001,-2.9898416115841533,-3.056871635675673,-4.724375,1.5027795245957802,-4.559651160271454,-1.952214222433859
2022-04-23,828.067,-9.084674864203263,-3.056374612974525,-4.6644044,1.4988025517546,-4.555177164729125,-1.943554062333456
2022-04-24,828.1650000000001,-8.992517103419264,-3.056475900171685,-4.5638165,1.495026109186161,-4.551502009357846,-1.934377924720168
2022-04-25,831.466,-5.697368031964648,-3.057195655790274,-4.473178,1.491439085600575,-4.54863474139085,-1.9246908846167197
2022-04-26,826.538,-10.63122735257178,-3.0585525250016974,-4.387669,1.4880297482826612,-4.546582273284359,-1.9144981150075104
2022-04-27,830.409,-6.766094767973335,-3.060563606539505,-4.280759,1.4847857579207575,-4.545349364460263,-1.9038048831666048
2022-04-28,836.3810000000001,-0.7999699809014142,-3.063244421405005,-4.242073,1.481694184142376,-4.544938605547381,-1.8926165470159355
2022-04-29,835.0790000000001,-2.107852694088934,-3.0666088834097645,-4.158929,1.4787415217405224,-4.545350405150287,-1.8809385515168409
2022-04-30,832.229,-4.963742610268017,-3.070669271597642,-4.1700177,1.4759137075735522,-4.546582979171194,-1.868776425097991
2022-05-01,834.262,-2.9366394321714298,-3.0754362045874304,-4.114361,1.4731961381209635,-4.548632342708395,-1.856135776122674
2022-05-02,841.168,3.9634571374688328,-3.080918616874745,-4.134485,1.4705736876767184,-4.551492304551464,-1.8430222893982844
2022-05-03,828.1469999999999,-9.063659400445456,-3.087123737129701,-4.0807877,1.4680307271610409,-4.555154464290742,-1.8294417227308448
2022-05-04,828.9649999999999,-8.25178602836755,-3.094057068524822,-3.988327,1.4655511435310449,-4.559608212055867,-1.815399903527186
2022-05-05,836.2349999999999,-0.9879224797698472,-3.10172237112524,-4.0218973,1.4631183597698698,-4.56484073089511,-1.8009027254474168
2022-05-06,828.8149999999999,-8.414068488124162,-3.110121646370958,-4.101974,1.460715355433474,-4.570837001804432,-1.7859561451101569
2022-05-07,828.4240000000001,-8.811045155319741,-3.119255123678618,-4.1555986,1.4583246877335656,-4.577579811412184,-1.7705661788529006
2022-05-08,831.842,-5.399025992292776,-3.1291212491878584,-4.2412663,1.4559285131347193,-4.585049762322578,-1.7547388995498263
2022-05-09,835.886,-1.3610107060622934,-3.1397166766748037,-4.299353,1.4535086094430605,-4.593225286117864,-1.7384804334891877
2022-05-10,834.877,-2.3759990036472924,-3.1510362606529267,-4.293572,1.4510463983635595,-4.602082659016486,-1.7217969573123908
2022-05-11,828.688,-8.570898719515052,-3.163073051678849,-4.2166276,1.4485229685023069,-4.611596020181156,-1.7046946950166753
2022-05-12,828.812,-8.452798936699859,-3.1758182938783204,-4.188774,1.4459190987898851,-4.621737392668206,-1.687179915023289
2022-05-13,833.857,-3.4136993486160314,-3.1892614247048336,-4.159605,1.4432152823013351,-4.632476707006169,-1.669258927312844
2022-05-14,831.073,-6.203599648677265,-3.2033900769410253,-4.1182885,1.440391750447975,-4.643781827389001,-1.6509380806295233
2022-05-15,833.178,-4.104499530297762,-3.2181900829501533,-4.021579,1.4374284975158218,-4.655618580465975,-1.6322237597555926
2022-05-16,832.8370000000001,-4.4513986868915865,-3.2336454811825965,-3.9313972,1.4343053055251116,-4.667950786707708,-1.6131223828576684
2022-05-17,825.426,-11.868296811872812,-3.249738524939385,-3.8200078,1.4310017693850134,-4.680740294324399,-1.593640398905949
2022-05-18,832.5160000000001,-4.7841935986554445,-3.266449693392538,-3.7350523,1.4274973223174017,-4.69394701570994,-1.5737842851676405
2022-05-19,839.361,2.0549112593464907,-3.2837577048588997,-3.6726947,1.423771261523225,-4.7075289663821245,-1.5535605447755545
2022-05-20,835.05,-2.262740257008808,-3.301639532321876,-3.597509,1.4198027740648054,-4.721442306386681,-1.532975704372855
2022-05-21,827.1659999999999,-10.153373601635495,-3.32007042119271,-3.5091517,1.4155709629371698,-4.735641384129879,-1.5120363118347235
2022-05-22,828.554,-8.771988582987131,-3.339023909300051,-3.4111345,1.411054873301333,-4.750078782601384,-1.4907489340676647
2022-05-23,836.186,-1.1465850095168566,-3.358471849094463,-3.3338299,1.4062335188522948,-4.764705367946758,-1.4691201548870112
2022-05-24,834.508,-2.831162689678334,-3.378384432051304,-3.2821946,1.4010859082943818,-4.779470340345686,-1.447156572973069
2022-05-25,832.792,-4.553721431924646,-3.398730215253158,-3.2155373,1.395591071896468,-4.794321287149626,-1.424864799906307
2022-05-26,838.148,0.7957389552906431,-3.4194761501302717,-3.1312,1.3897280880995144,-4.8092042382297855,-1.4022514582817338
2022-05-27,835.0640000000001,-2.2956342547486823,-3.4405876133348627,-3.0867872,1.383476110148855,-4.824063723483718,-1.3793231799026422
2022-05-28,829.385,-7.981974179648489,-3.462028439722568,-3.1553607,1.3768143927236358,-4.838842832446204,-1.3560866040536916
2022-05-29,846.9689999999999,9.59471924305884,-3.483760957411837,-3.1808755,1.3697223185357632,-4.8534832759476005,-1.3325483758532168
2022-05-30,837.448,0.0660167302660159,-3.5057460248894228,-3.1519482,1.3621794248708792,-4.8679254497603015,-1.308715144684546
2022-05-31,836.7719999999999,-0.6178147484440597,-3.5279430701277708,-3.075321,1.3541654300438024,-4.882108500171573,-1.2845935627059937
2022-06-01,835.2389999999999,-2.158607707995825,-3.550310131677564,-2.988377,1.3456602597411391,-4.895970391418704,-1.2601902834390797
2022-06-02,836.912,-0.4933621762510416,-3.572803901696235,-2.9024827,1.336644073223701,-4.909447974919936,-1.235511960434427
2022-06-03,834.054,-3.3590781810715384,-3.595379770870943,-2.8371482,1.3270972893616857,-4.922477060232628,-1.2105652460147085
2022-06-04,833.992,-3.4286276623525715,-3.617991875192218,-2.8801296,1.3170006124756857,-4.9349924876679045,-1.1853567900938424
2022-06-05,835.8520000000001,-1.5760534412939735,-3.640593144531842,-3.230993,1.3063350579567683,-4.9469282024886105,-1.1598932390716206
2022-06-06,827.1129999999999,-10.322256485977883,-3.663135352976844,-3.1711674,1.2950819776391629,-4.958217330616007,-1.134181234802796
2022-06-07,835.0260000000001,-2.4163186980934945,-3.685569170868764,-3.0802982,1.2832230848993167,-4.968792255768081,-1.1082274136395684
2022-06-08,838.427,0.977670576018136,-3.70784421849545,-3.004176,1.270740479455404,-4.978584697950854,-1.0820384055463514
2022-06-09,838.75,1.2933343445108134,-3.729909121380508,-2.8992941,1.2576166718416173,-4.987525793222125,-1.0556208332855483
2022-06-10,831.6949999999999,-5.76953664476249,-3.751711567113481,-2.8323536,1.2438346075319688,-4.99554617464545,-1.0289813116730306
2022-06-11,837.26,-0.212334209777266,-3.773198363661865,-2.803987,1.229377690688734,-5.002576054350598,-1.0021264469019089
2022-06-12,842.825,5.343804066000265,-3.794315499104087,-3.0051904,1.2142298075108937,-5.00854530661498,-0.975062835933075
2022-06-13,836.244,-1.2464616904944226,-3.8150082027208296,-2.975503,1.1983753491585625,-5.013383551879392,-0.9477970659509702
2022-06-14,834.865,-2.6346188244903086,-3.8352210073802433,-2.9350865,1.181799234229643,-5.017020241609886,-0.9203357138828951
2022-06-15,841.041,3.5325109412352536,-3.854897813150823,-2.8669872,1.164486930765545,-5.019384743916368,-0.8926853459801559
2022-06-16,832.24,-5.27761643807035,-3.873981952074205,-2.7892299,1.1464244777631727,-5.020406429837378,-0.8648525174592144
2022-06-17,840.962,3.435378841202219,-3.8924162540284506,-2.7541323,1.1275985061709886,-5.020014760199439,-0.8368437722010013
2022-06-18,829.2819999999999,-8.254488533154777,-3.91014311361098,-2.7325861,1.1079962593474442,-5.018139372958424,-0.8086656425064453
2022-06-19,834.3660000000001,-3.180206809394635,-3.927104557968854,-2.6657615,1.087605612960619,-5.014710170929473,-0.7803246489062171
2022-06-20,838.076,0.5202234783674422,-3.9432423155027303,-2.581461,1.0664150943084525,-5.009657409811183,-0.7518273000226209
2022-06-21,835.384,-2.182895677419354,-3.958497885369749,-2.4950092,1.0444139010396418,-5.002911786409391,-0.7231800924815572
2022-06-22,831.908,-5.66982044590165,-3.972812607709117,-2.4152322,1.0215919192557437,-4.9944045269648605,-0.69438951087236
2022-06-23,831.609,-5.979459746997764,-3.986127734513407,-2.3312013,0.9979397409757724,-4.984067475489179,-0.6654620277533072
2022-06-24,834.525,-3.0737699851093803,-3.998384501067342,-2.2365563,0.9734486809451406,-4.971833182012483,-0.6364041037005592
2022-06-25,830.875,-6.733882068291669,-4.009524197875083,-2.142829,0.9481107927715396,-4.957634990646623,-0.6072221873982129
2022-06-26,830.981,-6.637796755600866,-4.0194882429960535,-2.0507777,0.9219188843709084,-4.941407127366962,-0.5779227157671524
2022-06-27,838.232,0.6038795586978658,-4.028218254708788,-1.9454504,0.8948665327075112,-4.9230847874163,-0.5485121141303185
2022-06-28,833.625,-4.012674016311604,-4.035656124421485,-1.8502898,0.8669480978126409,-4.902604222234126,-0.5189967964119973
2022-06-29,830.677,-6.970031250716746,-4.041744089747468,-1.7925942,0.8381587360674038,-4.879902825814871,-0.4893831653687316
2022-06-30,841.837,4.181201454807207,-4.046424807663321,-1.7220938,0.8084944127356088,-4.85491922039893,-0.4596776128493606
2022-07-01,840.025,2.359562674550445,-4.049641427666994,-1.6515385,0.7779519137336091,-4.827593341400602,-0.4298865200817765
2022-07-02,838.5550000000001,0.8797636458683389,-4.051337664853015,-1.5909535,0.7465288566247223,-4.7978665214777365,-0.4000162579838726
2022-07-03,844.817,7.132117186242432,-4.051457872821776,-1.542176,0.714223700826595,-4.76568157364837,-0.3700731874962339
2022-07-04,840.53,2.835466541504952,-4.049947116339555,-1.5232105,0.6810357570206091,-4.730982873360165,-0.3400636599340303
2022-07-05,839.6980000000001,1.9938465490621449,-4.046751243666328,-1.5143558,0.6469651957533744,-4.693716439419702,-0.3099940173556388
2022-07-06,832.7639999999999,-4.949792235713922,-4.041816958468157,-1.4626654,0.6120130552209749,-4.653830013689132,-0.2798705929454904
2022-07-07,831.986,-5.736796790465306,-4.035091891231317,-1.4103203,0.5761812482275331,-4.6112731394588495,-0.2496997114086175
2022-07-08,841.007,3.275745238543445,-4.02652467009576,-1.3398218,0.539472568310505,-4.565997238406265,-0.2194876893744421
2022-07-09,834.419,-3.3206081745105065,-4.016064991025515,-1.2622597,0.5018906950258433,-4.517955686051359,-0.1892408358072968
2022-07-10,844.0210000000001,6.273592483178523,-4.003663687234584,-1.2041923,0.4634401983870588,-4.467103885621643,-0.1589654524212287
2022-07-11,841.97,4.21381907238914,-3.989272797787051,-1.1329644,0.4241265424530469,-4.4133993402400975,-0.1286678340966184
2022-07-12,834.514,-3.2510986843707554,-3.972845635291137,-1.0570959,0.3839560880603129,-4.35680172335145,-0.0983542692962053
2022-07-13,837.533,-0.2404308689329095,-3.954336852607448,-0.98084646,0.3429360946961444,-4.297272947303592,-0.0680310404780898
2022-07-14,838.4979999999999,0.7161956252704496,-3.933702508492683,-0.9129571,0.3010747215100707,-4.234777230002754,-0.0377044245033613
2022-07-15,838.1410000000001,0.3503954390334609,-3.910900132100991,-0.8586995,0.2583810274618006,-4.169281159562791,-0.0073806930359819
2022-07-16,841.9839999999999,4.18489863912394,-3.8858887862660874,-0.8100864,0.2148649706046246,-4.100753756870711,0.0229338870673692
2022-07-17,837.099,-0.7088469832507904,-3.85862912948865,-0.75006443,0.170537406504236,-4.029166535992887,0.0532330533797836
2022-07-18,839.819,2.0023247403722984,-3.829083476554427,-0.6951975,0.1254100857935679,-3.954493562347994,0.083510547541151
2022-07-19,833.313,-4.512773737619312,-3.79721585770993,-0.6353644,0.0794956508652504,-3.876711508575181,0.1137601149119452
2022-07-20,837.76,-0.0745172881496429,-3.762992076324175,-0.56458396,0.0328076317040158,-3.795799708028191,0.1439755042459049
2022-07-21,839.707,1.8639144669099237,-3.726379764966004,-0.49711782,-0.0146395591377402,-3.711740205828264,0.1741504673836971
2022-07-22,842.158,4.3066885690228975,-3.6873484398284986,-0.44088176,-0.0628306324172724,-3.6245178074112254,0.2042787589696056
2022-07-23,836.5899999999999,-1.2697359680504423,-3.645869553433347,-0.3838503,-0.1117494289267682,-3.5341201245065785,0.2343541361932622
2022-07-24,838.403,0.534748715635537,-3.6019165455499365,-0.34266272,-0.1613789270611081,-3.440537618488829,0.2643703585583127
2022-07-25,836.8670000000001,-1.0096047221247666,-3.5554648922656558,-0.31769484,-0.2117012512214958,-3.34376364104416,0.2943211876799245
2022-07-26,837.977,0.0923800468043847,-3.506492153145801,-0.27457014,-0.2626976810479084,-3.2437944720978926,0.3242003871129301
2022-07-27,840.004,2.111594298680318,-3.4549780164234405,-0.22537667,-0.3143486614722365,-3.140629354951204,0.3540017222123555
2022-07-28,835.453,-2.447085381757507,-3.400904342161567,-0.19236013,-0.3666338135833865,-3.03427052857818,0.3837189600280208
2022-07-29,842.5820000000001,4.674826785237988,-3.3442552033320934,-0.16779043,-0.4195319462948211,-2.924723257037272,0.4133458692348301
2022-07-30,839.386,1.4717803984508908,-3.2850169247582324,-0.13736826,-0.4730210688041789,-2.811995855954053,0.4428762201002739
2022-07-31,838.7090000000001,0.7862476411804256,-3.223178119869188,-0.10728653,-0.5270784038340096,-2.6960997160351785,0.472303784490637
2022-08-01,840.7099999999999,2.779117185971881,-3.1587297252182327,-0.08583508,-0.5816804016418488,-2.577049323576384,0.5016223359173081
2022-08-02,841.433,3.491738737764363,-3.091665032717823,-0.09539952,-0.636802754787082,-2.454862277930741,0.530825649624495
2022-08-03,842.42,4.46690778669058,-3.0219797195474705,-0.05477503,-0.6924204136415549,-2.3295593059059154,0.5599075027196123
2022-08-04,844.015,6.050347905289895,-2.9496718756929017,-0.013762082,-0.748507602629964,-2.201164273062938,0.5888616743474956
2022-08-05,838.247,0.271148912555736,-2.8747420290773134,-0.00095892727,-0.8050378371855396,-2.069704191891774,0.6176819459095492
2022-08-06,840.382,2.395507872290544,-2.7971931682482403,0.025312154,-0.861983941405834,-1.935209226842406,0.6463621013288106
2022-08-07,833.8729999999999,-4.123578159618139,-2.717030762586032,0.075992554,-0.9193180663928018,-1.7977126961932302,0.6748959273618772
2022-08-08,831.5550000000001,-6.451026112633963,-2.6342627800027127,0.1217003,-0.9770117092607168,-1.6572510707419958,0.7032772139585453
2022-08-09,821.259,-16.75570048517364,-2.5488997021026383,0.16180348,-1.0350357327948765,-1.5138639693077618,0.7314997546699038
2022-08-10,831.7710000000001,-6.251343206382055,-2.4609545367790675,0.1949087,-1.0933603857434968,-1.3675941510355707,0.7595573471055771
2022-08-11,833.279,-4.74995967967606,-2.370442828223587,0.23613822,-1.151955323724565,-1.2184875044990222,0.7874437934407156
2022-08-12,831.0920000000001,-6.943221166044861,-2.2773826643281025,0.2836172,-1.2107896307289194,-1.0665930335991831,0.8151529009732296
2022-08-13,837.484,-0.5567286635531907,-2.181794681461922,0.3258327,-1.2698318412003216,-0.9119628402616003,0.8426784827317055
2022-08-14,835.317,-2.7286885743814544,-2.083702066609315,0.36497834,-1.3290499626726662,-0.7546521039366489,0.8700143581343469
2022-08-15,835.438,-2.6122718030687797,-1.98313055685586,0.38468352,-1.3884114989441438,-0.5947190579117161,0.8971543536991882
2022-08-16,841.384,3.3297266434637347,-1.88010843621464,0.40807474,-1.4478834737675856,-0.4322249624470542,0.9240923038057622
2022-08-17,839.7529999999999,1.6952715762164488,-1.7746665297864332,0.42685524,-1.5074324550358194,-0.2672340747506139,0.9508220515083088
2022-08-18,845.314,7.253360218218404,-1.6668381952508349,0.4468255,-1.5670245794404345,-0.0998136158104003,0.9773374494005318
2022-08-19,835.357,-2.7061937181029574,-1.5566593116881602,0.48844638,-1.626625577581979,0.0699662658938184,1.0036323605318112
2022-08-20,840.913,2.8480462347578825,-1.444168265735098,0.5182284,-1.6862007995091652,0.2420325337740672,1.0297006593747415
2022-08-21,842.129,4.0627682641783895,-1.329405935079712,0.5488172,-1.7457152406644056,0.4163093055846936,1.0555362328437117
2022-08-22,842.472,4.405037181529081,-1.212415669304638,0.580448,-1.8051335682125376,0.5927178989078998,1.0811329813642352
2022-08-23,837.6940000000001,-0.3746809235318151,-1.0932432680899344,0.60217476,-1.8644201477294453,0.7711768796395111,1.106484819992612
2022-08-24,841.39,3.3200249438010685,-0.9719369567903416,0.63043255,-1.9235390702267965,0.951602113436455,1.131585679585437
2022-08-25,839.186,1.1152802283955436,-0.8485473594041609,0.65671986,-1.9824541794890775,1.133906820084917,1.1564295080184048
2022-08-26,841.485,3.414021270490496,-0.7231274689542827,0.68540126,-2.041129099698658,1.3180016307443752,1.1810102714537456
2022-08-27,838.6360000000001,0.5653449344187731,-0.5957326153044787,0.708611,-2.09952726332454,1.5037946480200612,1.2053219556556267
2022-08-28,842.8520000000001,4.782241573208834,-0.4664204304370035,0.7269103,-2.1576119392502124,1.6911915088132088,1.229358567352668
2022-08-29,839.3380000000001,1.2697149051374197,-0.3352508112205102,0.75910026,-2.2153462611157964,1.8800954498952864,1.2531141356467657
2022-08-30,836.4399999999999,-1.6262381261898682,-0.2022858796998443,0.7864832,-2.272693255849641,2.0704073761497965,1.2765827134672647
2022-08-31,840.459,2.395444091706997,-0.0675899409422316,0.8133909,-2.3296158723643363,2.2620259314221047,1.299758379069499
2022-09-01,843.58,5.5196955908655525,0.0687705615229287,0.84587157,-2.3860770103919644,2.454847571914893,1.32263523757659
2022-09-02,843.755,5.698513324467539,0.2067270926308289,0.886633,-2.442039549433464,2.648766642064293,1.3452074225634394
2022-09-03,837.961,-0.091105754304861,0.3462090750319893,0.9179344,-2.497466377796812,2.843675452828801,1.3674690976816624
2022-09-04,844.684,6.636770638856039,0.4871439406218516,0.9375542,-2.5523204216987647,3.0394643623206163,1.3894144583242238
2022-09-05,842.173,4.131202368700366,0.6294571843014398,0.9592619,-2.606564674404874,3.2360218587063136,1.4110377333284778
2022-09-06,843.129,5.093186378833741,0.773072419919009,0.99133664,-2.6601622253825288,3.4332346453015377,1.4323331867162037
2022-09-07,844.041,6.011719612861452,0.9179114383397426,1.0127456,-2.7130762894417777,3.630987727781521,1.4532951194692607
2022-09-08,848.818,10.795799014389091,1.063894267588683,1.0266032,-2.765270235838872,3.829164503427555,1.4739178713393266
2022-09-09,844.506,6.49112448588706,1.2109392350091803,1.0265883,-2.8167076173173187,4.027646852326499,1.4941958226902352
2022-09-10,848.0210000000001,10.01399821765236,1.3589630313773358,1.0448513,-2.8673521990616684,4.226315230439004,1.51412339637132
2022-09-11,844.678,6.679155351622697,1.5078807769103326,1.070135,-2.9171679875391177,4.42504876444945,1.5336950596201488
2022-09-12,845.499,7.508847429704765,1.6576060891046152,1.0773668,-2.966119259204311,4.623725348308926,1.552905325992976
2022-09-13,847.7860000000001,9.805071311531393,1.8080511523376757,1.0841196,-3.0141705890428865,4.822221741380562,1.571748757321235
2022-09-14,844.553,6.581823856735857,1.9591267891652784,1.100721,-3.0612868789294696,5.020413668094748,1.5902199656922942
2022-09-15,846.244,8.283101924951275,2.110742533243838,1.1315911,-3.1074333857760954,5.2181759190199335,1.6083136154527602
2022-09-16,840.171,2.2209023758109296,2.262806703806071,1.1642177,-3.1525757494472475,5.415382453253319,1.6260244252324625
2022-09-17,850.1260000000001,12.187222068947776,2.415226481615986,1.1800284,-3.1966800204179853,5.611906502033971,1.643347169987333
2022-09-18,850.1880000000001,12.261057863995145,2.5679079863277345,1.0455017,-3.2397126871519184,5.8076206734796525,1.660276683059307
2022-09-19,847.149,9.234406620585885,2.7207563551710794,0.8452233,-3.2816407031760604,6.00239705834714,1.676807858251358
2022-09-20,845.322,7.420265198353585,2.8736758228849504,0.7270167,-3.322431513830004,6.196107336714954,1.6929356519157792
2022-09-21,842.315,4.426630456931241,3.026569802818695,0.693032,-3.3620530826670825,6.388622885485777,1.708655085053775
2022-09-22,840.055,2.180499255951686,3.179340969119715,0.7226992,-3.4004739174856704,6.579814886605385,1.7239612454244626
2022-09-23,847.41,9.54986845504858,3.3318913399244745,0.78910106,-3.4376630959690484,6.769554435893523,1.7388492896612864
2022-09-24,838.897,1.051734913854791,3.484122361469063,0.86202323,-3.4735902909127674,6.95771265238183,1.7533144453939498
2022-09-25,840.33,2.500095492003549,3.635934993034072,0.9278331,-3.5082257950187725,7.144160788052845,1.7673520133738572
2022-09-26,838.357,0.5420240366859383,3.787229792637741,0.97997034,-3.541540545235998,7.328770337873739,1.7809573696011332
2022-09-27,839.3190000000001,1.5194659175587155,3.937907003390355,1.0284195,-3.5735061466277087,7.511413150018064,1.7941259674512442
2022-09-28,848.386,10.602417853771884,4.0878666404220585,1.07363,-3.604094895746104,7.691961536168163,1.806853339799249
2022-09-29,844.091,6.323876564476633,4.237008578295539,1.0985404,-3.633279803495431,7.870288381790969,1.8191351011397576
2022-09-30,847.8290000000001,10.078838768823225,4.385232638814389,1.1325347,-3.6610346174651904,8.04626725627958,1.8309669497005965
2022-10-01,847.0419999999999,9.30930118596228,4.532438679137484,1.1521268,-3.687333843715563,8.219772522853047,1.8423446695482952
2022-10-02,844.329,6.614260535044568,4.678526680109288,1.1856277,-3.712152767997781,8.390679448107068,1.8532641326834371
2022-10-03,841.366,3.669713535220748,4.823396834715584,1.2187061,-3.735467476392556,8.55886431110814,1.863721301123964
2022-10-04,840.708,3.0306569056411536,4.966949636574002,1.2504224,-3.757254875350432,8.724204511924434,1.8737122289745551
2022-10-05,839.6759999999999,2.018087365456656,5.109085968368578,1.2856549,-3.777492711118312,8.88657867948689,1.883233064480214
2022-10-06,841.733,4.09500163381772,5.249707190137538,1.3337607,-3.796159588537059,9.045866778674595,1.892280052062184
2022-10-07,838.092,0.4743964298751484,5.38871522732351,1.3745229,-3.81323498919567,9.20195021651918,1.9008495343344152
2022-10-08,841.025,3.428268472779264,5.526012658495702,1.4051601,-3.828699288928103,9.354711947423803,1.908937954098746
2022-10-09,847.135,9.55961448168097,5.661502802653745,1.4353625,-3.8425337746394086,9.504036577293151,1.9165418563170515
2022-10-10,847.201,9.64743117573077,5.795089806023257,1.4628803,-3.854720660448493,9.64981046647175,1.923657890058644
2022-10-11,847.696,10.164715274079107,5.926678728253751,1.4925572,-3.8652431031353895,9.79192183138914,1.9302828104211835
2022-10-12,847.418,9.90946349587684,6.056175627930053,1.5125464,-3.874085216881617,9.93026084481167,1.936413480423486
2022-10-13,847.475,9.989672560274403,6.183487647309043,1.523905,-3.8812320872927857,10.064719734601828,1.9420468728685667
2022-10-14,851.206,13.744339186422582,6.308523096194331,1.5604831,-3.886669784693293,10.195192880887625,1.9471800721753616
2022-10-15,848.936,11.498460093471806,6.431191534862308,1.5857997,-3.8903853766835423,10.32157691154585,1.9518102761775624
2022-10-16,847.8860000000001,10.472945696324247,6.551403855954083,1.595453,-3.8923669399508616,10.443770795904944,1.955934797888107
2022-10-17,840.667,3.2788814024741173,6.669072365248719,1.6144944,-3.892603571325844,10.561675936574565,1.959551067227817
2022-10-18,848.256,10.893263917936824,6.784110861234516,1.6514997,-3.891085398076624,10.67519625931114,1.9626566327168389
2022-10-19,845.5409999999999,8.204089948727276,6.896434713396127,1.6854997,-3.887803587434124,10.784238300830252,1.9652491631274944
2022-10-20,848.677,11.366356200860892,7.00596093913684,1.7229012,-3.882750355342105,10.888711294478943,1.9673264490972424
2022-10-21,848.784,11.500059380352326,7.112608279256631,1.7388847,-3.875918974426437,10.988527253683069,1.968886404700512
2022-10-22,849.947,12.690196193217057,7.216297271908207,1.6141186,-3.867303781178696,11.083601053086902,1.9699270689782005
2022-10-23,857.5129999999999,20.283763345469826,7.316950324954723,1.5949223,-3.856900182349899,11.17385050730462,1.970446607423666
2022-10-24,852.459,15.25775754312616,7.414491786654775,1.537849,-3.844704660550826,11.259196447205602,1.9704433134241772
2022-10-25,847.5129999999999,10.340175492200778,7.508848014601747,1.5226709,-3.830714779056004,11.339562793657752,1.9699156096567116
2022-10-26,853.6,16.45601389870919,7.599947442846727,1.4882877,-3.8149291858092487,11.414876628655977,1.968862049437194
2022-10-27,849.4209999999999,12.306269468666065,7.687720647135827,1.4757951,-3.797347616629115,11.485068263764942,1.967281318022201
2022-10-28,851.02,13.934938908086714,7.772100408195091,1.4768813,-3.77797089761346,11.550071305808553,1.965172233862292
2022-10-29,848.408,11.35301892298632,7.853021772997923,1.4796612,-3.756800946742885,11.609822719740809,1.962533749806158
2022-10-30,850.019,12.99450621937973,7.930422113952335,1.4565601,-3.7338407746834505,11.664262888635786,1.959364954254832
2022-10-31,850.1990000000001,13.205397503282388,8.004241185947409,1.4463592,-3.7090944847898593,11.71333567073727,1.95566507226528
2022-11-01,856.6460000000001,19.683689480709035,8.074421181200773,1.1669458,-3.682567272310771,11.756988453511545,1.9514334666027568
2022-11-02,853.297,16.36637885767501,8.140906781851047,1.0436125,-3.654265422798669,11.795172204649717,1.946669638741331
2022-11-03,845.466,8.567462340195272,8.203645210241845,1.0187004,-3.6241963097273326,11.827841519969178,1.941373229812084
2022-11-04,847.75,10.883936634285126,8.262586276846216,0.89928555,-3.592368391320508,11.854954668166725,1.9355440214985504
2022-11-05,845.251,8.417798445959424,8.317682425783017,0.5171315,-3.558791206596145,11.876473632379165,1.929181936878974
2022-11-06,849.665,12.865044481233518,8.368888777879253,0.41719374,-3.5234753706310418,11.892364148510294,1.9222870412150852
2022-11-07,842.4970000000001,5.730506591079424,8.416163171235052,-0.041598555,-3.486432569051416,11.902595740286468,1.9148595426870965
2022-11-08,847.963,11.23031757824087,8.459466199250643,-0.5625515,-3.447675551755544,11.907141751006188,1.9068997930747211
2022-11-09,851.107,14.408506530736949,8.498761246077345,-0.69466466,-3.407218125875123,11.90597937195247,1.898408288384062
2022-11-10,845.557,8.893070124558854,8.534014519457456,-0.6885504,-3.3650751479826937,11.89908966744015,1.88938566942024
2022-11-11,844.538,7.90897504175746,8.56519508092056,-0.6736691,-3.32126251555293,11.886457596473493,1.87983272230577
2022-11-12,840.515,3.921247137211216,8.592274873306822,-0.7219,-3.275797157686255,11.868072030993076,1.8697503789446437
2022-11-13,842.463,5.904314771009284,8.615228745590434,-0.6894271,-3.228697025103741,11.843925770694174,1.8591397174322224
2022-11-14,843.14,6.616727482915046,8.634034474979517,-0.66000485,-3.179981079422787,11.814015554402305,1.8480019624110529
2022-11-15,844.56,8.072481860318238,8.648672786271552,-0.61173296,-3.129669281723661,11.778342067995212,1.8363384853727516
2022-11-16,839.8919999999999,3.440363459553592,8.659127368446338,-0.55748594,-3.0777825804174093,11.736909948863747,1.824150804906228
2022-11-17,836.784,0.3685741645269891,8.665384888481588,-0.5183111,-3.0243428984262546,11.689727786907843,1.8114405868924832
2022-11-18,842.208,5.829110531377134,8.667435002378996,-0.4749132,-2.9693731196879924,11.636808122066988,1.7982096446463167
2022-11-19,843.099,6.756969116243485,8.665270363391825,-0.43349844,-2.912897074996459,11.578167438388284,1.7844599390053069
2022-11-20,841.508,5.203146475264699,8.658886627447956,-0.4010319,-2.8549395271905564,11.513826154638512,1.7701935783665044
2022-11-21,844.047,7.779553149931061,8.648282455765235,-0.36488354,-2.7955261557047835,11.443808611470018,1.7554128186712472
2022-11-22,844.58,8.348865707132273,8.633459514659167,-0.3549137,-2.734683540494708,11.368143055153876,1.7401200633386458
2022-11-23,842.591,6.396499410951559,8.614422472545773,-0.32915753,-2.6724391453511607,11.286861617896934,1.724317863148264
2022-11-24,843.548,7.3904505929326705,8.591178994145631,-0.32179475,-2.6088213006174024,11.200000294763033,1.7080089160725584
2022-11-25,843.8489999999999,7.72871558461965,8.563739731897883,-0.3187384,-2.5438591853239134,11.107598917221797,1.691196067059716
2022-11-26,848.9830000000001,12.90019547098762,8.532118314596088,-0.34280726,-2.4775828087557783,11.009701123351867,1.6738823077675364
2022-11-27,844.3439999999999,8.298887369375048,8.496331333260832,-0.35447016,-2.410022991468088,10.90635432472892,1.6560707762490423
2022-11-28,844.293,8.285698341653571,8.456398324266665,-0.39857957,-2.341211345765072,10.797609670031736,1.637764756590527
2022-11-29,848.935,12.965798469121076,8.412341749744131,-0.38870522,-2.2711802556590173,10.683522005403148,1.6189676785028029
2022-11-30,851.441,15.510162272016208,8.364186975280415,-0.49183485,-2.1999628563254023,10.564149831605818,1.5996831168664154
2022-12-01,851.0490000000001,15.1568071936359,8.311962244944956,-1.1241193,-2.1275930130708978,10.439555258015854,1.579914791231611
2022-12-02,848.205,12.351729508138966,8.255698653669235,-1.1328626,-2.054105299831261,10.309803953500497,1.5596665652738997
2022-12-03,845.139,9.324737344884085,8.195430117012858,-1.1900234,-1.979534977216356,10.174965094229211,1.5389424462060333
2022-12-04,843.09,7.314798083535337,8.131193338350487,-1.5554597,-1.9039179701198363,10.035111308470324,1.51774658414729
2022-12-05,848.812,13.075578473011417,8.063027773517305,-1.8660542,-1.8272908449112504,9.890318618428555,1.4960832714509062
2022-12-06,849.066,13.368438486431506,7.990975592952936,-1.8833392,-1.749690786228535,9.740666379181471,1.4739569419905627
2022-12-07,842.461,6.8025273343895165,7.915081641386783,-1.8774613,-1.6711555733891412,9.586237214775924,1.4513721704068616
2022-12-08,838.953,3.3338411291730905,7.835393395109923,-2.0352848,-1.5917235564381471,9.42711695154807,1.4283336713146326
2022-12-09,844.192,8.612375983069489,7.751960916881429,-2.2188299,-1.5114336318519224,9.263394548733352,1.404846298472067
2022-12-10,837.733,2.193128008366182,7.664836808519526,-3.0411913,-1.4303252179161343,9.09516202643566,1.3809150439125613
2022-12-11,844.8729999999999,9.373093317350476,7.574076161230109,-3.40408,-1.3484382297969046,8.922514391027013,1.356545037040204
2022-12-12,843.501,8.04126802231001,7.479736503727781,-3.4516842,-1.2658130543241692,8.74554955805195,1.3317415436898463
2022-12-13,845.808,10.38817149416754,7.381877748206586,-3.4512892,-1.182490524506349,8.564368272712935,1.30650996515269
2022-12-14,838.777,3.3972636316467053,7.280562134220111,-3.4444687,-1.0985118937955594,8.37907402801567,1.28085583716829
2022-12-15,839.828,4.488540476435464,7.1758541705324514,-3.425807,-1.013918810122658,8.189772980655109,1.25478482888392
2022-12-16,839.428,4.128789846668329,7.067820575003857,-3.3761346,-0.9287532897214724,7.996573864725329,1.2283027417821952
2022-12-17,842.522,7.2631814022373185,6.9565302125767685,-3.327857,-0.8430576907617139,7.799587903338482,1.2014155085778753
2022-12-18,846.405,11.186472924835096,6.8420540314297815,-3.2811244,-0.7568746868098847,7.598928718239666,1.174129192084684
2022-12-19,842.219,7.040713801609309,6.724464997369172,-3.233663,-0.6702472401378184,7.39471223750699,1.1464499840531006
2022-12-20,842.228,7.090100178321048,6.603838026529049,-3.2425973,-0.5832185748981953,7.187056601427244,1.1183842039799037
2022-12-21,846.387,11.289276205542947,6.480249916453194,-3.258236,-0.4958321501865797,6.976082066639774,1.089938297890358
2022-12-22,836.1429999999999,1.08558004658994,6.353779275632998,-3.2344613,-0.4081316330093839,6.761910908642381,1.061118837093839
2022-12-23,843.58,8.563007586013484,6.224506451577562,-3.300469,-0.320160871177175,6.544667322754737,1.0319325169137117
2022-12-24,842.236,7.259554708364076,6.092513457493383,-3.3364167,-0.2319638661426544,6.324477323636038,1.0023861553922135
2022-12-25,838.3770000000001,3.441217298193304,5.957883897652443,-3.3369834,-0.1435847458025979,6.101468643455041,0.9724866919711198
2022-12-26,840.033,5.137991240051744,5.820702891528678,-3.3831563,-0.0550677372829219,5.8757706288116,0.9422411861488867
2022-12-27,835.8910000000001,1.036746272972882,5.681056996784042,-4.5688324,0.0335428602739868,5.647514136510055,0.9116568161149836
2022-12-28,842.274,7.460600999157995,5.539034131186355,-4.637696,0.1222027029007639,5.416831428285591,0.8807408773620597
2022-12-29,842.364,7.591551284478141,5.394723493542234,-4.848781,0.2108674289564741,5.183856064585759,0.8495007812765876
2022-12-30,841.979,7.247379479786722,5.248215483729081,-5.9157543,0.2994926862192372,4.948722797509844,0.8179440537085768
2022-12-31,838.306,3.6152815431237006,5.09960162191107,-6.341336,0.3880341589015292,4.7115674630095405,0.786078333520919
2023-01-01,841.0229999999999,6.373272103886276,4.94897446702465,-6.3756647,0.4764475945697312,4.472526872454918,0.753911371118884
2023-01-02,843.428,8.81891742474257,4.796427534619631,-6.3573027,0.5646888309497312,4.231738703669899,0.7214510269602646
2023-01-03,840.7959999999999,6.227356227879735,4.642055214142606,-6.3567142,0.6527138226005359,3.98934139154207,0.6887052700466109
2023-01-04,845.9989999999999,11.470256679630918,4.485952685749577,-6.547445,0.7404786674380688,3.745474018311509,0.6556821763959787
2023-01-05,835.456,0.9671992692102792,4.32821583673513,-7.3838534,0.8279396330915543,3.500276203643576,0.6223899274975431
2023-01-06,835.178,0.7291928226616107,4.1689411776657135,-7.406908,0.9150531830750626,3.253887994590651,0.58883680874842
2023-01-07,835.442,1.033232973722749,4.008225758304504,-7.710628,1.0017760027571097,3.0064497555473944,0.5550312078729864
2023-01-08,841.176,6.807328914873956,3.846167083415504,-8.288397,1.088065025111388,2.7581020583041163,0.5209816133249199
2023-01-09,838.995,4.666449530812615,3.682863028534383,-8.86664,1.173877456231948,2.508985572302435,0.4866966126721921
2023-01-10,841.932,7.643475438945826,3.5184117557932537,-9.174718,1.2591708005965017,2.259240955196752,0.4521848909651539
2023-01-11,834.178,-0.0705578188645215,3.3529116298864845,-9.497379,1.3439028860617248,2.00900874382476,0.4174552290878242
2023-01-12,830.194,-4.0145721160825145,3.1864611342640425,-9.621532,1.4280318885747247,1.7584292456893178,0.3825165020924653
2023-01-13,827.607,-6.561318363662689,3.0191587876385952,-9.86849,1.5115163565851786,1.5076424310534169,0.3473776775174696
2023-01-14,829.077,-5.051061448666342,2.851103060891731,-10.416557,1.59431523514291,1.256787825748821,0.3120478136885201
2023-01-15,837.6980000000001,3.610194269679216,2.682392294464308,-10.487581,1.676387889666038,1.0060044047982697,0.276536058002987
2023-01-16,833.488,-0.5598090547075016,2.513124616314872,-10.440667,1.7576941293650503,0.7554304869498216,0.2408516451974423
2023-01-17,833.98,-0.0278152918009877,2.343397860529421,-10.252001,1.838194230308647,0.5052036302207736,0.2050038955981352
2023-01-18,833.794,-0.1739483340828469,2.1733094866647185,-10.222377,1.9178489581173432,0.2554605285473752,0.169002213354245
2023-01-19,833.506,-0.4220897837302351,2.002956499906324,-10.2132635,1.9966195902713697,0.0063369096349543,0.1328560846536742
2023-01-20,825.054,-8.834464630677363,1.8324353721215216,-10.003808,2.074467938019537,-0.2420325658980155,0.0965750759210899
2023-01-21,828.295,-5.553630049839555,1.661841963885745,-9.823314,2.1513563678763403,-0.4895144039905954,0.0601688319979083
2023-01-22,831.789,-2.0198171579250435,1.4912714475602644,-9.653422,2.227247822694681,-0.735976375134417,0.0236470743038432
2023-01-23,834.488,0.7189696290710033,1.3208182314970602,-9.479382,2.3021058423021947,-0.9812876108051344,-0.0129804010203623
2023-01-24,829.5930000000001,-4.136274104847132,1.1505758854456083,-9.318006,2.375894583689352,-1.2253186982437432,-0.0497037249894862
2023-01-25,826.548,-7.141433281001582,0.9806370672346464,-9.161629,2.4485788407380387,-1.4679417735033922,-0.086512957670127
2023-01-26,825.525,-8.12463511101873,0.8110934508003259,-8.997392,2.520124063479569,-1.7090306126792432,-0.1233980900972635
2023-01-27,827.492,-6.117883992706688,0.6420356556304901,-8.861589,2.5904963768716014,-1.9484607212411111,-0.1603490462116367
2023-01-28,829.414,-4.15618432387384,0.4735531776930066,-8.720553,2.6596625990837173,-2.186109421390711,-0.1973556848185443
2023-01-29,829.543,-3.9875405023286494,0.3057343219141981,-8.625917,2.72759025928189,-2.421855937367692,-0.2344078015686424
2023-01-30,834.606,1.1150430741207873,0.1386661362714723,-8.469594,2.7942476149024444,-2.655581478630972,-0.2714951309614394
2023-01-31,826.73,-6.721557487007072,-0.0275656524376097,-8.334974,2.8596036684065087,-2.8871693208441185,-0.3086073483721226
2023-02-01,833.909,0.4967762121105079,-0.1928767010899715,-8.2101965,2.92362818350639,-3.116504884596361,-0.3457340721024683
2023-02-02,828.607,-4.765960244522038,-0.3571841109372297,-8.088893,2.98629170085567,-3.3434758117929,-0.3828648654565196
2023-02-03,829.7959999999999,-3.537651778226827,-0.5204064864559103,-8.094784,3.0475655531953283,-3.5679720396512384,-0.4199892388418355
2023-02-04,827.7280000000001,-5.566425600630197,-0.6824639922941127,-8.02706,3.1074218799484523,-3.789885872242565,-0.4570966518970524
2023-02-05,832.9680000000001,-0.2870326226870405,-0.8432784082634606,-8.402576,3.1658336412566923,-4.009112049520153,-0.4941765156465847
2023-02-06,829.1070000000001,-4.108737731458501,-1.0027731823275248,-8.320857,3.222774631451893,-4.225547813779418,-0.5312181946832597
2023-02-07,826.2570000000001,-6.919442624195575,-1.16087348154035,-8.2391615,3.2782194919568526,-4.439092973497202,-0.568211009379735
2023-02-08,827.286,-5.851043643051923,-1.3175062408910736,-8.137009,3.332143723609478,-4.649649964500552,-0.6051442381295321
2023-02-09,823.9100000000001,-9.1877645448511,-1.472600210013194,-8.032488,3.384523698405129,-4.857123908418323,-0.6420071196185556
2023-02-10,828.441,-4.617609640699211,-1.626085997719635,-7.941162,3.435336670652313,-5.061422668371948,-0.6787888551279373
2023-02-11,834.928,1.9084167582987392,-1.777896114327173,-7.921509,3.4845607875372697,-5.262456901864443,-0.7154786108691122
2023-02-12,831.2850000000001,-1.6959031739796258,-1.927965011736612,-7.8164883,3.532175099093521,-5.4601401108301335,-0.7520655203519625
2023-02-13,834.268,1.325543002605532,-2.0762291212374446,-7.745146,3.578159567572704,-5.654388688810148,-0.7885386867869394
2023-02-14,837.583,4.678602955540815,-2.2226268890088567,-7.756099,3.6224950762136574,-5.845121965222514,-0.824887185521998
2023-02-15,830.535,-2.331586679821415,-2.367098809291054,-7.668011,3.665163437406872,-6.032262246697926,-0.861100066515257
2023-02-16,828.9879999999999,-3.841128079597332,-2.50958745520418,-7.578523,3.706147400252097,-6.215734855456277,-0.8971663568442034
2023-02-17,828.4730000000001,-4.318798992640976,-2.6500375071943867,-7.4699183,3.7454306575070895,-6.395468164701477,-0.9330750632523184
2023-02-18,830.387,-2.3673832945807103,-2.788395779089644,-7.357986,3.7829978519260528,-6.571393631015697,-0.9688151747339602
2023-02-19,826.5590000000001,-6.158112102124306,-2.9246112417505308,-7.2599783,3.818834581986637,-6.743445823737168,-1.0043756651583164
2023-02-20,825.921,-6.758989831267368,-3.058635044304033,-7.173842,3.852927407004826,-6.911562451308859,-1.0397454959332444
2023-02-21,840.957,8.313979101994628,-3.190420532951181,-7.1932707,3.885263851637371,-7.075684384588552,-1.074913618709768
2023-02-22,833.5519999999999,0.94554253460799,-3.319923267342148,-7.2483006,3.9158324097719546,-7.235755677114103,-1.1098689781280118
2023-02-23,834.453,1.8825986826104013,-3.447101034515156,-7.331355,3.944622547805511,-7.391723582320666,-1.1446005146052745
2023-02-24,828.8290000000001,-3.7059248618334246,-3.571913860398377,-7.7956195,3.9716247073116375,-7.543538567710014,-1.1790971671669757
2023-02-25,827.212,-5.287591184937343,-3.694324018876809,-7.830279,3.9968303070983953,-7.691154325975204,-1.2133478763211385
2023-02-26,826.41,-6.0539495802229695,-3.8142960384287754,-8.041859,4.020231744658132,-7.834527783086907,-1.2473415869770106
2023-02-27,834.236,1.8075275246689608,-3.931796706339532,-8.418254,4.041822397011417,-7.973619103350949,-1.2810672514084798
2023-02-28,831.7059999999999,-0.6871643731697645,-4.046795070502153,-8.833882,4.061596620947496,-8.108391691449649,-1.3145138322627827
2023-03-01,834.858,2.499514944672918,-4.159262438818673,-8.864953,4.079549752664085,-8.238812191482758,-1.3476703056150567
2023-03-02,833.318,0.9937699179815536,-4.269172376216933,-8.824095,4.095678106809678,-8.364850483026611,-1.3805256640691708
2023-03-03,836.696,4.405804888934434,-4.37650069930154,-8.780396,4.109978974931885,-8.486479674233426,-1.4130689199052826
2023-03-04,831.174,-1.0825467625301757,-4.48122546865972,-8.935273,4.122450623335716,-8.603676091995435,-1.4452891082744472
2023-03-05,828.521,-3.702206246304267,-4.5833269788456406,-9.191713,4.133092290356052,-8.716419269201692,-1.4771752904406237
2023-03-06,823.323,-8.867030829100774,-4.682787746069243,-9.237579,4.141904183048924,-8.824691929118167,-1.5087165570702927
2023-03-07,820.468,-11.68902518665211,-4.779592493618135,-9.309604,4.148887473306496,-8.92847996692463,-1.5399020315699214
2023-03-08,817.957,-14.167050569522022,-4.8737281350437085,-9.486744,4.154044293401089,-9.027772428444798,-1.5707208734713416
2023-03-09,812.945,-19.146259040632263,-4.9651837551449765,-9.666841,4.15737773096379,-9.122561486108768,-1.6011622818651772
2023-03-10,824.623,-7.435655253886049,-5.05395058878605,-10.455213,4.158891823403667,-9.212842412189715,-1.6312154988822447
2023-03-11,825.51,-6.51624386318605,-5.140021997585544,-10.48543,4.158591551773773,-9.298613549359317,-1.660869813222917
2023-03-12,823.4789999999999,-8.515029522435352,-5.223393444518568,-10.715997,4.156482834090562,-9.37987627860913,-1.6901145637342536
2023-03-13,818.4240000000001,-13.5380168855364,-5.304062466473983,-11.165309,4.152572518113582,-9.456634984587566,-1.7189391430346976
2023-03-14,827.966,-3.964210606392799,-5.382028644812086,-12.041119,4.146868373592617,-9.528897018404702,-1.7473330011860662
2023-03-15,830.547,-1.351615338906878,-5.457293573969779,-12.075481,4.13937908398976,-9.59667265795954,-1.7752856494123983
2023-03-16,825.474,-6.393379162150368,-5.529860828162467,-11.9059515,4.130114237684246,-9.659975065846712,-1.8027866638652728
2023-03-17,824.142,-7.694359342836234,-5.59973592623387,-11.710441,4.119084318667963,-9.718820244901831,-1.829825689435018
2023-03-18,826.044,-5.761560556696988,-5.666926294706983,-11.495988,4.106300696740134,-9.773226991447116,-1.8563924436072017
2023-03-19,823.433,-8.34198747946447,-5.7314412290910495,-11.7135935,4.091775617209606,-9.823216846300657,-1.882476720363696
2023-03-20,822.578,-9.166559970288684,-5.7932918535015165,-11.745693,4.075522190113739,-9.868814043615256,-1.9080683941275285
2023-03-21,830.1129999999999,-1.601365216685723,-5.852491078651414,-11.663957,4.057554378962907,-9.91004545761432,-1.9331574237506348
2023-03-22,827.804,-3.8807393088067466,-5.909053558274458,-11.604602,4.037886989020048,-9.946940547294506,-1.9577338565435307
2023-03-23,833.565,1.9096536725968485,-5.962995644041443,-11.562318,4.016535655124802,-9.979531299166243,-1.9817878323458704
2023-03-24,819.323,-12.303267086582125,-6.014335339033471,-11.466204,3.993516829072134,-10.007852168105604,-2.005309587636701
2023-03-25,822.044,-9.553428097243584,-6.063092249836431,-11.315337,3.9688477665554633,-10.031940016391896,-2.0282894596832053
2023-03-26,822.665,-8.90383408458512,-6.109287537322944,-11.127055,3.942546513684608,-10.051834051007551,-2.050717890726553
2023-03-27,820.877,-10.663489773804642,-6.152943866188929,-10.937781,3.91463189308902,-10.067575759277949,-2.072585432203468
2023-03-28,824.451,-7.061396550560116,-6.194085353313328,-11.5181465,3.8851234896170417,-10.07920884293037,-2.093882749001948
2023-03-29,824.763,-6.721562388840719,-6.23273751501044,-11.620017,3.854041635642048,-10.086779150652488,-2.114600623749545
2023-03-30,827.4169999999999,-4.039992013349471,-6.268927213245466,-11.481749,3.8214073959866,-10.090334609232066,-2.134729961132453
2023-03-31,822.864,-8.56569014878941,-6.302682600884714,-11.357562,3.7872425524758575,-10.089925153360571,-2.1542617922436227
2023-04-01,821.487,-9.915661519863896,-6.334033066052674,-11.336486,3.751569588131692,-10.085602654184369,-2.173187278957969
2023-04-02,830.832,-0.5439108512760576,-6.363009175669074,-11.264118,3.714411671019156,-10.077420846688227,-2.1914977183326845
2023-04-03,825.294,-6.055494209010441,-6.389642618239532,-11.18709,3.675792637757027,-10.065435255996558,-2.2091845470305405
2023-04-04,822.149,-9.174363558221469,-6.413966145974034,-11.058896,3.6357369767044,-10.049703122678434,-2.226239345764004
2023-04-05,819.4879999999999,-11.809398762328703,-6.436013516307929,-10.912809,3.5942698108353848,-10.030283327143314,-2.242653843757862
2023-04-06,821.819,-9.452712471023045,-6.455819432900583,-10.826568,3.5514168803140973,-10.00723631321468,-2.258419923227979
2023-04-07,815.776,-15.470322588628274,-6.473419486186941,-11.102201,3.5072045247823183,-9.98062401096926,-2.273529623873718
2023-04-08,823.3009999999999,-7.920233827162612,-6.488850093557684,-10.98053,3.4616596653722493,-9.950509758929933,-2.287975147381462
2023-04-09,817.649,-13.547450898643714,-6.502148439243572,-10.847305,3.4148097864569755,-9.916958225700547,-2.301748861936564
2023-04-10,815.3860000000001,-15.785863402111069,-6.513352413979673,-10.734139,3.366682917151256,-9.880035331130928,-2.314843306741007
2023-04-11,820.615,-10.5317539688457,-6.522500554525152,-10.71153,3.317307612575493,-9.839808167100646,-2.3272511965339264
2023-04-12,827.41,-3.7119386946371473,-6.529631983113963,-10.558728,3.2667129348956867,-9.79634491800965,-2.338965426112069
2023-04-13,821.82,-9.277402829890123,-6.53478634691178,-10.389647,3.2149284341523683,-9.749714781064148,-2.349979074847224
2023-04-14,824.431,-6.642169742085815,-6.5380037575538505,-10.206082,3.161984128891503,-9.699987886445353,-2.360285411197504
2023-04-15,819.4590000000001,-11.590243999820386,-6.539324730838383,-10.036105,3.1079104866105136,-9.647235217448896,-2.369877897209334
2023-04-16,825.502,-5.522680080216574,-6.538790126649188,-9.897899,3.0527384040324925,-9.59152853068168,-2.378750193006922
2023-04-17,818.076,-12.924406825640526,-6.536441089180999,-9.837605,2.996499187221884,-9.532940276402885,-2.3868961612658475
2023-04-18,826.9720000000001,-4.004428663992314,-6.532318987540038,-9.835047,2.939224531554872,-9.47154351909491,-2.3943098716674487
2023-04-19,821.579,-9.373750023172509,-6.526465356791608,-9.744289,2.8809465015577014,-9.40741185834931,-2.4009856053304923
2023-04-20,823.065,-7.864375331080544,-6.51892183952569,-9.616488,2.8216975106263225,-9.340619350152013,-2.406917859216636
2023-04-21,816.943,-13.963309015617195,-6.509730128010631,-9.492556,2.761510300640639,-9.27124042865127,-2.412101350506069
2023-04-22,822.8140000000001,-8.069555504682022,-6.498931907003822,-9.331363,2.700417921486752,-9.199349828490574,-2.416531020939717
2023-04-23,820.5,-10.361119226175711,-6.486568797287294,-9.215258,2.6384537105005013,-9.125022507787795,-2.420202041124256
2023-04-24,826.678,-4.161004607997919,-6.47268229999486,-9.075029,2.575651271845677,-9.048333571840535,-2.423109814796211
2023-04-25,822.735,-8.082216078049047,-6.457313741796411,-8.899007,2.512044455840277,-8.969358197636687,-2.425249983041297
2023-04-26,820.0699999999999,-10.725758064229112,-6.440504221003237,-8.744468,2.447667338244049,-8.888171559247287,-2.426618428465166
2023-04-27,821.3359999999999,-9.438634994438328,-6.422294554657229,-8.585466,2.382554199520704,-8.804848754177932,-2.4272112793116336
2023-04-28,820.442,-10.31185129657649,-6.402725226665123,-8.402998,2.3167395040880057,-8.71946473075313,-2.42702491352444
2023-04-29,817.9380000000001,-12.79541139854411,-6.38183633703737,-8.21214,2.2502578795689523,-8.632094216606323,-2.426055962748577
2023-04-30,822.5559999999999,-8.157319728241342,-6.359667552289755,-8.0540085,2.183144096057284,-8.542811648347039,-2.4243013162671407
2023-05-01,826.7280000000001,-3.965580713567839,-6.336258057064127,-7.948919,2.115433045410369,-8.451691102474495,-2.421758124869704
2023-05-02,825.607,-5.067198782424391,-6.311646507022684,-7.978898,2.0471597205825627,-8.358806227605246,-2.418423804648085
2023-05-03,822.564,-8.091149415609044,-6.285870983068812,-7.881156,1.9783591950119808,-8.264230178080794,-2.4142960407155005
2023-05-04,822.78,-7.856465201517734,-6.258968946945265,-7.8213754,1.9090666020736693,-8.168035549018935,-2.4093727908449125
2023-05-05,823.767,-6.851150563763619,-6.230977198258718,-7.863983,1.8393171146118843,-8.070294312870603,-2.4036522890225367
2023-05-06,822.865,-7.735209925960566,-6.201931832977718,-8.058699,1.7691459245643075,-7.971077757542026,-2.3971330489123286
2023-05-07,820.2570000000001,-10.325647711721572,-6.171868203449041,-7.988006,1.6985882226907567,-7.870456426139797,-2.389813867227378
2023-05-08,816.4259999999999,-14.139468344660589,-6.14082087997533,-8.092313,1.6276791784189328,-7.768500058394262,-2.381693827004063
2023-05-09,817.246,-13.302676248390467,-6.108823613994811,-7.945422,1.5564539198196172,-7.665277533814428,-2.372772300774835
2023-05-10,829.397,-1.1352758465250423,-6.07590930290176,-7.7797394,1.484947513723554,-7.560856816625314,-2.363048953635609
2023-05-11,820.7520000000001,-9.764271562677598,-6.042109956544024,-7.6408815,1.4131949459922557,-7.455304902536279,-2.3525237462035884
2023-05-12,824.031,-6.4696678204618925,-6.007456665431885,-7.493064,1.3412311019546388,-7.348687767386524,-2.341196937461536
2023-05-13,820.476,-10.009469043490837,-5.971979570690031,-7.3459773,1.2690907470214403,-7.241070317711472,-2.329069087484429
2023-05-14,821.625,-8.845679655378323,-5.935707835782285,-7.182232,1.1968085074891055,-7.132516343271391,-2.316141060044508
2023-05-15,817.8180000000001,-12.638304079737418,-5.898669620036273,-7.024082,1.124418851544709,-7.023088471580982,-2.302414025090765
2023-05-16,816.3209999999999,-14.121346740182174,-5.86089205399291,-6.8423433,1.051956070483333,-6.912848124476243,-2.287889461098937
2023-05-17,816.4010000000001,-14.027812060325187,-5.822401216603106,-6.6638308,0.9794542601490668,-6.8018554767521735,-2.272569157288161
2023-05-18,818.4090000000001,-12.006704463780467,-5.78322211429181,-6.5050735,0.9069473026107848,-6.690169416902595,-2.256455215700458
2023-05-19,819.209,-11.194028374161656,-5.743378661906935,-6.3478346,0.834468848083447,-6.577847509990382,-2.239550053139272
2023-05-20,826.123,-4.267103250162922,-5.702893665568371,-6.1857734,0.7620522971057019,-6.464945962674072,-2.2218564029634216
2023-05-21,818.055,-12.322599867139848,-5.661788807429771,-6.0295644,0.6897307829841987,-6.351519590413969,-2.203377316732766
2023-05-22,820.17,-10.19552254727114,-5.620084632363313,-5.9008985,0.6175371545149247,-6.237621786878238,-2.184116165702084
2023-05-23,827.567,-2.7868756127363272,-5.577800536575266,-5.785603,0.5455039589916063,-6.123304495566872,-2.164076642159669
2023-05-24,816.917,-13.425612044433016,-5.534954758157556,-5.668435,0.4736634255110419,-6.008618183668598,-2.14326276060725
2023-05-25,819.966,-10.365788924089598,-5.49156436957824,-5.545294,0.4020474485849798,-5.893611818163221,-2.1216788587779267
2023-05-26,822.748,-7.573410566070835,-5.447645272111111,-5.435934,0.3306875720679443,-5.778332844179055,-2.099329598488919
2023-05-27,828.446,-1.8647882687317237,-5.403212192202395,-5.3469567,0.2596149734101582,-5.662827165612553,-2.0762199663260144
2023-05-28,823.335,-6.965600530490671,-5.35827867976988,-5.2682333,0.1888604482445273,-5.547139128014408,-2.0523552741566804
2023-05-29,823.692,-6.598851563086599,-5.312857108427518,-5.142241,0.1184543953162997,-5.431311503743817,-2.02774115946898
2023-05-30,826.673,-3.60818839344562,-5.266958677625871,-5.0498643,0.0484268017638771,-5.315385479389748,-2.002383585533454
2023-05-31,822.649,-7.622919825355848,-5.220593416696789,-4.940609,-0.0211927712410533,-5.199400645455736,-1.9762888413853248
2023-06-01,824.8720000000001,-5.3910917389170265,-5.173770190787752,-4.838555,-0.0903752024862174,-5.083394988301535,-1.9494635416244528
2023-06-02,823.9830000000001,-6.271708286622886,-5.126496708669475,-4.739931,-0.1590918243365538,-4.967404884332921,-1.9219146260306343
2023-06-03,817.894,-12.352773620966516,-5.07877953239763,-4.640278,-0.2273144359698315,-4.851465096427798,-1.8936493589919148
2023-06-04,821.999,-8.240291894441375,-5.030624088807518,-4.5399747,-0.2950153162229505,-4.735608772584568,-1.8646753287437832
2023-06-05,829.886,-0.3462672595407399,-4.982034682818066,-4.440095,-0.3621672360421015,-4.619867446775964,-1.835000446417211
2023-06-06,829.3249999999999,-0.9007038687579769,-4.933014512519272,-4.359357,-0.4287434705303482,-4.5042710419889245,-1.8046329448936365
2023-06-07,823.361,-6.85860587458648,-4.8835656860152445,-4.3015895,-0.4947178105862813,-4.388847875428963,-1.773581377465203
2023-06-08,828.173,-2.040977429519515,-4.833689239992457,-4.2360806,-0.5600645741279228,-4.273624665864534,-1.7418546162985993
2023-06-09,825.942,-4.266435178204229,-4.783385159981073,-4.1966233,-0.6247586168961832,-4.15862654308489,-1.709461850701143
2023-06-10,821.446,-8.756841353920278,-4.732652402274807,-4.1288724,-0.6887753428325538,-4.043877059442253,-1.6764125851877605
2023-06-11,831.1030000000001,0.9052951517289546,-4.681488917473058,-4.0757313,-0.7520907140260423,-3.929398203447016,-1.6427166373478217
2023-06-12,822.645,-7.546911946696675,-4.629891675606725,-4.0269227,-0.8146812602245993,-3.8152104153821256,-1.6083841355107966
2023-06-13,819.8879999999999,-10.29821200849011,-4.577856692807576,-3.9412627,-0.8765240879066675,-3.7013326049009088,-1.5734255162100452
2023-06-14,827.866,-2.314938874289622,-4.5253790594788175,-3.8480446,-0.9375968889087964,-3.587782170570021,-1.5378515214440236
2023-06-15,831.626,1.4499549944609784,-4.472452969922916,-3.739666,-0.9978779486055116,-3.474575021317404,-1.501673195734562
2023-06-16,833.7909999999999,3.6197418820242415,-4.419071753380844,-3.6540887,-1.0573461536380933,-3.3617255997427504,-1.4649018829818703
2023-06-17,833.66,3.4929480588413613,-4.365227906435343,-3.5683415,-1.115980999189064,-3.2492469072462784,-1.4275492231162406
2023-06-18,828.352,-1.8102761054476444,-4.310913126729029,-3.5197296,-1.1737625957997206,-3.1371505309293086,-1.3896271485464908
2023-06-19,821.936,-8.221888279121627,-4.2561183479466935,-3.532006,-1.2306716757281828,-3.0254466722185107,-1.351147880405454
2023-06-20,823.09,-7.063754896809063,-4.200833776009558,-3.4837463,-1.2866895988459237,-2.9141441771636347,-1.31212392459296
2023-06-21,829.4449999999999,-0.7032920145691242,-4.1450489264279975,-3.4062815,-1.3417983580709532,-2.8032505683570443,-1.2725680676169344
2023-06-22,826.067,-4.076200444000184,-4.088752662757559,-3.3189316,-1.3959805843363071,-2.6927720784212523,-1.2324933722334712
2023-06-23,825.458,-4.6804835232651865,-4.031933236102133,-3.2611196,-1.449219551092664,-2.5827136850094687,-1.1919131728868628
2023-06-24,824.6790000000001,-5.455144590526086,-3.974578325606753,-3.2171354,-1.501499178344417,-2.4730791472623364,-1.150841070950827
2023-06-25,829.699,-0.4311869839458404,-3.9166750798813097,-3.1597326,-1.5528040362187625,-2.363871043662547,-1.1092909297722775
2023-06-26,822.774,-7.352614041686581,-3.858210159295519,-3.094853,-1.6031193480677677,-2.255090811227752,-1.0672768695192811
2023-06-27,828.783,-1.340377760629262,-3.7991697790844032,-3.0199769,-1.6524309931036614,-2.146738785980742,-1.0248132618349108
2023-06-28,826.8689999999999,-3.251414849371306,-3.739539753202649,-2.9426415,-1.7007255085680324,-2.038814244634617,-0.981914724299018
2023-06-29,820.742,-9.375848953277025,-3.67930553886538,-2.8514755,-1.7479900914358766,-1.9313154474295031,-0.9385961147000516
2023-06-30,823.736,-6.379208532554646,-3.618452281712036,-2.765983,-1.7942125996558165,-1.82423968205622,-0.8948725251192612
2023-07-01,823.105,-7.0068779416525935,-3.5569648615296083,-2.6916292,-1.8393815529281508,-1.7175833086014576,-0.8507592758298553
2023-07-02,829.232,-0.8769368016151107,-3.4948279384704244,-2.6084678,-1.8834861330227732,-1.611341805447651,-0.8062719090138153
2023-07-03,829.6360000000001,-0.4703162598839119,-3.432025999699844,-2.5242949,-1.926516183639264,-1.5055098160605804,-0.7614261822992855
2023-07-04,829.6790000000001,-0.4248552731128732,-3.3685434064079804,-2.4412522,-1.9684622098118676,-1.400081196596113,-0.7162380621216494
2023-07-05,822.662,-7.439302937399223,-3.3043644411198985,-2.3689938,-2.009315376862421,-1.2950490642574777,-0.670723716911584
2023-07-06,828.0039999999999,-2.0948868401707013,-3.239473355238111,-2.304882,-2.049067508904532,-1.1904058463335794,-0.6248995101135519
2023-07-07,826.853,-3.243862583609044,-3.1738544167510625,-2.234668,-2.087711086902792,-1.0861433298482708,-0.5787819930384126
2023-07-08,833.318,3.22276691264214,-3.107491958041195,-2.162107,-2.1252392462910064,-0.9822527117501884,-0.5323878975539685
2023-07-09,832.016,1.9218771311218683,-3.040370423726261,-2.1046512,-2.1616457741538526,-0.8787246495724084,-0.4857341286174731
2023-07-10,831.532,1.4381238213648764,-2.972474418467438,-2.040397,-2.196925105976666,-0.7755493124907722,-0.4388377566543145
2023-07-11,823.472,-6.620808633575276,-2.903788754678042,-1.984298,-2.231072321968369,-0.6727164327096729,-0.3917160097872006
2023-07-12,824.801,-5.290628865189121,-2.834298500066903,-1.9170017,-2.2640831429629227,-0.5702153571039803,-0.3443862659204269
2023-07-13,830.1840000000001,0.093291840375439,-2.763989024950664,-1.8555743,-2.295953925904936,-0.4680350990457285,-0.2968660446839112
2023-07-14,822.882,-7.208116312357251,-2.6928460492696598,-1.7844305,-2.3266816589255,-0.3661643903441596,-0.2491729992418726
2023-07-15,824.461,-5.628104114679371,-2.6208556892426658,-1.7186365,-2.3562639560144496,-0.2645917332282161,-0.2013249079711926
2023-07-16,830.233,0.1446917852841893,-2.548004503596092,-1.667532,-2.3846990512957427,-0.1633054523003489,-0.1533396660146392
2023-07-17,818.8480000000001,-11.239241710416708,-2.474279539304004,-1.6309823,-2.4119857929128563,-0.062293746391147,-0.1052352767143066
2023-07-18,828.68,-1.406046747141798,-2.3996683767760656,-1.5876993,-2.438123636531357,0.0384552597552918,-0.0570298429307635
2023-07-19,822.302,-7.782812821102789,-2.3241591744311263,-1.5365416,-2.463112638466254,0.1389534640351275,-0.0087415582535466
2023-07-20,831.072,0.9881263999107074,-2.2477407125951485,-1.4832604,-2.486953448441812,0.2392127358466633,0.0396113018912241
2023-07-21,828.816,-1.2671245920491665,-2.1704024366631463,-1.435963,-2.5096473019919983,0.339244865328852,0.0880103892301879
2023-07-22,822.0070000000001,-8.075653265311798,-2.092134499465645,-1.3719465,-2.531196012509856,0.4390615130442108,0.1364372917229888
2023-07-23,827.3190000000001,-2.762830726832065,-2.012927802781393,-1.3192567,-2.551601962954441,0.538674160173048,0.1848735427272766
2023-07-24,830.991,0.9101811461675392,-1.932774037939157,-1.274691,-2.5708680972242184,0.6380940592850615,0.2333006302421362
2023-07-25,829.7139999999999,-0.3658554330627836,-1.851665725452597,-1.2484269,-2.5889979112060377,0.7373321857534407,0.2817000062235664
2023-07-26,831.013,0.9343614408387392,-1.769596253633631,-1.2149647,-2.6059954435090904,0.8363991898754595,0.3300530959654639
2023-07-27,826.133,-3.9445458686855583,-1.6865599161308595,-1.1645225,-2.6218652658934904,0.9353053497626308,0.3783413075395093
2023-07-28,824.51,-5.5664457610790965,-1.602551948341196,-1.0990516,-2.636612473403325,1.034060525062129,0.4265460412872157
2023-07-29,824.866,-5.209374149050469,-1.5175685626442572,-1.0338331,-2.65024267421428,1.1326741115700227,0.4746486993573465
2023-07-30,826.948,-3.1260826345254165,-1.43160698241063,-0.9815792,-2.6627619792061314,1.231154996795501,0.522630695281777
2023-07-31,829.336,-0.7351603164874939,-1.3446654747365867,-0.94308096,-2.6741769912706954,1.3295115165341087,0.5704734635828468
2023-08-01,829.427,-0.6414339149741969,-1.2567433818597935,-0.9038457,-2.684494794365838,1.4277514125060442,0.6181584694051248
2023-08-02,827.59,-2.4727257815257984,-1.167841151211778,-0.8697778,-2.693722942326603,1.525881791114825,0.6656672181644888
2023-08-03,827.078,-2.9772602237644072,-1.0779603640652506,-0.84884644,-2.701869447444429,1.6239090833791785,0.712981265207327
2023-08-04,827.548,-2.4997249523306624,-0.987103762735598,-0.8406891,-2.708942768825838,1.72183900609024,0.7600822254726284
2023-08-05,844.04,14.000137091145607,-0.8952752762981981,-0.81979644,-2.7149518005419533,1.8196765242437551,0.8069517831496967
2023-08-06,831.438,1.4058673440312006,-0.8024800447847957,-0.7985625,-2.719905859580521,1.9174258147957253,0.8535717013241456
2023-08-07,832.658,2.633208958530395,-0.7087244418242633,-0.7777499,-2.7238146736120967,2.015090231787833,0.8999238316048471
2023-08-08,835.3249999999999,5.307424269309391,-0.614016095695011,-0.76298106,-2.7266883685823435,2.1126722728873326,0.945990123724454
2023-08-09,831.997,1.986370684718984,-0.5183639087582806,-0.7475894,-2.728537456142413,2.2101735473841324,0.991752635106083
2023-08-10,831.927,1.923003815426348,-0.4217780752437366,-0.7245295,-2.729372820929527,2.3075947456857904,1.037193540388781
2023-08-11,826.5930000000001,-3.404697355620132,-0.3242700973607418,-0.6958522,-2.7292057077099976,2.404935610349256,1.0822951409043593
2023-08-12,834.643,4.651798407460528,-0.2258527997107381,-0.6545049,-2.7280477083969985,2.5021949086862603,1.127039874098181
2023-08-13,834.014,4.028954474219866,-0.1265403419786256,-0.6200627,-2.725910748955475,2.599370406976849,1.1714103228865314
2023-08-14,830.298,0.3189680949710616,-0.0263482298827839,-0.57997954,-2.7228070762066885,2.6964588463239045,1.2153892249431828
2023-08-15,832.274,2.3010420237280487,0.0747066756341809,-0.5353648,-2.7187492445449104,2.7934559201790914,1.2589594819078258
2023-08-16,835.5089999999999,5.541977256380758,0.1766061509896332,-0.50352263,-2.713750102578829,2.8903562535684624,1.30210416850904
2023-08-17,836.341,6.37977293110929,0.2793306043337575,-0.4887846,-2.7078227797103533,2.987153384044111,1.3448065415945578
2023-08-18,824.207,-5.748571813906434,0.3828590717222147,-0.45607322,-2.7009806726633787,3.0838397443855934,1.3870500490615842
2023-08-19,825.7679999999999,-4.181613178036263,0.4871692150977758,-0.42527497,-2.693237431975224,3.180406647073,1.4288183386800166
2023-08-20,830.62,0.6763725866195676,0.592237322087645,-0.47329047,-2.684606948463409,3.276844270551054,1.47009526680148
2023-08-21,835.545,5.607276948922658,0.6980383076210467,-0.71267194,-2.67510333968037,3.373141647301417,1.5108649069471474
2023-08-22,829.254,-0.6779666125756936,0.804545717369368,-0.7700128,-2.6647409363688106,3.4692866537381786,1.551111558267378
2023-08-23,828.389,-1.535774877397167,0.9117317330088364,-0.72305393,-2.6535342689302595,3.565266001939096,1.5908197538663682
2023-08-24,829.777,-0.1399143554122384,1.0195671793034666,-0.6608695,-2.64149805391937,3.661065233222837,1.629974268984994
2023-08-25,829.074,-0.8350451684255462,1.1280215330038108,-0.60226005,-2.628647180576497,3.756668713580308,1.6685601290352254
2023-08-26,839.5089999999999,9.60834690392915,1.237062933554739,-0.533229,-2.6149966974109478,3.8520596309656874,1.7065626174795463
2023-08-27,828.699,-1.1933956264788574,1.3466581956032149,-0.46438015,-2.600561798847272,3.947219994450487,1.7439672835489264
2023-08-28,834.6139999999999,4.7300359986534986,1.456772823294883,-0.396719,-2.585357811946833,4.042130635241716,1.7807599497930713
2023-08-29,835.195,5.319324275524398,1.5673710263461051,-0.3469986,-2.5694001832168123,4.136771209562918,1.8169267194567256
2023-08-30,834.471,4.603468961392672,1.6784157378757063,-0.3140415,-2.5527044655186995,4.231120203394406,1.8524539836760097
2023-08-31,835.0790000000001,5.219469813518232,1.7898686339787306,-0.30416915,-2.5352863050880954,4.325154939066826,1.8873284284888867
2023-09-01,838.4549999999999,8.603326589159948,1.9016901550223588,-0.4749062,-2.5171614286777158,4.418851583700074,1.9215370416539737
2023-09-02,843.183,13.339039045577852,2.013839528641779,-0.60740614,-2.498345630835045,4.512185159476824,1.955067119272164
2023-09-03,832.778,2.9413046666489646,2.126274794412083,-0.65183866,-2.478854761326239,4.605129555738322,1.9879062722055516
2023-09-04,838.976,9.145888987935264,2.2389528301699126,-0.6230819,-2.4587047127174104,4.697657542887323,2.0200424322884643
2023-09-05,840.592,10.768351616834565,2.3518293799566843,-0.5789958,-2.437911408124452,4.7897407880811365,2.0514638583254694
2023-09-06,832.6289999999999,2.8116921816749265,2.464859083553277,-0.5223111,-2.4164907891422462,4.881349872695523,2.082159141871463
2023-09-07,839.015,9.203910310784384,2.5779955075740406,-0.45167935,-2.394458803963937,4.972454311537978,2.112117212789128
2023-09-08,830.607,0.8020056324904765,2.691191178086076,-0.38546145,-2.3718313957006862,5.063022573786762,2.1413273445792185
2023-09-09,833.538,3.7392830670224217,2.804397614718046,-0.3232986,-2.3486244909121528,5.153022105630199,2.16977915947934
2023-09-10,831.973,2.1804452467824014,2.917565366220694,-0.2732614,-2.3248539883576287,5.242419354578322,2.1974626333271288
2023-09-11,834.56,4.773491845308372,3.030644047439751,-0.23671614,-2.300535747977572,5.331179795417323,2.224368100183859
2023-09-12,835.8950000000001,6.114422536137813,3.14358237766003,-0.20789026,-2.2756855801149607,5.419267957774991,2.2504862567148147
2023-09-13,835.5129999999999,5.738236992808056,3.2563282202778923,-0.17010576,-2.2503192349856334,5.506647455263526,2.2758081663229137
2023-09-14,833.5219999999999,3.75293488885698,3.368828623757719,-0.12923203,-2.224452392406524,5.593281016164243,2.300325263032317
2023-09-15,832.491,2.727515897822248,3.4810298638263304,-0.09685998,-2.198100651790337,5.679130515616667,2.3240293551189963
2023-09-16,834.86,5.101979693241163,3.59287748685804,-0.059188556,-2.1712795224149914,5.764157009273031,2.3469126284854123
2023-09-17,836.287,6.53432594865156,3.704316354401267,-0.02610689,-2.144004413975751,5.848320768377018,2.368967649776765
2023-09-18,835.947,6.199554337590755,3.815290688796653,0.0054547745,-2.116290627427734,5.931581316224387,2.390187369236427
2023-09-19,832.022,2.279664533596697,3.925744119834871,0.04652634,-2.088153346126045,6.013897465960916,2.410565123298488
2023-09-20,837.6940000000001,7.95665621020665,4.035619732401572,0.07531156,-2.059607627270581,6.095227359672153,2.43009463691553
2023-09-21,838.4110000000001,8.678529040958411,4.144860115055233,0.08071972,-2.030668393662057,6.17552850871729,2.44877002562003
2023-09-22,839.2049999999999,9.47728269938927,4.253407409482961,0.08580194,-2.001350425775561,6.254757835258522,2.4665857973179777
2023-09-23,838.5939999999999,8.8709168590373,4.361203360777996,0.10174546,-1.9716683541575049,6.3328717149355,2.4835368538136486
2023-09-24,833.962,4.243431193439761,4.468189368481856,0.11138133,-1.941636652151508,6.409826020633364,2.499618492064621
2023-09-25,828.868,-0.8461746238655543,4.574306538333004,0.012283643,-1.9112696289583704,6.485576167291375,2.514826405166407
2023-09-26,834.8109999999999,5.102592576337275,4.679495734663258,-0.10563821,-1.8805814230348936,6.560077157698152,2.529156683066379
2023-09-27,838.989,9.28624969948223,4.783697633382226,-0.11657562,-1.849585995835895,6.633283629218121,2.5426058130068414
2023-09-28,841.09,11.39279664251478,4.886852775489493,-0.09514692,-1.8182971259034104,6.705149901392904,2.555170679697414
2023-09-29,837.033,7.341233302380388,4.988901621053602,-0.11510084,-1.786728403306682,6.775630024360284,2.5668485652171213
2023-09-30,842.287,12.60055957602493,5.089784603596361,-0.26161712,-1.7548932244360196,6.844677828032381,2.5776371486468586
2023-10-01,836.296,6.61477536039373,5.189442184820491,-0.27353272,-1.722804787153369,6.91224697197386,2.5875345054331347
2023-10-02,839.859,10.182880552432591,5.28781490961834,-0.27118245,-1.6904760863018775,6.978290995920218,2.5965391064842738
2023-10-03,837.5369999999999,7.865875049086804,5.38484346129893,-0.29510096,-1.6579199095763713,7.042763370875301,2.604649817000497
2023-10-04,843.81,14.143758747302437,5.480468716970528,-0.25524688,-1.6251488337562774,7.105617550726805,2.611865895039573
2023-10-05,835.118,5.456531544024793,5.574631803015582,-0.22530408,-1.592175221302001,7.166807024317583,2.6181869898199563
2023-10-06,834.5550000000001,4.898193336199524,5.667274150594976,-0.1807303,-1.5590112173154609,7.226285367910436,2.623613139763616
2023-10-07,839.2669999999999,9.614744020771957,5.7583375511183705,-0.12742788,-1.525668746864935,7.284006297983305,2.6281447702809726
2023-10-08,841.3190000000001,11.671183494688302,5.847764211617535,-0.0748722,-1.4921595126740463,7.339923724291581,2.63178269130064
2023-10-09,844.637,14.993511654893412,5.9354968099598,-0.12993453,-1.4584949931742068,7.393991803134007,2.634528094546893
2023-10-10,844.6700000000001,15.030728398333627,6.021478549838728,-0.25437272,-1.4246864409194326,7.44616499075816,2.6363825505680243
2023-10-11,839.383,9.747833621953898,6.105653215479718,-0.34328377,-1.390744881362055,7.496398096841773,2.6373480055190157
2023-10-12,840.615,10.983827222700212,6.187965225998338,-0.34531116,-1.356681111987309,7.544646337985648,2.6374267777021405
2023-10-13,838.21,8.582709097518103,6.2683596893497775,-0.33318213,-1.3225057018044877,7.590865391154265,2.636621553869435
2023-10-14,834.827,5.203479143352929,6.3467824558082615,-0.30727115,-1.288228991191824,7.635011447000085,2.634935385291055
2023-10-15,829.339,-0.2808627428493235,6.423180170915888,-0.26968548,-1.2538610920918414,7.677041263007729,2.6323716835939392
2023-10-16,837.284,7.668074310717858,6.49750032784096,-0.344862,-1.2194118885535632,7.716912216394523,2.6289342163752725
2023-10-17,837.92,8.307893286411952,6.569691319086646,-0.3261303,-1.184891037617441,7.754582356704087,2.6246271025955537
2023-10-18,834.459,4.85059414031985,6.639702487491548,-0.308299,-1.1503079705385533,7.790010458030101,2.619454807756225
2023-10-19,832.9530000000001,3.3481768285290454,6.707484176464765,-0.2743355,-1.1156718943431148,7.82315607080788,2.613422138867069
2023-10-20,836.825,7.223641307126101,6.772987779398703,-0.2215008,-1.0809917937130011,7.853979573111704,2.6065342392087305
2023-10-21,841.004,11.405987532198578,6.8361657882041404,-0.17705785,-1.04627643319251,7.88244222139665,2.5987965828959925
2023-10-22,842.492,12.89721545983333,6.896971840913003,-0.22484796,-1.011534359711303,7.908506200624306,2.590214969247533
2023-10-23,834.889,5.297325046117853,6.955360768295438,-0.22220407,-0.9767739054169212,7.932134673712359,2.5807955169681502
2023-10-24,839.5740000000001,9.985316247138956,7.011288639438902,-0.22052424,-0.942003190810008,7.95329183024891,2.570544658149583
2023-10-25,837.1769999999999,7.591189018983764,7.06471280623842,-0.3494384,-0.9072301281749412,7.971942934413361,2.5594691320962037
2023-10-26,836.923,7.339943317739658,7.115591946748193,-0.35549045,-0.8724624252981771,7.98805437204637,2.5475759789820964
2023-10-27,834.9,5.31957909949362,7.163886107346371,-0.3208534,-0.8377075894663167,8.001593696812687,2.534872533346133
2023-10-28,834.956,5.378096320332737,7.209556743666008,-0.28529596,-0.8029729317354624,8.01252967540147,2.52136641743178
2023-10-29,834.693,5.11749493634423,7.252566760246869,-0.2548782,-0.7682655714631473,8.020832331710016,2.5070655343786403
2023-10-30,833.956,4.382774903615142,7.292880548864111,-0.21686453,-0.733592441093769,8.02647298995788,2.4919780612726954
2023-10-31,837.1039999999999,7.532936178232642,7.330464025491569,-0.17011547,-0.6989602911880793,8.029424316679648,2.476112442062504
2023-11-01,836.121,6.551978716284011,7.365284665858884,-0.122480705,-0.6643756956870485,8.029660361545933,2.4594773803486123
2023-11-02,838.647,9.07990247385614,7.397311539563531,-0.19297127,-0.629845057400038,8.027156596963568,2.44208183205362
2023-11-03,837.941,8.375707407036284,7.42651534270029,-0.17043383,-0.5953746137069639,8.021889956407254,2.4239349979804103
2023-11-04,840.548,10.984393471911424,7.452868428972667,-0.23212564,-0.560970442463809,8.013838871436477,2.405046316266171
2023-11-05,836.357,6.7949606245689225,7.476344839252443,-0.3291711,-0.5266384681006129,8.002983307353055,2.385425454739892
2023-11-06,829.712,0.151408821095739,7.496920329555378,-0.80549234,-0.4923844679007606,7.989304797456138,2.3650823031911536
2023-11-07,839.94,10.38118949064686,7.514572397402932,-0.8657177,-0.4582140784501783,7.972786475853111,2.344026965558024
2023-11-08,833.7489999999999,4.191847929299321,7.529280306541853,-0.84675246,-0.4241328022447629,7.953413108786616,2.322269752042028
2023-11-09,831.183,1.627384161158206,7.541025109995271,-0.83517224,-0.3901460144442267,7.931171124439498,2.2998211711581096
2023-11-10,840.51,10.95579821032739,7.549789671420955,-0.83732194,-0.3562589697601971,7.906048641181152,2.27669192172765
2023-11-11,836.6179999999999,7.065090100911551,7.555558684754408,-0.85979486,-0.3224768094663963,7.878035494220804,2.252892884822544
2023-11-12,835.573,6.021259857015021,7.558318692116352,-0.8484302,-0.2888045685183502,7.847123260634703,2.228435115668476
2023-11-13,833.41,3.8593075027423,7.558058099966295,-0.8729144,-0.2552471827700515,7.813305282736346,2.20332983551542
2023-11-14,835.1990000000001,5.649233062197738,7.554767193485791,-0.9175551,-0.2218094962747976,7.776576689760589,2.1775884234835265
2023-11-15,835.874,6.325036559485722,7.548438149177203,-0.9153573,-0.1884962686572686,7.736934417834472,2.151222408392478
2023-11-16,841.169,11.62071801871059,7.53906504566565,-0.980673,-0.1553121825438146,7.694377228209465,2.124243460582396
2023-11-17,836.007,6.459277463976988,7.526643872694055,-0.9601432,-0.1222618510378365,7.648905723731891,2.096663383734409
2023-11-18,836.524,6.976714919389185,7.511172538303189,-1.3403141,-0.0893498252269696,7.600522363530159,2.068494106698905
2023-11-19,834.799,5.252030409051662,7.492650874190749,-1.5447907,-0.0565806017088349,7.549231475899584,2.0397476753394788
2023-11-20,831.126,1.5792239570688182,7.471080639245591,-1.5073907,-0.0239586301219203,7.495039269367512,2.010436244400576
2023-11-21,830.172,0.6252955875449852,7.446465521255197,-1.4886038,0.008511679331745,7.437953841923452,1.9805720694067053
2023-11-22,831.145,1.59938675972487,7.418811136786835,-1.464761,0.0408259483856245,7.37798518840121,1.9501674986010855
2023-11-23,840.0999999999999,10.555235520194325,7.388125029244566,-1.4407698,0.072979823242787,7.315145206001779,1.9192349649315212
2023-11-24,838.785,9.240707678882709,7.354416665106639,-1.3988389,0.1049689671585847,7.249447697948054,1.887786978091171
2023-11-25,836.661,7.117093237704989,7.317697428349728,-1.3544731,0.1367890530852637,7.1809083752644645,1.855836116621829
2023-11-26,836.665,7.121392325593007,7.277980613068533,-1.3115952,0.1684357563918936,7.10954485667664,1.823395020087244
2023-11-27,838.6980000000001,9.154302798096175,7.235281414301283,-1.2730064,0.1999047476728915,7.035376666628391,1.79047638132383
2023-11-28,838.5369999999999,8.993135407621141,7.189616917073767,-1.2382201,0.2311916856583973,6.95842523141537,1.757092938776104
2023-11-29,842.7750000000001,13.230253401042832,7.141006083676465,-1.2163155,0.2622922102395903,6.878713873436874,1.7232574689239797
2023-11-30,841.9499999999999,12.404311289493318,7.089469739191265,-1.2593365,0.2932019356220007,6.796267803569264,1.6889827788089355
2023-12-01,847.861,18.313697399154247,7.035030555286321,-1.375603,0.3239164436196843,6.711114111666636,1.6542816986659794
2023-12-02,843.5070000000001,13.9580299551697,6.977713032299488,-1.6272616,0.354431277103016,6.623281755196472,1.6191670746681093
2023-12-03,834.5709999999999,5.020319452805909,6.917543479632555,-2.079927,0.3847419336126558,6.5328015460199,1.5836517617898802
2023-12-04,836.445,6.892405963142102,6.85454999448057,-2.113545,0.414843859152139,6.439706135328431,1.5477486167964816
2023-12-05,837.163,7.608197558125843,6.7887624389221575,-2.1561234,0.4447324421712195,6.344029996750938,1.5114704913645702
2023-12-06,831.4449999999999,1.8878268732457253,6.720212415398697,-2.3969462,0.4744030077520489,6.245809407646648,1.474830225340933
2023-12-07,838.287,8.727427697045753,6.648933240611873,-2.6706398,0.503850812009836,6.145082428602037,1.4378406401448662
2023-12-08,836.86,7.297999837722665,6.574959917870864,-2.6636462,0.5330710367196273,6.041888881151237,1.4005145323199486
2023-12-09,831.538,1.9735431034739763,6.498329107922155,-2.6505213,0.5620587841803484,5.936270323741806,1.362864667240717
2023-12-10,834.195,4.628057302496628,6.419079098296457,-2.690404,0.59080907232714,5.828270025969317,1.3249037729795117
2023-12-11,834.724,5.154480029334797,6.3372497712090174,-2.6753714,0.6193168301026327,5.717932941106385,1.2866445343385804
2023-12-12,837.2969999999999,7.72487502444763,6.252882570050856,-2.6475608,0.647576893097561,5.605305676953295,1.2480995870522988
2023-12-13,839.7090000000001,10.133849021537443,6.166020464510244,-2.6231492,0.6755839994707118,5.490436465039532,1.2092815121641276
2023-12-14,839.341,9.762805742508206,6.076707914365007,-2.594488,0.7033327861579489,5.373375128207058,1.1702028305827266
2023-12-15,835.943,6.361744926264083,5.984990831987568,-2.5537646,0.7308177853796086,5.254173046607959,1.1308759978213976
2023-12-16,838.249,8.66466631170859,5.890916543606197,-2.5079217,0.7580334214553122,5.132883122150885,1.0913133989247672
2023-12-17,838.895,9.307331422982047,5.794533749367021,-2.4950032,0.7849740079347003,5.009559741432321,1.0515273435864287
2023-12-18,836.1110000000001,6.519835362271915,5.695892482242577,-2.7624128,0.8116337450523534,4.884258737190224,1.0115300614609857
2023-12-19,838.2610000000001,8.665631285051628,5.5950440658340135,-3.3654988,0.8380067175146341,4.757037348319379,0.9713336976736332
2023-12-20,838.1619999999999,8.562386977046955,5.4920410711149135,-3.600218,0.8640868926258471,4.627954178489066,0.930950308530311
2023-12-21,833.6949999999999,4.090851993072235,5.386937272165955,-3.5631616,0.8898681187605971,4.497069153405358,0.890391857430996
2023-12-22,836.991,7.38223258567278,5.279787600950535,-3.562582,0.915344124188872,4.364443476761664,0.8496702109886377
2023-12-23,836.05,6.436590250721458,5.170648101182323,-3.5463953,0.9405085162598116,4.230139584922512,0.8087971353558276
2023-12-24,833.491,3.872971109108548,5.0595758813366745,-3.5388615,0.9653547809497622,4.094221100386912,0.7677842927611148
2023-12-25,835.29,5.667018100774438,4.946629066858613,-3.5533688,0.9898762827796376,3.956752784078975,0.7266432382565687
2023-12-26,834.7679999999999,5.140091555673928,4.831866751620742,-3.559472,1.0140662651061831,3.81780048651456,0.685385416677928
2023-12-27,836.3770000000001,6.744169673809472,4.715348948685149,-3.797102,1.037917850791227,3.6774310978939218,0.6440221598184189
2023-12-28,832.782,3.143773732161436,4.597136540423991,-3.8818054,1.0614240432524442,3.535712497171547,0.602564683817006
2023-12-29,828.506,-1.137576978363256,4.477291228053926,-4.0737977,1.0845777278987323,3.392713500155194,0.5610240867616227
2023-12-30,832.196,2.5473363483868017,4.355875480640028,-4.3836584,1.107371673952671,3.2485038066873573,0.5194113465076042
2023-12-31,831.712,2.058077551083562,4.232952483625216,-4.3425465,1.1297985366621006,3.103153946963116,0.4777373187112996
