date,gps_raw_up_mm,gps_detrended_mm,gps_seasonal_mm,hydl_original_up_mm,hydl_seasonal_mm,gps_minus_hydl_mm,poroelastic_mm
2021-01-01,816.8199999999999,3.1719951779170583,1.139588247633555,-2.6355176,0.6231984232350273,0.5163898243985278,0.7881473885416739
2021-01-02,813.001,-0.6575406364434102,1.056239365763463,-2.732186,0.6864641597928006,0.3697752059706624,0.7711739709548928
2021-01-03,818.373,4.703819689008194,0.9723417170854176,-2.8613656,0.749597073128757,0.2227446439566606,0.7537213668949233
2021-01-04,813.373,-0.307111763379969,0.8879196978794999,-3.1747663,0.8125764063009621,0.0753432915785378,0.7357940646914274
2021-01-05,812.136,-1.5548271090979957,0.8029981396355049,-3.2185276,0.8753813777201837,-0.0723832380846787,0.7173969552308627
2021-01-06,814.273,0.5715085243526099,0.7176023005142694,-3.2753155,0.9379911890557684,-0.220388888541499,0.6985353312387315
2021-01-07,809.5329999999999,-4.179376750969032,0.6317578563989004,-3.2660863,1.0003850332079454,-0.368627176809045,0.6792148861515627
2021-01-08,811.035,-2.687991941292635,0.5454908915412027,-3.3543956,1.0625421023424189,-0.5170512108012162,0.6594417125783072
2021-01-09,811.5,-2.233762435961802,0.4588278888092475,-3.3127363,1.1244415959829703,-0.6656137071737228,0.6392223003512341
2021-01-10,811.625,-2.119555645692783,0.3717957195421276,-3.3195007,1.186062729157774,-0.8142670096156466,0.6185635341668994
2021-01-11,810.98,-2.7753808420119923,0.2844216330185427,-3.305516,1.247384740595055,-0.9629631075765126,0.5974726908182029
2021-01-12,813.013,-0.7530153080258952,0.1967332455461168,-3.4395256,1.3083869009636322,-1.1116536554175154,0.5759574360190107
2021-01-13,814.4599999999999,0.6833236583638735,0.1087585291788293,-3.5794542,1.3690485211538457,-1.260289991975016,0.5540258208232718
2021-01-14,805.95,-7.83727731362073,0.0205258000701391,-3.5162144,1.4293489605943308,-1.4088231605241917,0.5316862776410117
2021-01-15,807.9060000000001,-5.891791617528004,-0.0679362935301132,-3.4888363,1.4892676356000585,-1.5572039291301716,0.5089476158540448
2021-01-16,810.446,-3.362216555757784,-0.1565987836266305,-3.4332006,1.5487840277469245,-1.705382811373555,0.4858190170346648
2021-01-17,809.726,-4.09254943070978,-0.2454323951687815,-3.3853397,1.607877692268289,-1.8533100874370705,0.4623100297710864
2021-01-18,816.3439999999999,2.51521245521619,-0.3344075590707459,-3.3260694,1.6665282664686578,-2.000935825539404,0.4384305641037461
2021-01-19,814.701,0.8615867452428149,-0.4234944255525278,-3.2890458,1.724715478149817,-2.148209903702345,0.4141908855771322
2021-01-20,809.9889999999999,-3.8614012268825286,-0.5126628777919124,-3.239411,1.7824191540445409,-2.2950820318364533,0.3896016089121286
2021-01-21,814.898,1.0371573704428445,-0.6018825458776371,-3.2043197,1.839619228253159,-2.441501774130796,0.3646736913043766
2021-01-22,819.6949999999999,5.823358887616229,-0.6911228210533958,-3.194991,1.8962957506780451,-2.5874185717314413,0.3394184253545219
2021-01-23,814.889,1.0064807484266316,-0.7803528702421297,-3.1979945,1.952428895451225,-2.732781765693354,0.3138474316366576
2021-01-24,815.2570000000001,1.3636239171141864,-0.8695416508398889,-3.2227747,2.007998969350212,-2.877540620190101,0.2879726509116692
2021-01-25,821.757,7.852698049194604,-0.9586579257681308,-3.3757615,2.062986420197187,-3.021644345965317,0.2618063359926063
2021-01-26,823.789,9.87343035103134,-1.047670278773182,-3.3814085,2.117371845236624,-3.1650421240098057,0.2353610432695671
2021-01-27,820.4390000000001,6.51197705904836,-1.1365471299613097,-3.8321524,2.171135999486483,-3.307683129447793,0.2086496239020097
2021-01-28,814.692,0.7534807855962177,-1.225256751557657,-4.2497168,2.224259804058065,-3.4495165556157223,0.1816852146867504
2021-01-29,817.889,3.939080058952393,-1.3137672838770649,-4.3494368,2.276724354439656,-3.5904916383167205,0.1544812286102782
2021-01-30,813.499,-0.4627314955389534,-1.4020467514945665,-4.368452,2.3285109287390644,-3.7305576802336304,0.127051345094397
2021-01-31,809.9889999999999,-3.984646915128561,-1.4900630796032597,-4.406175,2.379600995880209,-3.8696640754834686,0.0994094999445361
2021-02-01,811.304,-2.681466930185032,-1.5777841105469772,-4.4423175,2.4299762237489184,-4.007760334295895,0.0715698750104045
2021-02-02,806.4639999999999,-7.533189286946188,-1.6651776205150308,-4.6620307,2.479618487283073,-4.144796107798104,0.0435468875690166
2021-02-03,811.391,-2.617811731649806,-1.75221133638627,-4.7726493,2.5285098765023686,-4.280721212888639,0.0153551794404048
2021-02-04,808.59,-5.430332010533693,-1.838852952709341,-4.730255,2.576632704472852,-4.415485657182193,-0.0129903941533337
2021-02-05,808.012,-6.019747869835856,-1.9250701488061663,-4.7072425,2.623969515201569,-4.549039664007736,-0.0414747759747345
2021-02-06,806.8140000000001,-7.229057055793831,-2.0108306059852925,-4.665079,2.670503091456564,-4.681333697441857,-0.07008271839219
2021-02-07,810.967,-3.087257314645645,-2.0961020248518665,-4.618653,2.716216462507625,-4.812318487359491,-0.0987987952242297
2021-02-08,808.336,-5.729346392628862,-2.1808521427007896,-4.552081,2.7610929117831198,-4.941945054483909,-0.1276074137950925
2021-02-09,812.443,-1.6333220359814655,-2.2650487509795854,-4.4774275,2.8051159844384097,-5.070164735417995,-0.15649282718964
2021-02-10,813.3629999999999,-0.7242412829915873,-2.3486597128073923,-4.4134884,2.8482694948312783,-5.196929207638671,-0.1854391466953815
2021-02-11,808.081,-6.017069354691031,-2.431652980536521,-4.4769216,2.8905375338999604,-5.322190514436482,-0.214430354419163
2021-02-12,813.893,-0.215779534028037,-2.5139966133429623,-4.6416826,2.9319044764393483,-5.445901089782311,-0.2434503160659283
2021-02-13,812.067,-2.0524265729785167,-2.595658794832111,-4.9880505,2.9723549882710447,-5.568013783103156,-0.2724827938666833
2021-02-14,808.53,-5.599952785782423,-2.6766078506461133,-5.018606,3.01187403330302,-5.688481883949133,-0.3015114596426904
2021-02-15,814.2230000000001,0.0826440603769481,-2.7568122660591907,-5.1808763,3.0504468804746323,-5.807259146533824,-0.3305199079927254
2021-02-16,811.027,-3.123675573300076,-2.836240703547193,-5.185263,3.088059110582924,-5.9242998141301175,-0.359491669590097
2021-02-17,810.944,-3.21686881747882,-2.914862020317902,-5.1404085,3.1246966229861006,-6.0395586433040025,-0.3884102245759726
2021-02-18,806.841,-7.32993344552824,-2.99264528578839,-5.176452,3.1603456421802623,-6.152990927968652,-0.4172590160354762
2021-02-19,805.687,-8.493867230817774,-3.0695597989960133,-5.286815,3.194992724245469,-6.264552523241482,-0.4460214635429002
2021-02-20,811.907,-2.2836679467162755,-3.1455751059294683,-5.3821464,3.228624763157313,-6.374199869086781,-0.474680976762279
2021-02-21,802.766,-11.434261955217307,-3.220661016766704,-5.3767276,3.261228996960345,-6.481890013727049,-0.5032209690895086
2021-02-22,805.388,-8.821721273925966,-3.294787623006215,-5.3677554,3.292793013799632,-6.587580636805846,-0.5316248713221677
2021-02-23,807.716,-6.503043665278256,-3.367925314478682,-5.329843,3.323304757806977,-6.691230072285659,-0.5598761453431098
2021-02-24,806.157,-8.071226891709903,-3.440044796225815,-5.2707124,3.352752534838328,-6.792797331064143,-0.5879582978038945
2021-02-25,803.721,-10.516268715656572,-3.5111171052335006,-5.2431602,3.381125018059026,-6.892242123292527,-0.6158548937941308
2021-02-26,810.374,-3.872166899554015,-3.5811136270064203,-5.2532163,3.4084112533736484,-6.989524880380069,-0.6435495704827787
2021-02-27,819.4240000000001,5.169080794161992,-3.650006111971515,-5.228346,3.434600664697304,-7.084606776668819,-0.6710260507175129
2021-02-28,807.4839999999999,-6.779639992917691,-3.7177666916977614,-5.1861463,3.4596830590653163,-7.177449750763078,-0.6982681565682557
2021-03-01,810.6320000000001,-3.640208822237021,-3.784367894920014,-5.118759,3.483648631578407,-7.268016526498421,-0.7252598228010735
2021-03-02,810.256,-4.024623473857035,-3.849782663354707,-5.044256,3.5064879701804657,-7.356270633535173,-0.751985110268659
2021-03-03,816.957,2.668118272162224,-3.913984367295494,-4.968595,3.528192060266276,-7.442176427561771,-0.7784282192037585
2021-03-04,813.801,-0.4960843392768779,-3.976946820977106,-4.895389,3.548752289116504,-7.52569911009361,-0.8045735024019431
2021-03-05,808.252,-6.053447843475218,-4.0386442976958605,-4.859053,3.568160450157534,-7.606804747853395,-0.8304054782802829
2021-03-06,810.2810000000001,-4.032659770330895,-4.099051544675549,-4.982678,3.586408747043664,-7.685460291719213,-0.8559088437985873
2021-03-07,808.354,-5.96771796238346,-4.158143797667639,-4.9197907,3.603489797559511,-7.76163359522715,-0.8810684872300367
2021-03-08,813.489,-0.8406202621719929,-4.215896795274882,-4.9042444,3.619396637340353,-7.835293432615235,-0.9058695007681528
2021-03-09,812.589,-1.7486697122281911,-4.272286792987881,-4.9043293,3.634122723408471,-7.906409516396351,-0.9302971929572964
2021-03-10,815.407,1.0611778651349564,-4.327290576924167,-5.0116,3.647661937523503,-7.97495251444767,-0.9543371009339724
2021-03-11,809.333,-5.021501947504651,-4.380885477259799,-4.9912276,3.6600085893450416,-8.04089406660484,-0.9779750024665356
2021-03-12,812.964,-1.399035630349929,-4.433049381343713,-4.9342113,3.6711574194058088,-8.104206800749521,-1.001196927780987
2021-03-13,805.314,-9.05752328289288,-4.483760746485291,-4.894809,3.681103601893801,-8.164864348379092,-1.0239891711608846
2021-03-14,810.0889999999999,-4.290863632385386,-4.53299861240599,-4.937706,3.689842747242034,-8.222841359648024,-1.046338302309576
2021-03-15,814.683,0.2949452795459919,-4.580742613346062,-5.1677947,3.697370904524501,-8.278113517870562,-1.0682311774632072
2021-03-16,810.005,-4.391297932661647,-4.626972989817843,-5.1191387,3.703684563657196,-8.330657553475039,-1.0896549502432893
2021-03-17,811.6640000000001,-2.740393492348732,-4.671670599997292,-5.0652413,3.708780657403135,-8.380451257400427,-1.110597082237816
2021-03-18,813.302,-1.110339471254659,-4.714816930745732,-5.081486,3.712656563180367,-8.4274734939261,-1.1310453533002536
2021-03-19,811.317,-3.1032653287144623,-4.756394108254334,-5.134369,3.715310104672232,-8.471704212926566,-1.1509878715560435
2021-03-20,809.155,-5.273041319185938,-4.796384908303757,-5.1480627,3.716739553239057,-8.513124461542814,-1.1704130831065234
2021-03-21,808.55,-5.885386618152251,-4.83477276613223,-5.078806,3.716943629130809,-8.551716395263039,-1.1893097814205515
2021-03-22,809.4010000000001,-5.041498828949896,-4.871541785905233,-5.1105494,3.715921502500165,-8.587463288405399,-1.2076671164044293
2021-03-23,814.5949999999999,0.1455344849403435,-4.906676749780575,-5.1082606,3.71367279421568,-8.620349543996255,-1.2254746031410688
2021-03-24,805.49,-8.966443995106,-4.940163126562842,-5.087262,3.710197576474834,-8.650360703037677,-1.242722130289703
2021-03-25,811.246,-3.217277349784289,-4.971987079941673,-5.115035,3.705496373216849,-8.677483453158523,-1.2593999681378252
2021-03-26,815.311,0.8410363618311065,-5.002135476308578,-5.0624285,3.6995701603352975,-8.701705636643876,-1.275498776297402
2021-03-27,809.271,-5.2057808429291965,-5.030595892147351,-4.9932604,3.6924203656906034,-8.723016257837955,-1.291009611037792
2021-03-28,808.419,-6.064362824351616,-5.057356620993683,-4.945157,3.6840488689227455,-8.741405489916428,-1.3059239322481877
2021-03-29,809.6320000000001,-4.857591088264518,-5.082406679959594,-4.885682,3.674458001064445,-8.75686468102404,-1.3202336100228331
2021-03-30,808.686,-5.809479861842471,-5.105735815819068,-4.802326,3.6636505439554097,-8.769386359774478,-1.3339309308626306
2021-03-31,808.498,-6.0030562068850255,-5.127334510651285,-4.7228394,3.651629729458133,-8.778964240109417,-1.3470086034871969
2021-04-01,808.577,-5.929494966429274,-5.1471939870385,-4.6330304,3.638399238476032,-8.785593225514532,-1.3594597642518422
2021-04-02,809.415,-5.096609700789172,-5.165306212815726,-4.5354652,3.623963199774688,-8.789269412590414,-1.371277982164372
2021-04-03,807.688,-6.828587945257527,-5.18166390536995,-4.4480057,3.608326188607137,-8.789990093977087,-1.3824572634970356
2021-04-04,810.0110000000001,-4.510218604429962,-5.196260535486919,-4.3567047,3.591493225144226,-8.787753760631146,-1.3929920559894031
2021-04-05,813.0690000000001,-1.4565334240980468,-5.209090330743776,-4.282154,3.5734697727112064,-8.782560103454983,-1.4028772526383846
2021-04-06,810.6510000000001,-3.8787489918489353,-5.2201482784463975,-4.2112226,3.5542617358317337,-8.774410014278132,-1.4121081950720302
2021-04-07,810.295,-4.238679344403972,-5.229430128110534,-4.1696634,3.533875458080728,-8.763305586191262,-1.420680676504238
2021-04-08,817.5980000000001,3.0605228051608737,-5.236932393486144,-4.1356025,3.5123177197474083,-8.749250113233552,-1.4285909442679243
2021-04-09,810.9060000000001,-3.63542610054427,-5.242652354124882,-4.0845585,3.4895957353101577,-8.73224808943504,-1.43583570192466
2021-04-10,816.5219999999999,1.976887424460596,-5.246588056490876,-4.0389233,3.465717150724796,-8.712305207215671,-1.4424121109492576
2021-04-11,810.027,-4.521728366267848,-5.248738314615353,-3.9663496,3.4406900405279903,-8.689428355143344,-1.4483177919882229
2021-04-12,814.9309999999999,0.3788994188312076,-5.249102710296041,-3.9023333,3.4145229047576717,-8.663625615053713,-1.4535508256914702
2021-04-13,817.745,3.1897667849071034,-5.247681592842608,-3.8566325,3.387224665692327,-8.634906258534935,-1.4581097531171316
2021-04-14,812.7560000000001,-1.8023003421341568,-5.244476078369778,-3.8229687,3.3588046644112004,-8.603280742780978,-1.4619935757097762
2021-04-15,811.136,-3.425349531273649,-5.239488048640024,-3.7679133,3.329272657177481,-8.568760705817505,-1.4652017548527865
2021-04-16,812.0070000000001,-2.55726702176813,-5.232720149458185,-3.7023191,3.2986388116466245,-8.531358961104809,-1.4677342109961258
2021-04-17,811.461,-3.1062155100267845,-5.224175788620674,-3.6139057,3.266913702902144,-8.491089491522818,-1.469591322361152
2021-04-18,814.963,0.3929673811495358,-5.213859133422146,-3.5276024,3.234108309321076,-8.447967442743222,-1.470773923224601
2021-04-19,814.13,-0.4429200591869133,-5.201775107723019,-3.4480598,3.2002340082716394,-8.402009115994659,-1.4712833017843403
2021-04-20,811.432,-3.143803557231053,-5.187929388581459,-3.4029644,3.16530257164552,-8.353231960226978,-1.4711211976098637
2021-04-21,813.159,-1.4195585029229798,-5.172328402453701,-3.326784,3.1293261612273224,-8.301654563681023,-1.4702897986810353
2021-04-22,820.438,5.856804497969273,-5.15497932096701,-3.261213,3.0923173239038446,-8.247296644870854,-1.4687917380189512
2021-04-23,817.692,3.10824928486001,-5.135890056269838,-3.1910272,3.054288986715825,-8.190179042985664,-1.4666300899132645
2021-04-24,815.432,0.8454141678883804,-5.115069255964036,-3.264894,3.0152544517549487,-8.130323707718984,-1.4638083657507248
2021-04-25,820.714,6.124227463966597,-5.092526297624188,-3.4067469,2.9752273909088887,-8.067753688533077,-1.460330509450126
2021-04-26,818.6980000000001,4.104943424234406,-5.068271282909654,-3.4490335,2.934221840457269,-8.002493123366923,-1.4562008925092376
2021-04-27,814.9830000000001,0.3864848983196802,-5.042315031274876,-3.385336,2.8922521955214973,-7.934567226796373,-1.4514243086697547
2021-04-28,810.8649999999999,-3.734882513386906,-5.014669073284058,-3.3111305,2.849333204371382,-7.864002277655441,-1.4460059682066415
2021-04-29,813.105,-1.4979369923591932,-4.985345643536407,-3.232961,2.8054799625916336,-7.79082560612804,-1.4399514918486955
2021-04-30,812.493,-2.1134528753710367,-4.954357673208459,-3.157222,2.760707907111283,-7.715065580319742,-1.4332669043375
2021-05-01,817.2270000000001,2.617081674982495,-4.921718782220276,-3.13056,2.7150328100991445,-7.6367515923194205,-1.4259586276323428
2021-05-02,809.704,-4.909316075983823,-4.887443271032499,-3.0705378,2.6684707727285124,-7.555914043761011,-1.4180334737690234
2021-05-03,811.589,-3.027565606586265,-4.851546112081502,-2.9957843,2.6210382188142605,-7.472584330895763,-1.4094986373808414
2021-05-04,812.1460000000001,-2.4737040746553176,-4.814042940860107,-2.9202607,2.572751888325617,-7.386794829185724,-1.4003616878904095
2021-05-05,811.361,-3.2617297694227227,-4.774950046651597,-2.8170383,2.523628830777874,-7.29857887742947,-1.3906305613812695
2021-05-06,811.1819999999999,-3.4436409801202315,-4.734284362924816,-2.7195952,2.473686398506353,-7.207970761431169,-1.3803135521586132
2021-05-07,813.1890000000001,-1.4394359959790797,-4.692063457398612,-2.6543534,2.422942239825948,-7.115005697224561,-1.369419304008729
2021-05-08,812.457,-2.1741530544639343,-4.648305521783762,-2.5982883,2.3714142920796637,-7.019719813863425,-1.3579568011671264
2021-05-09,810.868,-3.765968285116784,-4.60302936121094,-2.5490997,2.3191207745794595,-6.9221501357904,-1.3459353590055383
2021-05-10,814.528,-0.1086691687605152,-4.556254383353395,-2.4832954,2.2660801814428977,-6.822334564796293,-1.333364614448323
2021-05-11,812.6999999999999,-1.9392725575638388,-4.508000587253114,-2.4125464,2.212311274328982,-6.720311861582095,-1.3202545161290336
2021-05-12,811.735,-2.906804051493223,-4.458288551859446,-2.331852,2.157833075076664,-6.61612162693611,-1.3066153142982109
2021-05-13,805.0110000000001,-9.633217917089052,-4.407139424289374,-2.241539,2.1026648582494576,-6.509804282538832,-1.2924575504936593
2021-05-14,813.048,-1.5985124910406037,-4.354574907818639,-2.161018,2.0468261435896933,-6.401401051408333,-1.27779204698473
2021-05-15,810.925,-3.724258377946647,-4.300617249613158,-2.1185791,1.9903366883858664,-6.290953937999024,-1.26262989600234
2021-05-16,812.545,-2.1068971973448027,-4.245289228210227,-2.0631344,1.9332164797565925,-6.17850570796682,-1.2469824487666743
2021-05-17,813.158,-1.4964273706696056,-4.188614140759162,-2.0063322,1.8754857268546887,-6.064099867613851,-1.230861304324679
2021-05-18,815.834,1.1769718253621153,-4.13061579003112,-1.97925,1.8171648529948945,-5.947780643026015,-1.2142782982096778
2021-05-19,813.72,-0.939728115801818,-4.071318471207894,-1.944861,1.758274487708726,-5.82959295891662,-1.1972454909355603
2021-05-20,809.371,-5.291372007353054,-4.010746958459635,-1.9943731,1.698835458730049,-5.709582417189685,-1.179775156338165
2021-05-21,814.1,-0.5649060618173471,-3.948926491321487,-2.0166595,1.6388687839147784,-5.587795275236266,-1.161879769776626
2021-05-22,812.845,-1.822440939114851,-3.8858827608791775,-2.0265076,1.5783956630983402,-5.464278423977518,-1.1435719962075266
2021-05-23,810.979,-3.690873846815032,-3.8216418957736953,-2.023786,1.5174374698943132,-5.339079365668009,-1.1248646781448712
2021-05-24,809.361,-5.311195656997856,-3.756230448035182,-1.9855295,1.4560157434378016,-5.212246191472984,-1.105770823518912
2021-05-25,810.4440000000001,-4.230404874639016,-3.689675378756319,-1.9525992,1.3941521800770118,-5.083827558833331,-1.086303593446996
2021-05-26,809.837,-4.839500004715051,-3.6220040436153353,-1.861695,1.331868625016528,-4.953872668631862,-1.066476289929634
2021-05-27,813.041,-1.6373530082338623,-3.553244178258999,-1.8105367,1.2691870639157734,-4.822431242174773,-1.0463023434850236
2021-05-28,809.237,-5.443167214049635,-3.483423883555772,-1.75039,1.206129614446051,-4.689553498001822,-1.025795300735325
2021-05-29,815.157,0.4751316441619462,-3.412571610729461,-1.6734424,1.1427185178097372,-4.555290128539198,-1.0049688119579794
2021-05-30,813.904,-0.7796948559797785,-3.340716146383567,-1.5983242,1.0789761302248886,-4.419692276608456,-0.9838366186153564
2021-05-31,815.6679999999999,0.982286405186803,-3.2678865974266733,-1.5248698,1.0149249143788377,-4.282811511805511,-0.962412540876018
2021-06-01,814.1650000000001,-0.522887606079744,-3.194112375909005,-1.4495708,0.950587430854049,-4.144699806763054,-0.9407104651408544
2021-06-02,813.071,-1.6189804854424403,-3.1194231837804502,-1.3883744,0.8859863295296948,-4.005409513310145,-0.9187443315872732
2021-06-03,817.38,2.687875914112304,-3.04384899758011,-1.3150018,0.8211443409622203,-3.864993338542331,-0.8965281217446209
2021-06-04,810.979,-3.71517202615366,-2.96742005306759,-1.242437,0.7560842677483112,-3.723504320815901,-0.8740758461138787
2021-06-05,814.251,-0.4449901673217755,-2.890166829806024,-1.191819,0.6908289758735229,-3.580995805679547,-0.8514015318446257
2021-06-06,817.767,3.06926848009762,-2.812120035706863,-1.1462492,0.6254013860498565,-3.43752142175672,-0.8285192104821475
2021-06-07,813.292,-1.4075395091828533,-2.733310591546316,-1.1061242,0.5598244650455437,-3.29313505659186,-0.8054429057974468
2021-06-08,815.153,0.4517293374532907,-2.6537696154633954,-1.0510178,0.494121217010311,-3.1478908324737063,-0.7821866217127804
2021-06-09,817.0300000000001,2.3268782905487937,-2.5735284074491545,-1.0061276,0.4283146747992504,-3.001843082248405,-0.758764330335206
2021-06-10,809.8919999999999,-4.8130307629018,-2.49261843383702,-1.0245616,0.3624278912985598,-2.8550463251355795,-0.7351899601104531
2021-06-11,817.7280000000001,3.0211590085735023,-2.411071311803565,-1.0068135,0.2964839307562419,-2.707555242559807,-0.7114773841092672
2021-06-12,811.706,-3.0027321759315457,-2.328918793889383,-0.9755996,0.2305058601209241,-2.559424654010307,-0.6876404084581884
2021-06-13,807.59,-7.1205169566097055,-2.246192752549293,-0.924905,0.1645167403918705,-2.410709492941163,-0.6636927609264991
2021-06-14,811.356,-3.356194072527853,-2.162925164741187,-0.8794682,0.0985396179832645,-2.261464782724452,-0.6396480796809136
2021-06-15,817.158,2.444237737247241,-2.079148096562592,-0.8199793,0.0325975161057862,-2.111745612668378,-0.6155199022193004
2021-06-16,811.2909999999999,-3.4243146920735623,-1.994893687943956,-0.7427845,-0.0332865738315158,-1.96160711411244,-0.5913216544945247
2021-06-17,815.0070000000001,0.2905172553697179,-1.910194137407509,-0.6605637,-0.0990897007960423,-1.8111044366114672,-0.5670666402392326
2021-06-18,813.6560000000001,-1.0615109863489296,-1.8250816869003628,-0.58372337,-0.1647889626802812,-1.6602927242200816,-0.5427680305021356
2021-06-19,815.654,0.935562455536424,-1.739588606710457,-0.5238576,-0.2303615148212691,-1.5092270918891877,-0.5184388534060896
2021-06-20,814.0880000000001,-0.6316014557581668,-1.6537471804737425,-0.474297,-0.2957845784880715,-1.357962601985671,-0.4940919841379687
2021-06-21,813.615,-1.1053507309006998,-1.5675896902808035,-0.4210369,-0.3610354493343695,-1.206554240946434,-0.4697401351800204
2021-06-22,819.56,4.838951460522872,-1.4811484018911014,-0.37255743,-0.4260915058133608,-1.0550568960777404,-0.4453958467921298
2021-06-23,814.0659999999999,-0.6559864456627851,-1.394455550062636,-0.30962974,-0.4909302175521993,-0.9035253325104368,-0.4210714777540524
2021-06-24,828.407,13.68418215845698,-1.307543324004869,-0.2700231,-0.555529153683181,-0.752014170321688,-0.3967791963763701
2021-06-25,816.403,1.679236393739715,-1.2204438529624322,-0.22749984,-0.6198659911289721,-0.6005778618334601,-0.3725309717885894
2021-06-26,815.345,0.6204122834623393,-1.1331891919370238,-0.18379553,-0.6839185228391853,-0.4492706690978385,-0.3483385655124618
2021-06-27,817.145,2.419563251432061,-1.0458113075547126,-0.1336462,-0.7476646659756152,-0.2981466415790974,-0.3242135233282355
2021-06-28,824.894,10.167744415678708,-0.9583420640856374,-0.07558458,-0.8110824700435306,-0.1472595940421067,-0.3001671674411929
2021-06-29,815.4670000000001,0.7399565658572342,-0.8708132096229977,-0.02234579,-0.8741501249663752,0.0033369153433775,-0.2762105889554714
2021-06-30,817.725,2.99729607293398,-0.7832563624278968,0.026060889,-0.9368459691013602,0.1535896066734634,-0.2523546406617719
2021-07-01,816.25,1.5217113085847185,-0.695702997446574,0.06897216,-0.9991484971933338,0.3034454997467597,-0.228609930145179
2021-07-02,821.415,6.686253157253713,-0.6081844330061975,0.11101863,-1.061036368264449,0.4528519352582515,-0.2049868132189419
2021-07-03,817.447,2.717774180150725,-0.5207318176953066,0.15844627,-1.1224884134371629,0.6017565957418562,-0.1814953876896484
2021-07-04,815.846,1.1158826533803023,-0.4333761174347624,0.20649362,-1.1834836436880476,0.7501075262532851,-0.1581454874588418
2021-07-05,817.7379999999999,3.0071330139539287,-0.3461481027448124,0.24755996,-1.2440012575300292,0.8978531547852168,-0.1349466769657108
2021-07-06,816.317,1.5854101579000464,-0.2590783362137442,0.26846918,-1.3040206486206274,1.044942312406883,-0.1119082459750792
2021-07-07,821.8480000000001,7.115445718809573,-0.1721971601733706,0.3020111,-1.3635214132938305,1.1913242531204598,-0.0890392047145282
2021-07-08,817.9060000000001,3.1722230208539224,-0.0855346845863062,0.35310417,-1.4224833580132417,1.3369486734269356,-0.0663482793640012
2021-07-09,816.758,2.0230445460484323,0.0008792248500414,0.41269323,-1.4808865067441896,1.481765731594231,-0.0438439079009281
2021-07-10,812.808,-1.927976839252051,0.0870149583782552,0.4527671,-1.5387111082424736,1.6257260666207287,-0.0215342363033658
2021-07-11,817.8530000000001,3.116568883500683,0.1728431736299753,0.4904965,-1.5959376432575074,1.7687808168874828,0.0005728848866787
2021-07-12,821.283,6.546153338944951,0.2583348068451624,0.540225,-1.6525468316475818,1.9108816384927445,0.0224699036380615
2021-07-13,820.5400000000001,5.802790095466702,0.3434610838574626,0.6032289,-1.7085196394050466,2.0519807232625094,0.0441495691421625
2021-07-14,821.2429999999999,6.505562500437311,0.4281935308419858,0.6526982,-1.7638372855891844,2.19203081643117,0.0656049341605516
2021-07-15,818.441,3.7033437383554033,0.5125039848218744,0.6948158,-1.818481249164612,2.3309852339864863,0.0868293570082368
2021-07-16,810.667,-4.07077609157726,0.5963646039303675,0.72869587,-1.8724332757430544,2.468797879673422,0.1078165031725026
2021-07-17,818.323,3.5852995665700185,0.6797478774251542,0.75832844,-1.9256753842263843,2.6054232616515387,0.1285603465677615
2021-07-18,817.39,2.6524759070951447,0.762626635452097,0.8064342,-1.9781898733487435,2.7408165088008403,0.1490551704272847
2021-07-19,819.322,4.584724819444922,0.8449740585556093,0.8364302,-2.02995932811574,2.874933386671349,0.1692955678330775
2021-07-20,814.334,-0.4029181424893906,0.9267636869331112,0.85712874,-2.080966626138603,3.007730313071714,0.189276441885601
2021-07-21,817.448,2.7118148876442283,1.0079694294312824,0.8900725,-2.131194943861289,3.139164373292571,0.2089930055154507
2021-07-22,821.449,6.713687033311252,1.0885655722819312,0.91718787,-2.1806277626784336,3.269193334960365,0.2284407809395188
2021-07-23,819.268,4.533699183927107,1.168526787575603,0.94598764,-2.229248874942264,3.397775662517867,0.2476155987645718
2021-07-24,814.922,0.1885733131944609,1.2478281414711632,0.9749003,-2.2770423898563616,3.524870531327525,0.2665135967415757
2021-07-25,818.217,3.484306145876029,1.3264451021397934,1.0121776,-2.323992739254398,3.650437841394192,0.2851312181745183
2021-07-26,820.476,5.74360567545474,1.4043535474421442,1.0407593,-2.370084683261857,3.7744382307040016,0.3034652099878475
2021-07-27,819.116,4.3840327977368805,1.4815297723373502,1.0617274,-2.4153033158387998,3.8968330881761495,0.3215126204570526
2021-07-28,813.038,-1.6934226607591376,1.5579504960231012,1.1017913,-2.459634070201826,4.017584566224928,0.3392707966072796
2021-07-29,820.85,6.119261506879997,1.6335928688058334,1.14265,-2.5030627241232444,4.136655592929078,0.3567373812852693
2021-07-30,817.339,2.609075421541358,1.7084344787005603,1.1736498,-2.5455754051056845,4.254009883806245,0.3739103099102439
2021-07-31,818.2909999999999,3.561714868370144,1.782453357759819,1.1726075,-2.5871585954302088,4.369611953190027,0.3907878069097646
2021-08-01,809.118,-5.610623492945669,1.8556279881315685,1.1911576,-2.6277991370761398,4.483427125207708,0.407368381846896
2021-08-02,818.5989999999999,3.8714686959741806,1.927937307845941,1.2147888,-2.6674842365107887,4.5954215443567294,0.4236508252453956
2021-08-03,815.412,0.6856851771589687,1.9993607163308784,1.2482989,-2.706201469347228,4.705562185678106,0.4396342041199448
2021-08-04,818.3209999999999,3.5956509649520645,2.069878079657007,1.2838557,-2.743938784868417,4.813816864525424,0.455317857218786
2021-08-05,820.415,5.690752842174256,2.13946973551213,1.3136604,-2.780684510415849,4.920154245927979,0.4707013899864495
2021-08-06,814.908,0.1849799133368113,2.208116497905896,1.3258253,-2.816427355641011,5.024543853546907,0.4857846692545469
2021-08-07,822.38,7.658344675630957,2.275799661605421,1.3336658,-2.8511564166179304,5.126956078223351,0.5005678176689
2021-08-08,819.0889999999999,4.368847768801432,2.3425010063027285,1.3452069,-2.8848611798151005,5.227362186117829,0.5150512078615785
2021-08-09,822.6419999999999,7.922946191110356,2.4082028005150367,1.3607856,-2.917531525925097,5.325734326440134,0.5292354563766811
2021-08-10,819.1389999999999,4.421153148765004,2.472887805219083,1.3719226,-2.949157733550274,5.422045538769357,0.5431214173589576
2021-08-11,815.812,1.0953988289009424,2.536539277220812,1.4041613,-2.9797304827427924,5.516269759963604,0.5567101760146327
2021-08-12,818.473,3.7577925154385943,2.599140972261833,1.4474534,-3.0092408583974923,5.608381830659326,0.5700030418540071
2021-08-13,817.7560000000001,3.0423347446076354,2.6606771478643063,1.4893645,-3.0376803534959147,5.698357501360221,0.5830015417256715
2021-08-14,817.9380000000001,3.2257952102425733,2.7211325659158723,1.5271504,-3.065040872199936,5.786173438115808,0.5957074126523664
2021-08-15,816.0450000000001,1.3343934087179594,2.780492494996573,1.5453806,-3.0913147327934785,5.871807227790051,0.6081225944787068
2021-08-16,819.874,5.165135299008854,2.8387427124495934,1.57232,-3.116494670470732,5.955237382920325,0.6202492223412366
2021-08-17,823.6869999999999,8.97977117384799,2.895869506198004,1.5815741,-3.140573839969414,6.036443346167418,0.6320896189713857
2021-08-18,819.635,4.929331259345896,2.95185967630962,1.5841476,-3.1635458180476137,6.115405494357233,0.6436462868421055
2021-08-19,820.0079999999999,5.303955690636748,3.006700536312242,1.5733188,-3.185404605802699,6.192105142114941,0.6549219001691208
2021-08-20,817.831,3.128090896290774,3.060379914261778,1.5594245,-3.2061446308309454,6.266524545092723,0.6659192967778392
2021-08-21,813.926,-0.775626380717751,3.1128861535655576,1.5598822,-3.225760749226454,6.338646902792012,0.6766414698470992
2021-08-22,820.903,6.20328879981467,3.164208113563621,1.5714048,-3.244248247418013,6.408456360981634,0.6870915595410604
2021-08-23,815.091,0.3933387607326017,3.2143351698704463,1.6014718,-3.2616028438425246,6.475938013712971,0.6972728445406101
2021-08-24,815.298,0.6025239008970451,3.2632572144800527,1.6426578,-3.277820690453803,6.541077904933855,0.7071887334857643
2021-08-25,816.1279999999999,1.434844619169049,3.310964655637217,1.6983671,-3.292898374065369,6.603863029702587,0.7168427563405979
2021-08-26,815.01,0.3193013144098207,3.3574484174777117,1.726124,-3.3068329175260582,6.6642813350037695,0.7262385556922872
2021-08-27,814.335,-0.3534207485431877,3.402699939440621,1.741566,-3.3196217807272905,6.722321720167912,0.7353798779959134
2021-08-28,819.0300000000001,4.3439534621541895,3.446711175455744,1.7593216,-3.331262861440739,6.777974036896483,0.7442705647766713
2021-08-29,819.6560000000001,4.972138679178821,3.4894745929092035,1.7766074,-3.341754495985408,6.831229088894611,0.7529145438011515
2021-08-30,815.3820000000001,0.7004433335717875,3.5309831713905084,1.7966624,-3.3510954597229428,6.882078631113451,0.7613158202293638
2021-08-31,819.863,5.183867725899892,3.5712304012242257,1.7999622,-3.359284967380196,6.930515368604421,0.7694784677591636
2021-09-01,818.641,3.9639275416293063,3.610210281789634,1.7840275,-3.366322673198026,6.976532954987661,0.7774066197746686
2021-09-02,814.319,-0.3559672573448003,3.6479173196316728,1.7794671,-3.372208670905424,7.020125990537096,0.7851044605102847
2021-09-03,817.976,3.303269496147515,3.6843465263666064,1.8051226,-3.376943493518008,7.061290019884615,0.7925762162418043
2021-09-04,818.9490000000001,4.278597255939298,3.719493416385801,1.8210307,-3.380528112960109,7.100021529345911,0.7998261465160674
2021-09-05,823.182,8.514055888044425,3.7533540043611526,1.8347229,-3.3829639395095925,7.136317943870745,0.8068585354305038
2021-09-06,819.05,4.3846456001532825,3.785924802555628,1.8668196,-3.384252821064696,7.170177623620324,0.8136776829738399
2021-09-07,816.1850000000001,1.5223665999564333,3.8172028179425226,1.899392,-3.384397042232182,7.201599860174705,0.8202878964390985
2021-09-08,818.241,3.581219095143803,3.847185549136938,1.9287815,-3.3833993232361927,7.230584872373131,0.8266934819199027
2021-09-09,819.467,4.810125474016805,3.8758709831431855,1.9578183,-3.381262818647169,7.257133801790355,0.83289873590098
2021-09-10,812.246,-2.4078383510022343,3.903257591921633,1.7884647,-3.377991115930388,7.28124870785202,0.8389079369535759
2021-09-11,812.88,-1.7701875686460098,3.929344328778766,1.8220057,-3.3735882338136216,7.302932562592387,0.8447253375463262
2021-09-12,812.1669999999999,-2.479295722877118,3.954130624584014,1.8652076,-3.368058620473499,7.322189245057513,0.8503551559819952
2021-09-13,819.5179999999999,4.875815570139352,3.9776163838171024,1.8976682,-3.361407151540312,7.3390235353574145,0.8558015684702416
2021-09-14,818.1650000000001,3.5269274086543883,3.999801980449623,1.9163522,-3.353639127920934,7.353441108370557,0.8610687013464138
2021-09-15,817.138,2.504082824119226,4.020688253664442,1.9416543,-3.344760273439693,7.365448527104135,0.8661606234461509
2021-09-16,816.3059999999999,1.676282150239206,4.040276503416821,1.9718215,-3.334776732297077,7.375053235713898,0.8710813386453171
2021-09-17,820.8480000000001,6.222586882819931,4.05856848584076,1.9824986,-3.3236950663462155,7.382263552186975,0.8758347785746051
2021-09-18,821.173,6.551770027831179,4.075566408504492,1.8161424,-3.311522252187168,7.38708866069166,0.8804247955178536
2021-09-19,819.175,4.558052943018154,4.091272925518667,1.6648903,-3.29826567807911,7.389538603597777,0.8848551555028932
2021-09-20,814.335,-0.2776165336002711,4.105691132501073,1.6877257,-3.283933140670626,7.3896242731717,0.8891295315934447
2021-09-21,816.806,2.1977406469280094,4.118824561401547,1.7175336,-3.268532841548353,7.3873574029499,0.8932514973903349
2021-09-22,813.422,-1.1818693398580464,4.130677175190794,1.7562082,-3.25207338360432,7.382750558795114,0.8972245207500019
2021-09-23,816.4200000000001,1.8215679964937568,4.141253362416815,1.7978483,-3.234563767222425,7.375817129639239,0.9010519577279515
2021-09-24,819.083,4.489815853885936,4.150557931632656,1.828744,-3.216013386284553,7.366571317917208,0.9047370467545356
2021-09-25,820.072,5.484039069295472,4.15859610569912,1.8735217,-3.1964320239969672,7.355028129696087,0.9082829030500996
2021-09-26,815.664,1.0813230130850076,4.165373515966151,1.891094,-3.175829848537622,7.341203364503773,0.9116925132862298
2021-09-27,818.8919999999999,4.314667986883068,4.17089619633654,1.8267177,-3.154217408525253,7.325113604861793,0.9149687304994848
2021-09-28,815.586,1.013992299506791,4.175170577215552,1.7165414,-3.131605628311044,7.306776205526596,0.9181142692637012
2021-09-29,814.999,0.4323760173299442,4.178203479350163,1.7295334,-3.1080058030939277,7.286209282444091,0.9211317011265376
2021-09-30,817.1310000000001,2.5698194298388795,4.180002107561468,1.707855,-3.0834295938605254,7.263431701421993,0.9240234503156776
2021-10-01,816.977,2.4212742729347303,4.180574044373907,1.7144272,-3.0578890221509725,7.238463066524879,0.9267917897196382
2021-10-02,816.427,1.876756344788955,4.179927243544768,1.7237169,-3.0313964646518,7.211323708196568,0.929438837147886
2021-10-03,815.7950000000001,1.250181790503226,4.178070023497692,1.7610393,-3.0039646476173574,7.18203467111505,0.9319665518744844
2021-10-04,816.292,1.7524752356724682,4.175011060663546,1.8047858,-2.9756066411211832,7.1506177017847286,0.9343767314692146
2021-10-05,819.836,5.301557436188908,4.170759382732292,1.8295953,-2.9463358531389154,7.117095235871207,0.9366710089196648
2021-10-06,821.323,6.793596382351937,4.165324361819286,1.8333771,-2.916166023464454,7.08149038528374,0.9388508500474688
2021-10-07,817.272,2.747573179153824,4.158715707549503,1.821119,-2.885111217461153,7.043826925010656,0.9409175512214136
2021-10-08,815.575,1.0555889717737417,4.15094346006313,1.7554893,-2.853185819649924,7.004129279713053,0.9428722373698312
2021-10-09,815.669,1.154632602392311,4.142017982945952,1.7552433,-2.8204045271363336,6.962422510082286,0.9447158602942448
2021-10-10,818.958,4.448715252616525,4.131949956087936,1.7595646,-2.7867823428787,6.918732298966636,0.946449197285856
2021-10-11,821.877,7.372837086516284,4.120750368473427,1.7103362,-2.7523345687995797,6.873084937273006,0.9480728500461004
2021-10-12,819.326,4.826998268161301,4.108430510906256,1.6792775,-2.7170767987428164,6.825507309649073,0.9495872439120644
2021-10-13,823.119,8.625198961621152,4.095001968673156,1.6054262,-2.681024911278749,6.776026879951905,0.9509926273871888
2021-10-14,823.375,8.88643356794693,4.080476614148799,1.601026,-2.6441950623600943,6.724671676508892,0.95228907197728
2021-10-15,821.603,7.119406975077073,4.0648665993456925,1.6227496,-2.6066036778311727,6.671470277176866,0.9534764723314728
2021-10-16,821.222,6.743345715272479,4.048184348412321,1.6461215,-2.5682674457933268,6.616451794205648,0.9545545466873736
2021-10-17,822.87,8.396180224007178,4.0304425500826495,1.6537564,-2.529203308829388,6.559645858912037,0.9555228376192222
2021-10-18,817.235,2.766029323331226,4.01165415008036,1.5274253,-2.4894284560902915,6.501082606170652,0.9563807130875744
2021-10-19,818.69,4.22560242862155,3.99183234348094,1.5657253,-2.448960315246929,6.440792658727869,0.9571273677885308
2021-10-20,822.371,7.911193623702526,3.970990567034845,1.4890715,-2.407816544310517,6.378807111345362,0.957761824800236
2021-10-21,818.001,3.5456980917484118,3.949142491454929,1.4434474,-2.366015023324872,6.3151575147798,0.95828293752396
2021-10-22,821.036,6.584946553315596,3.9263020136712936,0.8364495,-2.323573845934056,6.24987585960535,0.9586893919166772
2021-10-23,820.49,6.0430839319731415,3.90248324905668,0.71278536,-2.2805113108290405,6.182994559885721,0.9589797090117288
2021-10-24,827.441,12.998133268166503,3.877700523625531,-0.5152905,-2.2368459130770537,6.114546436702584,0.9591522477237588
2021-10-25,823.992,9.55318478286544,3.851968366209848,-1.2403339,-2.192596335337487,6.044564701547335,0.9592052079337592
2021-10-26,815.923,1.4882097435113537,3.825301500614909,-1.3376883,-2.1477814389683,5.973082939583209,0.9591366338496974
2021-10-27,814.8870000000001,0.4562360138439496,3.7977148377579497,-1.3853883,-2.102420255026969,5.900135092784918,0.9589444176378726
2021-10-28,814.493,0.0661666035220522,3.769223467792829,-1.3902653,-2.0565319751701514,5.825755442962981,0.9586263033197604
2021-10-29,816.4670000000001,2.044020301504064,3.739842652223784,-1.3900162,-2.010135942456387,5.7499785946801705,0.9581798909288194
2021-10-30,823.746,9.326504057289869,3.709587816011226,-1.3880206,-1.963251642056128,5.6728394580673545,0.957602640921362
2021-10-31,819.492,5.075573271948769,3.678474539672719,-1.3475534,-1.915898691873738,5.594373231546457,0.956891878835282
2021-11-01,822.645,8.231617894454537,3.646518551382006,-1.4528408,-1.868096833085909,5.514615384467914,0.9560448001901424
2021-11-02,817.2479999999999,2.8376377367606995,3.613735719069235,-1.4488649,-1.8198659206013357,5.43360163967057,0.955058475621763
2021-11-03,813.269,-1.1383673891792658,3.5801420425252117,-1.4109582,-1.7712259134463602,5.351367955971572,0.9539298562442275
2021-11-04,815.177,0.773100636147114,3.545753645512837,-1.5502242,-1.7221968650815778,5.267950510594415,0.952655779231857
2021-11-05,813.6940000000001,-0.7068494492891602,3.510586767888552,-1.5558332,-1.6727989136543406,5.183385681542893,0.951232973613502
2021-11-06,817.23,2.8325714923775727,3.4746577577368423,-1.5966136,-1.6230522721923286,5.097710029929171,0.9496580662711656
2021-11-07,815.643,1.2489530869293617,3.4379830635207136,-1.5575143,-1.572977218743353,5.010960282264067,0.9479275881347494
2021-11-08,815.608,1.217295221887878,3.400579226251118,-1.4910146,-1.522594086466706,4.923173312717823,0.94603798056447
2021-11-09,819.394,5.006597784775302,3.3624628716782783,-1.7454807,-1.4719232536814266,4.834386125359705,0.9439856019122188
2021-11-10,817.724,3.3398606631133085,3.323650702507783,-1.733669,-1.420985133876957,4.74463583638474,0.941766734252968
2021-11-11,810.422,-3.958916255575974,3.2841594906445115,-1.7641938,-1.369800165691762,4.653959656336274,0.9393775902770372
2021-11-12,810.38,-3.99719116864706,3.244006069467198,-1.7952027,-1.3183888028655286,4.562394872332726,0.9368143203339118
2021-11-13,810.907,-3.4661091991637867,3.2032073261366025,-1.7580868,-1.2667715041706515,4.469978830307254,0.9340730196180402
2021-11-14,812.043,-2.3258828472478905,3.1617801939402383,-1.7593731,-1.2149687233288264,4.376748917269065,0.9311497354869112
2021-11-15,812.987,-1.377553222834507,3.119741644676553,-1.7707987,-1.1630008989185832,4.282742543595136,0.9280404749015012
2021-11-16,818.5550000000001,4.1949990203433245,3.077108681081444,-1.7422546,-1.1108884442797122,4.187997125361156,0.9247412119790543
2021-11-17,818.6179999999999,4.262503808848623,3.03389832930008,-1.68547,-1.0586517374205382,4.092550066720618,0.9212478956480123
2021-11-18,810.212,-4.139008150777319,2.99012763140689,-1.6501731,-1.0063111109341394,3.9964387423410295,0.9175564573947572
2021-11-19,819.528,5.181841354922964,2.94581363797668,-1.6993386,-0.9538868419296076,3.8997004799062873,0.9136628190917464
2021-11-20,812.3629999999999,-1.9787823885335647,2.900973400709672,-1.648241,-0.901399141984495,3.802372542694167,0.9095629008964744
2021-11-21,811.787,-2.550418039513834,2.8556239651135398,-1.6138861,-0.8488681471246889,3.704492112238228,0.9052526292106488
2021-11-22,813.735,-0.5975966631859535,2.809782363245134,-1.5774053,-0.7963139078379411,3.606096271083076,0.900727944688856
2021-11-23,818.613,4.285524721210329,2.763465606514983,-1.5690134,-0.7437563791273895,3.5072219856423725,0.8959848102859301
2021-11-24,811.9300000000001,-2.3923496465178524,2.7166906785573204,-1.5260998,-0.6912154106113588,3.407906089168679,0.8910192193322037
2021-11-25,811.3249999999999,-2.992207706737056,2.669474528168582,-1.5284349,-0.6387107366758421,3.308185264844424,0.8858272036257697
2021-11-26,810.085,-4.2268949783363166,2.6218340623173,-1.5317297,-0.5862619666860374,3.2080960290033373,0.8804048415308598
2021-11-27,810.307,-3.998939691483641,2.573786139228146,-1.5126156,-0.5338885752633492,3.107674714491495,0.8747482660714115
2021-11-28,812.079,-2.2206106859886243,2.52534756154314,-1.5136892,-0.4816098926342908,3.00695745417743,0.8688536730089566
2021-11-29,813.341,-0.9521042688107296,2.476535069562812,-1.4704776,-0.4294450950577438,2.9059801646205554,0.862717328893911
2021-11-30,814.7379999999999,0.4515432550045468,2.4273653345701582,-1.4437443,-0.3774131953369833,2.804778529907141,0.856335579079408
2021-12-01,812.665,-1.6148152747996125,2.3778549522403307,-1.4231887,-0.3255330334229714,2.7033879856633023,0.8497048556868749
2021-12-02,809.939,-4.334089523238443,2.328020436138801,-1.3739725,-0.2738232671153149,2.601843703254116,0.8428216855125592
2021-12-03,811.627,-2.638642685705817,2.2778782113109157,-1.3164711,-0.2223023628673751,2.5001805741782905,0.835682697864337
2021-12-04,812.0039999999999,-2.2539874891178315,2.227444607965635,-1.2726611,-0.1709885867019119,2.398433194667547,0.8282846323181651
2021-12-05,811.697,-2.5532358817239285,2.1767358552562475,-1.2281064,-0.1198999952437016,2.2966358504999493,0.8206243463836894
2021-12-06,814.3249999999999,0.0827520983601055,2.1257680751608983,-1.2259016,-0.06905442687548,2.194822502036378,0.8126988230685518
2021-12-07,820.3829999999999,6.148808479950612,2.0745572764656903,-1.2255352,-0.0184694930235884,2.0930267694892786,0.8045051783311635
2021-12-08,812.172,-2.0541916700176155,2.0231193488531405,-1.2296913,0.0318374304203896,1.9912819184327508,0.7960406684117274
2021-12-09,818.428,4.209822208374462,1.9714700570987345,-1.3843734,0.0818492115357106,1.889620845563024,0.7873026970315473
2021-12-10,817.312,3.101790270202,1.9196250353783244,-1.4028397,0.1315489706600375,1.788076064718287,0.7782888224507448
2021-12-11,816.39,2.187707423401552,1.8675997816890708,-1.4988863,0.1809200885223619,1.6866796931667087,0.7689967643746982
2021-12-12,818.087,3.89257994534305,1.8154096523866143,-1.864611,0.229946214215123,1.5854634381714916,0.7594244106997207
2021-12-13,816.548,2.3609070683507944,1.7630698568411962,-2.4434457,0.2786112729994831,1.484458583841713,0.7495698240886497
2021-12-14,815.132,0.9521772742774616,1.710595452215262,-3.0203073,0.3268994739378114,1.3836959782774505,0.7394312483672659
2021-12-15,817.447,3.2743793015222336,1.6580013383652907,-3.2109978,0.3747953173474393,1.2832060210178513,0.7290071147326271
2021-12-16,809.323,-4.842474718836443,1.6053022528703047,-3.5043979,0.4222836020698915,1.1830186508004132,0.7182960477646914
2021-12-17,811.181,-2.9773841927086213,1.5525127661897424,-3.476941,0.4693494325498402,1.0831633336399022,0.7072968712327764
2021-12-18,813.697,-0.4543366685585603,1.4996472769530973,-3.4864264,0.5159782257181643,0.983669051234933,0.6960086136887124
2021-12-19,817.596,3.4516569124701717,1.446720007383841,-3.5114167,0.5621557176735701,0.8845642897102712,0.6844305138387418
2021-12-20,817.054,2.916585288776512,1.3937449988601391,-3.5140247,0.6078679701573311,0.7858770287028081,0.6725620256865432
2021-12-21,818.5160000000001,4.385158382622966,1.3407361076146271,-3.4932334,0.6531013768158312,0.6876347307987959,0.6604028234400039
2021-12-22,820.036,5.911611904330613,1.2877070005757312,-3.6214492,0.6978426692457194,0.5898643313300118,0.6479528061746472
2021-12-23,815.999,1.8804212839202517,1.2346711513527733,-4.157029,0.7420789228165682,0.4925922285362051,0.6352121022469344
2021-12-24,823.917,9.80395641611849,1.1816418363671362,-4.4785175,0.7857975622661062,0.3958442741010299,0.6221810734509613
2021-12-25,819.5160000000001,5.408031345815367,1.1286321311317091,-4.924817,0.8289863670631923,0.299645764068517,0.6088603189123661
2021-12-26,818.077,3.973843413543608,1.075654906680782,-5.1761665,0.8716334765338514,0.2040214301469307,0.5952506787135876
2021-12-27,818.48,4.381285092814592,1.0227228261524477,-5.522856,0.9137273947458452,0.1089954314066021,0.5813532372449731
2021-12-28,816.889,2.794664345164967,0.9698483415255928,-5.570831,0.9552569951473884,0.0145913463782043,0.5671693262765021
2021-12-29,815.762,1.671981456467266,0.9170436905134622,-5.7037363,0.9962115249557724,-0.07916783444231,0.552700527745301
2021-12-30,813.622,-0.4639528504806498,0.8643208936156702,-5.7243695,1.0365806092918557,-0.1722597156761852,0.5379486762544171
2021-12-31,817.254,3.1721780693036665,0.8116917513305585,-5.793156,1.0763542550564795,-0.264662503725921,0.5229158612787044
2022-01-01,810.296,-3.781761118535091,0.7591678415296194,-5.806644,1.11552285454513,-0.3563550130155107,0.5076044290740066
2022-01-02,813.645,-0.4284565172840313,0.7067605169957633,-5.7883162,1.1540771887972372,-0.4473166718014739,0.4920169842862043
2022-01-03,814.074,0.005047113253789,0.654480903127007,-6.016389,1.1920084306767846,-0.5375275275497776,0.4761563912570336
2022-01-04,818.0840000000001,4.0198621472196425,0.6023398958071269,-6.288899,1.229308147681036,-0.626968251873909,0.4600257750239859
2022-01-05,804.849,-9.210575150646925,0.5503481594447991,-6.4027295,1.2659683044743513,-0.7156201450295522,0.4436285220119317
2022-01-06,810.149,-3.9060334392034304,0.4985161251825344,-6.4954433,1.3019812651443383,-0.8034651399618038,0.4269682804145194
2022-01-07,814.751,0.7011540661771383,0.4468539892768289,-6.6503034,1.3373397951777093,-0.8904858059008803,0.4100489602637548
2022-01-08,811.031,-3.0139458598093283,0.3953717116505553,-6.603126,1.372037063153469,-0.9766653515029138,0.3928747331865702
2022-01-09,811.254,-2.7860505580606043,0.3440790146189098,-6.566395,1.4060666421512114,-1.0619876275323017,0.3754500318475433
2022-01-10,804.517,-9.518181389368946,0.2929853817897923,-6.5218487,1.4394225108726053,-1.146437129082813,0.3577795490773394
2022-01-11,806.347,-7.683362139665105,0.242100057139575,-6.4964533,1.4720990544742587,-1.2299989973346837,0.3398682366868078
2022-01-12,808.378,-5.6476535519209285,0.1914320442651302,-6.463621,1.5040910651104529,-1.3126590208453224,0.3217213039670592
2022-01-13,806.474,-7.547055100014038,0.1409901058127752,-6.4285564,1.5353937421844053,-1.39440363637163,0.3033442158762452
2022-01-14,807.117,-6.89956625782223,0.0907827630847766,-6.3911633,1.5660026923070156,-1.475219929222239,0.2847426909141102
2022-01-15,807.16,-6.852186499222982,0.0408182958238766,-6.3455787,1.595913928962167,-1.5550956331382906,0.2659226986858093
2022-01-16,810.558,-3.4498259646971494,-0.0088952578236907,-6.3053365,1.6251238718780303,-1.6340191297017213,0.2468904571568139
2022-01-17,806.9730000000001,-7.030412592190396,-0.0583501011665285,-6.265157,1.6536293461039246,-1.7119794472704533,0.2276524296011746
2022-01-18,805.575,-8.424023216844693,-0.1075386786474735,-6.219833,1.681427580792595,-1.7889662594400684,0.2082153212457035
2022-01-19,804.2439999999999,-9.750455703759794,-0.15645367534413,-6.1795015,1.7085162076880132,-1.8649698830321435,0.1885860756130786
2022-01-20,807.807,-6.183001767367526,-0.2050880162905176,-6.1903753,1.7348932593189943,-1.939981275609512,0.168771870567195
2022-01-21,801.749,-12.23666078526946,-0.2534348656201393,-6.1558456,1.760557166899243,-2.0139920325193823,0.1487801140644986
2022-01-22,808.432,-5.5494321350664215,-0.301487625530711,-6.0969195,1.7855067579346058,-2.086994383465317,0.1286184396153272
2022-01-23,805.04,-8.93713835161237,-0.3492399350710643,-6.039713,1.8097412535386368,-2.158981188609701,0.1082947014597295
2022-01-24,810.608,-3.3649508497462306,-0.3966856687507895,-5.991397,1.833260265457764,-2.229945934208553,0.0878169694624995
2022-01-25,813.744,-0.2248689808811261,-0.4438189349733266,-5.93309,1.856063792807636,-2.299882727780963,0.0671935237325594
2022-01-26,810.8349999999999,-3.1296909976826264,-0.4906340742933926,-5.8623257,1.8781522185224555,-2.368786292815848,0.0464328489721565
2022-01-27,807.0899999999999,-6.870400050867184,-0.5371256574996741,-5.785908,1.8995263055193985,-2.4366519630190724,0.0255436285616444
2022-01-28,804.241,-9.715112012497665,-0.5832884835239756,-5.7155833,1.9201871925803904,-2.503475676104366,0.0045347383859666
2022-01-29,814.384,0.4320867319948973,-0.6291175771780078,-5.6493177,1.940136389953856,-2.569253967131864,-0.0165847595907067
2022-01-30,808.035,-5.912803094394838,-0.6746081867192801,-5.6110144,1.9593757746792504,-2.6339839613985307,-0.0378056239954698
2022-01-31,809.8689999999999,-4.074780768671761,-0.7197557812476011,-5.612804,1.9779075856374435,-2.6976633668850445,-0.0591184409552432
2022-02-01,805.636,-8.30384556784106,-0.7645560479338646,-5.5710745,1.995734418330298,-2.7602904662641627,-0.0805136312360706
2022-02-02,810.55,-3.3859967689080923,-0.8090048890829958,-5.561107,2.01285921939302,-2.821864108476016,-0.1019814576055132
2022-02-03,805.245,-8.687233648878031,-0.8530984190329224,-5.559171,2.029285280843095,-2.882383699876017,-0.1235120324102708
2022-02-04,809.3430000000001,-4.5855554847558775,-0.8968329608918028,-5.54551,2.045016234069902,-2.941849194961705,-0.1450953253608174
2022-02-05,805.01,-8.914940087760252,-0.9402050431156744,-5.500158,2.060056043569324,-3.000261086684998,-0.1667211715146678
2022-02-06,804.899,-9.022408793660484,-0.983211395928944,-5.43387,2.074409000427913,-3.057620396356857,-0.1883792794495719
2022-02-07,804.8290000000001,-9.088960876194712,-1.0258489475903123,-5.381078,2.0880797155614474,-3.11392866315176,-0.2100592396177365
2022-02-08,799.615,-14.29959560910131,-1.0681148205067312,-5.330702,2.101073112712892,-3.1691879332196238,-0.2317505328719383
2022-02-09,807.2660000000001,-6.6453122661179,-1.1100063271983225,-5.2894154,2.113394421215085,-3.223400748413408,-0.2534425391541747
2022-02-10,804.582,-9.326110120982966,-1.15152096611718,-5.2453523,2.125049168523672,-3.276570134640852,-0.2751245463372898
2022-02-11,806.724,-7.180988447434311,-1.192656417323186,-5.187174,2.136043172525994,-3.32869958984918,-0.2967857592098195
2022-02-12,807.052,-6.849946519210359,-1.2334105380201363,-5.1130896,2.146382533632017,-3.379793071652153,-0.3184153085941401
2022-02-13,807.45,-6.448950920350255,-1.2737813579555517,-5.0365925,2.1560736266533853,-3.429854984608937,-0.3400022605877991
2022-02-14,809.5440000000001,-4.352034517321165,-1.3137670746877492,-4.9937897,2.165123092477138,-3.478890167164887,-0.3615356259177652
2022-02-15,810.513,-3.3801965788859523,-1.353366048723879,-5.002181,2.173537829540674,-3.526903878264553,-0.3830043693972086
2022-02-16,813.701,-0.1894363738071705,-1.392576798532711,-4.961422,2.181324985114846,-3.5739017836475577,-0.4043974194742466
2022-02-17,806.126,-7.761753170847736,-1.431397995436252,-4.931838,2.1884919464022703,-3.6198899418385215,-0.4257036778620104
2022-02-18,805.365,-8.520146238770028,-1.4698284583841568,-4.870514,2.19504633145808,-3.664874789842236,-0.4469120292392413
2022-02-19,807.219,-6.663614846336952,-1.5078671486153048,-4.810752,2.200995979940643,-3.708863128555948,-0.4680113510105773
2022-02-20,815.9309999999999,2.050841737688602,-1.5455131642108908,-4.779185,2.206348943699889,-3.75186210791078,-0.4889905231155526
2022-02-21,811.44,-2.437897973148128,-1.5827657345434976,-4.810377,2.2111134772110934,-3.793879211754591,-0.5098384378753059
2022-02-22,807.409,-6.466679870014708,-1.6196242146268411,-4.8998995,2.215298027862145,-3.8349222424889855,-0.530544009865911
2022-02-23,811.9920000000001,-1.8815368326358537,-1.6560880793709662,-4.888111,2.21891122610256,-3.874999305473526,-0.5510961858072214
2022-02-24,808.485,-5.3864681430324834,-1.6921569177477322,-4.8455343,2.221961875462545,-3.914118793210277,-0.5714839544560693
2022-02-25,807.501,-6.368473083225053,-1.7278304268716762,-4.7978325,2.2244589424507266,-3.952289369322403,-0.5916963564926468
2022-02-26,806.378,-7.489550935234225,-1.7631084060013211,-4.746339,2.2264115463392007,-3.989519952340522,-0.6117224943889075
2022-02-27,811.2080000000001,-2.657700981080524,-1.79799075046622,-4.738409,2.2278289488447727,-4.0258196993109925,-0.6315515422478215
2022-02-28,803.982,-9.881832974791068,-1.8324774455251205,-4.7737346,2.2287205437153976,-4.061197989240518,-0.6511727556023366
2022-03-01,808.2230000000001,-5.638588436447946,-1.8665685601606756,-4.768207,2.229095846230913,-4.095664406391588,-0.6705754811629492
2022-03-02,808.939,-4.920423780790745,-1.900264240816288,-4.7314796,2.228964482627373,-4.129228723443661,-0.6897491665028233
2022-03-03,814.9499999999999,1.092661791125596,-1.9335647050808185,-4.7289653,2.2283361794543164,-4.161900884535135,-0.7086833696694673
2022-03-04,811.703,-2.1523309217544777,-1.9664702353268728,-4.7482944,2.227220752874497,-4.19369098820137,-0.7273677687120448
2022-03-05,812.706,-1.1472817538617115,-1.9989811723086015,-4.8656607,2.2256280979156675,-4.224609270224269,-0.7457921711134908
2022-03-06,807.705,-6.146312570296919,-2.031097908724922,-4.813712,2.223568177684093,-4.254666086409015,-0.7639465231167005
2022-03-07,806.57,-7.279422553948046,-2.0628208827542305,-4.7540607,2.221051012549611,-4.283871895303841,-0.7818209189341727
2022-03-08,810.264,-3.583610887702738,-2.0941505715667983,-4.6980867,2.2180866693120795,-4.312237240878877,-0.7994056098306201
2022-03-09,810.569,-3.276876754448907,-2.1250874848209147,-4.6688304,2.2146852503591563,-4.339772735180072,-0.8166910130681918
2022-03-10,812.153,-1.6912193370742723,-2.1556321581492246,-4.619976,2.21085688282542,-4.366489040974644,-0.8336677207041012
2022-03-11,806.845,-6.997351155449473,-2.1857851466414617,-4.5568213,2.2066117077628564,-4.392396854404318,-0.8503265082306259
2022-03-12,810.803,-3.037550265723669,-2.215547018330084,-4.493048,2.201959869332863,-4.417506887662947,-0.8666583430476119
2022-03-13,812.8729999999999,-0.9658158083338226,-2.244918347685213,-4.554615,2.196911504029844,-4.441829851715056,-0.8826543927578016
2022-03-14,810.51,-3.327146923716632,-2.273899709125409,-4.494878,2.191476729946606,-4.465376439072015,-0.8983060332755147
2022-03-15,809.26,-4.575542752309127,-2.302491670550863,-4.6591496,2.185665636091719,-4.488157306642583,-0.9136048567393974
2022-03-16,806.741,-7.093002434548223,-2.330694786905552,-4.5984783,2.17948827176901,-4.510183058674562,-0.9285426792201912
2022-03-17,811.708,-2.124525110870547,-2.3585095937750657,-4.558242,2.172954636029424,-4.53146422980449,-0.943111548214716
2022-03-18,807.899,-5.93210992171301,-2.385936601026651,-4.4991226,2.166074667205373,-4.552011268232024,-0.957303749917467
2022-03-19,812.6360000000001,-1.1937560075124616,-2.4129762864983078,-4.537164,2.15885823253776,-4.571834519036067,-0.9711118162615036
2022-03-20,815.527,1.6985374912939666,-2.4396290897434625,-4.4997525,2.151315117905804,-4.590944207649266,-0.9845285317205842
2022-03-21,815.542,1.71436540462754,-2.4658954058380926,-4.4759526,2.1434550176697424,-4.609350423507835,-0.9975469398647108
2022-03-22,810.083,-3.7444042557416175,-2.4917755792569127,-4.4615564,2.13528752463644,-4.627063103893352,-1.0101603496616136
2022-03-23,807.5210000000001,-6.306226449724574,-2.517269897825315,-4.4028535,2.126822120157884,-4.6440920179832,-1.022362341516909
2022-03-24,808.9269999999999,-4.900100459342381,-2.5423785867538804,-4.307091,2.1180681643724912,-4.660446751126372,-1.0341467730460263
2022-03-25,811.605,-2.222025566615238,-2.567101802762005,-4.1980715,2.1090348865990203,-4.676136689361025,-1.0455077845712788
2022-03-26,807.956,-5.871001053563932,-2.591439628297436,-4.0971546,2.0997313758928606,-4.691171004190297,-1.0564398043377552
2022-03-27,817.981,4.154063325784644,-2.6153920658582086,-4.0130024,2.0901665717742866,-4.705558637632495,-1.0669375534420544
2022-03-28,820.2040000000001,6.376958976549796,-2.638959032423746,-4.0549564,2.0803492551382927,-4.71930828756204,-1.0769960504682006
2022-03-29,816.3829999999999,2.5555740172741905,-2.6621403540015267,-4.0286937,2.07028803935532,-4.732428393356846,-1.0866106158254187
2022-03-30,814.064,0.2359266311745675,-2.6849357602959403,-4.005903,2.0599913615722367,-4.744927121868177,-1.0957768757827733
2022-03-31,812.375,-1.4539538794780416,-2.707344879505744,-3.943061,2.0494674742226886,-4.756812353728432,-1.1044907661960424
2022-04-01,814.4240000000001,0.5941051696849506,-2.7293672332564487,-3.8622296,2.038724436755788,-4.768091670012237,-1.112748535922549
2022-04-02,809.782,-4.049085163468799,-2.751002231674114,-3.7963398,2.02777010759206,-4.778772339266174,-1.1205467499200068
2022-04-03,815.932,2.099660153907569,-2.772249168606628,-3.7422094,2.01661213631523,-4.788861304921857,-1.127882292025832
2022-04-04,822.335,8.501031427268726,-2.7931072169987354,-3.8615248,2.005257956108414,-4.7983651731071495,-1.1347523674137112
2022-04-05,815.08,1.2440597604307484,-2.813575424426868,-3.859625,1.9937147764430112,-4.807290200869879,-1.141154504724612
2022-04-06,810.294,-3.544273680651665,-2.833652708799755,-3.797116,1.9819895760283976,-4.815642284828153,-1.147086557869769
2022-04-07,811.233,-2.6076740168937165,-2.8533378542306838,-3.717675,1.9700890960303528,-4.8234269502610365,-1.152546707503582
2022-04-08,811.9830000000001,-1.860140787215032,-2.8726295070871712,-3.660473,1.9580198335659345,-4.830649340653106,-1.1575334621647178
2022-04-09,815.23,1.3844565283816157,-2.891526172223701,-3.605609,1.945788035482247,-4.837314207705948,-1.1620456590841082
2022-04-10,817.367,3.5187128607075664,-2.910026209403099,-3.5833201,1.933399692426404,-4.843425901829503,-1.1660824646589103
2022-04-11,823.984,10.132826627681393,-2.928127829911847,-3.8258672,1.920860533213652,-4.848988363125499,-1.1696433745918735
2022-04-12,816.491,2.6366696628249526,-2.945829093374691,-3.8958986,1.908176019500453,-4.854005112875144,-1.1727282136959614
2022-04-13,815.945,2.08733167309646,-2.963127904773589,-3.9985454,1.8953513407690323,-4.858479245542621,-1.1753371353644329
2022-04-14,811.929,-1.93239805144333,-2.9800220116760405,-4.2385187,1.8823914096296264,-4.862413421305667,-1.177470620707013
2022-04-15,812.575,-1.2901791004878935,-2.996509001677562,-4.2536483,1.8693008574464527,-4.865809859124015,-1.1791294773531078
2022-04-16,812.936,-0.9330111485226418,-3.012586300062931,-4.5985317,1.856084030293024,-4.868670330355956,-1.1803148379234774
2022-04-17,805.489,-8.383893870032324,-3.028251167690788,-4.532935,1.8427449852423183,-4.870996152933106,-1.181028158172076
2022-04-18,807.83,-6.046826939502113,-3.0435006991058065,-4.490196,1.8292874869968656,-4.872788186102673,-1.181271214800244
2022-04-19,811.631,-2.249810031417165,-3.058331820882608,-4.668572,1.815715004863592,-4.874046825746199,-1.181046102945706
2022-04-20,810.961,-2.923842820262473,-3.0727412902053657,-4.674169,1.8020307100779327,-4.874772000283299,-1.1803552333493077
2022-04-21,814.92,1.0310750194769218,-3.086725693686834,-4.905342,1.788237473481457,-4.874963167168291,-1.1792013292027137
2022-04-22,806.348,-7.545122791810643,-3.1002814464303965,-4.932156,1.7743378635568423,-4.874619309987239,-1.1775874226807133
2022-04-23,807.987,-5.91035389572241,-3.113404791338444,-4.889801,1.760334144823787,-4.873738936162232,-1.1755168511620848
2022-04-24,805.485,-8.416511895338704,-3.1260917986702723,-4.8004055,1.7462282765991044,-4.872320075269377,-1.1729932531434015
2022-04-25,808.3639999999999,-5.5416014843623405,-3.138338365852407,-4.7207456,1.7320219121238871,-4.870360277976294,-1.1700205638504355
2022-04-26,807.0310000000001,-6.878601023186022,-3.1501402175440965,-4.661896,1.7177163980602863,-4.867856615604383,-1.1666030105522385
2022-04-27,807.7149999999999,-6.198450585743595,-3.1614929059604653,-4.5625787,1.703312774360166,-4.864805680320631,-1.1627451075832431
2022-04-28,815.9530000000001,2.035669157287111,-3.1723918114555527,-4.581631,1.6888117745074192,-4.861203585962972,-1.1584516510791432
2022-04-29,814.793,0.871228734781087,-3.1828321433673974,-4.515077,1.674213826135562,-4.857045969502959,-1.1537277134325747
2022-04-30,806.1049999999999,-7.821426084603052,-3.192808941126808,-4.546678,1.65951905202166,-4.852327993148468,-1.148578637474977
2022-05-01,815.251,1.319892049600493,-3.2023170756315174,-4.517753,1.644727271457442,-4.84704434708896,-1.143010030391311
2022-05-02,806.8689999999999,-7.067026007214784,-3.211351250887024,-4.577502,1.6298380019980303,-4.841189252885055,-1.1370277573746363
2022-05-03,808.837,-5.103964743704582,-3.219906005915096,-4.5416327,1.614850461588313,-4.834756467503409,-1.1306379350278215
2022-05-04,806.713,-7.232923901128032,-3.227975716930872,-4.4544334,1.599763571066671,-4.827739287997543,-1.1238469245199685
2022-05-05,811.924,-2.0269032207435576,-3.235554599789143,-4.481918,1.5845759570454423,-4.820130556834585,-1.1166613245054149
2022-05-06,810.461,-3.494902443810068,-3.242636712700012,-4.5318556,1.5692859551669514,-4.811922667866964,-1.1090879638134412
2022-05-07,806.551,-7.409921311586371,-3.2492159592141165,-4.6098013,1.5538916137338112,-4.803107572947928,-1.1011338939170656
2022-05-08,811.844,-2.121959565331386,-3.2552860914771298,-4.680169,1.5383906977116064,-4.793676789188736,-1.0928063811895812
2022-05-09,811.528,-2.4430169463036795,-3.260840713753133,-4.7358136,1.5227806931018342,-4.783621406854968,-1.0841128989577204
2022-05-10,813.861,-0.1150931957621157,-3.2658732862160837,-4.7435226,1.507058811682528,-4.772932097898611,-1.0750611193605626
2022-05-11,807.269,-6.7121880549654245,-3.2703771290083865,-4.6802435,1.4912219961136457,-4.761599125122032,-1.065658905023511
2022-05-12,805.901,-8.085301265172507,-3.2743454265653336,-4.651773,1.4752669254039206,-4.749612351969255,-1.055914300556914
2022-05-13,810.531,-3.460432567642144,-3.277771232203857,-4.623574,1.4591900207354926,-4.736961252939349,-1.0458355238890609
2022-05-14,808.415,-5.581581703632919,-3.2806474729737545,-4.5906587,1.4429874516422618,-4.723634924616016,-1.0354309574434872
2022-05-15,804.51,-9.491748414403736,-3.2829669547693667,-4.49377,1.426655142537562,-4.709622097306928,-1.0247091391707106
2022-05-16,808.4970000000001,-5.509932441213335,-3.284722367699328,-4.4085755,1.410188779586323,-4.694911147285651,-1.0136787534446683
2022-05-17,807.3059999999999,-6.706133525320895,-3.2859062917117314,-4.3024797,1.393583817916571,-4.679490109628302,-1.0023486218342827
2022-05-18,803.952,-10.065351407984526,-3.2865112024719334,-4.228253,1.3768354891647832,-4.663346691636717,-0.9907276937607324
2022-05-19,809.83,-4.192455771545751,-3.286529477489637,-4.1785913,1.3599388093490925,-4.646468286838729,-0.9788250370511088
2022-05-20,808.132,-5.89557288197136,-3.285953402492016,-4.1165743,1.3428885870642129,-4.6288419895562285,-0.9666498283992948
2022-05-21,808.0310000000001,-6.001702461259798,-3.2847751780390726,-4.0394125,1.3256794319913967,-4.6104546100304695,-0.9542113437449488
2022-05-22,807.925,-6.112844231410393,-3.282986926377192,-3.9490573,1.308305763716475,-4.591292690093667,-0.9415189485816235
2022-05-23,810.882,-3.1609979144213773,-3.28058069852686,-3.8794107,1.290761820848708,-4.571342519375568,-0.9285820882050974
2022-05-24,809.012,-5.036163232291748,-3.2775484815997538,-3.8381066,1.273041670432742,-4.550590152032496,-0.9154102779130384
2022-05-25,812.769,-1.2843399070202275,-3.273882206340684,-3.780167,1.2551392176457297,-4.529021423986414,-0.9020130931672454
2022-05-26,814.802,0.7434723393941765,-3.269573754889202,-3.701792,1.2370482157712572,-4.50662197066046,-0.8884001597296464
2022-05-27,811.3639999999999,-2.700019411724133,-3.26461496875564,-3.666061,1.2187622764414778,-4.483377245197118,-0.8745811437833618
2022-05-28,813.327,-0.7425207133385698,-3.258997657006032,-3.7492006,1.2002748801384089,-4.45927253714444,-0.8605657420500675
2022-05-29,817.763,3.687968668462284,-3.2527136046500846,-3.8106344,1.1815793869452145,-4.434292991595299,-0.8463636719149559
2022-05-30,810.922,-3.158778807333269,-3.2457545812261865,-3.79343,1.1626690475377954,-4.408423628763982,-0.8319846615705309
2022-05-31,810.9730000000001,-3.113528839765314,-3.238112349577181,-3.719462,1.1435370144068655,-4.381649363984047,-0.8174384401904812
2022-06-01,813.63,-0.4621511706718841,-3.22977867481025,-3.627632,1.1241763533003035,-4.353955028110554,-0.8027347281448044
2022-06-02,808.842,-5.255772125516526,-3.2207453334342824,-3.5453546,1.1045800548753424,-4.325325388309625,-0.78788322726733
2022-06-03,815.9,1.7966085142049808,-3.211004122667632,-3.4804382,1.0847410465498553,-4.295745169217487,-0.7728936111867017
2022-06-04,817.8480000000001,3.738130251796607,-3.2005468699090645,-3.491895,1.0646522045417404,-4.265199074450805,-0.7577755157318121
2022-06-05,818.513,4.396457831336106,-3.18936544236438,-3.6683438,1.044306366085148,-4.233671808449528,-0.7425385294225809
2022-06-06,802.51,-11.613610440252678,-3.1774517568211547,-3.6171587,1.0236963418120522,-4.201148098633206,-0.7271921840568695
2022-06-07,812.1030000000001,-2.027227620418344,-3.1647977895635644,-3.528471,1.0028149282874084,-4.1676127178509725,-0.7117459454042111
2022-06-08,809.905,-4.231819909874927,-3.1513955864193006,-3.4668787,0.9816549206859462,-4.133050507105247,-0.6962092040168908
2022-06-09,815.723,1.5797428048548072,-3.1372372729302875,-3.3688474,0.9602091255983988,-4.097446398528686,-0.6805912661687913
2022-06-10,811.6510000000001,-2.4989748501696454,-3.122315064638609,-3.3137555,0.9384703739547652,-4.060785438593374,-0.6649013449322327
2022-06-11,809.101,-5.055655364082934,-3.106621277479111,-3.2927194,0.9164315340520148,-4.023052811531126,-0.6491485514029088
2022-06-12,812.4540000000001,-1.709112611206561,-3.0901483382697137,-3.5570097,0.8940855246734762,-3.98423386294319,-0.6333418860828055
2022-06-13,811.691,-2.4785276065758275,-3.0728887952904382,-3.540146,0.8714253282868856,-3.944314123577324,-0.6174902304308315
2022-06-14,811.317,-2.858900295827316,-3.054835328941988,-3.5013108,0.8484440043080838,-3.903279333250072,-0.6016023385906597
2022-06-15,818.597,4.414769375401924,-3.035980762474461,-3.4281104,0.8251347024169686,-3.86111546489143,-0.5856868293050955
2022-06-16,819.391,5.202481461474983,-3.016318072776761,-3.3400972,0.8014906759123924,-3.8178087486891537,-0.5697521780260405
2022-06-17,817.221,3.0257797759840885,-2.995840401216975,-3.2868161,0.7775052950923762,-3.773345696309352,-0.5538067092289011
2022-06-18,811.826,-2.3762564389986185,-2.9745410645240047,-3.304982,0.753172060646065,-3.7277131251700695,-0.5378585889400554
2022-06-19,808.917,-5.292244383992037,-2.952413565700501,-3.2516942,0.7284846170435987,-3.6808981827441,-0.5219158174857106
2022-06-20,817.44,3.224132027265315,-2.929451604957076,-3.1686847,0.7034367659100829,-3.632888370867159,-0.5059862224702482
2022-06-21,812.1460000000001,-2.0768560270966634,-2.9056490906576387,-3.082569,0.6780224793697124,-3.583671570027351,-0.4900774519918781
2022-06-22,809.2669999999999,-4.962793077969987,-2.881000150265642,-3.0022757,0.6522359133460683,-3.53323606361171,-0.4741969681031169
2022-06-23,812.0079999999999,-2.22836305507756,-2.855499141280869,-2.9210074,0.6260714208045256,-3.4815705620853947,-0.4583520405233581
2022-06-24,813.691,-0.5518736124815562,-2.829140662156342,-2.826476,0.5995235649226865,-3.4286642270790284,-0.4425497406104507
2022-06-25,814.286,0.0368900839128816,-2.801919563184913,-2.7323768,0.5725871321747553,-3.3745066953596687,-0.4267969355979502
2022-06-26,810.942,-3.3133126386637723,-2.773830957344859,-2.6402104,0.5452571453156906,-3.3190881026605497,-0.4111002831043565
2022-06-27,815.428,1.1666450129267876,-2.744870231094021,-2.532872,0.5175288762510414,-3.2623991073450624,-0.3954662259203332
2022-06-28,805.5020000000001,-8.765577062408292,-2.71503305510168,-2.4338455,0.4893978587783552,-3.204430913880035,-0.3799009870795974
2022-06-29,814.177,-0.09662845673357,-2.6843153949075576,-2.3756366,0.4608599011860679,-3.1451752960936257,-0.3644105652188116
2022-06-30,812.35,-1.929612495187744,-2.6527135214972186,-2.3028126,0.4319110986958729,-3.084624620193092,-0.3490007302314759
2022-07-01,813.86,-0.4254941131194316,-2.6202240217830384,-2.2298708,0.4025478457345402,-3.0227718675175788,-0.3336770192204761
2022-07-02,820.4939999999999,6.202394052375446,-2.586843808980169,-2.1664581,0.3727668480213317,-2.959610657001501,-0.3184447327535852
2022-07-03,812.845,-1.4526831080351237,-2.552570132866524,-2.1192117,0.3425651344571463,-2.8951352673236697,-0.3033089314258573
2022-07-04,816.04,1.7368836589359815,-2.517400589916284,-2.0917594,0.3119400688016981,-2.8293406587179817,-0.2882744327325032
2022-07-05,812.1030000000001,-2.205521010240278,-2.481333133296033,-2.0650215,0.2808893611250894,-2.7622224944211227,-0.2733458082554555
2022-07-06,809.56,-4.753719739894083,-2.4443660827129583,-2.0117977,0.2494110790203121,-2.69377716173327,-0.2585273811664658
2022-07-07,812.6370000000001,-1.6815231918624771,-2.406498134104463,-1.9611953,0.2175036585633116,-2.624001792667775,-0.2438232240492202
2022-07-08,817.525,3.202091978447602,-2.367728369158577,-1.8918747,0.1851659150074224,-2.5528942841659994,-0.2292371570425599
2022-07-09,813.673,-0.6552760545404941,-2.3280562646546965,-1.8150382,0.1523970531991517,-2.4804533178538484,-0.2147727463065211
2022-07-10,817.717,3.383193812029893,-2.287481701614217,-1.7596306,0.1191966777024446,-2.406678379316662,-0.2004333028125521
2022-07-11,814.604,0.2642250641781327,-2.246004974250676,-1.6891857,0.085564802618801,-2.331569776869477,-0.1862218814588521
2022-07-12,819.957,5.610444945793953,-2.2036267987091813,-1.6137713,0.0515018610907635,-2.255128659799945,-0.1721412805114073
2022-07-13,817.1899999999999,2.8367196987941874,-2.1603483215849475,-1.536493,0.0170087144765871,-2.1773570360615344,-0.1581940413709233
2022-07-14,817.764,3.403741847632906,-2.116171128210964,-1.4673939,-0.0179133388159533,-2.098257789395011,-0.1443824486654686
2022-07-15,818.158,3.790701866462007,-2.071097250704784,-1.4126991,-0.0532625548483173,-2.017834695856467,-0.1307085306682369
2022-07-16,811.2040000000001,-3.1710344794358054,-2.025129175764784,-1.3623934,-0.0890367360340375,-1.9360924397307464,-0.1171740600394986
2022-07-17,818.0809999999999,3.698466904416728,-1.978269852206169,-1.301632,-0.1252332233968391,-1.8530366288093296,-0.1037805548913825
2022-07-18,815.528,1.137649473257564,-1.9305226982272785,-1.2486293,-0.1618488892150163,-1.7686738090122622,-0.090529280173792
2022-07-19,820.1659999999999,5.76808387352718,-1.8818916083969528,-1.1908439,-0.1988801300626213,-1.683011478334332,-0.077421249379349
2022-07-20,815.411,1.0054746258408236,-1.832380960353731,-1.118467,-0.2363228602578835,-1.5960581000958476,-0.0644572265649028
2022-07-21,814.256,-0.1574190962507717,-1.7819956212079806,-1.0490437,-0.2741725057288278,-1.5078231154791528,-0.0516377286867692
2022-07-22,822.545,8.123655837034141,-1.7307409536382503,-0.99137235,-0.3124239983057373,-1.4183169553325132,-0.0389630282464883
2022-07-23,811.2049999999999,-3.2240055351937458,-1.6786228216732042,-0.9330634,-0.3510717704498753,-1.3275510512233288,-0.0264331562435245
2022-07-24,813.562,-0.8741168985327845,-1.6256475961509032,-0.8919371,-0.390109750427355,-1.2355378457235482,-0.0140479054309864
2022-07-25,813.883,-0.5601009758273956,-1.5718221598472348,-0.8693972,-0.4295313579368542,-1.1422908019103806,-0.0018068338700673
2022-07-26,814.847,0.3971385134911465,-1.517153912265704,-0.8270846,-0.4693295001993381,-1.0478244120663658,0.0102907312214312
2022-07-27,814.431,-0.0255340577437421,-1.4616507740808298,-0.77729595,-0.5094965685177311,-0.9521542055630988,0.0222456893314694
2022-07-28,811.558,-2.905714217566373,-1.4053211912278785,-0.74394983,-0.5500244353139011,-0.8552967559139774,0.0340591622323648
2022-07-29,818.766,4.295404573440573,-1.348174138631664,-0.71965253,-0.5909044516501045,-0.7572696869815596,0.045732489281283
2022-07-30,811.9549999999999,-2.5221787019949287,-1.2902191235676943,-0.6893514,-0.632127445241465,-0.6580916783262293,0.0572672224485772
2022-07-31,816.9,2.416815475510285,-1.2314661886489278,-0.6586288,-0.6736837189657288,-0.557782469683199,0.0686651210803153
2022-08-01,814.461,-0.027885637096265,-1.171925914431898,-0.63338625,-0.7155630498760991,-0.456362864555799,0.0799281464015933
2022-08-02,818.982,4.486976362931263,-1.1116094216361525,-0.6879339,-0.7577546887224713,-0.3538547329136812,0.0910584557675572
2022-08-03,812.997,-1.503854980137595,-1.0505283729712915,-0.63868713,-0.8002473599859816,-0.2502810129853099,0.1020583966693572
2022-08-04,820.136,5.629787223828977,-0.9886949745661234,-0.5987015,-0.8430292624313284,-0.145665712134795,0.1129305005025421
2022-08-05,811.878,-2.633254169648952,-0.926121976994875,-0.6040917,-0.8860880701808241,-0.0400339068140508,0.1236774761056773
2022-08-06,817.1859999999999,2.66982089887591,-0.8628226758955949,-0.5813467,-0.929410934313722,0.0665882584181272,0.1343022030772363
2022-08-07,818.366,3.844932322548077,-0.7988109121763313,-0.52188116,-0.9729844849938388,0.1741735728175076,0.1448077248791009
2022-08-08,811.962,-2.563731925917451,-0.7341010718047972,-0.47173667,-1.0167948341280697,0.2826937623232725,0.1551972417352222
2022-08-09,817.1279999999999,2.5983101774739943,-0.6687080851778813,-0.4571322,-1.0608275785578274,0.3921194933799461,0.1654741033342657
2022-08-10,812.027,-2.5063097353186112,-0.6026474260673242,-0.41542828,-1.105067803785048,0.5024203777177236,0.1756418013452706
2022-08-11,816.1859999999999,1.649424936479516,-0.5359351101385895,-0.361251,-1.149500088233809,0.6135649780952194,0.1857039617556012
2022-08-12,813.5740000000001,-0.9655229369928612,-0.4685876930399945,-0.30519906,-1.1941085080482057,0.7255208150082109,0.195664337040649
2022-08-13,816.832,2.289704497787321,-0.4006222680597645,-0.2584077,-1.2388766424265232,0.8382543743667586,0.2055267981749612
2022-08-14,813.798,-0.746761606691309,-0.3320564633488674,-0.2162028,-1.2837875794913605,0.9517311161424932,0.2152953264946675
2022-08-15,814.192,-0.354883488930735,-0.2629084387079405,-0.19422384,-1.3288239226947398,1.0659154839867993,0.2249740054212144
2022-08-16,811.937,-2.6117418838255904,-0.1931968819369107,-0.16825542,-1.373967797756787,1.1807709158198765,0.2345670120566435
2022-08-17,814.5360000000001,-0.014128400932305,-0.1229410047463952,-0.14956357,-1.4192008601360748,1.2962598553896796,0.2440786086607267
2022-08-18,825.1899999999999,10.638831575807158,-0.0521605382301897,-0.16182926,-1.4645043030291185,1.4123437647989288,0.2535131340204927
2022-08-19,811.2479999999999,-3.3038630754192475,0.0191242721013587,-0.10753747,-1.5098588658961556,1.5289831379975145,0.2628749947227364
2022-08-20,817.447,2.8953642058793405,0.0908926717269517,-0.07043859,-1.5552448435096258,1.6461375152365776,0.2721686563402701
2022-08-21,815.3580000000001,0.8065030745673654,0.1631234029584332,-0.033791896,-1.600642095521437,1.7637654984798703,0.28139863454275
2022-08-22,817.0690000000001,2.5175095294771666,0.2357947112224646,0.002532895,-1.6460300565445307,1.8818247677669957,0.2905694861430196
2022-08-23,815.963,1.411855938890776,0.3088843517784869,0.028764037,-1.691387746743644,2.0002720985221307,0.2996858000899787
2022-08-24,815.8100000000001,1.2594597902102471,0.3823695968713727,0.06071292,-1.7366937829298643,2.1190633798012373,0.3087521884190627
2022-08-25,816.3280000000001,1.7779048335264185,0.4562272433166601,0.089457415,-1.7819263901528677,2.238153633469528,0.3177732771714674
2022-08-26,815.44,0.8906727468094697,0.5304336205160093,0.12104398,-1.8270634137843549,2.3574970343003643,0.3267536972932726
2022-08-27,818.647,4.09880497805346,0.6049645989000526,0.14708172,-1.872082332085632,2.4770469309856846,0.3356980755257133
2022-08-28,821.461,6.9143002503595605,0.679795598795427,0.16691476,-1.916960269251834,2.5967558680472607,0.3446110252977499
2022-08-29,822.9689999999999,8.423995406067451,0.754901599712517,0.20039888,-1.9616740089247475,2.7165756086372643,0.3534971376322151
2022-08-30,819.519,4.975971268272623,0.8302571500498266,0.2295404,-2.006200008165734,2.836457158215561,0.3623609720767028
2022-08-31,810.919,-3.621689842358804,0.9058363772107824,0.2592166,-2.0505144118797904,2.956350789090573,0.371207047670408
2022-09-01,817.626,3.0885118753669496,0.9816129981281958,0.29460734,-2.0945930676812203,3.076206065809416,0.3800398339580361
2022-09-02,818.3629999999999,3.8290905652969034,1.0575603301913454,0.33799168,-2.138411541191056,3.195971871382401,0.3888637420619069
2022-09-03,820.061,5.531044986379529,1.133651302570236,0.3701911,-2.1819451317557697,3.3155964343260056,0.3976831158232596
2022-09-04,822.5360000000001,8.01037389756261,1.2098584679311806,0.39049426,-2.2251688885764462,3.435027356507627,0.4065022230237292
2022-09-05,819.557,5.036076057794248,1.2861540145375976,0.412487,-2.268057627237099,3.5542116417746965,0.4153252466978669
2022-09-06,817.4879999999999,2.972150226022456,1.36250977872944,0.44586647,-2.310585946620404,3.673095725349844,0.4241562765474423
2022-09-07,819.1800000000001,4.669566990025803,1.4388972577743762,0.4702396,-2.352728246198628,3.791625503973004,0.4329993004682395
2022-09-08,818.1709999999999,3.66635405813092,1.515287623083464,0.48478648,-2.3944587436871974,3.909746366770661,0.4418581961998136
2022-09-09,822.5010000000001,8.002475528883107,1.5916517337837572,0.4850971,-2.435751493047855,4.027403226831613,0.4507367231086414
2022-09-10,821.168,6.675965770409218,1.667960150639891,0.5035578,-2.4765804028280023,4.144540553467893,0.4596385141148911
2022-09-11,815.659,1.173325456078376,1.744183150316338,0.5303378,-2.516919254822387,4.2611024051387245,0.4685670677729023
2022-09-12,818.179,3.699910162921228,1.8202907399718185,0.5211587,-2.556741723042981,4.3770324630148,0.4775257405152769
2022-09-13,820.668,6.195734062090567,1.8962526721768365,0.51875764,-2.5960213929824194,4.492274065159256,0.4865177390703065
2022-09-14,820.515,6.049901602891944,1.9720384601451624,0.5360193,-2.6347317811561224,4.606770241301285,0.4955461130622741
2022-09-15,817.611,3.15341142593586,2.047617393269676,0.5652473,-2.6728463549077723,4.7204637481774485,0.5046137478039356
2022-09-16,817.297,2.8472621718330937,2.122958552952737,0.598189,-2.7103385524625923,4.83329710541533,0.5137233572903094
2022-09-17,820.699,6.25745248119394,2.198030828720821,0.61616933,-2.7471818032123902,4.945212631933211,0.5228774774026284
2022-09-18,828.28,13.846980994629131,2.272802934613156,0.5899924,-2.783349548216236,5.056152482829392,0.532078459331112
2022-09-19,820.8910000000001,6.466846352749214,2.347243425833408,0.46309698,-2.818815260900106,5.166058686733514,0.5413284632249481
2022-09-20,826.198,11.783047196164327,2.421320715653578,0.30040127,-2.853552467938763,5.274873183592341,0.5506294520776064
2022-09-21,817.327,2.9215821654855585,2.495003092558747,0.23661563,-2.887534770302703,5.38253786286145,0.5599831858553752
2022-09-22,814.8720000000001,0.4764499013232757,2.568258737621185,0.26243407,-2.920735864452848,5.488994602074033,0.5693912158766922
2022-09-23,818.952,4.565670841719605,2.6410557420919885,0.33203822,-2.9531295636653785,5.594185305757367,0.578854879449594
2022-09-24,817.469,3.092195248261936,2.7133621251983557,0.40952426,-2.9846898194688984,5.698051944667254,0.5883752947742843
2022-09-25,816.476,2.109021616702001,2.785145852134069,0.48034328,-3.0153907431758733,5.800536595309943,0.5979533561175573
2022-09-26,815.915,1.5581484427915395,2.856374852230912,0.53756297,-3.045206627490154,5.901581479721065,0.6075897292654563
2022-09-27,826.232,11.885574222282312,2.9270170372982247,0.59010977,-3.0741119681721605,6.001129005470386,0.6172848472602815
2022-09-28,817.909,3.573297450926024,2.9970403201177707,0.6416006,-3.102081485743168,6.099121805860938,0.6270389064276958
2022-09-29,816.338,2.0133166244742324,3.066412633080872,0.6609028,-3.129090147209989,6.195502780290861,0.6368518626993778
2022-09-30,819.0920000000001,4.778630238679106,3.135101946954565,0.68712795,-3.1551131877912155,6.290215134745781,0.646723428236318
2022-10-01,821.316,7.014236789291907,3.203076289763343,0.6996898,-3.180126132626036,6.383202422389379,0.6566530683575214
2022-10-02,819.403,5.113134772064623,3.2703037657729794,0.7297071,-3.204104818446645,6.474408584219624,0.666639998778525
2022-10-03,816.862,2.584322682748777,3.336752574562717,0.76028234,-3.227025415195047,6.563777989757764,0.6766831831637946
2022-10-04,819.197,4.931799017096459,3.4023910301719584,0.7904626,-3.2488644475651163,6.651255477737075,0.6867813309967012
2022-10-05,820.0939999999999,5.841562270859102,3.4671875803075296,0.8238598,-3.269598816450658,6.736786396758188,0.6969328957704258
2022-10-06,819.8969999999999,5.6576109397886025,3.531110825597441,0.87053066,-3.289205820280232,6.820316645877673,0.707136073502758
2022-10-07,819.563,5.336943519636687,3.5941295388769947,0.909483,-3.30766317621942,6.901792715096415,0.7173888015774054
2022-10-08,816.899,2.6865585061548787,3.6562126844929614,0.9382506,-3.324949041221367,6.981161725714328,0.7276887579140584
2022-10-09,815.303,1.104454395095162,3.7173294376114745,0.9665093,-3.3410420329062416,7.0583714705177165,0.7380333604690452
2022-10-10,820.168,5.983629682209188,3.7774492035154097,0.99167156,-3.355921250250587,7.1333704537659965,0.7484197670681036
2022-10-11,824.349,10.179082863248707,3.836541636876536,1.019252,-3.369566294067235,7.206107930943771,0.7588448755723406
2022-10-12,822.2909999999999,8.135812433965162,3.894576660988259,1.0365368,-3.3819572872569337,7.276533948245193,0.7693053243781314
2022-10-13,817.289,3.148816890110814,3.951524486944212,1.0456992,-3.393074894812585,7.344599381756797,0.7797974932513007
2022-10-14,826.114,11.989094727437127,4.007355632748364,1.0807661,-3.402900343557368,7.410255976305731,0.7903175044955572
2022-10-15,825.9069999999999,11.797644441695688,4.062040942341983,1.104435,-3.411415441597947,7.473456383939929,0.8008612244547454
2022-10-16,823.816,9.72246452863859,4.115551604533062,1.1134317,-3.418602597474308,7.53415420200737,0.811424265348172
2022-10-17,820.832,6.754553484017101,4.1678591718136335,1.1316893,-3.4244448389877578,7.592304010801391,0.8220019874377755
2022-10-18,821.271,7.209909803583324,4.218935579050656,1.1668162,-3.4289258316889595,7.647861410739615,0.8325895015256292
2022-10-19,822.8299999999999,8.785531983088886,4.26875316203586,1.1986983,-3.432029897007933,7.700783059043792,0.8431816717798334
2022-10-20,824.163,10.135418518285626,4.317284675880512,1.2342709,-3.433742030008347,7.751026705888858,0.8537731188864915
2022-10-21,822.6830000000001,8.672567904925064,4.364503313240566,1.2459953,-3.434047916748453,7.79855122998902,0.864358223525114
2022-10-22,826.461,12.46797863875896,4.410382722358212,1.0576262,-3.432933951231498,7.84331667358971,0.8749311301643781
2022-10-23,826.043,12.067649215539207,4.454897024905598,1.023222,-3.430387251928483,7.885284276834081,0.8854857511748662
2022-10-24,823.083,9.125578131017429,4.498020833616944,0.95872813,-3.426395677856683,7.924416511473627,0.8960157712549868
2022-10-25,818.696,4.756763880945472,4.539729269695014,0.9348178,-3.420947844197402,7.960677113892416,0.9065146521659592
2022-10-26,821.866,7.945204961074774,4.579997979978369,0.8921138,-3.4140331374369244,7.994031117415293,0.9169756377713884
2022-10-27,818.473,4.570753989733751,4.618803153855774,0.87904686,-3.4056417300149104,8.024444883870684,0.9273917593765896
2022-10-28,829.589,15.705559369860875,4.656121539914396,0.88133204,-3.3957645944648007,8.051886134379195,0.9377558413624842
2022-10-29,823.448,9.58350965349878,4.691930462308533,0.88481337,-3.384393517031244,8.076323979339776,0.9480605071085848
2022-10-30,822.253,8.407708532609464,4.726207836835862,0.86064786,-3.371521110749848,8.097728947585711,0.9582981851991936
2022-10-31,823.292,9.466162417412477,4.758932186708279,0.8484319,-3.35714082797505,8.116073014683328,0.9684611159066746
2022-11-01,824.917,11.110869763548948,4.790082658004744,0.57914853,-3.341246972342237,8.13132963034698,0.9785413579453144
2022-11-02,825.7959999999999,12.009829026659926,4.819639034793713,0.43923977,-3.3238347101507286,8.143473744944442,0.988530795488964
2022-11-03,820.4780000000001,6.712038662386886,4.847581753912842,0.39938986,-3.3049000811546567,8.1524818350675,0.998421145445383
2022-11-04,820.059,6.313397088880519,4.873891919394111,0.26234463,-3.284440008749208,8.158331928143319,1.0082039649798906
2022-11-05,826.859,13.13400008086245,4.89855131652258,-0.043251157,-3.262452309540221,8.1610036260628,1.0178706592806432
2022-11-06,821.7489999999999,8.044435817418835,4.9215424255173,-0.1370085,-3.2389357022855663,8.160478127802866,1.027412489557586
2022-11-07,822.296,8.612101852700512,4.942848434823279,-0.5476487,-3.2138898161972294,8.156738251020508,1.0368205812668576
2022-11-08,823.001,9.337996566779506,4.962453254003423,-0.9145806,-3.1873151985935566,8.14976845259698,1.0460859325521543
2022-11-09,822.1500000000001,8.508118339729062,4.980341526219973,-1.134484,-3.159213321891616,8.139554848111588,1.0551994228943349
2022-11-10,819.803,6.182465551621286,4.996498640295054,-1.1410809,-3.129586589930168,8.126085230225222,1.0641518219602708
2022-11-11,816.6569999999999,3.058036582529028,5.010910742340292,-1.1277584,-3.098438343614261,8.109349085954554,1.0729337986417469
2022-11-12,820.2479999999999,6.670305419284793,5.023564746945769,-1.173428,-3.065772865873042,8.089337612818811,1.0815359302749814
2022-11-13,815.071,1.5147772345913806,5.034448347919053,-1.1528271,-3.0315953859229,8.066043733841953,1.0899487120311244
2022-11-14,814.4090000000001,0.8743785916743123,5.0435500285650585,-1.1324002,-2.9959120828286885,8.039462111393746,1.09816256646791
2022-11-15,815.2669999999999,1.754198509187427,5.050859071498263,-1.0945314,-2.958730088356278,8.009589159854542,1.1061678532324022
2022-11-16,808.489,-5.001795334791956,5.056365567978646,-1.0500827,-2.920057489110291,7.976423057088937,1.1139548789046712
2022-11-17,810.601,-2.8671610550837405,5.060060426763626,-1.0188129,-2.879903327951565,7.939963754715191,1.1215139069720028
2022-11-18,811.986,-1.4596996023448623,5.061935382468111,-0.9819351,-2.838277604689313,7.900212987157423,1.1288351679231194
2022-11-19,811.7729999999999,-1.650024483356879,5.061983003425566,-0.9480253,-2.7951912760437168,7.857174279469283,1.1359088694517367
2022-11-20,812.414,-0.986042184785632,5.060196699043097,-0.9215762,-2.750656254875222,7.810852953918319,1.1427252067586873
2022-11-21,817.902,4.525152934165469,5.056570726644087,-0.89176196,-2.7046854086774568,7.761256135321544,1.149274372941634
2022-11-22,815.896,2.542311051766534,5.051100197792238,-0.8892319,-2.657292557331258,7.708392755123496,1.155546569461399
2022-11-23,816.198,2.8675566387915667,5.04378108409135,-0.873125,-2.608492470118081,7.652273554209431,1.1615320166737548
2022-11-24,810.615,-2.691985155086275,5.034610222455366,-0.8732671,-2.558300861991413,7.592911084446779,1.1672209644154743
2022-11-25,814.196,0.912683911239486,5.02358531984397,-0.8752894,-2.506734389105813,7.530319708949783,1.1726037026333682
2022-11-26,815.138,1.878529604969768,5.010704957458994,-0.911501,-2.453810643603511,7.464515601062505,1.1776705720449692
2022-11-27,818.832,5.596306945875861,4.995968594397738,-0.9339776,-2.3995481476593503,7.395516742057088,1.182411974819478
2022-11-28,825.247,12.034914412315675,4.979376570759345,-1.0139045,-2.343966346785397,7.323342917544742,1.1868183852675651
2022-11-29,822.315,9.126526413535062,4.960930110201095,-1.0165362,-2.287085602397249,7.248015712598343,1.1908803605285716
2022-11-30,820.654,7.489180518034608,4.94063132194169,-1.1178282,-2.228927183644664,7.1695585055863535,1.194588551243693
2022-12-01,825.741,12.600007699444264,4.918483202209183,-1.6802444,-2.169513258509812,7.087996460718994,1.19793371220367
2022-12-02,816.303,3.185913647301884,4.894489635131489,-1.7080733,-2.1088668841770857,7.003356519308575,1.2009067129595932
2022-12-03,818.804,5.710237338892953,4.868655393067973,-1.7489069,-2.047011996679044,6.915667389747018,1.2034985483853993
2022-12-04,819.4240000000001,6.353569899594936,4.840986136380981,-2.1172857,-1.983973399823715,6.824959536204696,1.2057003491807288
2022-12-05,822.5029999999999,9.455913724560205,4.811488412646618,-2.2823892,-1.919776753409108,6.731265166055726,1.207503392302825
2022-12-06,819.568,6.544116530920048,4.780169655304471,-2.3002648,-1.854448560731424,6.634618216035895,1.2088991113162415
2022-12-07,818.031,5.030227813040275,4.747038181746534,-2.3069448,-1.788016155394104,6.535054337140638,1.2098791066492294
2022-12-08,816.112,3.134454864309759,4.712103190845871,-2.396065,-1.720507687425452,6.432610878271323,1.2104351557456894
2022-12-09,819.295,6.340735027013485,4.675374759926085,-2.5804155,-1.651952108713207,6.327326868639292,1.2105592231017834
2022-12-10,820.021,7.089747882365491,4.636863841173058,-3.168494,-1.582379157765042,6.219242998938101,1.2102434701763023
2022-12-11,815.801,2.892821059450278,4.596582257490914,-3.5953088,-1.511819343804639,6.108401601295553,1.2094802651641177
2022-12-12,815.2779999999999,2.393011733355489,4.554542697804429,-3.6742942,-1.4403039302134564,5.994846628017886,1.2082621926220876
2022-12-13,819.154,6.292317687088178,4.510758711810798,-3.698566,-1.367864917329077,5.878623629139875,1.2065820629370254
2022-12-14,815.545,2.706736703654478,4.465244704183837,-3.7141333,-1.2945350246114735,5.75977972879531,1.2044329216254157
2022-12-15,814.783,1.9682665660614345,4.418015928234276,-3.7183309,-1.220347672189169,5.638363600423444,1.2018080584548083
2022-12-16,810.759,-2.0320949426846155,4.369088479030148,-3.68602,-1.1453369617978286,5.514425440827976,1.198701016376945
2022-12-17,813.2009999999999,0.4335858831712498,4.318479285981827,-3.653734,-1.0695376571244255,5.388016943106252,1.1951056002629132
2022-12-18,813.0110000000001,0.2673726739773543,4.266206104896379,-3.6217828,-0.992985163570545,5.259191268466924,1.1910158854307795
2022-12-19,816.6719999999999,3.952263202987345,4.212287509506739,-3.5867364,-0.915715507449129,5.128003016955868,1.1864262259564158
2022-12-20,815.6600000000001,2.9642552434558267,4.156742882481152,-3.6007588,-0.8377653146292989,4.99450819711045,1.1813312627584136
2022-12-21,808.455,-4.21665343136371,4.099592405919198,-3.6305864,-0.7591717886445571,4.858764194563755,1.1757259314482456
2022-12-22,810.604,-2.0433404550851404,4.040857051340636,-3.6158254,-0.6799726882800506,4.720829739620687,1.1696054699370522
2022-12-23,814.288,1.6652184021281795,3.9805585691741,-3.7100005,-0.6002063046552466,4.580764873829346,1.16296542579071
2022-12-24,808.905,-3.6931226237611474,3.918719477752805,-3.7602284,-0.5199114378186093,4.438630915571414,1.1558016633250656
2022-12-25,809.268,-3.305027372128239,3.855363051824944,-3.773851,-0.4391273728715882,4.294490424696532,1.1481103704335236
2022-12-26,812.091,-0.4566454039827918,3.790513310586658,-3.8134713,-0.3578938556394601,4.148407166226118,1.1398880651394288
2022-12-27,824.217,11.694973337213357,3.724195005246088,-4.6349125,-0.2762510679071964,4.000446073153284,1.1311316018659732
2022-12-28,813.948,1.4516948164737065,3.656433606127077,-4.731345,-0.1942396022387857,3.850673208365863,1.121838177416664
2022-12-29,816.225,3.754516946016912,3.5872552893217056,-4.854211,-0.1119004363989721,3.6991557257206775,1.1120053366596772
2022-12-30,814.322,1.8774376380615865,3.5166869229009348,-5.5812798,-0.0292749073966724,3.5459618302976077,1.101630977909729
2022-12-31,819.5590000000001,7.140319192588356,3.444756052693219,-6.0589533,0.0535953148302015,3.391160737863017,1.0907133580014132
2023-01-01,817.754,5.361291448938692,3.371490887641059,-6.1643243,0.1366682540685367,3.2348226335725223,1.0792510970482787
2023-01-02,817.573,5.206224797658425,3.296920284745932,-6.163924,0.2199016548019706,3.0770186299439617,1.0672431828822388
2023-01-03,813.954,1.6129668984759895,3.221073733612227,-6.214082,0.3032530094803843,2.917820724131843,1.0546889751682371
2023-01-04,816.8729999999999,4.557567188355611,3.143981340601241,-6.282761,0.3866795860658476,2.7573017545353933,1.0415882091894293
2023-01-05,815.78,3.49023290328395,3.0656738126064225,-6.812642,0.4701384558337627,2.59553535677266,1.0279409992984934
2023-01-06,814.563,2.298901328144325,2.9861824404615147,-6.836736,0.5535865214076131,2.432595919053901,1.013747842031013
2023-01-07,815.896,3.656882050325046,2.905539081993332,-6.9450946,0.6369805450055055,2.2685585369878263,0.9990096188772348
2023-01-08,818.69,6.47589665885426,2.8237761447313097,-7.242228,0.7202771768764196,2.10349896785489,0.9837275987088407
2023-01-09,816.702,4.512842226371924,2.740926568286125,-7.7364426,0.8034329839039391,1.937493584382186,0.967903439857765
2023-01-10,819.016,6.851733218240149,2.657023806410016,-7.988602,0.8864044783549492,1.7706193280550662,0.9515391918444036
2023-01-11,813.184,1.0445876666561222,2.5721018087515044,-8.155155,0.969148146750694,1.6029536620008105,0.9346372967529624
2023-01-12,810.9830000000001,-1.1315371712366358,2.4861950023176416,-8.239111,1.0516204788373822,1.4345745234802594,0.9172005902520252
2023-01-13,809.7959999999999,-2.293643651541254,2.3993382726569394,-8.334246,1.1337779966333796,1.2655602760235598,0.8992323022588021
2023-01-14,812.5559999999999,0.4916430180181985,2.311566944776451,-8.661147,1.2155772835300076,1.0959896612464433,0.88073605724589
2023-01-15,818.954,6.914932914497007,2.2229167638065084,-8.770508,1.2969750134227425,0.925941750383766,0.8617158741897304
2023-01-16,818.8919999999999,6.878131924427352,2.133423875427064,-8.833144,1.3779279798496125,0.7554958955774509,0.8421761661603308
2023-01-17,814.988,2.99878204649346,2.0431248060694043,-8.769635,1.4583931251135251,0.5847316809558791,0.8221217395521698
2023-01-18,814.637,2.6723388601053104,1.9520564429074208,-8.77025,1.5383275693652534,0.4137288735421678,0.8015577929565849
2023-01-19,811.013,-0.927217465605259,1.860256013652648,-8.87136,1.6176886396236645,0.2425673740289837,0.7804899156763117
2023-01-20,807.213,-4.70284216105386,1.7677610661673808,-8.772882,1.696433898709999,0.0713271674573818,0.7589240858831839
2023-01-21,804.7840000000001,-7.107420480300354,1.674609447910409,-8.696838,1.7745211740728368,-0.0999117261624278,0.7368666684204035
2023-01-22,813.583,1.7163629086443752,1.580839285229843,-8.635183,1.851908586480541,-0.2710693012506979,0.7143244122511176
2023-01-23,810.8530000000001,-0.9888819853688856,1.4864889625177915,-8.561077,1.9285545785580216,-0.4420656160402298,0.6913044475554297
2023-01-24,803.0749999999999,-8.742157529245944,1.3915971012415072,-8.494796,2.0044179431447624,-0.6128208419032553,0.6678142824782938
2023-01-25,803.922,-7.870344429709767,1.2962025388659095,-8.430997,2.07945785145109,-0.7832553125851804,0.6438617995311291
2023-01-26,804.629,-7.138565354411599,1.2003443076822802,-8.354247,2.153633880989949,-0.953289573307669,0.6194552516503232
2023-01-27,807.352,-4.39082750234839,1.104061613557992,-8.302474,2.226906043261434,-1.122844429703442,0.5946032579161306
2023-01-28,806.665,-5.0531332211906586,1.0073938146222845,-8.241814,2.2992348111676053,-1.291840996545321,0.569314798935841
2023-01-29,809.6790000000001,-2.014484858608542,0.910380399902899,-8.2359295,2.370581146135296,-1.460200746232397,0.5435992118954036
2023-01-30,813.762,2.0931152377269724,0.813060967928662,-8.152353,2.440906524924777,-1.627845556996115,0.5174661852840347
2023-01-31,808.015,-3.629335279854133,0.7154752053127925,-8.084376,2.5101729661024623,-1.7946977607896697,0.4909257532966717
2023-02-01,808.139,-3.480690590385336,0.6176628653319151,-8.020755,2.578343056156045,-1.9606801908241296,0.4639882899194411
2023-02-02,809.3399999999999,-2.2549500234926607,0.5196637465157383,-7.9554653,2.6453799752306733,-2.1257162287149347,0.4366645027036342
2023-02-03,811.607,0.0369487836533767,0.4215176712620293,-7.9373717,2.711247522465226,-2.2897298512031967,0.4089654262339893
2023-02-04,815.1899999999999,3.6447730774351967,0.3232644644918652,-7.8891897,2.775910140907861,-2.452645676415996,0.380902415297387
2023-02-05,810.7429999999999,-0.7775014715322317,0.2249439323597276,-8.201512,2.8393329419905147,-2.614389009630787,0.3524871377583431
2023-02-06,807.6659999999999,-3.829855668082944,0.126595841033115,-8.1773,2.901481729542268,-2.7748858885091527,0.3237315671479993
2023-02-07,803.921,-7.550284043238036,0.0282598955562569,-8.148336,2.9623230233218902,-2.9340631277656333,0.2946479749735616
2023-02-08,800.142,-11.304588220668847,-0.0700242811878207,-8.101271,3.021824082050318,-3.091848363238139,0.2652489227554244
2023-02-09,804.3019999999999,-7.119902977913547,-0.1682171694023063,-8.045735,3.079952925924111,-3.248170095326417,0.2355472537994944
2023-02-10,810.774,-0.6232864973705324,-0.266279373174747,-7.9836297,3.1366783585914586,-3.4029577317662056,0.2055560847124552
2023-02-11,806.557,-4.815798124824477,-0.3641716411341768,-7.989464,3.191969988572728,-3.5561416297069046,0.1752887966679735
2023-02-12,814.295,2.946588868155746,-0.4618548869532879,-7.925908,3.245798250107901,-3.7076531370611887,0.1447590264321111
2023-02-13,807.735,-3.589243196064924,-0.5592902096820188,-7.897541,3.2981344234138485,-3.8574246330958673,0.1139806571563756
2023-02-14,813.702,2.4018202578758925,-0.6564389138989579,-7.9430304,3.3489506543348533,-4.005389568233811,0.0829678089471395
2023-02-15,810.593,-0.6832230126910446,-0.7532625296671006,-7.8973455,3.3982199733701504,-4.151482503037251,0.0517348292202908
2023-02-16,809.703,-1.549583850784758,-0.8497228322809479,-7.843126,3.445916314063018,-4.295639146343966,0.0202962828502378
2023-02-17,810.283,-0.946050136283797,-0.9457818617917784,-7.770749,3.492014530736249,-4.437796392528028,-0.0113330578774526
2023-02-18,806.629,-4.576415543256236,-1.0414019422984533,-7.693456,3.5364904155595247,-4.577892357857978,-0.043138223500316
2023-02-19,804.5120000000001,-6.669896708911033,-1.1365457009911355,-7.631155,3.5793207149347093,-4.715866415925845,-0.0751040577905048
2023-02-20,805.044,-6.114414021221863,-1.231176086935679,-7.5796285,3.620483145185669,-4.8516592321213485,-0.1072152283337682
2023-02-21,814.177,3.0420079301416543,-1.325256389586507,-7.6318665,3.6599564075398128,-4.985212797126319,-0.1394562372659404
2023-02-22,811.975,0.8632435119918779,-1.4187502570162671,-7.7151785,3.697720202389121,-5.116470459405388,-0.1718114321568755
2023-02-23,810.781,-0.3077297172123095,-1.511621713850643,-7.7976465,3.733755242819075,-5.245376956669718,-0.2042650170315888
2023-02-24,810.562,-0.5040384721566499,-1.6038351788970395,-8.0346985,3.76804326739448,-5.37187844629152,-0.2368010635183043
2023-02-25,807.476,-3.56770262950117,-1.695355482456112,-8.093926,3.800567052191825,-5.495922534647937,-0.2694035221129762
2023-02-26,808.862,-2.159254061350532,-1.7861478833054325,-8.270429,3.8313104220684537,-5.617458305373886,-0.3020562335497424
2023-02-27,812.801,1.802066517035164,-1.8761780853448464,-8.529421,3.86025826115946,-5.736436346504306,-0.3347429402667322
2023-02-28,814.1610000000001,3.184024834456183,-1.965412253893356,-8.85247,3.88739652259392,-5.852808776487275,-0.3674472979565275
2023-03-01,813.918,2.9622445286052312,-2.053817031627724,-8.962686,3.9127122374226455,-5.966529269050369,-0.4001528871905668
2023-03-02,812.76,1.8253276483863727,-2.141359554153266,-8.959613,3.9361935227504232,-6.077553076903689,-0.432843225106682
2023-03-03,808.5759999999999,-2.337728207269433,-2.2280074651976527,-8.958319,3.957829589066303,-6.185837054263956,-0.4655017771489816
2023-03-04,814.832,3.939229840307016,-2.313728931418824,-9.074792,3.9776107467662105,-6.291339678185034,-0.4981119688491963
2023-03-05,808.64,-2.2320828613999795,-2.398492656818497,-9.270594,3.995528411862855,-6.394021068681352,-0.5306571976386745
2023-03-06,801.002,-9.849549341368308,-2.4822678967530662,-9.301044,4.011575110878579,-6.493843007631645,-0.563120844680117
2023-03-07,806.67,-4.160939998419692,-2.5650244715340795,-9.329002,4.02574448491752,-6.590768956451599,-0.5954862867082534
2023-03-08,798.5029999999999,-12.30749563368932,-2.6467327796106708,-9.50179,4.0380312929140985,-6.68476407252477,-0.627736907868576
2023-03-09,800.535,-10.255218607470235,-2.72736381032699,-9.58356,4.048431414055662,-6.775795224382652,-0.6598561115433798
2023-03-10,805.504,-5.2661112800553145,-2.806889156247641,-10.288609,4.056941849377679,-6.86383100562532,-0.6918273321543122
2023-03-11,803.761,-6.989176011737818,-2.8852810250448644,-10.331963,4.063560722530704,-6.948841747575568,-0.72363404693076
2023-03-12,804.296,-6.43441516281055,-2.962512250941308,-10.461134,4.068287279718971,-7.030799530660279,-0.7552597876334213
2023-03-13,807.739,-2.9718310935668955,-3.038556305702711,-10.67407,4.071121888811237,-7.109678194513948,-0.7866881522224974
2023-03-14,812.449,1.7575738357003725,-3.1133873091752555,-11.272899,4.072066037625135,-7.18545334680039,-0.8179028164600447
2023-03-15,804.327,-6.345434732083006,-3.186980039362535,-11.464411,4.07112233138708,-7.258102370749615,-0.848887545436092
2023-03-16,805.803,-4.85062075167808,-3.2593099420376963,-11.372759,4.068294489370441,-7.327604431408137,-0.8796262050082685
2023-03-17,801.8779999999999,-8.756986618687835,-3.330353139886475,-11.255321,4.063587340715354,-7.393940480601829,-0.9101027731447716
2023-03-18,800.882,-9.734534728715191,-3.400086441177409,-11.1114855,4.057006819434362,-7.457093260611771,-0.9403013511606844
2023-03-19,806.526,-4.072267477362982,-3.468487347955787,-11.208498,4.048559958608658,-7.517047306564445,-0.9702061748377074
2023-03-20,802.859,-7.721187260234191,-3.535534063758267,-11.279851,4.038254883780396,-7.573788947538663,-0.9998016254176264
2023-03-21,810.2629999999999,-0.299173790719101,-3.6012055008456216,-11.25749,4.02610080554737,-7.627306306392992,-1.0290722404598835
2023-03-22,810.048,-0.4960468789318544,-3.665481286951263,-11.283812,4.012108011366845,-7.677589298318107,-1.058002724553882
2023-03-23,805.633,-4.893094122473122,-3.728341771543731,-11.3020115,3.996287856576121,-7.724629628119851,-1.0865779598767624
2023-03-24,799.106,-11.402317854704714,-3.789768031601668,-11.308292,3.9786527546380506,-7.7684207862397185,-1.1147830165876182
2023-03-25,802.701,-7.789720408988147,-3.849741876900152,-11.243912,3.959216166620405,-7.808958043520557,-1.1426031630492826
2023-03-26,799.59,-10.883304118685173,-3.908245854807716,-11.133501,3.937992589918571,-7.846238444726287,-1.170023875869039
2023-03-27,801.532,-8.924071317157548,-3.96526325459374,-11.003028,3.914997546231828,-7.880260800825567,-1.197030849749827
2023-03-28,802.9150000000001,-7.523990740062368,-4.02077811124621,-11.3919935,3.890247568803943,-7.9110256800501535,-1.2236100071436908
2023-03-29,809.9960000000001,-0.4260753434531943,-4.074775208800355,-11.44991,3.863760188939547,-7.938535397739901,-1.2497475076995128
2023-03-30,802.964,-7.441183804497935,-4.127240083178938,-11.376305,3.8355539218083674,-7.962794004987304,-1.275429757497244
2023-03-31,802.0260000000001,-8.362487584321224,-4.178159024545446,-11.306955,3.805648251549916,-7.983807276095362,-1.3006434180611215
2023-04-01,806.517,-3.8549889829522375,-4.227519079171639,-11.329916,3.774063615691905,-8.001582694863544,-1.3253754151446009
2023-04-02,803.49,-6.86569030042042,-4.275308050821523,-11.31742,3.7408213888961854,-8.016129439717709,-1.3496129472799856
2023-04-03,807.9269999999999,-2.4125938367551285,-4.321514501653961,-11.326512,3.705943866046633,-8.027458367700593,-1.3733434940860154
2023-04-04,802.0110000000001,-8.312603829130582,-4.366127752646661,-11.264892,3.669454244693873,-8.035581997340534,-1.3965548243268868
2023-04-05,799.231,-11.0767249883033,-4.409137883544447,-11.176157,3.6313766068723177,-8.040514490416765,-1.4192350037165429
2023-04-06,800.5029999999999,-9.788882186289246,-4.450535732335349,-11.102435,3.591735900305566,-8.042271632640915,-1.4413724024622483
2023-04-07,803.888,-6.388009010286842,-4.490312894258124,-11.253385,3.550557919016607,-8.040870813274731,-1.462955702541827
2023-04-08,802.1279999999999,-8.13234611270603,-4.528461720345322,-11.154268,3.507869283359873,-8.036331003705195,-1.4839739047091844
2023-04-09,800.243,-10.001895705113974,-4.5649753155063175,-11.059252,3.463697419492584,-8.028672734998901,-1.5044163352230515
2023-04-10,803.163,-7.066506915217194,-4.599847536155043,-10.975629,3.4180705383033407,-8.017918074458382,-1.5242726522941556
2023-04-11,807.567,-2.647246962330388,-4.633072987387512,-10.965838,3.371017613816372,-8.004090601203883,-1.54353285224636
2023-04-12,803.3430000000001,-6.856096157509992,-4.664647019714511,-10.845714,3.3225683610901724,-7.987215380804684,-1.5621872753875894
2023-04-13,804.748,-5.436154391731016,-4.694565725355226,-10.712662,3.272753213629837,-7.967318938985064,-1.5802266115866763
2023-04-14,802.154,-8.014878046201158,-4.722825934097753,-10.562285,3.221603300332644,-7.944429234430396,-1.5976419055525737
2023-04-15,799.0690000000001,-11.084814487767227,-4.749425208732895,-10.421705,3.169150421986896,-7.918575630719792,-1.614424561812673
2023-04-16,793.226,-16.912965795018266,-4.77436184006784,-10.304358,3.1154270273443467,-7.889788867412187,-1.63056634938732
2023-04-17,803.495,-6.629334046542689,-4.797634841526615,-10.233546,3.060466188786898,-7.858101030313513,-1.6460594061578764
2023-04-18,805.614,-4.4959213209293125,-4.819243943344587,-10.280839,3.0043015776085658,-7.823545520953152,-1.660896242926055
2023-04-19,799.5799999999999,-10.515729696766716,-4.839189586364378,-10.219755,2.94696743893396,-7.786157025298338,-1.6750697471625169
2023-04-20,800.4010000000001,-9.680761252643276,-4.857472915441021,-10.125977,2.888498566294919,-7.745971481735941,-1.6885731864430844
2023-04-21,794.983,-15.085018067148154,-4.8740957724643446,-10.045525,2.82893027588705,-7.703026048351394,-1.7014002115711957
2023-04-22,801.659,-8.395448538586754,-4.889060689006747,-9.911932,2.768298380528269,-7.657359069535016,-1.71354485938558
2023-04-23,801.451,-8.590106967127493,-4.902370878604989,-9.846237,2.706639163341616,-7.609010041946606,-1.7250015552524502
2023-04-24,805.2470000000001,-4.780995423409419,-4.9140302286846085,-9.729239,2.643989351184811,-7.55801957986942,-1.735765115241768
2023-04-25,800.1080000000001,-9.90711597807204,-4.924043292136003,-9.575806,2.5803860878491887,-7.504429379985192,-1.7458307479875428
2023-04-26,802.0129999999999,-7.98947070175473,-4.932415278551244,-9.446225,2.515866907050813,-7.448282185602057,-1.7551940562323645
2023-04-27,799.543,-10.447061665096562,-4.939152045131108,-9.311523,2.450469705236727,-7.389621750367834,-1.7638510380567176
2023-04-28,802.7109999999999,-7.266890938737036,-4.944260087271784,-9.149945,2.384232714229308,-7.328492801501092,-1.771798087793915
2023-04-29,806.6419999999999,-3.323607273587478,-4.9477465288411615,-8.976307,2.31719447373198,-7.264941002573141,-1.7790319966318116
2023-04-30,805.645,-4.3084959430553385,-4.949619112154465,-8.826411,2.2493938037193235,-7.199012915873788,-1.7855499529027588
2023-05-01,812.682,2.740382163115082,-4.949886187659482,-8.732242,2.180869776734977,-7.130755964394459,-1.7913495420635488
2023-05-02,807.564,-2.365968312179496,-4.948556703341647,-8.7746,2.111661690120502,-7.060218393462149,-1.7964287463674051
2023-05-03,804.122,-5.796544418851008,-4.945640193859294,-8.73665,2.041809038198496,-6.98744923205779,-1.8007859442303789
2023-05-04,801.609,-8.298348166128212,-4.9411467694197935,-8.671722,1.97135148443326,-6.9124982538530535,-1.8044199092947573
2023-05-05,806.175,-3.721381563240041,-4.935087104407171,-8.769486,1.900328833592164,-6.835415937999335,-1.8073298091924528
2023-05-06,799.569,-10.316438019064892,-4.927472425772068,-8.884354,1.8287810039309007,-6.756253429702969,-1.809515204011524
2023-05-07,800.12,-9.75473390562204,-4.918314501194971,-8.816357,1.7567479994256878,-6.675062500620659,-1.8109760444693348
2023-05-08,799.203,-10.661271200391406,-4.907625627033728,-8.865465,1.684269882075358,-6.591895509109087,-1.811712669796099
2023-05-09,799.629,-10.225051880852543,-4.895418616066528,-8.731926,1.6113867442962282,-6.5068053603627565,-1.8117258053327885
2023-05-10,800.6450000000001,-9.1990779244852,-4.881706785041497,-8.571517,1.5381386814323768,-6.419845466473873,-1.8110165598477128
2023-05-11,800.658,-9.176351308769371,-4.866503942044218,-8.4429245,1.4645657644038703,-6.331069706448089,-1.809586422576256
2023-05-12,800.968,-8.856792156488938,-4.84982437369456,-8.3038,1.3907080125153193,-6.240532386209879,-1.8074372599885573
2023-05-13,801.8420000000001,-7.973486560998391,-4.831682832184115,-8.168708,1.3166053664468005,-6.148288198630915,-1.8045713122901297
2023-05-14,795.744,-14.062436487319546,-4.812094522165815,-8.030414,1.2422976614491266,-6.054392183614941,-1.8009911896606483
2023-05-15,801.864,-7.933643900473649,-4.791075087507092,-7.8873253,1.1678246007650523,-5.958899688272145,-1.796699868236383
2023-05-16,795.377,-14.41211076548204,-4.768640597918127,-7.709197,1.0932257292978151,-5.861866327215942,-1.791700685841939
2023-05-17,803.762,-6.018839047366093,-4.744807535466724,-7.5341563,1.0185404075481148,-5.763347943014839,-1.7859973374772171
2023-05-18,800.517,-9.25583071114717,-4.719592780991244,-7.379442,0.9438077858402628,-5.663400566831506,-1.779593870565655
2023-05-19,800.532,-9.233087721846925,-4.6930136004231775,-7.2251887,0.8690667788580104,-5.562080379281188,-1.7724946799700612
2023-05-20,803.837,-5.920612044486795,-4.6650876310308345,-7.0670104,0.7943560405101249,-5.459443671540959,-1.7647045027825223
2023-05-21,800.015,-9.735385852735094,-4.635832867595562,-6.9150653,0.7197139391454815,-5.355546806741044,-1.756228412895006
2023-05-22,799.736,-10.00743144968863,-4.605267648531982,-6.7880425,0.6451785331370077,-5.25044618166899,-1.747071815357507
2023-05-23,802.8,-6.936746117601624,-4.573410641963613,-6.691828,0.5707875468534703,-5.144198188817083,-1.737240440530729
2023-05-24,797.591,-12.13933662751322,-4.540280831765145,-6.588247,0.4965783470376246,-5.03685917880277,-1.726740338040416
2023-05-25,802.057,-7.667204940720237,-4.505897503582755,-6.483665,0.422587919608878,-4.928485423191633,-1.715577870540638
2023-05-26,807.021,-2.697353018519713,-4.470280230843522,-6.3853264,0.3488528469080776,-4.8191330777516,-1.7037597072934416
2023-05-27,808.881,-0.8316084951603662,-4.433448860765128,-6.311553,0.2754092854016821,-4.70885814616681,-1.6912928175724251
2023-05-28,809.5029999999999,-0.2041432866798447,-4.395423500376844,-6.2173314,0.2022929438619915,-4.597716444238835,-1.6781844638978718
2023-05-29,804.8530000000001,-4.84895932853203,-4.356224502562709,-6.090807,0.1295390620396954,-4.485763564602404,-1.6644421951112605
2023-05-30,803.9190000000001,-5.777824454455328,-4.315872452137698,-5.9922447,0.0571823898444178,-4.373054841982116,-1.6500738392969767
2023-05-31,810.745,1.0530316598401417,-4.27438815196766,-5.9081,-0.0147428329515003,-4.259645319016159,-1.6350874965592337
2023-06-01,807.029,-2.658399544323263,-4.231792609143393,-5.827801,-0.0862028964713622,-4.145589712672031,-1.6194915316622092
2023-06-02,797.323,-12.360113125921549,-4.188107021219527,-5.731278,-0.1571646399405032,-4.030942381279024,-1.603294566541532
2023-06-03,801.278,-8.401110986754391,-4.143352762528327,-5.6189146,-0.227595470327137,-3.9157572922011896,-1.5865054726953014
2023-06-04,800.47,-9.204503747866593,-4.09755137057863,-5.508702,-0.2974633804046969,-3.8000879901739335,-1.56913336346285
2023-06-05,810.969,1.2992193712078852,-4.050724532549868,-5.4015512,-0.3667369662232995,-3.683987566326568,-1.5511875861995386
2023-06-06,814.489,4.8239885398522455,-4.002894071891037,-5.323805,-0.4353854439784927,-3.567508627912544,-1.532677714355888
2023-06-07,799.807,-9.854111998676272,-3.954081935034173,-5.260659,-0.5033786662661284,-3.450703268768045,-1.5136135394693797
2023-06-08,801.5409999999999,-8.116191698103737,-3.904310178231897,-5.185022,-0.570687137712753,-3.333623040519144,-1.4940050630772654
2023-06-09,806.348,-3.3054630060480354,-3.853600954528215,-5.1830883,-0.6372820299715797,-3.216318924556635,-1.473862488558752
2023-06-10,807.7579999999999,-1.8916974574017356,-3.8019765008717226,-5.120165,-0.7031351960746677,-3.098841304797055,-1.4531962129148972
2023-06-11,809.159,-0.4872056083244622,-3.749459125380032,-5.090313,-0.7682191841326904,-2.981239941247341,-1.4320168184945707
2023-06-12,810.074,0.4310108888165102,-3.6960711947641633,-5.065637,-0.8325072503741369,-2.8635639443900267,-1.410335064674773
2023-06-13,808.3900000000001,-1.2500496183459449,-3.6418351219213294,-4.9763064,-0.8959733715166406,-2.7458617504046896,-1.3881618795036326
2023-06-14,803.953,-5.684388782179576,-3.586773353704304,-4.8665457,-0.9585922564636392,-2.6281810972406645,-1.365508351314274
2023-06-15,813.183,3.54799174494873,-3.530908358875531,-4.739273,-1.020339357320274,-2.5105690015552566,-1.3423857203178151
2023-06-16,805.35,-4.283282352607455,-3.474262616253583,-4.637193,-1.0811908797231444,-2.3930717365304384,-1.3188053701835845
2023-06-17,811.724,2.0928205394042485,-3.4168586030597115,-4.539337,-1.1411237924790882,-2.275734810580623,-1.2947788196146537
2023-06-18,804.5790000000001,-5.050098019686069,-3.358718783471607,-4.486536,-1.200115836508999,-2.158602946962608,-1.2703177139266844
2023-06-19,807.33,-2.297121918107793,-3.299865597391627,-4.508205,-1.2581455330931697,-2.041720064298457,-1.245433816637997
2023-06-20,802.334,-7.291424429408821,-3.2403214494361587,-4.4671106,-1.3151921914154745,-1.925129258020684,-1.2201390010787017
2023-06-21,800.747,-8.876899158194314,-3.180108698152761,-4.377506,-1.3712359154043143,-1.8088727827484468,-1.1944452420265894
2023-06-22,809.356,-0.2666526623437421,-3.1192496454713776,-4.2775574,-1.426257609868908,-1.6929920356024697,-1.1683646073774407
2023-06-23,806.3489999999999,-3.27268647373503,-3.0577665263956746,-4.2115455,-1.480238985930219,-1.5775275404654556,-1.1419092498572192
2023-06-24,809.886,0.2649978757541043,-2.9956814989402085,-4.167843,-1.533162565746505,-1.462518933193704,-1.1150913987835631
2023-06-25,798.843,-10.77760114575405,-2.9330166343190696,-4.1085205,-1.5850116865340182,-1.3480049477850513,-1.0879233518838016
2023-06-26,806.452,-3.1684525962318544,-2.8697939073911134,-4.0567102,-1.6357705038842567,-1.234023403506857,-1.0604174671766315
2023-06-27,806.056,-3.5645895990195333,-2.8060351873668226,-3.9738245,-1.6854239943796254,-1.1206111929871971,-1.032586154924413
2023-06-28,806.8530000000001,-2.767758465897262,-2.741762228781427,-3.8860152,-1.7339579575101711,-1.0078042712712558,-1.0044418696629054
2023-06-29,803.437,-6.184209004024692,-2.676996662738756,-3.782179,-1.7813590168946376,-0.8956376458441182,-0.9759971023151252
2023-06-30,803.375,-6.246931761739714,-2.611759988429871,-3.6845572,-1.82761462080977,-0.7841453676201009,-0.9472643723958056
2023-07-01,805.6170000000001,-4.005938871945799,-2.546073564930424,-3.599571,-1.8727130420324012,-0.6733605228980222,-0.9182562203127932
2023-07-02,806.79,-2.833914116493844,-2.4799586032801435,-3.5062728,-1.9166433769995717,-0.5633152262805721,-0.8889851997715542
2023-07-03,810.636,1.0112555556259584,-2.413436158847904,-3.4129255,-1.959395544292447,-0.4540406145554569,-0.8594638702887463
2023-07-04,806.962,-2.6642330380133443,-2.346527123985225,-3.3212676,-2.0009602824505275,-0.3455668415346973,-0.8297047898206522
2023-07-05,807.986,-1.6419243260044565,-2.2792522209709247,-3.2398992,-2.0413291471232298,-0.2379230738476949,-0.7997205075120782
2023-07-06,805.551,-4.078894983143844,-2.2116319952493777,-3.1664357,-2.0804945075664443,-0.1311374876829334,-0.7695235565711135
2023-07-07,809.043,-0.5891464305566333,-2.1436868089644645,-3.089406,-2.1184495424924084,-0.0252372664720561,-0.7391264472749494
2023-07-08,805.8340000000001,-3.800680089367733,-2.075436834791015,-3.008936,-2.155188235281708,0.0797514004906929,-0.7085416601117622
2023-07-09,810.509,0.8726412727962128,-2.006902050065354,-2.9428134,-2.19070536856684,0.1838033185014858,-0.6777816390634408
2023-07-10,805.997,-3.64113226497049,-1.938102231216108,-2.8705637,-2.224996518197329,0.2868942869812216,-0.6468587850337337
2023-07-11,802.621,-7.018755916283073,-1.8690569484963016,-2.8089461,-2.258058046596936,0.3890010981006342,-0.6157854494261756
2023-07-12,800.9920000000001,-8.648614071096938,-1.799785561017463,-2.7350488,-2.2898870955240347,0.490101534506572,-0.5845739278759361
2023-07-13,803.769,-5.872459341625678,-1.730307212085947,-2.667482,-2.3204815782467767,0.5901743661608296,-0.5532364541394879
2023-07-14,806.162,-3.480055917870004,-1.6606408248418103,-2.5895152,-2.349840171145144,0.6891993463033335,-0.5217851941458148
2023-07-15,804.5889999999999,-5.053575782317043,-1.5908050981999209,-2.5152824,-2.377962304752495,0.787157206552574,-0.4902322402125958
2023-07-16,807.849,-1.7933533568263504,-1.5208185030928412,-2.4564142,-2.4048481542497564,0.8840296511569152,-0.4585896054306177
2023-07-17,803.276,-6.366298843875327,-1.4506992790148372,-2.4178588,-2.4304986294257507,0.9797993504109136,-0.426869218219403
2023-07-18,812.548,2.906158373103014,-1.3804654308659237,-2.368864,-2.45491536411775,1.0744499332518265,-0.3950829170568403
2023-07-19,805.95,-3.691611458736322,-1.3101347260946707,-2.3120546,-2.478100705146676,1.167965979052005,-0.363242445385339
2023-07-20,803.981,-5.660157664126798,-1.2397246921382428,-2.2520597,-2.50005770076184,1.260333008623597,-0.3313594466968149
2023-07-21,804.627,-5.013587351691855,-1.1692526141578254,-2.198501,-2.520790088610503,1.3515374744526774,-0.2994454597985694
2023-07-22,808.1279999999999,-1.5118610152052765,-1.0987355330673336,-2.1268847,-2.540302283247934,1.4415667501806004,-0.2675119142618966
2023-07-23,809.085,-0.5542670798728383,-1.0281902438530672,-2.0681658,-2.5585993632040065,1.5304091193509393,-0.2355701260550034
2023-07-24,810.253,0.6145628046674391,-0.9576332941817124,-2.0185328,-2.57568705762272,1.6180537634410077,-0.2036312933616084
2023-07-25,806.828,-2.809604556768317,-0.8870809832937985,-1.9887383,-2.5915717324914063,1.7044907491976078,-0.1717064925863306
2023-07-26,805.268,-4.368535555173387,-0.8165493611794846,-1.9517753,-2.6062603764766226,1.7897110152971378,-0.1398066745477739
2023-07-27,809.8539999999999,0.2185824173197491,-0.7460542280333873,-1.8979548,-2.6197605863840923,1.873706358350705,-0.1079426608599311
2023-07-28,807.004,-2.629533052303147,-0.6756111339847378,-1.828604,-2.632080552260352,1.956469418275614,-0.0761251405023697
2023-07-29,811.823,2.1915615511657065,-0.6052353790991037,-1.7593739,-2.6432290421539206,2.037993663054817,-0.0443646665793476
2023-07-30,809.0110000000001,-0.6184787214796246,-0.534942013647598,-1.70327,-2.65321538655416,2.118273372906562,-0.0126716532678538
2023-07-31,810.774,1.1463682251061518,-0.4647458386392196,-1.6615049,-2.6620494625261326,2.197303623886913,0.0189436270457069
2023-08-01,808.9889999999999,-0.6372549094405101,-0.3946614066118842,-1.6205866,-2.669741677560038,2.2750802709481537,0.0504710464406639
2023-08-02,811.361,1.7364470089364104,-0.3247030226773263,-1.5877306,-2.676302953153897,2.3515999304765707,0.0819006239497918
2023-08-03,807.988,-1.6350677039718993,-0.2548847458149591,-1.5735426,-2.6817447081484134,2.426859962333454,0.1132225278604863
2023-08-04,810.539,0.9174447120326976,-0.185220390409547,-1.5835557,-2.6860788418330017,2.500858451423454,0.1444270778305715
2023-08-05,805.216,-4.404156725860841,-0.1157235280272877,-1.5626551,-2.6893177168421305,2.573594188814843,0.1755047468200851
2023-08-06,810.162,0.5433511943238225,-0.0464074894247899,-1.5395083,-2.6914741418612134,2.6450666524364235,0.206446162840604
2023-08-07,803.5889999999999,-6.027950431035912,0.022714633214823,-1.5176754,-2.692561354161385,2.715275987376208,0.2372421105238854
2023-08-08,812.391,2.775759955079761,0.0916299838246008,-1.4993684,-2.6925930019825066,2.784222985807108,0.2678835325117946
2023-08-09,812.6,2.986053592656094,0.1603259397813249,-1.4809577,-2.6915831267838373,2.8519090665651623,0.2983615306696749
2023-08-10,809.452,-0.1607347333845707,0.2287901090242864,-1.4552343,-2.6895461453817684,2.918336254406055,0.3286673671255338
2023-08-11,807.7710000000001,-1.840511558061893,0.2970103269716072,-1.4229754,-2.686496831994102,2.9835071589657094,0.3587924651375734
2023-08-12,807.899,-1.7113435647702078,0.3649746532407957,-1.37741,-2.6824503002101974,3.047424953450993,0.3887284097928145
2023-08-13,807.4010000000001,-2.208084543180361,0.4326713681802535,-1.339964,-2.677421984906391,3.1100933530866444,0.4184669485396913
2023-08-14,813.466,3.858464656545181,0.5000889692185881,-1.2961472,-2.671427624125984,3.171516593344572,0.4479999915577166
2023-08-15,809.802,0.1959312789927049,0.567216167038804,-1.2468439,-2.664483240942934,3.2316994079817385,0.4773196119674537
2023-08-16,811.174,1.5694037212716152,0.6340418815845033,-1.2116237,-2.6566051253284475,3.290647006912951,0.5064180458841822
2023-08-17,810.326,0.7227955939588535,0.7005552379053943,-1.2191038,-2.647809816039357,3.348365053944752,0.5352876923188534
2023-08-18,813.437,3.8351002971406496,0.766745561849475,-1.1782972,-2.638114082547143,3.404859644396618,0.5639211129299914
2023-08-19,812.392,2.7913246057950176,0.8326023756094252,-1.1434958,-2.627534907026272,3.4601372826356966,0.5923110316304399
2023-08-20,809.236,-0.3636133021304831,0.8981153931307838,-1.2061127,-2.616089466420304,3.514204859551087,0.6204503340529107
2023-08-21,817.148,7.549827937481874,0.9632745153896668,-1.5420396,-2.6037951146040457,3.5670696299937124,0.6483320668784597
2023-08-22,806.926,-2.670801279841393,1.0280698255477343,-1.5885104,-2.5906693646598136,3.618739190207548,0.6759494370321323
2023-08-23,809.6020000000001,0.0065104748071448,1.092491583992366,-1.5251875,-2.576729871285585,3.669221455277951,0.7032958107501417
2023-08-24,808.831,-0.7628975218371512,1.1565302232698798,-1.4468372,-2.561994413352597,3.718524636622477,0.7303647125230339
2023-08-25,804.143,-5.448671888152203,1.2201763429199193,-1.382991,-2.546480876629693,3.7666572195496126,0.7571498239194322
2023-08-26,815.83,6.240643566459489,1.2834207042189731,-1.3014514,-2.530207236691326,3.8136279409102993,0.7836449822950157
2023-08-27,810.22,0.6328921359425399,1.3462542248411962,-1.223304,-2.513191542025934,3.85944576686713,0.8098441793914966
2023-08-28,808.5029999999999,-1.0819259443598332,1.4086679734446703,-1.1492985,-2.4954518973609963,3.904119870805667,0.8357415598304407
2023-08-29,808.257,-1.3253299612041962,1.470653164191304,-1.0978069,-2.477006447220744,3.947659611412048,0.8613314195068519
2023-08-30,807.833,-1.746696664602772,1.5322011512085738,-1.0677441,-2.4578733597321936,3.990074510940768,0.8866082038874982
2023-08-31,811.762,2.184896354788451,1.593303423001389,-1.0562246,-2.438070810694665,4.031374233696054,0.9115665062190472
2023-09-01,817.4449999999999,7.870420836120942,1.6539515968222651,-1.2141092,-2.41761696792771,4.071568564749976,0.936201065651089
2023-09-02,812.9340000000001,3.361877107456193,1.7141374130081517,-1.3111935,-2.396529975911853,4.110667388920004,0.9605067652792298
2023-09-03,810.698,1.128241172910907,1.7738527292920876,-1.4021462,-2.374827940736168,4.148680670028256,0.9844786301134126
2023-09-04,812.706,3.1385383564233607,1.833089515097992,-1.373402,-2.3525289153662783,4.18561843046427,1.0081118249767214
2023-09-05,810.9530000000001,1.3877689823530397,1.8918398458267784,-1.3212476,-2.329650885245891,4.221490731072669,1.031401652339901
2023-09-06,809.3829999999999,-0.1800666249410739,1.95009589714205,-1.2547282,-2.3062117542445626,4.256307651386613,1.0543435500968563
2023-09-07,814.0540000000001,4.493060812567695,2.0078499392634983,-1.1752377,-2.2822293309638537,4.290079270227352,1.076933089286436
2023-09-08,806.895,-2.663876547644209,2.0650943312761667,-1.1038013,-2.257721315413596,4.322815646689763,1.0991659717657505
2023-09-09,812.352,2.7951815657564443,2.121821515463683,-1.0391761,-2.232705286069472,4.354526801533154,1.121038027840335
2023-09-10,810.025,0.4701758346992746,2.178024011673482,-0.98995644,-2.207198687322612,4.385222698996094,1.142545213856412
2023-09-11,811.547,1.9941303989566035,2.2336944117219866,-0.95533705,-2.181218817331347,4.414913229053333,1.163683609760514
2023-09-12,818.255,8.704021136485565,2.2888253738477187,-0.9278686,-2.1547828162848157,4.443608190132534,1.184449416631687
2023-09-13,815.17,5.620848388532592,2.3434096172200745,-0.89281934,-2.1279076550874865,4.4713172723075605,1.204838954191499
2023-09-14,815.495,5.947612496344477,2.3974399165116203,-0.85397726,-2.1006101244731825,4.498050040984802,1.224848658296977
2023-09-15,810.5400000000001,0.9943138011675242,2.4509090965415496,-0.82203835,-2.07290682455663,4.52381592109818,1.2444750784216303
2023-09-16,811.148,1.6039526442480574,2.5038100269978414,-0.779991,-2.044814154829902,4.548624181827743,1.2637148751295968
2023-09-17,813.9960000000001,4.453529366832686,2.5561356172456344,-0.7457068,-2.016348304610745,4.57248392185638,1.282564817547943
2023-09-18,818.472,8.931044310167804,2.607878811229192,-0.7172602,-1.987525243949005,4.5954040551781965,1.3010217808420426
2023-09-19,817.1650000000001,7.625474013351561,2.6590325824746674,-0.6763671,-1.958360714996897,4.617393297471565,1.3190827436989403
2023-09-20,817.0110000000001,7.472843277296652,2.709589929200858,-0.650246,-1.9288702238482949,4.638460153049152,1.3367447858234611
2023-09-21,815.16,5.623152439626844,2.759543869544938,-0.6659349,-1.899069032851557,4.658612902396495,1.3540050854518284
2023-09-22,813.102,3.5664018379660427,2.808887436910002,-0.6683368,-1.868972153399845,4.677859590309847,1.3708609168873758
2023-09-23,816.191,6.6565918099381935,2.85761367544126,-0.6522708,-1.838594339202349,4.696208014643609,1.3873096480629328
2023-09-24,815.587,6.053722693166822,2.9057156356373883,-0.6411457,-1.80795008003916,4.713665715676548,1.403348738134296
2023-09-25,820.436,10.903794825275902,2.953186370103518,-0.6857636,-1.7770535960019451,4.730239966105463,1.4189757351091172
2023-09-26,812.144,2.6128085438890567,3.0000189294521427,-0.7673895,-1.7459188322220751,4.745937761674218,1.4341882735154523
2023-09-27,811.888,2.357764186630092,3.0462063583581345,-0.7780923,-1.714559454087132,4.760765812445267,1.4489840721140737
2023-09-28,816.855,7.325662091122919,3.091741691773718,-0.7624744,-1.682988842946172,4.77473053471989,1.4633609316585203
2023-09-29,818.009,8.48050259499127,3.136617951309306,-0.781522,-1.6512200923035962,4.787838043612902,1.4773167327067769
2023-09-30,814.984,5.456286035858943,3.1808281417857707,-0.99822974,-1.619266004500789,4.800094146286559,1.490849433488303
2023-10-01,814.423,4.896012751349528,3.2243652479635907,-1.0341706,-1.5871390878841227,4.811504335847713,1.5039570678300225
2023-10-02,815.271,5.744683079087089,3.2672222314541326,-1.036029,-1.554851554457371,4.822073785911504,1.5166377431447438
2023-10-03,814.1659999999999,4.640297356695333,3.3093920278181206,-1.0838486,-1.52241531801597,4.831807345834091,1.528889638485332
2023-10-04,817.928,8.402855921798098,3.350867543856169,-1.0430572,-1.4898419927599835,4.840709536616153,1.540711002667824
2023-10-05,810.202,0.6773591120189223,3.391641655096073,-1.0109267,-1.4571428923820624,4.848784547478135,1.5521001524665168
2023-10-06,814.1129999999999,4.588807264981822,3.431707203481292,-0.9617945,-1.4243290296260964,4.856036233107389,1.5630554708839044
2023-10-07,822.843,13.3192007183106,3.471056995264861,-0.90364957,-1.3914111163117715,4.862468111576633,1.573575405498222
2023-10-08,816.951,7.427539809629013,3.5096837991128864,-0.8474709,-1.3583995638195965,4.868083362932483,1.583658466891125
2023-10-09,824.827,15.30382487656072,3.547580344421324,-0.85355383,-1.325304484030451,4.872884828451776,1.5933032271579617
2023-10-10,824.2629999999999,14.740056256729424,3.584739319849789,-0.9670446,-1.2921356907132588,4.876875010563048,1.602508318502858
2023-10-11,821.613,12.090234287759404,3.621153372075677,-1.0844599,-1.2589027013536702,4.880056073429347,1.6112724319207217
2023-10-12,814.2009999999999,4.678359307273842,3.656815104771881,-1.0976112,-1.2256147394163266,4.882429844188208,1.619594315968066
2023-10-13,813.52,3.997431652897027,3.691717077810978,-1.0802181,-1.1922807370326527,4.88399781484363,1.6274727756244372
2023-10-14,813.222,3.699451662252448,3.72585180669862,-1.0507641,-1.158909338105613,4.884761144804233,1.6349066712459916
2023-10-15,813.0730000000001,3.55041967296397,3.75921176223863,-1.0093634,-1.1255089018224649,4.884720664061095,1.6418949176126696
2023-10-16,812.907,3.384336022655325,3.791789370432078,-1.0303832,-1.0920875065660325,4.883876876998111,1.6484364830701834
2023-10-17,815.176,5.653201048950412,3.823577012612261,-1.0120326,-1.0586529542144782,4.882229966826738,1.6545303887679128
2023-10-18,814.6529999999999,5.130015089472814,3.854567025817497,-0.9968568,-1.0252127748192772,4.879779800636774,1.6601757079935824
2023-10-19,816.003,6.479778481846624,3.8847517034031536,-0.96428853,-0.991774231650491,4.876525935053644,1.6653715656054575
2023-10-20,815.04,5.516491563695365,3.9141232958942704,-0.9133779,-0.9583443265980928,4.872467622492364,1.6701171375626085
2023-10-21,815.612,6.088154672643008,3.942674012079806,-0.86840254,-0.9249298059177332,4.867603817997539,1.6744116505536208
2023-10-22,813.8760000000001,4.351768146313379,3.970396020349336,-0.88764036,-0.8915371663088296,4.861933186658165,1.6782543817239577
2023-10-23,817.481,7.956332322329811,3.997281450272725,-0.8884469,-0.8581726613125875,4.855454111585312,1.681644658502002
2023-10-24,811.904,2.3788475383166343,4.023322394423118,-0.89397776,-0.82484230801715,4.848164702440267,1.6845818585236536
2023-10-25,819.1659999999999,9.640314131897366,4.048510910443299,-1.0594107,-0.7915518940567355,4.840062804500034,1.6870654096551576
2023-10-26,807.605,-1.9212675593040125,4.072839023355292,-1.0947902,-0.7583069848912989,4.831146008246591,1.6890947901136983
2023-10-27,812.687,3.160276533873961,4.096298728112655,-1.0629655,-0.725112931352938,4.821411659465593,1.6906695286851212
2023-10-28,808.409,-1.118223565832595,4.118881992394927,-1.0323399,-0.6919748774449571,4.810856869839884,1.691789205037943
2023-10-29,807.6959999999999,-1.831640542522368,4.140580759643206,-1.008528,-0.658897768379273,4.799478528022479,1.6924534501327255
2023-10-30,811.6560000000001,2.1279444775948737,4.16138695233572,-0.9739156,-0.62588635883748,4.7872733111732,1.69266194672563
2023-10-31,810.085,0.5564883520310623,4.181292475501979,-0.92807925,-0.5929452214407999,4.774237696942779,1.6924144299648851
2023-11-01,812.057,2.5283190261408,4.2002892204738105,-0.8810907,-0.5600787554137859,4.760367975887596,1.6917106880787176
2023-11-02,813.569,4.040100283615176,4.218369068871349,-0.94708973,-0.5272911954265095,4.745660264297858,1.690550563153124
2023-11-03,809.775,0.2458325630930451,4.235523896821932,-0.92566407,-0.4945866205997723,4.730110517421704,1.6889339519977462
2023-11-04,814.622,5.092780619748359,4.251745579409321,-0.99357563,-0.4619689636576969,4.713714543067018,1.6868608070979365
2023-11-05,818.221,8.691673274123131,4.267025995350731,-1.0617645,-0.4294420202118984,4.69646801556263,1.6843311376509642
2023-11-06,816.797,7.267511005085009,4.281357031898733,-1.3961499,-0.3970094581613697,4.678366490060103,1.6813450106841732
2023-11-07,813.716,4.186294291502054,4.294730589964932,-1.4795763,-0.3646748271919998,4.659405417156933,1.6779025522527655
2023-11-08,811.0619999999999,1.5320236122419475,4.307138589461974,-1.466142,-0.3324415683596528,4.6395801578216265,1.6740039487147529
2023-11-09,809.504,-0.0263005538271358,4.318572974860388,-1.4583083,-0.3003130237406333,4.618885998601021,1.66964944808047
2023-11-10,813.507,3.9766899068357673,4.329025720956359,-1.4603194,-0.2682924461332696,4.597318167089629,1.6648393614339536
2023-11-11,808.809,-0.7213823172286007,4.338488838846365,-1.4881936,-0.2363830087943862,4.574871847640751,1.6595740644233197
2023-11-12,811.037,1.5071743410630805,4.3469543821044345,-1.478674,-0.2045878151943982,4.551542197298833,1.6538539988172247
2023-11-13,814.563,5.033671670624882,4.354414453157457,-1.489217,-0.1729099087747517,4.527324361932209,1.6476796741242916
2023-11-14,816.671,7.14211030984951,4.36086120985381,-1.4820344,-0.1413522826914792,4.502213492545289,1.641051669272363
2023-11-15,811.3209999999999,1.792490897129034,4.366286872220392,-1.4736253,-0.1099178895287219,4.476204761749114,1.63397063434429
2023-11-16,814.046,4.517814070856637,4.370683729402805,-1.5275813,-0.0786096509660529,4.449293380368858,1.6264372923668733
2023-11-17,807.6640000000001,-1.864309609706371,4.374044146783368,-1.509293,-0.0474304673836634,4.421474614167032,1.618452441149488
2023-11-18,817.418,7.889970763549889,4.376360573271341,-1.7073207,-0.0163832273893966,4.392743800660737,1.610016955168838
2023-11-19,817.947,8.419193351068161,4.377625548759523,-1.9273401,0.0145291827480358,4.363096366011487,1.6011317874961923
2023-11-20,811.395,1.867358803525335,4.377831711741307,-1.8992921,0.0453038697753949,4.332527841965912,1.5917979717633883
2023-11-21,807.118,-2.409532228401822,4.376971807081887,-1.8884023,0.0759379242562084,4.301033882825679,1.5820166241638094
2023-11-22,804.751,-4.7762131872536,4.375038693937297,-1.8727416,0.1064284115123228,4.268610282424974,1.5717889454844711
2023-11-23,811.937,2.410189651164608,4.372025353814725,-1.8810226,0.1367723627207784,4.2352529910939465,1.561116223165312
2023-11-24,819.757,10.230542309970089,4.367924898767238,-1.8521128,0.1669667661808793,4.200958132586359,1.549999833381701
2023-11-25,814.436,4.9098328245461245,4.362730579716058,-1.8164358,0.1970085587660444,4.165722020950014,1.5384412431461356
2023-11-26,813.237,3.7110749315579152,4.356435794893323,-1.7811357,0.2268946175747732,4.12954117731855,1.526442012425087
2023-11-27,815.301,5.775269340023895,4.349034098397885,-1.7489133,0.2566217517948384,4.092412346603046,1.5140037962668424
2023-11-28,812.5329999999999,3.007307987749948,4.340519208856888,-1.7196046,0.2861866947944447,4.054332514062443,1.501128346936242
2023-11-29,817.232,7.7062226482638225,4.3308850181853975,-1.6962988,0.3155860964538062,4.015298921731591,1.4878175160521347
2023-11-30,819.188,9.661796001927382,4.320125600436388,-1.7374914,0.3448165157503198,3.975309084686068,1.4740732567233492
2023-12-01,815.628,6.100970360999234,4.308235220733164,-1.8730836,0.3738744136100559,3.934360807123108,1.459897625678994
2023-12-02,818.1370000000001,8.608859833645504,4.295208344276178,-2.0580242,0.4027561460380364,3.8924521982381415,1.4452927853888775
2023-12-03,817.6229999999999,8.093409059812892,4.281039645416104,-2.4154165,0.4314579575393187,3.8495816878767855,1.430261006169815
2023-12-04,815.381,5.849920358413,4.265724016784775,-2.4505322,0.4599759748425476,3.8057480419422274,1.414804668273623
2023-12-05,813.882,4.349416026444837,4.249256578475676,-2.502578,0.4883062009372051,3.760950377538471,1.398926263952598
2023-12-06,811.864,2.3298871086310284,4.231632687265355,-2.6318748,0.5164445094353971,3.7151881778299582,1.3826283994982644
2023-12-07,814.74,5.204358545546741,4.212847945867157,-2.867573,0.5443866392685377,3.668461306598619,1.365913797249262
2023-12-08,812.015,2.477806490534227,4.192898212208473,-2.8853395,0.5721281897288835,3.620770022479589,1.34878529756418
2023-12-09,809.102,-0.4367652530613074,4.171779608722718,-2.885307,0.5996646158653879,3.5721149928573306,1.331245860755253
2023-12-10,808.308,-1.2319463189803912,4.149488531647056,-2.9507585,0.6269912242428635,3.5224973074041923,1.3132985689788292
2023-12-11,811.191,1.6499460641678196,4.126021660316833,-2.952865,0.65410316907296,3.4719184912438728,1.2949466280785655
2023-12-12,810.308,0.7655405452495871,4.101375966447649,-2.934992,0.6809954487250085,3.4203805177226405,1.2761933693773733
2023-12-13,814.7429999999999,5.199048185037195,4.0755487233959,-2.920631,0.7076629026241804,3.36788582077172,1.2570422514141633
2023-12-14,813.964,4.418584826304729,4.04853751538854,-2.9017835,0.7341002085439872,3.314437306844553,1.2374968616215245
2023-12-15,810.345,0.7981509406440039,4.02034024671277,-2.8707268,0.7603018802995721,3.260038366413198,1.217560917940498
2023-12-16,807.08,-2.468253000352772,3.990955150856328,-2.8355792,0.7862622658477244,3.2046928850086034,1.197238270368722
2023-12-17,813.4449999999999,3.895439332000616,3.9603807995890494,-2.8143694,0.8119755457989444,3.1484052537901057,1.1765329024382492
2023-12-18,816.337,6.785980784186534,3.9286161119762006,-2.956549,0.8374357323464745,3.0911803796297264,1.1554489326194646
2023-12-19,819.604,10.051305458951648,3.895660363314229,-3.310867,0.862636668616463,3.033023694697766,1.1339906156475483
2023-12-20,817.708,8.153422348548547,3.861513193979445,-3.379739,0.8875720284430322,2.973941165536413,1.1121623437681112
2023-12-21,812.652,3.095377594456347,3.826174618180186,-3.3535335,0.9122353165713456,2.9139393016088406,1.0899686478986153
2023-12-22,808.375,-1.1839071058137751,3.7896450326029743,-3.3687427,0.9366198692912278,2.8530251633117465,1.067414198702367
2023-12-23,815.702,6.140938510544599,3.751925224943256,-3.3716376,0.9607188555032988,2.7912063694399567,1.0445038075719444
2023-12-24,816.1650000000001,6.601777495846712,3.71301638231123,-3.3783102,0.9845252782190358,2.728491104092194,1.021242427519007
2023-12-25,810.294,0.728619500477588,3.6729200995033495,-3.4034436,1.008031976495526,2.664888123007824,0.9976351539675848
2023-12-26,815.404,5.83646949649212,3.631638387130151,-3.4209433,1.0312316278051288,2.600406759325022,0.9736872254480125
2023-12-27,815.8689999999999,6.299374583582515,3.589173679590924,-3.4901145,1.0541167508396665,2.535056928751257,0.9494040241888272
2023-12-28,814.976,5.4043463081060885,3.5455288428860565,-3.5153933,1.076679708748155,2.4688491341379013,0.9247910766040408
2023-12-29,812.373,2.79938494648264,3.5007071822577096,-3.5411825,1.0989127128064973,2.4017944694512123,0.8998540536733357
2023-12-30,816.153,6.577407834040823,3.4547124496495565,-3.6951556,1.1208078265169965,2.33390462313256,0.8745987712128602
2023-12-31,811.902,2.3245004794825577,3.407548850976585,-3.6567926,1.1423569701349052,2.26519188084168,0.8490311900344142
