date,gps_raw_up_mm,gps_detrended_mm,gps_seasonal_mm,hydl_original_up_mm,hydl_seasonal_mm,gps_minus_hydl_mm,poroelastic_mm
2021-01-01,391.152,-3.4381021968845342,1.030728078170027,-2.1290748,1.0643507854014589,-0.0336227072314316,0.1824289543036729
2021-01-02,392.256,-2.347451625507168,0.8731976438084194,-2.2416396,1.1422408807605462,-0.2690432369521268,0.1588533330677288
2021-01-03,392.502,-2.1149644288318106,0.715348684317978,-2.4335687,1.2198853791992397,-0.5045366948812614,0.135123156542639
2021-01-04,396.715,2.084016066006612,0.5572389127778685,-2.9507644,1.2972538611185265,-0.740014948340658,0.1112485667772521
2021-01-05,396.261,1.6158174985306433,0.3989261532942602,-2.9658809,1.3743159345414548,-0.9753897812471948,0.0872398331654828
2021-01-06,394.359,-0.3003600336514189,0.2404683108199492,-3.0813026,1.4510412513506217,-1.2105729405306722,0.0631073456993354
2021-01-07,390.194,-4.480256286403439,0.0819233409857216,-3.062544,1.527399523524987,-1.4454761825392657,0.0388616081153268
2021-01-08,393.112,-1.577625203481431,-0.0766507800319534,-3.2066398,1.6033605393634585,-1.6800113193954118,0.014513230940835
2021-01-09,388.739,-5.966388249485873,-0.2351960855823818,-3.1508074,1.678894179682708,-1.9140902652650895,-0.0099270755530628
2021-01-10,389.402,-5.31928372655041,-0.3936546485269829,-3.1588302,1.7539704339767277,-2.14762508250371,-0.034448508485591
2021-01-11,394.228,-0.5096544646417822,-0.5519686111162628,-3.1327574,1.8285594165257324,-2.380528027641996,-0.0590401795803683
2021-01-12,392.371,-2.383222713977045,-0.7100802147335816,-3.313581,1.902631382442008,-2.612711597175589,-0.083691122452791
2021-01-13,394.533,-0.2382771173973585,-0.8679318294819108,-3.5282514,1.9761567436404637,-2.844088573122374,-0.108390299963843
2021-01-14,383.851,-10.939278998274045,-1.025465983590179,-3.4534297,2.0491060847216973,-3.074572068311876,-0.1331266116333971
2021-01-15,391.028,-3.781167699998666,-1.1826253926160213,-3.4141552,2.121450178755503,-3.3040755713715244,-0.1578889011060535
2021-01-16,392.574,-2.2540907420522984,-1.3393529884220396,-3.343754,2.193160002952873,-3.5325129913749125,-0.1826659636625135
2021-01-17,395.952,1.1029159938224795,-1.4955919479030697,-3.2795916,2.264206754214663,-3.759798702117733,-0.2074465537694511
2021-01-18,399.614,4.743558270354898,-1.6512857214422187,-3.2039385,2.334561864545248,-3.985847585987466,-0.2322193926608349
2021-01-19,397.8610000000001,2.9685876753450486,-1.8063780610739528,-3.1509805,2.4041970163196345,-4.210575077393587,-0.2569731759436295
2021-01-20,393.631,-1.2839546464001232,-1.960813048332698,-3.086803,2.4730841573926794,-4.433897205725377,-0.2816965812208123
2021-01-21,395.553,0.6149260295859218,-2.114535121766085,-3.0390997,2.541195516039208,-4.655730637805293,-0.3063782757246102
2021-01-22,399.92,4.957714396711832,-2.2674891040922027,-3.0350034,2.6085036157140515,-4.875992719806254,-0.3310069239529318
2021-01-23,402.414,7.427354542480253,-2.419620228980832,-3.0111187,2.6749812896211806,-5.094601518602013,-0.3555711953019139
2021-01-24,395.061,0.0495657066802843,-2.57087416743901,-3.054337,2.7406016950813537,-5.311475862520364,-0.380059771687581
2021-01-25,401.388,6.351747987188829,-2.721197053781856,-3.1506162,2.8053383276878816,-5.5265353814697376,-0.4044613551496222
2021-01-26,405.727,10.665460969942933,-2.870535511170066,-3.16999,2.8691650352403726,-5.739700546410439,-0.4287646754303416
2021-01-27,382.546,-12.54092342454838,-3.018836676696027,-3.8944907,2.9320560314465114,-5.950892708142538,-0.4529584975218615
2021-01-28,390.375,-4.737265330000776,-3.16604822600109,-4.3447604,2.993985909382236,-6.160034135383325,-0.4770316291747568
2021-01-29,391.286,-3.851559787283008,-3.3121183974070427,-4.454009,3.054929654700836,-6.367048052107879,-0.5009729283613109
2021-01-30,388.259,-6.904372242712604,-3.456996015545539,-4.509498,3.114862658581881,-6.571858674127419,-0.5247713106866804
2021-01-31,392.474,-2.7151428318574853,-3.600630514469661,-4.6349854,3.173760730411024,-6.774391244880685,-0.5484157567413236
2021-02-01,387.7,-7.514869867989735,-3.742971960232614,-4.7386765,3.231600110182108,-6.974572070414721,-0.5718953193881463
2021-02-02,391.702,-3.538455884617875,-3.883971072919025,-5.110772,3.288357480613231,-7.172328553532256,-0.5951991309778618
2021-02-03,387.519,-7.747082026253467,-4.02357924811504,-5.234069,3.3440099789687565,-7.367589227083797,-0.618316410486224
2021-02-04,386.424,-8.86765190489465,-4.161748577804078,-5.1592164,3.398535208579489,-7.560283786383567,-0.6412364705668318
2021-02-05,389.8730000000001,-5.44416064665956,-4.298431870675686,-5.097903,3.451911250053647,-7.750343120729333,-0.663948724513362
2021-02-06,388.953,-6.389603377666632,-4.433582671835771,-5.02237,3.504116672171451,-7.937699344007223,-0.6864426931251669
2021-02-07,391.003,-4.364975224034015,-4.567155281906967,-4.945951,3.555130542456576,-8.122285824363543,-0.7087080114703239
2021-02-08,392.507,-2.886431128793532,-4.699104775508823,-4.8570585,3.6049324374179577,-8.30403721292678,-0.7307344355403094
2021-02-09,396.611,1.191993143218066,-4.82938701910798,-4.763208,3.653502452455812,-8.48288947156379,-0.7525118487906659
2021-02-10,388.045,-7.399767847861797,-4.957958688229401,-4.677127,3.7008212114260464,-8.658779899655448,-0.7740302685621151
2021-02-11,395.12,-0.350455301546952,-5.084777284020309,-4.8142743,3.7468698758575782,-8.831647159877889,-0.7952798523767204
2021-02-12,391.263,-4.233140848347827,-5.209801149159273,-4.992292,3.791630153817416,-9.00143130297669,-0.8162509041038998
2021-02-13,397.839,2.316712490475769,-5.332989483103611,-5.3458276,3.835084308418693,-9.168073791522303,-0.8369338799911729
2021-02-14,391.799,-3.7493662318950234,-5.454302356668944,-5.374355,3.8772151659672103,-9.331517522636156,-0.8573193945547436
2021-02-15,389.079,-6.495431012911347,-5.573700725935589,-5.57,3.918006123742376,-9.491706849677964,-0.8773982263251624
2021-02-16,395.728,0.1280406777483653,-5.691146445477064,-5.537005,3.957441157408762,-9.648587602885826,-0.8971613234434698
2021-02-17,388.068,-7.557707770941741,-5.806602280906851,-5.4565196,3.9955048280549232,-9.802107108961774,-0.9165998091034134
2021-02-18,383.965,-11.686388653106611,-5.920031920740194,-5.4639306,4.032182288856354,-9.952214209596548,-0.9357049868355104
2021-02-19,383.988,-11.688997260835125,-6.031399987568494,-5.5727973,4.067459291359961,-10.098859278928456,-0.9544683456288796
2021-02-20,393.048,-2.6545288862166307,-6.140672048544606,-5.6684055,4.10132219138764,-10.241994239932248,-0.9728815648870004
2021-02-21,381.242,-14.486032716959045,-6.247814625178031,-5.629341,4.13375795455701,-10.38157257973504,-0.9909365192136752
2021-02-22,388.134,-7.619298900404452,-6.352795202439729,-5.583792,4.164754161417659,-10.517549363857388,-1.0086252830257505
2021-02-23,394.043,-1.7354796689162173,-6.455582237177003,-5.5116873,4.194299012201618,-10.64988124937862,-1.025940134989264
2021-02-24,387.71,-8.093718279894002,-6.5561451658397125,-5.421837,4.222381331187127,-10.77852649702684,-1.042873562275921
2021-02-25,388.937,-6.891868922413602,-6.654454411519513,-5.361211,4.248990570675122,-10.903444982194635,-1.059418264637026
2021-02-26,391.266,-4.587926895000718,-6.750481390304926,-5.3324866,4.274116814578224,-11.02459820488315,-1.0755671582921214
2021-02-27,390.566,-5.312887496181155,-6.844198516955287,-5.2684593,4.297750781622331,-11.141949298577618,-1.0913133796298888
2021-02-28,395.719,-0.184746024480634,-6.935579209897703,-5.1970296,4.31988382816128,-11.255463038058984,-1.1066502887189789
2021-03-01,391.197,-4.7318403663203625,-7.024597895551548,-5.107126,4.340507950605391,-11.36510584615694,-1.121571472626717
2021-03-02,394.965,-0.9888325417842044,-7.111230011985806,-5.010386,4.359615787465017,-11.470845799450824,-1.1360707485437778
2021-03-03,397.236,1.2568830683607874,-7.195452011915222,-4.914415,4.37720062101059,-11.572652632925813,-1.1501421667131948
2021-03-04,388.811,-7.193537770032569,-7.277241365041825,-4.82728,4.393256378550945,-11.67049774359277,-1.1637800131622211
2021-03-05,386.9,-9.129859834369377,-7.356576559749048,-4.8042645,4.407777633332091,-11.76435419308114,-1.1769788122358116
2021-03-06,398.102,2.0469214318933293,-7.433437104156225,-4.988057,4.4207596050588185,-11.854196709215042,-1.1897333289306695
2021-03-07,388.766,-7.314244578435086,-7.507803526541972,-4.9126825,4.432198160041963,-11.940001686583935,-1.2020385710290695
2021-03-08,392.512,-3.593299644092686,-7.579657375145349,-4.8940744,4.44208981097436,-12.02174718611971,-1.213889791031794
2021-03-09,388.811,-7.319374411473592,-7.648981217354461,-4.9742026,4.450431716338885,-12.099412933693346,-1.2252824878898247
2021-03-10,359.597,-36.55814698610315,-7.715758638292578,-5.1442695,4.457221679452252,-12.17298031774483,-1.2362124085345632
2021-03-11,388.851,-7.328680106448192,-7.779974238812456,-5.093026,4.462458147148512,-12.242432385960967,-1.246675549206609
2021-03-12,390.195,-6.009096324340717,-7.841613632910041,-5.007405,4.466140208106538,-12.30775384101658,-1.2566681565833149
2021-03-13,387.675,-8.553391064318895,-7.900663444569204,-4.942491,4.468267590825986,-12.36893103539519,-1.266186728705539
2021-03-14,391.005,-5.247559750920983,-7.9571113040497155,-5.028541,4.46884066125655,-12.425951965306265,-1.275228015704246
2021-03-15,391.699,-4.577597808685126,-8.01094584363102,-5.291708,4.467860420085537,-12.478806263716557,-1.283789020327758
2021-03-16,390.28,-6.020613574313585,-8.062156692824967,-5.2139263,4.465328499689117,-12.527485192514083,-1.2918669982707345
2021-03-17,391.69,-4.634492628445972,-8.110734473070861,-5.1378903,4.461247160752762,-12.571981633823624,-1.2994594583060846
2021-03-18,390.472,-5.876256812672373,-8.156670791926842,-5.284802,4.455619288566673,-12.612290080493516,-1.3065641622212327
2021-03-19,387.913,-8.45887588532085,-8.199958236771792,-5.396276,4.4484483890022615,-12.648406625774054,-1.31317912456041
2021-03-20,388.0100000000001,-8.38534529155999,-8.240590368032413,-5.3735,4.439738584175847,-12.68032895220826,-1.3193026121747211
2021-03-21,382.619,-13.799660476558447,-8.278561711950458,-5.2762213,4.429494607806096,-12.708056319756556,-1.3249331435820342
2021-03-22,387.082,-9.359816885484488,-8.313867752905399,-5.2560034,4.417721800271825,-12.731589553177225,-1.3300694881388626
2021-03-23,392.221,-4.243809963506875,-8.346504925308066,-5.2013774,4.404426103377008,-12.750931028685072,-1.3347106650265936
2021-03-24,388.409,-8.078819169952675,-8.376470605081181,-5.1492534,4.38961405483003,-12.766084659911211,-1.3388559420546156
2021-03-25,384.996,-11.514660936216574,-8.403763100742808,-5.128342,4.373292782444392,-12.7770558831872,-1.3425048342830608
2021-03-26,396.528,-0.0053307347171029,-8.428381644109079,-5.0459013,4.355469998068222,-12.7838516421773,-1.3456571024680293
2021-03-27,386.047,-10.508944229351693,-8.450326380632733,-4.9513187,4.336153991250114,-12.786480371882847,-1.3483127513323574
2021-03-28,388.955,-7.62234708382462,-8.469598359394123,-4.8816395,4.315353622648969,-12.784951982043092,-1.3504720276651228
2021-03-29,388.178,-8.419370238465605,-8.486199522761572,-4.7994394,4.29307831719561,-12.779277839957182,-1.3521354182532597
2021-03-30,383.93,-12.687268858632022,-8.500132695738083,-4.691991,4.269338057014119,-12.769470752752202,-1.3533036476487883
2021-03-31,386.126,-10.511038090744233,-8.511401575011472,-4.590095,4.244143374110904,-12.755544949122378,-1.353977675775304
2021-04-01,390.051,-6.605673081222721,-8.5200107177251,-4.4843764,4.21750534283963,-12.73751606056473,-1.3541586953775566
2021-04-02,394.332,-2.344021645933619,-8.525965529986467,-4.372633,4.189435572150252,-12.71540110213672,-1.3538481293180138
2021-04-03,386.443,-10.252244873442413,-8.529272255130921,-4.274887,4.159946197630459,-12.68921845276138,-1.353047627724488
2021-04-04,386.977,-9.736750471328108,-8.529937961757787,-4.1744075,4.129049873347871,-12.658987835105656,-1.3517590649930324
2021-04-05,395.342,-1.3901226718116677,-8.527970531556175,-4.087572,4.096759763501477,-12.624730295057653,-1.3499845366503669
2021-04-06,390.273,-6.477071600591005,-8.523378646937742,-4.001712,4.0630895338907616,-12.586468180828504,-1.3477263560802928
2021-04-07,391.999,-4.768887483376516,-8.516171778493545,-3.948305,4.028053343211055,-12.5442251217046,-1.3449870511186082
2021-04-08,387.933,-8.852605247753987,-8.506360172292156,-3.8992963,3.991665834183689,-12.498026006475843,-1.341769360521146
2021-04-09,390.239,-6.564181041961149,-8.49395483703599,-3.8364542,3.953942124529484,-12.447896961565473,-1.3380762303096574
2021-04-10,397.475,0.6543901327345232,-8.47896753109274,-3.7775328,3.914897797794199,-12.39386532888694,-1.3339108100003696
2021-04-11,387.029,-9.809329853875903,-8.461410749418693,-3.69075,3.8745488940344943,-12.335959643453188,-1.3292764487200937
2021-04-12,394.073,-2.782762539175525,-8.441297710390398,-3.6113505,3.8329119003729817,-12.274209610763378,-1.3241766912148591
2021-04-13,397.961,1.0877257996800136,-8.418642342561133,-3.5462554,3.790003741430919,-12.208646083992052,-1.3186152737561332
2021-04-14,400.656,3.7652978089336138,-8.393459271358354,-3.4939623,3.7458417696470527,-12.139301041005409,-1.3125961199497085
2021-04-15,393.404,-3.5046138891469187,-8.365763805737906,-3.4273582,3.700443755491088,-12.066207561228994,-1.3061233364524452
2021-04-16,392.602,-4.32441286809515,-8.33557192481086,-3.3492439,3.6538278775802,-11.98939980239106,-1.2992012086020837
2021-04-17,389.209,-7.735104001370935,-8.302900264458216,-3.251182,3.6060127127069697,-11.908912977165189,-1.291834195965369
2021-04-18,392.151,-4.810654480526349,-8.267766103948677,-3.1561644,3.5570172257869945,-11.824783329735672,-1.2840269278098175
2021-04-19,394.814,-2.1652589253316723,-8.230187352574227,-3.0682163,3.5068607597344323,-11.73704811230866,-1.275784198504452
2021-04-20,396.847,-0.1498720927495167,-8.190182536318003,-3.0092828,3.455563025273564,-11.645745561591568,-1.2671109628548431
2021-04-21,395.323,-1.691532262272812,-8.147770784568573,-2.9277828,3.403144090694424,-11.550914875262997,-1.2580123313778768
2021-04-22,398.544,1.5118750864800568,-8.102971816894346,-2.8554864,3.349624371560409,-11.452596188454756,-1.2484935655216045
2021-04-23,397.759,0.7094177751906852,-8.055805929891498,-2.781346,3.2950246203756737,-11.350830550267172,-1.2385600728355963
2021-04-24,393.281,-3.786014494508819,-8.006293984118388,-2.8369403,3.239365916220001,-11.245659900338389,-1.228217402097194
2021-04-25,396.317,-0.7674343342391232,-7.954457391128964,-3.0602624,3.182669654358688,-11.137127045487652,-1.2174712383990496
2021-04-26,398.859,1.7570902098421757,-7.900318100617341,-3.0668635,3.1249575358348864,-11.025275636452228,-1.2063273982033422
2021-04-27,392.26,-4.8594663370161,-7.843898587685184,-2.9860578,3.066251557051653,-10.910150144736836,-1.194791824368033
2021-04-28,396.49,-0.6468762503662226,-7.785221840243127,-2.905259,3.006573999350829,-10.791795839593956,-1.18287058115049
2021-04-29,389.004,-8.150141543623679,-7.724311346556983,-2.8248746,2.945947418595723,-10.670258765152706,-1.1705698491937966
2021-04-30,393.162,-4.00925114208755,-7.66119108294901,-2.7486012,2.8843946347643663,-10.545585717713376,-1.1578959205010166
2021-05-01,397.289,0.1007910449632127,-7.595885501663974,-2.7100549,2.821938721560004,-10.417824223223976,-1.1448551934026348
2021-05-02,397.003,-0.2020587555400634,-7.528419518909332,-2.637942,2.758602996045219,-10.28702251495455,-1.1314541675223595
2021-05-03,395.692,-1.5297481845617042,-7.458818503078227,-2.5569055,2.6944110083059973,-10.153229511384223,-1.117699438746406
2021-05-04,393.122,-4.116528349412885,-7.387108263163562,-2.4748566,2.6293865311517624,-10.016494794315324,-1.1035976942013266
2021-05-05,391.672,-5.583244461785323,-7.31331503737086,-2.3690634,2.5635535498572954,-9.876868587228156,-1.089155707245386
2021-05-06,390.197,-7.074789219847757,-7.237465481937003,-2.2723072,2.4969362519522083,-9.73440173388921,-1.074380332478404
2021-05-07,392.4500000000001,-4.838158069130351,-7.159586660161533,-2.201142,2.4295590170634296,-9.589145677224964,-1.0592785007749113
2021-05-08,395.739,-1.5655098966762573,-7.079706031656539,-2.1367898,2.361446406816002,-9.44115243847254,-1.0438572143454066
2021-05-09,387.984,-9.336730838638198,-6.997851441820632,-2.0783794,2.292623154797224,-9.290474596617855,-1.028123541830363
2021-05-10,400.798,3.4612258611231006,-6.914051111541949,-2.0049365,2.223114156589012,-9.13716526813096,-1.0120846134315964
2021-05-11,389.538,-7.814968953164053,-6.828333627134564,-1.9277707,2.152944459873063,-8.981278087007627,-0.9957476160854686
2021-05-12,391.717,-5.65198003173936,-6.740727930512112,-1.8430558,2.082139254613283,-8.822867185125396,-0.979119788682339
2021-05-13,383.109,-14.27580290110853,-6.651263309601855,-1.749046,2.0107238633196096,-8.661987172921464,-0.9622084173365067
2021-05-14,392.113,-5.287433087777401,-6.559969389001869,-1.6651025,1.93872373139723,-8.498693120399098,-0.945020830710868
2021-05-15,393.603,-3.812866118251849,-6.4668761208834376,-1.6106536,1.8661644175849137,-8.333040538468351,-0.9275643954002888
2021-05-16,396.083,-1.3482676681528467,-6.372013776140196,-1.5518961,1.7930715844859506,-8.165085360626147,-0.9098465113776832
2021-05-17,393.555,-3.89153930867276,-6.275412935784934,-1.493736,1.7194709891950064,-7.99488392497994,-0.8918746075065671
2021-05-18,392.099,-5.363535406057586,-6.177104482594541,-1.4617397,1.6453884740239122,-7.822492956618453,-0.8736561371238194
2021-05-19,394.641,-2.8373483120674567,-6.077119593002817,-1.4186944,1.5708499573292245,-7.647969550332041,-0.8551985736961686
2021-05-20,391.244,-6.250089018148701,-5.975489729240495,-1.4249338,1.495881424444139,-7.471371153684634,-0.8365094065538612
2021-05-21,389.16,-8.349647179985569,-5.872246631721177,-1.4255873,1.4205089187171271,-7.292755550438304,-0.8175961367047808
2021-05-22,391.34,-6.185018513983252,-5.76742231167132,-1.3989165,1.344758532659413,-7.112180844330733,-0.7984662727321822
2021-05-23,384.91,-12.630198736546827,-5.6610490440019525,-1.3659197,1.268656399203213,-6.929705443205165,-0.7791273267790345
2021-05-24,390.069,-7.486183564081102,-5.553159360419164,-1.3305174,1.1922286830724065,-6.7453880434915705,-0.7595868106218416
2021-05-25,390.273,-7.296968712991449,-5.443786042769956,-1.2943008,1.1155015722671,-6.559287615037055,-0.7398522318366584
2021-05-26,393.198,-4.386549899682706,-5.33296211661955,-1.2109741,1.0385012696633202,-6.37146338628287,-0.7199310900598557
2021-05-27,395.73,-1.8691495015157304,-5.220720845055578,-1.1677527,0.9612539847288406,-6.181974829784419,-0.6998308733460634
2021-05-28,388.957,-8.656642223577535,-5.107095722714351,-1.1127067,0.8837859253559512,-5.990881648070302,-0.6795590546255418
2021-05-29,387.815,-9.812927029008735,-4.99212047002362,-1.0410259,0.8061232898117574,-5.798243759835377,-0.6591230882630851
2021-05-30,390.841,-6.800999682513039,-4.875829027656023,-0.96880835,0.7282922588063764,-5.604121286462399,-0.6385304067204166
2021-05-31,394.457,-3.1988559487943107,-4.758255551186783,-0.8971011,0.6503189876791966,-5.408574538865979,-0.6177884173238585
2021-06-01,395.909,-1.760959227941299,-4.639434405948832,-0.8249063,0.5722295987031845,-5.211664004652016,-0.5969044991389174
2021-06-02,397.672,-0.0122026919677242,-4.519400162078126,-0.7665525,0.4940501735069818,-5.013450335585108,-0.5758859999532473
2021-06-03,397.601,-0.0972867318276087,-4.398187589741435,-0.6956109,0.4158067456144002,-4.813994335355836,-0.5547402333693178
2021-06-04,396.26,-1.452061839451753,-4.275831654538543,-0.6254273,0.3375252931006547,-4.613356947639198,-0.533474476007941
2021-06-05,393.4810000000001,-4.245043625031702,-4.152367513070355,-0.5762105,0.2592317313645995,-4.411599244434955,-0.5120959648236381
2021-06-06,394.926,-2.813417101923976,-4.027830508664095,-0.5310102,0.1809519060159268,-4.208782414680021,-0.4906118945326971
2021-06-07,395.914,-1.838957793617363,-3.9022561672463327,-0.4907071,0.1027115858762335,-4.004967753122567,-0.4690294151545838
2021-06-08,395.469,-2.29734326654674,-3.775680193354333,-0.43772095,0.0245364560926141,-3.8002166494469463,-0.4473556296672266
2021-06-09,398.268,0.4883971651050576,-3.648138466275836,-0.3956617,-0.0535478886376918,-3.594590577638144,-0.4255975917765271
2021-06-10,394.84,-2.952677668365544,-3.5196670363070925,-0.3908062,-0.1315159507332167,-3.388151085573876,-0.403762303800295
2021-06-11,395.756,-2.0501671448830088,-3.390302121118701,-0.38984284,-0.2093423362865194,-3.180959784832182,-0.3818567146666545
2021-06-12,400.751,2.931398269689017,-3.260080102218499,-0.38772053,-0.2870017615167148,-2.973078340701784,-0.3598877180268005
2021-06-13,398.668,0.835067169359009,-3.129037521500581,-0.34839264,-0.3644690591183,-2.7645684623822806,-0.3378621504818294
2021-06-14,400.562,2.716522390940659,-2.99721107786919,-0.32201362,-0.4417191845084733,-2.5554918933607165,-0.3157867899232463
2021-06-15,395.561,-2.297549132759169,-2.864637623926106,-0.2577574,-0.5187272219752284,-2.345910401950878,-0.293668353986544
2021-06-16,390.259,-7.612609159587023,-2.731354162709968,-0.17802873,-0.5954683907286453,-2.135885771981323,-0.2715134986171662
2021-06-17,397.694,-0.1898148356302833,-2.5973978444757044,-0.094773225,-0.6719180508578663,-1.9254797936178385,-0.2493288167479571
2021-06-18,399.825,1.928835703921619,-2.462805963502253,-0.018003138,-0.7480517091963924,-1.714754254305861,-0.2271208370871039
2021-06-19,399.298,1.3900824141817123,-2.327615954916516,0.043572944,-0.8238450250983674,-1.5037709298181483,-0.2048960230154166
2021-06-20,398.738,0.8182589102479927,-2.191865391521409,0.09584703,-0.8992738161286424,-1.2925915753927666,-0.1826607715916471
2021-06-21,394.584,-3.3475377249781584,-2.0555919806158647,0.14974505,-0.97431406366947,-1.0812779169463949,-0.1604214126644172
2021-06-22,403.63,5.686609215246646,-1.9188335607945173,0.2024325,-1.0489419184467197,-0.8698916423477976,-0.1381842080892036
2021-06-23,402.247,4.291196869666791,-1.7816280987147184,0.26395693,-1.123133705978612,-0.6584943927361064,-0.1159553510486815
2021-06-24,406.649,8.680061460460488,-1.6440136858187089,0.3075469,-1.196865931949958,-0.4471477538687509,-0.0937409654746049
2021-06-25,412.763,14.781087760233945,-1.5060285349985822,0.3508337,-1.2701152875149715,-0.2359132474836105,-0.0715471055692914
2021-06-26,400.478,2.483131105640608,-1.3677109771917575,0.3944286,-1.3428586545317345,-0.0248523226600234,-0.0493797554246373
2021-06-27,401.204,3.196251320193591,-1.2290994578948586,0.4442645,-1.415073110731425,0.1859736528365663,-0.0272448287365102
2021-06-28,401.095,3.074158891667576,-1.0902325335837912,0.50030476,-1.486735934825422,0.3965034012416306,-0.0051481686121967
2021-06-29,404.046,6.011769156137676,-0.951148868028056,0.55279803,-1.557824611553409,0.6066757435253528,0.0169044525314608
2021-06-30,407.003,8.95512519029993,-0.8118872284873334,0.6019497,-1.628316836675606,0.8164296081882726,0.0389073329817539
2021-07-01,409.891,11.829555208315911,-0.6724864817786638,0.6453639,-1.6981905219122295,1.025704040133566,0.0608548416582177
2021-07-02,402.272,4.1969160311943945,-0.5329855902025608,0.68714076,-1.767423799833281,1.2344382096307198,0.0827414179578623
2021-07-03,403.465,5.376343044056288,-0.3934236073166816,0.7332657,-1.8359950287016984,1.4425714213850171,0.1045615715203002
2021-07-04,403.188,5.0857520996533605,-0.2538396735458684,0.7823513,-1.9038827972729333,1.6500431237270652,0.1263098819156445
2021-07-05,401.599,3.4832291186043243,-0.1142730116175733,0.82275444,-1.9710659295538857,1.8567929179363123,0.1479809982581428
2021-07-06,399.564,1.434824493704257,0.0252370781880734,0.8452197,-2.0375234895241623,2.062760567712236,0.1695696387485535
2021-07-07,404.258,6.115335781307417,0.1646512229839218,0.8783407,-2.103234785822492,2.2678860088064137,0.1910705901483777
2021-07-08,403.696,5.539957010763496,0.3039299824274314,0.9292637,-2.1681793764011066,2.472109358828538,0.2124787071891277
2021-07-09,405.312,7.142736991026178,0.4430338540880863,0.9880104,-2.2323370731507968,2.675370927238883,0.2337889119198277
2021-07-10,406.043,7.85989788416631,0.5819232790401013,1.0278496,-2.295687946499287,2.8776112255393884,0.254996192996072
2021-07-11,405.387,7.190039154705172,0.7205586476895945,1.0653555,-2.3582123299854554,3.07877097767505,0.2760956049139504
2021-07-12,405.171,6.960081192079466,0.8589003058450576,1.1135032,-2.419890824811846,3.2787911306569035,0.2970822671922452
2021-07-13,400.324,2.099279631765919,0.9969085610394932,1.1750709,-2.480704304377817,3.47761286541731,0.3179513635063186
2021-07-14,402.249,4.010431836174892,1.134543689112289,1.2249714,-2.5406339187955203,3.675177607907809,0.3386981407771538
2021-07-15,406.986,8.733650741537549,1.2717659410583664,1.2665197,-2.5996610993908504,3.871427040449217,0.3593179082190521
2021-07-16,404.968,6.702052078349075,1.4085355501518395,1.3004355,-2.6577675631913085,4.066303113343148,0.3798060363495033
2021-07-17,403.338,5.058534088496439,1.5448127393507889,1.3307943,-2.714935317402624,4.259748056753413,0.40015795596477
2021-07-18,405.532,7.238926670810599,1.6805577289895215,1.379436,-2.771146663875851,4.451704392865373,0.4203691570847548
2021-07-19,406.828,8.521421941816161,1.815730744763948,1.4125307,-2.8263842035665,4.642114948330447,0.4404351878707047
2021-07-20,398.579,0.2588162696464149,1.9502920260154517,1.4368805,-2.880630840987074,4.830922867002525,0.4603516535193403
2021-07-21,408.915,10.581491317146456,2.084201834317931,1.4687562,-2.933869788654312,5.018071622972244,0.4801142151369762
2021-07-22,402.95,4.6033220504278365,2.2174204623722846,1.4955119,-2.986084571532193,5.203505033904478,0.4997185885972125
2021-07-23,393.769,-4.590675892098696,2.3499082432120453,1.524483,-3.037259031471637,5.387167274683683,0.5191605433857394
2021-07-24,402.905,4.532609989713249,2.481625559723297,1.554157,-3.087377331647652,5.56900289137095,0.5384359014358201
2021-07-25,407.271,8.885908411948527,2.612532854481512,1.5922664,-3.1364239609945246,5.748956815476037,0.5575405359579664
2021-07-26,407.458,9.06016505781596,2.7425906399073026,1.6214756,-3.1843837386394167,5.926974378546719,0.5764703702673031
2021-07-27,401.852,3.4416314082947306,2.871759508742622,1.646727,-3.2312418183346368,6.103001327077259,0.5952213766120887
2021-07-28,393.037,-5.385826080467806,3.000000144848207,1.6883659,-3.2769836928885754,6.276983837736783,0.6137895750068502
2021-07-29,405.944,7.509306449177318,3.1272733343226533,1.7299157,-3.321595198595168,6.448868532917821,0.6321710320734819
2021-07-30,402.212,3.765408648629725,3.2535399769427547,1.7648404,-3.3650625196615573,6.618602496604312,0.6503618598937049
2021-07-31,400.828,2.369022327740822,3.378761097924253,1.7798488,-3.4073721926333747,6.786133290557628,0.668358214876148
2021-08-01,410.916,12.44481759074645,3.5028978600014584,1.8062751,-3.4485111108169457,6.951408970818404,0.6861562966413273
2021-08-02,391.455,-7.028639617056294,3.625911575823662,1.8296227,-3.488466528697464,7.114378104521126,0.7037523469276862
2021-08-03,400.729,2.233703280335265,3.747763720665566,1.8609513,-3.5272260663520165,7.274989787017582,0.7211426485218437
2021-08-04,399.86,1.352728161296621,3.868415945448468,1.8941649,-3.5647777138561216,7.433193659304589,0.7383235242160883
2021-08-05,404.948,6.428925252704055,3.9878300900681465,1.922231,-3.6011098356822626,7.5889399257504095,0.755291335796123
2021-08-06,397.976,-0.5547485181265106,4.105968197024947,1.9354793,-3.6362111750886768,7.742179372113624,0.7720424830619562
2021-08-07,405.811,7.269024104687306,4.222792525350859,1.9452945,-3.670070858496476,7.8928633838473345,0.7885734028847903
2021-08-08,399.4980000000001,0.9449971967336523,4.338265564827753,1.9597683,-3.702678399852971,8.040943964680725,0.8048805683026274
2021-08-09,409.513,10.948733698703942,4.45235005049041,1.9762653,-3.7340237049788736,8.186373755469283,0.8209604876572935
2021-08-10,405.775,7.198987624879541,4.565008977407266,1.9881546,-3.7640970758968457,8.329106053304113,0.8368097037754176
2021-08-11,409.997,11.40935454450937,4.676205615731268,2.0204294,-3.792889215138681,8.469094830869949,0.8524247931958675
2021-08-12,403.096,4.496340020491328,4.785903526012603,2.0638752,-3.820391230028201,8.606294756040803,0.8678023654460112
2021-08-13,408.697,10.08553568016252,4.8940665747644765,2.1058314,-3.8465946369367594,8.740661211701235,0.8829390623690928
2021-08-14,396.985,-1.6381562711187918,5.0006589502724825,2.143843,-3.871491365508053,8.872150315780535,0.8978315575048947
2021-08-15,403.597,4.962364105713629,5.105645178637642,2.1614354,-3.895073762848769,9.000718941486411,0.9124765555257572
2021-08-16,409.736,11.090099229831813,5.208990140042449,2.1895695,-3.9173345976814,9.126324737723849,0.926870791729932
2021-08-17,406.193,7.53605152040792,5.310659085228865,2.2022789,-3.9382670644553466,9.248926149684213,0.9410110315941086
2021-08-18,407.278,8.61011724192842,5.410617652176506,2.2141292,-3.957864787412365,9.36848243958887,0.9548940703868418
2021-08-19,405.506,6.82734279038743,5.50883188296884,2.2112217,-3.976121824602076,9.484953707570916,0.9685167328445344
2021-08-20,398.443,-0.2465349888414394,5.605268240834591,2.2035358,-3.9930326718432334,9.598300912677823,0.9818758729114488
2021-08-21,407.223,8.523374025176409,5.699893627351089,2.2106848,-4.00859226662624,9.708485893977327,0.9949683735451452
2021-08-22,410.171,11.461483073174165,5.7926753997957405,2.2242596,-4.0227959919521785,9.81547139174792,1.0077911465886142
2021-08-23,402.708,3.988713493332776,5.883581388631392,2.2546248,-4.035639680103584,9.919221068734975,1.0203411327102248
2021-08-24,404.299,5.570146611890307,5.9725799151107575,2.2957022,-4.047119616341976,10.019699531452734,1.032615301412525
2021-08-25,404.502,5.763784850893128,6.059639808984743,2.3503985,-4.057232542527009,10.116872351511752,1.044610651110778
2021-08-26,402.545,3.7976306323877047,6.144730426298935,2.3792734,-4.065975660652043,10.210706086950978,1.056324209281975
2021-08-27,404.338,5.581686378420391,6.227821667262261,2.398409,-4.073346636290742,10.301168303553002,1.067753032685001
2021-08-28,404.868,6.102954511037606,6.308883994171154,2.4175239,-4.079343601949215,10.38822759612037,1.0788942076524235
2021-08-29,407.874,9.100385193219118,6.387888449372492,2.4363785,-4.083965160318119,10.47185360969061,1.0897448504543026
2021-08-30,399.136,0.3538530129798243,6.464806673247885,2.4585085,-4.08721038741902,10.552017060666904,1.1003021077342532
2021-08-31,410.548,11.757776106729118,6.53961092220178,2.4652631,-4.089078835639215,10.628689757840997,1.1105631570179175
2021-09-01,410.766,11.96766637121128,6.612274086635375,2.455093,-4.089570536649132,10.701844623284508,1.1205252072937777
2021-09-02,406.5750000000001,7.768748079212049,6.682769708888049,2.454227,-4.088686004196377,10.771455713084425,1.1301854996662348
2021-09-03,406.261,7.447049630638505,6.751072001127787,2.480916,-4.086426236770367,10.837498237898156,1.1395413080806345
2021-09-04,400.214,1.3925734093796454,6.81715586317169,2.4982808,-4.082792720131479,10.89994858330317,1.1485899401198798
2021-09-05,399.88,1.051274014657471,6.880996900217561,2.5129917,-4.077787429698582,10.958784329916142,1.1573287378720811
2021-09-06,406.982,8.14620031653108,6.942571440467146,2.545049,-4.071412832788756,11.013984273255902,1.1657550788686235
2021-09-07,408.327,9.484184351188174,7.001856552621635,2.578006,-4.063671890702981,11.065528443324617,1.1738663770918436
2021-09-08,411.987,13.137394207244624,7.058830063229623,2.6075852,-4.054568060651586,11.113398123881208,1.1816600840514406
2021-09-09,406.062,7.205822009016789,7.113470573867736,2.6373112,-4.044105297513161,11.157575871380896,1.1891336899285976
2021-09-10,398.221,-0.6416256671587046,7.16575747813394,2.5039008,-4.032288055420725,11.198045533554666,1.1962847247866537
2021-09-11,401.284,2.415296252998294,7.215670978433405,2.529011,-4.019121289168858,11.234792267602264,1.2031107598470812
2021-09-12,404.599,5.724368056114146,7.263192102536849,2.5648916,-4.004610455435589,11.267802557972438,1.2096094088293865
2021-09-13,403.923,5.0423608083409,7.308302719891024,2.5923176,-3.9887615138128263,11.297064233703852,1.215778329353419
2021-09-14,407.825,8.938350058252869,7.350985557661199,2.6085598,-3.971580927639165,11.322566485300364,1.2216152244025098
2021-09-15,409.236,10.3434630415066,7.391224216485345,2.63336,-3.953075664628929,11.344299881114274,1.2271178438456918
2021-09-16,406.42,7.521337689731142,7.429003185919783,2.6621935,-3.93325319729142,11.362256383211204,1.2322839860171817
2021-09-17,402.927,4.022268954933203,7.46430785955616,2.6733792,-3.912121503134334,11.376429362690494,1.2371114993511958
2021-09-18,406.193,7.282143839785661,7.497124549789587,2.4553807,-3.889689064645471,11.386813614435058,1.2415982840700506
2021-09-19,407.278,8.361171623366076,7.527440502218004,2.312129,-3.8659648690468567,11.393405371264862,1.2457422939234164
2021-09-20,417.387,18.46439695099497,7.555243909652867,2.3385894,-3.840958407815613,11.39620231746848,1.2495415379764747
2021-09-21,405.256,6.327536224724488,7.5805239257214,2.3683875,-3.8146796759658974,11.395203601687298,1.2529940824446626
2021-09-22,406.4,7.465869521257682,7.603270678040976,2.406881,-3.78713917108646,11.390409849127437,1.2560980525725876
2021-09-23,406.457,7.517356229631259,7.623475280946183,2.4500856,-3.7583478921284192,11.381823173074602,1.2588516345545708
2021-09-24,404.499,5.55386104082816,7.641129847749545,2.4820793,-3.728317337938057,11.3694471856876,1.261253077494272
2021-09-25,408.933,9.982417608422235,7.656227502517046,2.5270777,-3.697059505529548,11.353287008046594,1.2633006954006776
2021-09-26,404.609,5.653166582594153,7.668762391339896,2.5457065,-3.66458688809272,11.333349279432616,1.264992869217741
2021-09-27,407.711,8.75008987750862,7.6787296930843025,2.4526925,-3.6309124727311066,11.30964216581541,1.26632804888481
2021-09-28,403.016,4.050209082919716,7.68612562960134,2.382462,-3.5960497379257386,11.282175367527078,1.2673047554250008
2021-09-29,404.77,5.799519230187404,7.69094747537937,2.397131,-3.5600126507203047,11.250960126099674,1.2679215830584996
2021-09-30,404.464,5.489029142440712,7.693193566621886,2.3794403,-3.5228156636235544,11.21600923024544,1.2681772013378338
2021-10-01,406.581,7.601597270426163,7.692863309733974,2.3879287,-3.484473711224944,11.177337020958918,1.2680703573019847
2021-10-02,402.217,3.233144877692789,7.689957189201137,2.3979661,-3.445002206519858,11.134959395720994,1.2675998776462598
2021-10-03,411.351,12.362397626661975,7.684476774844635,2.4362016,-3.404417036940856,11.088893811785493,1.266764670904709
2021-10-04,409.315,10.321799168469097,7.676424728437902,2.481162,-3.3627345600917327,11.039159288529635,1.2655637296418945
2021-10-05,407.563,8.565386180415988,7.665804809669289,2.507067,-3.319971599181369,10.985776408850658,1.2639961326507334
2021-10-06,411.158,12.156019282804095,7.652621881436687,2.5142205,-3.2761454381546176,10.928767319591303,1.2620610471531384
2021-10-07,401.718,2.711110077479852,7.636881914460359,2.5230074,-3.2312738165177466,10.868155730978106,1.2597577310001025
2021-10-08,405.834,6.8223683755634585,7.618591991200665,2.4837835,-3.1853749238562346,10.8039669150569,1.2570855348679102
2021-10-09,403.615,4.598795937688644,7.597760309068162,2.4851246,-3.1384673940429764,10.73622770311114,1.2540439044470786
2021-10-10,401.091,2.070394524488515,7.574396182913991,2.4916117,-3.090570299135272,10.664966482049262,1.2506323826206405
2021-10-11,406.747,7.722165896596826,7.548510046789256,2.471122,-3.041703142959245,10.590213189748502,1.2468506116283755
2021-10-12,414.938,15.909111814646836,7.5201134549626225,2.4452834,-2.9918858543806617,10.511999309343285,1.2426983352135783
2021-10-13,417.529,18.496234039272142,7.48921908218613,2.3829544,-2.941138780261393,10.430357862447522,1.2381754007489367
2021-10-14,414.615,15.578534331106225,7.455840723199812,2.381272,-2.889482678101144,10.345323401300956,1.2332817613381266
2021-10-15,412.759,13.719014450782446,7.419993291466537,2.4023302,-2.8369387083643245,10.25693199983086,1.2280174778897082
2021-10-16,408.851,9.807676158934298,7.381692817129058,2.425263,-2.7835284264923046,10.165221243621362,1.2223827211599254
2021-10-17,414.263,15.216521216195265,7.34095644418217,2.3948298,-2.729273774601628,10.0702302187838,1.2163777737610268
2021-10-18,415.733,16.68339029817069,7.297802426853439,2.2297668,-2.6741970728690845,9.971999499722523,1.2100030321317805
2021-10-19,406.224,7.17081530741666,7.252250125186881,2.2691169,-2.618321010604883,9.870571135791764,1.203259008466781
2021-10-20,403.889,4.832302158915269,7.204319999824688,2.0438762,-2.5616686370155226,9.765988636840213,1.1961463326013086
2021-10-21,406.067,7.006954994926653,7.15403360598286,1.875979,-2.504263351658312,9.658296957641172,1.1886657538484378
2021-10-22,404.091,5.027767431420864,7.101413586617452,1.0564814,-2.446128894589802,9.547542481207254,1.1808181427851503
2021-10-23,414.451,15.384748891479584,7.046483664778966,0.886489,-2.387289336210825,9.433773000989792,1.1726044929842767
2021-10-24,411.732,12.662732274704055,6.989268635153146,-0.640176,-2.327769066811129,9.317037701964276,1.1640259226891123
2021-10-25,411.815,12.742883350911177,6.929794354787404,-1.2990863,-2.267592785816965,9.19738714060437,1.155083676427617
2021-10-26,407.401,8.326203722318237,6.868087733002786,-1.444066,-2.206785490745376,9.074873223748162,1.1457791265631396
2021-10-27,407.56,8.482694991142656,6.804176720492416,-1.5203272,-2.1453724658692908,8.949549186361708,1.1361137747787071
2021-10-28,396.743,-2.33664124039829,6.7380902976079655,-1.5117966,-2.0833792705978498,8.821469568205815,1.1260892534919462
2021-10-29,406.415,7.332594414981539,6.669858461836836,-1.5023851,-2.0208317275768164,8.690690189413653,1.1157073271977795
2021-10-30,407.661,8.575837208393047,6.599512214473289,-1.5651311,-1.957755910514246,8.557268124987534,1.1049698937361376
2021-10-31,406.179,7.09123208827616,6.527083546487924,-1.5466926,-1.894178131736958,8.421261678224882,1.0938789854819368
2021-11-01,405.555,6.464780546191268,6.452605423600522,-1.7730018,-1.830124929483724,8.282730353084245,1.0824367704547504
2021-11-02,404.91,5.817484073698953,6.376111770562248,-1.8102237,-1.7656230549414542,8.141734825503702,1.0706455533455694
2021-11-03,401.32,2.225344162359672,6.2976374546540805,-1.7664194,-1.7006994590309947,7.998336913685075,1.058507776458229
2021-11-04,413.905,14.808300869063206,6.217218268409154,-2.0703022,-1.6353812789495186,7.852599547358673,1.046026020563107
2021-11-05,405.158,6.058881556078315,6.134890911567536,-2.113564,-1.569695824476866,7.704586736044401,1.0332030056608263
2021-11-06,403.083,3.981351188093118,6.0506929722728975,-2.15682,-1.5036705640534964,7.5543635363263935,1.0200415916537595
2021-11-07,400.455,1.35096011889903,5.964662907521317,-2.1049275,-1.4373331106380964,7.401996018159414,1.006544778923251
2021-11-08,401.108,2.001709714000277,5.876840022873299,-2.0319667,-1.3707112073532102,7.247551230226509,0.9927157088105736
2021-11-09,409.497,10.388601338900957,5.7872644514409926,-2.5584743,-1.3038327129275862,7.091097164368579,0.9785576639997358
2021-11-10,397.692,-1.418363640894956,5.695977132163342,-2.5310278,-1.2367255869443006,6.932702719107642,0.964074068800341
2021-11-11,403.511,4.398888524393119,5.603019787382777,-2.5288987,-1.1694178749039934,6.772437662286771,0.949268489328856
2021-11-12,392.4810000000001,-6.6327151835727385,5.508434899737869,-2.5350142,-1.1019376931129037,6.610372592850773,0.9341446335867044
2021-11-13,395.12,-3.9945585878938648,5.412265688387109,-2.476992,-1.0343132134056945,6.446578901792803,0.9187063514337552
2021-11-14,399.412,0.2972758217806728,5.314556084579859,-2.4577572,-0.9665726477133608,6.28112873229322,0.9029576344558616
2021-11-15,395.636,-3.478729872046163,5.215350706591199,-2.4559634,-0.8987442324867987,6.114094939077997,0.8869026157252519
2021-11-16,400.744,1.62948731339994,5.114694834038252,-2.418821,-0.8308562129869295,5.945551047025181,0.8705455694526483
2021-11-17,402.848,3.733510264907574,5.01263438159625,-2.3455105,-0.7629368274525177,5.775571209048768,0.8538909105301746
2021-11-18,399.156,0.0416479153282693,4.909215872133339,-2.3008862,-0.6950142911571191,5.604230163290459,0.8369431939641658
2021-11-19,402.18,3.0663204285544428,4.804486409283918,-2.3655863,-0.6271167803668509,5.431603189650769,0.8197071141971672
2021-11-20,394.643,-4.470373406796876,4.698493649480889,-2.2963634,-0.5592724162109134,5.257766065691802,0.802187504318513
2021-11-21,397.063,-2.0497398721811173,4.591285773467982,-2.2437043,-0.4915092484770467,5.082795021945029,0.7843893351629923
2021-11-22,405.127,6.01480236845047,4.482911457313915,-2.192158,-0.423855239344341,4.906766696658257,0.7663177142972651
2021-11-23,401.239,2.127241034245777,4.373419842950813,-2.1640213,-0.3563382470660227,4.729758090016836,0.7479778848937838
2021-11-24,403.187,4.075819847691598,4.262860508259952,-2.1028872,-0.2889860096150572,4.55184651787501,0.7293752244921219
2021-11-25,395.31500000000005,-3.795459768618741,4.151283436728487,-2.0888605,-0.2218261283056119,4.373109565034098,0.7105152436477419
2021-11-26,399.035,-0.0739894177112567,4.038738986701323,-2.0776906,-0.1548860514035871,4.19362503810491,0.6914035844683486
2021-11-27,399.823,0.7156950012168082,3.92527786025303,-2.0465543,-0.0881930577396145,4.013470917992644,0.67204601903811
2021-11-28,400.526,1.4202711882317978,3.810951071705002,-2.0347662,-0.0217742403380807,3.832725312043083,0.6524484477301551
2021-11-29,394.691,-4.413017068624326,3.69580991581378,-1.980117,0.0443435099241399,3.65146640588964,0.6326168974078916
2021-11-30,398.027,-1.0750219867108903,3.579905935656757,-1.9392918,0.1101335206153997,3.469772415041357,0.6125575195157863
2021-12-01,396.785,-2.31401424336247,3.463290890242116,-1.9044397,0.1755693539894965,3.287721536252618,0.5922765880604293
2021-12-02,402.106,3.010554144795208,3.3460167218701136,-1.8454951,0.2406248231543346,3.105391898715779,0.5717804974827576
2021-12-03,400.745,1.6532235191227225,3.2281355232733664,-1.7795435,0.3052740081548865,2.92286151511848,0.5510757604225178
2021-12-04,395.175,-3.913177985011537,3.1096995045640723,-1.7266436,0.3694912719562276,2.7402082326078445,0.5301690053760901
2021-12-05,398.53,-0.554027390474813,2.990760960016494,-1.6706233,0.4332512763123553,2.5575096837041387,0.5090669742490004
2021-12-06,397.557,-1.522936019137214,2.871372234713339,-1.6559829,0.4965289975064669,2.374843237206872,0.4877765198044879
2021-12-07,404.451,5.37543715038815,2.7515856910849763,-1.6770501,0.5592997419483232,2.192285949136653,0.466304603009688
2021-12-08,405.055,5.983619713090906,2.6314536753706355,-1.6758662,0.6215391616143108,2.009914513756325,0.4446582902810413
2021-12-09,405.616,6.548689289842372,2.5110284840310246,-1.771079,0.6832232693158282,1.8278052147151964,0.4228447506307172
2021-12-10,401.13,2.066830204209632,2.3903623301419987,-1.7720659,0.7443284537816204,1.6460338763603783,0.4008712527159096
2021-12-11,400.023,0.9639475297106744,2.2695073097989846,-1.880039,0.8048314945397173,1.4646758152592674,0.3787451617929941
2021-12-12,404.012,4.956873147269363,2.148515368562154,-2.4531589,0.8647095765846752,1.2838057919774788,0.356473936578638
2021-12-13,409.907,10.855499014680598,2.027438267972318,-3.2186623,0.9239403048159074,1.1034979631564108,0.3340651260200811
2021-12-14,406.169,7.120977930878782,1.9063275521676464,-3.6455019,0.9825017182329092,0.9238258339347372,0.3115263659768749
2021-12-15,402.309,3.2643711028197355,1.7852345146313306,-4.0099645,1.0403723038733548,0.7448622107579759,0.2888653758165033
2021-12-16,398.005,-1.0365741606481542,1.664210165100368,-4.380879,1.0975310104800706,0.5666791546202974,0.2660899549263961
2021-12-17,390.154,-8.884500034640944,1.543305196665547,-4.3206987,1.1539572618830805,0.3893479347824666,0.2432079791449332
2021-12-18,397.471,-1.5642940024847114,1.4225699530926998,-4.2991114,1.2096309700830248,0.212938983009675,0.2202273971141494
2021-12-19,404.142,5.11013853462414,1.302054396395243,-4.299419,1.264532548022415,0.0375218483728276,0.1971562265569277
2021-12-20,400.048,1.0193570931246771,1.1818080746877924,-4.279623,1.3186429220313762,-0.1368348473435838,0.1740025504815587
2021-12-21,401.843,2.8174018161408103,1.0618800903506116,-4.2724094,1.3719435439346996,-0.310063453584088,0.1507745133166348
2021-12-22,400.771,1.748224712300999,0.9423190685343829,-4.450158,1.424416402807245,-0.4820973342728621,0.1274803169793252
2021-12-23,409.529,10.509002670876075,0.8231731260346056,-5.099636,1.476044036364944,-0.6528709103303383,0.1041282168801396
2021-12-24,414.708,15.690265418582364,0.7044898405646786,-5.420089,1.5268095419789098,-0.8223197014142313,0.0807265178674091
2021-12-25,404.377,5.360746003915429,0.5863162204564356,-5.8424754,1.5766965873003844,-0.9903803668439488,0.0572835701147107
2021-12-26,400.671,1.6559275264402815,0.4686986748165843,-6.0959063,1.6256894204845416,-1.1569907456679571,0.0338077649546008
2021-12-27,402.43,3.4156642637432157,0.3516829841671606,-6.4381585,1.6737728800014546,-1.322089895834294,0.0103075306620463
2021-12-28,399.931,0.9173008554474772,0.235314271597744,-6.4542093,1.720932404022798,-1.485618132425054,-0.0132086718089994
2021-12-29,402.895,3.881864491269383,0.1196369744567663,-6.6018457,1.7671540393732166,-1.64751706491645,-0.036732353132353
2021-12-30,402.262,3.2485262915652147,0.0046948166087624,-6.5739493,1.8124244500355704,-1.807729633426808,-0.0602549999561374
2021-12-31,402.545,3.5310493567245427,-0.1094692187159289,-6.5791073,1.8567309251996664,-1.9662001439155956,-0.083768079285478
2022-01-01,394.16,-4.854466584444376,-0.2228129154531858,-6.547364,1.9000613868443608,-2.1228743022975465,-0.1072630428977161
2022-01-02,394.244,-4.77051936044133,-0.3352948505933607,-6.4927945,1.942404396843386,-2.277699247436747,-0.1307313317864436
2022-01-03,400.651,1.6368829965656868,-0.4468744194009941,-6.844298,1.9837491635855504,-2.430623582986545,-0.1541643806306282
2022-01-04,390.631,-8.382914467551261,-0.5575118599416745,-7.1780095,2.024085548100407,-2.581597408042082,-0.1775536222850863
2022-01-05,396.168,-2.845724952727265,-0.6671682768924442,-7.284214,2.06340406968088,-2.7305723465733243,-0.2008904922884992
2022-01-06,391.511,-7.5025082418176705,-0.77580566461269,-7.3252935,2.1016959109947635,-2.8775015756074533,-0.2241664333851918
2022-01-07,394.388,-4.625098431259227,-0.8833869294532328,-7.5285625,2.1389529226774435,-3.0223398521306764,-0.2473729000568292
2022-01-08,389.668,-9.344705464963642,-0.989875911281914,-7.4395995,2.1751676273986176,-3.165043538680532,-0.270501363060209
2022-01-09,392.25,-6.762327785942723,-1.095237404204756,-7.3588862,2.210333223396295,-3.3055706276010515,-0.293543313967298
2022-01-10,394.94,-4.071793163373403,-1.1994371764625449,-7.2720985,2.24444358747176,-3.4438807639343043,-0.3164902697036614
2022-01-11,392.703,-6.308006984903809,-1.3024419894833397,-7.2049975,2.27749327743972,-3.5799352669230595,-0.3393337770814386
2022-01-12,391.376,-7.634245797989282,-1.4042196160723075,-7.131074,2.3094775340283227,-3.7136971501006304,-0.3620654173230155
2022-01-13,385.219,-13.79050852311526,-1.5047388577210632,-7.0652,2.34039228222421,-3.845131139945273,-0.3846768105715513
2022-01-14,391.163,-7.845794080767428,-1.6039695610194682,-6.9862833,2.370234132058316,-3.974203693077784,-0.4071596203845357
2022-01-15,395.793,-3.215101391431414,-1.7018826331538082,-6.90129,2.3990003788286183,-4.100883011982426,-0.4295055582065659
2022-01-16,392.853,-6.154429375592789,-1.7984500564760049,-6.823944,2.426689002756565,-4.2251390592325695,-0.4517063878175575
2022-01-17,390.121,-8.885776953737153,-1.8936449021295276,-6.748018,2.45329866807445,-4.346943570203978,-0.4737539297526063
2022-01-18,389.0,-10.006143046350132,-1.987441342718516,-6.6682653,2.478828721541533,-4.466270064260049,-0.4956400656897957
2022-01-19,386.243,-12.76233558724084,-2.0798146640075403,-6.5921583,2.503279190387268,-4.583093854394808,-0.5173567428022141
2022-01-20,394.143,-4.861539293715985,-2.1707412756404256,-6.5620813,2.5266507796805246,-4.69739205532095,-0.5388959780705446
2022-01-21,393.964,-5.039753057978698,-2.2601987208674625,-6.4906654,2.5489448691242744,-4.809143589991737,-0.5602498625525675
2022-01-22,395.972,-3.030975772231912,-2.3481656852712995,-6.397888,2.570163509275754,-4.918329194547054,-0.5814105656060533
2022-01-23,390.193,-8.809152469762628,-2.434622004482897,-6.3099623,2.5903094171926955,-5.024931421675593,-0.6023703390614396
2022-01-24,390.361,-8.640177482596275,-2.519548670879705,-6.2350545,2.609385971506788,-5.128934642386493,-0.6231215213408823
2022-01-25,391.353,-7.647202385400094,-2.6029278392594954,-6.147985,2.627397206926089,-5.230325046185584,-0.643656541520221
2022-01-26,396.869,-2.12975553580919,-2.684742831484072,-6.049819,2.644347808168694,-5.329090639652765,-0.6639679233305025
2022-01-27,390.428,-8.569201536481028,-2.7649781400882136,-5.947408,2.660243103330566,-5.425221243418779,-0.6840482890957765
2022-01-28,389.83,-9.16562865562836,-2.843619430850261,-5.85281,2.6750890566909584,-5.51870848754122,-0.7038903636039243
2022-01-29,387.92,-11.074035670939605,-2.920653544321669,-5.7623043,2.688892260959505,-5.609545805281174,-0.7234869779073572
2022-01-30,392.783,-6.209421360103201,-2.996068496314039,-5.7001715,2.701659928969571,-5.69772842528361,-0.7428310730505027
2022-01-31,393.789,-5.201784500807721,-3.0698534773431003,-5.6768746,2.7133998848230894,-5.78325336216619,-0.7619157037210728
2022-02-01,399.768,0.7788761292585793,-3.14199885103017,-5.610099,2.7241205544926523,-5.866119405522822,-0.7807340418221822
2022-02-02,393.071,-5.916530223851641,-3.212496151462692,-5.5722895,2.7338309558872087,-5.946327107349901,-0.799279379962459
2022-02-03,389.33,-9.655912860922896,-3.281338079516506,-5.5424967,2.742540688388306,-6.023878767904812,-0.8175451348614139
2022-02-04,386.133,-12.851270573263935,-3.348518498143536,-5.5057926,2.7502599218643806,-6.098778420007916,-0.8355248506673669
2022-02-05,385.839,-13.14360215218379,-3.4140324266296296,-5.438852,2.7569993851711367,-6.171031811800766,-0.8532122021853785
2022-02-06,393.14,-5.840906388991353,-3.4778760338283643,-5.3537617,2.762770354146672,-6.240646387975037,-0.8706009980126809
2022-02-07,390.219,-8.76018207499547,-3.5400466303776468,-5.2850437,2.7675846391105243,-6.307631269488171,-0.8876851835792273
2022-02-08,386.891,-12.086428001505102,-3.600542659906958,-5.2190094,2.771454571876369,-6.371997231783327,-0.9044588440910768
2022-02-09,385.824,-13.151642959829026,-3.6593636892441697,-5.1638,2.7743929922886577,-6.433756681532827,-0.9209162073744076
2022-02-10,388.46,-10.513825741276186,-3.7165103976318714,-5.1086135,2.7764132342940124,-6.492923631925883,-0.9370516466180976
2022-02-11,384.825,-14.146975137155636,-3.7719845649640975,-5.0422673,2.777529111558737,-6.549513676522835,-0.95285968301286
2022-02-12,394.631,-4.339089938776066,-3.825789059055496,-4.960419,2.7777549026443062,-6.603543961699803,-0.9683349882850968
2022-02-13,392.823,-6.145168937446547,-3.877927821955769,-4.876412,2.7771053357532103,-6.65503315770898,-0.9834723871236678
2022-02-14,391.503,-7.463210924475829,-3.928405855323422,-4.8289604,2.775595573058082,-6.704001428381504,-0.9982668594979508
2022-02-15,399.515,0.5507853088271215,-3.977229204873648,-4.802205,2.77324119462744,-6.750470399501087,-1.012713542865629
2022-02-16,395.242,-3.7206495321957034,-4.024404943916256,-4.74593,2.7700581819619514,-6.794463125878208,-1.026807734268784
2022-02-17,389.393,-9.568056520921084,-4.06994115600037,-4.6997056,2.766062901155551,-6.836004057155921,-1.0405448923169718
2022-02-18,389.918,-9.041434518333336,-4.113846916683701,-4.6272683,2.7612720856961817,-6.875119002379883,-1.0539206390560851
2022-02-19,388.24,-10.717782385416712,-4.156132274444992,-4.5592885,2.755702818921447,-6.911835093366438,-1.066930761721911
2022-02-20,397.748,-1.2080989831552298,-4.196808230759106,-4.5155544,2.749372516144835,-6.946180746903941,-1.0795712143774212
2022-02-21,399.135,0.1806168274667872,-4.235886719355253,-4.5303736,2.7422989064686027,-6.978185625823857,-1.09183811943293
2022-02-22,395.072,-3.880790770070975,-4.273380584679493,-4.572969,2.734500014299857,-7.00788059897935,-1.1037277690483869
2022-02-23,402.02900000000005,3.07783205368745,-4.309303559583655,-4.5447526,2.7259941405867254,-7.03529770017038,-1.1152366264172051
2022-02-24,393.566,-5.384009346786211,-4.343670242263515,-4.4905,2.7167998437918737,-7.060470086055389,-1.126361326931103
2022-02-25,388.172,-10.77680735072751,-4.376496072469939,-4.432555,2.7069359206210386,-7.0834319930909775,-1.1370986792255813
2022-02-26,390.979,-7.968560917597028,-4.407797307017336,-4.3749695,2.696421386524561,-7.104218693541897,-1.1474456661057828
2022-02-27,390.94,-8.006269006855424,-4.437590994614672,-4.3687644,2.6852754559902,-7.122866450604871,-1.1573994453525889
2022-02-28,389.667,-9.277930577963206,-4.465894950044859,-4.3929257,2.6735175226458923,-7.139412472690752,-1.1669573504089032
2022-03-01,395.203,-3.740544590380829,-4.492727727719073,-4.380717,2.66116713919138,-7.153894866910452,-1.1761168909462352
2022-03-02,392.204,-6.738110003569158,-4.518108594633238,-4.3443747,2.648243997177849,-7.166352591811087,-1.1848757533117744
2022-03-03,394.593,-4.3476257769886,-4.542057502754494,-4.3750873,2.6347679066551097,-7.176825409409604,-1.1932318008562792
2022-03-04,393.033,-5.906090870099778,-4.564595060866102,-4.3663325,2.620758775705967,-7.1853538365720695,-1.2011830741432128
2022-03-05,395.151,-3.786504242363332,-4.585742505899779,-4.4060106,2.6062365898877013,-7.19197909578748,-1.2087277910396712
2022-03-06,394.045,-4.890864853239709,-4.605521673785019,-4.343102,2.5912213916007816,-7.196743065385801,-1.2158643466897634
2022-03-07,391.06,-7.87417166218952,-4.6239549698454905,-4.2726336,2.575733259405129,-7.19968822925062,-1.2225913133712163
2022-03-08,388.031,-10.901423628673369,-4.641065338772983,-4.2056828,2.55979228730434,-7.2008576260773225,-1.2289074402360876
2022-03-09,399.566,0.6353802878480597,-4.65687623420998,-4.161417,2.54341856401853,-7.20029479822851,-1.2348116529365536
2022-03-10,398.936,0.0070501412378369,-4.6714115879721705,-4.0993114,2.5266321522664565,-7.198043740238627,-1.2403030531368922
2022-03-11,387.141,-11.7863543584373,-4.684695778942763,-4.0302987,2.509453068077796,-7.194148847020559,-1.245380917912845
2022-03-12,396.539,-2.386708526172791,-4.696753601670665,-3.9717562,2.4919012601564328,-7.188654861827097,-1.25004469903965
2022-03-13,396.799,-2.125011368537571,-4.707610234705045,-4.08222,2.4739965893157243,-7.181606824020768,-1.2542940221701644
2022-03-14,389.82,-9.102261892100795,-4.717291208698955,-4.0190663,2.455758808006748,-7.173050016705703,-1.2581286859045686
2022-03-15,393.767,-5.153459103431475,-4.725822374315018,-4.258431,2.437207539960503,-7.163029914275521,-1.2615486607532358
2022-03-16,386.385,-12.533602009098638,-4.733229869966364,-4.1912026,2.418362259965089,-7.151592129931453,-1.2645540879944657
2022-03-17,393.866,-5.05068961567132,-4.739540089426209,-4.1452436,2.399242273798817,-7.138782363225027,-1.267145278428877
2022-03-18,397.551,-1.3637209297185429,-4.74477964933951,-4.081352,2.379866698340145,-7.124646347679654,-1.269322711032286
2022-03-19,389.743,-9.169694957809352,-4.748975356670444,-4.135371,2.360254441875314,-7.109229798545758,-1.2710870315090708
2022-03-20,396.441,-2.469610706512748,-4.752154176119263,-4.080693,2.3404241846243905,-7.092578360743653,-1.272439050748038
2022-03-21,395.595,-3.313467182397849,-4.754343197542356,-4.0429406,2.3203943595063623,-7.074737557048719,-1.273379743182906
2022-03-22,387.665,-11.241263392033646,-4.755569603409191,-4.015595,2.300183133163752,-7.055752736572943,-1.273910245059615
2022-03-23,394.938,-3.96599834198914,-4.755860636329845,-3.9531195,2.279808387267083,-7.035669023596928,-1.2740318526127306
2022-03-24,395.473,-3.4286710388333983,-4.755243566686762,-3.8552864,2.259287700119318,-7.014531266806079,-1.2737460201532789
2022-03-25,393.363,-5.5362804891355015,-4.7537456604042,-3.7472606,2.2386383285802043,-6.992383988984404,-1.2730543580704343
2022-03-26,394.094,-4.80282569946443,-4.751394146888835,-3.6457212,2.217877190330228,-6.9692713372190624,-1.2719586307495374
2022-03-27,402.295,3.400694323610852,-4.748216187174594,-3.5626712,2.1970208464936007,-6.945237033668195,-1.2704607544089683
2022-03-28,405.634,6.741218455505747,-4.744238842304847,-3.6577368,2.1760854846395,-6.920324326944346,-1.2685627948585017
2022-03-29,391.596,-7.296672957766537,-4.739489041984561,-3.617104,2.155086902180386,-6.894575944164947,-1.2662669651817744
2022-03-30,395.261,-3.631554029569697,-4.733993553534953,-3.5853555,2.134040490186002,-6.868034043720956,-1.2635756233455862
2022-03-31,398.282,-0.6104241398662982,-4.727778951182766,-3.5154734,2.1129612176312813,-6.840740168814048,-1.2604912697387882
2022-04-01,398.769,-0.1232826686192094,-4.72087158571596,-3.4293873,2.091863616096004,-6.8127352018119645,-1.2570165446435642
2022-04-02,394.791,-4.101280418673783,-4.7132975545371725,-3.357915,2.07076176493373,-6.784059319470902,-1.253154225641938
2022-04-03,402.203,3.3107305381376992,-4.70508267214603,-3.2995524,2.049669276927105,-6.754751949073135,-1.248907224960414
2022-04-04,396.693,-2.199849734268048,-4.69625244108076,-3.4506502,2.028599284446179,-6.724851725526939,-1.244278586755641
2022-04-05,398.907,0.0135641980012604,-4.686832023349188,-3.432769,2.007564426126017,-6.694396449475205,-1.2392714843440693
2022-04-06,395.634,-3.2603650548748124,-4.676846212378703,-3.361779,1.9865768340793744,-6.663423046458078,-1.2338892173785785
2022-04-07,392.878,-6.017308267827195,-4.666319405514092,-3.2777827,1.9656481216597288,-6.6319675271738205,-1.2281352089750666
2022-04-08,395.628,-3.268264982258385,-4.655275577091723,-3.2160747,1.9447893717894975,-6.600064948881221,-1.222013002792036
2022-04-09,389.9,-8.99723473957083,-4.643738252117904,-3.1551008,1.9240111258677493,-6.5677493779856535,-1.2155262600662131
2022-04-10,402.814,3.915782918833001,-4.631730480578483,-3.1241398,1.9033233732711468,-6.53505385384963,-1.2086787566072563
2022-04-11,406.932,8.03177350792946,-4.619274812406341,-3.367272,1.8827355414613716,-6.502010353867712,-1.201474379754618
2022-04-12,401.901,2.9978345122054346,-4.606393273132446,-3.4216137,1.8622564867117013,-6.468649759844148,-1.1939171252996288
2022-04-13,398.109,-0.7972645824531437,-4.593107340245671,-3.528469,1.8418944854647743,-6.4350018257104455,-1.1860110943758906
2022-04-14,397.123,-1.7863335659159478,-4.579437920285625,-3.8986268,1.8216572263330684,-6.401095146618694,-1.177760490321038
2022-04-15,391.666,-7.246268531789523,-4.565405326692143,-3.9140427,1.801551802752953,-6.366957129445096,-1.1691696155129407
2022-04-16,395.812,-3.103170300280377,-4.55102925843414,-4.3847523,1.781584706302549,-6.332613964736689,-1.160242868183433
2022-04-17,393.504,-5.414038722890387,-4.536328779439798,-4.3132215,1.7617618206930254,-6.298090600132824,-1.1509847392125745
2022-04-18,390.438,-8.482873651121428,-4.5213222988492205,-4.3072953,1.74208841644228,-6.263410715291501,-1.1413998089065427
2022-04-19,392.0,-6.923674936475271,-4.506027552109695,-4.520867,1.7225691462393016,-6.228596698348997,-1.13149274376212
2022-04-20,395.916,-3.0104424304537734,-4.490461582932986,-4.6075563,1.7032080410068036,-6.1936696239397895,-1.121268293220812
2022-04-21,403.499,4.569824015441137,-4.4746407261330665,-4.937928,1.684008506669101,-6.158649232802167,-1.1107312864155616
2022-04-22,396.719,-2.2130252205157976,-4.458580591361742,-4.9689655,1.6649733216314109,-6.123553912993152,-1.0998866289130025
2022-04-23,385.973,-12.961841768894296,-4.442296047758773,-4.9054847,1.64610463497612,-6.088400682734893,-1.0887392994541762
2022-04-24,390.491,-8.446625503564501,-4.4258012095320565,-4.7990427,1.62740396538081,-6.053205174912867,-1.0772943466965963
2022-04-25,393.598,-5.342376298396337,-4.409109422482446,-4.7034745,1.6088722007621157,-6.0179816232445615,-1.0655568859605078
2022-04-26,392.204,-6.739094027259929,-4.392233251486863,-4.6149545,1.5905095986487354,-5.982742850135599,-1.053532095982145
2022-04-27,389.698,-9.247778564025255,-4.375184468952226,-4.502122,1.572315787286228,-5.947500256238454,-1.0412252156767658
2022-04-28,398.298,-0.6504297825623784,-4.35797404425184,-4.469626,1.5542897674753875,-5.912263811727227,-1.0286415409141694
2022-04-29,390.773,-8.178047556741392,-4.34061213415467,-4.3824506,1.5364299151453102,-5.87704204929998,-1.0157864213093806
2022-04-30,397.7,-1.2536317604322171,-4.323108074257123,-4.389689,1.5187339846615209,-5.841842058918643,-1.00266525703112
2022-05-01,391.16,-7.796182267504928,-4.305470371425584,-4.3309116,1.501199112868649,-5.8066694842942335,-0.9892834956306306
2022-05-02,397.425,-1.5336989518296846,-4.287706697257227,-4.3509016,1.483821823866526,-5.771528521123753,-0.9756466288933676
2022-05-03,388.831,-10.130181687276286,-4.269823882565271,-4.29383,1.4665980345176897,-5.736421917082961,-0.961760189716027
2022-05-04,391.356,-7.607630347714929,-4.251827912893917,-4.1962137,1.449523060683582,-5.701350973577499,-0.9476297490112786
2022-05-05,390.256,-8.71004480701567,-4.233723925067084,-4.2254148,1.432591624185915,-5.666315549252999,-0.9332609126425696
2022-05-06,397.037,-1.9314249390484584,-4.215516204773986,-4.300867,1.415797860488918,-5.631314065262904,-0.9186593183912394
2022-05-07,389.942,-9.028770617683348,-4.197208185193412,-4.3552504,1.3991353270974187,-5.59634351229083,-0.9038306329581672
2022-05-08,401.946,2.972918283209605,-4.178802446657618,-4.4286733,1.382597012664926,-5.561399459322544,-0.8887805490020791
2022-05-09,393.21,-5.765645864963956,-4.160300717355558,-4.484175,1.3661753468051228,-5.526476064160681,-0.8735147822165737
2022-05-10,389.578,-9.40017351679058,-4.14170387507407,-4.4777617,1.3498622105994058,-5.491566085673476,-0.8580390684478689
2022-05-11,387.095,-11.88554990570156,-4.123011949974569,-4.3975925,1.3336489477923577,-5.456660897766927,-0.8423591608551697
2022-05-12,394.472,-4.510886516248256,-4.104224128401798,-4.365661,1.3175263766662664,-5.421750505068064,-0.8264808271155301
2022-05-13,390.71,-8.275183248641971,-4.085338757719896,-4.332101,1.301484802585082,-5.386823560304978,-0.8104098466749358
2022-05-14,383.909,-15.078440003094192,-4.0663533521701565,-4.2883215,1.2855140311974178,-5.351867383367575,-0.794152008047339
2022-05-15,394.58,-4.409656679816386,-4.047264599743705,-4.1866603,1.2696033822875072,-5.316867982031212,-0.7777131061632125
2022-05-16,390.485,-8.50683317901989,-4.02806837006122,-4.09235,1.2537417042622738,-5.281810074323494,-0.7610989397691917
2022-05-17,390.409,-8.584969400916345,-4.0087597232508445,-3.9766476,1.2379173892619462,-5.24667711251279,-0.7443153088802235
2022-05-18,387.633,-11.363065245717078,-3.989332919814294,-3.8883426,1.22211838888097,-5.211451308695264,-0.7273680122856153
2022-05-19,414.663,15.66487938636649,-3.969781431470261,-3.8233702,1.2063322304852415,-5.176113661955503,-0.7102628451102416
2022-05-20,397.037,-1.9636080328824992,-3.950097952963021,-3.7456515,1.1905460341109937,-5.140643987074014,-0.6930055964321317
2022-05-21,389.155,-9.84804800411416,-3.930274414823309,-3.6548142,1.1747465299300224,-5.105020944753331,-0.6756020469575523
2022-05-22,391.554,-7.451440499002278,-3.9103019970674224,-3.5541537,1.158920076265239,-5.069222073332662,-0.658057966754607
2022-05-23,389.456,-9.551785489220654,-3.890171143819547,-3.4743967,1.1430526781399073,-5.033223821959455,-0.6403791130463208
2022-05-24,393.287,-5.723082946442956,-3.869871578841415,-3.4210908,1.1271300063432756,-4.99700158518469,-0.6225712280640572
2022-05-25,385.146,-13.866332842342809,-3.84939232195231,-3.35308,1.111137416994706,-4.960529738947016,-0.6046400369620729
2022-05-26,390.584,-8.430535148594055,-3.828721706321676,-3.266751,1.0950599715877645,-4.9237816779094405,-0.5865912457938723
2022-05-27,391.437,-7.579689836870402,-3.807847396615543,-3.22126,1.0788824574951938,-4.886729854110737,-0.568430539551019
2022-05-28,393.082,-5.93679687884539,-3.786756407977167,-3.290349,1.0625894089150814,-4.849345816892248,-0.5501635802648843
2022-05-29,394.886,-4.134856246192944,-3.765435125821373,-3.3192008,1.0461651282379891,-4.811600254059361,-0.5317960051718184
2022-05-30,394.857,-4.165867910586744,-3.7438693264213097,-3.289779,1.0295937078142705,-4.77346303423558,-0.513333424942089
2022-05-31,397.763,-1.2618318437005414,-3.722044198265408,-3.2113132,1.012859052100316,-4.734903250365724,-0.4947814219728585
2022-06-01,395.205,-3.821748017207941,-3.699944364161606,-3.1216762,0.9959449001619036,-4.69588926432351,-0.4761455487454201
2022-06-02,396.113,-2.9156164027827174,-3.6775539040651566,-3.033907,0.9788348485124244,-4.656388752577581,-0.4574313262467845
2022-06-03,400.446,1.4155630279014897,-3.654856378605459,-2.9664824,0.961512374263258,-4.616368752868717,-0.4386442424556769
2022-06-04,398.745,-0.2880915347083022,-3.631834853286789,-3.0058882,0.9439608585631142,-4.575795711849904,-0.4197897508928817
2022-06-05,401.505,2.469180780304521,-3.6084719233370257,-3.3481543,0.9261636103028248,-4.53463553363985,-0.4008732692358316
2022-06-06,394.442,-4.598143369040924,-3.5847497391777843,-3.288102,0.908103890061579,-4.492853629239363,-0.3819001779972298
2022-06-07,398.563,-0.4813806020992324,-3.5606500324888093,-3.1945097,0.8897649342703041,-4.450414966759113,-0.3628758192674368
2022-06-08,403.906,4.85718783840589,-3.5361541428387926,-3.1171784,0.8711299795674923,-4.407284122406285,-0.3438054955202861
2022-06-09,406.997,7.94360279631524,-3.511243044854277,-3.010503,0.8521822873225186,-4.363425332176796,-0.3246944684818826
2022-06-10,391.5100000000001,-7.547936514773514,-3.485897375897656,-2.9428613,0.8329051683011194,-4.318802544198776,-0.3055479580619206
2022-06-11,393.735,-5.32737602015901,-3.4600974642249023,-2.9131289,0.8132820074474928,-4.273379471672395,-0.2863711413469398
2022-06-12,413.298,14.231283814852,-3.4338233575930364,-3.1378212,0.7932962887572153,-4.227119646350252,-0.2671691516549002
2022-06-13,403.9380000000001,4.866946890848766,-3.407054852286981,-3.107989,0.7729316202149282,-4.179986472501909,-0.247947077650376
2022-06-14,394.356,-4.720102688891048,-3.3797715225349934,-3.065483,0.7521717587705865,-4.131943281305579,-0.2287099625196104
2022-06-15,398.803,-0.277381531141911,-3.3519527502814754,-2.9943156,0.7310006353278661,-4.082953385609342,-0.2094628032046101
2022-06-16,403.373,4.288342644635256,-3.3235777552856103,-2.912851,0.7094023797182026,-4.032980135003813,-0.1902105496953899
2022-06-17,397.414,-1.6758258193754578,-3.2946256255139885,-2.874013,0.6873613456337982,-3.981986971147786,-0.1709581043794308
2022-06-18,401.276,2.1811010298493443,-3.2650753477950003,-2.862495,0.6648621354928689,-3.929937483287869,-0.1517103214473578
2022-06-19,395.452,-3.648524154245584,-3.2349058387026424,-2.7949193,0.641889625210315,-3.876795463912957,-0.1324720063537703
2022-06-20,394.738,-4.368062180128623,-3.20409597563709,-2.7084293,0.6184289888469982,-3.822524964484088,-0.1132479153321318
2022-06-21,394.437,-4.674513808226884,-3.1726246280691845,-2.6198776,0.5944657231107594,-3.767090351179944,-0.0940427549625651
2022-06-22,391.308,-7.808879798967219,-3.140470688915895,-2.538072,0.5699856716823711,-3.710456360598266,-0.0748611817913394
2022-06-23,395.816,-3.3057103237825043,-3.10761310601368,-2.4529026,0.544975049339636,-3.652588155353316,-0.0557078020008125
2022-06-24,407.716,8.59025131001843,-3.07403091365654,-2.3564603,0.5194204658529527,-3.593451379509492,-0.0365871711285283
2022-06-25,401.484,2.353503883578391,-3.039703264165572,-2.2610345,0.49330894962573,-3.533012213791302,-0.017503793834142
2022-06-26,394.463,-4.672515777450043,-3.0046094594567982,-2.1673515,0.4666279710532026,-3.471237430510001,0.0015378762871892
2022-06-27,392.797,-6.343370311046288,-2.968728982574064,-2.06,0.4393654655733441,-3.4080944481474083,0.0205334368463788
2022-06-28,401.175,2.029996973690375,-2.9320415291538247,-1.9626317,0.4115098563837541,-3.343551385537579,0.0394785367583596
2022-06-29,398.035,-1.114845171971325,-2.894527038788816,-1.9029759,0.3830500767986203,-3.277577115587436,0.0583688762978874
2022-06-30,400.655,1.5007397102829945,-2.856165726257636,-1.8303093,0.3539755922201034,-3.210141318477739,0.0772002071147181
2022-07-01,409.2720000000001,10.112505252738506,-2.816938112587481,-1.7577314,0.3242764216987463,-3.1412145342862274,0.0959683322096349
2022-07-02,398.094,-1.071001482908967,-2.7768250559174663,-1.6948884,0.2939431590578159,-3.070768214975282,0.1146691058729299
2022-07-03,405.18,6.009421855304897,-2.7358077821301414,-1.6448048,0.2629669935568197,-2.998774775686961,0.1332984335868634
2022-07-04,400.075,0.8985130386606706,-2.69386791521918,-1.6215698,0.2313397300697688,-2.9252076452889484,0.1518522718937086
2022-07-05,410.305,11.12251260833766,-2.650987507361369,-1.610505,0.199053808754148,-2.850041316115517,0.1703266282309721
2022-07-06,391.687,-7.50381101426604,-2.60714906866148,-1.5575242,0.1661023241869601,-2.77325139284844,0.188717560735421
2022-07-07,403.345,4.146171972636418,-2.5623355965388908,-1.5039608,0.1324790439446406,-2.694814640483532,0.207021178017521
2022-07-08,401.65,2.4427723283467966,-2.516530604725232,-1.4320078,0.0981784266040765,-2.6147090313293084,0.2252336389079337
2022-07-09,392.606,-6.609306612818287,-2.4697181518427653,-1.3530204,0.063195639142477,-2.5329137909852424,0.2433511521777062
2022-07-10,395.65,-3.572887116425939,-2.4218828695336314,-1.2941225,0.0275265737143121,-2.4494094432479434,0.2613699762337974
2022-07-11,395.48,-3.750028926596759,-2.3730099901106105,-1.2218049,-0.0088321362159123,-2.3641778538946983,0.2792864187915762
2022-07-12,403.818,4.581408926512692,-2.323085373700549,-1.1448673,-0.045883100405717,-2.2772022732948325,0.297096836525948
2022-07-13,400.736,1.491878324076314,-2.272095534852094,-1.067199,-0.08362815705167,-2.188467377800424,0.3147976347027266
2022-07-14,391.945,-7.30708245733023,-2.220027668580041,-0.9979475,-0.1220683587108718,-2.09795930986917,0.3323852667918955
2022-07-15,403.004,3.744416399863392,-2.166869675819114,-0.9424111,-0.1612039589457774,-2.0056657168733367,0.3498562340643754
2022-07-16,397.122,-2.144866385910131,-2.112610188260647,-0.89235723,-0.2010343997106015,-1.9115757885500455,0.3672070851739066
2022-07-17,399.502,0.2276927909760697,-2.0572385925463137,-0.8310406,-0.2415582994968942,-1.8156802930494196,0.3844344157256454
2022-07-18,400.446,1.164629565854474,-2.00074505379367,-0.77534723,-0.2827734422551541,-1.717971611538516,0.401534867833052
2022-07-19,397.571,-1.7170359572314542,-1.9431205384290404,-0.7148625,-0.3246767671086725,-1.618443771320368,0.41850512966464
2022-07-20,402.149,2.854034458589624,-1.8843568363039425,-0.64270246,-0.3672643588750749,-1.5170924774288672,0.4353419349821205
2022-07-21,405.668,6.36500239614058,-1.8244465820720237,-0.57378656,-0.4105314394102491,-1.4139151426617742,0.4520420626714739
2022-07-22,402.964,3.651208414136061,-1.7633832758042425,-0.51621515,-0.4544723597886274,-1.308910916015615,0.4686023362684398
2022-07-23,398.969,-0.3546098679329912,-1.7011613028208594,-0.4577634,-0.499080593332991,-1.2020807094878685,0.4850196234798943
2022-07-24,395.38,-3.95668140318514,-1.6377759527194833,-0.41540512,-0.544348729506164,-1.0934272232133193,0.5012908357025728
2022-07-25,397.974,-1.375038507640225,-1.573223437579448,-0.389721,-0.5902684686761572,-0.9829549689032908,0.5174129275405344
2022-07-26,400.469,1.1084293045217812,-1.5075009093234486,-0.34576994,-0.6368306177655101,-0.8706702915579385,0.5333828963227654
2022-07-27,404.864,5.49211366454549,-1.440606476218372,-0.2954811,-0.684025086794702,-0.7565813894236701,0.5491977816222687
2022-07-28,400.901,1.5175406837044392,-1.372539218498048,-0.26155654,-0.731840886328686,-0.640698332169362,0.564854664777949
2022-07-29,396.053,-3.342174340557253,-1.3032992030916184,-0.23596628,-0.7802661258347123,-0.5230330772569061,0.5803506684205872
2022-07-30,392.675,-6.731912833468424,-1.232887497442068,-0.20465049,-0.8292880129587282,-0.4035994844833398,0.5956829560041313
2022-07-31,402.238,2.8182850842676306,-1.161306182400429,-0.17337847,-0.8788928537267471,-0.2824133286736818,0.6108487313435184
2022-08-01,399.751,0.3177343638804029,-1.0885583641821297,-0.14983498,-0.9290660536767128,-0.1594923105054169,0.6258452381601876
2022-08-02,402.405,2.958797958902073,-1.0146481853728162,-0.16387881,-0.9797921199254128,-0.0348560654474034,0.6406697596364089
2022-08-03,406.953,7.493372152510661,-0.9395808349720696,-0.12129008,-1.031054664174143,0.0914738292020733,0.6553196179794974
2022-08-04,403.185,3.711782335719203,-0.8633625574642944,-0.07932329,-1.0828364066558511,0.2194738491915567,0.6697921739969598
2022-08-05,399.325,-0.1645391066605146,-0.7860006609071124,-0.06873768,-1.1351191810255905,0.3491185201184779,0.6840848266835685
2022-08-06,402.849,3.343647804537873,-0.7075035240285187,-0.042332847,-1.1878839401951382,0.4803804161666195,0.6981950128212857
2022-08-07,407.114,7.593380216332184,-0.6278806023251339,0.010582005,-1.2411107631117524,0.6132301607866185,0.7121202065929609
2022-08-08,400.925,1.3898288505639602,-0.5471424331547792,0.05801628,-1.2947788624800125,0.7476364293252331,0.7258579192106498
2022-08-09,390.858,-8.691184332386126,-0.4653006398176966,0.09760888,-1.3488665934248187,0.8835659536071221,0.7394056985593415
2022-08-10,399.697,0.1334894350161963,-0.38236793462169,0.13217282,-1.4033514630926467,1.0209835284709563,0.7527611288568694
2022-08-11,396.863,-2.715966695263388,-0.2983581209274883,0.17598978,-1.4582101411871664,1.159852020259678,0.7659218303307075
2022-08-12,400.883,1.2901948358630315,-0.2132860941716118,0.2257386,-1.5134184714344472,1.3001323772628353,0.7788854589123004
2022-08-13,406.878,7.27235681574623,-0.1271678418651171,0.26983848,-1.5689514839719982,1.441783642106881,0.7916497059495466
2022-08-14,397.286,-2.3326079742208456,-0.0400204425674527,0.31073585,-1.624783408654904,1.5847629660874512,0.8042122979379931
2022-08-15,398.689,-0.9416005851936422,0.0481379361641638,0.33221623,-1.6808876892714415,1.7290256254356056,0.8165709962712285
2022-08-16,403.102,3.459999526734684,0.1372880408486015,0.35721928,-1.7372369986595828,1.8745250395081845,0.8287235970109659
2022-08-17,404.265,4.611989007043055,0.2274095361754857,0.3770321,-1.7938032547148517,2.021212790890337,0.8406679306771979
2022-08-18,401.236,1.5730544663879016,0.3184810101174744,0.3956307,-1.8505576372790904,2.1690386473965653,0.8524018620587863
2022-08-19,408.345,8.67227493717287,0.4104799800557667,0.4391191,-1.9074706058987756,2.317950585954542,0.863923290044801
2022-08-20,402.319,2.6375843394613856,0.5033828999135934,0.47045976,-1.9645119184405688,2.467894818354162,0.87523014747686
2022-08-21,400.442,0.7519158142425209,0.597165168291441,0.5027032,-2.0216506505509417,2.618815818842383,0.8863204010226825
2022-08-22,406.333,6.634834357733752,0.6918011375967915,0.5357082,-2.078855215945777,2.770656353542569,0.8971920510710045
2022-08-23,402.821,3.115833221864257,0.7872641241602695,0.55912715,-2.1360933875149675,2.923357511675237,0.9078431316479886
2022-08-24,401.812,2.100254604371228,0.8835264193290453,0.5889828,-2.193332319226185,3.07685873855523,0.91827171035517
2022-08-25,405.742,6.024761235463224,0.9805593015275024,0.6165653,-2.2505385688111192,3.2310978703386217,0.9284758883289674
2022-08-26,399.158,-0.5636535154630469,1.0783330492742649,0.64655286,-2.307678121216614,3.386011170490879,0.9384538002217164
2022-08-27,404.028,4.303003720989064,1.176816955143712,0.6711306,-2.3647164128023603,3.541533367946072,0.9482036142041717
2022-08-28,404.713,4.985726314216118,1.275979340659307,0.69059086,-2.4216183562659097,3.6975976969252167,0.9577235319893236
2022-08-29,408.629,8.900507633614911,1.3757875721051596,0.7239313,-2.4783483662750547,3.8541359383802143,0.9670117888773908
2022-08-30,404.567,4.838212818569197,1.4762080772413748,0.7524875,-2.5348703857867503,4.0110784630281255,0.9760666538217664
2022-08-31,397.998,-1.7308044915366487,1.577206362907953,0.7806172,-2.591147913031078,4.168354275939031,0.984886429515675
2022-09-01,404.277,4.549476867145099,1.6787470335011785,0.8147227,-2.647144029137934,4.325891062639112,0.9934694524992292
2022-09-02,405.002,5.27680826058026,1.7807938103055838,0.85707384,-2.7028214263834327,4.483615236689016,1.0018140932865902
2022-09-03,408.069,8.346258002059933,1.8833095516639289,0.88963306,-2.758142437032303,4.641451988696232,1.009918756512817
2022-09-04,405.929,6.209769870187168,1.986256273966711,0.91082394,-2.8130690627518806,4.799325336718591,1.017781881100035
2022-09-05,402.879,3.1643369944815145,2.0895951734421603,0.93400514,-2.867563004572593,4.957158178014754,1.0254019404424526
2022-09-06,406.809,7.099952504462186,2.1932866487268305,0.9675256,-2.9215856933692765,5.114872342096107,1.032777442609761
2022-09-07,404.217,4.514548330085603,2.2972903241963016,0.9904606,-2.975098320836936,5.272388645033238,1.039906930568406
2022-09-08,411.07,11.37518049102973,2.401565074034772,1.0052276,-3.0280618709340827,5.429626944968854,1.0467889824201737
2022-09-09,414.3200000000001,14.63384210749938,2.5060690470217413,1.0065548,-3.080437151766119,5.586506198787861,1.0534222116575254
2022-09-10,406.19,6.512974705173164,2.6107596920133367,1.0259283,-3.132184827880764,5.742944519894101,1.0598052674350866
2022-09-11,404.661,4.99388961260998,2.7155937840952404,1.0517796,-3.183265452946937,5.898859237042178,1.065936834856635
2022-09-12,405.833,6.176821733575858,2.8205274513836245,1.0589427,-3.2336395027880998,6.054166954171723,1.0718156352769508
2022-09-13,405.742,6.097764067505008,2.9255162024499786,1.0651966,-3.2832674087405227,6.208783611190501,1.0774404266178474
2022-09-14,409.228,9.596709613831653,3.030514954345142,1.0823725,-3.332109591306546,6.362624545651688,1.082810003697659
2022-09-15,403.411,3.793651371990011,3.1354780611974604,1.1135826,-3.380126494072485,6.515604555269945,1.0879231985734876
2022-09-16,403.872,4.269582341414285,3.240359343359414,1.1471833,-3.4272786178604564,6.667637961219871,1.0927788808954506
2022-09-17,407.811,8.224495521538683,3.345112117076768,1.1643374,-3.4735265550830574,6.818638672159825,1.09737595827216
2022-09-18,406.239,6.668603764092575,3.4496892246537536,1.058522,-3.518831024269484,6.968520248923237,1.1017133766466776
2022-09-19,410.27,10.716701767256502,3.554043065087533,0.8264333,-3.563152904731425,7.117195969818958,1.10579012068214
2022-09-20,408.738,9.202667025133591,3.658125625144782,0.6911379,-3.606453271336766,7.264578896481548,1.1096052141562516
2022-09-21,402.411,2.894610992487092,3.761888510852918,0.657773,-3.648693429358955,7.410581940211873,1.113157720363833
2022-09-22,399.692,0.195526532450792,3.8652829793782737,0.68821394,-3.689834949369626,7.555117928747899,1.1164467425266094
2022-09-23,399.081,-0.3945934918414675,3.968259971263143,0.75687665,-3.729839702141978,7.698099673405121,1.119471424209392
2022-09-24,404.125,4.67124378274417,4.0707701429935135,0.83208805,-3.768669893532212,7.839440036525726,1.122230949741838
2022-09-25,402.105,2.6740312193414955,4.172763899869046,0.9000977,-3.806288099306258,7.979051999175304,1.1247245446449337
2022-09-26,404.521,5.113761681084332,4.274191429146627,0.9541078,-3.842657299878945,8.116848729025572,1.1269514760613648
2022-09-27,405.118,5.735428031106526,4.375002733428848,1.0041753,-3.877740914932736,8.252743648361584,1.1289110531889406
2022-09-28,408.935,9.578023132541952,4.475147664268459,1.0516808,-3.9115028378831167,8.386650502151575,1.1306026277162229
2022-09-29,400.881,1.5505398485243769,4.574575955959879,1.0768471,-3.9439074701577934,8.518483426117673,1.132025594259522
2022-09-30,404.156,4.852971042187804,4.673237259488783,1.1114521,-3.974919755256876,8.648157014745658,1.1331793908004415
2022-10-01,400.507,1.2323095766658394,4.771081176610677,1.1314634,-4.00450521256132,8.775586389171997,1.1340634991231344
2022-10-02,406.792,7.546548315092389,4.868057294029523,1.1655759,-4.032629970857066,8.900687264886589,1.1346774452504511
2022-10-03,405.642,6.426680120601368,4.9641152176473184,1.1993436,-4.059260801542393,9.023376019189712,1.135020799878188
2022-10-04,405.716,6.53169785632655,5.059204606855804,1.2318531,-4.084365151486255,9.14356975834206,1.1350931788066203
2022-10-05,406.189,7.036594385401783,5.153275208841352,1.2677375,-4.107911175505566,9.261186384346916,1.1348942433685554
2022-10-06,407.464,8.344362570960906,5.246276892874397,1.3165199,-4.129867768429651,9.376144661304048,1.1344237008531106
2022-10-07,402.87,3.783995276137718,5.3381596845547525,1.3578663,-4.150204596720357,9.48836428127511,1.1336813049244936
2022-10-08,406.266,7.214485364066085,5.428873799984471,1.3891217,-4.168892129616634,9.597765929601106,1.132666856035023
2022-10-09,405.987,6.970825697879766,5.518369679839962,1.4198377,-4.185901669772784,9.704271349612746,1.1313802018316714
2022-10-10,414.199,15.219009140712696,5.606598023315454,1.4479918,-4.201205383359861,9.807803406675315,1.1298212375554546
2022-10-11,410.868,11.925028555698733,5.693509821909996,1.4783887,-4.214776329600227,9.908286151510222,1.1279899064329506
2022-10-12,406.443,7.537876805971603,5.779056393030585,1.4989108,-4.22658848970561,10.005644882736195,1.1258862000593286
2022-10-13,405.458,6.591546754665249,5.863189413384262,1.5108382,-4.236616795189545,10.099806208573806,1.1235101587722238
2022-10-14,408.117,9.290031264913448,5.945860952132295,1.5482409,-4.24483715552554,10.190698107657834,1.1208618720158725
2022-10-15,412.496,13.70932319984995,6.02702350378007,1.574168,-4.2512264851228485,10.278249988902918,1.117941478694894
2022-10-16,409.3490000000001,10.603398734816183,6.10663002077646,1.5841316,-4.255762729592319,10.362392750368778,1.114749167517196
2022-10-17,410.045,11.341267881727124,6.184633945797093,1.6035905,-4.258424891275273,10.443058837072366,1.1112851773254353
2022-10-18,404.409,5.747923501176821,6.2609892436861445,1.6410072,-4.25919305400915,10.520182297695294,1.107549797416557
2022-10-19,405.754,7.136358453759332,6.33565043303186,1.6760737,-4.25804840710411,10.59369884013597,1.103543367848924
2022-10-20,408.36,9.786565600068398,6.408572617351418,1.7144381,-4.254973268505591,10.663545885857008,1.0992662797365838
2022-10-21,415.98,17.451537800698084,6.479711515861237,1.7307132,-4.249951107118419,10.729662622979657,1.0947189755302795
2022-10-22,415.513,17.030267916242334,6.549023493809377,1.5981184,-4.242966564268877,10.791990058078255,1.089901949284792
2022-10-23,404.565,6.128748807295043,6.6164655923471,1.5778677,-4.23400547428178,10.85047106662888,1.084815746912272
2022-10-24,406.996,8.60697333445029,6.681995557917347,1.5204754,-4.22305488415045,10.905050442067797,1.079460966421245
2022-10-25,407.475,9.133934358301886,6.745571871138341,1.5046898,-4.210103072278253,10.955674943416591,1.073838258140971
2022-10-26,410.861,12.568624739443884,6.807153775161121,1.4692917,-4.195139566271135,11.002293341432257,1.0679483249309458
2022-10-27,406.372,8.128710613450155,6.86670130348046,1.4573954,-4.178155159761503,11.044856463241963,1.0617919223752592
2022-10-28,413.865,15.6715205914877,6.924175307179154,1.4585038,-4.159141928244574,11.083317235423728,1.0553698589616607
2022-10-29,407.734,9.590889998830496,6.979537481586345,1.4619066,-4.138093243909255,11.1176307254956,1.0486829962451527
2022-10-30,401.573,3.480400541437424,7.032750392331208,1.4393456,-4.115003789446464,11.147754181777673,1.0417322489959784
2022-10-31,409.638,11.596628747355888,7.083777500773845,1.4291762,-4.089869570818761,11.173647071592606,1.0345185853319174
2022-11-01,412.049,14.05956731739335,7.132583188796111,1.1366475,-4.062687928976036,11.195271117772148,1.0270430268348123
2022-11-02,406.459,8.522208952356879,7.179132782935562,0.99899256,-4.033457550503009,11.21259033343857,1.0193066486513154
2022-11-03,402.545,4.661546353053678,7.223392577846554,0.9698197,-4.002178477185221,11.225571055031777,1.0113105795778248
2022-11-04,405.973,8.143572220291071,7.265329859073118,0.84915864,-3.9688521144811695,11.23418197355429,1.0030560021296695
2022-11-05,409.2,11.42527925487629,7.304912925119014,0.4678722,-3.933481238889285,11.238394164008298,0.9945441525945904
2022-11-06,406.624,8.904660157616531,7.342111108801065,0.36098993,-3.896070004199371,11.238181113000437,0.9857763210706172
2022-11-07,407.433,9.769707629319,7.37689479787252,-0.10446139,-3.8566239466192487,11.233518744491768,0.9767538514884664
2022-11-08,406.079,8.472414370790931,7.409235454904077,-0.6699016,-3.815149988768272,11.224385443672348,0.967478141618604
2022-11-09,411.863,14.3135739180295,7.439105636410773,-0.8220627,-3.771656442530497,11.21076207894127,0.957950643063174
2022-11-10,398.898,1.406383638442307,7.466479011213775,-0.8161926,-3.726153010761308,11.192632021975085,0.9481728612329836
2022-11-11,399.439,2.005761807664822,7.491330378026864,-0.8000248,-3.678650787842345,11.16998116586921,0.9381463553098048
2022-11-12,403.1950000000001,5.820773469450927,7.513635682258067,-0.84744865,-3.62916225908067,11.142797941338738,0.9278727381942358
2022-11-13,397.634,0.3190424183331242,7.533372032017744,-0.8147713,-3.577701298949148,11.111073330966892,0.917353676439432
2022-11-14,402.458,5.202920155229707,7.550517713325098,-0.7845194,-3.524283168166144,11.074800881491242,0.9065908901710232
2022-11-15,393.387,-3.807600715005746,7.565052204505926,-0.7352558,-3.46892450961363,11.033976714119555,0.8955861529935317
2022-11-16,395.022,-2.1115275875199053,7.576956189775033,-0.6797603,-3.4116433430939668,10.988599532869,0.8843412918836905
2022-11-17,399.884,2.8125010074855155,7.586211571997694,-0.6402213,-3.352459058926642,10.938670630924335,0.8728581870710207
2022-11-18,403.342,6.333118833423036,7.592801484625083,-0.5962977,-3.291392410387373,10.884193895012457,0.8611387719060837
2022-11-19,404.347,7.400949684825514,7.59671030279944,-0.55377334,-3.2284655049930318,10.825175807792473,0.8491850327168303
2022-11-20,401.655,4.772345062610922,7.597923653625591,-0.5207866,-3.1637017946369426,10.761625448262532,0.8369990086534905
2022-11-21,406.56,9.741119988396516,7.596428425605878,-0.48431405,-3.097126064580208,10.693554490186086,0.8245827915224606
2022-11-22,400.826,4.07098166682084,7.592212777236697,-0.4744988,-3.0287644213057123,10.620977198542407,0.8119385256096642
2022-11-23,399.304,2.6132837596820515,7.585266144765156,-0.44864938,-2.9586442792426517,10.543910424007809,0.7990684074938791
2022-11-24,401.885,5.259130766582775,7.575579249105459,-0.44035935,-2.8867943463703503,10.46237359547581,0.785974685850529
2022-11-25,402.358,5.797515179816637,7.563144101915026,-0.43687516,-2.8132446087113343,10.37638871062636,0.7726596612464417
2022-11-26,405.178,8.682055473890061,7.547954010831331,-0.46166393,-2.7380263137245158,10.285980324555847,0.7591256859261221
2022-11-27,399.834,3.403061160818737,7.5300035838709265,-0.47403696,-2.661171952610564,10.191175536481492,0.7453751635900385
2022-11-28,406.764,10.398597287637214,7.509288732992957,-0.5211677,-2.582715241542405,10.092003974535364,0.7314105491654852
2022-11-29,412.33,16.030656127950635,7.485806676830101,-0.5122517,-2.502691101834914,9.988497778665014,0.717234348570545
2022-11-30,410.437,14.204079597321767,7.4595559425905,-0.61620164,-2.421135639068821,9.88069158165932,0.7028491184717163
2022-12-01,413.625,17.45810367878293,7.430536367134991,-1.2563089,-2.3380861211848827,9.768622488319874,0.6882574660357246
2022-12-02,406.711,10.610137289274736,7.398749097234541,-1.2679533,-2.2535809555652877,9.652330052799828,0.6734620486760972
2022-12-03,405.266,9.231621380256769,7.36419658901342,-1.3376762,-2.167659665120316,9.531856254133736,0.6584655737950178
2022-12-04,400.866,4.898548001087713,7.326882606584293,-1.7449483,-2.080362863399148,9.40724546998344,0.6432707985210322
2022-12-05,412.764,16.86344423043074,7.286812219882032,-2.105243,-1.991732228744656,9.278544448626688,0.6278805294431208
2022-12-06,408.521,12.68771412107288,7.243991801703607,-2.122944,-1.9018104775129907,9.145802279216598,0.6122976223416764
2022-12-07,399.336,3.5699934023556885,7.198429023962039,-2.116312,-1.8106413363795688,9.009070360341608,0.5965249819169293
2022-12-08,405.8,10.101668901227727,7.150132853162914,-2.2640533,-1.7182695137540314,8.868402366916945,0.5805655615152995
2022-12-09,408.021,12.39073253289343,7.099113545112579,-2.478323,-1.6247406703275378,8.723854215440117,0.5644223628542213
2022-12-10,402.434,6.872176212557399,7.045382638867602,-3.326386,-1.5301013887766062,8.575484027644208,0.5480984357458911
2022-12-11,408.54,13.046241543845964,6.988952949935675,-3.7453024,-1.434399142648557,8.423352092584231,0.5315968778204536
2022-12-12,404.137,8.711320908355061,6.929838562738532,-3.7901955,-1.3376822644543258,8.267520827192858,0.5149208342490513
2022-12-13,395.185,-0.172440259207649,6.8680548223480935,-3.786818,-1.2399999129952637,8.108054735343357,0.498073497467211
2022-12-14,404.527,9.238394192527084,6.803618325507391,-3.777062,-1.1414020399511942,7.945020365458586,0.4810581068989754
2022-12-15,395.5,0.2806107500056995,6.736546910948297,-3.7552316,-1.0419393557577834,7.77848626670608,0.4638779486821814
2022-12-16,398.004,2.854241486691992,6.66685964901859,-3.7017353,-0.9416632948019064,7.608522943820496,0.4465363553952828
2022-12-17,403.578,8.498238907645236,6.594576830631245,-3.6501217,-0.8406259799643817,7.435202810595626,0.4290367057860689
2022-12-18,402.308,7.298554427914063,6.519719955549196,-3.6004474,-0.7388801865400747,7.2586001420892705,0.4113824245025932
2022-12-19,403.672,8.73300807486552,6.442311720019335,-3.5503867,-0.6364793055659549,7.07879102558529,0.3935769818266631
2022-12-20,405.781,10.912796813352704,6.362376003769685,-3.5556498,-0.53347730658829,6.895853310357976,0.3756238934101298
2022-12-21,407.861,13.0639123534055,6.279937856384208,-3.5682027,-0.4299286999006793,6.709866556284887,0.3575267200142494
2022-12-22,400.01,5.284346405053792,6.195023483069889,-3.5419493,-0.3258884982851642,6.520911981355053,0.3392890672523387
2022-12-23,399.39200000000005,4.738090678327625,6.107660229831121,-3.6085892,-0.2214121782891129,6.3290724081202345,0.3209145853359088
2022-12-24,396.563,1.981008239826852,6.017876568066708,-3.6433008,-0.1165556410710497,6.134432209137757,0.3024069688244324
2022-12-25,394.749,0.2394339527830284,5.925702078604963,-3.6425471,-0.0113751728490146,5.937077251453977,0.2837699563788854
2022-12-26,398.344,3.907194616256996,5.831167435192778,-3.684476,0.094072595014591,5.7370948401781865,0.2650073305191321
2022-12-27,407.479,13.115707686424331,5.734304387454635,-4.873171,0.1997307262573377,5.534573661197298,0.2461229173852238
2022-12-28,407.26,12.970084879456184,5.635145743337829,-4.9467125,0.3055420202556281,5.329603723082201,0.2271205865026248
2022-12-29,398.303,4.086757481991219,5.533725351060263,-5.1454573,0.4114490528231664,5.122276298237097,0.2080042505513458
2022-12-30,401.688,7.54617859649049,5.430078080577497,-6.216901,0.5173942172338125,4.912683863343684,0.1887778651389275
2022-12-31,402.82,8.752891120602436,5.324239804585658,-6.6915975,0.6233197654334295,4.700920039152228,0.1694454285771868
2023-01-01,400.912,6.919760569828879,5.216247379077218,-6.731458,0.7291678494051169,4.4870795296721,0.1500109816625797
2023-01-02,400.938,7.020067592429305,5.106138623466484,-6.704494,0.8348805626520514,4.271258060814433,0.1304786074600165
2023-01-03,401.383,7.538864275587476,4.993952300301977,-6.707655,0.9403999817620806,4.0535523185398965,0.110852431089908
2023-01-04,397.357,3.586438697588693,4.879728094582799,-6.867194,1.0456682080180852,3.834059886564714,0.0911366195181921
2023-01-05,402.146,8.449273774527708,4.763506592696156,-7.7098117,1.150627409018108,3.612879183678048,0.0713353813490417
2023-01-06,400.958,7.334888772011219,4.645329260993353,-7.7567205,1.2552198602692042,3.390109400724149,0.0514529666199151
2023-01-07,397.426,3.8765472325499513,4.525238424021448,-8.0394,1.3593879867190104,3.1658504373024376,0.0314936665985755
2023-01-08,404.077,10.601445773099876,4.403277242427872,-8.622328,1.4630744041890615,2.94020283823881,0.0114618135816464
2023-01-09,399.633,6.231575195846575,4.279489690555229,-9.247193,1.566221960673985,2.713267729881244,-0.0086382193057443
2023-01-10,399.079,5.751750857733267,4.153920533743513,-9.566425,1.6687737774708231,2.485146756272689,-0.0288020183097485
2023-01-11,398.73,5.476858246209123,4.026615305356908,-9.884824,1.7706732901028823,2.2559420152540257,-0.0490251292475506
2023-01-12,394.156,0.9771587799380814,3.897620283552224,-10.030061,1.8718642890027024,2.025755994549522,-0.0693030577076772
2023-01-13,389.259,-3.845356246287542,3.7669824678060833,-10.266866,1.972290959918976,1.794691507887107,-0.089631269251489
2023-01-14,396.977,3.9473044623247935,3.634749555217668,-10.838372,2.0718979240124797,1.5628516312051888,-0.1100051896165332
2023-01-15,396.886,3.930750450236599,3.50096991660392,-10.954961,2.1706302776063917,1.3303396389975286,-0.1304202049224532
2023-01-16,397.426,4.544422525204247,3.36569257240386,-10.921399,2.268433631556708,1.0972589408471514,-0.1508716618802034
2023-01-17,388.064,-4.74371924939793,3.2289671684085364,-10.731332,2.3652541502087776,0.8637130181997588,-0.1713548680053757
2023-01-18,392.539,-0.1946837803716086,3.0908439513330337,-10.683576,2.4610385899064204,0.6298053614266133,-0.1918650918364481
2023-01-19,391.25,-1.4095385864456371,2.9513737442467414,-10.696574,2.555734337020501,0.3956394072262399,-0.2123975631588008
2023-01-20,383.115,-9.470392445932616,2.8106079218779123,-10.48331,2.6492894454642624,0.1613184764136499,-0.2329474732354478
2023-01-21,386.588,-5.9229296467278285,2.6685983858083784,-10.299235,2.741652673663233,-0.0730542878548545,-0.2535099750453617
2023-01-22,396.197,3.7606763458040255,2.525397539574045,-10.127799,2.832773520948039,-0.307375981373994,-0.2740801835304141
2023-01-23,395.393,3.0314166159405165,2.3810582636865933,-9.950962,2.9226022633389896,-0.5415439996523963,-0.2946531758518846
2023-01-24,386.068,-6.218717752040521,2.235633890591556,-9.786779,3.0110899886918845,-0.7754560981003289,-0.3152239916576156
2023-01-25,381.902,-10.309735673861589,2.089178179577769,-9.628152,3.098188631175089,-1.00901045159732,-0.3357876333608519
2023-01-26,381.477,-10.65964606524497,1.94174529165286,-9.461396,3.1838510050485955,-1.2421057133957356,-0.3563390664318697
2023-01-27,382.62,-9.441457841912944,1.7933897643992138,-9.324292,3.268030837716396,-1.4746410733171815,-0.3768732197035131
2023-01-28,388.012,-3.97417991958792,1.6441664868246415,-9.181577,3.350682802024224,-1.7065163151995824,-0.3973849856917948
2023-01-29,384.283,-7.627981316544568,1.4941306742215774,-9.093604,3.431762547775429,-1.937631873553852,-0.4178692209327276
2023-01-30,397.237,5.401293576769689,1.3433378430484793,-8.934646,3.5112267324384803,-2.167888889390001,-0.4383207463365853
2023-01-31,380.575,-11.185641087686587,1.191843785846734,-8.796589,3.589033051020374,-2.39718926517364,-0.458734347560815
2023-02-01,388.309,-3.3762327847096856,1.0397045462060717,-8.669443,3.665140265081015,-2.625435718874943,-0.4791047754028332
2023-02-02,389.3,-2.309775053877293,0.8869763937912497,-8.545323,3.7395082308644456,-2.852531837073196,-0.4994267462139637
2023-02-03,392.02,0.4857231647207305,0.7337157994423722,-8.544489,3.812097926523641,-3.078382127081269,-0.5196949423357948
2023-02-04,387.712,-3.7470239769569087,0.5799794103609643,-8.4696455,3.88287147841645,-3.3028920680554856,-0.5399040125602211
2023-02-05,390.603,-0.7808073779662328,0.4258240253935667,-8.893952,3.951792186451156,-3.525968161057589,-0.5600485726144996
2023-02-06,386.323,-4.985567666767107,0.2713065704242869,-8.81139,4.018824548460988,-3.747517978036701,-0.5801232056725848
2023-02-07,379.603,-11.630313835718905,0.1164840738874535,-8.726844,4.083934283587918,-3.967450209700464,-0.600122462894095
2023-02-08,380.062,-11.096054877180624,-0.0385863575888879,-8.622053,4.147088354656894,-4.185674712245782,-0.6200408639921982
2023-02-09,384.356,-6.726799783511398,-0.1938475633981157,-8.51434,4.2082549895227706,-4.402102552920886,-0.6398728978317658
2023-02-10,389.33,-1.677824126445004,-0.3492423530187494,-8.417288,4.267403701373023,-4.616646054391772,-0.6596130230590804
2023-02-11,387.859,-3.073923825279849,-0.5047135299169444,-8.400863,4.324505307970408,-4.829218837887352,-0.6792556687644629
2023-02-12,387.348,-3.5100860170123207,-0.6602039152782897,-8.293565,4.379531949820745,-5.0397358650990345,-0.6987952351790868
2023-02-13,384.155,-6.628603168914568,-0.8156563715598399,-8.219469,4.432457107251911,-5.248113478811751,-0.7182260944073311
2023-02-14,393.517,2.807644616280734,-0.9710138258536136,-8.226043,4.483255616391298,-5.454269442244911,-0.737542591195937
2023-02-15,392.461,1.8257884867728895,-1.1262192930530777,-8.134132,4.53190368402994,-5.658122977083018,-0.7567390437412778
2023-02-16,389.452,-1.1091445219727727,-1.2812158988146052,-8.040758,4.578378901362558,-5.859594800177163,-0.7758097445360118
2023-02-17,384.581,-5.906529928848001,-1.435946902306042,-7.9284515,4.622660256593922,-6.058607158899964,-0.794748961256363
2023-02-18,381.932,-8.482370321912969,-1.590355718735058,-7.812893,4.664728146402866,-6.255083865137924,-0.8135509376912866
2023-02-19,387.445,-2.8958467502054144,-1.7443859416501069,-7.7115097,4.704564386256485,-6.448950327906592,-0.8322098947147125
2023-02-20,387.206,-3.061388203102725,-1.8979813650072648,-7.622752,4.742152219568051,-6.640133584575316,-0.8507200313020847
2023-02-21,394.591,4.396587674986313,-2.05108600499647,-7.6416273,4.777476325693289,-6.82856233068976,-0.8690755255923328
2023-02-22,392.429,2.307349383692832,-2.203644121621056,-7.696294,4.810522826760772,-7.014166948381828,-0.8872705359964278
2023-02-23,389.329,-0.7204770071416529,-2.3556002400247613,-7.782801,4.841279293333215,-7.196879533357976,-0.9052992023536234
2023-02-24,380.411,-9.566091799779231,-2.506899171560684,-8.250665,4.869734748897641,-7.376633920458325,-0.9231556471364364
2023-02-25,384.955,-4.949771613241071,-2.657486034597015,-8.28088,4.8958796731833925,-7.553365707780408,-0.9408339767054192
2023-02-26,386.64,-3.1930330435949226,-2.8073062750546405,-8.514099,4.919706004308106,-7.727012279362746,-0.9583282826146812
2023-02-27,396.177,6.415635864228851,-2.956305686671981,-8.903362,4.941207139752854,-7.897512826424835,-0.9756326429691504
2023-02-28,383.168,-6.521774293954568,-3.104430430992792,-9.335737,4.9603779361687375,-8.064808367161529,-0.992741123834422
2023-03-01,394.576,4.957727077670276,-3.251627057072845,-9.366591,4.977214708018292,-8.228841765091136,-1.00964778070011
2023-03-02,388.758,-0.7889241097670698,-3.397842520901774,-9.319031,4.991715225056171,-8.389557745957944,-1.026346659997449
2023-03-03,390.756,1.280318934861277,-3.5430242045365232,-9.271611,5.003878708654635,-8.546902913191158,-1.042831800671938
2023-03-04,394.333,4.928446799047714,-3.687119934943244,-9.424672,5.013705826980413,-8.700825761923657,-1.059097235811704
2023-03-05,383.944,-5.389649982308248,-3.83007800254457,-9.692496,5.021198689030621,-8.85127669157519,-1.0751369943322318
2023-03-06,376.822,-12.44197520774172,-3.97184717946962,-9.739284,5.026360837536424,-8.998208017006043,-1.0909451027180306
2023-03-07,379.165,-10.02941079302284,-4.112376737504132,-9.818486,5.029197240744162,-9.141573978248294,-1.1065155868217802
2023-03-08,379.317,-9.80796633288142,-4.251616465738537,-10.001171,5.029714283084742,-9.28133074882328,-1.1218424737213677
2023-03-09,379.309,-9.746651422047496,-4.3895166879118666,-10.1752405,5.027919754743056,-9.417436442654925,-1.1369197936352518
2023-03-10,382.583,-6.403475655250986,-4.526028279449663,-10.993227,5.0238228401402,-9.549851119589864,-1.1517415818964394
2023-03-11,379.982,-8.935448627221856,-4.661102684194254,-11.019394,5.017434105342298,-9.678536789536553,-1.1663018809853347
2023-03-12,383.495,-5.353579932689879,-4.794691930825948,-11.257207,5.008765484410643,-9.80345741523659,-1.1805947426216377
2023-03-13,392.274,3.4940635319908546,-4.926748648973866,-11.70275,4.997830264708862,-9.924578913682728,-1.194614229915401
2023-03-14,390.677,1.9655088849862663,-5.057226085015334,-12.629158,4.984643071183769,-10.041869156199104,-1.2083544195772546
2023-03-15,385.5,-3.143777713408275,-5.186078117562943,-12.70028,4.969219849637406,-10.155297967200347,-1.2218094041877678
2023-03-16,381.21,-7.366256641977921,-5.313259272638426,-12.530396,4.9515778490088005,-10.264837121647226,-1.234973294525797
2023-03-17,379.208,-9.300911427566929,-5.438724738532843,-12.331726,4.9317356026847285,-10.370460341217573,-1.2478402219556266
2023-03-18,378.299,-10.142765022064124,-5.562430380352505,-12.113633,4.9097129088597,-10.472143289212203,-1.260404340872601
2023-03-19,383.888,-4.486827115551886,-5.684332754250343,-12.340353,4.885530809966212,-10.569863564216554,-1.272659831206858
2023-03-20,381.932,-6.3761203015078864,-5.804389121342455,-12.418118,4.859211571197114,-10.663600692539568,-1.2846009009847237
2023-03-21,384.138,-4.103641010171658,-5.922557461309734,-12.330528,4.830778658142743,-10.753336119452475,-1.2962217889472016
2023-03-22,381.104,-7.071664645380299,-6.03879648568455,-12.267216,4.800256713566228,-10.839053199250776,-1.3075167672249235
2023-03-23,391.656,3.5460721527156696,-6.153065650822565,-12.230585,4.767671533341138,-10.920737184163704,-1.3184801440688425
2023-03-24,381.494,-6.550764594258808,-6.265325170559824,-12.136358,4.733050041576356,-10.99837521213618,-1.3291062666358413
2023-03-25,375.228,-12.751851415835144,-6.375536028555392,-11.981959,4.696420264953718,-11.07195629350911,-1.3393895238283673
2023-03-26,376.689,-11.22619809385098,-6.48365999031977,-11.788619,4.657811306304691,-11.14147129662446,-1.3493243491870874
2023-03-27,377.327,-10.523814410144164,-6.589659614929532,-11.592151,4.617253317452925,-11.206912932382457,-1.358905223835472
2023-03-28,379.534,-8.252709586605143,-6.693498266428505,-12.177982,4.574777471350191,-11.268275737778696,-1.3681266794751483
2023-03-29,382.063,-5.659694649088066,-6.795140124916022,-12.284154,4.530415933533737,-11.32555605844976,-1.376983301430733
2023-03-30,377.896,-9.762973264282424,-6.894550197322604,-12.142226,4.484201832933693,-11.378752030256296,-1.3854697317427922
2023-03-31,379.697,-7.898555184429295,-6.991694327873737,-12.022648,4.436169232059648,-11.427863559933384,-1.3935806723074728
2023-04-01,379.658,-7.874450161769798,-7.086539208242133,-12.000258,4.386353096596025,-11.472892304838158,-1.4013108880612506
2023-04-02,378.476,-8.993667948544998,-7.179052387389057,-11.925674,4.334789264436347,-11.513841651825404,-1.4086552102091734
2023-04-03,386.898,-0.5092182969958876,-7.269202281095258,-11.84853,4.281514414186872,-11.55071669528213,-1.4156085394948472
2023-04-04,376.354,-10.991164748528227,-7.356958181182009,-11.715975,4.2265660331705615,-11.58352421435257,-1.4221658495103544
2023-04-05,377.81,-9.473461141636374,-7.44229026442281,-11.56467,4.1699823849626005,-11.61227264938541,-1.428322190044199
2023-04-06,375.216,-12.00611723679589,-7.525169601146234,-11.464518,4.111802476489121,-11.636972077635356,-1.4340726904652543
2023-04-07,375.236,-11.925142794482682,-7.60556816353037,-11.755188,4.052066024721016,-11.657634188251386,-1.439412563140644
2023-04-08,375.006,-12.094547575172337,-7.683458833589376,-11.644823,3.990813422995011,-11.674272256584388,-1.4443371068853583
2023-04-09,379.127,-7.913341339340689,-7.758815410852493,-11.51173,3.928085706994438,-11.686901117846933,-1.4488417104413531
2023-04-10,377.994,-8.986533847463427,-7.831612619735923,-11.398385,3.8639245204222834,-11.695537140158208,-1.4529218559837591
2023-04-11,375.894,-11.026168186092203,-7.901826116607945,-11.380058,3.798372080399332,-11.700198197007278,-1.4565731226517873
2023-04-12,374.226,-12.633381066809536,-7.969432496547454,-11.222098,3.731471142620285,-11.70090363916774,-1.4597911901017817
2023-04-13,382.016,-4.782884348406956,-8.034409299796252,-11.0438385,3.663264966300895,-11.697674266097149,-1.4625718420798406
2023-04-14,373.631,-13.107774214620587,-8.096735017905218,-10.849767,3.593797278949199,-11.690532296854418,-1.464910970011306
2023-04-15,373.419,-13.26006014911689,-8.156389099574477,-10.669141,3.523112240993962,-11.67950134056844,-1.4668045766043647
2023-04-16,374.213,-12.406751635562488,-8.213351956187644,-10.521573,3.451254410303444,-11.664606366491087,-1.468248779464935
2023-04-17,376.175,-10.3858581576241,-8.267604967040096,-10.458409,3.378268706627613,-11.64587367366771,-1.4692398147199026
2023-04-18,378.617,-7.885389198968137,-8.319130484261224,-10.452516,3.3042003759967797,-11.623330860258005,-1.4697740406457491
2023-04-19,370.076,-16.36835424326115,-8.367911837430512,-10.351956,3.229094955109607,-11.59700679254012,-1.4698479412994976
2023-04-20,375.949,-10.437762774170023,-8.413933337887228,-10.213953,3.152998235743274,-11.566931573630502,-1.4694581301488785
2023-04-21,366.295,-20.03462427536109,-8.457180282733413,-10.083237,3.075956229218425,-11.533136511951838,-1.4686013536985054
2023-04-22,372.609,-13.663900955905444,-8.497638958529858,-9.915114,2.9980151309513103,-11.49565408948117,-1.4672744951088366
2023-04-23,379.36,-6.85664828942965,-8.535296644684587,-9.796175,2.91922128512536,-11.454517929809947,-1.4654745778046057
2023-04-24,381.357,-4.803875752599192,-8.570141616533382,-9.649682,2.8396211495140604,-11.409762766047445,-1.4631987690693615
2023-04-25,372.127,-13.978592822080277,-8.602163148111739,-9.465388,2.7592612604868414,-11.36142440859858,-1.460444383622709
2023-04-26,371.703,-14.347808974538555,-8.631351514617663,-9.300876,2.6781881982292397,-11.309539712846902,-1.4572088871767748
2023-04-27,378.545,-7.451533686639967,-8.65769799456449,-9.129409,2.596448552208323,-11.254146546772812,-1.4534898999684034
2023-04-28,372.363,-13.579776435050318,-8.68119487162311,-8.933047,2.514088886913952,-11.19528375853706,-1.4492852002635204
2023-04-29,367.915,-17.97454669643548,-8.701835436152557,-8.728193,2.4311557079059987,-11.132991144058556,-1.4445927278300583
2023-04-30,369.327,-16.509853947461202,-8.719613986418224,-8.555174,2.3476954281972917,-11.067309414615517,-1.4394105873758407
2023-05-01,377.646,-8.138707664793433,-8.734525829496624,-8.435478,2.2637543350014666,-10.998280164498093,-1.4337370519477388
2023-05-02,376.37,-9.36311732509797,-8.74656728186571,-8.453904,2.179378556874496,-10.925945838740205,-1.4275705662884206
2023-05-03,376.661,-9.02109240504074,-8.755735669679696,-8.353751,2.0946140312780592,-10.850349700957755,-1.4209097501469663
2023-05-04,369.954,-15.67757693675226,-8.762029328727195,-8.278823,2.0095064725924443,-10.77153580131964,-1.4137534015396265
2023-05-05,370.099,-15.482647649293776,-8.76544760407156,-8.33981,1.9241013406059828,-10.689548944677544,-1.406100499956946
2023-05-06,371.165,-14.367314009370403,-8.765990849372146,-8.576253,1.838443809507509,-10.604434658879656,-1.397950209513504
2023-05-07,371.815,-13.668585483687377,-8.76366042588533,-8.506383,1.7525787374076314,-10.516239163292962,-1.3893018820364766
2023-05-08,366.623,-18.812471538949925,-8.758458701143939,-8.61119,1.666550636413969,-10.425009337557908,-1.380155060089257
2023-05-09,369.175,-16.212803763594973,-8.750389047313758,-8.4537115,1.5804036432848183,-10.330792690598576,-1.3705094799263131
2023-05-10,371.867,-13.473764668947233,-8.739455839225927,-8.276125,1.4941814906850133,-10.23363732991094,-1.3603650743755495
2023-05-11,371.072,-14.222363695370667,-8.725664452083713,-8.12568,1.4079274790670029,-10.133591931150717,-1.3497219756443553
2023-05-12,371.228,-14.020610283228956,-8.709021258842437,-7.965816,1.3216844491994175,-10.030705708041854,-1.338580518045598
2023-05-13,368.124,-17.079513872885823,-8.68953362726118,-7.8071375,1.235494755364649,-9.925028382625827,-1.3269412406398249
2023-05-14,368.459,-16.700083904705213,-8.667209916624898,-7.6331987,1.1494002392461444,-9.816610155871045,-1.3148048897899185
2023-05-15,367.186,-17.929329819050754,-8.642059474135655,-7.464861,1.0634422045253278,-9.705501678660983,-1.3021724216245372
2023-05-16,369.66,-15.41226105628638,-8.614092630971669,-7.271957,0.9776613922072268,-9.591754023178895,-1.2890450044066448
2023-05-17,369.299,-15.730887056775687,-8.583320698012885,-7.082438,0.8920979566930425,-9.475418654705928,-1.2754240208035132
2023-05-18,372.594,-12.394217260882536,-8.549755961231831,-6.9132843,0.8067914426170363,-9.356547403848868,-1.2613110700545906
2023-05-19,368.58,-16.367261108970666,-8.5134116767486,-6.745807,0.7217807624642362,-9.235192439212836,-1.2467079700336694
2023-05-20,368.081,-16.825660154720218,-8.474302065548743,-6.573906,0.6371041749845754,-9.111406240533318,-1.23161675920188
2023-05-21,370.269,-14.597781728257932,-8.43244230786309,-6.408431,0.55279926441816,-8.98524157228125,-1.2160396984480129
2023-05-22,371.527,-13.300635215468423,-8.387848537208386,-6.270022,0.4689029205454847,-8.856751457753871,-1.199979272812805
2023-05-23,372.14,-12.649230002236251,-8.34053783408789,-6.1474457,0.3854513195754451,-8.725989153663335,-1.1834381930938322
2023-05-24,367.141,-17.61057547444622,-8.290528219351003,-6.0231066,0.3024799058830912,-8.593008125234094,-1.1664193973277437
2023-05-25,376.037,-8.67768101798286,-8.237838647211266,-5.8928275,0.2200233746081073,-8.457862021819373,-1.148926052146647
2023-05-26,375.238,-9.44055601873084,-8.182488997921963,-5.777369,0.138115655124066,-8.32060465304603,-1.1309615540054814
2023-05-27,380.358,-4.285209862574892,-8.124500070108871,-5.6818757,0.0567898953875223,-8.181289965496394,-1.112529530277382
2023-05-28,376.619,-7.989651935399511,-8.063893572759707,-5.599699,-0.0239215528249295,-8.039972019934776,-1.093633840214011
2023-05-29,377.433,-7.141891623089423,-8.00069211686993,-5.4662046,-0.1039871477844939,-7.896704969085436,-1.0742785757680318
2023-05-30,373.927,-10.61493831152926,-7.934919206744819,-5.3639293,-0.1833761707767452,-7.751543035968074,-1.054468062274895
2023-05-31,383.926,-0.583801386603743,-7.866599230957756,-5.2499986,-0.2620587381617297,-7.604540492796026,-1.0342068589912723
2023-06-01,375.18,-9.298555678732615,-7.795757452964841,-5.143308,-0.3400058125233806,-7.45575164044146,-1.013499759487534
2023-06-02,377.296,-7.152143321405362,-7.722420001376198,-5.0379663,-0.4171892129050233,-7.305230788471175,-0.9923517918917738
2023-06-03,378.02,-6.3985737104671365,-7.646613859884413,-4.930803,-0.4935816241287113,-7.153032235755702,-0.9707682189830305
2023-06-04,373.484,-10.90513242538507,-7.568366856850729,-4.8239675,-0.5691566051970945,-6.9992102516536345,-0.9487545381313928
2023-06-05,379.89,-4.470407697054318,-7.487707654549871,-4.717997,-0.643888596777538,-6.8438190577723335,-0.9263164810828736
2023-06-06,380.61,-3.7212776814767543,-7.404665738074532,-4.632378,-0.7177529277691448,-6.686912810305387,-0.9034600135869932
2023-06-07,377.571,-6.731970638590126,-7.319271403900741,-4.56622,-0.7907258209543069,-6.528545582946434,-0.8801913348651689
2023-06-08,376.999,-7.276141541062413,-7.2315557481155395,-4.4909096,-0.8627843977374006,-6.368771350378139,-0.8565168769181203
2023-06-09,372.482,-11.765911577341887,-7.141550654308703,-4.4510345,-0.9339066819741436,-6.20764397233456,-0.8324433036706348
2023-06-10,373.408,-10.813475073598866,-7.049288781130305,-4.380864,-1.004071602896128,-6.045217178234177,-0.807977509952165
2023-06-11,383.081,-1.1148840888675804,-6.954803549516281,-4.328672,-1.0732589971359443,-5.881544552380337,-0.783126620311877
2023-06-12,377.097,-7.074213058017518,-6.85812912958439,-4.2791653,-1.14144960985928,-5.71667951972511,-0.7578979876668814
2023-06-13,378.116,-6.0313054285020975,-6.759300427203107,-4.1904426,-1.2086250950112232,-5.550675332191884,-0.7322991917825606
2023-06-14,372.239,-11.885133781805736,-6.658353070236345,-4.0926957,-1.2747680146850109,-5.383585055551334,-0.706338037584006
2023-06-15,384.914,0.8121644459721353,-6.555323394467119,-3.978306,-1.3398618376222438,-5.2154615568448754,-0.6800225532977597
2023-06-16,382.642,-1.4385400665270915,-6.450248429203496,-3.8870885,-1.4038909368545558,-5.046357492348941,-0.6533609884231939
2023-06-17,373.649,-10.410965178599676,-6.343165882570499,-3.796442,-1.4668405864975396,-4.87632529607296,-0.6263618115329959
2023-06-18,384.874,0.833731528900783,-6.234114126491883,-3.7438188,-1.528696957708614,-4.705417168783269,-0.599033707902412
2023-06-19,379.722,-4.299876961178336,-6.123132181365945,-3.7535305,-1.589447113821312,-4.533685067544633,-0.5713855769670367
2023-06-20,371.807,-12.197358962392704,-6.01025970043988,-3.7028484,-1.6490790046693362,-4.361180695770544,-0.5434265296090958
2023-06-21,373.541,-10.446723500832002,-5.895536953887399,-3.6208267,-1.7075814601144716,-4.187955493772927,-0.5151658852723336
2023-06-22,377.184,-6.787979602585553,-5.77900481259472,-3.5293448,-1.7649441827932784,-4.014060629801442,-0.486613168905782
2023-06-23,376.172,-7.785136293742921,-5.660704731660168,-3.4659655,-1.8211577400982029,-3.839546991561965,-0.4577781077368323
2023-06-24,372.291,-11.652202600393588,-5.5406787336131496,-3.4184868,-1.8762135554095096,-3.66446517820364,-0.4286706278742261
2023-06-25,371.717,-12.212341036065324,-5.418969391358304,-3.3551054,-1.930103898595159,-3.4888654927631446,-0.3993008507417023
2023-06-26,376.69,-7.225963805677306,-5.295619810851135,-3.2891054,-1.9828218757964209,-3.3127979350547143,-0.3696790893432557
2023-06-27,382.098,-1.804869122581473,-5.170673613511647,-3.2110462,-2.034361418517737,-3.136312194993909,-0.3398158443610711
2023-06-28,375.163,-8.727542405346574,-5.044174918382758,-3.1308413,-2.0847172720399483,-2.95945764634281,-0.3097218000874188
2023-06-29,378.333,-5.545789306837258,-4.916168324040679,-3.0361814,-2.1338849831766478,-2.7822833408640317,-0.2794078201919273
2023-06-30,376.747,-7.120875217880897,-4.786698890264646,-2.9475489,-2.1818608873940573,-2.604838002870589,-0.2488849433258284
2023-07-01,372.086,-11.770890955007488,-4.655812119473757,-2.8705237,-2.228642095315328,-2.4271700241584293,-0.2181643785649325
2023-07-02,373.773,-10.073352546988888,-4.523553937938895,-2.7846532,-2.2742264786307897,-2.2493274593081054,-0.1872575006932824
2023-07-03,379.331,-4.505436979717976,-4.389970676778139,-2.6977134,-2.3186126554361466,-2.0713580213419927,-0.1561758453295516
2023-07-04,381.628,-2.198881480435785,-4.255109052744173,-2.6119616,-2.361799975021163,-1.8933090777230095,-0.124931103898476
2023-07-05,385.941,2.1230881010808784,-4.119016148812701,-2.5367298,-2.4037885021317997,-1.7152276466809018,-0.0935351184497291
2023-07-06,376.145,-7.662386186954741,-3.981739394580997,-2.4694116,-2.4445790007292523,-1.537160393851745,-0.0619998763268408
2023-07-07,384.685,0.8872920960720299,-3.843326546486125,-2.3966277,-2.484172917269733,-1.3591536292163915,-0.0303375046889105
2023-07-08,382.169,-1.6197977561721215,-3.703825667852516,-2.321274,-2.522572363529217,-1.1812533043232984,0.001439735111973
2023-07-09,378.319,-5.461839485462336,-3.563285108779058,-2.260943,-2.559780098997772,-1.003505009781286,0.0333194532945201
2023-07-10,381.081,-2.691966005795688,-3.4217534858759038,-2.1938868,-2.5957995128683637,-0.82595397300754,0.0652891375500017
2023-07-11,373.82,-9.945792113671404,-3.2792796618616245,-2.1351442,-2.630634605645373,-0.6486450562162513,0.0973361590786085
2023-07-12,373.025,-10.7344901464253,-3.1359127250315595,-2.0651023,-2.6642899703983014,-0.4716227546332581,0.1294477787568376
2023-07-13,379.342,-4.4105089076761725,-2.9917019686084205,-2.0010781,-2.6967707736863997,-0.2949311949220212,0.1616111534322262
2023-07-14,376.878,-6.867502226238615,-2.8466968699865123,-1.9274307,-2.728082736180152,-0.1186141338063602,0.1938133423415796
2023-07-15,381.578,-2.1613400010729302,-2.700947069881143,-1.858907,-2.7582321130057394,0.0572850431245965,0.2260413136486868
2023-07-16,383.884,0.1501420118762562,-2.5545023513950302,-1.8052623,-2.787225673838724,0.2327233224436935,0.2582819510974024
2023-07-17,383.02,-0.7085775225940529,-2.407412619013715,-1.766668,-2.815070682773353,0.4076580637596381,0.2905220607758018
2023-07-18,386.477,2.752822616092595,-2.2597278775422778,-1.720934,-2.841774877993952,0.5820470004516745,0.3227483779869866
2023-07-19,383.001,-0.7198423581622193,-2.111498210995722,-1.667508,-2.8673464512749174,0.7558482402791955,0.3549475742219997
2023-07-20,372.5,-11.21757601500252,-1.9627737614557608,-1.6116796,-2.8917940273358678,0.929020265880106,0.3871062642301511
2023-07-21,385.468,1.7541859899129344,-1.8136047079067428,-1.5620704,-2.915126643078493,1.1015219351717498,0.419211013181946
2023-07-22,377.162,-6.547313297926088,-1.6640412450637727,-1.4954084,-2.937353726731615,1.2733124816678425,0.4512483439196765
2023-07-23,381.082,-2.621202822964176,-1.5141335622061451,-1.4400133,-2.958485076930909,1.444351514724764,0.4832047442906338
2023-07-24,381.273,-2.4220009078878784,-1.36393182202943,-1.39312,-2.978530841759613,1.614599019730183,0.5150666745577329
2023-07-25,380.31,-3.3772726014876144,-1.2134861395296286,-1.3646451,-2.9975014977764816,1.784015358246853,0.546820574882315
2023-07-26,380.755,-2.924915352845185,-1.0628465609329678,-1.3289207,-3.015407829057008,1.95256126812404,0.5784528728736904
2023-07-27,382.664,-1.008788819377183,-0.9120630426850496,-1.2763367,-3.0322609062738333,2.120197863588784,0.6099499911999616
2023-07-28,380.394,-3.2716155045119697,-0.7611854305130736,-1.2086443,-3.0480720658419864,2.286886635328913,0.6412983552545194
2023-07-29,382.264,-1.3942747202326689,-0.6102634385750549,-1.1411179,-3.06285288915439,2.4525894505793358,0.6724844008725368
2023-07-30,380.834,-2.816526685616698,-0.4593466287099437,-1.0866426,-3.076615181932768,2.617268553222824,0.7034945820916868
2023-07-31,379.614,-4.026809443935338,-0.3084843898026391,-1.0460043,-3.089370953718817,2.7808865639161784,0.7343153789512354
2023-08-01,380.844,-2.786076944230241,-0.15772591727795,-1.0048226,-3.101132397530162,2.943406480252212,0.764933305323573
2023-08-02,381.347,-2.272488957715762,-0.0071201927375474,-0.9693076,-3.111911869705255,3.104791676967708,0.7953349167721959
2023-08-03,373.449,-10.159683890370708,0.1432840362459931,-0.9473582,-3.121721869961005,3.2650059062069987,0.8255068184300511
2023-08-04,374.736,-8.861121008206894,0.2934382761640062,-0.9389869,-3.1305750216865063,3.4240132978505127,0.855435672892146
2023-08-05,378.829,-4.753367277615495,0.4432943074213358,-0.9165311,-3.138484052495812,3.5817783599171475,0.8851082081162027
2023-08-06,377.465,-6.101989878775543,0.5928042039867093,-0.89352745,-3.1454617750622287,3.738265979048938,0.9145112253251656
2023-08-07,374.465,-9.086866312152225,0.7419203528298889,-0.87121075,-3.151521068256116,3.893441421086005,0.9436316069052526
2023-08-08,384.628,1.091132585012505,0.8905954731317216,-0.85435283,-3.156674858607687,4.0472703317394085,0.9724563242932692
2023-08-09,385.812,2.29007624503396,1.038782635253239,-0.8372448,-3.160936102115752,4.199718737368991,1.0009724458468157
2023-08-10,387.795,4.289166658397793,1.1864352794500868,-0.8125032,-3.1643177664227915,4.350753045872878,1.0291671446910398
2023-08-11,388.41,4.922069717336731,1.333507234318672,-0.782018,-3.1668328133762094,4.500340047694881,1.057027706535549
2023-08-12,380.069,-3.4015238441766678,1.479952734960506,-0.7388319,-3.168494181994935,4.648446916955441,1.084541537455065
2023-08-13,386.566,3.1126278612569376,1.6257264408515155,-0.7028726,-3.1693147718600034,4.795041212711519,1.1116961716274405
2023-08-14,385.375,1.9396763436443665,1.7707834534029705,-0.6610797,-3.169307426947072,4.940090880350041,1.1384792790226208
2023-08-15,384.802,1.3845483287898288,1.915079333201238,-0.6144964,-3.168484919918141,5.083564253119379,1.1648786730361564
2023-08-16,381.888,-1.5113704064063325,2.0585701169133857,-0.58119756,-3.1668599368891464,5.225430053802532,1.19088231806088
2023-08-17,392.573,9.192346420300913,2.2012123338461893,-0.56486696,-3.164445062689288,5.365657396535477,1.2164783369903975
2023-08-18,382.623,-0.7391839469287413,2.3429630221461126,-0.5299144,-3.161252766627372,5.504215788773484,1.2416550186480275
2023-08-19,390.929,7.585975893443033,2.483779744628186,-0.4977693,-3.1572953887795965,5.641075133407782,1.266400825134912
2023-08-20,379.698,-3.626091544705471,2.6236206042219288,-0.5480459,-3.152585126812557,5.776205731034486,1.2907043990910214
2023-08-21,382.457,-0.8470878195822862,2.7624442590227543,-0.80005866,-3.147134023354448,5.909578282377202,1.3145545708628188
2023-08-22,387.674,4.390799321696688,2.900209936937595,-0.85166156,-3.1409539539266595,6.041163890864254,1.3379403655714364
2023-08-23,385.102,1.8388125880437245,3.0368774499137663,-0.8011808,-3.134056615447232,6.170934065360997,1.360851010075243
2023-08-24,391.947,8.704261973027508,3.172407207740472,-0.73467994,-3.126453515316784,6.298860723057256,1.3832759398207466
2023-08-25,389.842,6.619493897271158,3.306760231412621,-0.6733565,-3.118155961096755,6.424916192509376,1.4052048055758772
2023-08-26,387.46,4.257506052180935,3.439898166047027,-0.6013198,-3.1091750507889904,6.5490732168360175,1.4266274800397358
2023-08-27,389.255,6.0722961291631625,3.571783293341448,-0.52964157,-3.0995216637248637,6.671304957066312,1.4475340643229953
2023-08-28,390.328,7.164861819624329,3.702378543567269,-0.45962372,-3.0892064520712927,6.791584995638562,1.4679148942932432
2023-08-29,384.368,1.2239443064167612,3.831647507087032,-0.4079722,-3.078239832960222,6.909887340047254,1.4877605467796209
2023-08-30,380.994,-2.1310633328327864,3.9595544453884863,-0.37326723,-3.066631981247211,7.0261864266356975,1.5070618456312406
2023-08-31,386.66,3.5542457461910235,4.086064301627176,-0.36165157,-3.0543928229040263,7.140457124531203,1.5258098676239715
2023-09-01,393.09,10.003346416251938,4.211142710670091,-0.5319509,-3.041532029049187,7.252674739719279,1.5439959482102632
2023-09-02,386.107,3.039236428814584,4.334756008633335,-0.68616295,-3.0280590106196565,7.362815019252991,1.5616116871068495
2023-09-03,393.737,10.688864184427434,4.4568712419072005,-0.73613197,-3.0139829136859224,7.470854155593123,1.57864895371527
2023-09-04,391.961,8.932302618326354,4.577456175662583,-0.7053074,-2.999312615411939,7.576768791074522,1.5950998923702582
2023-09-05,392.398,9.388549622754477,4.696479301833072,-0.6576519,-2.9840567206604987,7.6805360224935715,1.6109569274112354
2023-09-06,384.228,1.2376030899547263,4.813909846567657,-0.5973158,-2.9682235592437607,7.782133405811417,1.6262127680722358
2023-09-07,388.508,5.536523811643383,4.929717777149349,-0.52318025,-2.9518211838178203,7.881538960967169,1.6408604131857845
2023-09-08,387.757,4.804248489814922,5.043873808375726,-0.45391878,-2.934857368419364,7.97873117679509,1.6548931556963564
2023-09-09,385.646,2.7117750260270737,5.156349408397754,-0.3889918,-2.917339607641579,8.073689016039333,1.668304586979233
2023-09-10,386.122,3.2066682377337985,5.26711680401388,-0.33679843,-2.8992751164456942,8.166391920459574,1.6810886009607362
2023-09-11,390.144,7.247374515919429,5.3761489854169415,-0.29828522,-2.880670830603668,8.25681981602061,1.6932393980359528
2023-09-12,391.063,8.184891846094239,5.483419710391898,-0.26743975,-2.861533407766722,8.34495311815862,1.704751488780286
2023-09-13,389.973,7.113218213768556,5.588903507963056,-0.22802716,-2.8418692291536223,8.430772737116678,1.71561969745129
2023-09-14,387.594,4.75235160445257,5.6925756814899415,-0.18543915,-2.821684401851772,8.514260083341714,1.7258391652774694
2023-09-15,390.085,7.261290003656668,5.794412311211604,-0.15127961,-2.80098476172342,8.595397072935024,1.7354053535308906
2023-09-16,389.882,7.076031396891047,5.894390256239639,-0.11086336,-2.7797758769084773,8.674166133148116,1.744314046380619
2023-09-17,385.467,2.678573769665955,5.992487156000893,-0.07622999,-2.7580630519146845,8.750550207915577,1.7525613535242486
2023-09-18,388.312,5.5417169249766856,6.088681431131279,-0.04341139,-2.7358513322850926,8.824532763416371,1.7601437125948936
2023-09-19,384.797,2.044678819367145,6.182952283822825,-0.0012221233,-2.7131455098320854,8.89609779365491,1.7670578913413109
2023-09-20,389.074,6.339576148715382,6.275279697626596,0.028602563,-2.689950128426462,8.965229826053058,1.773300989578942
2023-09-21,396.946,14.229291648239723,6.365644436714705,0.033567388,-2.666269490329328,9.031913927044034,1.77887044090991
2023-09-22,391.617,8.917823439750649,6.454028044605315,0.0393657,-2.6421076630539075,9.096135707659222,1.7837640142102014
2023-09-23,393.582,10.90016964505875,6.5404128423549786,0.05654616,-2.617468486743672,9.15788132909865,1.7879798148824757
2023-09-24,385.815,3.1503283859747717,6.624781926223384,0.06726276,-2.5923555820525164,9.2171375082759,1.7915162858731557
2023-09-25,387.673,5.025297784309332,6.707119164816051,-0.019745799,-2.566772358512093,9.273891523328144,1.7943722084526486
2023-09-26,387.383,4.752075961873049,6.787409195711186,-0.13999489,-2.540722023370764,9.32813121908195,1.7965467027578053
2023-09-27,388.24,5.625661040476581,6.865637421577427,-0.14901234,-2.514207590888034,9.37984501246546,1.7980392280958877
2023-09-28,387.889,5.291051141930726,6.941790005789822,-0.1261189,-2.4872318920677605,9.429021897857584,1.7988495830095717
2023-09-29,392.564,9.98224438804588,7.015853867551932,-0.14406596,-2.459797584812846,9.475651452364778,1.798977905102731
2023-09-30,391.15,8.584238900632734,7.087816676532501,-0.3183338,-2.43190716448359,9.519723841016091,1.7984246706269311
2023-10-01,391.005,8.455032801502053,7.1576668470257605,-0.3314249,-2.4035629748413787,9.56122982186714,1.7971906938288238
2023-10-02,394.179,11.644624212464372,7.225393531644879,-0.32777676,-2.374767219358867,9.600160751003743,1.7952771260588452
2023-10-03,389.569,7.050011255330446,7.290986614558728,-0.35257208,-2.345521972877341,9.636508587436069,1.792685454641813
2023-10-04,392.944,10.440192051910806,7.354436704282564,-0.3104992,-2.315829193591551,9.670265897874115,1.789417501510287
2023-10-05,386.658,4.1691647240162,7.415735126033827,-0.27849084,-2.2856907353417912,9.701425861375618,1.7854754216017303
2023-10-06,386.039,3.564927393457185,7.474873913664729,-0.2317668,-2.2551083601927253,9.729982273857456,1.7808617010207666
2023-10-07,390.085,7.625478182044397,7.531845801183848,-0.17647709,-2.2240837512779663,9.755929552461817,1.7755791549680275
2023-10-08,391.393,8.947815211588457,7.586644213879364,-0.122169465,-2.1926185258892,9.779262739768564,1.7696309254373042
2023-10-09,393.443,11.011936603900145,7.639263259057155,-0.161912,-2.1607142487881945,9.79997750784535,1.7630204786829533
2023-10-10,391.292,8.874840480790061,7.689697716407331,-0.29161915,-2.1283724457198927,9.818070162127224,1.7557516024596884
2023-10-11,396.134,13.730524964068811,7.73794302801333,-0.38629046,-2.095594617104382,9.833537645117712,1.7478284030371476
2023-10-12,388.551,6.160988175546975,7.783995288018073,-0.38823983,-2.0623822518854245,9.846377539903498,1.7392553019917862
2023-10-13,389.066,6.6892282370353335,7.82785123196213,-0.37395892,-2.028736841512928,9.856588073475056,1.7300370327789218
2023-10-14,391.76,9.39624327034438,7.869508225809242,-0.34672877,-1.9946598940366556,9.864168119845898,1.7201786370878829
2023-10-15,385.53,3.1790313972848603,7.908964254674947,-0.30749953,-1.9601529482882227,9.869117202963167,1.7096854609835002
2023-10-16,394.542,12.20360789098869,7.94621791127444,-0.36923325,-1.9252175881284028,9.871435499402844,1.6985631508373271
2023-10-17,390.398,8.071954188013727,7.981268384106109,-0.34926763,-1.8898554567366088,9.871123840842715,1.6868176490521931
2023-10-18,387.198,4.884068412710407,8.014115445387578,-0.33065346,-1.854068270919399,9.868183716306977,1.6744551895838893
2023-10-19,390.155,7.8529486894293905,8.044759438761385,-0.29595444,-1.8178578354147783,9.862617274176165,1.6614822932639803
2023-10-20,388.14,5.8495931425211865,8.073201266787725,-0.24228154,-1.7812260571691323,9.854427323956855,1.6479057629279188
2023-10-21,395.551,13.27199989633629,8.09944237824195,-0.19692513,-1.7441749595635536,9.843617337805505,1.6337326783528243
2023-10-22,390.309,8.041167075225276,8.123484755234813,-0.23738237,-1.7067066965664908,9.830191451801303,1.61897039100948
2023-10-23,386.611,4.3540928035386175,8.145330900173649,-0.23471354,-1.668823566789652,9.8141544669633,1.6036265186332557
2023-10-24,387.155,4.908775205626874,8.164983822582922,-0.2331849,-1.6305280274242269,9.795511850007149,1.5877089396188573
2023-10-25,396.141,13.90521240584051,8.182447025802748,-0.3676454,-1.5918227080346563,9.774269733837404,1.571225787243956
2023-10-26,375.551,-6.674597471469868,8.197724493584177,-0.37717354,-1.5527104241873213,9.750434917771498,1.5541854437269185
2023-10-27,388.55,6.334936006900547,8.210820676600177,-0.3420215,-1.5131941908917317,9.724014867491908,1.5365965341240322
2023-10-28,383.432,1.2272206955845246,8.2217404788914,-0.30594262,-1.473277235832019,9.695017714723418,1.5184679200717035
2023-10-29,381.457,-0.7376750869172852,8.230489244265849,-0.27497417,-1.4329630123668051,9.663452256632654,1.4998086933793782
2023-10-30,386.173,3.989388161183049,8.237072742671737,-0.23631261,-1.3922552122757614,9.6293279549475,1.4806281694789192
2023-10-31,387.929,5.75619775576854,8.241497156562827,-0.18889533,-1.3511577782315394,9.592654934794368,1.4609358807364567
2023-11-01,388.298,6.135752102022312,8.243769067275547,-0.14055805,-1.3096749159760444,9.553443983251592,1.4407415696327397
2023-11-02,389.157,7.005049605127625,8.243895441437266,-0.20692208,-1.2678111061803965,9.511706547617662,1.4200551818182066
2023-11-03,385.539,3.39708867026775,8.241883617425017,-0.18400213,-1.225571115968323,9.46745473339334,1.398886859049095
2023-11-04,390.914,8.781867702625686,8.237741291893947,-0.24786536,-1.182960010083131,9.420701301977076,1.3772469320110028
2023-11-05,387.662,5.53938510738491,8.231476506394687,-0.34686166,-1.1399831616788485,9.371459668073536,1.3551459130364296
2023-11-06,393.121,11.007639289728305,8.223097634098762,-0.89823014,-1.0966462627165934,9.319743896815355,1.3325944887229282
2023-11-07,390.255,8.150628654839286,8.212613366651041,-0.96606284,-1.0529553339477,9.265568700598742,1.3096035124585632
2023-11-08,383.034,0.938351607900973,8.20003270116803,-0.94523937,-1.0089167344656689,9.208949435633698,1.286183996861496
2023-11-09,390.019,7.932011251009856,8.185364927400748,-0.9320608,-0.9645371708095124,9.14990209821026,1.262347106140539
2023-11-10,389.033,6.954406854851973,8.168619615080573,-0.9323559,-0.9198237056016584,9.08844332068223,1.238104148383636
2023-11-11,389.731,7.660536854923446,8.149806601466409,-0.9541268,-0.8747837657041114,9.02459036717052,1.213466567781259
2023-11-12,386.748,4.685399686720302,8.12893597911115,-0.9415826,-0.8294251498772129,8.958361128988363,1.1884459367917892
2023-11-13,388.475,6.41999378573871,8.106018083865123,-0.96351755,-0.7837560359259219,8.889774119791046,1.1630539482559534
2023-11-14,392.213,10.165317587474636,8.08106348313407,-0.9914778,-0.7377849873192069,8.818848470453277,1.1373024074674931
2023-11-15,391.773,9.73236952742432,8.054082964408689,-0.9864405,-0.6915209592687928,8.745603923677482,1.1112032242072094
2023-11-16,394.164,12.130148041083816,8.02508752408256,-1.0500149,-0.6449733042541499,8.670060828336709,1.0847684047475878
2023-11-17,389.882,7.854651563949253,7.994088356574886,-1.0284213,-0.5981517769813604,8.592240133556245,1.0580100438352191
2023-11-18,398.396,16.374878531516543,7.961096843774007,-1.4156657,-0.5510665387641606,8.512163382538168,1.0309403166582385
2023-11-19,391.498,9.482827379281982,7.926124544817328,-1.6388301,-0.5037281613162014,8.429852706133529,1.0035714708059893
2023-11-20,387.637,5.627496542741562,7.889183186222822,-1.6001018,-0.456147629944322,8.345330816167143,0.9759158182281588
2023-11-21,381.344,-0.6601155426086223,7.850284652386768,-1.5803351,-0.4083363461333443,8.258620998520112,0.9479857272005652
2023-11-22,379.104,-2.894009555726968,7.809440976461992,-1.5563664,-0.360306129513725,8.169747105975716,0.919793614304778
2023-11-23,391.13,9.138384344132476,7.766664331630254,-1.5344574,-0.3120692192041192,8.078733550834373,0.8913519364287474
2023-11-24,387.997,6.011480091829145,7.721967022781988,-1.4923706,-0.2636382745217345,7.985605297303723,0.8626731827955398
2023-11-25,382.047,0.0672763603552368,7.675361478616027,-1.4473783,-0.2150263750541661,7.890387853670194,0.8337698670272528
2023-11-26,385.083,3.109853598403168,7.626860244171333,-1.4039867,-0.1662470200871614,7.793107264258494,0.8046545192511534
2023-11-27,387.877,5.910155485589645,7.576475973802237,-1.364822,-0.1173141273836468,7.6937901011858845,0.7753396782549737
2023-11-28,388.917,6.9561808552996975,7.524221424608009,-1.3296548,-0.0682420313101332,7.592463455918142,0.745837883698283
2023-11-29,395.329,13.373880843131367,7.470109450326989,-1.3055764,-0.0190454803074555,7.489154930634444,0.7161616683867597
2023-11-30,392.776,10.825840397711728,7.41415299570489,-1.348687,0.0302603662963517,7.383892629408538,0.6863235506160812
2023-12-01,388.507,6.561534032626669,7.356365091346145,-1.4651802,0.0796599421324007,7.276705149213744,0.6563360265921279
2023-12-02,394.496,12.554960503548168,7.296758849056552,-1.7130879,0.1291372782970196,7.1676215707595325,0.6262115629340258
2023-12-03,387.776,5.839118566148065,7.235347457684777,-2.177214,0.1786760085172449,7.056671449167532,0.5959625892665041
2023-12-04,389.328,7.394462895430135,7.17214417946951,-2.210768,0.2282593749744947,6.943884804495015,0.5656014909079211
2023-12-05,390.066,8.135551357587222,7.107162346898394,-2.2540114,0.2778702347844439,6.829292112113951,0.5351406016601808
2023-12-06,381.009,-0.9186173745177824,7.040415360084105,-2.486985,0.327491067130165,6.71292429295394,0.5045921967066517
2023-12-07,392.238,10.31368910956702,6.971916684662196,-2.7785459,0.3771039810448249,6.594812703617371,0.4739684856240922
2023-12-08,389.142,7.220725868983322,6.901679850214485,-2.7751935,0.426690723839344,6.474989126375141,0.4432816055144077
2023-12-09,388.282,6.363491687488765,6.829718449221245,-2.762025,0.4762326901695868,6.353485759051658,0.4125436142619623
2023-12-10,383.533,1.6169853488408463,6.756046136544238,-2.8049717,0.525710931736827,6.23033520480741,0.3817664839219905
2023-12-11,383.857,1.9439767894121085,6.680676629442334,-2.79126,0.5751061676143754,6.105570461827958,0.3509620942455373
2023-12-12,379.948,-1.9624486198654791,6.603623708120287,-2.7632098,0.6243987951924526,5.979224912927834,0.3201422263461545
2023-12-13,385.913,4.005674179781012,6.524901216810574,-2.7384188,0.673568901732548,5.851332315078026,0.2893185565134458
2023-12-14,394.352,12.447557808832054,6.444523065387423,-2.7099636,0.7225962765217252,5.721926788865698,0.2585026501783813
2023-12-15,393.575,11.673201256219922,6.362503231511248,-2.66939,0.7714604236164901,5.591042807894757,0.2277059560351055
2023-12-16,387.105,5.205603510876745,6.278855763301008,-2.6236112,0.8201405751650874,5.458715188135921,0.1969398003238082
2023-12-17,388.134,6.236219481066528,6.193594782530955,-2.6066172,0.8686157052962841,5.324979077234671,0.1662153812790277
2023-12-18,392.504,10.606981604469272,6.106734488347768,-2.8654375,0.9168645445619362,5.189869943785832,0.135543763747579
2023-12-19,393.387,11.490275223901795,6.01828916150286,-3.5070012,0.9648655949198948,5.053423566582965,0.1049358739800792
2023-12-20,393.664,11.766802593832653,5.928273169094049,-3.7174432,1.0125971452430294,4.915676023851019,0.0744024945998891
2023-12-21,385.967,4.068937783522605,5.836700969809962,-3.6802468,1.060037287339471,4.776663682470491,0.0439542597530278
2023-12-22,384.562,2.6626616679611503,5.743587119669543,-3.6802466,1.1071639324684148,4.636423187201128,0.0136016504424888
2023-12-23,382.875,0.9740340666266808,5.648946278248398,-3.6643145,1.1539548283351737,4.494991449913225,-0.0166450099499156
2023-12-24,387.956,6.0533280428252185,5.552793215382826,-3.6574395,1.200387576548456,4.3524056388343695,-0.0467755599511814
2023-12-25,386.025,4.120221556889326,5.455142818341518,-3.6715133,1.246439650522217,4.2087031678193005,-0.0767800040914794
2023-12-26,388.458,6.550943403291156,5.356010099454191,-3.6781528,1.2920884138037687,4.063921685650422,-0.1066485168027307
2023-12-27,379.471,-2.4386723861296917,5.255410204185597,-3.8990033,1.3373111388092307,3.9180990653763663,-0.1363714461190829
2023-12-28,388.649,6.73714595704521,5.153358419642511,-3.9992995,1.3820850259468025,3.771273393695709,-0.1659393171771977
2023-12-29,390.5100000000001,8.595800283384232,5.049870183500601,-4.148849,1.4263872231077297,3.623482960392871,-0.1953428355145007
2023-12-30,390.995,9.078124689819052,4.94496109333728,-4.5059643,1.4701948455043536,3.4747662478329264,-0.2245728901637456
2023-12-31,382.727,0.8072869093429906,4.83864691635584,-4.464057,1.5134849958339986,3.325161920521841,-0.2536205565424988
