date,gps_raw_up_mm,gps_detrended_mm,gps_seasonal_mm,hydl_original_up_mm,hydl_seasonal_mm,gps_minus_hydl_mm,poroelastic_mm
2021-01-01,434.588,2.2743236677351306,3.4500525771403603,-2.4030445,0.8388789304224115,2.611173646717949,0.3357337614385096
2021-01-02,440.518,8.187462278209678,3.3308312884034845,-2.5442436,0.9197928770111364,2.411038411392348,0.3257659630870069
2021-01-03,439.859,7.511624982277667,3.209384894382,-2.755887,1.0002851107193922,2.209099783662608,0.3156736556788583
2021-01-04,434.827,2.4627184713426624,3.085749186842079,-3.2622373,1.0803243063081338,2.005424880533945,0.3054599056106425
2021-01-05,435.185,2.803772064923721,2.959962033502568,-3.2752056,1.1598794935129857,1.8000825399895817,0.2951278376309381
2021-01-06,436.577,4.1796272425649175,2.832063362608525,-3.4142685,1.2389200733269548,1.5931432892815705,0.2846806337838084
2021-01-07,432.163,-0.2512475749286131,2.702095145261499,-3.4004812,1.3174158338495758,1.3846793114119234,0.2741215323150126
2021-01-08,430.625,-1.80528381951338,2.570101375521665,-3.557756,1.3953369656905117,1.1747644098311534,0.2634538265414852
2021-01-09,425.298,-7.148940413432057,2.4361280482995102,-3.497882,1.4726540769161345,0.9634739713833758,0.252680863684639
2021-01-10,433.724,1.2604974955803143,2.300223135057492,-3.5133426,1.549338207528271,0.7508849275292211,0.2418060436680825
2021-01-11,428.512,-3.968062008969451,2.1624365573442117,-3.4844332,1.6253608434649032,0.5370757138793081,0.2308328178803836
2021-01-12,439.514,7.017479758723121,2.0228201581865064,-3.7159848,1.7006939301131454,0.322126228073361,0.219764687903519
2021-01-13,431.07,-1.443586532606355,1.881427671367136,-3.9532583,1.7753098853255629,0.1061177860415727,0.2086052042076979
2021-01-14,424.716,-7.815056924666917,1.7383146886181349,-3.8690243,1.8491816119314064,-0.1108669233132713,0.1973579648132707
2021-01-15,430.977,-1.5714069033533122,1.5935386247623822,-3.824988,1.9222825097351004,-0.3287438849727182,0.186026613920451
2021-01-16,429.731,-2.834631973448772,1.4471586808381771,-3.746689,1.994586486994825,-0.5474278061566484,0.1746148405076225
2021-01-17,422.316,-10.266792711750275,1.2992358052440016,-3.6773107,2.0660679713748307,-0.766832166130829,0.1631263768990201
2021-01-18,428.477,-4.12282131928917,1.1498326529428224,-3.5963724,2.136701920365636,-0.9868692674228132,0.1515649973025964
2021-01-19,425.007,-7.609924198983357,0.9990135427675229,-3.5383575,2.2064638311670643,-1.2074502883995415,0.1399345163189199
2021-01-20,430.584,-2.0498917074200245,0.8468444128712161,-3.4674408,2.2753297500295977,-1.4284853371583814,0.1282387874219667
2021-01-21,437.539,4.887879064884209,0.6933927743682727,-3.4121664,2.343276281050277,-1.6498835066820043,0.1164817014126958
2021-01-22,433.489,0.8206043103465777,0.5387276632139554,-3.3918052,2.410280594420067,-1.871552931206112,0.1046671848463174
2021-01-23,426.509,-6.176537735804777,0.382919590372506,-3.3599403,2.4763204341201304,-2.093400843747624,0.0927991984341888
2021-01-24,430.8,-1.9025363329155287,0.2260404903255089,-3.4112415,2.5413741250653152,-2.3153336347398064,0.0808817354212902
2021-01-25,434.375,1.655440291340147,0.0681636679741706,-3.50574,2.6054205796936767,-2.5372569117195063,0.0689188199402565
2021-01-26,438.311,5.574514212475338,-0.0906362560090186,-3.5240626,2.668439304001575,-2.7590755600105936,0.0569145053429527
2021-01-27,442.47,9.716522239176491,-0.2502834013220459,-4.2028084,2.730410403024569,-2.9806938043466147,0.0448728725106139
2021-01-28,438.169,5.398206889434817,-0.4107006856097457,-4.568495,2.7913145857649275,-3.202015271374673,0.0327980281435677
2021-01-29,433.384,0.594624527255015,-0.5718098834142433,-4.6441646,2.85113316956729,-3.422943052981533,0.0206941030315916
2021-01-30,434.725,1.9167392269855612,-0.7335316864376229,-4.697909,2.9098480839446297,-3.6433797703822526,0.0085652503059644
2021-01-31,431.213,-1.614073397324703,-0.895785765053289,-4.8383207,2.9674418738572843,-3.8632276389105735,-0.0035843563257122
2021-02-01,437.839,4.992506989526458,-1.0584908310013332,-4.962311,3.023897702448556,-4.082388533449889,-0.0157505243608389
2021-02-02,433.235,0.3685661871491066,-1.221564701201711,-5.280488,3.079199353240836,-4.300764054442547,-0.027929044298178
2021-02-03,426.703,-6.183358536043431,-1.3849243626180865,-5.437091,3.1333312317970394,-4.518255594415126,-0.0401156914481426
2021-02-04,426.424,-6.482194524093783,-1.5484860381037548,-5.366814,3.186278366852532,-4.734764404956287,-0.0523062277558888
2021-02-05,418.427,-14.498938033563345,-1.7121652531602334,-5.3166323,3.2380264109235157,-4.950191664083748,-0.0644964036360755
2021-02-06,426.961,-5.984585321013414,-1.8758769035380531,-5.2479625,3.288561640398296,-5.164438543936349,-0.0766819598181513
2021-02-07,430.559,-2.40613264300497,-2.0395353236083684,-5.176612,3.337870955118474,-5.377406278726843,-0.0888586292010205
2021-02-08,430.084,-2.900717113682676,-2.203054355433295,-5.08779,3.385941877457749,-5.588996232891045,-0.1010221387159222
2021-02-09,432.312,-0.6932371262324326,-2.3663474184619693,-4.9908905,3.4327625509063773,-5.799109969368347,-0.1131682111963743
2021-02-10,427.621,-5.404683984348065,-2.5293275797789647,-4.9042826,3.47832173817009,-6.007649317949054,-0.125292567254005
2021-02-11,434.869,1.822951673461171,-2.6919076248308507,-5.0245442,3.522608818792656,-6.2145164436235065,-0.1373909271591
2021-02-12,435.329,2.262662308311828,-2.854000128556527,-5.1610923,3.565613786311827,-6.4196139148683535,-0.1494590127247043
2021-02-13,432.336,-0.7506238080140546,-3.0155175268462697,-5.545513,3.607327244958874,-6.622844771805144,-0.1614925491930885
2021-02-14,431.257,-1.8505783903562203,-3.176372188254424,-5.5970454,3.647740405912478,-6.824112594166902,-0.1734872671234166
2021-02-15,430.493,-2.6355293045890296,-3.33647648589028,-5.8021045,3.686845083118049,-7.023321569008329,-0.1854389042794322
2021-02-16,426.775,-6.374481552054442,-3.495742869411679,-5.7874575,3.7246336886841926,-7.220376558095872,-0.1973432075159973
2021-02-17,426.881,-6.289357397611083,-3.654083937045769,-5.7087836,3.761099227868254,-7.415183164914023,-0.2091959346633027
2021-02-18,423.14,-10.051153421899704,-3.811412507561494,-5.7538795,3.796235293663445,-7.607647801224939,-0.2209928564075953
2021-02-19,429.311,-3.9008662055611616,-3.967641692118513,-5.8973026,3.830036061000369,-7.797677753118882,-0.2327297581672481
2021-02-20,423.721,-9.511492329236102,-4.1226849659173705,-5.981023,3.8624962805761114,-7.985181246493481,-0.2444024419630242
2021-02-21,416.959,-16.293904259797706,-4.27645623957636,-5.953243,3.893611272324508,-8.170067511900868,-0.2560067282813748
2021-02-22,420.271,-13.002226120211448,-4.428869930160521,-5.9161177,3.92337691854141,-8.352246848701931,-0.2675384579296361
2021-02-23,425.888,-7.405454472228075,-4.579841031789068,-5.848976,3.951789656679132,-8.531630688468201,-0.2789934938819877
2021-02-24,422.424,-10.889585877597966,-4.729285185747963,-5.7591286,3.9788464718246006,-8.708131657572563,-0.2903677231150425
2021-02-25,422.151,-11.182616898071997,-4.8771187500349775,-5.705174,4.004544888875929,-8.881663638910908,-0.3016570584319528
2021-02-26,426.895,-6.458544095400656,-5.023258868265471,-5.6996803,4.028882964432364,-9.052141832697837,-0.3128574402739365
2021-02-27,433.6880000000001,0.3146359686652791,-5.167623537867772,-5.648309,4.051859278412868,-9.21948281628064,-0.3239648385181198
2021-02-28,425.936,-7.457259951321658,-5.310131677498116,-5.5785756,4.0734729254187325,-9.383604602916847,-0.334975254260618
2021-03-01,429.778,-3.635046031436132,-5.450703193605993,-5.4850774,4.093723505855797,-9.544426699461791,-0.3458847215838028
2021-03-02,433.278,-0.1547196573860867,-5.589259046081815,-5.383091,4.112611116832041,-9.701870162913856,-0.356689309306678
2021-03-03,433.532,0.0796585021973816,-5.725721312920033,-5.2808433,4.130136342846442,-9.855857655766474,-0.3673851227173518
2021-03-04,433.212,-0.2603142064834072,-5.86001325383199,-5.185881,4.146300246285075,-10.006313500117065,-0.3779683052865771
2021-03-05,427.466,-6.026731619255616,-5.992059372744061,-5.1756563,4.161104357740569,-10.153163730484629,-0.3884350403613524
2021-03-06,429.35,-4.163052517700255,-6.121785479118138,-5.371371,4.174550666171029,-10.296336145289168,-0.3987815528376024
2021-03-07,427.654,-5.879273651827642,-6.24911874803272,-5.2964363,4.186641608914695,-10.435760356947416,-0.409004110810974
2021-03-08,427.787,-5.766391771648188,-6.373987778964647,-5.2592154,4.1973800615764985,-10.571367840541146,-0.4190990272047955
2021-03-09,431.14,-2.433403627172268,-6.496322653212796,-5.3291235,4.206769327802751,-10.703091981015548,-0.4290626613742739
2021-03-10,429.732,-3.861942999715188,-6.616054989906988,-5.4486504,4.214813128960189,-10.830868118867176,-0.4388914206860237
2021-03-11,419.045,-14.569386918615743,-6.733118000546716,-5.393745,4.221515593735495,-10.95463359428221,-0.4485817620720425
2021-03-12,416.011,-17.6237322282202,-6.847446542016463,-5.307653,4.226881247671405,-11.074327789687867,-0.4581301935572618
2021-03-13,420.395,-13.259844515105591,-6.95897716802572,-5.2408857,4.230915002655354,-11.189892170681071,-0.4675332757598469
2021-03-14,429.736,-3.938739497761609,-7.067648178924173,-5.3167176,4.2336221463766055,-11.30127032530078,-0.4767876233634123
2021-03-15,421.944,-11.75053321477131,-7.173399669843991,-5.565902,4.235008331767534,-11.408408001611525,-0.4858899065603658
2021-03-16,424.475,-9.239222472846862,-7.276173577123512,-5.4884562,4.23507956644473,-11.511253143568243,-0.4948368524656105
2021-03-17,427.095,-6.638804078700477,-7.375913722968347,-5.410449,4.233842202165243,-11.609755925133593,-0.5036252464998591
2021-03-18,439.262,5.5087251609556365,-7.4725658583081795,-5.5103536,4.231302924313286,-11.703868782621466,-0.5122519337418335
2021-03-19,432.227,-1.545756695218418,-7.566077703809511,-5.593668,4.227468741432304,-11.793546445241816,-0.5207138202486646
2021-03-20,424.313,-9.479105714547522,-7.656398989006901,-5.574448,4.2223469748172215,-11.878745963824125,-0.5290078743438168
2021-03-21,424.549,-9.262337384212,-7.743481489517283,-5.48134,4.215945248181319,-11.959426737698603,-0.5371311278718899
2021-03-22,425.777,-8.05344852758193,-7.827279062304238,-5.48831,4.208271477411992,-12.03555053971623,-0.5450806774196968
2021-03-23,423.703,-10.146435968027296,-7.907747678961418,-5.4396186,4.1993338604292845,-12.107081539390702,-0.5528536855030122
2021-03-24,424.149,-9.719296528917932,-7.984845456986445,-5.396242,4.1891408671608215,-12.173986324147268,-0.5604473817184388
2021-03-25,423.974,-9.913027033623802,-8.058532689019083,-5.3951564,4.177701229646382,-12.236233918665466,-0.5678590638598559
2021-03-26,421.988,-11.916910291213911,-8.1287718700197,-5.3148947,4.165023932285027,-12.293795802304723,-0.5750860989989425
2021-03-27,418.257,-15.665676863511196,-8.195527722366453,-5.22241,4.151118202237364,-12.346645924603816,-0.5821259245292982
2021-03-28,424.538,-9.401981996642808,-8.258767218852006,-5.1566343,4.135993499995041,-12.394760718847046,-0.5889760491737108
2021-03-29,429.492,-4.465171765130326,-8.318459603562921,-5.0809,4.11965951012927,-12.438119113692192,-0.5956340539541506
2021-03-30,415.776,-18.198244415862643,-8.374576410627332,-4.9762487,4.102126132229719,-12.476702542857051,-0.6020975931240962
2021-03-31,423.601,-10.39019661133057,-8.427091480818929,-4.8757787,4.083403472044624,-12.510494952863551,-0.60836439506283
2021-04-01,430.392,-3.616025014024871,-8.475980976007556,-4.769601,4.063501832832637,-12.539482808840193,-0.6144322631313704
2021-04-02,433.487,-0.5382042113184755,-8.521223391449443,-4.656943,4.042431706936363,-12.563655098385803,-0.6202990764897238
2021-04-03,428.823,-5.21933615877796,-8.562799565912151,-4.557405,4.020203767587133,-12.583003333499285,-0.6259627908751895
2021-04-04,425.001,-9.058298882319832,-8.600692689631984,-4.4548907,3.996828860950004,-12.597521550581988,-0.631421439341468
2021-04-05,430.066,-4.010061958245609,-8.634888310104035,-4.3636923,3.972317998417614,-12.607206308521649,-0.6366731329583426
2021-04-06,425.122,-8.970489017016694,-8.665374335707222,-4.2752404,3.9466823491608025,-12.612056684868024,-0.6417160614717532
2021-04-07,430.287,-3.8217930825088975,-8.692141037169353,-4.221214,3.919933232943599,-12.612074270112952,-0.6465484939240965
2021-04-08,430.237,-3.887970846386525,-8.715181046879437,-4.1746783,3.892082113209528,-12.607263160088964,-0.6511687792346157
2021-04-09,426.679,-7.4614244697763485,-8.734489356056859,-4.1111774,3.863140590445678,-12.597629946502536,-0.6555753467397744
2021-04-10,431.784,-2.3717615983761724,-8.750063309789562,-4.0543237,3.833120395830457,-12.58318370562002,-0.659766706693542
2021-04-11,428.092,-6.078862215126209,-8.761902599955379,-3.9670532,3.802033385170368,-12.563935985125749,-0.6637414507275352
2021-04-12,430.409,-3.776326204769878,-8.770009256043249,-3.887296,3.769891533130592,-12.53990078917384,-0.6674982522709949
2021-04-13,423.376,-10.823415945076333,-8.77438763389322,-3.8205411,3.736706927763664,-12.511094561656884,-0.6710358669306054
2021-04-14,423.552,-10.66132254604965,-8.775044402376329,-3.7629273,3.702491765339854,-12.477536167716185,-0.6743531328301903
2021-04-15,425.476,-8.750986852949431,-8.771988528037783,-3.692219,3.667258345482384,-12.439246873520167,-0.6774489709103392
2021-04-16,427.547,-6.693544919716324,-8.765231257728857,-3.610159,3.631019066609969,-12.396250324338826,-0.6803223851880615
2021-04-17,429.622,-4.631963592520627,-8.754786099255302,-3.5083163,3.593786421688698,-12.348572520944,-0.6829724629765672
2021-04-18,430.343,-3.92427540254698,-8.740668800071965,-3.410351,3.555572994294542,-12.296241794366509,-0.6853983750653285
2021-04-19,427.351,-6.929360184466579,-8.722897324055403,-3.3206482,3.516391454987335,-12.239288779042738,-0.6875993758605733
2021-04-20,426.292,-8.000841750510645,-8.701491826388388,-3.2616277,3.476254557996445,-12.177746384384832,-0.6895748034864096
2021-04-21,419.927,-14.3782225271727,-8.676474626592054,-3.1748233,3.435175138217739,-12.111649764809792,-0.6913240798467928
2021-04-22,432.505,-1.8106301370079567,-8.64787017974339,-3.0994358,3.393166108520953,-12.041036288264342,-0.6928467106485698
2021-04-23,434.321,-0.0050211152377834,-8.615705045917586,-3.0201392,3.350240457365908,-11.965945503283494,-0.6941422853858709
2021-04-24,434.587,0.2505949098081013,-8.580007857896728,-3.094565,3.3064112467255677,-11.886419104622297,-0.6952104772861302
2021-04-25,436.125,1.7781994335901905,-8.540809287187813,-3.3194752,3.261691610313212,-11.802500897501025,-0.6960510432180452
2021-04-26,433.243,-1.1143541338439935,-8.498142008395003,-3.329772,3.216094752110641,-11.714236760505644,-0.6966638235618057
2021-04-27,429.487,-4.881152697413631,-8.452040661992472,-3.2462103,3.1696339451935374,-11.621674607186009,-0.6970487420419504
2021-04-28,431.718,-2.660898034897621,-8.40254181554594,-3.1628723,3.1223225308497997,-11.524864346395738,-0.6972058055232163
2021-04-29,428.04,-6.349763061241822,-8.349683923432334,-3.079044,3.0741739179859664,-11.4238578414183,-0.6971351037697853
2021-04-30,427.027,-7.37357195968777,-8.293507285108623,-3.0012128,3.0252015828163583,-11.31870886792498,-0.6968368091683421
2021-05-01,427.843,-6.56794198762816,-8.234054001982114,-2.9806452,2.975419068829104,-11.209473070811216,-0.6963111764153715
2021-05-02,424.581,-9.840258702041538,-8.171367932935853,-2.907641,2.924839987022598,-11.09620791995845,-0.6955585421691618
2021-05-03,425.497,-8.93451821879409,-8.10549464856405,-2.8226228,2.8734780164055564,-10.978972664969609,-0.6945793246669708
2021-05-04,425.932,-8.509716653752136,-8.036481384173612,-2.7373388,2.8213469047532502,-10.857828288926862,-0.6933740233078644
2021-05-05,428.248,-6.203850122781699,-7.964376991608852,-2.6240635,2.768460469612068,-10.73283746122092,-0.6919432182017149
2021-05-06,436.735,2.273085258251032,-7.889231889957651,-2.5216365,2.7148325995440867,-10.604064489501738,-0.6902875696849018
2021-05-07,436.131,1.6590886162239822,-7.811098015198163,-2.4492362,2.6604772556029004,-10.471575270801065,-0.6884078178032378
2021-05-08,419.823,-14.659360448289798,-7.7300287688460605,-2.3818169,2.6054084730314377,-10.335437241877498,-0.6863047817626915
2021-05-09,421.159,-13.333639466011132,-7.646078965663153,-2.320792,2.5496403631722044,-10.195719328835358,-0.6839793593484644
2021-05-10,424.258,-10.244851552961832,-7.559304780488908,-2.2421267,2.4931871155798557,-10.052491896068764,-0.6814325263130128
2021-05-11,425.488,-9.024992888201556,-7.469763694257082,-2.158395,2.43606300032571,-9.905826694582792,-0.6786653357336042
2021-05-12,426.721,-7.802059650789703,-7.377514439260145,-2.066172,2.378282370483367,-9.755796809743511,-0.6756789173400304
2021-05-13,428.721,-5.811519108242241,-7.282616943724842,-1.9648945,2.3198596647842704,-9.602476608509113,-0.6724744768130843
2021-05-14,430.54,-4.001881978565889,-7.185132275762445,-1.8782382,2.260809410431747,-9.445941686194192,-0.6690532950544397
2021-05-15,423.566,-10.985070000390426,-7.085122586757782,-1.8140038,2.201146226061614,-9.286268812819396,-0.6654167274285816
2021-05-16,416.536,-18.02416184431028,-6.98265105426129,-1.7448114,2.140884824837333,-9.123535879098624,-0.6615662029774312
2021-05-17,429.426,-5.143153599280277,-6.87778182444844,-1.6802567,2.080040017667196,-8.957821842115635,-0.6575032236083296
2021-05-18,435.225,0.6470756977565864,-6.770579954211151,-1.6464666,2.0186267165309038,-8.789206670742054,-0.6532293632560574
2021-05-19,432.413,-2.173700965417157,-6.661111352945766,-1.6048067,1.9566599379026277,-8.617771290848394,-0.64874626701956
2021-05-20,419.894,-14.701782405959351,-6.5494427241019695,-1.6257768,1.8941548062573363,-8.443597530359305,-0.6440556502740691
2021-05-21,417.078,-17.52675941714569,-6.435641506557183,-1.6323724,1.8311265576471187,-8.266768064204301,-0.6391592977593087
2021-05-22,417.261,-17.35262814962659,-6.319775815880462,-1.6068394,1.7675905433338457,-8.087366359214307,-0.6340590626444865
2021-05-23,422.208,-12.414384754052175,-6.201914385549802,-1.5694336,1.7035622334645737,-7.905476619014376,-0.6287568655707726
2021-05-24,427.813,-6.818025381072852,-6.082126508186401,-1.5389915,1.6390572207757412,-7.721183728962142,-0.6232546936719668
2021-05-25,426.819,-7.820546181338804,-5.9604819768688975,-1.510718,1.5740912243122738,-7.534573201181171,-0.6175545995740762
2021-05-26,427.045,-7.602943305500475,-5.837051026590146,-1.4183699,1.508680093147435,-7.3457311197375805,-0.6116587003745076
2021-05-27,428.635,-6.021212904208038,-5.711904275918536,-1.3733269,1.4428398100893485,-7.154744086007884,-0.6055691766015923
2021-05-28,427.167,-7.497187052113198,-5.585112668925075,-1.3099322,1.3765864953599545,-6.961699164285029,-0.5992882711551668
2021-05-29,429.0630000000001,-5.609030508351036,-5.456747417436962,-1.226221,1.309936410232151,-6.766683827669113,-0.5928182882289251
2021-05-30,427.976,-6.703654854670752,-5.326879943677249,-1.1427202,1.2429059606109043,-6.569785904288153,-0.5861615922152581
2021-05-31,431.983,-2.704143096146496,-5.195581823349638,-1.0588777,1.175511700544073,-6.371093523893711,-0.5793206065933088
2021-06-01,432.713,-1.981510983949605,-5.0629247292263,-0.9741864,1.1077703356487194,-6.170695064875019,-0.572297812800959
2021-06-02,430.189,-4.512782544569921,-4.928980375295755,-0.90381014,1.0396987264388304,-5.968679101734585,-0.5650957490914595
2021-06-03,427.693,-7.015733849852763,-4.793820461526615,-0.82270527,0.9713138915403045,-5.76513435306692,-0.5577170093754291
2021-06-04,435.891,1.1754598593586785,-4.6575166193020285,-0.74310994,0.902633010779285,-5.560149630081313,-0.5501642420489328
2021-06-05,438.371,3.648843706753309,-4.520140357578371,-0.6873625,0.8336734281299806,-5.353813785708351,-0.5424401488083432
2021-06-06,433.649,-1.0797030007922284,-4.381763009820517,-0.6372734,0.7644526545082859,-5.146215664328803,-0.5345474834527084
2021-06-07,432.152,-2.5834596657685456,-4.242455681764645,-0.594254,0.6949883703976647,-4.93744405216231,-0.5264890506743107
2021-06-08,434.653,-0.0892920622947208,-4.102289200058296,-0.5431178,0.6252984282939394,-4.727587628352236,-0.5182677048381307
2021-06-09,433.815,-0.9340193583180958,-3.96133406182586,-0.5013443,0.5554008549558954,-4.516734916781755,-0.5098863487509001
2021-06-10,431.395,-3.360545293175608,-3.819660385206212,-0.50401926,0.4853138534487694,-4.304974238654981,-0.5013479324204394
2021-06-11,435.516,0.7538150478570755,-3.677337860907792,-0.5099331,0.4150558049679695,-4.092393665875762,-0.4926554518059524
2021-06-12,439.111,4.342436465768248,-3.534435704824684,-0.51099604,0.3446452704307004,-3.879080975255385,-0.4838119475599707
2021-06-13,440.238,5.463193122365698,-3.391022611755837,-0.4711612,0.2741009918233431,-3.66512360357918,-0.4748205037625954
2021-06-14,443.519,8.737855439243509,-3.247166710267724,-0.4663113,0.2034418932929027,-3.4506086035606267,-0.4656842466487144
2021-06-15,440.773,5.985449492740493,-3.102935518739101,-0.40111008,0.1326870819710262,-3.2356226007101268,-0.4564063433288455
2021-06-16,435.471,0.6771681626547519,-2.958395902624902,-0.30923134,0.0618558485195505,-3.0202517511444524,-0.4469900005042428
2021-06-17,434.383,-0.4170462297568313,-2.813614032974281,-0.21208891,-0.0090323326131417,-2.804581700361139,-0.437438463176918
2021-06-18,435.205,0.3978025477933191,-2.6686553462362825,-0.121435866,-0.0799578032352687,-2.5886975430010137,-0.4277550133551893
2021-06-19,429.959,-4.855343423771469,-2.5235845053845054,-0.046944838,-0.1509007217642332,-2.372683783620272,-0.4179429687553922
2021-06-20,439.175,4.353636358973834,-2.3784653623905205,0.017924746,-0.221841063898088,-2.1566242984924324,-0.4080056815003533
2021-06-21,434.024,-0.8046974789674559,-2.2333609220736745,0.08401028,-0.2927586236149713,-1.9406022984587032,-0.3979465368152239
2021-06-22,436.593,1.7567886095451493,-2.0883333073531225,0.14410916,-0.3636330145090597,-1.724700292844063,-0.3877689517212751
2021-06-23,439.071,4.226821124675956,-1.9434437259259625,0.21565798,-0.4344436714711995,-1.5090000544547628,-0.3774763737282239
2021-06-24,441.224,6.371583082955982,-1.798752438393321,0.26840606,-0.5051698527217824,-1.293582585671539,-0.36707227952566
2021-06-25,440.011,5.150390638579935,-1.654318727854376,0.32221237,-0.5757906422030549,-1.078528085651321,-0.3565601736741372
2021-06-26,435.705,0.8362906113845883,-1.5102008709861765,0.3771694,-0.6462849523374034,-0.8639159186487732,-0.3459435872964672
2021-06-27,432.892,-1.9847215205404245,-1.366456110625206,0.43851435,-0.716631527157753,-0.649824583467453,-0.3352260767697629
2021-06-28,435.507,0.6223601813413824,-1.2231406298645855,0.50668836,-0.7868089458155685,-0.436331684049017,-0.3244112224187406
2021-06-29,438.352,3.459293315189836,-1.0803095276788002,0.5705473,-0.8567956264714706,-0.2235139012073296,-0.3135026272108067
2021-06-30,435.91600000000005,1.0152688425431102,-0.9380167960857873,0.6295327,-0.9265698305728732,-0.0114469655129139,-0.3025039154534212
2021-07-01,440.639,5.730354874584132,-0.796315298854283,0.68124527,-0.9961096675224952,0.1997943686682121,-0.2914187314942313
2021-07-02,433.77,-1.1464911903716677,-0.6552567517621182,0.7310486,-1.0653930997409846,0.4101363479788664,-0.2802507384244406
2021-07-03,437.333,2.408950817512255,-0.5148917044093936,0.78533036,-1.134397948126391,0.6195062437169975,-0.2690036167859003
2021-07-04,439.075,4.143258805290703,-0.3752695235882362,0.84163916,-1.2031018979124386,0.8278323743242024,-0.2576810632823474
2021-07-05,441.405,6.465352459075849,-0.2364383782088943,0.8888611,-1.2714825049271965,1.035044126718302,-0.2462867894952473
2021-07-06,434.678,-0.2696282633549316,-0.0984452257800485,0.91831005,-1.3395172022528885,1.24107197647284,-0.2348245206046632
2021-07-07,443.939,8.98347496546854,0.0386641995609471,0.9583898,-1.407183307287153,1.4458475068481,-0.2232979941155674
2021-07-08,445.834,10.870415992670242,0.1748453974739333,1.015838,-1.474458029205281,1.649303426679214,-0.2117109585899887
2021-07-09,447.499,12.52736768520143,0.3100551103061164,1.0814368,-1.5413184768224837,1.8513735871286,-0.2000671723854028
2021-07-10,443.1880000000001,8.2079366769916,0.4442513304564348,1.1281284,-1.6077416668545164,2.051992997310951,-0.1883704023997246
2021-07-11,442.559,7.57026683847472,0.5773933062260997,1.1723962,-1.6737045325743625,2.251097838800462,-0.1766244228232774
2021-07-12,436.653,1.655675962145008,0.7094415461689699,1.227637,-1.739183932862067,2.448625479031037,-0.1648330138980929
2021-07-13,438.881,3.874967543289383,0.8403578219574359,1.2959086,-1.804156661644206,2.644514483601642,-0.1529999606848725
2021-07-14,437.902,2.887127967051071,0.9701051697811742,1.3516117,-1.868599457718769,2.8387046274999435,-0.1411290518379477
2021-07-15,440.629,5.605294732154968,1.098647890297902,1.3979225,-1.9324890149606744,3.031136905258576,-0.1292240783885529
2021-07-16,438.946,3.913453346912862,1.225951547157081,1.4357713,-1.9958019929024573,3.2217535400595385,-0.1172888325367061
2021-07-17,441.351,6.309574873365371,1.351982964119128,1.4695401,-2.0585150276840816,3.4104979918032097,-0.1053271064520022
2021-07-18,438.669,3.6185433659300137,1.4767102207944218,1.5229881,-2.12060474336516,3.5973149641595814,-0.0933426910835884
2021-07-19,440.616,5.556590395173758,1.600102647027917,1.56134,-2.182047763592353,3.78215041062027,-0.0813393749795958
2021-07-20,433.041,-2.027471362607721,1.7221308159568416,1.5889636,-2.2428207236139093,3.964951539570751,-0.0693209431162786
2021-07-21,440.084,5.006328537935375,1.842766535770439,1.6235898,-2.3029002826329354,4.145666818403375,-0.057291175737113
2021-07-22,437.009,1.92220180230483,1.9619828402021415,1.6534878,-2.362263136490236,4.324245976692378,-0.0452538472020795
2021-07-23,441.758,6.661930982849402,2.0797539777861216,1.6861176,-2.4208860306670084,4.50064000845313,-0.0332127248473642
2021-07-24,441.765,6.659733075618357,2.1960553999113683,1.7201494,-2.478745773597132,4.6748011735085,-0.0211715678556783
2021-07-25,436.795,1.6803774435349608,2.3108637477079115,1.7624484,-2.5358192502781667,4.846682997986078,-0.0091341261374087
2021-07-26,447.432,12.307749337862816,2.4241568378010023,1.7949952,-2.592083436169684,5.016240273970686,0.0028958607772213
2021-07-27,441.3850000000001,6.2511990472417605,2.5359136469703216,1.8127469,-2.6475154113669257,5.183429058337247,0.0149146648347878
2021-07-28,427.57,-7.573334074180167,2.6461142957523207,1.8566077,-2.702092375037321,5.348206670789642,0.0269185705439394
2021-07-29,435.069,-0.0834891482804351,2.75474003102515,1.9031758,-2.755791660106849,5.510531691131999,0.0389038760491401
2021-07-30,432.162,-2.9995268959411225,2.8617732076163342,1.9426734,-2.808590748182672,5.670363955799006,0.0508668941927306
2021-07-31,441.795,6.62451628106404,2.967197268974651,1.9592922,-2.8604672846980943,5.827664553672745,0.0628039535651715
2021-08-01,435.877,0.6975417463080769,3.0709967269483114,1.9893199,-2.91139909426526,5.982395821213571,0.0747113995433286
2021-08-02,441.616,6.427537122537064,3.1731571407126173,2.0166633,-2.961364196220689,6.1345213369333065,0.0865855953166799
2021-08-03,433.844,-1.353690685186038,3.273665094890922,2.0523598,-3.0103408203482327,6.284005915239154,0.0984229229013303
2021-08-04,438.384,3.177022458467712,3.372508176913412,2.089538,-3.0583074227635745,6.430815599676986,0.1102197841417188
2021-08-05,445.728,10.51149607067632,3.4696749536590854,2.1187634,-3.10524270194408,6.574917655603166,0.1219726016999274
2021-08-06,436.87,1.6438888625747987,3.565154947426638,2.1336937,-3.1511256148873272,6.716280562313965,0.1336778200324992
2021-08-07,441.924,6.688119002689279,3.658938611280705,2.143859,-3.1959353933813035,6.854874004662008,0.1453319063546724
2021-08-08,445.781,10.535232524161597,3.751017303820165,2.1583865,-3.2396515603689258,6.990668864189091,0.1569313515919611
2021-08-09,444.317,9.061396609064731,3.8413832634159015,2.1775796,-3.282253946389164,7.123637209805065,0.1684726713190111
2021-08-10,440.288,5.022538426022082,3.930029581965272,2.1931105,-3.323722706076776,7.253752288042047,0.1799524066856682
2021-08-11,443.032,7.756764641690338,4.016950178211385,2.2294986,-3.3640383347023555,7.38098851291374,0.1913671253301916
2021-08-12,444.117,8.831853780937347,4.102139770674875,2.2766283,-3.4031816847341223,7.505321455408998,0.2027134222795757
2021-08-13,437.836,2.5410383704210373,4.185593850246489,2.3216074,-3.4411339824026346,7.626727832649124,0.2139879208369235
2021-08-14,438.715,3.410290306766142,4.267308652488438,2.363429,-3.4778768442494137,7.745185496737852,0.2251872734558331
2021-08-15,438.517,3.202533791560658,4.347281129692792,2.383485,-3.513392293640237,7.860673423333029,0.2363081626017622
2021-08-16,444.4330000000001,9.108630056296478,4.425508922744863,2.4136283,-3.5476627772236657,7.973171699968529,0.247347301600345
2021-08-17,444.411,9.076835973720335,4.501990332839507,2.4258976,-3.5806711813152847,8.082661514154792,0.2583014354726254
2021-08-18,429.868,-5.475846116397208,4.576724293098003,2.4371164,-3.612400848187945,8.189125141285949,0.2691673417571926
2021-08-19,426.106,-9.247249798287267,4.649710340132892,2.4351308,-3.6428355922482094,8.292545932381103,0.2799418313191966
2021-08-20,439.367,4.004631488773116,4.720948585607876,2.4265642,-3.6719597160791566,8.392908301687033,0.2906217491462327
2021-08-21,444.637,9.265539058176287,4.790439687839254,2.4326985,-3.699758026329562,8.490197714168817,0.3012039751310805
2021-08-22,439.48,4.099561187052084,4.858184823485259,2.4467807,-3.726215849429599,8.584400672914859,0.3116854248412931
2021-08-23,442.906,7.516607803676971,4.924185659368702,2.478125,-3.751319047112986,8.67550470648169,0.3220630502756284
2021-08-24,433.207,-2.191313321143704,4.988444324478041,2.5214295,-3.7750540317257344,8.763498356203776,0.3323338406073223
2021-08-25,440.905,5.497971599835247,5.050963382191194,2.5785325,-3.797407781301588,8.848371163492782,0.3424948229142053
2021-08-26,437.204,1.7882953108467712,5.111745802765691,2.6082861,-3.818367854384304,8.930113657149995,0.3525430628956565
2021-08-27,440.104,4.67965356298824,5.1707949361380265,2.6265786,-3.837922404577113,9.00871734071514,0.3624756655764112
2021-08-28,438.931,3.49813343351,5.228114485074161,2.6466694,-3.856060194799756,9.084174679873916,0.3722897759972201
2021-08-29,446.602,11.160737261183629,5.283708478712362,2.6680715,-3.872770611233608,9.15647908994597,0.3819825798923668
2021-08-30,444.718,9.2684673847813,5.3375812465383845,2.6922364,-3.888043676935733,9.225624923474118,0.3915513043540514
2021-08-31,445.582,10.124241599145812,5.389737392832269,2.6999106,-3.901870065102674,9.291607457934944,0.4009932184836574
2021-09-01,442.222,6.75614912244553,5.440181771624805,2.6909404,-3.914241111965276,9.35442288359008,0.4103056340298963
2021-09-02,439.542,4.068001030108845,5.488919462200557,2.6915162,-3.9251488292958663,9.414068291496424,0.4194859060138596
2021-09-03,436.71,1.2279849064162285,5.535955745183399,2.7199752,-3.934585916509524,9.470541661692923,0.4285314333409687
2021-09-04,440.852,5.362017918078836,5.581296079239103,2.7381752,-3.942545772341425,9.523841851580528,0.4374396593998459
2021-09-05,439.845,4.34718593254621,5.624946078428366,2.7536898,-3.9490225060826094,9.573968584510975,0.4462080726481154
2021-09-06,439.476,3.970491234562053,5.666911490242418,2.7873526,-3.9540109483568,9.620922438599218,0.4548342071851406
2021-09-07,442.604,7.090936108869903,5.707198174351893,2.822208,-3.95750666142136,9.664704835773254,0.4633156433117114
2021-09-08,447.769,12.248464120007366,5.7458120820983565,2.85238,-3.959505948975799,9.705318031074157,0.4716500080766845
2021-09-09,442.888,7.359664491343762,5.7827592367566085,2.8820553,-3.960005865461736,9.742765102218344,0.4798349758105974
2021-09-10,437.608,2.0718570424583547,5.8180457145940805,2.696297,-3.959004224838578,9.777049939432658,0.4878682686462465
2021-09-11,434.679,-0.865076678242434,5.8516776267525685,2.7254138,-3.956499608819721,9.80817723557229,0.4957476570262532
2021-09-12,438.985,3.4329762572882183,5.883661101975773,2.7659836,-3.9524913745545303,9.836152476530303,0.5034709601976101
2021-09-13,441.739,6.179091282365799,5.914002270204768,2.7984865,-3.9469796617418647,9.860981931946633,0.5110360466932183
2021-09-14,439.839,4.271330542723903,5.942707247061716,2.8190691,-3.9399653991614634,9.882672646223178,0.5184408348004177
2021-09-15,442.906,7.330696154999887,5.969782119240896,2.8477132,-3.9314503106099776,9.901232429850872,0.5256832930165086
2021-09-16,442.467,6.884026159832624,5.995232930824134,2.880661,-3.921436920229204,9.91666985105334,0.5327614404912692
2021-09-17,446.058,10.467304625483717,6.019065670536471,2.8931499,-3.909928557214341,9.928994227750811,0.5396733474564593
2021-09-18,450.235,14.636725456745843,6.041286259955981,2.5974371,-3.896929359891093,9.938215619847076,0.5464171356423196
2021-09-19,441.135,5.529290716874882,6.061900542690025,2.4414082,-3.882444279150648,9.944344821840671,0.5529909786810464
2021-09-20,433.757,-1.85622924865402,6.080914274528863,2.4691765,-3.8664790812325776,9.947393355761442,0.5593931024972456
2021-09-21,438.297,2.676324202492853,6.098333114585302,2.5030317,-3.849040349846125,9.947373464431427,0.5656217856853464
2021-09-22,440.633,5.005020070574195,6.1141626174280095,2.546302,-3.8301354876210687,9.94429810504908,0.5716753598739798
2021-09-23,438.858,3.2228603743369337,6.128408226213912,2.5934477,-3.809772716880132,9.938180943094045,0.5775522100772924
2021-09-24,442.595,6.952847132528183,6.141075266823675,2.6296418,-3.7879610797254695,9.929036346549143,0.5832507750331898
2021-09-25,436.795,1.145982363894877,6.152168943002524,2.6799204,-3.764710437432581,9.916879380435104,0.5887695475284902
2021-09-26,442.06,6.404268087184058,6.161694332506869,2.701764,-3.7400314691457375,9.901725801652606,0.5941070747109742
2021-09-27,447.892,12.229706321142704,6.169656384255716,2.5793583,-3.713935669869593,9.883592054125309,0.5992619583882991
2021-09-28,435.114,-0.5551768536898773,6.176059916483821,2.4867532,-3.686435347752623,9.862495264236443,0.6042328553137697
2021-09-29,436.671,0.9952702433984096,6.180909615892333,2.5028775,-3.6575436206586542,9.838453236550988,0.6090184774589308
2021-09-30,438.013,2.330716490733426,6.184210037790524,2.4831855,-3.627274412023521,9.811484449814046,0.6136175922729612
2021-10-01,442.305,6.615952120035044,6.185965607220924,2.494534,-3.5956424459946983,9.781608053215622,0.6180290229288327
2021-10-02,440.631,4.935043396131651,6.186180621058363,2.5077808,-3.5626632418525723,9.748843862910936,0.622251648556221
2021-10-03,439.447,3.744160312903944,6.18485925107185,2.5501957,-3.528353107712728,9.713212358784578,0.6262844044611193
2021-10-04,441.87,6.160338330063582,6.18200554793664,2.5993986,-3.4927291335094632,9.674734681446104,0.6301262823321313
2021-10-05,448.476,12.759641056209494,6.177623446182217,2.6247745,-3.455809183261566,9.633432629443783,0.6337763304334058
2021-10-06,447.625,11.901511468235787,6.171716770060446,2.62188,-3.417611886622149,9.589328656682596,0.6372336537841873
2021-10-07,447.235,11.504396477406008,6.164289240316605,2.6327817,-3.378156629715179,9.542445870031784,0.6404974143249247
2021-10-08,444.029,8.291254695673674,6.155344481844488,2.594743,-3.3374635452621355,9.492808027106625,0.6435668310699196
2021-10-09,438.042,2.2972231542287167,6.144886032205249,2.5970533,-3.295553502002992,9.440439534208242,0.6464411802464664
2021-10-10,439.745,3.993303574208961,6.132917350988503,2.5976858,-3.252448093416652,9.385365444405156,0.6491197954204426
2021-10-11,440.648,4.88949767675199,6.119441829992391,2.5655904,-3.208169625746589,9.32761145573898,0.6516020676083116
2021-10-12,441.152,5.386807182995801,6.104462804198405,2.5392563,-3.162741105338461,9.267203909536866,0.6538874453754895
2021-10-13,442.005,6.233233814078035,6.087983563515025,2.4680665,-3.1161862252970542,9.20416978881208,0.6559754349210443
2021-10-14,441.826,6.047779291136425,6.070007365263387,2.46553,-3.068529351470884,9.13853671673427,0.6578656001486689
2021-10-15,440.762,4.977445335308784,6.050537447376529,2.486822,-3.0197955077734817,9.070332955150011,0.6595575627238989
2021-10-16,441.746,5.955211444190807,6.029577042282994,2.510626,-2.9700103608511887,8.999587403134182,0.6610510021175211
2021-10-17,445.794,9.997025773867934,6.007129391444031,2.4841213,-2.919200204108072,8.926329595552103,0.6623456556351276
2021-10-18,439.503,3.6999189390566727,5.983197760512942,2.3178174,-2.867391941099376,8.850589701612318,0.6634413184327881
2021-10-19,449.212,13.402451817899331,5.957785455083707,2.3587623,-2.814613068305603,8.77239852338931,0.6643378435187661
2021-10-20,447.086,11.26998712131101,5.930895836995324,2.122084,-2.7608916573001734,8.691787494295497,0.6650351417412664
2021-10-21,457.41,21.587633208109477,5.9025323411571335,1.9621875,-2.706256336324232,8.608788677481366,0.6655331817621515
2021-10-22,446.864,11.03492805503878,5.8726984928597314,1.0562972,-2.650736271283054,8.523434764142785,0.6658319900165899
2021-10-23,448.025,12.189126118753016,5.841397925534989,0.88053006,-2.59436114617903,8.435759071714019,0.6659316506585953
2021-10-24,450.616,14.773119430507986,5.808634398928179,-0.39827147,-2.537161142997101,8.34579554192528,0.6658323054924148
2021-10-25,445.843,9.993132891401018,5.7744118176442765,-0.92372054,-2.4791669210590523,8.253578738703329,0.6655341538897305
2021-10-26,448.719,12.862186407993752,5.738734250029992,-1.077792,-2.4204095958638336,8.159143845893826,0.6650374526926236
2021-10-27,451.773,15.90913973028665,5.701605947352371,-1.1520699,-2.360920717431686,8.062526664784057,0.6643425161022848
2021-10-28,434.552,-1.3192000034927354,5.663031363234368,-1.151535,-2.3007322481705472,7.963763611404915,0.6634497155534141
2021-10-29,444.444,8.56564784436193,5.623015173307197,-1.1513795,-2.239876540283719,7.8628917135909155,0.662359479574295
2021-10-30,451.32,15.43428593771749,5.581562295038952,-1.2516532,-2.178386312738544,7.759948607777496,0.6610722936324988
2021-10-31,448.175,12.28199839914052,5.538677907698539,-1.2369213,-2.116294627816254,7.654972535514793,0.6595886999661951
2021-11-01,447.973,12.07278656173105,5.494367472413751,-1.44272,-2.053634867263853,7.548002339677604,0.6579092974010446
2021-11-02,439.779,3.8712420823012583,5.448636752281919,-1.4716307,-1.990440708069316,7.4390774603512355,0.6560347411526425
2021-11-03,436.751,0.835764837731511,5.401491832491674,-1.4247887,-1.9267460978820263,7.3282379303737,0.653965742614501
2021-11-04,443.047,7.124356100454411,5.352939140413935,-1.7356399,-1.862585230100776,7.215524370514711,0.6517030691315363
2021-11-05,441.947,6.016830486041533,5.302985465620384,-1.8005848,-1.7979925186521706,7.100977984272554,0.6492475437590665
2021-11-06,440.039,4.10138108005323,5.251637979787674,-1.8608261,-1.7330025724827287,6.9846405522704025,0.6466000450072864
2021-11-07,436.477,0.5318336665952552,5.198904256445658,-1.8102345,-1.6676501697883628,6.866554426234021,0.6437615065712242
2021-11-08,440.482,4.529243424920504,5.144792290528071,-1.7315811,-1.601970232005396,6.746762522533467,0.6407329170461624
2021-11-09,447.279,11.318734509982292,5.089310517684335,-2.1750505,-1.535997797587561,6.625308315271896,0.6375153196285385
2021-11-10,439.139,3.1707155239802463,5.032467833311361,-2.149023,-1.46976799559382,6.502235828905181,0.6341098118023053
2021-11-11,434.37,-1.6062358412397837,4.974273611264722,-2.1679757,-1.4033160191122034,6.377589630376925,0.6305175450107732
2021-11-12,434.759,-1.2243504185069147,4.914737722208614,-2.1827118,-1.3366770985450696,6.251414820753684,0.6267397243139375
2021-11-13,437.502,1.5116161029095905,4.853870551564939,-2.1280901,-1.269886474781556,6.123757026346495,0.6227776080313037
2021-11-14,439.45,3.4524894884015254,4.791683017021938,-2.1139436,-1.202979372283142,5.9946623893050806,0.6186325073702282
2021-11-15,439.383,3.378351473048376,4.72818658556362,-2.125008,-1.1359909721085606,5.86417755767218,0.61430578603981
2021-11-16,435.747,-0.2651088175458493,4.663393289981822,-2.101613,-1.068956384904337,5.732349674886159,0.6097988598503351
2021-11-17,433.657,-2.362464119250156,4.59731574483333,-2.0286689,-1.001910623887577,5.599226368720907,0.6051131962983322
2021-11-18,443.576,7.549299578613608,4.529967161805354,-1.9823092,-0.9348885778475328,5.464855739652887,0.6002503141372613
2021-11-19,439.354,3.3201708562670165,4.461361364453466,-2.0365517,-0.8679249841928143,5.32928634864628,0.595211782933882
2021-11-20,431.098,-4.94286205444129,4.391512802276744,-1.9675604,-0.8010544020709154,5.192567204347659,0.589999222610345
2021-11-21,434.195,-1.8527854912057728,4.320436564096178,-1.9169972,-0.7343111855870241,5.054747749683202,0.5846143029720678
2021-11-22,436.934,0.8794582267441466,4.248148390702941,-1.8658503,-0.6677294571489051,4.915877847851846,0.5790587432214377
2021-11-23,438.901,2.839812096812216,4.174664686744419,-1.852973,-0.6013430809646778,4.776007767709096,0.5733343114574225
2021-11-24,433.971,-2.0967227520842213,4.1000025318169335,-1.7951528,-0.535185636720335,4.635188168537269,0.5674428241611406
2021-11-25,431.8370000000001,-4.236787124556362,4.024179690735011,-1.785802,-0.4692903934636052,4.493470084198616,0.5613861456674752
2021-11-26,433.132,-2.9476351620213075,3.9472146229485383,-1.78344,-0.4036902837208458,4.350904906669385,0.555166187622811
2021-11-27,432.291,-3.7942053151661552,3.8691264910800256,-1.7563324,-0.3384178778733082,4.207544368953334,0.5487849084289723
2021-11-28,434.65,-1.4406443009574508,3.789935168555706,-1.7502825,-0.2735053588191413,4.063440527374848,0.5422443126734604
2021-11-29,431.434,-4.661829908844656,3.709661246305354,-1.6960379,-0.2089844969471166,3.918645743252471,0.5355464505460844
2021-11-30,434.495,-1.6056418783994104,3.628326038507072,-1.6594387,-0.1448866254479719,3.773212663955044,0.5286934172420872
2021-12-01,434.019,-2.0862429136938365,3.5459515873547263,-1.6290507,-0.0812426159889166,3.627194203343643,0.521687352351881
2021-12-02,435.028,-1.0814622797186164,3.4625606668270468,-1.5705923,-0.0180828547765992,3.4806435216036458,0.5145304392374913
2021-12-03,432.822,-3.2913821616351404,3.378176785438862,-1.502911,0.0445627809665304,3.3336140044723312,0.5072249043958569
2021-12-04,434.381,-1.7358876058160542,3.2928241879565223,-1.4493835,0.1066649460877916,3.186159241868731,0.4997730168090791
2021-12-05,429.371,-6.748849614448159,3.2065278560608914,-1.3943845,0.1681948501276165,3.038333005933275,0.4921770872817848
2021-12-06,435.232,-0.8907312448330655,3.1193135079430183,-1.3886346,0.2291242794567562,2.8901892284862623,0.4844394677657162
2021-12-07,439.584,3.458481165198317,3.031207596819052,-1.428711,0.2894256189039996,2.741781977915052,0.4765625506717126
2021-12-08,438.82,2.691467583414088,2.9422373083525,-1.4288105,0.3490718728514767,2.593165435501023,0.4685487681692166
2021-12-09,439.589,3.457197025487405,2.852430556973786,-1.5120249,0.4080366857750242,2.4443938711987614,0.4604005914734741
2021-12-10,437.1110000000001,0.975971278758621,2.761815981088319,-1.5200235,0.4662943622077848,2.2955216188805343,0.4521205301205895
2021-12-11,442.12,5.981791778684445,2.6704229371663564,-1.6688073,0.5238198861055263,2.14660305106083,0.4437111312305934
2021-12-12,440.404,4.262659960721678,2.578281492709173,-2.2641332,0.5805889395929629,1.9976925531162104,0.4351749787587179
2021-12-13,443.791,7.646560993085108,2.485422418088197,-3.021161,0.6365779210707364,1.848844497017461,0.4265146927350375
2021-12-14,440.332,4.184405797973143,2.391877177254988,-3.386966,0.6917639626634958,1.700113214591492,0.4177329284926811
2021-12-15,439.959,3.807999891081364,2.297677917321992,-3.7336495,0.7461249469900609,1.5515529703319308,0.4088323758847939
2021-12-16,441.763,5.608587081867791,2.202857457015507,-4.052794,0.7996395232373533,1.4032179337781536,0.3998157584904572
2021-12-17,431.809,-4.348804229374767,2.10744927400416,-4.006503,0.8522871225204156,1.255162151483744,0.390685832809762
2021-12-18,432.671,-3.489826349354197,2.011487491107655,-4.002143,0.9040479725116304,1.1074395185960246,0.3814453874482527
2021-12-19,441.52,5.356255891089564,1.9150068613925848,-4.0348067,0.95490311132287,0.9601037500697148,0.3720972422909518
2021-12-20,439.302,3.1353937136101075,1.8180427521635407,-4.0361156,1.0048344006251455,0.8132083515383957,0.3626442476661879
2021-12-21,442.926,6.756289169332017,1.7206311278595237,-4.024435,1.0538245379910205,0.6668065898685032,0.3530892834994541
2021-12-22,445.249,9.075910335698053,1.62280853186748,-4.201267,1.101857068445883,0.5209514634215968,0.3434352584575257
2021-12-23,443.164,6.98724676267072,1.5246120672662165,-4.786571,1.1489163952149308,0.3756956720512856,0.3336851090830773
2021-12-24,448.524,12.343620327767256,1.4260793765159132,-5.1188974,1.1949877896536014,0.2310915868623118,0.3238417989200395
2021-12-25,443.093,6.908898178316664,1.3272486201097666,-5.4785914,1.240057400349902,0.0871912197598647,0.3139083176299436
2021-12-26,435.482,-0.7057871718139062,1.2281584542062942,-5.771696,1.2841122613881104,-0.0559538071818161,0.3038876800995028
2021-12-27,437.734,1.542614372541518,1.128848007262098,-6.117872,1.3271402997639774,-0.1982922925018795,0.2937829255396945
2021-12-28,438.879,2.683934647396507,1.0293568556867814,-6.159953,1.3691303419426215,-0.3397734862558403,0.2835971165765965
2021-12-29,440.574,4.375290908156804,0.9297249985430012,-6.2888536,1.4100721195510535,-0.4803471210080522,0.2733333383342513
2021-12-30,432.562,-3.64103376923272,0.829992831316419,-6.289203,1.4499562741982606,-0.6199634428818416,0.2629946975098243
2021-12-31,442.178,5.97158717442872,0.7302011187816758,-6.3365803,1.4887743614166469,-0.7585732426349711,0.2525843214413337
2022-01-01,434.439,-1.7707580240953806,0.6303909669920763,-6.3271675,1.5265188537194976,-0.8961278867274213,0.242105357168231
2022-01-02,436.269,0.0559319128014976,0.5306037944219668,-6.2936096,1.563183142770208,-1.032579348348241,0.2315609704851183
2022-01-03,434.592,-1.624276128269151,0.4308813022925546,-6.773993,1.5987615406597313,-1.1678802383671767,0.2209543449888842
2022-01-04,437.037,0.8177159164985399,0.3312654441127744,-7.132403,1.6332492802898706,-1.301983836177096,0.2102886811195584
2022-01-05,436.918,0.6956278927912978,0.2317983944686339,-7.268096,1.6666425148607822,-1.4348441203921485,0.1995671951951741
2022-01-06,432.53,-3.696156742547823,0.1325225170954688,-7.348118,1.6989383164621483,-1.5664157993666796,0.1887931184409376
2022-01-07,437.069,0.8402202790368278,0.0334803322688905,-7.5875955,1.7301346737683412,-1.6966543414994506,0.1779696960130127
2022-01-08,433.126,-3.1061081352656528,-0.0652855164485833,-7.512123,1.7602304888388862,-1.8255160052874693,0.1671001860172194
2022-01-09,428.633,-7.602395452053835,-0.1637322960670756,-7.4470973,1.789225573026516,-1.952957869093592,0.1561878585229608
2022-01-10,433.684,-2.5545254701633304,-0.2618172185958618,-7.3759985,1.8171206419959425,-2.078937860591804,0.1452359945726868
2022-01-11,432.418,-3.823589021445345,-0.3594974759964653,-7.325207,1.843917309857612,-2.2034147858540774,0.1342478851872098
2022-01-12,431.063,-5.181270474144943,-0.4567302756210621,-7.266734,1.869618082421457,-2.326348358042519,0.1232268303671928
2022-01-13,432.356,-3.8902091112941655,-0.5534728760938844,-7.216164,1.8942263495767409,-2.4476992256706254,0.1121761380911244
2022-01-14,429.343,-6.905113356475384,-0.6496826235924609,-7.1503353,1.9177463768049947,-2.567429000397456,0.1010991233101119
2022-01-15,428.668,-7.581788003351529,-0.7453169884846573,-7.0760875,1.940183295833961,-2.685500284318618,0.0899991069398055
2022-01-16,427.825,-8.426320195904207,-0.8403336022766298,-7.0061793,1.9615430944413756,-2.801876696718005,0.0788794148497874
2022-01-17,427.032,-9.220464489727288,-0.9346902948262636,-6.937979,1.981832605418402,-2.916522900244666,0.0677433768507586
2022-01-18,430.449,-5.8046040007850905,-1.0283451317756918,-6.8655195,2.0010594947033846,-3.029404626479076,0.0565943256798397
2022-01-19,421.31,-14.944737166938491,-1.1212564521562478,-6.798681,2.0192322486975205,-3.1404887008537683,0.0454355959843345
2022-01-20,425.396,-10.859862426048617,-1.2133829061183146,-6.783239,2.036360160774892,-3.249743066893206,0.034270523304272
2022-01-21,423.044,-13.21297821597667,-1.3046834927382225,-6.7193975,2.052453317000265,-3.357136809738487,0.0231024430540814
2022-01-22,404.194,-32.063963742712595,-1.3951175978539636,-6.632399,2.067522581068858,-3.4626401789228214,0.0119346895037122
2022-01-23,414.656,-21.602933435992057,-1.484645031880972,-6.548106,2.081579578483132,-3.5662246103641038,0.0007705947595618
2022-01-24,430.032,-6.227885716019393,-1.5732260675590646,-6.473702,2.094636679982558,-3.6678627475416232,-0.0103865122544763
2022-01-25,429.48,-6.780819002999232,-1.6608214775813457,-6.3870544,2.1067069842430675,-3.767528461824413,-0.0215333068154916
2022-01-26,430.863,-5.398731717135657,-1.747392572055692,-6.28908,2.117804299863704,-3.865196871919396,-0.0326664694192228
2022-01-27,424.259,-12.003487374981312,-1.8329012357494248,-6.1863003,2.127943126658881,-3.960844362408306,-0.0437826867965826
2022-01-28,425.449,-10.81421483810287,-1.9173099650676857,-6.091627,2.137138636275231,-4.054448601342917,-0.0548786529286981
2022-01-29,429.295,-6.968785720299985,-2.0005819047159896,-6.0015135,2.145406652152988,-4.145988556868978,-0.0659510700601223
2022-01-30,433.382,-2.88232251655905,-2.0826808839977398,-5.9400434,2.152763628852404,-4.235444512850143,-0.0769966497098837
2022-01-31,437.654,1.3891763919008635,-2.1635714526974743,-5.9273953,2.159226630766522,-4.322798083463996,-0.0880121136800351
2022-02-01,425.466,-10.799789219213409,-2.2432189165008785,-5.861974,2.16481331024225,-4.408032226743129,-0.0989941950613647
2022-02-02,421.143,-15.123581453891145,-2.3215893719030167,-5.8269258,2.1695418851323804,-4.491131257035397,-0.1099396392359221
2022-02-03,423.282,-12.98532286408452,-2.398649740556502,-5.798605,2.173431115801792,-4.572080856358294,-0.1208452048760411
2022-02-04,428.519,-7.749011887978268,-2.4743678030117504,-5.7643423,2.176500281611757,-4.650868084623507,-0.1317076649395009
2022-02-05,425.245,-11.023272681897508,-2.5487122318020536,-5.696342,2.1787691569067995,-4.727481388708853,-0.1425238076605122
2022-02-06,429.545,-6.723488305164221,-2.621652623826741,-5.607736,2.1802579865291416,-4.801910610355883,-0.1532904375361777
2022-02-07,429.113,-7.155657138997373,-2.693159531986256,-5.533377,2.18098746088632,-4.874146992872576,-0.164004376308105
2022-02-08,427.811,-8.457777564615913,-2.7632044960238544,-5.4593434,2.180978690598077,-4.944183186621931,-0.1746624639388332
2022-02-09,426.089,-10.179847963238606,-2.831760072529165,-5.3943105,2.1802531807490406,-5.012013253278205,-0.1852615595827519
2022-02-10,427.93,-8.338866716084537,-2.898799864059848,-5.3240733,2.1788328047742684,-5.0776326688341165,-0.1957985425511755
2022-02-11,425.269,-10.999648826206348,-2.9642985473384966,-5.239096,2.1767397780051105,-5.141038325343607,-0.2062703132712525
2022-02-12,430.321,-5.947381118684343,-3.028231900482658,-5.1408353,2.173996630903189,-5.202228531385847,-0.2166737942383868
2022-02-13,431.377,-4.891061946827339,-3.090576829227148,-5.0417366,2.1706261820107424,-5.261203011237891,-0.2270059309618401
2022-02-14,433.81,-2.457689663944098,-3.151311392098653,-4.993099,2.1666515106459108,-5.317962902744563,-0.2372636929032048
2022-02-15,422.163,-14.104261465595185,-3.21041482450392,-4.9646955,2.162095929371758,-5.3725107538756784,-0.2474440744074236
2022-02-16,419.014,-17.252776894819497,-3.267867561693945,-4.902391,2.1569829562682514,-5.424850517962197,-0.2575440956260423
2022-02-17,423.749,-12.51723430474961,-3.323651260567712,-4.8485365,2.15133628703647,-5.474987547604181,-0.2675608034323842
2022-02-18,428.208,-8.057632048518036,-3.3777488202805688,-4.767714,2.1451797669647705,-5.522928587245339,-0.2774912723283262
2022-02-19,432.481,-3.783968479257237,-3.4301444016233886,-4.6923323,2.13853736278654,-5.568681764409929,-0.2873326053423848
2022-02-20,437.283,1.018758049900108,-3.480823445140304,-4.651527,2.1314331344595945,-5.612256579599899,-0.2970819349187912
2022-02-21,432.62,-3.643579533141285,-3.5297726879540163,-4.6871433,2.1238912068971554,-5.653663894851172,-0.3067364237972611
2022-02-22,431.177,-5.085854296906673,-3.576980179269403,-4.7322774,2.1159357416806,-5.692915920950004,-0.3162932658831561
2022-02-23,426.894,-9.368064613594647,-3.622435294527489,-4.6995306,2.107590908784126,-5.730026203311615,-0.3257496871077456
2022-02-24,427.562,-8.699208855404258,-3.666128748183473,-4.642672,2.0988808583415377,-5.765009606525011,-0.3351029462782667
2022-02-25,429.346,-6.914285394534367,-3.70805260508432,-4.5820003,2.089829692485355,-5.797882297569675,-0.3443503359175033
2022-02-26,426.857,-9.402292603183913,-3.74820029042264,-4.520579,2.0804614372883243,-5.828661727710965,-0.3534891830925817
2022-02-27,432.8,-3.458228853551555,-3.786566598245795,-4.5196934,2.070800014837469,-5.857366613083264,-0.3625168502327219
2022-02-28,449.123,12.865908639911703,-3.8231476985005295,-4.5569134,2.060869215470545,-5.884016913971075,-0.3714307359356379
2022-03-01,433.488,-2.7678816389007705,-3.8579411425953447,-4.5516124,2.0506926702047745,-5.908633812800119,-0.3802282757623298
2022-03-02,434.358,-1.8965960974939549,-3.8909458674645614,-4.5209975,2.0402938233874077,-5.931239690851969,-0.388906943019988
2022-03-03,430.45,-5.803233108184736,-3.9221621981199606,-4.582205,2.029695905597602,-5.951858103717562,-0.3974642495327389
2022-03-04,431.664,-4.587791043289893,-3.951591848677572,-4.573215,2.018921906828738,-5.97051375550631,-0.4058977463999674
2022-03-05,424.208,-12.042268275126329,-3.979237921849181,-4.6108365,2.0079945499800886,-5.9872324718292695,-0.4142050247419548
2022-03-06,424.325,-11.9236631760107,-4.005104906889967,-4.5432086,1.9969362646864564,-6.002041171576424,-0.4223837164325726
2022-03-07,415.798,-20.44897411825992,-4.02919867599566,-4.467148,1.98576916151401,-6.014967837509669,-0.4304314948187795
2022-03-08,414.973,-21.27219947419091,-4.0515264791444,-4.3972273,1.9745150065502437,-6.026041485694643,-0.438346075426671
2022-03-09,428.911,-7.332337616120227,-4.072096937380594,-4.3584685,1.9631951964155017,-6.035292133796095,-0.4461252166538321
2022-03-10,423.803,-12.438386916364887,-4.09092003453995,-4.293538,1.951830733723246,-6.042750768263196,-0.453766720447757
2022-03-11,426.719,-9.520345747241649,-4.108007107416762,-4.2204466,1.9404422030155093,-6.048449310432272,-0.4612684329700943
2022-03-12,437.952,1.7147875189326136,-4.123370834376676,-4.158903,1.929049747199859,-6.052420581576535,-0.4686282452464777
2022-03-13,438.365,2.129696228023068,-4.137025222419956,-4.2788515,1.9176730445132997,-6.054698266933255,-0.4758440938017288
2022-03-14,432.253,-3.9807918243643368,-4.148985592702348,-4.2154903,1.9063312860383048,-6.055316878740653,-0.4829139612801896
2022-03-15,432.313,-3.918800163562828,-4.159268564522669,-4.450773,1.8950431537954229,-6.054311718318092,-0.4898358770509732
2022-03-16,429.155,-7.0747119055364,-4.167892037788058,-4.379951,1.883826799436359,-6.051718837224417,-0.4966079177979108
2022-03-17,431.614,-4.613525488146324,-4.174875173970033,-4.3313913,1.8726998235608163,-6.04757499753085,-0.5032282080939947
2022-03-18,433.0820000000001,-3.143239349253455,-4.180238375566201,-4.2641926,1.8616792556797197,-6.041917631245921,-0.5096949209600895
2022-03-19,439.182,2.9592673051517444,-4.18400326408466,-4.341704,1.850781534846765,-6.034784798931424,-0.5160062784077276
2022-03-20,431.561,-4.659613468396355,-4.186192656569925,-4.285212,1.8400224909795728,-6.026215147549498,-0.5221605519657835
2022-03-21,427.318,-8.900379477090443,-4.186830540691123,-4.256213,1.8294173268909184,-6.016247867582042,-0.5281560631908259
2022-03-22,423.6,-12.61602921575744,-4.185942048415271,-4.2302275,1.818980601049897,-6.004922649465168,-0.533991184160975
2022-03-23,434.071,-2.1425611792239785,-4.183553428290122,-4.1669106,1.8087262110919728,-5.992279639382095,-0.5396643379530622
2022-03-24,433.404,-2.8069738623169185,-4.179692016363077,-4.0651298,1.7986673780962077,-5.978359394459285,-0.5451739991029282
2022-03-25,436.479,0.2707342401368846,-4.174386205764421,-3.9524603,1.788816631647013,-5.963202837411434,-0.5505186940486756
2022-03-26,434.427,-1.7791692138152522,-4.167665414984977,-3.8462536,1.7791857956970891,-5.946851210682066,-0.555697001556711
2022-03-27,438.485,2.281031186627825,-4.159560054880077,-3.7575736,1.769785975247276,-5.929346030127354,-0.5607075531304075
2022-03-28,434.737,-1.4651409354178062,-4.150101494433375,-3.8109066,1.760627543858165,-5.9107290382915405,-0.565549033401235
2022-03-29,430.494,-5.706214027927376,-4.139322025315921,-3.7707224,1.7517201320075473,-5.891042157323469,-0.5702201805021948
2022-03-30,433.061,-3.1371852243302705,-4.1272548252774,-3.7379084,1.7430726163067292,-5.870327441584129,-0.5747197864234165
2022-03-31,429.385,-6.811053199634528,-4.11393392040817,-3.6673458,1.7346931095879776,-5.848627029996148,-0.5790466973497715
2022-04-01,433.381,-2.812816628848113,-4.099394146312348,-3.5812654,1.7265889518743285,-5.8259830981866765,-0.5831998139803568
2022-04-02,428.8,-7.39147418697915,-4.083671108233613,-3.5097802,1.7187667022421134,-5.802437810475727,-0.5871780918297286
2022-04-03,435.17,-1.0190245490354268,-4.066801140177025,-3.453008,1.711232131585589,-5.778033271762615,-0.5909805415107448
2022-04-04,448.112,11.92548182553028,-4.04882126307156,-3.6784668,1.7039902162921026,-5.752811479363663,-0.5946062289988989
2022-04-05,440.548,4.363805874884444,-4.029769142019366,-3.6694074,1.6970451328352485,-5.726814274854615,-0.5980542758780313
2022-04-06,430.605,-5.576920178709194,-4.009683042679321,-3.5944915,1.6904002532925182,-5.700083295971839,-0.6013238595672963
2022-04-07,428.53,-7.649535211750835,-3.9886017868334473,-3.5045578,1.684058141792908,-5.672659928626356,-0.6044142135292894
2022-04-08,436.5220000000001,0.3449620248948069,-3.9665647071862895,-3.4433348,1.6780205518990232,-5.6445852590853125,-0.607324627459225
2022-04-09,431.285,-4.890038264158016,-3.943611601448352,-3.3818865,1.6722884249272207,-5.615900026375573,-0.6100544474550744
2022-04-10,438.479,2.3060596102764626,-3.9197826857557994,-3.364409,1.6668618892081994,-5.586644574963998,-0.6126030761685767
2022-04-11,436.78,0.609053766648171,-3.8951185474797785,-3.6537204,1.6617402602896745,-5.556858807769453,-0.6149699729370307
2022-04-12,437.603,1.4332335747348726,-3.869660097479745,-3.7405095,1.6569220420815434,-5.526582139561288,-0.6171546538957982
2022-04-13,436.52,0.3511444858212948,-3.8434485218558794,-3.89707,1.6524049289430969,-5.495853450798975,-0.6191566920714475
2022-04-14,438.935,2.767056824181018,-3.81652523325682,-4.2186017,1.6481858087107282,-5.464711041967548,-0.6209757174554673
2022-04-15,440.572,4.404762592449654,-3.7889318217996064,-4.1977367,1.6442607666636515,-5.433192588463258,-0.6226114170584873
2022-04-16,437.471,1.3045181308502816,-3.760710005659371,-4.591434,1.640625090424097,-5.401335096083468,-0.6240635349449708
2022-04-17,432.805,-3.361194058338211,-3.7319015813872247,-4.516097,1.637273275787479,-5.369174857174704,-0.6253318722483053
2022-04-18,437.142,0.9761961940402716,-3.702548374015076,-4.532728,1.6341990334769971,-5.336747407492073,-0.6264162871662785
2022-04-19,440.573,4.407361364628978,-3.672692187006912,-4.754069,1.6313952968162164,-5.304087483823128,-0.6273166949368836
2022-04-20,434.593,-1.572945032733208,-3.6423747521162793,-4.859623,1.628854230312089,-5.271228982428369,-0.6280330677944377
2022-04-21,436.024,-0.1421559227268405,-3.611637679210325,-5.1414056,1.6265672391399868,-5.238204918350312,-0.6285654349059935
2022-04-22,432.747,-3.421191262322776,-3.580522406120813,-5.1419506,1.624524979521338,-5.205047385642152,-0.6289138822880199
2022-04-23,428.413,-7.757181972069966,-3.549070148582898,-5.076806,1.622717369983424,-5.1717875185663225,-0.6290785527033553
2022-04-24,428.577,-7.595127679853344,-3.517321850322693,-4.9694858,1.621133603490094,-5.138455453812788,-0.6290596455384277
2022-04-25,435.927,-0.2470280135579798,-3.485318133354382,-4.8776736,1.61976216043105,-5.1050802937854325,-0.6288574166607448
2022-04-26,429.525,-6.650961361235213,-3.45309924854816,-4.8033776,1.6185908224565917,-5.071690071004752,-0.6284721782566749
2022-04-27,430.411,-5.7668507308256345,-3.4207050265295997,-4.6894827,1.617606687143673,-5.038311713673272,-0.6279042986495341
2022-04-28,431.016,-5.163695761877769,-3.388174828971541,-4.679789,1.6167961834783555,-5.004971012449897,-0.6271542020980051
2022-04-29,431.911,-4.270496093940036,-3.3555475003388056,-4.59493,1.616145088138727,-4.9716925884775325,-0.6262223685749293
2022-04-30,438.802,2.618748633439189,-3.322861320146067,-4.6298246,1.615638542561624,-4.938499862707691,-0.625109333526509
2022-05-01,429.002,-7.183929550308338,-3.2901539557888286,-4.5696034,1.615261070775599,-4.905415026564428,-0.6238156876119709
2022-05-02,433.293,-2.8955565449161504,-3.2574624160067582,-4.6255746,1.6149965979816934,-4.872459013988451,-0.6223420764237464
2022-05-03,423.101,-13.090132135710792,-3.224823005038414,-4.57292,1.6148284698629134,-4.839651474901327,-0.6206892001882388
2022-05-04,428.353,-7.84065610801882,-3.192271277525617,-4.4692006,1.6147394726023772,-4.807010750127994,-0.6188578134472414
2022-05-05,432.533,-3.66312824716666,-3.159841994225056,-4.5266376,1.6147118535894345,-4.77455384781449,-0.6168487247200951
2022-05-06,435.728,-0.4705483384809028,-3.127569078584009,-4.6445074,1.6147273427922677,-4.742296421376277,-0.614662796146667
2022-05-07,423.539,-12.661916167288126,-3.095485574236269,-4.7427154,1.614767174774817,-4.710252749011086,-0.6123009431112508
2022-05-08,438.318,2.114768481085285,-3.063623603473391,-4.837723,1.6148121113351157,-4.678435714808506,-0.6097641338474896
2022-05-09,432.632,-3.573604207039243,-3.0320143267454065,-4.8898087,1.6148424647414956,-4.646856791486902,-0.6070533890244322
2022-05-10,428.556,-7.651926809134517,-3.0006879032443043,-4.8849263,1.6148381215424867,-4.615526024786791,-0.6041697813138549
2022-05-11,423.377,-12.833199126833474,-2.9696734526221573,-4.7998657,1.614778566925558,-4.584452019547715,-0.6011144349389518
2022-05-12,428.507,-7.705420961769053,-2.938999017894927,-4.776047,1.6146429095993184,-4.553641927494246,-0.5978885252045643
2022-05-13,432.146,-4.068592115574309,-2.908691529581463,-4.7482944,1.614409907173226,-4.523101436754689,-0.5944932780090628
2022-05-14,437.56,1.34328761011787,-2.87877677112618,-4.722025,1.6140579920082294,-4.492834763134409,-0.5909299693380587
2022-05-15,426.451,-9.76819772783563,-2.8492793456522194,-4.6125345,1.613565297511394,-4.4628446431636135,-0.5871999247400929
2022-05-16,427.853,-8.368630806511103,-2.820222644090801,-4.512348,1.6129096848469648,-4.4331323289377655,-0.5833045187844815
2022-05-17,424.533,-11.69101149008912,-2.791628814730715,-4.3858714,1.6120687700359226,-4.403697584766638,-0.5792451745014903
2022-05-18,421.342,-14.88433964275042,-2.7635187342305048,-4.294984,1.6110199514156878,-4.3745386856461925,-0.5750233628050371
2022-05-19,427.175,-9.053615128675425,-2.735911980134205,-4.22668,1.6097404374311344,-4.34565241756534,-0.5706406018981036
2022-05-20,424.79,-11.440837812044894,-2.708826804929941,-4.140214,1.6082072747278762,-4.317034079657818,-0.5660984566610786
2022-05-21,424.763,-11.47000755703955,-2.682280111688808,-4.0390105,1.606397376518274,-4.288677488207082,-0.5613985380232348
2022-05-22,426.075,-10.160124227839791,-2.656287431319876,-3.9260454,1.6042875511904755,-4.260574982510351,-0.5565425023175681
2022-05-23,425.589,-10.648187688626363,-2.630862901475202,-3.8347583,1.601854531130399,-4.232717432605601,-0.5515320506192346
2022-05-24,429.177,-7.0621978035799415,-2.606019247136914,-3.7684546,1.599075001726452,-4.205094248863366,-0.5463689280678155
2022-05-25,428.126,-8.115154436881056,-2.5817677629165905,-3.6875608,1.5959256305264613,-4.177693393443052,-0.5410549231736778
2022-05-26,432.555,-3.6880574527104217,-2.558118297095019,-3.5913863,1.5923830965162011,-4.15050139361122,-0.535591867108669
2022-05-27,439.394,3.149093284751398,-2.5350792374287034,-3.5465117,1.588424119488734,-4.123503356917437,-0.5299816329814372
2022-05-28,427.258,-8.989196311811765,-2.512657498747135,-3.6350186,1.5840254894736607,-4.096682988220795,-0.5242261350976278
2022-05-29,441.58,5.330572528314063,-2.4908585123629936,-3.6935575,1.5791640961953144,-4.070022608558308,-0.5183273282052698
2022-05-30,424.929,-11.322974687855352,-2.4696862173153806,-3.6601717,1.573816958528909,-4.04350317584429,-0.5122872067256267
2022-05-31,423.364,-12.890457759489616,-2.449143053463727,-3.5692525,1.5679612539235843,-4.017104307387312,-0.5061078039698238
2022-06-01,432.175,-4.08187668194652,-2.4292299564483093,-3.4649873,1.561574347761389,-3.990804304209698,-0.4997911913415713
2022-06-02,436.49,0.2307685494167888,-2.4099463545306974,-3.3672926,1.5546338226212284,-3.964580177151926,-0.4933394775262887
2022-06-03,435.585,-0.6771345952432313,-2.3912901673255584,-3.2948499,1.5471175074169423,-3.9384076747425008,-0.4867548076669805
2022-06-04,450.085,13.820033527233274,-2.373257806432771,-3.3576126,1.539003506378762,-3.912261312811533,-0.4800393625271898
2022-06-05,435.137,-1.1310173529090948,-2.355844177976791,-3.6555302,1.5302702278475793,-3.88611440582437,-0.4731953576413864
2022-06-06,431.826,-4.44491130462428,-2.339042687057542,-3.5937612,1.5208964128516005,-3.8599390999091434,-0.4662250424531381
2022-06-07,431.73,-4.543728554881444,-2.322845244115493,-3.4898524,1.5108611634352416,-3.833706407550735,-0.4591306994414392
2022-06-08,433.074,-3.202469223163906,-2.307242273210409,-3.4166908,1.5001439707102684,-3.8073862439206776,-0.4519146432355709
2022-06-09,443.798,7.518866571045401,-2.2922227222117963,-3.2962546,1.4887247425995824,-3.780947464811379,-0.4445792197188685
2022-06-10,437.724,1.4420965785643105,-2.277774074896242,-3.2240663,1.4765838312442767,-3.754357906140519,-0.4371268051217954
2022-06-11,441.329,5.043924045811865,-2.2638823649446325,-3.2107532,1.463702060044914,-3.7275844249895465,-0.4295598051047208
2022-06-12,440.997,4.708458189070798,-2.2505321918301444,-3.4867797,1.450060750308457,-3.700592942138601,-0.4218806538308051
2022-06-13,428.911,-7.381005031991013,-2.237706738585304,-3.4550533,1.435641747472546,-3.67334848605785,-0.4140918130294186
2022-06-14,432.889,-3.4061463004188006,-2.2253877914343274,-3.4023728,1.4204274468793374,-3.6458152383136646,-0.4061957710505066
2022-06-15,438.204,1.9059219780157937,-2.213555761274516,-3.3138833,1.4044008190715431,-3.6179565803460583,-0.3981950419103395
2022-06-16,438.071,1.7698685224787898,-2.202189706988403,-3.2212567,1.387545434583793,-3.589735141572196,-0.3900921643290876
2022-06-17,431.795,-4.510054394391879,-2.191267360565796,-3.2110674,1.3698454882029527,-3.561112848768749,-0.3818897007606603
2022-06-18,433.645,-2.6638604966667234,-2.180765154012955,-3.2035992,1.3512858226716062,-3.532050976684561,-0.3735902364152748
2022-06-19,426.296,-10.016550197353908,-2.170658248023615,-3.1262786,1.3318519518094074,-3.502510199833022,-0.3651963782752049
2022-06-20,433.786,-2.5301239094617127,-2.160920562384579,-3.0248904,1.3115300830276704,-3.472450645412249,-0.3567107541041854
2022-06-21,429.101,-7.218460829145311,-2.1515248080863207,-2.9179978,1.29030713921314,-3.4418319472994607,-0.348136011450942
2022-06-22,432.1110000000001,-4.211679292329779,-2.142442521106944,-2.8166995,1.268170779957554,-3.4106133010644983,-0.3394748166473346
2022-06-23,435.198,-1.1277796940728004,-2.1336440978356936,-2.7143528,1.245109422110224,-3.378753519945917,-0.3307298538015935
2022-06-24,440.486,4.157319903160635,-2.1250988321001367,-2.6000013,1.2211122596316255,-3.3462110917317625,-0.3219038237871469
2022-06-25,439.203,2.870901241178012,-2.1167749537591645,-2.4851925,1.196169282726647,-3.3129442364858117,-0.3129994432275401
2022-06-26,428.84,-7.495424302892849,-2.1086396688218345,-2.3721886,1.1702712962368689,-3.278910965058703,-0.304019443477949
2022-06-27,438.594,2.2553876218897653,-2.1006592010501945,-2.2462993,1.1434099372720457,-3.2440691383222404,-0.2949665696037971
2022-06-28,440.357,4.015239337879398,-2.092798835002274,-2.13358,1.115577692061694,-3.208376527063968,-0.2858435793569957
2022-06-29,436.427,0.0820012302595696,-2.085022960469645,-2.0614405,1.08676791200851,-3.171790872478155,-0.2766532421503245
2022-06-30,440.818,4.469442076280952,-2.07729511826193,-1.9747934,1.056974828926106,-3.134269947188036,-0.2673983380304735
2022-07-01,436.747,0.3940786733238974,-2.069578047289096,-1.8899258,1.0261935694444564,-3.0957716167335523,-0.2580816566502826
2022-07-02,436.47,0.1119823087349161,-2.0618337328904874,-1.8176658,0.9944201685672002,-3.0562539014576875,-0.2487059962407055
2022-07-03,442.927,6.5635181969365695,-2.0540234563579545,-1.7643646,0.9616515823658652,-3.01567503872382,-0.2392741625830321
2022-07-04,440.968,4.599237740065627,-2.046107845598852,-1.7431674,0.9278856997969576,-2.973993545395809,-0.2297889679819159
2022-07-05,440.13,3.7558210858409415,-2.0380469268829997,-1.7337695,0.8931213536286647,-2.931168280511664,-0.2202532302397388
2022-07-06,435.071,-1.3088476509026536,-2.029800177616456,-1.6735833,0.8573583304649327,-2.887158508081389,-0.2106697716328638
2022-07-07,436.002,-0.3833422442675651,-2.021326580083242,-1.6082023,0.8205973798555305,-2.8419239599387724,-0.2010414178903181
2022-07-08,438.143,1.7524748328229585,-2.0125846760950825,-1.5233086,0.7828402224815753,-2.7954248985766577,-0.1913709971754567
2022-07-09,437.575,1.179268782592314,-2.0035326224876377,-1.4317074,0.7440895574071066,-2.747622179894744,-0.1816613390711538
2022-07-10,443.625,7.223960949532354,-1.9941282474008448,-1.3606256,0.7043490683879707,-2.698477315788815,-0.171915273569071
2022-07-11,442.072,5.665819514587714,-1.984329107279445,-1.2743331,0.663623429230516,-2.6479525365099605,-0.1621356300635581
2022-07-12,441.019,4.607602004491752,-1.9740925445290392,-1.1840281,0.6219183081932866,-2.596010852722326,-0.1523252363507278
2022-07-13,435.835,-0.5815812900968815,-1.9633757457617695,-1.094466,0.5792403714260881,-2.542616117187858,-0.1424869176332624
2022-07-14,436.424,0.0020649635387686,-1.9521358005649037,-1.0140988,0.5355972854415446,-2.487733086006448,-0.1326234955314989
2022-07-15,441.787,5.359834882862368,-1.9403297607247971,-0.9482487,0.4909977186154876,-2.431327479340285,-0.1227377871013412
2022-07-16,433.878,-2.5541512363585523,-1.9279146998377668,-0.8886646,0.4454513417132013,-2.373366041550968,-0.1128326038595436
2022-07-17,430.407,-6.029855619733895,-1.914847773238863,-0.81803536,0.3989688274397843,-2.313816600678647,-0.102910750816913
2022-07-18,442.746,6.3056267991677775,-1.9010862781789133,-0.7537388,0.3515618490136736,-2.252648127192587,-0.0929750255199714
2022-07-19,436.518,0.0736328072921832,-1.886587714179488,-0.6837673,0.3032430777634398,-2.189830791942928,-0.0830282171016175
2022-07-20,437.139,0.6899679809225168,-1.8713098434953024,-0.60190475,0.2540261797489261,-2.1253360232442287,-0.0730731053413198
2022-07-21,436.571,0.1167815561447227,-1.855210751612829,-0.52356184,0.2039258114087262,-2.0591365630215552,-0.0631124597353779
2022-07-22,438.44,1.980872963690368,-1.838248907713921,-0.45747423,0.1529576142370101,-1.9912065219509312,-0.0531490385777785
2022-07-23,439.333,2.868894765141645,-1.820383225032871,-0.39064413,0.1011382084936354,-1.9215214335265065,-0.0431855880521622
2022-07-24,434.075,-2.393840805222938,-1.8015731210351889,-0.33998373,0.0484851859524634,-1.850058306987652,-0.0332248413354284
2022-07-25,434.2480000000001,-2.225259171048513,-1.781778577346539,-0.30584854,-0.0049828983062874,-1.776795679040252,-0.02326951771348
2022-07-26,436.821,0.3435135270092333,-1.760960199360017,-0.25274113,-0.0592465350528493,-1.7017136643071678,-0.0133223217096202
2022-07-27,440.828,4.346251551122085,-1.7390792754503366,-0.19379078,-0.1142852710061671,-1.624794004444169,-0.0033859422260959
2022-07-28,451.163,14.676507852861874,-1.7160978357236816,-0.15137202,-0.1700777198649221,-1.5460201158587594,0.0065369483007201
2022-07-29,446.71,10.218729719142834,-1.6919787102320385,-0.11787462,-0.226601574261849,-1.4653771359701897,0.0164436947310279
2022-07-30,424.408,-12.087769179129324,-1.6666855865815446,-0.07895335,-0.2838336186307827,-1.3828519679507618,0.0263316600376968
2022-07-31,419.128,-17.37183470329319,-1.640183066864624,-0.04226859,-0.3417497429751677,-1.2984333238894563,0.0361982261073041
2022-08-01,442.014,5.51044920727758,-1.6124367238462969,-0.020245804,-0.4003249575257864,-1.2121117663205103,0.04604079452565
2022-08-02,427.879,-8.62811431352352,-1.5834131563357374,-0.07133137,-0.4595334082745972,-1.1238797480611402,0.0558567873473059
2022-08-03,450.84,14.3296712371529,-1.553080043674733,-0.02064586,-0.5193483933707779,-1.033731650303955,0.0656436478487582
2022-08-04,434.331,-2.1828654914976493,-1.5214061992757104,0.032032844,-0.5797423803642171,-0.9416638189114932,0.0753988412647177
2022-08-05,436.563,0.0455568983058993,-1.4883616231425951,0.05552354,-0.6406870242808617,-0.8476745988617335,0.0851198555071862
2022-08-06,424.163,-12.35793965849926,-1.4539175533090674,0.0891251,-0.7021531865135234,-0.7517643667955439,0.0948042018668665
2022-08-07,432.262,-4.261858426248561,-1.4180465161294076,0.15089616,-0.7641109545110705,-0.6539355616183371,0.1044494156965336
2022-08-08,436.693,0.1666864612749909,-1.3807223753586857,0.20700122,-0.8265296622479872,-0.5541927131106983,0.1140530570759816
2022-08-09,445.208,8.679508503538361,-1.3419203799598711,0.25246578,-0.8893779114557145,-0.4525424685041566,0.1236127114581828
2022-08-10,446.332,9.801601023517309,-1.3016172105769426,0.29309997,-0.9526235935963868,-0.3489936169805557,0.1331259902963029
2022-08-11,434.176,-2.356848200281328,-1.2597910246142547,0.34439072,-1.0162339125588504,-0.2435571120554043,0.1425905316512397
2022-08-12,440.93,4.395132274559769,-1.2164214998640277,0.40136203,-1.0801754080562618,-0.1362460918077659,0.1520040007793539
2022-08-13,435.571,-0.9655123586360492,-1.1714898766251358,0.45156962,-1.1444139797037958,-0.02707589692134,0.1613640907000822
2022-08-14,434.998,-1.539752859505514,-1.1249789982579952,0.4986124,-1.2089149117544842,0.0839359134964889,0.1706685227431497
2022-08-15,435.372,-1.166534942836834,-1.0768733501220176,0.5265109,-1.2736428984704573,0.1967695483484397,0.1799150470750806
2022-08-16,437.182,0.6432233891174954,-1.027159096843737,0.5582826,-1.33856207010642,0.311402973262683,0.1891014432047701
2022-08-17,436.82,0.281355993550263,-0.9758241178655233,0.584426,-1.403636019481486,0.4278119016159629,0.1982255204678468
2022-08-18,442.789,6.250800579348976,-0.9228580412264806,0.6037925,-1.468827829115101,0.54596978788862,0.2072851184896141
2022-08-19,450.537,13.9994483342071,-0.8682522755292887,0.6535941,-1.5341000989021485,0.6658478233728595,0.2162781076263465
2022-08-20,437.968,1.4313743409119706,-0.812000040048305,0.69205517,-1.599414974301941,0.7874149342536361,0.2252023893847501
2022-08-21,441.719,5.183661029577817,-0.7540963929366741,0.7314412,-1.6647341750152735,0.9106377820785996,0.2340558968194115
2022-08-22,445.561,9.02730628639018,-0.6945382574917708,0.7710969,-1.7300190241233302,1.0354807666315593,0.2428365949080682
2022-08-23,433.523,-3.008692002465586,-0.633324446440829,0.8004134,-1.7952304776618195,1.1619060312209906,0.2515424809045729
2022-08-24,440.185,3.655714844865476,-0.5704556842105183,0.8367569,-1.8603291546032892,1.289873470392771,0.2601715846694142
2022-08-25,435.929,-0.5976472558260308,-0.5059346271464568,0.8706842,-1.9252753672203304,1.4193407400738738,0.2687219689777056
2022-08-26,437.252,0.7283428006890205,-0.4397658816509415,0.9056734,-1.9900291518019133,1.5502632701509718,0.2771917298045457
2022-08-27,444.322,7.8016828893733825,-0.3719560202094941,0.93404984,-2.0545502996949354,1.6825942794854414,0.2855789965877018
2022-08-28,438.384,1.8671450380394825,-0.3025135952789715,0.95750415,-2.118798388642725,1.816284793363754,0.2938819324675525
2022-08-29,444.29,7.776449423515348,-0.231449151012621,0.9951241,-2.182732814392016,1.9512836633793944,0.3020987345042867
2022-08-30,432.568,-3.941882247019061,-0.158775232799575,1.0290918,-2.2463128225397258,2.0875375897401507,0.3102276338723384
2022-08-31,442.563,6.05723468169984,-0.084506394598905,1.0633852,-2.3094975405906464,2.224991145991741,0.3182668960320868
2022-09-01,438.282,1.7807134416101844,-0.0086592040507167,1.1029416,-2.3722460101970864,2.3635868061463694,0.3262148208788471
2022-09-02,445.238,8.74155180857916,0.0687477546506845,1.1505895,-2.434517219551256,2.5032649742019406,0.334069742869222
2022-09-03,436.049,-0.4422524415262474,0.1476938801341552,1.187133,-2.496270135901224,2.6439640160353792,0.3418300311248854
2022-09-04,436.622,0.1362984671608806,0.2281565554895037,1.2110265,-2.557463738161172,2.7856202936506755,0.3494940895139004
2022-09-05,438.243,1.7632023105077517,0.3101111521732244,1.2376639,-2.6180570495865267,2.928168201759751,0.3570603567096937
2022-09-06,439.411,2.937456864381386,0.3935310361870026,1.2759069,-2.678009170484764,3.0715402066717665,0.3645273062278285
2022-09-07,448.758,12.291059904648776,0.478387576531379,1.3023269,-2.737279310932476,3.2156668874638554,0.3718934464407387
2022-09-08,448.984,12.524009207176956,0.5646501559343067,1.3220726,-2.7958268234695187,3.3604769794038254,0.3791573205706104
2022-09-09,446.647,10.194302547833075,0.6522861838517566,1.3281671,-2.8536112357410026,3.5058974195927592,0.386317506660614
2022-09-10,433.086,-3.359062297515875,0.7412611117350042,1.3531253,-2.9105922830581257,3.6518533947931298,0.393372617524721
2022-09-11,442.489,6.050928699951349,0.8315384505565677,1.3833901,-2.966729940848863,3.798268391405431,0.4003213006763407
2022-09-12,443.866,7.434954152737581,0.9230797905842664,1.3888239,-3.0219844569697707,3.945064247554037,0.4071622382360644
2022-09-13,443.164,6.740351145694459,1.0158448233902977,1.3994316,-3.076316383850345,4.092161207240642,0.4138941468187909
2022-09-14,443.577,7.161117253317114,1.1097913660795236,1.419035,-3.1296866104415564,4.23947797652108,0.4205157774005521
2022-09-15,425.562,-10.84574994989934,1.2048753877188618,1.4516963,-3.18205639394045,4.386931781659312,0.4270259151653718
2022-09-16,427.966,-8.432913562903195,1.301051037946965,1.4862624,-3.233387391263019,4.534438429209984,0.4334233793325082
2022-09-17,444.226,7.837628751435769,1.398270677740832,1.5003535,-3.283641690237726,4.681912367978558,0.4397070229644506
2022-09-18,442.408,6.030503775894654,1.496484912313684,1.4154423,-3.332781840492567,4.829266752806251,0.4458757327560678
2022-09-19,442.308,5.941709339722108,1.5956426261158003,1.281042,-3.380770884008718,4.976413510124518,0.4519284288053209
2022-09-20,431.057,-5.297756727833235,1.6956910199076518,1.1630147,-3.427572385314324,5.123263405221976,0.4578640643659647
2022-09-21,437.457,1.1146131866333118,1.7965756498722176,1.1140527,-3.473150461292328,5.2697261111645455,0.4636816255827052
2022-09-22,436.017,-0.3127069542210572,1.8982404687310408,1.1388323,-3.517469810576644,5.415710279307685,0.4693801312092687
2022-09-23,442.388,6.071280756441501,2.0006278688262347,1.2059867,-3.560495742511502,5.561123611337736,0.4749586323098819
2022-09-24,439.665,3.361574225458741,2.103678727128296,1.2815741,-3.6021942056491287,5.7058729327774245,0.480416211944667
2022-09-25,442.44975,5.1156401096684405,2.207332452127344,1.3506355,-3.642531815761584,5.849864267888927,0.4857519848394802
2022-09-26,445.2345,8.958570065908283,2.311527032563254,1.4062654,-3.681475883342906,5.99300291590616,0.4909650970407339
2022-09-27,448.01925,12.801799501016308,2.4161990879479323,1.4579208,-3.718994440578409,6.135193528526342,0.4960547255557685
2022-09-28,450.804,14.55676382183005,2.521283920830772,1.5010023,-3.755056267758434,6.276340188589206,0.5010200779793456
2022-09-29,439.871,3.638362843650568,2.626715570756476,1.5221689,-3.789630919114428,6.416346489870904,0.5058603921068606
2022-09-30,441.975,5.75724985176718,2.732426869862199,1.5552777,-3.822688748055891,6.55511561791809,0.5105749355348836
2022-10-01,442.191,6.190836344814317,2.8383495000591235,1.5749708,-3.854200931787248,6.692550431846372,0.5151630052496492
2022-10-02,442.407,6.511884879178398,2.944414051741714,1.6111465,-3.884139495284384,6.8285535470260985,0.5196239272041387
2022-10-03,442.623,6.732022307456855,3.050550083965907,1.6474848,-3.912477334611203,6.96302741857711,0.5239570558844114
2022-10-04,442.839,6.862351538066122,3.156686186035905,1.6822879,-3.939188239557272,7.095874425593177,0.5281617738658358
2022-10-05,443.055,6.913975479422914,3.2627500404373984,1.7203511,-3.964246915578181,7.226996956015579,0.5322374913599264
2022-10-06,441.405,5.280091932366508,3.3686684870534926,1.7720238,-3.987629005021091,7.356297492074583,0.5361836457524489
2022-10-07,447.389,11.279342912182148,3.474367588597945,1.8161153,-4.0093111076185055,7.483678696216451,0.5399997011335244
2022-10-08,443.951,7.85691043392763,3.57977269719893,1.8501762,-4.029270800234079,7.609043497433008,0.5436851478204251
2022-10-09,446.1425,8.846792123049951,3.684808522065058,1.8830588,-4.0474866558450415,7.7322951779101,0.5472395018737984
2022-10-10,448.334,11.297985604996196,3.789399198163988,1.9130687,-4.063938261746464,7.853337459910452,0.5506623046080529
2022-10-11,450.5255,14.479988505213344,3.893468355842893,1.9446568,-4.078606236963411,7.972074592806305,0.5539531220966419
2022-10-12,452.717,17.662298449148615,3.9969391913184302,1.9671142,-4.09147224885777,8.0884114401762,0.5571115446730052
2022-10-13,454.9085,20.114413062248826,4.099734537963363,1.9800855,-4.102519028917305,8.202253566880668,0.5601371864279157
2022-10-14,457.1,21.10582996996118,4.201776938315293,2.0194712,-4.111730387715255,8.313507326030548,0.5630296847040125
2022-10-15,450.8205,14.844046797732664,4.302988716732522,2.0477512,-4.119091229029607,8.422079945762128,0.5657886995882657
2022-10-16,444.541,8.582561171010347,4.403292052620857,2.0619292,-4.124587563111936,8.527879615732793,0.5684139134031796
2022-10-17,446.85,10.909870715241354,4.502609054154634,2.0843832,-4.128206519096517,8.630815573251152,0.5709050301974815
2022-10-18,449.013,13.091473055872584,4.600861832414329,2.1236246,-4.129936356541198,8.730798188955527,0.5732617752371032
2022-10-19,449.147,13.244365818351229,4.697972575862661,2.159322,-4.129766476092349,8.82773905195501,0.5754838944972291
2022-10-20,442.287,6.40354662812419,4.793863625080475,2.1984794,-4.1276874292670085,8.921551054347484,0.5775711541561951
2022-10-21,450.644,14.780013110638698,4.8884575476833225,2.2110872,-4.1236909273461055,9.012148475029427,0.5795233400920327
2022-10-22,456.792,20.947762891341643,4.981677213339273,2.0179815,-4.117769849373574,9.099447062712848,0.5813402573824398
2022-10-23,435.263,-0.5612064043197709,5.073445868808197,1.9883239,-4.109918249256797,9.183364118064992,0.5830217298089645
2022-10-24,451.285,15.481294690638045,5.163687212922685,1.9139961,-4.100131361964828,9.263818574887512,0.5845675993661853
2022-10-25,442.025,6.242077173210876,5.252325471430574,1.8930323,-4.088405608821521,9.340731080252096,0.5859777257766694
2022-10-26,446.4330000000001,10.671138697254886,5.339285471619165,1.838067,-4.074738601891548,9.414024073510712,0.587251986012484
2022-10-27,441.14,5.399476916626056,5.424492716641227,1.825168,-4.059129147458085,9.483621864099312,0.5883902738240359
2022-10-28,454.67,18.95108948518096,5.507873459463126,1.8270339,-4.041577248591762,9.549450708054888,0.5893924992769946
2022-10-29,449.74,14.042611522139412,5.589354776355684,1.8289073,-4.02208410681125,9.611438883166931,0.5902585882980778
2022-10-30,446.456,10.780061113462942,5.668864639848745,1.8042119,-4.000652122836719,9.669516762685465,0.5909884822304262
2022-10-31,447.584,11.929786899938293,5.746331991070811,1.790416,-3.9772848964380234,9.723616887508832,0.5915821373993344
2022-11-01,458.869,23.236786429040983,5.821686811395843,1.4716994,-3.951987225380487,9.77367403677633,0.5920395246890517
2022-11-02,455.726,20.11605724824617,5.894860193319664,1.3314328,-3.9247651034717297,9.819625296791394,0.5923606291313944
2022-11-03,443.667,8.079596905029145,5.965784410489492,1.3041883,-3.8956257177138935,9.861410128203383,0.5925454495068605
2022-11-04,434.794,-0.7720329953749383,6.034392986810517,1.1569107,-3.864577444566222,9.89897043137674,0.5925939979589686
2022-11-05,445.637,10.092832545198828,6.100620764554733,0.7017866,-3.8316298453239055,9.93225060987864,0.5925062996224898
2022-11-06,435.373,-0.1489957727761828,6.164403971397928,0.577965,-3.7967936606196666,9.961197632017594,0.5922823922662541
2022-11-07,435.6555,-0.0776840706242305,6.225680286311933,0.082209334,-3.760080804055321,9.985761090367252,0.5919223259511861
2022-11-08,435.938,0.1205375131896557,6.284388904240322,-0.34981436,-3.7215043549713855,10.005893259211708,0.5914261627042092
2022-11-09,436.2205,0.4895595921323252,6.340470599487046,-0.5029866,-3.681078550363349,10.021549149850394,0.5907939762086463
2022-11-10,436.503,1.0733627961562169,6.393867787748673,-0.50011903,-3.638818775954,10.032686563702672,0.5900258515117235
2022-11-11,448.506,13.100183691692015,6.444524586722449,-0.49135983,-3.594741556431887,10.039266143154336,0.5891218847497606
2022-11-12,433.079,-2.3028792408408068,6.492386875223698,-0.5473482,-3.5488645448666416,10.04125142009034,0.5880821828916195
2022-11-13,429.536,-5.821653190947573,6.537402350747737,-0.5177393,-3.5012065113124784,10.038608862060215,0.5869068635009627
2022-11-14,424.87,-10.462916079418315,6.579520585412998,-0.48970512,-3.4517873306119733,10.031307916024971,0.5855960545178439
2022-11-15,432.0,-3.307220954197825,6.618693080223841,-0.4424329,-3.400627969412679,10.01932104963652,0.584149894060138
2022-11-16,430.385,-4.895827849356542,6.654873317593186,-0.38868007,-3.347750472409869,10.002623790003057,0.5825685302452883
2022-11-17,433.94,-1.3132859877927316,6.688016812066962,-0.3489866,-3.293177947829164,9.981194759896129,0.5808521210328429
2022-11-18,436.205,0.9795103501518004,6.71808115919427,-0.30547372,-3.2369345521635378,9.955015711357808,0.5790008340881984
2022-11-19,435.226,0.0285588453618999,6.745026082489084,-0.26463202,-3.1790454741795364,9.92407155666862,0.5770148466679684
2022-11-20,434.6,-0.5691428212776612,6.768813478431371,-0.23228784,-3.119536918208325,9.888350396639696,0.5748943455273652
2022-11-21,438.749,3.6075351758805168,6.789407459457438,-0.19669041,-3.0584360867374416,9.84784354619488,0.5726395268499404
2022-11-22,439.982,4.868291218814465,6.806774394891732,-0.19574973,-2.995771162319883,9.802545557211614,0.5702505962000234
2022-11-23,438.86,3.773880988173055,6.820882949774116,-0.17492965,-2.9315712888174046,9.75245423859152,0.5677277684981574
2022-11-24,436.453,1.394704718396249,6.831704121539241,-0.16947792,-2.865866551995585,9.697570673534829,0.5650712680198032
2022-11-25,439.225,4.19443747233606,6.839211274506718,-0.16802292,-2.7986879594884515,9.63789923399517,0.5622813284175578
2022-11-26,442.043,7.040332139813113,6.843380172143139,-0.20130342,-2.7300674201510726,9.573447592294212,0.559358192767107
2022-11-27,441.304,6.329305561634275,6.844189007059434,-0.22131321,-2.6600377228187706,9.504226729878203,0.5563021136370854
2022-11-28,448.302,13.355497259232926,6.841618428709461,-0.30136508,-2.5886325144920947,9.430250943201557,0.5531133531830088
2022-11-29,448.613,13.69477841517792,6.835651568758129,-0.29864064,-2.515886277966999,9.351537846725128,0.5497921832653915
2022-11-30,453.452,18.56213198564381,6.826274064089906,-0.44580045,-2.441834308930055,9.26810837301996,0.5463388855921518
2022-12-01,448.412,13.55060110190644,6.813474077431059,-1.112909,-2.36651269253881,9.179986769969869,0.5427537518853485
2022-12-02,443.669,8.836002437724956,6.797242315561533,-1.1244512,-2.289958279507723,9.087200595069255,0.5390370840722853
2022-12-03,444.596,9.79128625759186,6.7775720450950425,-1.1705315,-2.212208661720396,8.989780706815438,0.5351891945009755
2022-12-04,443.884,9.107544807290402,6.754459105808331,-1.4981694,-2.13330214738907,8.8877612531974,0.5312104061799207
2022-12-05,450.521,15.772401392298049,6.727901921503508,-1.7795085,-2.0532777357825545,8.781179657286064,0.5271010530421344
2022-12-06,442.845,8.124411253326752,6.697901508389789,-1.789762,-1.972175091544096,8.670076599933886,0.5228614802332987
2022-12-07,441.118,6.425544415726014,6.66446148097364,-1.7872326,-1.8900345186206704,8.55449599959431,0.5184920444239222
2022-12-08,445.959,11.29484677123763,6.627588055449176,-1.981177,-1.8068969338256464,8.434484989274821,0.5139931141453049
2022-12-09,450.087,15.451315372535776,6.587290050583174,-2.1858819,-1.722803840056601,8.310093890639775,0.5093650701491194
2022-12-10,451.792,17.18494727229453,6.543578886091823,-3.0200956,-1.6377972991904977,8.181376185282321,0.5046083057903494
2022-12-11,446.372,11.793739523187842,6.4964685785090825,-3.3933933,-1.5519199046783174,8.0483884831874,0.4997232274333097
2022-12-12,436.407,1.8576891778897533,6.445975734549117,-3.446092,-1.4652147538614644,7.911190488410582,0.494710254880438
2022-12-13,438.286,3.7657932890745114,6.392119541968044,-3.4536526,-1.3777254200322475,7.769844962000292,0.4895698218234995
2022-12-14,440.187,5.696048909416054,6.334921757932965,-3.454744,-1.289495924260894,7.624417682193859,0.4843023763168342
2022-12-15,433.789,-0.6725469084115776,6.274406694908744,-3.444302,-1.2005707070114018,7.474977401920146,0.4789083812722109
2022-12-16,432.939,-1.4929469160875746,6.210601204075947,-3.400981,-1.110994599568775,7.321595803644722,0.4733883149748511
2022-12-17,439.214,4.81182091164498,6.1435346562957545,-3.3590279,-1.0208127952999664,7.164347451595721,0.4677426716201318
2022-12-18,440.7,6.327706673312335,6.073238920640499,-3.3186557,-0.9300708207709156,7.003309741411415,0.4619719618704342
2022-12-19,443.892,9.54968039426388,5.999748340510865,-3.276163,-0.838814506742034,6.838562847252899,0.4560767134316033
2022-12-20,444.046,9.733787966241648,5.923099707363711,-3.303864,-0.7470899590643685,6.67018966642808,0.450057471648411
2022-12-21,440.5,6.218026441919665,5.843332232076703,-3.337545,-0.6549435294985831,6.498275761575286,0.443914800118414
2022-12-22,432.348,-1.9037866448144136,5.760487513978717,-3.3245485,-0.5624217864788258,6.322909300457543,0.4376492813235459
2022-12-23,439.009,4.787580432228954,5.674609507577352,-3.4133897,-0.4695714858433911,6.144180993420743,0.4312615172787536
2022-12-24,440.637,6.446075866766765,5.585744487017434,-3.468079,-0.3764395415539462,5.9621840285713805,0.4247521301969664
2022-12-25,443.284,9.123696691583412,5.493941008306791,-3.4825819,-0.2830729964249095,5.777014004731701,0.4181217631696404
2022-12-26,446.06,11.93043993946351,5.3992498693479885,-3.545759,-0.1895189928844271,5.588768862232415,0.4113710808620987
2022-12-27,446.06,11.961252447545029,5.301724067817004,-4.7387657,-0.0958247437881184,5.397548811605122,0.4045007702228545
2022-12-28,441.423,7.355180080247095,5.20141875693225,-4.827224,-0.0020375033066653,5.203456260238915,0.3975115412060762
2022-12-29,445.356,11.319219862921,5.098391199159436,-4.9992037,0.0917954620920954,5.00659573706734,0.3904041275063188
2022-12-30,450.427,16.421368820918016,4.992700717900164,-5.9914427,0.185626902545939,4.807073815354224,0.3831792873046299
2022-12-31,438.492,4.517409699540116,4.884408647214027,-6.363479,0.2794096135657511,4.604999033648276,0.3758378040250895
2023-01-01,433.58,-0.3634520186394701,4.77357827962644,-6.398946,0.373096464647692,4.400481814978748,0.3683804871008427
2023-01-02,440.614,6.701780659998409,4.660274812076068,-6.387528,0.4666404277104133,4.193634384365654,0.3608081727486357
2023-01-03,442.226,8.345037297679193,4.54456529005805,-6.402596,0.5599946053379288,3.984570684720121,0.3531217247508474
2023-01-04,445.829,11.978902650736313,4.426518550020771,-6.5490637,0.6531122588091481,3.773406291211623,0.3453220352439926
2023-01-05,451.462,17.642862205958124,4.306205160076208,-7.3261585,0.7459468358952998,3.560258324180908,0.3374100255126356
2023-01-06,440.898,7.109912874441475,4.183697359085166,-7.3751016,0.8384519984069737,3.345245360678192,0.3293866467876387
2023-01-07,445.542,11.784630979177782,4.059068994180857,-7.697669,0.930581649472728,3.1284873447081285,0.3212528810476498
2023-01-08,448.792,15.065422590345186,3.93239545679567,-8.252096,1.0222899605316826,2.910105496263987,0.3130097418227016
2023-01-09,438.953,5.257252417103556,3.803753617257576,-8.811976,1.1135313980228665,2.690222219234709,0.3046582749987928
2023-01-10,441.12,7.454997400958488,3.6732217580241504,-9.05565,1.2042607497544633,2.468961008269688,0.2961995596222849
2023-01-11,437.622,3.9877407443681983,3.540879505623698,-9.343363,1.2944331509365552,2.2464463546871425,0.2876347087029438
2023-01-12,438.832,5.22815285406392,3.406807761373968,-9.484893,1.3840041098613467,2.022803651512621,0.2789648700144342
2023-01-13,445.426,11.852594233780811,3.271088630950716,-9.70943,1.4729295332152703,1.7981590977354454,0.2701912268910598
2023-01-14,443.067,9.524056763734386,3.133805352878969,-10.256943,1.56116575100786,1.5726396018711088,0.2613149990195263
2023-01-15,443.181,9.668337191382722,2.9950422260215115,-10.357009,1.6486695411026178,1.3463726849188935,0.2523374432244992
2023-01-16,437.731,4.248511520914164,2.854884536139654,-10.315408,1.7353981533356992,1.1194863828039554,0.2432598542467069
2023-01-17,426.968,-6.484681405403347,2.7134184816025586,-10.170207,1.821309333208562,0.8921091483939967,0.2340835655123375
2023-01-18,435.016,1.5935609489846558,2.5707310983220943,-10.199334,1.9063613451412469,0.6643697531808475,0.2248099498924635
2023-01-19,430.103,-3.28920830678954,2.426910183991124,-10.211621,1.9905129952734333,0.4363971887176905,0.2154404204512263
2023-01-20,423.329,-10.032992463638973,2.28204422170346,-10.044727,2.073723653800887,0.208320567902573,0.2059764311815033
2023-01-21,428.324,-5.007615293690199,2.136222303034798,-9.907905,2.155953276835345,-0.0197309738005473,0.1964194777267698
2023-01-22,430.876,-2.4252201706736867,1.9895340506638648,-9.784504,2.237162427776492,-0.2476283771126268,0.1867710980878799
2023-01-23,416.234,-17.036420889142857,1.842069540614012,-9.650818,2.31731229818496,-0.4752427575709474,0.1770328733134767
2023-01-24,419.055,-14.18466781547561,1.6939192241952137,-9.5259905,2.39636472814606,-0.7024455039508464,0.1672064281727375
2023-01-25,414.692,-18.51683114375272,1.5451738497272092,-9.405521,2.4742822261141364,-0.9291083763869272,0.1572934318091761
2023-01-26,420.088,-13.090050735055858,1.3959243841242297,-9.275964,2.551027988228204,-1.1551036041039746,0.1472955983742166
2023-01-27,423.736,-9.410461904518035,1.246261934422036,-9.174852,2.6265659170898465,-1.3803039826678103,0.1372146876392528
2023-01-28,427.8080000000001,-5.306618046923709,1.096277669327908,-9.066591,2.700860639994924,-1.6045829706670158,0.1270525055849275
2023-01-29,424.058,-9.02487324187543,0.9460627408740674,-8.996241,2.773877526611137,-1.82781478573707,0.1168109049663563
2023-01-30,428.486,-4.565230475663656,0.7957082062548116,-8.866819,2.8455827060939978,-2.049874499839186,0.106491785853038
2023-01-31,425.599,-7.420522041479535,0.6453049499272687,-8.759451,2.915943083634216,-2.2706381337069472,0.0960970961422058
2023-02-01,430.601,-2.3861218172785263,0.4949436060554754,-8.659269,2.9849263564300736,-2.4899827503745984,0.085628832044375
2023-02-02,434.231,1.2765385608393522,0.344714481376746,-8.559544,3.0525010290787797,-2.707786547702033,0.0750890385398691
2023-02-03,434.713,1.7910688539980972,0.1947074785688989,-8.569275,3.1186364283814063,-2.9239289498125074,0.0644798098051012
2023-02-04,446.476,13.586089294662129,0.0450120201961921,-8.515534,3.1833027175563604,-3.1382906973601683,0.0538032896074328
2023-02-05,432.952,0.0935998220898275,-0.1042830266888907,-8.88118,3.246470909856929,-3.35075393654582,0.0430616716674138
2023-02-06,421.294,-11.533028178271003,-0.2530894252117643,-8.830759,3.308112881588964,-3.561202306800728,0.0322571999872563
2023-02-07,428.34,-4.455420617365087,-0.4013196425343251,-8.77733,3.368201384525097,-3.7695210270594224,0.0213921691444018
2023-02-08,425.364,-7.399612234608536,-0.5488869228317163,-8.699291,3.426710057712529,-3.975596980544245,0.0104689245490605
2023-02-09,427.6110000000001,-5.12038887970035,-0.6957053593138202,-8.61414,3.4836134386718145,-4.179318797985634,-0.0005101373353672
2023-02-10,439.03,6.330648207171745,-0.8416899652194494,-8.537804,3.5388869739845763,-4.380576939204026,-0.0115425688100559
2023-02-11,416.55,-16.118274509807524,-0.9867567437122374,-8.544069,3.5925070292685013,-4.579263772980739,-0.0226258707977503
2023-02-12,424.335,-8.302377921395527,-1.130822756608646,-8.454135,3.64445089853851,-4.775273655147156,-0.0337574927400087
2023-02-13,430.155,-2.451664840421318,-1.273806191869836,-8.409094,3.6946968129533673,-4.968503004823203,-0.044934832535672
2023-02-14,436.725,4.148861920286212,-1.4156264297906742,-8.466511,3.743223948947504,-5.158850378738178,-0.0561552365215242
2023-02-15,421.523,-11.022801642007831,-1.5562041078205664,-8.391419,3.790012435748229,-5.346216543568795,-0.0674159994960589
2023-02-16,426.533,-5.98207481479883,-1.695461183952546,-8.312401,3.835043362278981,-5.530504546231527,-0.0787143647872488
2023-02-17,429.214,-3.270558866360953,-1.8333209986186372,-8.215764,3.8782987834496505,-5.711619782068288,-0.0900475243651718
2023-02-18,430.595,-1.8591372292146957,-1.9697083350311737,-8.115731,3.919761725835459,-5.889470060866633,-0.1014126190003083
2023-02-19,416.915,-15.508901243235336,-2.104549477911795,-8.030273,3.9594161927463256,-6.063965670658121,-0.1128067384683052
2023-02-20,419.207,-13.186850883968765,-2.237772270551398,-7.956954,3.997247168688928,-6.235019439240325,-0.1242269218019373
2023-02-21,429.453,-2.9109902465650914,-2.3693061701464617,-8.01624,4.033240623224258,-6.402546793370719,-0.1356701575909801
2023-02-22,433.27,0.9356397223529438,-2.499082301359082,-8.099088,4.067383514223666,-6.566465815582748,-0.147133384330654
2023-02-23,433.878,1.573000236547807,-2.627033508050055,-8.185236,4.099663790526897,-6.726697298576951,-0.1586134908192651
2023-02-24,430.475,-1.8009119406928575,-2.753094403136441,-8.557516,4.130070394005951,-6.883164797142392,-0.1701073166056161
2023-02-25,429.389,-2.858060823897044,-2.877201416527249,-8.574642,4.158593261038944,-7.035794677566193,-0.181611652486732
2023-02-26,432.113,-0.1054114731230204,-2.999292841092939,-8.801905,4.185223323398504,-7.184516164491443,-0.1931232410563767
2023-02-27,437.323,5.132957089347254,-3.11930887662684,-9.145877,4.2099525085596525,-7.329261385186493,-0.2046387773048196
2023-02-28,435.44,3.2780796590793138,-3.2371916717586804,-9.54311,4.232773739432289,-7.4699654111909695,-0.2161549092702335
2023-03-01,430.67,-1.4640780890106608,-3.3528853637828364,-9.591172,4.253680933523911,-7.606566297306747,-0.2276682387420851
2023-03-02,430.563,-1.5434851033955344,-3.466336116366253,-9.571492,4.2726690015384,-7.739005117904654,-0.2391753220168046
2023-03-03,433.507,1.427889881584886,-3.5774921551034065,-9.5526705,4.289733845417,-7.867226000520405,-0.2506726707059983
2023-03-04,432.434,0.3820092497534468,-3.686303800887959,-9.723922,4.304872355827984,-7.991176156715943,-0.2621567525973877
2023-03-05,428.591,-3.4341296997556885,-3.792723501073363,-9.986003,4.318082409111733,-8.110805910185096,-0.2736239925686344
2023-03-06,426.711,-5.287529667808316,-3.896705858397089,-10.021367,4.329362863688219,-8.226068722085309,-0.2850707735541392
2023-03-07,430.816,-1.156155714462766,-3.9982076576455614,-10.097135,4.338713555934171,-8.336921213579732,-0.2964934375648624
2023-03-08,420.293,-11.65304922119334,-4.097187890039603,-10.319749,4.34613529553748,-8.443323185577082,-0.3078882867611476
2023-03-09,424.985,-6.935212883136995,-4.193607775322463,-10.484382,4.35162986033653,-8.545237635658992,-0.3192515845784954
2023-03-10,427.353,-4.541649395430583,-4.2874307815353045,-11.25035,4.355199990652546,-8.64263077218785,-0.3305795569061547
2023-03-11,428.488,-3.381361453210792,-4.378622642467432,-11.274474,4.35684938312309,-8.735472025590521,-0.3418683933183729
2023-03-12,432.775,0.9306482483855634,-4.467151372771094,-11.492973,4.356582684045192,-8.823734056816287,-0.3531142483580583
2023-03-13,433.909,2.08952784518561,-4.552987280733481,-11.994691,4.354405482236705,-8.907392762970186,-0.3643132428725877
2023-03-14,436.399,4.604480678811994,-4.6361029787007775,-12.800153,4.350324301424715,-8.986427280125493,-0.3754614654014065
2023-03-15,427.503,-4.267339208394381,-4.716473391152061,-12.885205,4.344346592170013,-9.060819983322071,-0.3865549736150285
2023-03-16,423.756,-7.990437625497419,-4.79407576042317,-12.749889,4.336480723336772,-9.130556483759944,-0.3975897958049892
2023-03-17,424.931,-6.7918172687794485,-4.868889650083297,-12.591688,4.3267359731167385,-9.195625623200035,-0.4085619324242314
2023-03-18,421.452,-10.247480834522555,-4.9408969459697225,-12.40953,4.315122519617507,-9.25601946558723,-0.4194673576773705
2023-03-19,422.404,-9.27243101900917,-5.010081854888488,-12.590979,4.301651431024309,-9.311733285912798,-0.4303020211602106
2023-03-20,426.107,-5.54628584041849,-5.0764309009915145,-12.639526,4.28633465534528,-9.362765556336797,-0.4410618495478339
2023-03-21,427.565,-4.065422219926681,-5.139932919843018,-12.551649,4.269185009749866,-9.409117929592885,-0.451742748330539
2023-03-22,427.146,-4.461842796850098,-5.200579050190741,-12.50277,4.250216169510467,-9.450795219701208,-0.4623406035968215
2023-03-23,429.924,-1.6615502105054742,-5.258362723459844,-12.508376,4.22944265655734,-9.487805380017184,-0.4728512838625713
2023-03-24,421.285,-10.278547100209304,-5.313279650989895,-12.468771,4.2068798276569215,-9.520159478646816,-0.4832706419455726
2023-03-25,422.417,-9.12471681343028,-5.365327809037626,-12.370726,4.182543862223819,-9.547871671261444,-0.4935945168843557
2023-03-26,419.667,-11.853184576687696,-5.414507421570772,-12.221616,4.156451749776818,-9.570959171347589,-0.5038187359003918
2023-03-27,419.3200000000001,-12.178953011142044,-5.460820940880399,-12.057789,4.128621277049232,-9.58944221792963,-0.5139391164025667
2023-03-28,427.756,-3.7218943953271033,-5.504273026041601,-12.679351,4.099071014764051,-9.603344040805652,-0.523951468032816
2023-03-29,428.214,-3.2431381511105077,-5.54487051925472,-12.760225,4.067820304084406,-9.612690823339126,-0.5338515947517501
2023-03-30,423.028,-8.408686880350592,-5.5826224201014325,-12.647663,4.034889242749824,-9.617511662851255,-0.5436352969630526
2023-03-31,423.436,-7.980543184905809,-5.617539857752248,-12.557753,4.000298670908845,-9.617838528661093,-0.5532983736753742
2023-04-01,428.539,-2.857709666634441,-5.649636061164107,-12.622029,3.964070156658576,-9.613706217822685,-0.5628366247003956
2023-04-02,425.039,-6.338188927394768,-5.678926327308961,-12.60315,3.926225981301767,-9.605152308610728,-0.572245852885698
2023-04-03,425.351,-6.006983569045167,-5.705427987476058,-12.569924,3.886789124332008,-9.592217111808065,-0.5815218663810034
2023-04-04,421.937,-9.40209619344404,-5.729160371692898,-12.484479,3.84578324815764,-9.574943619850538,-0.5906604809363278
2023-04-05,422.997,-8.323313952587576,-5.750144771311562,-12.36688,3.803232682574978,-9.55337745388654,-0.5996575222305242
2023-04-06,421.833,-9.46883316879979,-5.768404399809104,-12.303623,3.759162409001403,-9.527566808810509,-0.608508828228653
2023-04-07,425.007,-6.27667185543454,-5.78396435185246,-12.6027155,3.713598044478879,-9.49756239633134,-0.6172102515665767
2023-04-08,425.893,-5.372832580093865,-5.796851560680207,-12.492033,3.666565825458479,-9.463417386138689,-0.6257576619611275
2023-04-09,424.15,-7.098317910380116,-5.807094753854947,-12.373498,3.618092591376312,-9.425187345231258,-0.6341469486441549
2023-04-10,424.842,-6.38913041389556,-5.814724407442041,-12.272286,3.5682057680313792,-9.38293017547342,-0.6423740228187207
2023-04-11,429.41,-1.8042613515944264,-5.819772698671746,-12.274785,3.516933350775796,-9.336706049447542,-0.6504348201356737
2023-04-12,420.529,-10.668338817978997,-5.822273457143392,-12.112452,3.4643038875276257,-9.286577344671016,-0.6583253031887879
2023-04-13,416.9860000000001,-14.194679669464085,-5.822262114631607,-11.927311,3.4103464616167694,-9.232608576248376,-0.666041464026622
2023-04-14,421.333,-9.831345472460418,-5.819775653556128,-11.7245035,3.355090674474048,-9.174866328030175,-0.6735793266792254
2023-04-15,424.182,-6.966187553221154,-5.814852554177657,-11.535371,3.298566628173732,-9.113419182351388,-0.680934949697756
2023-04-16,427.619,-3.5133233375704966,-5.807532740583902,-11.385221,3.240804907839571,-9.048337648423471,-0.6881044287050951
2023-04-17,425.646,-5.470252324764441,-5.797857525530598,-11.313654,3.181836563924412,-8.979694089455009,-0.695083898955452
2023-04-18,424.436,-6.664496714502704,-5.785869554203682,-11.29986,3.1216930943733114,-8.907562648576993,-0.7018695379009765
2023-04-19,421.725,-9.359844620329492,-5.7716127469697405,-11.204225,3.0604064266800783,-8.832019173649819,-0.7084575677633375
2023-04-20,419.136,-11.93343289319659,-5.755132241182434,-11.065353,2.998008899847,-8.753141141029435,-0.714844258108214
2023-04-21,413.458,-17.59633588396405,-5.7364743321139136,-10.938967,2.934533246257433,-8.671007578371347,-0.7210259284206235
2023-04-22,416.359,-14.680555943535182,-5.7156864130805705,-10.753593,2.870012573470951,-8.585698986551522,-0.7269989506789817
2023-04-23,422.034,-8.991095422813311,-5.692816914833282,-10.621709,2.8044803459504832,-8.497297260783764,-0.7327597519257831
2023-04-24,421.878,-9.132956672701884,-5.667915244282934,-10.438502,2.737970366730887,-8.40588561101382,-0.7383048168327545
2023-04-25,420.756,-10.241142044104263,-5.641031722632376,-10.206478,2.670516759038323,-8.311548481670698,-0.743630690258341
2023-04-26,418.718,-12.265653887923872,-5.612217522986437,-9.992916,2.6021539478695743,-8.214371470856012,-0.7487339797953564
2023-04-27,422.728,-8.242494555063914,-5.581524607512,-9.775767,2.5329166415404454,-8.114441249052446,-0.7536113583066174
2023-04-28,423.874,-7.0836663964279625,-5.549005664220265,-9.535206,2.462839813212313,-8.011845477432578,-0.7582595664463795
2023-04-29,425.151,-5.794171762919277,-5.514714043443605,-9.28847,2.3919586824056176,-7.906672725849223,-0.7626754151653847
2023-04-30,425.323,-5.610013005441275,-5.478703694079414,-9.078354,2.320308696509154,-7.799012390588568,-0.7668557881973164
2023-05-01,425.122,-5.798597505448955,-5.441029099673408,-8.940718,2.247925512293849,-7.688954611967256,-0.7707976445244663
2023-05-02,420.559,-10.349506415646076,-5.401745214414712,-8.913852,2.174844977439537,-7.576590191854249,-0.7744980208204094
2023-05-03,416.447,-14.449741998828834,-5.360907399114888,-8.805526,2.101103112083228,-7.462010511198116,-0.7779540338674898
2023-05-04,413.768,-17.117306517793505,-5.3185713572428455,-8.706861,2.026736090397199,-7.345307447640044,-0.7811628829469096
2023-05-05,420.959,-9.915202235336489,-5.27479307108724,-8.739715,1.9517802222051253,-7.226573293292366,-0.7841218521992466
2023-05-06,422.402,-8.461431414254077,-5.229628738117529,-8.879142,1.8762719346443653,-7.105900672761894,-0.7868283129532005
2023-05-07,421.262,-9.590996317342436,-5.18313470761434,-8.781809,1.8002477538824082,-6.983382461496747,-0.7892797260204059
2023-05-08,426.17,-4.672899207397953,-5.135367417639332,-8.885825,1.723744286895318,-6.85911170453465,-0.7914736439541441
2023-05-09,422.605,-8.228139169959455,-5.086383332413944,-8.70707,1.6467982033159916,-6.733181535729935,-0.7934077132698059
2023-05-10,425.154,-5.669721558742159,-5.036238880175858,-8.506442,1.5694462173598602,-6.605685097535718,-0.795079676624978
2023-05-11,423.8605,-6.954148636071862,-4.984990391580994,-8.334535,1.4917250698355216,-6.476715461416516,-0.7964873749570427
2023-05-12,422.567,-8.23892266427438,-4.932694038718215,-8.153701,1.41367151024779,-6.346365548966005,-0.7976287495761885
2023-05-13,422.8525,-7.945045905675498,-4.879405774802749,-7.9744525,1.335322279000417,-6.2147280538031655,-0.7985018442117793
2023-05-14,423.138,-7.651520622601067,-4.825181274613483,-7.780341,1.2567140897056726,-6.081895364319156,-0.7991048070100273
2023-05-15,422.4755,-8.306118547133153,-4.770075875738001,-7.5986624,1.177883611607873,-5.947959487345874,-0.7994358924809553
2023-05-16,421.813,-8.961066207432475,-4.714144520688359,-7.3873034,1.0988674521278226,-5.813011972816182,-0.7994934633926668
2023-05-17,421.93775,-8.91478122622275,-4.657441699948925,-7.1782427,1.0197021395349468,-5.677143839483872,-0.7992759926109688
2023-05-18,422.0625,-8.801210700179254,-4.600021396016829,-6.990573,0.9404241057539704,-5.540445501770799,-0.7987820648824185
2023-05-19,422.18725,-8.636151068416112,-4.541937028493724,-6.8040066,0.8610696693126302,-5.403006697806354,-0.7980103785589169
2023-05-20,422.312,-8.435398770047728,-4.483241400286435,-6.612306,0.7816750184370198,-5.264916418723455,-0.7969597472620038
2023-05-21,422.92625,-7.929069848383051,-4.423986644972468,-6.433993,0.7022761943009299,-5.126262839273398,-0.7956291014850325
2023-05-22,423.5405,-7.092030346731381,-4.364224175384808,-6.2837834,0.6229090744354905,-4.987133249820299,-0.7940174901314764
2023-05-23,424.15475,-6.307201704206826,-4.304004633468847,-6.146335,0.5436093563052813,-4.847613989774128,-0.792124081987633
2023-05-24,424.769,-5.957505359923666,-4.24337784146254,-6.0025787,0.4644125410569907,-4.707790382519531,-0.789948167128053
2023-05-25,422.855,-7.867200910557073,-4.18239275444938,-5.8561006,0.3853539174466041,-4.567746671895985,-0.7874891582520679
2023-05-26,422.614,-8.104268478830823,-4.12109741433169,-5.7256656,0.3064685459509741,-4.427565960282664,-0.7847465919498325
2023-05-27,420.043,-10.67171029293234,-4.059538905270203,-5.628992,0.2277912430695141,-4.287330148339717,-0.7817201298963629
2023-05-28,420.164,-10.547193947625702,-3.99776331063392,-5.5490327,0.1493565658217172,-4.147119876455637,-0.7784095599720791
2023-05-29,423.6435,-7.187289086060154,-3.935815671502255,-5.4073567,0.0711987964459813,-4.0070144679482365,-0.7748147973084546
2023-05-30,427.123,-3.5819766100943875,-3.873739946759682,-5.313053,-0.0066480726947168,-3.8670918740649647,-0.7709358852573899
2023-05-31,427.552,-3.150271941106034,-3.8115789748209687,-5.191269,-0.0841503539950567,-3.727428620825912,-0.766772996283015
2023-06-01,426.924,-3.775935339107124,-3.749374437023096,-5.078656,-0.161274679272179,-3.5880997577509173,-0.7623264327746753
2023-06-02,426.4875,-4.341851301287143,-3.687166822718004,-4.9619145,-0.2379880142079566,-3.449178808510048,-0.7575966277799114
2023-06-03,426.051,-4.644929447628899,-3.624995396097968,-4.841739,-0.3142576725636812,-3.3107377235342863,-0.7525841456563173
2023-06-04,426.41025,-4.418721073832508,-3.5628981647835207,-4.723772,-0.3900513301622076,-3.172846834621313,-0.7472896826412169
2023-06-05,426.7695,-3.923226013804667,-3.500911850201597,-4.610396,-0.4653370386326838,-3.035574811568913,-0.7417140673381654
2023-06-06,427.12875,-3.4280916541136333,-3.4390718597792973,-4.513121,-0.5400832389131593,-2.898988620866138,-0.7358582611193567
2023-06-07,427.488,-3.2027575320130923,-3.3774122609766963,-4.444649,-0.6142587745063243,-2.763153486470372,-0.7297233584430786
2023-06-08,424.705,-5.985319434756818,-3.3159657571795718,-4.3655763,-0.6878329044839486,-2.6281328526956225,-0.7233105870854182
2023-06-09,420.352,-10.338214177902112,-3.254763665471098,-4.3332314,-0.7607753162354,-2.493988349235698,-0.716621308285521
2023-06-10,427.832,-2.8583761397220915,-3.193835896298898,-4.2508593,-0.833056137956002,-2.360779758342896,-0.7096570168037392
2023-06-11,434.206,3.515460878090538,-3.1332109350518547,-4.1904464,-0.9046459508708612,-2.228564984180993,-0.702419340892109
2023-06-12,430.551,-0.1399566643061547,-3.072915825558724,-4.117352,-0.9755158011900408,-2.097400024368683,-0.6949100421766492
2023-06-13,426.896,-3.795652711549495,-3.012976155518252,-4.0137033,-1.0456372117909614,-1.9673389437272903,-0.6871310154510677
2023-06-14,428.2335,-2.4592067947191785,-2.9534160438683297,-3.9043338,-1.1149821936240674,-1.8384338502442623,-0.6790842883815085
2023-06-15,429.571,-1.123120848771438,-2.894258130099326,-3.779757,-1.1835232568378338,-1.7107348732614929,-0.670772021122085
2023-06-16,422.172,-8.523677783328274,-2.835523565514601,-3.6788442,-1.25123342161934,-1.584290143895261,-0.6621965058409879
2023-06-17,427.319,-3.3776898871383767,-2.7772320064386458,-3.5814872,-1.318086228746716,-1.4591457776919297,-0.6533601661570522
2023-06-18,426.797,-3.629117915689357,-2.719401609371473,-3.5261943,-1.3840557498498025,-1.3353458595216705,-0.6442655564867388
2023-06-19,426.275,-4.424727231565106,-2.6620490280851,-3.5607822,-1.4491165973756122,-1.212932430709488,-0.6349153613015702
2023-06-20,418.1,-12.601756009583983,-2.605189412656138,-3.5108817,-1.513243934255077,-1.091945478401061,-0.6253123942961276
2023-06-21,423.437,-7.267127216408059,-2.5488364104260706,-3.418951,-1.576413483267879,-0.9724229271581916,-0.6154595974667989
2023-06-22,428.276,-2.4308426207383107,-2.493002168878539,-3.3153148,-1.6386015361020632,-0.8544006327764757,-0.6053600401015596
2023-06-23,429.0145,-1.3465481709405658,-2.4376973404209767,-3.2512214,-1.69978496210538,-0.7379123783155968,-0.5950169176811224
2023-06-24,429.753,-0.9603130967220544,-2.3829310890554845,-3.1995437,-1.7599412167253388,-0.6229898723301457,-0.5844335506918905
2023-06-25,420.928,-9.78837858216468,-2.328711098921899,-3.141675,-1.8190483496350764,-0.5096627492868224,-0.5736133833512179
2023-06-26,423.014,-7.705733730171703,-2.275043584693781,-3.0728443,-1.87708501254222,-0.397958572151561,-0.5625599822455692
2023-06-27,432.408,1.6845761742488972,-2.221933303806003,-2.9859416,-1.934030466678066,-0.2879028371279368,-0.5512770348822273
2023-06-28,428.978,-1.7494352569698683,-2.169383570490512,-2.8958724,-1.989864589964524,-0.1795189805259878,-0.5397683481553046
2023-06-29,427.901,-2.8306783950551724,-2.117396271594824,-2.788747,-2.044567883856283,-0.0728283877385407,-0.5280378467268765
2023-06-30,429.097,-2.3664922687381647,-2.065971884155898,-2.687407,-2.098121479855904,0.0321495957000057,-0.5160895713241196
2023-07-01,430.293,-1.104568496429288,-2.01510949469993,-2.5986555,-2.1505071456995304,0.1353976509996002,-0.5039276769534473
2023-07-02,431.489,0.746401825054855,-1.9648068202368496,-2.5008109,-2.2017072912111346,0.236900470974285,-0.4915564310326754
2023-07-03,435.8850000000001,5.139306487835467,-1.915060230916332,-2.4028826,-2.2517049738232267,0.3366447429068948,-0.4789802114423554
2023-07-04,427.569,-3.180098138782194,-1.8658647743103616,-2.305411,-2.300483903762166,0.4346191294518042,-0.4662035044974632
2023-07-05,429.7515,-1.0009506865737512,-1.8172142012856116,-2.219417,-2.3480284488962555,0.5308142476106441,-0.4532309028407257
2023-07-06,431.934,1.1783836245483643,-1.7691009934271522,-2.1433382,-2.3943236392449982,0.625222645817846,-0.440067103258928
2023-07-07,431.517,0.7579231680952603,-1.721516391973276,-2.062929,-2.439355171147945,0.7178387791746694,-0.4267169044236177
2023-07-08,429.056,-1.7067597789315656,-1.6744504282198014,-1.9779143,-2.4831094110917453,0.8086589828719439,-0.4131852045576932
2023-07-09,425.575,-5.191458135926357,-1.6278919553503377,-1.9075698,-2.525573399194112,0.8976814438437741,-0.3994769990294394
2023-07-10,431.435,0.6649727615405197,-1.5818286816477931,-1.8324542,-2.5667348523435773,0.984906170695784,-0.3855973778756369
2023-07-11,424.875,-5.89878180525435,-1.536247205040694,-1.7667744,-2.606582166993964,1.07033496195327,-0.3715515232554276
2023-07-12,434.353,3.575528167663123,-1.49113304893669,-1.6897963,-2.6451044216127766,1.1539713726760867,-0.3573447068367109
2023-07-13,429.713,-1.0684487000179823,-1.4464706992941376,-1.6187352,-2.682291378782712,1.2358206794885744,-0.3429822871168821
2023-07-14,431.45633333333336,0.1315966740524459,-1.4022436428814569,-1.5364875,-2.718133486955704,1.3158898440742473,-0.3284697066798069
2023-07-15,433.1996666666667,2.4937678944711124,-1.3584344066726923,-1.4587742,-2.752621881859073,1.3941874751863803,-0.31381248939097
2023-07-16,434.943,4.149737532170122,-1.3150245983266546,-1.3965298,-2.785748387553431,1.4707237892267764,-0.2990162375328133
2023-07-17,435.421,4.622886572483287,-1.2719949476957964,-1.3518381,-2.817505517142237,1.5455105694464408,-0.2840866288823222
2023-07-18,425.979,-4.825093028111264,-1.2293253493100935,-1.2993218,-2.8478864731329288,1.618561123822835,-0.2690294137329801
2023-07-19,414.034,-16.775560901568337,-1.1869949057801594,-1.2377408,-2.876885147449827,1.6898902416696675,-0.2538504118632685
2023-07-20,425.61,-5.204279923234501,-1.144981972063026,-1.1747173,-2.9044961210990867,1.7595141490360608,-0.2385555094539309
2023-07-21,435.211,4.392399288416867,-1.1032642005330886,-1.1182511,-2.930714663486192,1.8274504629531028,-0.2231506559562885
2023-07-22,427.546,-3.27745335578159,-1.0618185868001535,-1.0451359,-2.9555367313865357,1.8937181445863815,-0.2076418609139187
2023-07-23,429.968,-0.8600957932095366,-1.020621516215645,-0.9838763,-2.978958967569973,1.9583374513543284,-0.192035190740076
2023-07-24,432.033,1.2001680674204436,-0.9796488110076078,-0.9326131,-3.0009786990802048,2.021329888072597,-0.1763367654532652
2023-07-25,431.405,0.5675079571261885,-0.9388757779845148,-0.9021783,-3.021593935170181,2.0827181571856666,-0.1605527553734211
2023-07-26,427.062,-3.780177148576173,-0.8982772567474412,-0.8624638,-3.040803364894753,2.142526108147312,-0.1446893777811967
2023-07-27,428.883,-1.9632748785028156,-0.8578276683498288,-0.8055821,-3.0586063543620736,2.200778686012245,-0.12875289354288
2023-07-28,429.449,-1.4004898833386854,-0.8175010643437258,-0.7333533,-3.075002943645368,2.257501879301642,-0.1127496037035211
2023-07-29,433.03,2.177449025066797,-0.7772711761510578,-0.66120905,-3.0899938433568828,2.3127226672058248,-0.0966858460508542
2023-07-30,434.747,3.891270845893104,-0.7371114646985489,-0.6023954,-3.1035804308860104,2.3664689661874614,-0.0805679916526556
2023-07-31,424.359,-6.500146138531073,-0.6969951702545593,-0.5578405,-3.115764746303724,2.418769576049165,-0.0644024413701865
2023-08-01,427.147,-3.7156845114487904,-0.6568953624061914,-0.51211077,-3.126549487935762,2.4696541255295705,-0.0481956223504083
2023-08-02,424.602,-6.264223580190794,-0.6167849901151663,-0.47190455,-3.1359380076069607,2.5191530174917944,-0.031953984499671
2023-08-03,419.626,-11.24329941875422,-0.5766369317908877,-0.4476106,-3.143934305559596,2.5672973737687084,-0.0156839969415992
2023-08-04,423.052,-7.819902126010392,-0.5364240453194788,-0.44242534,-3.1505430250485293,2.6141189797290503,0.00060785553808
2023-08-05,428.683,-2.191210586475181,-0.4961192179877132,-0.4182915,-3.155769446616318,2.659650228628605,0.0169150760570124
2023-08-06,419.732,-11.14431573885999,-0.4556954162412108,-0.3935593,-3.1596194820515264,2.703924065810316,0.0332311592092254
2023-08-07,422.734,-8.144458058607025,-0.4151257352166051,-0.3690908,-3.162099668033761,2.746973932817156,0.0495495946428951
2023-08-08,429.022,-1.8585980871266656,-0.3743834479878054,-0.3493516,-3.1632171594689997,2.788833711481194,0.0658638706400833
2023-08-09,431.649,0.7662217316805253,-0.3334420544671117,-0.3297024,-3.162979722519199,2.829537668052088,0.0821674776956536
2023-08-10,431.372,0.4869020949749012,-0.292275329902588,-0.30183637,-3.1613957273300795,2.8691203974274915,0.0984539120925817
2023-08-11,428.07,-2.816609617929832,-0.2508573729135646,-0.2674648,-3.158474140461415,2.90761676754785,0.1147166794708663
2023-08-12,431.923,1.0351263694210378,-0.2091626530071099,-0.22018078,-3.1542245170242307,2.945061864017121,0.130949298387253
2023-08-13,433.83,2.9406311142877795,-0.1671660575189625,-0.17983982,-3.1486569925295083,2.981490935010546,0.1471453038629987
2023-08-14,435.761,4.870062908888362,-0.1248429379233495,-0.13317159,-3.141782274453212,3.0169393365298616,0.1632982509168997
2023-08-15,433.712,2.819421727663121,-0.0821691554570419,-0.08175069,-3.133611633522635,3.051442478065593,0.1794017180808281
2023-08-16,435.302,4.407707545052672,-0.0391211260039275,-0.045893844,-3.1241568947292806,3.085035768725353,0.1954493108950383
2023-08-17,431.154,0.2579203354975303,0.0043241358125184,-0.03624943,-3.1134304280735967,3.1177545638861157,0.2114346653805104
2023-08-18,432.056,1.1582760096717408,0.0481889733803768,0.0003611398,-3.1014451390471662,3.149634112427543,0.2273514514856265
2023-08-19,437.17,6.270556032545461,0.0924950457444234,0.037961915,-3.088214458858108,3.1807095046025315,0.2431933765045035
2023-08-20,436.45900000000006,5.55776041117003,0.137263286194488,-0.003719068,-3.073752334405612,3.2110156206001,0.2589541884643163
2023-08-21,435.7480000000001,4.844889152596923,0.182513861844782,-0.25399047,-3.0580732180097057,3.240587079854488,0.2746276794789869
2023-08-22,437.247,6.341942263877549,0.2282661342509235,-0.34973297,-3.0411920569026,3.269458191153523,0.2902076890666364
2023-08-23,430.854,-0.0532342870451281,0.2745386211098166,-0.29924774,-3.02312428248805,3.297662903597866,0.3056881074282424
2023-08-24,430.725,-0.1842910604467516,0.3213489590861163,-0.22741131,-3.003885799375409,3.325234758461525,0.3210628786849568
2023-08-25,432.61,1.6988503714855976,0.3687138678077073,-0.161926,-2.983492974195191,3.3522068420028983,0.3363260040716078
2023-08-26,431.503,0.5899117748700744,0.4166491150710196,-0.0845924,-2.961962624203163,3.3786117392741826,0.3514715450839267
2023-08-27,428.307,-2.60834093968424,0.4651694832953852,-0.007932563,-2.9393120056801005,3.404481488975485,0.3664936265770859
2023-08-28,428.293,-2.6244349865221865,0.5142887372642677,0.06683897,-2.9155588021345764,3.4298475393988443,0.3813864398131978
2023-08-29,435.587,4.668161927336699,0.564019593189318,0.11931088,-2.8907211123162555,3.4547407055055737,0.3961442454554503
2023-08-30,434.924,4.0034653933232685,0.6143736891317696,0.15303195,-2.864817438047336,3.479191127179105,0.4107613765066159
2023-08-31,433.817,2.894562149551856,0.6653615568138666,0.15989344,-2.8378666718799685,3.503228228693835,0.4252322411897244
2023-09-01,433.138,2.213610620592233,0.7169925948513327,-0.037659217,-2.8098880845875955,3.5268806794389285,0.4395513257687357
2023-09-02,437.712,6.785610913236958,0.7692750434361123,-0.12644745,-2.780901312498281,3.550176355934393,0.4537131973071191
2023-09-03,431.53,0.6014969296484081,0.8222159604969079,-0.1689442,-2.750926344678299,3.5731423051752067,0.467712506362289
2023-09-04,431.759,0.8283368101067308,0.8758211993631135,-0.14320734,-2.7199835099743503,3.595804709337464,0.481543989613923
2023-09-05,434.809,3.876130651328229,0.9300953879560062,-0.095212065,-2.688093463922864,3.61818885187887,0.4952024724242354
2023-09-06,439.417,8.481878550029098,0.9850419095292468,-0.03515355,-2.655277175535089,3.640319085064336,0.5086828713283587
2023-09-07,441.293,10.355580602925706,1.0406628849786377,0.039477438,-2.621555913966596,3.6622187989452337,0.5219801964530466
2023-09-08,434.961,4.02123690673434,1.0969591567395889,0.10960387,-2.586951235080189,3.6839103918197775,0.5350895538619724
2023-09-09,432.554,1.6118475581712015,1.153930274288438,0.17656778,-2.5514849679110365,3.705415242199474,0.5480061478259812
2023-09-10,430.101,-0.8435873460473737,1.211574481262179,0.23140493,-2.5151792010432104,3.7267536823053895,0.5607252830167179
2023-09-11,428.456,-2.4898171149639787,1.269888704209059,0.27097565,-2.478056268906691,3.74794497311575,0.5732423666221231
2023-09-12,438.799,7.85226758300591,1.328868542980575,0.30265683,-2.4401387380041237,3.769007280984699,0.5855529103823726
2023-09-13,440.665,9.717338068594977,1.3885082627736691,0.34328395,-2.401449393076634,3.789957655850303,0.5976525325449096
2023-09-14,438.791,7.842394673412618,1.4488007878296578,0.38783875,-2.362011223218095,3.810812011047753,0.6095369597372895
2023-09-15,435.042,4.092437729067932,1.509737696794822,0.4247522,-2.3218474079472746,3.831585104742096,0.6212020287566431
2023-09-16,438.928,7.977292132812442,1.571309219745453,0.46716523,-2.280981303247432,3.852290522992885,0.6326436882746475
2023-09-17,433.262,2.3089444937644066,1.6335042368783086,0.5025278,-2.2394364275828607,3.8729406644611695,0.6438580004569638
2023-09-18,435.677,4.721547322664124,1.696310278865455,0.5368411,-2.19723644790202,3.8935467267674735,0.6548411424961929
2023-09-19,440.936,9.978100749749016,1.7597135288706356,0.58078617,-2.1544051656369034,3.914118694507539,0.6655894080574751
2023-09-20,437.123,6.162604905256419,1.8236988262223492,0.60932463,-2.110966502708272,3.934665328930621,0.6760992086359575
2023-09-21,431.206,0.2423819361345334,1.8882496717369528,0.6102113,-2.0669444875464484,3.955194159283401,0.6863670748254223
2023-09-22,434.217,3.2502540126289867,1.9533482346832136,0.615513,-2.022363241137401,3.975711475820615,0.6963896574974545
2023-09-23,438.047,7.077062869610486,2.0189753613779446,0.632882,-1.977246963103728,3.996222324481673,0.7061637288906365
2023-09-24,445.589,14.615808559727274,2.085110585400449,0.6417077,-1.931619917830332,4.0167305032307805,0.7156861836093135
2023-09-25,445.72,14.743491135627744,2.1517321394116915,0.5243008,-1.885506420644326,4.037238560056018,0.7249540395315731
2023-09-26,448.723,17.7431106499599,2.218816968562439,0.3874439,-1.83893082405895,4.057747792621389,0.7339644386261814
2023-09-27,439.0,8.016667155372113,2.286340745472671,0.36632192,-1.7919175040909914,4.078258249563662,0.742714647678283
2023-09-28,436.2480000000001,5.261160704512601,2.3542778867629592,0.38835767,-1.7444908466613398,4.098768733424299,0.7512020589237773
2023-09-29,438.649,7.658591350029422,2.4226015711167803,0.34392813,-1.6966752340881428,4.119276805204923,0.7594241905923614
2023-09-30,434.892,3.897959144570926,2.491283758851027,0.19914833,-1.6484950316820712,4.139778790533098,0.7673786873593205
2023-10-01,428.843,-2.1547358592148003,2.560295212970357,0.18607505,-1.5999745744529985,4.160269787423355,0.7750633207062406
2023-10-02,435.685,4.684264478802936,2.629605521679413,0.18570787,-1.5511381539374605,4.180743675616874,0.7824759891908865
2023-10-03,431.204,0.20020989335646,2.6991831223253966,0.14092243,-1.5020100051560494,4.201193127481446,0.7896147186265987
2023-10-04,437.354,6.347174483588853,2.7689953267418863,0.1833749,-1.4526142937099062,4.221609620451792,0.796477662171629
2023-10-05,436.821,5.811082439749495,2.839008347963412,0.21756706,-1.4029751030252575,4.24198345098867,0.8030631003289376
2023-10-06,428.876,-2.1370660610347705,2.909187328278735,0.2674814,-1.3531164217549383,4.262303750033674,0.8093694408570372
2023-10-07,444.299,13.283951377403204,2.9794963685894182,0.32622722,-1.303062131345617,4.282558499935036,0.8153952185925848
2023-10-08,443.197,12.179943852637956,3.0498985590389425,0.3833127,-1.2528359937793585,4.3027345528183005,0.8211390951854672
2023-10-09,446.444,15.424911722946232,3.1203560108762987,0.34100223,-1.2024616394980374,4.322817650374336,0.8265998587472544
2023-10-10,450.175,19.153855346604647,3.190829889516672,0.18757613,-1.1519625555188773,4.342792445035549,0.8317764234139232
2023-10-11,441.41,10.386775081889908,3.261280448760605,0.056313537,-1.101362073749304,4.362642522509908,0.836667828823894
2023-10-12,436.717,5.691671287078614,3.331667066132053,0.052716482,-1.0506833595091245,4.382350425641178,0.8412732395124402
2023-10-13,439.904,8.876544320447488,3.4019482792942863,0.06603202,-0.9999494002678072,4.401897679562094,0.8455919442236695
2023-10-14,446.675,15.645394540273267,3.4720818235018305,0.09343189,-0.9491829946045076,4.421264818106338,0.849623355141297
2023-10-15,452.965,21.933222304832512,3.542024670045476,0.13553745,-0.8984067413982757,4.440431411443752,0.8533670070395513
2023-10-16,442.018,10.98402797240198,3.611733065646481,0.048444107,-0.8476430292556428,4.459376094902124,0.8568225563555949
2023-10-17,433.031,1.9948119012582897,3.6811625727550696,0.06666767,-0.7969140261825937,4.478076598937664,0.8599897801849379
2023-10-18,436.453,5.414574449678126,3.750268110707732,0.08583651,-0.7462416695077553,4.496509780215487,0.8628685752013764
2023-10-19,437.412,6.371315975938204,3.8190039976967376,0.122963876,-0.6956476560632817,4.514651653760019,0.8654589565030626
2023-10-20,434.466,3.423036838315132,3.887323993504763,0.17982526,-0.6451534326298151,4.532477426134578,0.867761056386384
2023-10-21,442.318,11.272737395085612,3.955181342956717,0.22848125,-0.594780186651578,4.549961529608296,0.8697751230493915
2023-10-22,441.235,10.187418004526318,4.022528820040333,0.19595651,-0.5445488372273725,4.567077657267705,0.8715015192265771
2023-10-23,433.32,2.2700790249139264,4.089318772646451,0.20447546,-0.4944800263831222,4.583798799029574,0.8729407207568657
2023-10-24,438.375,7.32272081452513,4.155503167879454,0.20374636,-0.4445941106312008,4.600097278510654,0.8740933150867453
2023-10-25,435.959,4.904343731636574,4.221033637887828,0.01846864,-0.3949111528215372,4.615944790709365,0.8749599997105135
2023-10-26,431.866,0.8089103050951838,4.28586152616458,0.0064224135,-0.3454509142893386,4.631312440453919,0.875541580549677
2023-10-27,433.981,2.921459767619221,4.349937934266603,0.042337768,-0.2962328473037599,4.646170781570364,0.8758389702735948
2023-10-28,425.198,-5.864007528272163,4.413213768902256,0.07884149,-0.2472760878217797,4.660489856724035,0.8758531865634908
2023-10-29,429.372,-1.6922779662726328,4.475639789335791,0.10993354,-0.198599448551109,4.6742392378869,0.8755853503220359
2023-10-30,432.798,1.7320615665801902,4.537166655057408,0.14995696,-0.1502214123256718,4.68738806738308,0.8750366838307183
2023-10-31,434.897,3.82939120116408,4.597744973667443,0.1997493,-0.1021601257969701,4.699905099464413,0.8742085088572806
2023-11-01,436.601,5.531711415005515,4.657325348923319,0.24943484,-0.0544333934442247,4.711758742367544,0.8731022447155365
2023-11-02,439.602,8.531022685630795,4.715858428897773,0.14833495,-0.0070586719059513,4.722917100803724,0.8717194062799148
2023-11-03,429.195,-1.8776745094334928,4.773294954197116,0.16982652,0.0399469353647505,4.733348018832365,0.8700616019571179
2023-11-04,442.411,11.338410576099042,4.829585806188192,0.07750423,0.0865666831191688,4.743019123069024,0.8681305316173178
2023-11-05,432.545,1.4725195687913235,4.884682055183201,-0.03141108,0.1327841890046243,4.7518978661785765,0.865927984487326
2023-11-06,440.359,9.286338771521692,4.9385350085316295,-0.5152541,0.1785834379273604,4.759951570604269,0.8634558370082216
2023-11-07,433.583,2.5101920554985844,4.991096258568782,-0.58605206,0.223948786085826,4.767147472482956,0.860716050659929
2023-11-08,429.541,-1.532191091893829,5.042317730370988,-0.5674876,0.2688649646735396,4.773452765697448,0.8577106697552745
2023-11-09,434.508,3.4347855629504243,5.092151729267825,-0.55558556,0.3133170832513459,4.778834646016479,0.8544418192060392
2023-11-10,438.305,7.231799585890451,5.140550988062215,-0.5587314,0.3572906327889929,4.783260355273223,0.8509117022635909
2023-11-11,430.304,-0.7691483202400291,5.187468713909831,-0.586789,0.4007714883764323,4.786697225533398,0.8471225982366289
2023-11-12,440.103,9.03025698844925,5.2328586348097685,-0.5738478,0.4437459116055257,4.7891127232042425,0.8430768601886455
2023-11-13,444.119,13.046693087518664,5.276675045659066,-0.6120803,0.4862005526232044,4.790474493035862,0.8387769126176645
2023-11-14,436.214,5.142115099469072,5.318872853824482,-0.6272295,0.528122451857415,4.790750401967067,0.8342252491208574
2023-11-15,441.789,10.716984296809768,5.359407624185514,-0.6216926,0.5694990414176505,4.789908582767864,0.8294244300466178
2023-11-16,436.157,5.084869424015562,5.39823562360339,-0.6713891,0.6103181461720354,4.787917477431354,0.8243770801366825
2023-11-17,436.183,5.109564736275083,5.43531386477188,-0.64809984,0.6505679845034196,4.78474588026846,0.819085886160876
2023-11-18,437.695,6.620261741483885,5.47060014940632,-0.95524365,0.690237168747168,4.780362980659152,0.8135535945470554
2023-11-19,439.133,8.056960917168258,5.50405311072828,-1.1870127,0.7293147053137331,4.7747384054145465,0.8077830090088155
2023-11-20,426.1,-4.977337259145272,5.535632255204391,-1.1528037,0.7677899944993842,4.767842260705006,0.801776988173505
2023-11-21,430.245,-0.832425907647012,5.565298003498647,-1.1351442,0.8056528299888336,4.7596451735098135,0.7955384432130839
2023-11-22,427.594,-3.483350796225848,5.593011730598668,-1.1171753,0.8428933980537688,4.750118332544899,0.7890703354803337
2023-11-23,426.634,-4.442522604624076,5.618735805077498,-1.0997083,0.8795022764516984,4.7392335286258,0.7823756741529179
2023-11-24,430.714,-0.3612123901135295,5.642433627453451,-1.060473,0.9154704330297576,4.726963194423693,0.7754575138877532
2023-11-25,435.067,3.993417453908092,5.664069667612018,-1.0177802,0.9507892240384616,4.713280443573556,0.7683189524881301
2023-11-26,435.824,4.752058940372053,5.683609501254637,-0.97588277,0.9854503921607616,4.698159109093875,0.760963128585994
2023-11-27,432.776,1.7057129720354085,5.70101984534063,-0.9385218,1.0194460642618957,4.681573781078734,0.7533932193417606
2023-11-28,435.11,4.041380451655399,5.71626859248972,-0.90486395,1.0527687488660578,4.663499843623662,0.7456124381640025
2023-11-29,436.123,5.055761740166014,5.729324844313933,-0.87890273,1.08541133336595,4.643913510947983,0.737624032451313
2023-11-30,439.481,8.414758521779154,5.740158943648781,-0.94384724,1.1173670809717675,4.622791862677014,0.7294312813586004
2023-12-01,440.745,9.679508392352412,5.748742505655304,-1.1053103,1.1486296274062917,4.600112878249012,0.7210374935900308
2023-12-02,448.649,17.58429463525593,5.755048447765434,-1.3938662,1.179192977353161,4.575855470412273,0.712446005220796
2023-12-03,443.843,12.778811694253491,5.759051018445017,-1.9347123,1.2090515006655187,4.549999517779499,0.7036601775498152
2023-12-04,436.119,5.05511223861775,5.76072582474985,-1.991911,1.2381999283426282,4.522525896407221,0.6946833949854553
2023-12-05,438.735,7.671475671828178,5.760049858651604,-2.0443854,1.2666333482821563,4.493416510369447,0.6855190629662735
2023-12-06,444.158,13.09486482601076,5.757001522112103,-2.2901073,1.294347200816142,4.462654321295961,0.676170605918754
2023-12-07,432.649,1.586245303894069,5.751560650885621,-2.6057441,1.3213372740388996,4.430223376846722,0.6666414652539396
2023-12-08,433.187,2.1244595935991253,5.743708537030449,-2.6123052,1.347599698935229,4.39610883809522,0.6569350974047968
2023-12-09,432.087,1.0245287072811875,5.733427950112447,-2.600185,1.3731309443176591,4.360297005794788,0.6470549719061085
2023-12-10,432.812,1.749679581669234,5.720703157084767,-2.6616366,1.3979278115814724,4.322775345503295,0.6370045695185986
2023-12-11,435.17,4.107128901145133,5.705519940829372,-2.6615987,1.4219874292866073,4.283532511542765,0.6267873803989498
2023-12-12,431.144,0.0805063614585548,5.687865617347538,-2.6311083,1.445307247575588,4.24255836977195,0.6164069023172946
2023-12-13,434.069,3.0049937174021486,5.66772905158794,-2.603912,1.4678850324368558,4.199844019151084,0.6058666389236994
2023-12-14,434.936,3.871591398203616,5.645100671902458,-2.5713375,1.489718859823023,4.155381812079435,0.5951700980650787
2023-12-15,435.678,4.613299833090668,5.61997248312141,-2.5270436,1.5108071096336828,4.109165373487727,0.5843207901539115
2023-12-16,432.778,1.713119451290912,5.592338078241202,-2.4784517,1.5311484595725664,4.061189618668635,0.5733222265900613
2023-12-17,434.767,3.702050682031959,5.562192648719122,-2.4500997,1.5507418788889338,4.011450769830188,0.5621779182369125
2023-12-18,435.428,4.363093954541485,5.529532993371305,-2.6437986,1.569586622013213,3.959946371358092,0.5508913739529754
2023-12-19,448.876,17.811249698047217,5.494357525871451,-3.1677268,1.5876822220969553,3.906675303774496,0.5394660991800106
2023-12-20,431.514,0.4494876464698949,5.456666280849417,-3.31613,1.605028484467295,3.851637796382122,0.5279055945886759
2023-12-21,426.775,-4.2892210267812185,5.416460918589968,-3.27584,1.6216254800061487,3.794835438583819,0.5162133547825825
2023-12-22,432.651,1.5873710866354176,5.373744728333914,-3.282981,1.637473538464432,3.736271189869482,0.5043928670615949
2023-12-23,431.818,0.7549729542980907,5.328522630184777,-3.2676613,1.65257324172161,3.675949388463167,0.4924476102451094
2023-12-24,438.476,7.413700067806488,5.280801175625868,-3.2606606,1.6669254170010013,3.613875758624866,0.4803810535559664
2023-12-25,436.51,5.448552852745718,5.230588546653983,-3.2810237,1.680531130051096,3.550057416602887,0.4681966555655714
2023-12-26,440.519,9.45791789903212,5.177894553537226,-3.2912202,1.6933916783033598,3.4845028752338663,0.4558978632007135
2023-12-27,439.35,8.289426424706344,5.12273063120593,-3.4795213,1.7055085840168165,3.4172220471891137,0.4434881108124779
2023-12-28,443.483,12.423078761927703,5.065109834286955,-3.5587938,1.7168835874197614,3.3482262468671933,0.4309708193075723
2023-12-29,435.571,4.511875242855748,5.005046830792906,-3.656679,1.7275186398588511,3.2775281909340546,0.4183493953423007
2023-12-30,439.491,8.43268513379589,4.942557894479162,-3.94223,1.7374158969658964,3.205141997513265,0.4056272305793215
2023-12-31,434.25,3.1925106523707525,4.877660895882902,-3.8918896,1.7465777118523946,3.131083184030507,0.3928077010072578
