date,gps_raw_up_mm,gps_detrended_mm,gps_seasonal_mm,hydl_original_up_mm,hydl_seasonal_mm,gps_minus_hydl_mm,poroelastic_mm
2021-01-01,194.28045434298443,-0.2311875314345943,0.2053208146460644,-2.4063082,0.7979717159006834,-0.592650901254619,0.2404847704790848
2021-01-02,194.3170868596882,-0.2315603653762039,0.1321353350979782,-2.5477052,0.876721838499436,-0.7445865034014577,0.2341813894379766
2021-01-03,194.353719376392,-0.2319029959307741,0.0581854603814487,-2.7502108,0.9550727933531952,-0.8968873329717465,0.2277836695270692
2021-01-04,194.39035189309575,-0.2322107388454961,-0.0164877259514917,-3.2275085,1.0329945130757503,-1.0494822390272422,0.2212935359807042
2021-01-05,194.4269844097996,-0.2324788875126273,-0.0918419774813689,-3.2434344,1.1104572587952206,-1.2022992362765896,0.2147129631518717
2021-01-06,194.4636169265033,-0.2327027130700045,-0.1678339265334057,-3.3775306,1.1874316354614385,-1.3552655619948442,0.2080439738285776
2021-01-07,194.50024944320717,-0.2328774645045896,-0.2444191272303518,-3.3658798,1.2638886067569026,-1.5083077339872544,0.2012886385146695
2021-01-08,194.5368819599109,-0.2328684847488631,-0.321552099936187,-3.5172286,1.3397995096002224,-1.6613516095364094,0.1944490746755253
2021-01-09,194.57351447661472,-0.2327331512218151,-0.3991863770391075,-3.4584858,1.4151360682314449,-1.8143224452705524,0.1875274459490281
2021-01-10,194.6101469933185,-0.2325398964871672,-0.4772745500205256,-3.4743788,1.4898704078692326,-1.9671449578897584,0.1805259613222904
2021-01-11,194.64677951002227,-0.2322838513927099,-0.555768317755269,-3.4468136,1.5639750679303797,-2.1197433856856485,0.1734468742746255
2021-01-12,194.68341202672607,-0.2319601251908185,-0.6346185359868118,-3.676099,1.6374230148027262,-2.272041550789538,0.1662924818872829
2021-01-13,194.72004454342985,-0.2315638056573021,-0.7137752679195773,-3.907435,1.7101876541631171,-2.4239629220826946,0.1590651239205111
2021-01-14,194.75667706013363,-0.2310899592129374,-0.7931878358693757,-3.8244715,1.7822428428325952,-2.575430678701971,0.1517671818585302
2021-01-15,194.79330957683743,-0.2305336310479644,-0.872804873911515,-3.7824552,1.853562900161644,-2.7263677740731587,0.144401077923029
2021-01-16,194.8299420935412,-0.2298898452483104,-0.95257438146482,-3.706047,1.924122618938794,-2.876697000403614,0.1369692740558324
2021-01-17,194.86657461024495,-0.2291536049254476,-1.0324437777489586,-3.6390085,1.99389727581666,-3.0263410535656186,0.1294742708714142
2021-01-18,194.9032071269488,-0.2283198923480398,-1.1123599570510132,-3.5603068,2.062862641249898,-3.1752225983009112,0.1219186065799501
2021-01-19,194.93983964365256,-0.2273836690768274,-1.1922693447364894,-3.5042684,2.130994988940302,-3.323264333676791,0.1143048558816442
2021-01-20,194.9764721603564,-0.2263398761015729,-1.2721179539388836,-3.4351397,2.198271104784779,-3.4703890587236628,0.1066356288330807
2021-01-21,195.0131046770601,-0.2251834339809457,-1.3518514428611923,-3.3817208,2.2646682953226445,-3.616519738183837,0.098913569686379
2021-01-22,195.04973719376392,-0.2239092429850639,-1.4314151726218811,-3.3602197,2.3301643956791804,-3.7615795683010615,0.0911413557019585
2021-01-23,195.0863697104677,-0.2225121832404575,-1.5107542655771156,-3.330055,2.394737777003081,-3.905492042580197,0.0833216959357392
2021-01-24,195.1230022271715,-0.2209871148775759,-1.589813664050604,-3.3818333,2.458367353396028,-4.048181017446632,0.0754573300016296
2021-01-25,195.15963474387527,-0.2193181278636897,-1.6685381894017273,-3.4778636,2.521032588333168,-4.189570777734895,0.0675510268101771
2021-01-26,195.19626726057908,-0.2175110900782471,-1.7468726013621294,-3.4932754,2.5827135005739668,-4.329586101936096,0.0596055832842712
2021-01-27,195.23289977728285,-0.2155608009396399,-1.8247616575708177,-4.1239514,2.643390669563454,-4.468152327134272,0.0516238230528193
2021-01-28,195.26953229398663,-0.2134620404867977,-1.902150173237359,-4.471012,2.703045240324521,-4.60519541356188,0.0436085951233267
2021-01-29,195.30616481069043,-0.21120956953997,-1.978983080862465,-4.542086,2.761658927842458,-4.740642008704923,0.0355627725343334
2021-01-30,195.3427973273942,-0.2087981298641539,-2.055205489945514,-4.587632,2.8192140209436265,-4.87441951088914,0.0274892509886819
2021-01-31,195.379429844098,-0.2062224443348235,-2.130762746608057,-4.7116385,2.8756933856706195,-5.006456132278677,0.0193909474685994
2021-02-01,195.4160623608018,-0.2034772171065197,-2.205600493062825,-4.8272243,2.9310804681569618,-5.136680961219787,0.0112707988335989
2021-02-02,195.4526948775056,-0.2005571337839313,-2.279664726857652,-5.128576,2.985359297004869,-5.265024023862521,0.0031317604022187
2021-02-03,195.48932739420937,-0.1974568615956249,-2.352901859824005,-5.2847157,3.03851448517026,-5.391416344994266,-0.0050231954813719
2021-02-04,195.52595991091317,-0.1941710495704942,-2.425258776660176,-5.2171764,3.090531231359656,-5.515790008019831,-0.0131910808948531
2021-02-05,195.5625924276169,-0.1906943287163631,-2.496682893079522,-5.170634,3.141395320944272,-5.638078214023794,-0.0213688937982687
2021-02-06,195.59922494432072,-0.1870213122020807,-2.567122213454672,-5.104684,3.1910931263970634,-5.758215339851736,-0.0295536195065058
2021-02-07,195.6358574610245,-0.1831465955412294,-2.636525387889086,-5.0360518,3.2396116072589938,-5.87613699514808,-0.0377422321726673
2021-02-08,195.67248997772828,-0.1790647567790175,-2.7048417686481487,-4.9493566,3.286938309641464,-5.991780078289613,-0.0459316962812464
2021-02-09,195.70912249443208,-0.1747703566817513,-2.772021465882493,-4.8541336,3.3330613652721226,-6.105082831154617,-0.0541189681500228
2021-02-10,195.74575501113583,-0.1702579389287644,-2.838015402577273,-4.7696934,3.3779694900919623,-6.215984892669235,-0.0623009974395724
2021-02-11,195.7823875278397,-0.1655220303069891,-2.9027753686618194,-4.8806667,3.4216519824120084,-6.324427351073828,-0.070474728669293
2021-02-12,195.81902004454344,-0.1605571409081738,-2.966254074215172,-5.014853,3.464098720638348,-6.430352794853519,-0.0786371027388404
2021-02-13,195.8556525612472,-0.1553577643287305,-3.028405201703919,-5.401076,3.5053001605747505,-6.53370536227867,-0.0867850584538582
2021-02-14,195.89228507795104,-0.1499183778721553,-3.0891834571901065,-5.4561214,3.5452473323125653,-6.634430789502671,-0.0949155340548987
2021-02-15,195.9289175946548,-0.1442334427541114,-3.14854462044782,-5.661018,3.583931836717968,-6.732476457165788,-0.1030254687484133
2021-02-16,195.96555011135857,-0.1382974043098022,-3.206445593928673,-5.6545424,3.6213458415270554,-6.827791435455728,-0.1111118042387065
2021-02-17,196.0021826280624,-0.132104692204626,-3.2628444505175613,-5.5801888,3.657482077059712,-6.920326527577274,-0.1191714862597361
2021-02-18,196.03881514476612,-0.1256497206467877,-3.3177004800214327,-5.6318517,3.692333831563501,-7.010034311584933,-0.1272014661056567
2021-02-19,196.07544766146995,-0.1189268886027408,-3.3709742343354487,-5.7768435,3.725894946199155,-7.096869180534604,-0.1351987021589949
2021-02-20,196.11208017817373,-0.1119305800153922,-3.4226275712323413,-5.860191,3.7581598096797406,-7.180787380912082,-0.1431601614153605
2021-02-21,196.1487126948775,-0.1046551640248063,-3.472623696722373,-5.8371587,3.7891233525756793,-7.261747049298052,-0.1510828210035907
2021-02-22,196.1853452115813,-0.0970128241894663,-3.5209272059330607,-5.804323,3.818781041298264,-7.339708247231325,-0.1589636697002474
2021-02-23,196.22197772828508,-0.0890823416349926,-3.567504122459501,-5.7415075,3.847128871774552,-7.414632994234053,-0.1667997094373763
2021-02-24,196.2586102449889,-0.0808580299365804,-3.612321936137901,-5.65533,3.874163362826745,-7.486485298964647,-0.1745879568024627
2021-02-25,196.29524276169263,-0.0723341887750628,-3.655349639196875,-5.605926,3.899881549269492,-7.555231188466367,-0.1823254445295122
2021-02-26,196.33187527839644,-0.0635051041711181,-3.6965577607428375,-5.609107,3.924280974738659,-7.620838735481497,-0.1900092229802114
2021-02-27,196.36850779510024,-0.0543650487212472,-3.7359183995378986,-5.5644875,3.947359684265492,-7.6832780838033905,-0.1976363616141212
2021-02-28,196.405140311804,-0.0449082818370669,-3.773405255030583,-5.498214,3.9691162166100606,-7.742521471640643,-0.2052039504468746
2021-03-01,196.4417728285078,-0.035129049986633,-3.8089936566018574,-5.40745,3.989549596368261,-7.798543252970118,-0.212709101495366
2021-03-02,196.4784053452116,-0.0250215869385526,-3.842660590990934,-5.308617,4.0086593258666685,-7.851319916857602,-0.2201489502089249
2021-03-03,196.51503786191537,-0.0145801140090604,-3.874384727867566,-5.2096977,4.026445376859663,-7.900830104727229,-0.2275206568854934
2021-03-04,196.55167037861915,-0.003798840311127,-3.90414644351966,-5.1173096,4.042908182043412,-7.947054625563072,-0.2348214080718346
2021-03-05,196.58830289532293,0.0073280369935435,-3.9319278426273274,-5.1088686,4.058048626401372,-7.989976469028699,-0.2420484179468183
2021-03-06,196.62493541202676,0.0189171502592575,-3.95771277809672,-5.2965264,4.071868038395943,-8.029580816492663,-0.2491989296868479
2021-03-07,196.6615679287305,0.0308604463748727,-3.981486868929264,-5.2251205,4.084368181021131,-8.065855049950395,-0.2562702168125143
2021-03-08,196.6982004454343,0.0431637793606363,-4.003237516104255,-5.188154,4.095551242730857,-8.098788758835113,-0.2632595845155757
2021-03-09,196.73483296213809,0.0558330141538183,-4.022953916455209,-5.2428017,4.10541982825782,-8.128373744713029,-0.2701643709653907
2021-03-10,196.7714654788419,0.0689523600583248,-4.04062707452252,-5.352249,4.1139769493375695,-8.15460402386009,-0.2769819485939404
2021-03-11,196.8080979955457,0.0824537306634773,-4.056249812367689,-5.3004937,4.1212260153525415,-8.17747582772023,-0.2837097253586139
2021-03-12,196.84473051224944,0.0963363284795661,-4.069816777336434,-5.2171063,4.127170823910727,-8.19698760124716,-0.2903451459819376
2021-03-13,196.88136302895325,0.1106060723515156,-4.081324447760816,-5.1534343,4.131815551373505,-8.21313999913432,-0.2968856931674606
2021-03-14,196.91799554565705,0.1252688906900845,-4.090771136592591,-5.2248144,4.135164743347153,-8.225935879939744,-0.3033288887910325
2021-03-15,196.9546280623608,0.1403307211937452,-4.098156992962716,-5.4711165,4.137223305152344,-8.23538029811506,-0.3096722950667283
2021-03-16,196.9912605790646,0.1557975105681217,-4.103484001664328,-5.3976245,4.137996492285921,-8.241480493950249,-0.3159135156867053
2021-03-17,197.0278930957684,0.1716752142424873,-4.106755980558845,-5.3226175,4.137489900888886,-8.244245881447732,-0.3220501969343004
2021-03-18,197.06452561247212,0.1879697960841069,-4.107978575907556,-5.403281,4.135709458234586,-8.243688034142142,-0.3280800287697008
2021-03-19,197.101158129176,0.2046872281095382,-4.107159255633282,-5.4800234,4.132661413250705,-8.239820668883986,-0.3340007458875482
2021-03-20,197.13779064587973,0.2218334901935792,-4.104307300519342,-5.4662757,4.128352327088546,-8.232659627607887,-0.3398101287458678
2021-03-21,197.17442316258357,0.2394450642719565,-4.099433793355402,-5.377525,4.122789063752787,-8.22222285710819,-0.3455060045657298
2021-03-22,197.2110556792873,0.2574966081662992,-4.092551606042234,-5.3939214,4.115978780804773,-8.208530386847007,-0.3510862483010905
2021-03-23,197.2476881959911,0.2759941281943678,-4.083675384669902,-5.3506703,4.107928920151916,-8.191604304821817,-0.3565487835782852
2021-03-24,197.2843207126949,0.2949436373418033,-4.072821532586252,-5.3125343,4.098647198935706,-8.171468731521959,-0.3618915836046625
2021-03-25,197.32095322939867,0.3143511549575324,-4.060008191474998,-5.3189397,4.088141600530413,-8.148149792005412,-0.3671126720458965
2021-03-26,197.35758574610244,0.3342227064471332,-4.04525522046503,-5.242701,4.076420365664241,-8.121675586129271,-0.3722101238715283
2021-03-27,197.39421826280625,0.3545643229636912,-4.028584173294971,-5.1539984,4.063491983674428,-8.092076156969398,-0.377182066168322
2021-03-28,197.43085077951,0.3754729994977577,-4.010018273559299,-5.0919733,4.04936518390733,-8.05938345746663,-0.3820266789210509
2021-03-29,197.4674832962138,0.3968613066928377,-3.989582388064647,-5.0204377,4.034048927274289,-8.023631315338935,-0.3867421957603571
2021-03-30,197.5041158129176,0.4187353049051987,-3.967302998327078,-4.9191165,4.017552397973547,-7.984855396300625,-0.3913269046773587
2021-03-31,197.54074832962135,0.4411010589747777,-3.943208170243509,-4.8216553,3.999884995388254,-7.943093165631762,-0.395779148704707
2021-04-01,197.5773808463252,0.4639646379027402,-3.917327521972464,-4.717891,3.981056326170049,-7.8983838481425135,-0.4000973265638297
2021-04-02,197.61401336302896,0.4873321145264002,-3.889692190061532,-4.6076283,3.961076196517349,-7.850768386578881,-0.4042798932781181
2021-04-03,197.65064587973276,0.5112095651916047,-3.860334793861104,-4.51015,3.939954604657085,-7.8002893985181885,-0.4083253607518552
2021-04-04,197.6872783964365,0.5356030694224669,-3.829289398265846,-4.409498,3.917701733538084,-7.746991131803929,-0.4122322983147101
2021-04-05,197.72391091314032,0.5605449878940432,-3.7965914748274128,-4.3202634,3.89432794374392,-7.690919418571333,-0.4159993332316434
2021-04-06,197.7605434298441,0.5860859987775191,-3.7622778612839394,-4.2337904,3.869843766632586,-7.632121627916526,-0.4196251511781121
2021-04-07,197.7971759465479,0.6121586177744378,-3.726386719553693,-4.1815987,3.844259897709808,-7.570646617263501,-0.4231084966804874
2021-04-08,197.83380846325167,0.6387689486638886,-3.688957492241916,-4.1376524,3.8175871902424094,-7.506544682484327,-0.4264481735216197
2021-04-09,197.87044097995548,0.6659230967128726,-3.650030857712106,-4.0759563,3.78983664911764,-7.439867506829746,-0.4296430451115285
2021-04-10,197.90707349665925,0.6937381942256833,-3.609648683774177,-4.0213532,3.761019424953792,-7.370668108727968,-0.4326920348232149
2021-04-11,197.94370601336303,0.7221482288950583,-3.5678539800440188,-3.9359295,3.7311468084671007,-7.299000788511119,-0.4355941262936234
2021-04-12,197.98033853006683,0.7512857276980744,-3.5246908490302915,-3.8578506,3.700230225099209,-7.224921074129501,-0.4383483636898139
2021-04-13,198.0169710467706,0.7811967359002727,-3.480204436005988,-3.792786,3.668281229909157,-7.148485665915145,-0.4409538519404257
2021-04-14,198.0536035634744,0.8116686505160242,-3.434440877723671,-3.7363937,3.635311502733199,-7.06975238045687,-0.4434097569325493
2021-04-15,198.0902360801782,0.8429019347313629,-3.387447250034609,-3.6667955,3.601332843615278,-6.988780093649886,-0.4457153056741488
2021-04-16,198.126868596882,0.8747216608274915,-3.339271514473573,-3.5857987,3.566357168510521,-6.905628682984094,-0.4478697864221977
2021-04-17,198.16350111358577,0.9071136088982472,-3.2899624638720257,-3.4847841,3.530396505263479,-6.820358969135505,-0.4498725487767296
2021-04-18,198.20013363028957,0.9400839963959412,-3.239569667063803,-3.3877883,3.493462989862394,-6.733032656926197,-0.4517230037410203
2021-04-19,198.2367661469933,0.9736390386840146,-3.1881434127483232,-3.298828,3.4555688629702472,-6.6437122757185705,-0.453420623748154
2021-04-20,198.27339866369712,1.0077849486653436,-3.135734652577581,-3.2409189,3.4167264667327424,-6.552461119310324,-0.4549649426542391
2021-04-21,198.3100311804009,1.042527936407437,-3.082394943533802,-3.1542232,3.3769482418629333,-6.459343185396735,-0.4563555556985821
2021-04-22,198.34666369710467,1.0778742087652855,-3.028176389665862,-3.079376,3.33624672500165,-6.364423114667511,-0.4575921194311279
2021-04-23,198.38329621380848,1.1138299690015918,-2.973131583252989,-3.0001872,3.294634546352342,-6.267766129605331,-0.4586743516075287
2021-04-24,198.41992873051225,1.1504014164041942,-2.9173135454652,-3.077595,3.2521244275884493,-6.1694379730536495,-0.4596020310521962
2021-04-25,198.45656124721603,1.1875947459011185,-2.8607756665904818,-3.2899902,3.2087291800309026,-6.069504846621385,-0.4603749974897405
2021-04-26,198.49319376391983,1.2254161476730203,-2.803571645899108,-3.3029954,3.1644617030928504,-5.968033348991957,-0.4609931513452012
2021-04-27,198.5298262806236,1.2638718067626158,-2.7457554312161463,-3.2199621,3.1193349829881867,-5.865090414204333,-0.4614564535135152
2021-04-28,198.5664587973274,1.3029679026821377,-2.6873811582734106,-3.136777,3.0733620916999635,-5.760743249973374,-0.4617649250986669
2021-04-29,198.6030913140312,1.3427106090176597,-2.628503089912387,-3.0528226,3.0265561862042767,-5.655059276116663,-0.4619186471230112
2021-04-30,198.63972383073497,1.383288391407957,-2.5691755552099296,-2.9749475,2.9789305079447743,-5.548106063154704,-0.4619177602072494
2021-05-01,198.6763563474388,1.4245200761463606,-2.509452888598558,-2.9577348,2.9304983825523374,-5.439951271150895,-0.4617624642215874
2021-05-02,198.71298886414252,1.466209659316088,-2.4493893690532462,-2.8853617,2.881273219804248,-5.330662588857495,-0.4614530179085996
2021-05-03,198.74962138084632,1.5083754859749463,-2.389039159416381,-2.8006122,2.831268513816372,-5.220307673232752,-0.4609897384783521
2021-05-04,198.78625389755013,1.550839736392315,-2.328456245932685,-2.7157295,2.780497843461779,-5.108954089394464,-0.4603730011763537
2021-05-05,198.8228864142539,1.593851098996053,-2.2676943780653405,-2.602383,2.7289748730085748,-4.996669251073915,-0.4596032388249126
2021-05-06,198.85951893095768,1.6375012314870323,-2.206807008664418,-2.4996605,2.676713352969338,-4.883520361633757,-0.4586809413385003
2021-05-07,198.89615144766148,1.681752469459763,-2.145847234558249,-2.4280083,2.623727121154155,-4.769574355712404,-0.4576066552137318
2021-05-08,198.93278396436529,1.726700770161738,-2.084867737637894,-2.361519,2.5700301039189157,-4.654897841556809,-0.4563809829945919
2021-05-09,198.96941648106903,1.772383419064111,-2.023920726504184,-2.3013027,2.515636317600013,-4.539557044104197,-0.4550045827135402
2021-05-10,199.00604899777284,1.8187998244175017,-1.963057878746307,-2.2232573,2.460559870126318,-4.423617748872625,-0.453478167309149
2021-05-11,199.0426815144766,1.8657734628080096,-1.902330283919994,-2.139992,2.4048149627989144,-4.307145246718909,-0.4518025040209291
2021-05-12,199.0793140311804,1.9134224502703496,-1.841788387292684,-2.0481133,2.348415892228763,-4.190204279521447,-0.449978413762027
2021-05-13,199.1159465478842,1.9617550476508896,-1.781481934421934,-1.9471676,2.2913770524220527,-4.072858986843986,-0.4480067704704596
2021-05-14,199.152579064588,2.010513750833276,-1.7214599166326363,-1.8607876,2.2337129370028075,-3.955172853635444,-0.4458885004395869
2021-05-15,199.18921158129177,2.05993458124253,-1.6617705174572133,-1.7965698,2.175438141561968,-3.837208659019181,-0.4436245816285148
2021-05-16,199.22584409799555,2.10994530761071,-1.602461060102045,-1.7276658,2.1165673661218185,-3.719028426223864,-0.4412160429531344
2021-05-17,199.26247661469927,2.16061323244224,-1.5435779560021006,-1.663549,2.0571154177045274,-3.600693373706628,-0.438663963558508
2021-05-18,199.29910913140316,2.211929941731368,-1.4851666545243618,-1.6309245,1.9970972129931892,-3.4822638675175512,-0.435969472073318
2021-05-19,199.3357416481069,2.2638702113641003,-1.4272715938793867,-1.590511,1.9365277810735824,-3.3637993749529693,-0.4331337458471001
2021-05-20,199.3723741648107,2.3165464669827767,-1.3699361532988323,-1.6146193,1.8754222662447004,-3.2453584195435328,-0.4301580101709824
2021-05-21,199.40900668151448,2.3700644441481504,-1.3132026065353046,-1.6237781,1.8137959308858385,-3.126998537421143,-0.4270435374826637
2021-05-22,199.44563919821823,2.42441896982726,-1.2571120767391974,-1.6009573,1.7516641583679071,-3.008776235107105,-0.4237916465563543
2021-05-23,199.4822717149221,2.479361940471956,-1.2017044927657925,-1.5654329,1.6890424559965074,-2.8907469487623,-0.4204037016784149
2021-05-24,199.51890423162584,2.5350431407332046,-1.1470185469638674,-1.5364102,1.6259464579741203,-2.772965004937988,-0.4168811118094229
2021-05-25,199.5555367483296,2.591455383302192,-1.0930916544955565,-1.511074,1.562391928368717,-2.6554835828642736,-0.4132253297333988
2021-05-26,199.59216926503345,2.648761209122087,-1.0399599142352025,-1.4184986,1.498394764075964,-2.5383546783111663,-0.409437851194925
2021-05-27,199.6288017817372,2.706965961239004,-0.9876580712931864,-1.3738496,1.4339709977621489,-2.421629069055335,-0.4055202140248798
2021-05-28,199.665434298441,2.765960724433846,-0.9362194812086538,-1.3105001,1.3691368007749096,-2.305356281983564,-0.4014739972555218
2021-05-29,199.7020668151448,2.825868199747955,-0.8856760758531543,-1.2264023,1.3039084860087826,-2.189584561861937,-0.3973008202256406
2021-05-30,199.73869933184852,2.8866936558263685,-0.8360583310851427,-1.1428689,1.2383025107126937,-2.0743608417978363,-0.3930023416764963
2021-05-31,199.7753318485524,2.948442341355129,-0.7873952361931607,-1.0589272,1.172335479226315,-1.959730715419476,-0.3885802588392645
2021-06-01,199.81196436525613,3.010955284243078,-0.7397142651634772,-0.97400373,1.1060241456325517,-1.8457384107960288,-0.3840363065146924
2021-06-02,199.8485968819599,3.0744064280686594,-0.6930413498055714,-0.9034724,1.039385416313108,-1.7324267661186794,-0.3793722561456708
2021-06-03,199.8852293986637,3.1388009337496605,-0.6474008547669937,-0.82225883,0.9724363523945472,-1.6198372071615408,-0.374589914883418
2021-06-04,199.9218619153675,3.2038763434580826,-0.6028155544664244,-0.7426834,0.9051941720720208,-1.5080097265384451,-0.3696911246479715
2021-06-05,199.9584944320713,3.269822793635937,-0.559306611971838,-0.6873135,0.8376762527981829,-1.3969828647700209,-0.3646777611836554
2021-06-06,199.99512694877507,3.3365708090276094,-0.5168935598481414,-0.6376612,0.7699001333248284,-1.28679369317297,-0.3595517331102102
2021-06-07,200.03175946547884,3.4041466798338984,-0.4755942829963859,-0.59518206,0.7018835155850003,-1.1774777985813862,-0.3543149809702401
2021-06-08,200.06839198218265,3.472709846528188,-0.4354250035042322,-0.54456013,0.6336442664034665,-1.069069269907699,-0.348969476273636
2021-06-09,200.1050244988864,3.542259001194468,-0.396400267524966,-0.50266874,0.5652004190236911,-0.961600686548657,-0.3435172205396138
2021-06-10,200.1416570155902,3.612805437610312,-0.3585329341999314,-0.5078741,0.4965701744395796,-0.8551031086395111,-0.3379602443370036
2021-06-11,200.178289532294,3.6843540239007098,-0.3218341666367669,-0.5126499,0.4277719025206,-0.7496060691573669,-0.3323006063234096
2021-06-12,200.21492204899775,3.756819645311664,-0.2863134249534758,-0.5098598,0.3588241429190775,-0.6451375678725534,-0.3265403922838522
2021-06-13,200.25155456570155,3.8302583850603034,-0.2519784613957469,-0.47003004,0.2897456057487496,-0.5417240671444965,-0.3206817141694843
2021-06-14,200.28818708240536,3.9046918610305337,-0.218835317532579,-0.4630085,0.2205551720239485,-0.4393904895565275,-0.3147267091369692
2021-06-15,200.32481959910916,3.980148277221241,-0.1868883235327065,-0.39943412,0.1512718938491105,-0.3381602173818171,-0.3086775385890916
2021-06-16,200.3614521158129,4.056635128335408,-0.1561400995218865,-0.30776307,0.0819149943486583,-0.2380550938705448,-0.3025363872171554
2021-06-17,200.3980846325167,4.133990191555334,-0.1265915590185906,-0.21060902,0.0125038673275506,-0.1390954263461412,-0.2963054620457133
2021-06-18,200.4347171492205,4.212389632609845,-0.0982419144431221,-0.11991241,-0.0569419233467037,-0.0412999910964183,-0.2899869914801538
2021-06-19,200.4713496659243,4.291611840322066,-0.0710886846928016,-0.045625027,-0.1264026446495117,0.0553139599567101,-0.283583224357664
2021-06-20,200.50798218262807,4.371769944137279,-0.0451277047732785,0.01897568,-0.1958583956006325,0.150730690827354,-0.27709642900206
2021-06-21,200.54461469933185,4.452995761947527,-0.0203531374736343,0.08500433,-0.2652891087696698,0.2449359712960354,-0.270528892282971
2021-06-22,200.58124721603565,4.535201282548751,0.0032425129294992,0.14407903,-0.3346745520932922,0.3379170650227914,-0.2638829186798455
2021-06-23,200.61787973273945,4.618279239019227,0.0256683849560511,0.21584268,-0.4039943310114297,0.4296627159674808,-0.2571608293512267
2021-06-24,200.6545122494432,4.702446418671487,0.0469352422144817,0.26871756,-0.473227890929208,0.5201631331436898,-0.2503649612097336
2021-06-25,200.691144766147,4.787707130799166,0.0670554537236,0.32285568,-0.5423545200109108,0.6094099737345108,-0.2434976660031657
2021-06-26,200.7277772828508,4.8740656513681575,0.086042972288616,0.37811735,-0.611353352311876,0.6973963246004921,-0.2365613094021331
2021-06-27,200.76440979955456,4.961526222466988,0.103913310958108,0.43990827,-0.680203371253574,0.7841166822116821,-0.2295582700945976
2021-06-28,200.8010423162584,5.0499343567450605,0.1206835175908825,0.5087421,-0.7488834134467984,0.869566931037681,-0.2224909388876878
2021-06-29,200.8376748329621,5.139457305727975,0.1363721475640236,0.5730468,-0.8173721728672461,0.9537443204312696,-0.2153617178171461
2021-06-30,200.87430734966597,5.230099182396774,0.1509992346555081,0.6322681,-0.8856482053873057,1.0366474400428138,-0.2081730192647354
2021-07-01,200.9109398663697,5.321864063631665,0.1645862601371705,0.6840868,-0.953689933667358,1.1182761938045285,-0.2009272650839237
2021-07-02,200.9475723830735,5.414755989649423,0.1771561201156405,0.7340735,-1.021475652409284,1.1986317725249245,-0.1936268857341462
2021-07-03,200.9842048997773,5.508740409197118,0.1887330911613149,0.78871363,-1.0889835339744058,1.2777166251357208,-0.186274319423927
2021-07-04,201.02083741648107,5.603860906742536,0.1993427942671425,0.84531516,-1.1561916343674858,1.3555344286346285,-0.1788720112631232
2021-07-05,201.05746993318485,5.700121403243459,0.2090121571812641,0.8927358,-1.2230778995878364,1.4320900567691006,-0.17142241242454
2021-07-06,201.09410244988865,5.797525780718534,0.2177693751592709,0.92231077,-1.28962017234809,1.5073895475073609,-0.163927979315147
2021-07-07,201.13073496659243,5.896077881671687,0.2256438701839514,0.9626651,-1.3557961991605143,1.581440069344466,-0.1563911727571108
2021-07-08,201.16736748329623,5.995660971400524,0.2326662487020004,1.0203688,-1.4215836377902795,1.65424988649228,-0.1488144571788336
2021-07-09,201.204,6.096402678510422,0.2388682579291268,1.0862979,-1.4869600650744403,1.7258283230035671,-0.1412002998161864
2021-07-10,206.771,11.656595903581946,0.2442827407766,1.1333048,-1.5519029851047876,1.7961857258813878,-0.1335511699240918
2021-07-11,203.418,8.296999058445437,0.2489435894539013,1.1778796,-1.616389837772275,1.8653334272261763,-0.1258695379986055
2021-07-12,197.67,2.542611532344658,0.2528856978038783,1.2335724,-1.6803980076699736,1.933283705473852,-0.1181578750096281
2021-07-13,196.493,1.3594326715006169,0.2561449124280962,1.3022374,-1.7439048333510254,2.0000497457791218,-0.1104186516443565
2021-07-14,204.822,9.68246177851828,0.2587579826616444,1.3580966,-1.806887616937467,2.065645599599112,-0.102654337561575
2021-07-15,202.737,7.591698111789855,0.2607625094581144,1.4045199,-1.869323634075203,2.1300861435333176,-0.0948674006568702
2021-07-16,193.323,-1.8278591151039905,0.2621968932465278,1.4423794,-1.9311901442297963,2.193387037476324,-0.087060306338832
2021-07-17,201.688,6.531909803117523,0.2631002808234186,1.4761101,-1.9924644013172472,2.255564682140666,-0.0792355168162948
2021-07-18,210.715,15.553880121736606,0.2635125113443841,1.5297152,-2.053123664663255,2.316636176007639,-0.0713954903966553
2021-07-19,181.554,-13.611949065375027,0.2634740614803794,1.5681534,-2.1131452102839963,2.376619271764376,-0.0635426807952895
2021-07-20,201.66600000000005,6.495496490227115,0.2630259898051927,1.5955648,-2.1725063424808018,2.4355323322859945,-0.055679536456074
2021-07-21,203.805,8.630141451660238,0.2622098804812728,1.6301769,-2.2311844057405645,2.493394286221837,-0.0478084998830126
2021-07-22,201.913,6.733984823584921,0.261067786312096,1.6601231,-2.289156796933269,2.550224583245365,-0.0399320069829391
2021-07-23,201.8190555555556,6.478568489022088,0.2596421712298454,1.692838,-2.3464009777973214,2.6060431490271667,-0.0320524864192738
2021-07-24,201.72511111111112,6.228323679116956,0.2579758522879274,1.7270138,-2.402894487702967,2.6608703399908946,-0.0241723589767835
2021-07-25,201.63116666666667,5.983200308981102,0.2561119412284456,1.769454,-2.4586149566834727,2.7147268979119183,-0.0162940369372872
2021-07-26,201.53722222222223,5.7431482434060985,0.2540937856952159,1.8018583,-2.5135401187232795,2.767633904418496,-0.0084199234662426
2021-07-27,201.44327777777775,5.50811729623895,0.2519649101633133,1.8168383,-2.567647825291829,2.8196127354551423,-0.0005524120101295
2021-07-28,201.34933333333333,5.278057229753971,0.2497689566565111,1.8605596,-2.6209160591112117,2.8706850157677226,0.0073061142954597
2021-07-29,201.2553888888889,5.052917754022733,0.2475496253241935,1.9077653,-2.6733229481454126,2.920872573469606,0.015153283207124
2021-07-30,201.16144444444444,4.832648526281227,0.2453506149494843,1.9476854,-2.724846779798382,2.9701973947478666,0.0229867339444642
2021-07-31,201.0675,4.617199150294105,0.2432155634603847,1.9632934,-2.7754660153076838,3.018681578768068,0.0308041177505228
2021-08-01,200.9735555555556,4.406519175716969,0.2411879885157816,1.992775,-2.825159304320149,3.0663472928359305,0.038603098441979
2021-08-02,200.87961111111116,4.200558097455179,0.2393112282379341,2.0202687,-2.8739054996354327,3.113216727873367,0.0463813529492432
2021-08-03,200.78566666666669,3.999265355020997,0.2376283821630628,2.0563052,-2.921683672102986,3.159312054266049,0.054136571846595
2021-08-04,200.69172222222224,3.802590331887263,0.2361822524811757,2.0938509,-2.968473125657596,3.204655378138772,0.0618664598725173
2021-08-05,200.5977777777778,3.610482354839133,0.2350152856361326,2.1233375,-3.0142534124782423,3.249268698114375,0.0695687364403926
2021-08-06,200.50383333333332,3.4228906933227776,0.2341695143562605,2.1380672,-3.059004348254661,3.2931738626109213,0.0772411361397269
2021-08-07,200.4098888888889,3.239764558791641,0.2336865001855801,2.1478953,-3.1027060275456857,3.336392527731266,0.0848814092280746
2021-08-08,200.31594444444443,3.061053104050165,0.2336072765848388,2.1619227,-3.1453388392131045,3.3789461157979432,0.0924873221138426
2021-08-09,200.222,2.886705422594666,0.2339722926710099,2.1810365,-3.186883481914429,3.420855774585439,0.1000566578301638
2021-08-10,200.1280555555556,2.716631993710686,0.2348213576631318,2.1965876,-3.2273209796377795,3.4621423373009117,0.1075872165000232
2021-08-11,200.03411111111112,2.550700872453273,0.2361935861013973,2.2331722,-3.266632697261742,3.5028262833631394,0.115076815792829
2021-08-12,199.94016666666667,2.388984831414362,0.2381273439055791,2.2805202,-3.304800356122824,3.542927700028403,0.1225232913726313
2021-08-13,199.84622222222225,2.2314326960025337,0.2406601953378687,2.3255904,-3.341806049572979,3.582466244910848,0.1299244973381785
2021-08-14,199.75227777777775,2.0779932289841145,0.243828850933927,2.3674679,-3.377632258509369,3.621461109443296,0.13727830665502
2021-08-15,199.65833333333333,1.928615129808767,0.2476691164651109,2.3875272,-3.412261866858443,3.659930983323554,0.1445826115798532
2021-08-16,199.56438888888889,1.7832470339322413,0.2522158429932201,2.4176476,-3.445678176996203,3.6978940199894232,0.1518353240773234
2021-08-17,199.47044444444444,1.641837512136398,0.2575028780780327,2.429523,-3.477864925086392,3.735367803164424,0.1590343762294775
2021-08-18,199.3765,1.5043350698470237,0.2635630181965404,2.4403076,-3.508806296318278,3.772369314514818,0.1661777206380796
2021-08-19,199.2825555555556,1.3706881464482947,0.2704279624310028,2.4377594,-3.538486940025533,3.808914902456536,0.1732633308199937
2021-08-20,199.18861111111116,1.2408451145956845,0.2781282674819199,2.428546,-3.566891984667747,3.845020252149667,0.1802892015958356
2021-08-21,199.09466666666668,1.114754279525206,0.2866933040599294,2.4339123,-3.5940070526559484,3.8807003567158778,0.1872533494720996
2021-08-22,199.00072222222224,0.9923638783606724,0.2961512147093373,2.447638,-3.6198182750036008,3.915969489712938,0.19415381301696
2021-08-23,198.9067777777778,0.8736220794184089,0.3065288731140271,2.4788435,-3.6443123057844766,3.950841178898504,0.2009886532299476
2021-08-24,198.81283333333332,0.758476981508716,0.3178518449348852,2.5222347,-3.66747633637886,3.985328181313745,0.2077559539056959
2021-08-25,198.7188888888889,0.6468766132355128,0.3301443502259278,2.5794966,-3.689298109489588,4.019442459715516,0.2144538219919557
2021-08-26,198.62494444444445,0.538768932292923,0.3434292274744238,2.6091,-3.709765932909476,4.0531951603839,0.2210803879420574
2021-08-27,198.531,0.4341018247591535,0.3577278993084692,2.6269364,-3.7288686930218526,4.086596592330322,0.2276338060620204
2021-08-28,198.4370555555556,0.3328231043881651,0.3730603399132404,2.6469102,-3.746595868015943,4.119656207929183,0.2341122548524823
2021-08-29,198.3431111111111,0.2348805118984511,0.389445044195392,2.668304,-3.762937540799112,4.152382584994504,0.2405139373456258
2021-08-30,198.24916666666667,0.140263445759782,0.406898998732727,2.692351,-3.777884411588022,4.184783410320749,0.2468370814372761
2021-08-31,198.15522222222225,0.0489266108057702,0.4254376545441705,2.6997137,-3.7914278101610295,4.2168654647052,0.2530799402143365
2021-09-01,198.06127777777775,-0.0392272252097924,0.4450749017130737,2.6903467,-3.803559707754398,4.248634609467472,0.2592407922777166
2021-09-02,197.96733333333333,-0.1242505449679427,0.4658230458943796,2.6906524,-3.814272728585026,4.280095774479405,0.2653179420609152
2021-09-03,197.87338888888888,-0.2062239406283623,0.4876927867340969,2.719052,-3.823560160982744,4.311252947716841,0.2713097201443952
2021-09-04,197.77944444444444,-0.2851795909790429,0.5106931982272439,2.7370644,-3.8314159681155537,4.342109166342798,0.2772144835658976
2021-09-05,197.6855,-0.3611616306046574,0.5348317110379571,2.7524092,-3.8378347982913454,4.372666509329304,0.2830306161268235
2021-09-06,197.5915555555556,-0.4342228557044389,0.5601140968033048,2.7860417,-3.8428119948201496,4.402926091623455,0.2887565286948126
2021-09-07,197.49761111111115,-0.5044161412962165,0.5865444544397842,2.8208745,-3.84634360542117,4.432888059860955,0.2943906595026304
2021-09-08,197.40366666666668,-0.5717944419511909,0.6141251984692175,2.850864,-3.84842639115936,4.462551589628577,0.299931474443477
2021-09-09,197.30972222222223,-0.636410792530965,0.6428570493782698,2.8803616,-3.849057834896552,4.491914884274822,0.3053774673628171
2021-09-10,197.2157777777778,-0.6983183089276928,0.6727390260234344,2.6900575,-3.848236149242745,4.520975175266179,0.3107271603468228
2021-09-11,197.1218333333333,-0.7575701888061843,0.7037684400907919,2.7197294,-3.8459602839934406,4.549728724084233,0.3159791040075111
2021-09-12,197.0278888888889,-0.8142197123493009,0.7359408926175487,2.7610455,-3.842229933039457,4.578170825657005,0.3211318777646535
2021-09-13,196.93394444444445,-0.8683202430054937,0.7692502725796942,2.7940903,-3.837045540736124,4.606295813315818,0.326184090124518
2021-09-14,196.84,-0.9199252282389844,0.8036887575478346,2.8149145,-3.830408307719249,4.634097065267083,0.3311343789555049
2021-09-15,196.7460555555556,-0.9690882002828936,0.8392468164106918,2.8435056,-3.822320196155743,4.661567012566435,0.335981411760714
2021-09-16,196.6521111111111,-1.0158627768945614,0.8759132141632934,2.8766108,-3.81278393441741,4.688697148580704,0.3407238859474889
2021-09-17,196.55816666666664,-1.0603026621137488,0.9136750187544266,2.8887734,-3.80180302116683,4.715478039921257,0.3453605290939574
2021-09-18,196.46422222222225,-1.1024532954723796,0.9525176099855212,2.5917969,-3.789381728844965,4.741899338830486,0.3498900992125893
2021-09-19,196.37027777777777,-1.1423491045440333,0.9924246904505588,2.435421,-3.775525106550612,4.767949797001171,0.354311385010777
2021-09-20,196.27633333333333,-1.1799137721456212,1.0333782985043491,2.4631,-3.760238982302514,4.793617280806863,0.3586232061484354
2021-09-21,196.18238888888888,-1.2153104786102986,1.0753588232438571,2.4971318,-3.743529964675436,4.818888787919293,0.3628244134926068
2021-09-22,196.08844444444443,-1.2482456953441634,1.1183450214852055,2.5404363,-3.7254054438023,4.843750465287505,0.3669138893690513
2021-09-23,195.9945,-1.2791379695877367,1.162314036716226,2.5874746,-3.705873591735008,4.868187628451234,0.3708905478107883
2021-09-24,195.9005555555556,-1.307626522703046,1.2072414200023296,2.623587,-3.684943362157247,4.8921847821595765,0.3747533348035441
2021-09-25,195.80661111111112,-1.3341084668653522,1.2531011528211422,2.6739242,-3.6626244894433233,4.915725642264466,0.3785012285280528
2021-09-26,195.71266666666668,-1.3586097308725191,1.299865671798866,2.695604,-3.6389274870576576,4.938793158856525,0.3821332395991552
2021-09-27,195.61872222222223,-1.381073968528776,1.3475058953193604,2.5722747,-3.613863645290359,4.96136954060972,0.3856484113016081
2021-09-28,195.52477777777776,-1.401678315112644,1.3959912519743705,2.4727244,-3.5874450283248827,4.983436280299253,0.3890458198225396
2021-09-29,195.4308333333333,-1.4201859731244753,1.445289710821503,2.4888055,-3.559684470634652,5.004974181456155,0.3923245744804475
2021-09-30,195.3368888888889,-1.4369198574878492,1.495367813414148,2.4683077,-3.5305955727060754,5.025963386120223,0.3954838179506404
2021-10-01,195.24294444444445,-1.4514329687147676,1.5461907075655292,2.4794738,-3.5001926960862333,5.046383403651762,0.3985227264870146
2021-10-02,195.149,-1.464042854400347,1.5977221828070618,2.4926014,-3.46849095775421,5.066213140561271,0.4014405101400498
2021-10-03,195.05505555555555,-1.4748614958694564,1.6499247074991388,2.5349655,-3.4355062238157945,5.085430931314933,0.4042364129708859
2021-10-04,194.9611111111111,-1.4840273879174504,1.7027594675505204,2.5842037,-3.4012551025219766,5.104014570072497,0.4069097132613545
2021-10-05,194.86716666666663,-1.4916471678530066,1.7561864067006403,2.6090152,-3.365754936612487,5.121941343313128,0.4094597237198129
2021-10-06,194.77322222222224,-1.497824061786357,1.810164268317236,2.6052709,-3.329023794986356,5.139188063303592,0.4118857916826302
2021-10-07,194.67927777777777,-1.5025123557501132,1.8646506386600032,2.6153963,-3.2910804637021536,5.155731102362157,0.4141872993111615
2021-10-08,194.58533333333327,-1.5056389596821784,1.919601991559208,2.576419,-3.251944436311472,5.17154642787068,0.4163636637840441
2021-10-09,194.49138888888888,-1.5073578143883193,1.9749737344565288,2.578598,-3.211635903529816,5.186609637986345,0.418414337484635
2021-10-10,194.39744444444443,-1.5074990984263152,2.030720255753781,2.5778399,-3.170175742249948,5.200895998003729,0.4203388081834092
2021-10-11,194.3035,-1.5063733725383432,2.086794973413784,2.5434425,-3.127585503903393,5.214380477317177,0.4221365992151253
2021-10-12,194.2095555555556,-1.5039636686106626,2.143150384755878,2.5166206,-3.0838874021766345,5.227037786932513,0.4238072696505639
2021-10-13,194.11561111111112,-1.500229734472029,2.1997381173876125,2.4435756,-3.039104300089269,5.2388424174768815,0.4253504144626315
2021-10-14,194.02166666666668,-1.4954156199564412,2.2565089812123773,2.4404583,-2.9932596964420544,5.249768677654432,0.4267656646866234
2021-10-15,193.92772222222223,-1.4894647539714008,2.31341302145186,2.4613357,-2.946377711643673,5.259790733095533,0.4280526875744322
2021-10-16,193.83377777777775,-1.4825826205065449,2.3703995726207463,2.4847214,-2.8984830729256115,5.268882645546357,0.4292111867424761
2021-10-17,193.7398333333333,-1.4747381234673291,2.4274173133902903,2.46219,-2.849601098955433,5.277018412345723,0.4302409023131278
2021-10-18,193.6458888888889,-1.4660282332202907,2.484414322275987,2.3012838,-2.799757683859288,5.284172006135275,0.4311416110494141
2021-10-19,193.55194444444444,-1.4563390764729984,2.541338134084034,2.3425312,-2.748979280665372,5.290317414749406,0.4319131264827487
2021-10-20,193.458,-1.445748860435483,2.598135797050042,2.1276104,-2.6972928841806016,5.295428681230644,0.4325552990334663
2021-10-21,206.5,11.607461257405344,2.6547539306029853,1.9916621,-2.644726013313617,5.2994799439166025,0.4330680161239186
2021-10-22,181.849,-13.032338296726676,2.7111387836864216,1.1133076,-2.591306692857722,5.302445476544144,0.4334512022838836
2021-10-23,198.391,3.5211870550490403,2.767236293568575,0.94254684,-2.5370634347482586,5.304299728316833,0.4337048192480513
2021-10-24,200.438,5.579598647013377,2.822992145072229,-0.28010598,-2.482025218809337,5.305017363881566,0.4338288660453313
2021-10-25,201.159,6.311984890093283,2.878351830154994,-0.79923403,-2.4262214730056924,5.304573303160686,0.4338233790797412
2021-10-26,204.09,9.254259862230446,2.93326070777007,-0.9470325,-2.369682053215915,5.302942760985985,0.4336884322026216
2021-10-27,204.461,9.636495277431251,2.987664063937447,-1.0184158,-2.312437222543997,5.3001012864814445,0.43342413677593
2021-10-28,203.871,9.057627836056565,3.041507171955112,-1.0215011,-2.2545176301867094,5.2960248021418215,0.4330306417263621
2021-10-29,201.209,6.406700134869464,3.0947353526799706,-1.0247287,-2.195954289874888,5.290689642554858,0.4325081335900539
2021-10-30,199.989,5.19768409617973,3.14729403480784,-1.1149788,-2.136778557907305,5.284072592715145,0.4318568365476155
2021-10-31,202.377,7.596580411644204,3.199128815082253,-1.0980104,-2.077022110796296,5.276150925878549,0.4310770124492418
2021-11-01,206.357,11.587409192558413,3.250185518361661,-1.286349,-2.0167169225449,5.266902440906561,0.4301689608296686
2021-11-02,194.614,-0.1448839299298452,3.300410257475096,-1.3072355,-1.9558952415757056,5.256305499050802,0.4291330189127159
2021-11-03,195.086,0.3379121498568231,3.349749492796414,-1.2629948,-1.8945895673321276,5.244339060128541,0.4279695616051857
2021-11-04,193.081,-1.6564148087042092,3.3981500914678504,-1.5573112,-1.832832626573284,5.230982718041135,0.4266790014798774
2021-11-05,200.171,5.444646921563674,3.4455593862039997,-1.6217355,-1.770657349384111,5.216216735588111,0.4252617887474784
2021-11-06,201.498,6.782674306205308,3.491925233607776,-1.6849015,-1.7080968449226812,5.200022078530457,0.4237184112171088
2021-11-07,197.466,2.7615324084173736,3.5371960719308144,-1.6380866,-1.6451843769272412,5.182380448858056,0.4220493942452895
2021-11-08,199.37,4.67630987847692,3.5813209782112314,-1.5615902,-1.581953339005706,5.1632743172169375,0.4202553006731094
2021-11-09,197.363,2.6799567439212346,3.624249724722567,-1.9714607,-1.5184372297307838,5.142686954453351,0.4183367307513881
2021-11-10,196.868,2.195469270683408,3.665932834668687,-1.9508436,-1.454669627564187,5.120602462232874,0.4162943220536049
2021-11-11,192.458,-2.204103147051324,3.706321637060228,-1.9783411,-1.3906841656337297,5.097005802693958,0.4141287493764119
2021-11-12,194.401,-0.2506812563758238,3.745368320709258,-1.9985365,-1.3265145063873265,5.071882827096585,0.4118407246275136
2021-11-13,194.91,0.2686479993854043,3.7830259872800607,-1.9482425,-1.262194316148212,5.045220303428272,0.4094309967007412
2021-11-14,193.903,-0.7277809092326581,3.819248703334882,-1.9387282,-1.1977572395958636,5.017005942930745,0.4069003513381201
2021-11-15,195.752,1.131776768495465,3.853991551314981,-1.9549152,-1.1332368741973702,4.987228425512351,0.404249610978774
2021-11-16,201.59,6.980100831026599,3.8872106793984735,-1.93457,-1.068666744614114,4.955877424012589,0.4014796345944846
2021-11-17,197.529,2.9290175138849417,3.918863350177957,-1.8644753,-1.0040802771087665,4.922943627286723,0.3985913175117539
2021-11-18,196.612,2.0218014291774797,3.948907988102319,-1.8206606,-0.9395107739777548,4.888418762080073,0.3955855912202222
2021-11-19,204.498,9.917398768938687,3.977304225628677,-1.8762399,-0.8749913880344199,4.852295613663096,0.3924634231672956
2021-11-20,197.298,2.7269287448273776,4.004012948031977,-1.8100857,-0.8105550971681091,4.814568045200086,0.3892258165388602
2021-11-21,193.848,-0.7137530219558386,4.028996336821441,-1.7623802,-0.7462346790045592,4.775231015826001,0.385873810025952
2021-11-22,198.024,3.471802326597926,4.052217911714805,-1.7138878,-0.6820626856928468,4.734280597407651,0.3824084775772842
2021-11-23,200.218,5.675242112275793,4.0736425711228925,-1.7065108,-0.6180714188441949,4.691713989967088,0.3788309281375242
2021-11-24,197.899,3.365514198122666,4.093236631099223,-1.6513778,-0.5542929046478879,4.647529535747111,0.3751423053712308
2021-11-25,194.258,-0.2664183256666419,4.110967862710828,-1.6449246,-0.4907588691894025,4.60172673190023,0.3713437873723822
2021-11-26,194.297,-0.2183805043211304,4.126805527788733,-1.6464311,-0.4275007139958404,4.554306241784573,0.3674365863594204
2021-11-27,193.521,-0.9853979585730368,4.140720413018314,-1.6218606,-0.3645494918335158,4.505269904851829,0.3634219483557591
2021-11-28,195.655,1.1579197462174058,4.152684862331855,-1.6189172,-0.3019358827824566,4.454620745114311,0.3593011528557182
2021-11-29,196.638,2.1507542410837868,4.162672807567703,-1.5668861,-0.2396901706123421,4.4023629781800455,0.3550755124758466
2021-11-30,196.896,2.418352360525496,4.17065979736252,-1.532918,-0.1778422194842033,4.348502016846723,0.3507463725916195
2021-12-01,195.537,1.06883165808693,4.176623024245181,-1.5049645,-0.1164214510019187,4.2930444752471,0.3463151109595094
2021-12-02,193.953,-0.5057350487513741,4.180541349903275,-1.4483601,-0.0554568216373156,4.235998171540591,0.341783137324424
2021-12-03,192.946,-1.5033695909452156,4.182395328595154,-1.3821683,0.0050231994476495,4.177372129147504,0.3371518930125501
2021-12-04,192.718,-1.7221009303150296,4.182167228682786,-1.3303955,0.064990652158529,4.117176576524257,0.332422850509619
2021-12-05,195.083,0.6522517596803858,4.179841052263074,-1.2772797,0.1244181067829755,4.055422945480098,0.3275975130246549
2021-12-06,192.803,-1.6183765455213663,4.175402552877405,-1.2746944,0.1832786848399863,3.9921238680374183,0.3226774140392525
2021-12-07,201.66600000000005,7.254005072914227,4.168839251281625,-1.3127465,0.2415460794417603,3.9272931718398647,0.3176641168424695
2021-12-08,200.984,6.581108764335397,4.1601404492609575,-1.3147213,0.2991945751466143,3.860945874114343,0.312559214051411
2021-12-09,202.66600000000005,8.27208961052618,4.149297241476795,-1.3983933,0.3561990672819062,3.793098174194888,0.3073643271176099
2021-12-10,198.797,4.411778321931937,4.136302525334452,-1.4091907,0.4125350807163984,3.7237674446180535,0.3020811058193184
2021-12-11,202.754,8.377133970757644,4.121151008863652,-1.5600576,0.4681787880618909,3.6529722208017614,0.2967112277398345
2021-12-12,191.742,-2.626709136040452,4.1038392166057065,-2.1267502,0.5231070272846621,3.5807321893210444,0.2912563977320062
2021-12-13,193.207,-1.153551014101657,4.084365493503698,-2.8560467,0.5772973187077189,3.5070681747959798,0.2857183473690676
2021-12-14,199.837,5.484877810302072,4.0627300067945775,-3.22768,0.6307278813854392,3.4320021254091384,0.2800988343819754
2021-12-15,195.37,1.026103894761908,4.038934745904295,-3.5491312,0.6833776488327985,3.3555570970714967,0.2743996420834246
2021-12-16,196.411,2.0753877633673543,4.0129835203494935,-3.856803,0.7352262840920661,3.277757236257427,0.2686225787787438
2021-12-17,193.187,-1.1404987647846865,3.984881955651808,-3.812926,0.7862541941203877,3.19862776153142,0.26276947716387
2021-12-18,193.936,-0.3832390035262616,3.954637487272989,-3.811612,0.8364425434824497,3.1181949437905394,0.2568421937106331
2021-12-19,198.282,3.971065599858301,3.9222593525815737,-3.849619,0.8857732673330287,3.036486085248545,0.250842608039579
2021-12-20,196.894,2.591062970063094,3.887758580864128,-3.853901,0.9342290836749776,2.9535294971891504,0.2447726222805802
2021-12-21,190.327,-3.9682468389088736,3.8511479813963447,-3.8402216,0.98179350487891,2.869354476517435,0.2386341604214953
2021-12-22,196.934,2.646546807233697,3.812442129591674,-4.005627,1.0284508484516115,2.7839912811400627,0.2324291676451511
2021-12-23,199.471,5.191140996268494,3.7716573512474056,-4.5720897,1.0741862470408747,2.6974711042065307,0.2261596096549262
2021-12-24,199.21,4.937380395273509,3.7288117049103167,-4.9045324,1.1189856576653818,2.609826047244935,0.2198274719892484
2021-12-25,200.536,6.270097960313077,3.683924962386308,-5.2548265,1.1628358701589,2.521089092227408,0.2134347593252977
2021-12-26,195.091,0.8313616038033658,3.637018587420605,-5.5459385,1.2057245148189235,2.4312940726016814,0.2069834947722499
2021-12-27,197.462,3.208462227134005,3.5881157125771583,-5.8864584,1.2476400692507346,2.340475643326424,0.2004757191543918
2021-12-28,200.689,6.44116725670273,3.5372411143482227,-5.930507,1.2885718643986126,2.24866924994961,0.1939134902844434
2021-12-29,200.474,6.231546544065404,3.4844211865268515,-6.0571256,1.3285100897568394,2.155911096770012,0.1872988822274587
2021-12-30,194.961,0.7237083167389713,3.429683911877379,-6.0618043,1.3674457977539196,2.06223811412346,0.1806339845556557
2021-12-31,201.935,7.702764467743723,3.373058832140767,-6.1161137,1.40537090730437,1.967687924836397,0.1739209015945627
2022-01-01,198.94,4.7126262721276575,3.3145770164135864,-6.109751,1.4422782065232351,1.8722988098903512,0.1671617516608622
2022-01-02,194.729,0.506109591241513,3.2542710279415656,-6.0785823,1.478161354599398,1.7761096733421675,0.1603586662923329
2022-01-03,183.974,-10.244325274347768,3.192174889370103,-6.542153,1.5130148828246313,1.6791600065454717,0.153513789470292
2022-01-04,190.985,-3.2287291392582222,3.1283240464962145,-6.8992696,1.5468341947761997,1.5814898517200149,0.1466292768349549
2022-01-05,190.173,-4.036323412866093,3.062755330567968,-7.038474,1.5796155656517437,1.483139764916224,0.1397072948941379
2022-01-06,189.628,-4.577107165185291,2.995506919179112,-7.1244826,1.6113561407560837,1.384150778423028,0.1327500202257283
2022-01-07,199.531,5.330251952346092,2.9266182958083684,-7.358967,1.6420539331403914,1.284564362667977,0.125759638674373
2022-01-08,195.367,1.169949385619832,2.856130208054147,-7.285967,1.6717078203952034,1.1844223876589437,0.1187383445428212
2022-01-09,188.468,-5.725616726914442,2.7840846246171376,-7.223316,1.7003175405995723,1.0837670840175653,0.1116883397783837
2022-01-10,192.222,-1.9683741863390392,2.7105246910845486,-7.1542645,1.7278836874295422,0.9826410036550064,0.104611833154967
2022-01-11,187.224,-6.963322093288058,2.6354946845711105,-7.1058955,1.7544077044300936,0.8810869801410168,0.0975110394511467
2022-01-12,190.712,-3.4721281298197244,2.559039967273224,-7.049975,1.7798918784555475,0.7791480888176765,0.0903881786247554
2022-01-13,186.525,-7.656131970353039,2.481206938993901,-7.0010676,1.8043393322843253,0.6768676067095756,0.083245474984465
2022-01-14,190.438,-3.740332665080136,2.402042988697175,-6.937585,1.8277540164148705,0.5742889722823046,0.0760851563588392
2022-01-15,189.09,-5.085729264193029,2.3215964451518216,-6.8655086,1.850140700050379,0.4714557451014429,0.0689094532633527
2022-01-16,192.371,-1.802320817883869,2.2399165267250973,-6.7975993,1.8715049612809,0.3684115654441973,0.0617205980658579
2022-01-17,188.043,-6.1277575227720185,2.157053290388203,-6.731587,1.891853176472246,0.2652001139159572,0.0545208241510011
2022-01-18,190.873,-3.295243175647327,2.0730575799960147,-6.6613927,1.9111925088719397,0.1618650711240752,0.0473123650840806
2022-01-19,189.646,-4.519907219616163,1.987980973904183,-6.5968847,1.9295308964433708,0.0584500774608121,0.0400974537748489
2022-01-20,189.666,-4.497776934154128,1.901875731987755,-6.5850015,1.9468770389401115,-0.0450013069523564,0.0328783216417573
2022-01-21,184.697,-9.464851288765566,1.814794742125544,-6.524068,1.9632403842332136,-0.1484456421076698,0.0256571977771481
2022-01-22,180.989,-13.171129252954898,1.72679146621554,-6.4397182,1.9786311139050767,-0.2518396476895366,0.0184363081138957
2022-01-23,189.996,-4.1625858413452335,1.6379198857866022,-6.357922,1.9930601281243217,-0.3551402423377197,0.0112178745940024
2022-01-24,194.982,0.8249170889722919,1.5482344472723557,-6.2861047,2.006539029816917,-0.4583045825445608,0.0040041143396497
2022-01-25,191.408,-2.747796673469038,1.4577900070132672,-6.202557,2.0190801081494727,-0.5612901011362055,-0.0032027611727882
2022-01-26,191.321,-2.833715321231166,1.366641776053255,-6.107718,2.030696321341525,-0.6640545452882702,-0.0104005469352728
2022-01-27,186.441,-7.712837797193623,1.274845264797022,-6.008086,2.0414012788242686,-0.7665560140272467,-0.0175870452266615
2022-01-28,185.865,-8.288163044235871,1.182456227594647,-5.916599,2.051209222763945,-0.868752995169298,-0.024760066426817
2022-01-29,190.391,-3.7616900052374938,1.0895306073196365,-5.82993,2.060135008968823,-0.9706044016491864,-0.0319174298257553
2022-01-30,191.469,-2.6834176230779168,0.99612448000657,-5.7722707,2.068194087199412,-1.0720696071928413,-0.0390569644273485
2022-01-31,191.685,-2.467344840636656,0.9022939996144116,-5.765498,2.075402480902092,-1.1731084812876804,-0.0461765097470949
2022-02-01,190.258,-3.894470600793218,0.8080953429809367,-5.704123,2.081776766387221,-1.273681423406284,-0.0532739166034698
2022-02-02,192.568,-1.5847938464271358,0.7135846550336499,-5.673074,2.087334051473137,-1.3737493964394871,-0.0603470479023749
2022-02-03,191.376,-2.7773135204178505,0.6188179943218516,-5.648661,2.092091953618302,-1.4732739592964506,-0.067393779414221
2022-02-04,189.199,-4.955028565644843,0.5238512789341888,-5.6180124,2.096068577564255,-1.5722172986300662,-0.0744120005431646
2022-02-05,187.127,-7.027937924987725,0.4287402328651263,-5.553373,2.099282492512722,-1.6705422596475956,-0.0813996150880457
2022-02-06,187.341,-6.815040541325866,0.333540332893374,-5.467995,2.101752708860633,-1.7682123759672592,-0.0883545419945638
2022-02-07,189.154,-5.003335357538859,0.2383067560342709,-5.39718,2.1034986545174386,-1.865191898483168,-0.0952747160982479
2022-02-08,188.482,-5.67682131650616,0.1430943276273943,-5.327115,2.104540150829465,-1.961445823202071,-0.1021580888577777
2022-02-09,185.595,-8.565497361107278,0.0479574701196997,-5.2665277,2.104897388136634,-2.0569399180169348,-0.1090026290782224
2022-02-10,187.084,-7.078362434221706,-0.0470498473965321,-5.2011395,2.1045909009871995,-2.1516407483837314,-0.1158063236237732
2022-02-11,186.456,-7.708415478728947,-0.1418741588326504,-5.120926,2.10364154303656,-2.24551570186921,-0.1225671781195519
2022-02-12,188.443,-5.723655437508521,-0.2364625498825683,-5.0269833,2.1020704616566936,-2.338533011539262,-0.1292832176420933
2022-02-13,188.709,-5.45987437353358,-0.3307627058757036,-4.93169,2.099899072282936,-2.4306617781586395,-0.1359524873980963
2022-02-14,190.872,-3.29928382450442,-0.4247229586493968,-4.8885508,2.097149032525268,-2.521871991174665,-0.142573053391065
2022-02-15,190.926,-3.247858306869137,-0.5182923323877076,-4.864975,2.09384221607152,-2.6121345484592275,-0.1491430030754573
2022-02-16,191.514,-2.662621800857972,-0.6114205883746522,-4.806474,2.090000686410128,-2.701421274784781,-0.1556604459979781
2022-02-17,187.815,-6.364573214150292,-0.704058268611773,-4.7561936,2.085646670400412,-2.7897049390121853,-0.1621235144256613
2022-02-18,187.839,-6.343711454425616,-0.7961567382510869,-4.6785264,2.0808025317183607,-2.8769592699694475,-0.1685303639603967
2022-02-19,189.41,-4.776035429363395,-0.8876682267964344,-4.606196,2.0754907442062795,-2.9631589710027137,-0.1748791741395715
2022-02-20,194.513,0.3234559533569374,-0.978545868027662,-4.5701947,2.069733865154665,-3.0482797331823277,-0.1811681490225089
2022-02-21,195.277,1.0837637860559095,-1.0687437386038752,-4.6118712,2.0635545085447924,-3.132298247148668,-0.1873955177623897
2022-02-22,190.707,-3.489767149053149,-1.158216895303716,-4.6625113,2.0569753182806205,-3.2151922135843365,-0.1935595351633718
2022-02-23,192.293,-1.9074935716359975,-1.246921410862578,-4.632339,2.0500189414386565,-3.2969403523012346,-0.1996584822226216
2022-02-24,192.029,-2.1754143367150505,-1.3348144083682838,-4.577905,2.042708001564359,-3.377522409932643,-0.2056906666569896
2022-02-25,188.385,-5.823528299312828,-1.4218540941789377,-4.519305,2.035065072043787,-3.4569191662227245,-0.2116544234140762
2022-02-26,186.406,-7.806834314451759,-1.5079997893284045,-4.459851,2.0271126495790077,-3.535112438907412,-0.2175481151674476
2022-02-27,187.741,-6.476331237154264,-1.5932119593869958,-4.4599524,2.018873127795773,-3.612085087182769,-0.2233701327957758
2022-02-28,183.89,-10.33201792244283,-1.6774522427468384,-4.5021453,2.010368771011863,-3.687821013758701,-0.2291188958456881
2022-03-01,191.391,-2.835893225339854,-1.7606834773037086,-4.500548,2.0016216881943545,-3.762305165498063,-0.2347928529781285
2022-03-02,188.502,-5.729956000867869,-1.842869725508832,-4.4731874,1.9926538071338225,-3.835523532642654,-0.2403904823980484
2022-03-03,185.755,-8.482205104049294,-1.9239762977667347,-4.5334306,1.9834868488634363,-3.907463146630171,-0.245910292267258
2022-03-04,190.037,-4.205639389906548,-2.003969774157009,-4.5268826,1.9741423023505296,-3.9781120765075375,-0.2513508211002798
2022-03-05,197.628,3.3797422865378657,-2.082818024460224,-4.5677066,1.9646413994880088,-4.047459423948233,-0.2567106381430716
2022-03-06,190.916,-3.33860096900842,-2.1604902264703987,-4.501664,1.955005090412732,-4.1154953168831305,-0.2619883437344869
2022-03-07,188.877,-5.384117240133142,-2.236956882578679,-4.4268074,1.9452540191775731,-4.182210901756252,-0.2671825696503702
2022-03-08,193.179,-1.088805463888594,-2.3121898346150016,-4.358656,1.935408499803592,-4.247598334418594,-0.272291979430188
2022-03-09,195.364,1.089335422672793,-2.386162276936953,-4.322852,1.925488492738348,-4.3116507696753015,-0.2773152686861178
2022-03-10,195.136,0.8542259729470345,-2.458848767757131,-4.2594256,1.9155135817459208,-4.374362349503052,-0.282251165394533
2022-03-11,190.148,-4.141061134819317,-2.530225238702723,-4.187451,1.9055029512539077,-4.435728189956631,-0.2870984301698316
2022-03-12,190.679,-3.617518325349593,-2.6002690026031905,-4.126206,1.8954753641819928,-4.495744366785183,-0.2918558565205761
2022-03-13,191.139,-3.1651445486115186,-2.668958759504221,-4.246677,1.8854491402764184,-4.554407899780639,-0.296522271087929
2022-03-14,191.331,-2.980938754573149,-2.7362746009085943,-4.1848025,1.875442134973953,-4.611716735882547,-0.3010965338663761
2022-03-15,191.566,-2.753899893202318,-2.802198012246547,-4.414091,1.8654717188186103,-4.667669731065158,-0.3055775384067513
2022-03-16,193.124,-1.2040269144668976,-2.8667118735807318,-4.3443866,1.855554757453587,-4.722266631034318,-0.3099642120015897
2022-03-17,189.051,-5.285318768334864,-2.9298004585531143,-4.2968717,1.845707592210524,-4.775508050763638,-0.3142555158528518
2022-03-18,193.698,-0.6467744047740513,-2.9914494315832525,-4.2302985,1.835946021317344,-4.827395452900596,-0.3184504452220704
2022-03-19,193.921,-0.4323927737523974,-3.0516458433298057,-4.3080893,1.8262852817454585,-4.877931125075264,-0.3225480295629949
2022-03-20,194.919,0.5568271747621729,-3.1103781244292072,-4.2527866,1.816740031716371,-4.927118156145578,-0.3265473326368205
2022-03-21,193.229,-1.1421448507253285,-3.167636077527656,-4.226613,1.8073243338870104,-4.974960411414667,-0.3304474526100946
2022-03-22,191.376,-3.004277310327657,-3.2234108676248674,-4.202247,1.798051639232502,-5.021462506857369,-0.3342475221354217
2022-03-23,187.694,-6.695569158653894,-3.2776950107499885,-4.1399384,1.7889347716442343,-5.066629782394223,-0.3379467084150901
2022-03-24,194.487,0.0879806496867292,-3.3304823609922525,-4.0386753,1.7799859132604257,-5.110468274252678,-0.3415442132477624
2022-03-25,192.543,-1.865626839914956,-3.381768095911247,-3.926174,1.7712165905455683,-5.152984686456815,-0.3450392730583886
2022-03-26,191.203,-3.215390582068057,-3.4315487003532685,-3.8203816,1.7626376611343566,-5.194186361487625,-0.3484311589115047
2022-03-27,196.338,1.9096904686182192,-3.4798219487027464,-3.732,1.754259301454894,-5.23408125015764,-0.3517191765081002
2022-03-28,190.698,-3.740476127374652,-3.5265868855993587,-3.7785525,1.7460909951451655,-5.272677880744524,-0.354902666166253
2022-03-29,194.278,-0.1707983800972368,-3.5718438051534758,-3.7394488,1.7381415222758654,-5.309985327429341,-0.3579810027857291
2022-03-30,194.029,-0.4302752580026521,-3.6155942286945937,-3.7079966,1.730418949391931,-5.346013178086524,-0.360953595796776
2022-03-31,193.786,-0.6839057295438664,-3.657840881089021,-3.6386669,1.7229306203841428,-5.380771501473164,-0.3638198890933322
2022-04-01,193.738,-0.7426887631739554,-3.698587665665094,-3.5535724,1.7156831482012909,-5.414270813866385,-0.366579360950901
2022-04-02,191.54,-2.951623327345958,-3.737839637785811,-3.4832723,1.7086824074126314,-5.446522045198442,-0.3692315239293381
2022-04-03,192.723,-1.7797083905128837,-3.7756029771105193,-3.4276943,1.7019335276293004,-5.47753650473982,-0.3717759247608212
2022-04-04,204.168,9.65405707887215,-3.811884958588912,-3.6558974,1.6954408877924934,-5.507325846381405,-0.3742121442232705
2022-04-05,195.698,1.1726227091867385,-3.8466939222321135,-3.649991,1.6892081113353603,-5.535902033567475,-0.3765397969995145
2022-04-06,189.108,-5.429032711124899,-3.880039241707333,-3.575525,1.683238062224525,-5.563277303931858,-0.3787585315224848
2022-04-07,192.062,-2.4868365716080323,-3.9119312918037297,-3.485595,1.6775328418862825,-5.589464133690012,-0.3808680298067541
2022-04-08,192.295,-2.2657878593253624,-3.942381414818783,-3.4253023,1.6720937870215404,-5.614475201840324,-0.3828680072667265
2022-04-09,195.402,0.8291144386605058,-3.971401885915722,-3.3647356,1.6669214683126268,-5.638323354228349,-0.3847582125217993
2022-04-10,199.836,5.250757225479637,-3.999005877503701,-3.3504176,1.6620156900241656,-5.661021567527866,-0.386538427188833
2022-04-11,203.483,8.885002503886163,-4.025207422693854,-3.6416302,1.6573754904992295,-5.682582913193084,-0.3882084656622619
2022-04-12,198.292,3.680769858300273,-4.050021377885173,-3.7336838,1.6529991435509863,-5.70302052143616,-0.3897681748821928
2022-04-13,200.386,5.761151917479953,-4.073463384535555,-3.8915412,1.648884160749234,-5.722347545284789,-0.3912174340908454
2022-04-14,196.676,2.0373594368024985,-4.095549830173992,-4.1945558,1.645027294600075,-5.740577124774067,-0.3925561545776913
2022-04-15,195.787,1.134068106228419,-4.11629780871113,-4.1727157,1.6414245426161531,-5.757722351327284,-0.3937842794136555
2022-04-16,191.173,-3.494388086232485,-4.135725080105971,-4.5515475,1.6380711522739209,-5.773796232379891,-0.3949017831747543
2022-04-17,191.104,-3.577988442962509,-4.153850029447422,-4.4775157,1.6349616268533247,-5.788811656300746,-0.3959086716555429
2022-04-18,194.413,-0.2837321530384553,-4.17069162551001,-4.490854,1.6320897321545234,-5.802781357664533,-0.3968049815727514
2022-04-19,190.985,-3.726618405537304,-4.186269378843759,-4.710105,1.6294485040851934,-5.815717882928952,-0.3975907802594992
2022-04-20,192.854,-1.8726463895358856,-4.200603299458575,-4.800744,1.6270302571110518,-5.827633556569627,-0.3982661653504694
2022-04-21,192.521,-2.220815294111098,-4.213713854164221,-5.0661135,1.6248265935613613,-5.838540447725583,-0.3988312644584392
2022-04-22,190.111,-4.646124308339838,-4.225621923627045,-5.0653334,1.6228284137802014,-5.848450337407247,-0.3992862348425611
2022-04-23,187.217,-7.555572621299014,-4.23634875920505,-5.002582,1.6210259271133716,-5.857374686318422,-0.3996312630687868
2022-04-24,190.006,-4.782159422065481,-4.245915939623206,-4.8972263,1.619408663719989,-5.865324603343195,-0.3998665646628403
2022-04-25,189.079,-5.724883899716163,-4.254345327550711,-4.807925,1.6179654871967837,-5.872310814747495,-0.399992383756133
2022-04-26,187.431,-7.388745243327975,-4.2616590261424,-4.738284,1.6166846080024286,-5.878343634144828,-0.4000089927250261
2022-04-27,186.772,-8.063742641977743,-4.267879335606085,-4.6260815,1.6155535976681863,-5.883432933274271,-0.3999166918238427
2022-04-28,193.982,-0.8698752847423545,-4.273028709857637,-4.622943,1.6145594037804143,-5.887588113638051,-0.3997158088120272
2022-04-29,195.96,1.0918576393012245,-4.277129713325558,-4.5408354,1.613688365719628,-5.890818079045186,-0.399406698575859
2022-04-30,188.872,-6.0127304209132735,-4.280204977966285,-4.5815268,1.61292623113997,-5.893131209106255,-0.3989897427451143
2022-05-01,193.444,-1.4574563838317385,-4.282277160551269,-4.5236917,1.612258173172129,-5.894535333723398,-0.3984653493050851
2022-05-02,194.007,-0.9111116652098304,-4.283368900286366,-4.587374,1.6116688083320356,-5.895037708618402,-0.3978339522043398
2022-05-03,193.045,-1.8896966042585763,-4.28350277682373,-4.5377755,1.611142215116831,-5.894644991940561,-0.3970960109586328
2022-05-04,192.275,-2.6760103065831,-4.282701268725468,-4.4348445,1.6106619532688444,-5.893363221994313,-0.3962520102513501
2022-05-05,187.803,-7.164279577568017,-4.280986712438025,-4.494307,1.6102110836876984,-5.891197796125724,-0.3953024595308793
2022-05-06,193.131,-1.85258290466488,-4.278381261835312,-4.6092167,1.60977218896983,-5.888153450805142,-0.3942478926052943
2022-05-07,193.481,-1.5188704557625226,-4.274906848387818,-4.714851,1.6093273945541238,-5.884234242941942,-0.3930888672347324
2022-05-08,195.87,0.8537728282958117,-4.270585142014043,-4.810299,1.608858390451644,-5.879443532465687,-0.391825964721848
2022-05-09,192.531,-2.501682588007453,-4.265437512669687,-4.859709,1.6083464535368448,-5.873783966206531,-0.3904597895007063
2022-05-10,187.927,-7.122229039200361,-4.259484992728891,-4.855594,1.6077724703770135,-5.867257463105904,-0.3889909687244993
2022-05-11,190.784,-4.281677685052257,-4.252748240210777,-4.770625,1.6071169605761302,-5.859865200786907,-0.3874201518524292
2022-05-12,191.294,-3.788132234910975,-4.245247502903422,-4.7486615,1.6063601006087296,-5.851607603512152,-0.3857480102361329
2022-05-13,183.62,-11.478589529582916,-4.237002583435952,-4.722535,1.6054817481188708,-5.842484331554823,-0.3839752367059866
2022-05-14,187.545,-7.569773282568033,-4.228032805348376,-4.7008195,1.6044614666587564,-5.832494272007133,-0.3821025451576412
2022-05-15,187.703,-7.4278994950613715,-4.218356980207216,-4.5917,1.603278550841083,-5.821635531048299,-0.3801306701391184
2022-05-16,186.899,-8.247879792378319,-4.207993375813679,-4.4923677,1.6019120518787835,-5.809905427692462,-0.3780603664388082
2022-05-17,185.296,-9.866764633917242,-4.196959685549451,-4.3660965,1.6003408034853115,-5.797300489034762,-0.3758924086746767
2022-05-18,190.743,-4.4355298184225695,-4.185272998903887,-4.2770653,1.5985434481083214,-5.783816447012208,-0.3736275908850114
2022-05-19,181.777,-13.417132851864435,-4.172949773224451,-4.210482,1.5964984634691344,-5.769448236693585,-0.3712667261210001
2022-05-20,191.462,-3.7476707250825054,-4.160005806730846,-4.1249886,1.5941841893801183,-5.754189996110964,-0.3688106460414466
2022-05-21,190.472,-4.753239264720786,-4.1464562128314215,-4.0245576,1.5915788548117211,-5.738035067643143,-0.3662602005099111
2022-05-22,188.368,-6.872825803098758,-4.132315395778592,-3.9118848,1.588660605180719,-5.720976000959311,-0.3636162571945545
2022-05-23,192.494,-2.762167395957867,-4.11759702769848,-3.8209898,1.585407529830864,-5.703004557529344,-0.3608797011709568
2022-05-24,191.293,-3.978395743471952,-4.102314027027643,-3.7552588,1.5817976896769843,-5.684111716704628,-0.3580514345281704
2022-05-25,194.626,-0.6604889344712763,-4.086478538388354,-3.6748998,1.5778091449834064,-5.664287683371761,-0.3551323759782657
2022-05-26,196.146,0.8444014034954961,-4.070101913931557,-3.5795107,1.5734199832473277,-5.643521897178885,-0.3521234604695994
2022-05-27,192.275,-3.041723425196688,-4.053194696174749,-3.5366168,1.5686083471577297,-5.621803043332479,-0.3490256388040478
2022-05-28,195.241,-0.0907447032569166,-4.035766602360115,-3.6265438,1.5633524626002484,-5.599119064960364,-0.3458398772584189
2022-05-29,200.692,5.345224651342049,-4.017826510355977,-3.6942894,1.557630666678448,-5.5754571770344254,-0.3425671572102581
2022-05-30,198.305,2.942289357756525,-3.999382446122715,-3.6622672,1.5514214357218,-5.550803881844516,-0.3392084747682469
2022-05-31,192.805,-2.5738886896936286,-3.980441572761974,-3.5711489,1.5447034132507091,-5.525144986012683,-0.3357648404073813
2022-06-01,195.313,-0.0818715420176303,-3.961010181166107,-3.4661639,1.5374554378690528,-5.49846561903516,-0.3322372786091123
2022-06-02,198.057,2.646177771044872,-3.941093682282272,-3.3690875,1.5296565710545358,-5.470750253336807,-0.3286268275066123
2022-06-03,192.845,-2.581931271071344,-3.920696601003763,-3.2972994,1.5212861248175278,-5.4419827258212905,-0.3249345385353286
2022-06-04,193.138,-2.304725481519544,-3.899822571698645,-3.358882,1.5123236891989194,-5.412146260897565,-0.3211614760889643
2022-06-05,193.326,-2.132378806759567,-3.878474335383745,-3.6380205,1.5027491595778597,-5.3812234949616045,-0.3173087171810235
2022-06-06,186.318,-9.155808399147572,-3.85665373854966,-3.5774863,1.492542763760348,-5.349196502310008,-0.3133773511120444
2022-06-07,194.408,-1.0810255235101085,-3.834361733640293,-3.473236,1.481685088819872,-5.316046822460166,-0.3093684791426297
2022-06-08,193.611,-1.893179257030312,-3.8115983811881153,-3.4027967,1.4701571076614943,-5.28175548884961,-0.3052832141723778
2022-06-09,196.799,1.2797380446815243,-3.7883628536040974,-3.2825103,1.4579402052811874,-5.246303058885285,-0.3011226804248007
2022-06-10,200.207,4.672689849211192,-3.7646534406190586,-3.2123141,1.4450162046923396,-5.209669645311398,-0.296888013138309
2022-06-11,192.634,-2.915496372849692,-3.74046755637076,-3.2032385,1.4313673924918258,-5.171834948862585,-0.2925803582633299
2022-06-12,192.978,-2.586515033265263,-3.71580174812905,-3.4883542,1.41697654403835,-5.1327782921674,-0.2882008721656127
2022-06-13,193.314,-2.265412548185424,-3.690651706648862,-3.4578233,1.4018269482161303,-5.092478654864992,-0.2837507213357688
2022-06-14,192.787,-2.8072026866094184,-3.665012278138892,-3.4053726,1.3859024317574815,-5.050914709896373,-0.2792310821050747
2022-06-15,196.315,0.7060931004885127,-3.638877477831292,-3.3159928,1.3691873830981829,-5.008064860929474,-0.2746431403675692
2022-06-16,186.114,-9.510262734231452,-3.6122405051357793,-3.2226906,1.3516667757401488,-4.963907280875928,-0.2699880913084436
2022-06-17,193.996,-1.6433410144671097,-3.585093760359134,-3.2134867,1.333326191096262,-4.918419951455396,-0.265267139138737
2022-06-18,187.981,-7.673307497188581,-3.557428862969083,-3.2074096,1.314151840792816,-4.871580703761899,-0.2604814968363221
2022-06-19,191.967,-3.7019285447467913,-3.529236671379302,-3.1305509,1.2941305884056564,-4.823367259784958,-0.2556323858931594
2022-06-20,194.878,-0.8053018488619657,-3.500507304230207,-3.0288317,1.2732499706064575,-4.773757274836665,-0.2507210360687927
2022-06-21,193.007,-2.6905501035860238,-3.4712301631381366,-2.9212136,1.251498217696421,-4.722728380834557,-0.2457486851500408
2022-06-22,192.929,-2.7825770780776846,-3.441393956883472,-2.8191037,1.228864273505134,-4.670258230388606,-0.2407165787168419
2022-06-23,194.529,-1.1962615759650603,-3.4109867270061365,-2.7159362,1.2053378146330316,-4.616324541639168,-0.2356259699141775
2022-06-24,198.262,2.523190944360344,-3.379995874775182,-2.6010766,1.1809092690165763,-4.560905143791759,-0.2304781192300197
2022-06-25,197.408,1.655437489923841,-3.3484081894969044,-2.485423,1.155569833795948,-4.503978023292852,-0.2252742942792101
2022-06-26,200.898,5.131717281575934,-3.3162098781243,-2.3715534,1.1293114924657066,-4.445521370590007,-0.22001576959319
2022-06-27,188.048,-7.731913617695838,-3.2833865961287416,-2.2447202,1.1021270312897038,-4.385513627418446,-0.2147038264154781
2022-06-28,196.032,0.2387749413908153,-3.2499234795929817,-2.131324,1.074010054962216,-4.323933534555198,-0.2093397525027921
2022-06-29,193.746,-2.060517399472893,-3.215805178482678,-2.0590105,1.0449550014979416,-4.26076017998062,-0.2039248419316984
2022-06-30,201.681,5.861357348671712,-3.181015891052268,-1.9717847,1.0149571563345423,-4.19597304738681,-0.198460394910666
2022-07-01,199.138,3.304784792955616,-3.1455393993390914,-1.8863928,0.9840126656319094,-4.1295520649710005,-0.1929477175973954
2022-07-02,193.175,-2.6723702234259523,-3.109359105698125,-1.813894,0.95211854875333,-4.061477654451455,-0.187388121921281
2022-07-03,196.244,0.3827231290956323,-3.072458070328396,-1.7611048,0.9192727099145755,-3.991730780242972,-0.1817829254108605
2022-07-04,196.935,1.058990050425665,-3.0348190497402947,-1.7401291,0.8854739489875971,-3.920292998727892,-0.176133451026104
2022-07-05,203.751,7.860205652349311,-2.9964245361119803,-1.726767,0.8507219714466042,-3.847146507558584,-0.1704410269953748
2022-07-06,200.659,4.753606263710067,-2.9572567974815023,-1.6661687,0.8150173974449834,-3.7722741949264855,-0.1647069866568991
2022-07-07,192.815,-3.104741332529347,-2.9172979187200503,-1.6008803,0.7783617700124861,-3.695659688732536,-0.158932668304573
2022-07-08,195.902,-0.0316482527583836,-2.8765298432306112,-1.5159858,0.7407575623629697,-3.617287405593581,-0.1531194150379288
2022-07-09,196.978,1.0306997132587128,-2.83493441531509,-1.424369,0.7022081843039026,-3.5371425996189925,-0.1472685746160705
2022-07-10,194.238,-1.7226966552600178,-2.792493423151948,-1.3533697,0.662717987739722,-3.4552114108916694,-0.1413814993153993
2022-07-11,193.612,-2.3618365790966163,-2.749188642325352,-1.2668108,0.6222922712620305,-3.3714809135873827,-0.135459545790929
2022-07-12,203.373,7.386280720966964,-2.7050018798460918,-1.1761615,0.5809372838206164,-3.285939163666708,-0.1295040749409905
2022-07-13,203.983,7.983591776845616,-2.659915018603392,-1.086274,0.5386602274701071,-3.1985752460734997,-0.1235164517751316
2022-07-14,202.865,6.853084955523224,-2.613910062186336,-1.0055926,0.4954692591880538,-3.109379321374389,-0.1174980452849985
2022-07-15,202.439,6.414058696275944,-2.56696918001256,-0.9394466,0.4513734917611627,-3.018342671773722,-0.1114502283179917
2022-07-16,205.824,9.78618623151103,-2.519074752701697,-0.879593,0.4063829937373639,-2.9254577464390605,-0.1053743774534836
2022-07-17,196.263,0.2119814548745235,-2.470209417629999,-0.80872756,0.3605087884422067,-2.8307182060722056,-0.0992718728813832
2022-07-18,195.327,-0.7369221309330687,-2.420356114602682,-0.7444217,0.31376285205922,-2.734118966661902,-0.0931440982828281
2022-07-19,198.165,2.0879818495349536,-2.369498131579735,-0.674233,0.2661581107746267,-2.635656242354362,-0.0869924407127864
2022-07-20,197.439,1.348709605358856,-2.3176191503908528,-0.5919043,0.2177084369878214,-2.5353275873786743,-0.0808182904843442
2022-07-21,197.98,1.8765385109133224,-2.264703292374938,-0.51301146,0.1684286445899325,-2.4331319369648705,-0.0746230410544561
2022-07-22,203.573,7.456692947004974,-2.2107351638794546,-0.44652593,0.1183344833137512,-2.3290696471932057,-0.0684080889109411
2022-07-23,197.635,1.506073575158256,-2.155699901554827,-0.37931857,0.0674426321591449,-2.223142533713972,-0.062174833460487
2022-07-24,194.181,-1.9614392068879292,-2.099583217379306,-0.32832634,0.0157706918991003,-2.1153539092784066,-0.0559246769174527
2022-07-25,205.048,8.892250723631067,-2.0423714433496536,-0.29396483,-0.0366628233276094,-2.005708620022044,-0.0496590241932318
2022-07-26,198.079,1.909207027601436,-1.984051575773232,-0.24051844,-0.0898384953302521,-1.89421308044298,-0.0433792827859622
2022-07-27,200.173,3.9888009612076423,-1.924611319097568,-0.18116158,-0.1437360120786291,-1.780875307018939,-0.0370868626703522
2022-07-28,203.866,7.667697786664089,-1.8640391292135523,-0.13828865,-0.1983341788055381,-1.665704950408014,-0.0307831761874058
2022-07-29,205.533,9.320668402472204,-1.8023242561691253,-0.10436248,-0.2536109299896524,-1.5487133261794728,-0.0244696379338198
2022-07-30,198.804,2.5780301141992723,-1.7394567862306125,-0.06511048,-0.3095433422084181,-1.429913444022194,-0.0181476646508422
2022-07-31,202.613,6.373676744965422,-1.6754276832298347,-0.027879564,-0.3661076478495713,-1.3093200353802634,-0.0118186751123664
2022-08-01,198.57,2.31777124537491,-1.61022882913535,-0.0045907153,-0.4232792496693173,-1.1869495794660327,-0.0054840900120522
2022-08-02,205.316,9.051313331411334,-1.5438530637873646,-0.062511116,-0.481032736184059,-1.0628203276033057,0.0008546681507395
2022-08-03,199.369,3.0923027190582357,-1.4762942237365146,-0.010710639,-0.5393418978820163,-0.9369523258544984,0.0071961751864107
2022-08-04,201.396,5.107739124299197,-1.407547180127631,0.04269667,-0.5981797442401192,-0.8093674358875117,0.0135390053321859
2022-08-05,199.801,3.50162226311784,-1.3376078755707457,0.06625852,-0.657518521530876,-0.6800893540398697,0.019881731370983
2022-08-06,202.849,6.538951851497645,-1.266473359942534,0.099557765,-0.7173297314030456,-0.5491436285394884,0.0262229247522771
2022-08-07,199.537,3.215967701900229,-1.194141825062622,0.16188377,-0.7775841502193354,-0.4165576748432867,0.0325611557151642
2022-08-08,202.743,6.409974649026125,-1.1206126381904369,0.21847105,-0.8382518491334966,-0.28236078905694,0.0388949934138097
2022-08-09,191.288,-5.056511162873564,-1.045886374289493,0.2625482,-0.8993022148885178,-0.1465841594009752,0.0452230060454632
2022-08-10,193.135,-3.2204507329425898,-0.9699648470074742,0.3035793,-0.9607039713169856,-0.0092608756904885,0.0515437609812228
2022-08-11,195.47,-0.896180144219306,-0.8928511383218986,0.35573027,-1.0224252015239013,0.1295740632020027,0.0578558248997246
2022-08-12,202.715,6.338373114136351,-0.8145496268025304,0.41333926,-1.084433370731718,0.2698837439291875,0.0641577639239236
2022-08-13,200.032,3.645304177817863,-0.7350660144435133,0.46389556,-1.1466953497666164,0.4116293353231031,0.0704481437611289
2022-08-14,196.752,0.3554211969225509,-0.6544073520195451,0.511224,-1.209177439164545,0.5547700871449995,0.0767255298464551
2022-08-15,198.117,1.710462530488682,-0.5725820629224311,0.53939927,-1.2718453938748604,0.6992633309524293,0.0829884874898351
2022-08-16,194.721,-1.695369329486935,-0.4895999654357931,0.5714995,-1.334664448538961,0.8450644831031678,0.089235582026746
2022-08-17,198.882,2.456365621369285,-0.4054722934077221,0.5977568,-1.3975993433206644,0.9921270499129422,0.0954653789727814
2022-08-18,196.855,0.4204080440390338,-0.3202117152829971,0.61647785,-1.460614350264637,1.14040263498164,0.1016764441822064
2022-08-19,198.28,1.8369603257774385,-0.2338323514583593,0.6666877,-1.5236733001586849,1.2898409487003255,0.1078673440106157
2022-08-20,201.043,4.591384452660384,-0.1463497899263088,0.70545554,-1.586739609875258,1.440389819948949,0.1140366454818188
2022-08-21,195.496,-0.9637436052279788,-0.057781100174999,0.74519414,-1.6497763101670295,1.5919952099920305,0.1201829164590596
2022-08-22,198.098,1.6307115704530482,0.0318551546863131,0.7851181,-1.712746073891137,1.7446012285774504,0.1263047258206736
2022-08-23,197.926,1.4513187294306815,0.1225389076044942,0.81457055,-1.7756112446361447,1.898150152240639,0.1324006436402843
2022-08-24,207.356,10.874039775441329,0.2142485790886419,0.8510767,-1.838333865725477,2.052582444814119,0.138469241371623
2022-08-25,204.148,7.658898146592822,0.3069610705691456,0.8850496,-1.900875709570871,2.2078367801400165,0.1445090920380552
2022-08-26,205.353,8.857227121898237,0.4006517596313633,0.92021126,-1.9631983073488295,2.363850066980193,0.150518770426887
2022-08-27,203.019,6.517093157090677,0.4952944971435479,0.948438,-2.0252629789730863,2.5205574761166343,0.156496853288523
2022-08-28,206.23,9.722592188834572,0.5908616062961746,0.97172415,-2.0870308633355967,2.677892469631771,0.1624419195405234
2022-08-29,201.706,5.193282522218237,0.6873238835677105,1.0092106,-2.1484629487885414,2.835786832356252,0.1683525504766203
2022-08-30,201.559,5.040847759785677,0.7846506016293239,1.0432914,-2.209520103839456,2.9941707054687794,0.1742273299807342
2022-08-31,202.815,6.2920182219091565,0.8828095141988428,1.0777519,-2.270163108031656,3.1529726222304992,0.1800648447460238
2022-09-01,205.44,8.91279720434353,0.9817668628518434,1.1174455,-2.3303526829817724,3.312119545833616,0.185863684498992
2022-09-02,189.761,-6.770396206070144,1.0814873857952816,1.1652766,-2.390049523546248,3.471536909341529,0.1916224422286788
2022-09-03,191.307,-5.227248166216857,1.1819343286068682,1.2017003,-2.4492143290885764,3.631148657695445,0.197339714420941
2022-09-04,202.274,5.736933615604752,1.2830694569406895,1.2254006,-2.507807834818854,3.790877291759544,0.2030141012978249
2022-09-05,199.189,2.649472275529972,1.3848530711975149,1.2519112,-2.565790843177444,3.950643914374959,0.2086442070620325
2022-09-06,200.977,4.43569398132864,1.4872440231554154,1.2902491,-2.623124255234307,4.110368278389722,0.2142286401464606
2022-09-07,203.574,7.031597025870061,1.5901997345542471,1.3169298,-2.679769102075796,4.269968836630044,0.2197660134687994
2022-09-08,202.28,5.736792855391387,1.6936762176249276,1.3366643,-2.7356865761506173,4.429362793775545,0.2252549446911591
2022-09-09,204.27,7.726639149391042,1.79762809755195,1.3428575,-2.7908380625468547,4.588466160098805,0.2306940564846863
2022-09-10,205.357,8.8141733420013,1.9020086368554825,1.367955,-2.8451851701720368,4.747193807027519,0.2360819767991353
2022-09-11,204.035,7.493393661407474,2.006769761676581,1.398385,-2.898689762808311,4.905459524484892,0.241417339137334
2022-09-12,204.765,8.225259533411558,2.111862089947043,1.4023067,-2.951313990015145,5.063176079962188,0.2466987828344919
2022-09-13,198.167,1.6296906100646478,2.217234961422735,1.4126221,-3.0030203178518824,5.2202552792746175,0.2519249533422835
2022-09-14,207.604,11.06976494952784,2.322836469557138,1.4320989,-3.0537715593930104,5.376608028950149,0.2570945025176338
2022-09-15,206.843,10.312523799777509,2.4286134951893548,1.4644612,-3.1035309050090447,5.5321444001984,0.2622060889161248
2022-09-16,197.799,1.2726697878974669,2.53451174201856,1.4988334,-3.1522619523862754,5.686773694404835,0.2672583780899421
2022-09-17,205.056,8.534029941281432,2.640475773834646,1.5137801,-3.1999287362589497,5.840404510093595,0.272250042890259
2022-09-18,195.817,-0.6999490846860379,2.7464490534724977,1.4382737,-3.246495757827726,5.992944811300223,0.2771797637739666
2022-09-19,205.721,9.20974212245794,2.8523739834552297,1.3134022,-3.2919280138387026,6.144301997293932,0.2820462291146394
2022-09-20,204.429,7.923440455413527,2.958191948289316,1.1890581,-3.336191025297505,6.294382973586821,0.2868481355176221
2022-09-21,202.887,6.387787407761509,3.0638433583727167,1.1386182,-3.379250865793534,6.44309422416625,0.2915841881391217
2022-09-22,198.182,1.6893428582128145,3.169267695474775,1.1623821,-3.421074189409778,6.590341884884554,0.2962531010091812
2022-09-23,202.371,5.885536377841268,3.274403559744625,1.2294856,-3.4616282581939952,6.7360318179386205,0.300853597358396
2022-09-24,198.115,1.63693648200503,3.3791887182030056,1.3052163,-3.500880969167665,6.880069687370671,0.3053844099482479
2022-09-25,198.167,1.6969171542694197,3.483560154670273,1.3744516,-3.538800880849529,7.022361035519802,0.3098442814049074
2022-09-26,208.402,11.940542896009926,3.5874541210814272,1.4303166,-3.575357239270972,7.162811360352399,0.3142319645563583
2022-09-27,209.574,13.12168399849988,3.690806190137428,1.482241,-3.61052000346121,7.301326193598638,0.3185462227726969
2022-09-28,203.139,6.696344688496719,3.7935513092399193,1.524887,-3.644259870380605,7.437811179620525,0.3227858303094436
2022-09-29,201.598,5.165183231162322,3.8956238556549767,1.5447818,-3.6765482992811207,7.572172154936098,0.3269495726537119
2022-09-30,203.621,7.198654626094136,3.996957692849709,1.5770515,-3.7073575354734665,7.704315228323175,0.3310362468730616
2022-10-01,202.72,6.30824579978238,4.09748622794401,1.5960184,-3.736660633481077,7.834146861425086,0.3350446619668749
2022-10-02,203.785,7.3842015135232195,4.197142470218154,1.6318368,-3.7644314795617273,7.961573949779881,0.3389736392200766
2022-10-03,201.785,5.395569593493041,4.29585909061539,1.6678954,-3.79064481357818,8.08650390419357,0.3428220125590225
2022-10-04,200.314,3.9364282787921407,4.393568482177503,1.7024195,-3.815276250199951,8.208844732377454,0.3465886289093753
2022-10-05,198.751,2.3858278117908984,4.490202821349628,1.7401189,-3.838302299418877,8.328505120768506,0.3502723485557884
2022-10-06,199.707,3.3541389619727013,4.585694130089662,1.7915176,-3.859700386361981,8.445394516451643,0.3538720455032018
2022-10-07,201.793,5.4529434362827,4.679974338716187,1.8352662,-3.879448870385625,8.559423209101812,0.3573866078395714
2022-10-08,202.299,5.9721236485970834,4.7729753494278535,1.868972,-3.897527063435877,8.67050241286373,0.3608149380998331
2022-10-09,203.594,7.280772070610393,4.864629100426007,1.9014548,-3.9139152476605066,8.778544348086513,0.3641559536309078
2022-10-10,207.044,10.744653996609667,4.9548676305714325,1.931,-3.928594692258943,8.883462322830376,0.3674085869575585
2022-10-11,207.879,11.594015945517446,5.043623144505268,1.9620117,-3.941547669557142,8.98517081406241,0.370571786148887
2022-10-12,204.945,8.674782020971762,5.1308280781632085,1.9839302,-3.952757470295108,9.083585548458316,0.3736445151852904
2022-10-13,206.193,9.937848555013998,5.216415164611393,1.9962615,-3.9622084181155626,9.178623582726956,0.3766257543256601
2022-10-14,207.726,11.486398821563403,5.300317500131986,2.0351775,-3.969885883243006,9.270203383374993,0.37951450047463
2022-10-15,207.116,10.892317735020804,5.3824686104854615,2.0629678,-3.975776295343202,9.358244905828665,0.3823097675496685
2022-10-16,208.388,12.180753519013471,5.46280251727656,2.0768929,-3.979867155553874,9.442669672830434,0.3850105868478156
2022-10-17,208.232,12.041619814627374,5.541253804350212,2.0989707,-3.982147047678208,9.52340085202842,0.3876160074118533
2022-10-18,205.094,8.920747241077802,5.617757684143532,2.1377523,-3.9826056485334975,9.60036333267703,0.3901250963957162
2022-10-19,202.514,6.358178348731242,5.69225006391977,2.1727571,-3.9812337374480937,9.673483801367864,0.3925369394289288
2022-10-20,206.021,9.882927907225564,5.76466761180997,2.211205,-3.978023204900626,9.742690816710596,0.3948506409798742
2022-10-21,209.645,13.524910694975649,5.834947822587955,2.2223132,-3.972967060296176,9.80791488288413,0.3970653247176865
2022-10-22,212.558,16.45640979942414,5.90302908310448,2.017994,-3.966059438874974,9.869088521979451,0.3991801338725676
2022-10-23,207.086,11.003075216749767,5.968850737306327,1.9867963,-3.957295607749941,9.926146345056267,0.4011942315943262
2022-10-24,205.587,9.5232426516022,6.032353150766518,1.9093798,-3.946671971070162,9.97902512183668,0.4031068013089384
2022-10-25,203.771,7.726908994619981,6.093477774651902,1.886462,-3.934186074308202,10.027663848960104,0.4049170470729329
2022-10-26,206.996,10.971808238414743,6.152167209055006,1.8272904,-3.9198366076700064,10.072003816725012,0.4066241939254038
2022-10-27,205.226,9.222179229834712,6.208365265617369,1.8137875,-3.9036234086268182,10.111988674244188,0.4082274882374527
2022-10-28,212.023,16.039931835733533,6.262017029372143,1.8154551,-3.885547463569399,10.147564492941545,0.4097261980588693
2022-10-29,205.675,9.713034849497785,6.313068919734431,1.8164902,-3.865610908585604,10.178679828320035,0.4111196134618597
2022-10-30,206.725,10.784581471181928,6.361468750568559,1.7907457,-3.843817029363126,10.205285779931684,0.4124070468816276
2022-10-31,207.423,11.504562234272482,6.407165789262289,1.7754927,-3.8201702602200007,10.22733604948229,0.4135878334536284
2022-11-01,210.295,14.398828030849325,6.45011081473889,1.4608699,-3.794676182266208,10.244786997005098,0.4146613313473073
2022-11-02,209.3,13.426560061962066,6.490256174338861,1.3186626,-3.767341520700488,10.25759769503935,0.4156269220961415
2022-11-03,202.156,6.3056464337150615,6.527555839504393,1.2903486,-3.738174141247199,10.265729980751592,0.4164840109238028
2022-11-04,208.27,12.442855999037976,6.5619654602005255,1.1382453,-3.7071830457388257,10.269148505939352,0.4172320270662735
2022-11-05,211.609,15.805091705449358,6.593442418008356,0.6783422,-3.674378366850408,10.267820784858763,0.4178704240897324
2022-11-06,204.371,8.59060224208365,6.621945877826915,0.5538455,-3.6397713619929553,10.26171723981987,0.4183986802040479
2022-11-07,203.041,7.284317929757314,6.647436838121625,0.06649629,-3.603374406373553,10.250811244495178,0.4188162985717074
2022-11-08,197.013,1.28052058511045,6.669878179658781,-0.33373845,-3.565200985230577,10.235079164889358,0.4191228076120216
2022-11-09,206.851,11.143133043127516,6.689234712667052,-0.4926258,-3.525265685253168,10.21450039792022,0.4193177613004429
2022-11-10,204.899,9.21598003051316,6.705473222368373,-0.49066648,-3.48358418519466,10.189057407563032,0.4194007394628414
2022-11-11,202.641,6.983261749953707,6.718562512822595,-0.48244387,-3.44017324569049,10.158735758513084,0.4193713480645856
2022-11-12,196.092,0.4598998354510151,6.728473449031651,-0.5386361,-3.3950506982915694,10.12352414732322,0.4192292194942778
2022-11-13,203.302,7.695919663161014,6.735178997251015,-0.5097316,-3.3482354337248683,10.083414430975884,0.4189740128420003
2022-11-14,196.251,0.6708657648832173,6.738654263458015,-0.4824028,-3.299747389393533,10.038401652851547,0.41860541417193
2022-11-15,194.589,-0.9648046175176876,6.738876529928409,-0.4357889,-3.249607536129384,9.988484066057794,0.4181231367891804
2022-11-16,194.915,-0.6121616019689142,6.735825289874703,-0.38266212,-3.197837864211333,9.933663154086036,0.4175269215007408
2022-11-17,197.892,2.3922355752266995,6.729482280101749,-0.34362516,-3.144461368663774,9.873943648765522,0.4168165368703832
2022-11-18,198.381,2.9088353432838208,6.719831511637035,-0.30077207,-3.089502033849482,9.809333545486515,0.4159917794674039
2022-11-19,201.248,5.803880506653041,6.706859298295546,-0.26071876,-3.032984817372246,9.739844115667792,0.4150524741090814
2022-11-20,200.822,5.406401691260248,6.690554283140929,-0.22917068,-2.9749356333047725,9.6654899164457,0.4139984740967372
2022-11-21,202.668,7.2813820527688,6.670907462807191,-0.19441535,-2.9153813347580586,9.586288797565247,0.412829661445273
2022-11-22,199.327,3.969426825673184,6.647912209647287,-0.19554667,-2.85434969580884,9.502261905456129,0.4115459471060814
2022-11-23,202.43,7.101874792683827,6.621564291677319,-0.17636934,-2.7918693928021323,9.41343368447945,0.4101472711832234
2022-11-24,197.33,2.0317809037775376,6.591861890287436,-0.1720071,-2.7279699850464025,9.319831875333838,0.4086336031427645
2022-11-25,195.24,-0.0278585943070091,6.558805615692959,-0.17138377,-2.662681894919305,9.221487510612263,0.4070049420151717
2022-11-26,200.75,5.51261351691975,6.522398520101567,-0.20690654,-2.5960363874022363,9.118434907503804,0.4052613165906783
2022-11-27,203.293,8.086531255533904,6.482646108574945,-0.22918312,-2.528065549062462,9.010711657637408,0.4034027856075216
2022-11-28,206.828,11.652439594743038,6.439556347565853,-0.31630602,-2.458802266501849,8.898358614067702,0.4014294379329631
2022-11-29,212.499,17.354152029121604,6.39313967111383,-0.31498492,-2.3882802042915645,8.781419875405394,0.3993413927370113
2022-11-30,213.513,18.3992801515408,6.343408984685606,-0.46633664,-2.316533782412499,8.659942767098105,0.3971387996587615
2022-12-01,204.965,9.882819994023068,6.290379666648591,-1.1178012,-2.243598153221344,8.533977819869936,0.3948218389652749
2022-12-02,205.947,10.896650683597542,6.234069567368566,-1.1308001,-2.1695091779626754,8.403578745331242,0.3923907217029244
2022-12-03,194.17200000000005,-0.8461479354717358,6.1744990059252025,-1.1704998,-2.09430340284752,8.268802408772721,0.3898456898411319
2022-12-04,195.388,0.4023368284549597,6.111690764441572,-1.4853128,-2.0180180347191663,8.129708799160738,0.3871870164084333
2022-12-05,202.344,7.391031648871014,6.045670080026644,-1.7443726,-1.940690916327238,7.986360996353882,0.3844150056207999
2022-12-06,202.08,7.159777516948008,5.9764646343320615,-1.7546676,-1.8623605012311388,7.838825135563201,0.3815299930021597
2022-12-07,203.081,8.193169169447035,5.904104540727383,-1.7531427,-1.783065828354244,7.6871703690816275,0.3785323454970539
2022-12-08,198.936,4.080948697566768,5.828622329100391,-1.9380836,-1.7028464962102734,7.531468825310664,0.3754224615753753
2022-12-09,202.764,7.942111906092087,5.750052928291849,-2.139352,-1.6217426368235517,7.3717955651154,0.372200771329132
2022-12-10,189.113,-5.675451794745447,5.668433646176436,-2.9312332,-1.5397948893647089,7.208228535541145,0.3688677365611841
2022-12-11,203.519,8.764443536900338,5.583804147404544,-3.304699,-1.4570443735238077,7.040848520928352,0.3654238508659075
2022-12-12,201.991,7.270717298101935,5.496206428821759,-3.3604627,-1.3735326626426,6.869739091464359,0.3618696397017308
2022-12-13,201.273,6.587044444058877,5.405684792585793,-3.369731,-1.2893017566279243,6.694986549213718,0.3582056604555091
2022-12-14,201.113,6.4613432316753645,5.312285817002996,-3.3726199,-1.2043940546681282,6.5166798716711245,0.3544325024986815
2022-12-15,201.426,6.808999134681908,5.216058325109011,-3.3639789,-1.1188523277744709,6.334910652883482,0.3505507872351788
2022-12-16,197.688,3.105688936603684,5.117053351020852,-3.3221378,-1.0327196911693786,6.149773042190231,0.3465611681410364
2022-12-17,201.74,7.192719277222125,5.015324104089907,-3.2815187,-0.9460395765434928,5.9613636806334,0.3424643307956798
2022-12-18,201.015,6.50219966096477,4.910925930888072,-3.24251,-0.8588557042032745,5.769781635091347,0.3382609929048376
2022-12-19,200.362,5.883747711964718,4.803916275061251,-3.2011135,-0.7712120551309308,5.575128330192182,0.3339519043150552
2022-12-20,202.847,8.403432351377662,4.694354635087256,-3.231654,-0.6831528429783185,5.377507478065574,0.3295378470197697
2022-12-21,206.364,11.95534835324847,4.582302519977088,-3.2689276,-0.594722486016315,5.177025005993404,0.3250196351569139
2022-12-22,197.284,2.9103227299840477,4.467823402961086,-3.2570207,-0.5059655790610957,4.973788982022182,0.3203981149980189
2022-12-23,196.252,1.9135677809466556,4.350982673203569,-3.3475125,-0.4169268653985458,4.767909538602114,0.3156741649287785
2022-12-24,194.289,-0.013870569816536,4.231847585591836,-3.4050326,-0.3276512087278407,4.559498794319676,0.3108486954210506
2022-12-25,195.531,1.264271097669326,4.11048720864746,-3.4203064,-0.2381835651451451,4.348670773792605,0.3059226489962623
2022-12-26,196.351,2.120615709923632,3.986972370610016,-3.4842198,-0.1485689551880397,4.135541325798055,0.3008970001801862
2022-12-27,194.006,-0.1879127567092524,3.8613756037452887,-4.6495147,-0.0588524359611913,3.92022803970648,0.2957727554490624
2022-12-28,202.747,8.590010924414942,3.7337710869320055,-4.741384,0.0309209266365904,3.702850160295415,0.2905509531670321
2022-12-29,201.765,7.644876493896765,3.6042345865832175,-4.9014716,0.120706085563872,3.483528501019346,0.2852326635148569
2022-12-30,207.924,13.8410041809398,3.472843395959997,-5.8532023,0.210458040147079,3.262385355812918,0.2798189884098903
2022-12-31,207.836,13.790208000820629,3.3396762729372487,-6.2226925,0.30013186343048,3.0395444095067687,0.274311061417273
2023-01-01,206.722,12.713697233742852,3.2048133762828925,-6.2600007,0.3896827293466192,2.8151306469362734,0.2687100476523215
2023-01-02,201.845,7.874350545525127,3.068336200513492,-6.2489357,0.479065939688383,2.589270260825109,0.2630171436740776
2023-01-03,197.162,3.229041300035451,2.9303275093909127,-6.2654095,0.5682369508642708,2.362090558526642,0.2572335773699893
2023-01-04,188.008,-5.887377278616665,2.790871268126185,-6.394783,0.6571514004187248,2.13371986770746,0.2513606078316887
2023-01-05,179.764,-14.093508226538647,2.650052574358021,-7.11597,0.745765133299823,1.9042874410581985,0.2453995252218348
2023-01-06,196.048,2.22864361924322,2.5079575879751204,-7.155176,0.8340342278568775,1.6739233601182428,0.2393516506319883
2023-01-07,164.27700000000002,-29.504267202524236,2.3646734598522743,-7.4360533,0.9219150215509908,1.4427584383012837,0.2332183359314835
2023-01-08,183.961,-9.781393078537638,2.220288259571894,-7.9357777,1.0093641363619184,1.2109241232099754,0.2270009636072574
2023-01-09,186.997,-6.706113514082819,2.0748909022034496,-8.466003,1.0963385038750508,0.9785523983283988,0.2207009465946086
2023-01-10,190.899,-2.764554556764054,1.9285710742144764,-8.688129,1.1827953900327008,0.7457756841817755,0.214319728098838
2023-01-11,196.511,2.887253434856767,1.7814191585877737,-8.941695,1.2686924195343083,0.5127267390534653,0.2078587814077397
2023-01-12,172.047,-21.53705983083895,1.633526159220257,-9.070542,1.3539875998706743,0.2795385593495827,0.2013196096948984
2023-01-13,164.409,-29.13514219920585,1.4849836246798436,-9.27276,1.438639344977609,0.0463442797022346,0.1947037458137541
2023-01-14,175.90900000000002,-17.59497362534437,1.3358835713972983,-9.7729435,1.522606498495077,-0.1867229270977783,0.1880127520823898
2023-01-15,192.832,-0.6315386096258067,1.186318406370782,-9.874339,1.6058483566181314,-0.4195299502473495,0.1812482200589996
2023-01-16,199.447,6.024064927917172,1.0363808494613056,-9.840538,1.6883246905265306,-0.651943841065225,0.1744117703079942
2023-01-17,198.106,4.723495909757759,0.8861638553577011,-9.70782,1.7699957683803988,-0.8838319130226977,0.1675050521566923
2023-01-18,195.929,2.5868236648504066,0.7357605352902494,-9.74036,1.8508223768697185,-1.115061841579469,0.1605297434425553
2023-01-19,195.19,1.888134375516831,0.5852640785722771,-9.760407,1.930765842305889,-1.3455017637336122,0.1534875502509172
2023-01-20,189.599,-3.662440050885735,0.4347676740491739,-9.604643,2.0097880512442794,-1.5750203771951057,0.1463802066431546
2023-01-21,189.649,-3.5718587923111764,0.2843644315346098,-9.478826,2.0878514706268243,-1.8034870390922144,0.1392094743752502
2023-01-22,196.278,3.097816853202172,0.1341473033135634,-9.36669,2.1649191674346224,-2.030771864121059,0.1319771426066978
2023-01-23,201.811,8.67164942542557,-0.0157909942082711,-9.24302,2.240954827840661,-2.2567458220489325,0.1246850275996942
2023-01-24,193.758,0.6594503143382733,-0.165358058629181,-9.12744,2.315922775853465,-2.481280834482646,0.1173349724085612
2023-01-25,187.405,-5.6527016566619865,-0.3144618793710737,-9.015853,2.3897879914429443,-2.704249870814018,0.1099288465593501
2023-01-26,186.672,-6.344687832822216,-0.4630109151151631,-8.894629,2.462516128140157,-2.92552704325532,0.1024685457195644
2023-01-27,191.278,-1.697513265346065,-0.6109141707752502,-8.802306,2.5340735301032797,-3.1449877008785294,0.0949559913579505
2023-01-28,194.525,1.5904090459012172,-0.7580812739306267,-8.702281,2.604427248642524,-3.362508522573151,0.087393130394295
2023-01-29,188.899,-3.994511176575125,-0.9044225506412762,-8.640011,2.673545058197309,-3.577967608838585,0.0797819348391722
2023-01-30,193.776,0.9235994690841158,-1.049849100568666,-8.517539,2.741395471759412,-3.791244572328078,0.0721244014235843
2023-01-31,188.942,-3.869528529386865,-1.194272871326142,-8.416753,2.807947755736385,-4.002220627062527,0.0644225512184348
2023-02-01,191.604,-1.1668311088668073,-1.3376067319840406,-8.322757,2.8731719442500907,-4.210778676234131,0.0566784292437759
2023-02-02,194.428,1.6978766079620602,-1.4797645456550883,-8.228695,2.9370388528654736,-4.416803398520562,0.0488941040677723
2023-02-03,176.767,-15.922252723724991,-1.6206612410872043,-8.232992,2.999520091745491,-4.620181332832695,0.0410716673953228
2023-02-04,193.392,0.7437768576396353,-1.7602128831915176,-8.179915,3.0605880782283874,-4.820800961419905,0.0332132336462801
2023-02-05,191.373,-1.2342293360863603,-1.8983367424347335,-8.528747,3.1202160488240653,-5.018552791258799,0.0253209395232121
2023-02-06,188.806,-3.76010021045238,-2.034951363026285,-8.484879,3.178378070626812,-5.213329433653097,0.017396943568647
2023-02-07,186.548,-5.9769249008768535,-2.1699766298318885,-8.437445,3.235049052142115,-5.405025681974004,0.0094434257117483
2023-02-08,185.274,-7.209603237380384,-2.3033338339466285,-8.364723,3.290204753525704,-5.593538587472333,0.0014625868043588
2023-02-09,189.339,-3.1031405351355863,-2.434945736862167,-8.283854,3.343821796233537,-5.778767533095705,-0.0065433518536335
2023-02-10,175.254,-17.146589091856484,-2.564736633164106,-8.210418,3.3958776720818453,-5.960614305245951,-0.0145721489996648
2023-02-11,191.907,-0.4519059423140037,-2.692632411697355,-8.218436,3.446350751716813,-6.138983163414169,-0.0226215439046501
2023-02-12,195.974,3.656687676454922,-2.8185606151387788,-8.132345,3.495220292493966,-6.313780907632745,-0.0306892568799698
2023-02-13,195.49,3.2139057647647853,-2.9424504979183626,-8.093692,3.542466445767708,-6.484916943686071,-0.0387729897953386
2023-02-14,196.766,4.531185950282777,-3.064233082431864,-8.157999,3.588070263591988,-6.652303346023851,-0.046870426607597
2023-02-15,191.39,-0.803906485463254,-3.183841213489723,-8.086791,3.632013704833405,-6.815854918323128,-0.0549792339004714
2023-02-16,190.963,-1.190044734241721,-3.301209610949071,-8.011152,3.6742796406985816,-6.9754892516476525,-0.0630970614353379
2023-02-17,190.456,-1.6563674150539356,-3.4162749204776146,-7.9179816,3.7148518596779434,-7.131126780155557,-0.0712215427130274
2023-02-18,190.638,-1.4335662752618878,-3.5289757624000897,-7.82135,3.7537150719085552,-7.282690834308645,-0.079350295546706
2023-02-19,187.59,-4.440714220655804,-3.639252778580391,-7.7392106,3.790854912959026,-7.430107691539417,-0.0874809226458527
2023-02-20,189.165,-2.8249749851622656,-3.747048677294188,-7.6692214,3.826257947039782,-7.57330662433397,-0.0956110122113706
2023-02-21,196.571,4.621598816329132,-3.852308276049495,-7.7352176,3.859911669642607,-7.712219945692102,-0.1037381385418361
2023-02-22,192.723,0.8137046368574694,-3.954978542314576,-7.823198,3.89180450961348,-7.846783051928057,-0.111859862650922
2023-02-23,187.136,-4.733204156962438,-4.055008632114983,-7.90574,3.9219258306632736,-7.976934462778257,-0.1199737328959847
2023-02-24,183.405,-8.424021104867766,-4.152349926463836,-8.24367,3.95026593232114,-8.102615858784976,-0.1280772856178367
2023-02-25,187.399,-4.389735808216293,-4.246956065591754,-8.261732,3.976816050335774,-8.223772115927527,-0.1361680457917018
2023-02-26,190.596,-1.1526470634918784,-4.338782980945455,-8.482927,4.001568356530111,-8.340351337475566,-0.1442435276893406
2023-02-27,182.666,-9.042666511844123,-4.427788924926032,-8.802668,4.02451595811521,-8.452304883041243,-0.1523012355523471
2023-02-28,189.385,-2.28358731693086,-4.513934498340942,-9.182827,4.045652896469599,-8.55958739481054,-0.1603386642765895
2023-03-01,191.959,0.3305019479448674,-4.597182675545724,-9.235451,4.064974145390421,-8.662156820936143,-0.1683533001077783
2023-03-02,192.88,1.2916709846826435,-4.677498827254272,-9.219786,4.082475608823193,-8.759974436077465,-0.1763426213481266
2023-03-03,192.519,0.970706074058655,-4.754850740998846,-9.205471,4.098154118077126,-8.853004859075972,-0.1843040990740685
2023-03-04,186.073,-5.435255369197541,-4.829208639223716,-9.369683,4.112007428533338,-8.941216067757054,-0.1922351978649888
2023-03-05,185.695,-5.773136798873784,-4.90054519499869,-9.617993,4.124034215853468,-9.02457941085216,-0.2001333765429131
2023-03-06,185.529,-5.898504104015057,-4.968835545341543,-9.647789,4.1342340716964765,-9.10306961703802,-0.2079960889230935
2023-03-07,184.023,-7.363791287466192,-5.034057302140762,-9.715091,4.142607498951616,-9.17666480109238,-0.2158207845754298
2023-03-08,179.704,-11.64200420875379,-5.096190560672786,-9.93119,4.149155906495843,-9.24534646716863,-0.2236049095966384
2023-03-09,185.962,-5.343148727404524,-5.155217905710324,-10.081172,4.153881603484063,-9.309099509194386,-0.2313459073930912
2023-03-10,182.187,-9.07723070294498,-5.211124415221125,-10.825211,4.156787793180886,-9.36791220840201,-0.2390412194742245
2023-03-11,182.405,-8.818255994901763,-5.263897661658941,-10.847051,4.157878566342692,-9.421776228001631,-0.2466882862564184
2023-03-12,184.261,-6.921230462801549,-5.313527710851146,-11.042743,4.157158894159002,-9.470686605010147,-0.2542845478772234
2023-03-13,179.006,-12.135159966170937,-5.360007118490071,-11.502734,4.154634620762363,-9.514641739252433,-0.2618274450198242
2023-03-14,183.896,-7.20405036453653,-5.403330924237484,-12.271284,4.150312455315989,-9.553643379553474,-0.2693144197475933
2023-03-15,185.285,-5.773907517425023,-5.443496643454441,-12.3653755,4.144199963688696,-9.587696607143137,-0.276742916348598
2023-03-16,188.074,-2.9437372843629905,-5.480504256571037,-12.235959,4.136305559726681,-9.616809816297716,-0.2841103821899045
2023-03-17,184.119,-6.858217396449845,-5.514356196113195,-12.083536,4.126638496131855,-9.64099469224505,-0.2914142685815117
2023-03-18,184.748,-6.188663281651252,-5.545057331406204,-11.905478,4.115208854956596,-9.6602661863628,-0.2986520316497419
2023-03-19,185.66,-5.236080901752689,-5.57261495097689,-12.058292,4.102027537724796,-9.674642488701686,-0.3058211332198939
2023-03-20,184.843,-6.012476218539672,-5.597038742679083,-12.113808,4.087106255189243,-9.684144997868326,-0.3129190417079687
2023-03-21,187.175,-3.6398551937977466,-5.618340771569205,-12.028197,4.070457516735422,-9.688798288304628,-0.3199432330212484
2023-03-22,184.94,-5.834352147261516,-5.636535455561146,-11.983553,4.052094619441902,-9.688630075003047,-0.3268911914675108
2023-03-23,189.254,-1.479841136967644,-5.651639538892179,-11.997716,4.032031636807525,-9.683671175699704,-0.3337604106726441
2023-03-24,187.751,-2.942510783762721,-5.663672063433608,-11.969616,4.010283407155654,-9.673955470589265,-0.3405483945064143
2023-03-25,184.091,-6.562237142690194,-5.672654337882357,-11.881542,3.986865521725803,-9.65951985960816,-0.3472526580161292
2023-03-26,180.378,-10.234966868792156,-5.678609904871727,-11.73915,3.961794312462981,-9.640404217334709,-0.3538707283679237
2023-03-27,180.281,-10.291705979978811,-5.68156450604187,-11.5806,3.9350868395151073,-9.616651345556978,-0.3604001457953875
2023-03-28,170.564,-19.96846049416035,-5.681546045112461,-12.169702,3.906760878448862,-9.588306923561325,-0.3668384645552354
2023-03-29,184.813,-5.679236429246935,-5.67858454900217,-12.233504,3.8768349071943504,-9.55541945619652,-0.3731832538897168
2023-03-30,182.389,-8.063039803148854,-5.672712127041639,-12.126158,3.845328092728941,-9.51804021977058,-0.3794320989954347
2023-03-31,182.711,-7.700876633776173,-5.663962928328409,-12.038864,3.812260277510634,-9.476223205839045,-0.3855826019982497
2023-04-01,193.015,2.643247060960779,-5.652373097274316,-12.106836,3.777651965671292,-9.430025062945608,-0.3916323829339135
2023-04-02,186.466,-3.865712147241916,-5.6379807273975056,-12.094553,3.741524308980012,-9.379505036377518,-0.3975790807340796
2023-04-03,184.303,-5.988833476894949,-5.620825813413232,-12.0679245,3.703899092586917,-9.32472490600015,-0.403420354217312
2023-04-04,183.565,-6.687008223071565,-5.600950201679065,-11.987833,3.664798720557594,-9.265748922236655,-0.4091538830847118
2023-04-05,182.449,-7.763217353817268,-5.578397539051863,-11.874939,3.624246201208297,-9.20264374026016,-0.4147773689197613
2023-04-06,179.483,-10.689491300959917,-5.55321322021545,-11.810942,3.582265132252075,-9.135478352467524,-0.420288536191972
2023-04-07,180.174,-9.95883610138291,-5.52544433353943,-12.0807905,3.5388796857658087,-9.06432401930524,-0.4256851332639172
2023-04-08,178.29600000000002,-11.797257791969692,-5.495139605530893,-11.968877,3.4941145929881468,-8.98925419851904,-0.4309649334012124
2023-04-09,175.39499999999998,-14.65876240960376,-5.4623493439423605,-11.854431,3.447995128958263,-8.910344472900624,-0.4361257357849898
2023-04-10,188.687,-1.3273559911684585,-5.427125379600231,-11.759742,3.4005470970051355,-8.827672476605366,-0.4411653665264115
2023-04-11,171.693,-18.28199531261117,-5.389521007019596,-11.77429,3.3517968130971907,-8.741317820116787,-0.4460816796827433
2023-04-12,179.125,-10.810559159707488,-5.349590923872095,-11.623281,3.301771090061817,-8.651362013933912,-0.450872558274506
2023-04-13,181.472,-8.424190646870041,-5.307391169374765,-11.447512,3.2504972216843453,-8.55788839105911,-0.4555359153032037
2023-04-14,180.733,-9.123891421008429,-5.26297906166859,-11.25263,3.1980029666958587,-8.460982028364448,-0.4600696947691232
2023-04-15,180.381,-9.436537010520103,-5.216413134256622,-11.071075,3.144316532659171,-8.360729666915793,-0.4644718726886781
2023-04-16,177.317,-12.461287133626248,-5.167753071572075,-10.93076,3.089466559762144,-8.25721963133422,-0.4687404581107696
2023-04-17,179.54700000000005,-10.19214776473414,-5.117059643747719,-10.86842,3.0334821045274314,-8.15054174827515,-0.4728734941316146
2023-04-18,183.75,-5.9501248782511,-5.064394640658535,-10.866884,2.9763926234476035,-8.04078726410614,-0.4768690589074948
2023-04-19,181.269,-8.39222444858434,-5.009820805309968,-10.784248,2.9182279565544635,-7.928048761864431,-0.4807252666648481
2023-04-20,180.756,-8.866452450141168,-4.953401766644973,-10.656508,2.8590183109313108,-7.8124200775762835,-0.4844402687071417
2023-04-21,177.959,-11.624814857328843,-4.895201971843027,-10.543302,2.798794244176664,-7.6939962160196895,-0.4880122544179266
2023-04-22,177.338,-12.207317644554657,-4.835286618184943,-10.369214,2.7375866478279427,-7.572873266012886,-0.4914394522594877
2023-04-23,184.994,-4.5129667862258565,-4.7737215845573004,-10.254484,2.675426730753369,-7.449148315310669,-0.4947201307664807
2023-04-24,182.094,-7.374768256749752,-4.710573362670741,-10.087981,2.61234600252033,-7.322919365191071,-0.4978525995339399
2023-04-25,181.349,-8.081728030533569,-4.645908988066128,-9.873191,2.5483762567481354,-7.194285244814264,-0.5008352101990353
2023-04-26,180.171,-9.22185208198466,-4.579795970982811,-9.678003,2.4835495544532127,-7.063345525436024,-0.5036663574159508
2023-04-27,180.369,-8.986146385510223,-4.512302227163009,-9.478796,2.417898207394328,-6.930200434557337,-0.5063444798232409
2023-04-28,185.453,-3.8646169155175674,-4.443496008666235,-9.254893,2.3514547614256087,-6.794950770091845,-0.5088680610030197
2023-04-29,185.43133333333333,-3.832628970494693,-4.373445834767247,-9.023637,2.2842519798647256,-6.657697814631972,-0.5112356304313309
2023-04-30,185.40966666666668,-3.815273645212596,-4.302220423010978,-8.828022,2.216322826883644,-6.518543249894622,-0.5134457644190366
2023-05-01,185.388,-3.818145608503009,-4.229888620497116,-8.70427,2.1477004509290727,-6.377589071426188,-0.5154970870425629
2023-05-02,179.857,-9.312380788510216,-4.15651933546676,-8.688023,2.0784181681797227,-6.234937503646482,-0.5173882710638269
2023-05-03,183.0125,-6.120322067035575,-4.082181469262901,-8.594791,2.008509446047218,-6.090690915310119,-0.5191180388386697
2023-05-04,186.168,-2.92847541848633,-4.006943848735765,-8.507361,1.9380078867274677,-5.944951735463232,-0.5206851632131171
2023-05-05,181.641,-7.419408060562439,-3.930875159163449,-8.54963,1.8669472108090976,-5.797822369972546,-0.522088468406781
2023-05-06,183.227,-5.797563032574834,-3.854043877757294,-8.687475,1.7953612409454385,-5.649405118702732,-0.5233268308827145
2023-05-07,183.754,-5.209362287052015,-3.776518207820666,-8.60023,1.723283885596378,-5.499802093417044,-0.5243991802030286
2023-05-08,184.281,-4.845548864139852,-3.698366013628806,-8.705071,1.6507491228463416,-5.349115136475148,-0.5253044998695813
2023-05-09,184.808,-4.110421765514989,-3.61965475609639,-8.53667,1.5777909843043842,-5.197445740400775,-0.526041828149037
2023-05-10,189.241,0.3574741054422881,-3.540451429298272,-8.344879,1.5044435390924191,-5.0448949683906905,-0.5266102588816101
2023-05-11,186.8826666666667,-0.5872524613439691,-3.460822497907693,-8.1812725,1.4307408779272517,-4.891563375834945,-0.5270089422727908
2023-05-12,184.5243333333333,-3.1045390961955017,-3.3808338356152032,-8.008132,1.356717097302246,-4.737550932917449,-0.5272370856673576
2023-05-13,182.166,-6.614555667639634,-3.3005506645897698,-7.836115,1.2824062837739716,-4.582956948363742,-0.5272939543049853
2023-05-14,175.16,-13.586787202481496,-3.2200374960426648,-7.6496816,1.2078424983593825,-4.427879994402047,-0.5271788720567517
2023-05-15,191.917,3.203707469682899,-3.1393580719529552,-7.4756646,1.1330597610487203,-4.272417833001676,-0.5268912221418545
2023-05-16,183.271,-5.409163091109753,-3.0585753080119398,-7.270458,1.0580920354393175,-4.116667343451256,-0.5264304478238495
2023-05-17,188.6305,-0.0168170786999315,-2.9777512378424635,-7.066879,0.9829732134953132,-3.960724451337777,-0.5257960530857271
2023-05-18,193.99,5.375031249278837,-2.896946958547242,-6.884645,0.907737100438222,-3.804684058985464,-0.5249876032831434
2023-05-19,187.589,-0.994018612234516,-2.816222577638657,-6.7032,0.8324173997730925,-3.6486399774117495,-0.5240047257751353
2023-05-20,186.724,-1.827381577886877,-2.735637161400972,-6.516174,0.7570476984549988,-3.4926848598559705,-0.5228471105316495
2023-05-21,176.327,-12.193078137170565,-2.655248684733684,-6.342953,0.6816614522003428,-3.3369101369340264,-0.5215145107172178
2023-05-22,178.08633333333333,-11.346063998419776,-2.575113982523356,-6.197463,0.6062919709474884,-3.1814059534708443,-0.5200067432501299
2023-05-23,179.84566666666666,-9.326470356671152,-2.495288702589107,-6.064605,0.5309724044710453,-3.026261107060152,-0.5183236893364493
2023-05-24,181.605,-6.823011996875005,-2.41582726024504,-5.924577,0.4557357281540292,-2.871562988399069,-0.5164652949782381
2023-05-25,185.13,-3.2679582332160524,-2.3367827945209587,-5.781248,0.3806147289220496,-2.717397523443008,-0.5144315714553555
2023-05-26,185.564,-2.5926670587609117,-2.25820712608077,-5.6537566,0.3056419913435648,-2.5638491174243345,-0.5122225957802137
2023-05-27,185.998,-2.3408395310367585,-2.180150716875649,-5.558276,0.2308498839001262,-2.4110006007757754,-0.5098385111248819
2023-05-28,183.978,-4.331999369586011,-2.102662631567396,-5.484782,0.1562705454304828,-2.258933176997879,-0.5072795272199332
2023-05-29,184.859,-3.422499120373633,-2.025790500754802,-5.3456993,0.0819358717522775,-2.1077263725070794,-0.5045459207244597
2023-05-30,188.439,0.186576624586007,-1.9495804860340584,-5.250931,0.0078775024650049,-1.9574579884990635,-0.5016380355666734
2023-05-31,185.8135,-2.136884906906316,-1.8740772469219,-5.131897,-0.0658731920621646,-1.8082040548597356,-0.4985562832545366
2023-06-01,183.188,-5.007456995756181,-1.7993239096679698,-5.022071,-0.1392851235142287,-1.6600387861537411,-0.4953011431558787
2023-06-02,182.443,-5.7246193978572535,-1.725362037980743,-4.908185,-0.2123274982624534,-1.5130345397182896,-0.4918731627474641
2023-06-03,185.02,-3.119907511534388,-1.652231605688944,-4.7894955,-0.2849698298013565,-1.3672617758875871,-0.4882729578325026
2023-06-04,185.6673333333333,-2.07819811916092,-1.579970971358401,-4.6735315,-0.3571819509873435,-1.2227890203710574,-0.4845012127260976
2023-06-05,186.31466666666665,-1.372769457228194,-1.5086168548816636,-4.561784,-0.4289340260758033,-1.0796828288058604,-0.4805586804081562
2023-06-06,186.962,-1.0992141345949071,-1.4382043160556752,-4.4651504,-0.5001965625535583,-0.938007753502117,-0.4764461826432959
2023-06-07,183.594,-4.442146342523715,-1.3687667351604182,-4.3984666,-0.5709404227635844,-0.7978263123968339,-0.4721646100673027
2023-06-08,191.814,3.802612013147052,-1.300335795549051,-4.3196073,-0.6411368353190726,-0.6591989602299785,-0.4677149222397129
2023-06-09,190.42,2.432985907606577,-1.2329414682579387,-4.2915115,-0.7107574063038798,-0.5221840619540589,-0.4630981476621167
2023-06-10,189.026,1.0630228620638298,-1.1666119986424397,-4.2106504,-0.7797741302565347,-0.3868378683859049,-0.4583153837617927
2023-06-11,190.063,2.1231077449169664,-1.1013738950422158,-4.1499076,-0.8481594009350066,-0.2532144941072092,-0.4533677968403133
2023-06-12,189.392,1.4745149173843073,-1.0372519194773688,-4.0767817,-0.915886021859508,-0.1213658976178607,-0.4482566219867726
2023-06-13,189.835,1.6621859314443124,-0.9742690803744972,-3.9735448,-0.9829272166306344,0.008658136256137,-0.4429831629553211
2023-06-14,190.278,2.144749838899032,-0.9124466273194466,-3.8649297,-1.0492566390202869,0.1368100117008402,-0.4375487920067019
2023-06-15,190.721,2.868281601261815,-0.8518040478312715,-3.7409902,-1.1148483828327247,0.2630443350014532,-0.4319549497135204
2023-06-16,192.654,4.8227958934736606,-0.792359066149628,-3.64066,-1.179676991533329,0.3873179253837009,-0.426203144728992
2023-06-17,187.108,-0.702147370077562,-0.7341276440256377,-3.5444984,-1.2437174676425613,0.5095898236169236,-0.4202949535189423
2023-06-18,185.613,-2.5787941699580887,-0.6771239835039455,-3.4910717,-1.306945281892741,0.6298212983887954,-0.4142320200568553
2023-06-19,184.118,-3.651569846243609,-0.6213605316816088,-3.5272124,-1.3693363821452895,0.747975850463681,-0.4080160554817986
2023-06-20,183.428,-4.321861720496493,-0.5668479874271961,-3.4793322,-1.4308672020661188,0.8640192146389227,-0.4016488377190692
2023-06-21,181.748,-5.982451037882772,-0.5135953100413352,-3.387514,-1.4915146695569237,0.9779193595155884,-0.3951322110634381
2023-06-22,188.526,0.8146557948476021,-0.4616097298378679,-3.2834208,-1.5512562149401876,1.0896464851023198,-0.388468085724895
2023-06-23,187.495,-0.1978802929328509,-0.4108967606226754,-3.2184503,-1.610069778895719,1.1991730182730436,-0.3816584373368254
2023-06-24,186.8765,-0.9975869218070296,-0.3614602140451348,-3.1673071,-1.6679338201466134,1.3064736061014786,-0.3747053064265714
2023-06-25,186.258,-1.3996080425979525,-0.3133022157952606,-3.109723,-1.7248273228926083,1.4115251070973478,-0.3676107978483689
2023-06-26,187.5515,-0.0887122219415483,-0.2664232236174456,-3.0423763,-1.7807298039887935,1.5143065803713478,-0.3603770801786657
2023-06-27,188.845,1.2211907674895133,-0.2208220471099907,-2.9550812,-1.8356213198677367,1.6147992727577458,-0.3530063850738702
2023-06-28,188.683,1.0746973124697932,-0.1764958692775348,-2.8643367,-1.8894824732030733,1.7129866039255384,-0.3455010065905924
2023-06-29,189.199,1.6053105346850307,-0.1334402698017487,-2.7570438,-1.942294419312768,1.8088541495110195,-0.3378633004684881
2023-06-30,187.668,0.0881806308659927,-0.0916492499938632,-2.655495,-1.99403887230014,1.9023896223062768,-0.330095683375823
2023-07-01,187.864,0.2979706608380064,-0.0511152593907996,-2.5666075,-2.044698110930999,1.9935828515401997,-0.3222006321179243
2023-07-02,193.162,5.610135205865802,-0.0118292239549781,-2.4685686,-2.094254984245117,2.082425760290139,-0.3141806828087022
2023-07-03,191.579,4.392844426425113,0.0262194241636016,-2.3705316,-2.142692916900339,2.168912341063941,-0.3060384300054627
2023-07-04,189.996,2.120464948372946,0.0630427153464023,-2.2729104,-2.1899959142479006,2.253038629594303,-0.2977765258072581
2023-07-05,188.413,0.9031821604302994,0.0986541097508208,-2.1866026,-2.2361485671371883,2.334802676888009,-0.2893976789170511
2023-07-06,197.34,9.84403145125191,0.1330684631266236,-2.110134,-2.2811360564486485,2.414204519575272,-0.2809046536680061
2023-07-07,196.96,9.477291525556268,0.1663019912515481,-2.029592,-2.324944157353293,2.491246148604841,-0.272300269014239
2023-07-08,195.79933333333332,8.820111283166476,0.1983722330352193,-1.9444722,-2.3675592432975057,2.565931476332725,-0.2635873974863992
2023-07-09,194.6386666666667,7.740641377757998,0.2292980123414971,-1.8738724,-2.408968289711824,2.638266302053321,-0.2547689641124786
2023-07-10,193.478,6.033145703607571,0.2590993985806096,-1.7987311,-2.4491588774424486,2.7082582760230585,-0.2458479453042813
2023-07-11,188.477,1.044326577972685,0.2877976661238746,-1.7332854,-2.4881191959043547,2.7759168620282293,-0.2368273677100031
2023-07-12,189.884,2.4628833061632878,0.3154152525944285,-1.6564685,-2.525838045954841,2.8412532985492702,-0.2277103070334212
2023-07-13,191.291,3.8813370792809896,0.3419757160889506,-1.5854993,-2.5623048424865607,2.904280558575511,-0.2184998868202017
2023-07-14,184.379,-3.019654935339517,0.3675036913858334,-1.5031637,-2.5975096167390093,2.965013308124843,-0.2091992772118776
2023-07-15,185.718,-1.6692583790021818,0.3920248451965895,-1.4251345,-2.631443018327672,3.023467863524261,-0.1998116936680762
2023-07-16,189.603,2.2269962700328776,0.4155658305177371,-1.3626767,-2.664096316989944,3.079662147507681,-0.1903403956575952
2023-07-17,194.389,7.024598117470885,0.4381542401414016,-1.3182812,-2.6954614040471947,3.1336156441885965,-0.1807886853189682
2023-07-18,185.753,-1.6001889804890053,0.4598185593834963,-1.2658639,-2.725530793582281,3.185349352965777,-0.1711599060911802
2023-07-19,191.069,3.7267328390226417,0.48058811808883,-1.2041622,-2.7542976233320067,3.234885741420837,-0.1614574413152262
2023-07-20,188.143,0.8120058690981322,0.5004930419732824,-1.1409955,-2.7817556552940457,3.282248697267328,-0.1516847128072292
2023-07-21,189.259,1.9393973705112717,0.519564203363407,-1.0844182,-2.8078992760479937,3.3274634794114006,-0.1418451794038668
2023-07-22,188.738,1.428465970339546,0.5378331713943681,-1.0110886,-2.8327234967902912,3.3705566681846597,-0.1319423354808798
2023-07-23,189.739,2.439433236077362,0.5553321617273155,-0.9496739,-2.8562239530827847,3.4115561148101,-0.1219797094454594
2023-07-24,189.913,2.7049897596609123,0.5720939858478263,-0.8985713,-2.878396904314996,3.4504908901628224,-0.1119608622033449
2023-07-25,190.087,2.80985828115409,0.5881520000067366,-0.86867833,-2.89923923287999,3.4873912328867265,-0.1018893856014757
2023-07-26,189.17800000000005,1.9132176118324768,0.6035400538653541,-0.8291624,-2.918748443064118,3.5222884969294723,-0.0917689008470829
2023-07-27,181.627,-5.624736553914694,0.6182924389066289,-0.7723836,-2.936922659650829,3.5552150985574587,-0.0816030569041119
2023-07-28,185.786,-1.4525748606044222,0.6324438366740257,-0.7001558,-2.953760626238932,3.586204462912958,-0.0713955288679064
2023-07-29,185.701,-1.5240613185810656,0.6460292668997644,-0.6279674,-2.969261703275841,3.6152909701756055,-0.0611500163191006
2023-07-30,185.825,-1.3865084330044226,0.6590840355837627,-0.5691937,-2.9834258658063897,3.642509901390152,-0.0508702416576861
2023-07-31,193.025,5.827189211520498,0.6716436830844186,-0.5246963,-2.9962537009379213,3.66789738402234,-0.0405599484182482
2023-08-01,194.577,7.392287149890561,0.6837439322822336,-0.47898158,-3.0077464050226053,3.691490337304839,-0.0302228995673826
2023-08-02,198.615,11.443374389845165,0.695420636876489,-0.4389053,-3.0179057805578715,3.71332641743436,-0.0198628757843277
2023-08-03,195.777,8.61699360381523,0.7067097298751371,-0.4152805,-3.026734232806169,3.733443962681306,-0.0094836737258573
2023-08-04,194.022,6.873111550850087,0.7176471723372774,-0.412184,-3.03423476613526,3.7518819384725375,0.0009108957234839
2023-08-05,195.217,8.07908341854463,0.72826890242702,-0.38810468,-3.040410980080438,3.768679882507459,0.0113170092147255
2023-08-06,191.326,4.19907752987841,0.7386107848370997,-0.36376584,-3.045267065130279,3.783877849967378,0.0217308327102824
2023-08-07,191.43,4.314868163251505,0.7487085606394442,-0.33970684,-3.0488077982374944,3.7975163588769383,0.0321485232711148
2023-08-08,192.371,5.269205566747969,0.7585977976195876,-0.319958,-3.051038538056808,3.8096363356763954,0.0425662308541007
2023-08-09,190.1335,3.712169925709654,0.7683138411505731,-0.3004476,-3.051965219911758,3.8202790610623314,0.0529801001184658
2023-08-10,187.896,0.8207525815873589,0.7778917656613757,-0.27264798,-3.0515943504926,3.829486116153976,0.0633862722401115
2023-08-11,184.742,-2.31960940060641,0.7873663267536222,-0.2381847,-3.0499330022875144,3.837299329041136,0.07378088673266
2023-08-12,180.054,-6.993705807655681,0.7967719140195368,-0.1907257,-3.04698880774962,3.843760721769157,0.08416008327403
2023-08-13,187.05,0.0164645618884842,0.8061425046129691,-0.15024789,-3.042769953202307,3.848912457815276,0.0945200035373458
2023-08-14,187.707,0.6880533176643078,0.8155116176239876,-0.10291498,-3.037285172485667,3.852796790109655,0.1048567930249684
2023-08-15,189.934,2.930341729659124,0.8249122693066088,-0.05129424,-3.030543740346896,3.855456009653505,0.1151666029044361
2023-08-16,191.778,4.7901492729422674,0.8343769292077376,-0.015165181,-3.022555465577736,3.856932394785473,0.1254455918450875
2023-08-17,183.642,-3.329959180484378,0.8439374772442471,-0.008612128,-3.013330683902157,3.857268161146404,0.1356899278541413
2023-08-18,187.432,0.4762758456026601,0.853625161773644,0.028280003,-3.0028802506176686,3.856505412391313,0.1458957901109911
2023-08-19,188.885,1.945608164759681,0.8634705587025401,0.0659782,-2.9912155329938077,3.854686091696348,0.1560593707984839
2023-08-20,187.859,0.9367368757029868,0.8735035316754491,0.024509706,-2.978348402431496,3.8518519341069446,0.1661768769299359
2023-08-21,186.353,-0.5518975853328318,0.8837531933851942,-0.22260267,-2.9642912263871284,3.8480444197723225,0.1762445321706401
2023-08-22,182.764,-4.123433399963691,0.8942478680445056,-0.32127172,-2.94905686006545,3.843304728109956,0.1862585786526255
2023-08-23,185.779,-1.0907273506364803,0.9050150550569376,-0.27065977,-2.932658637885424,3.837673692942362,0.1962152787814199
2023-08-24,181.078,-5.77342085535679,0.9160813939234363,-0.19803767,-2.915110364723383,3.83119175864682,0.2061109170335749
2023-08-25,189.686,2.8537760382235837,0.9274726304195624,-0.13235228,-2.8964263069381264,3.823898937357689,0.2159418017437118
2023-08-26,189.128,2.315239013139835,0.9392135840763494,-0.05457406,-2.876621183182502,3.815834767258852,0.2257042668798544
2023-08-27,192.479,5.685901587261098,0.9513281169962868,0.022347402,-2.8557101550064528,3.80703827200274,0.2353946738058129
2023-08-28,187.272,0.4986634063147686,0.9638391040341852,0.097178385,-2.833708817256472,3.797547921290657,0.2450094130293968
2023-08-29,184.628,-2.125028651327316,0.9767684043707234,0.14905685,-2.810633188276669,3.787401592647393,0.2545449059352381
2023-08-30,188.958,2.226168314344277,0.9901368345049922,0.18169694,-2.786499699916799,3.776636534421791,0.2639976065010115
2023-08-31,188.652,1.9415398371741277,1.0039641426902273,0.18723884,-2.7613251873527287,3.765289330042956,0.273364002995858
2023-09-01,189.495,2.806078648067099,1.0182689848353303,-0.0032553833,-2.7351268787250085,3.753395863560339,0.2826406196598115
2023-09-02,190.742,4.075377729566866,1.033068901892834,-0.08565642,-2.707922384601348,3.740991286494181,0.2918240183630616
2023-09-03,186.333,-0.3121485403100221,1.0483802987521014,-0.12975276,-2.679729687268972,3.7281099860210736,0.3009108002438776
2023-09-04,189.485,2.862082706385252,1.0642184246547102,-0.105351724,-2.6505671298629605,3.714785554517671,0.3098976073240506
2023-09-05,190.445,3.844759381765641,1.080597355147035,-0.057638485,-2.620453405336817,3.701050760483852,0.3187811241007105
2023-09-06,195.443,8.865557092695603,1.0975299755832757,0.0022644908,-2.5894075452816865,3.686937520864962,0.3275580791134014
2023-09-07,188.283,1.728447115267072,1.115027966190062,0.07660264,-2.557448908600759,3.6724768747908207,0.336225246485315
2023-09-08,185.514,-1.0171848483596524,1.1331017887021542,0.14628829,-2.5245971700455376,3.657698958747692,0.3447794474375907
2023-09-09,192.72,6.212339579524739,1.1517606745765316,0.2127547,-2.4908723086207933,3.642632983197325,0.3532175517756269
2023-09-10,190.554,4.069976929710158,1.1710126147905855,0.26692778,-2.456294595865131,3.627307210655717,0.3615364793463486
2023-09-11,187.118,0.6577218793603787,1.1908643512279304,0.30566353,-2.420884584014278,3.611748935242209,0.3697332014654201
2023-09-12,189.843,3.4066089858172965,1.211321369653755,0.33654058,-2.384663094054214,3.595984463707969,0.3778047423133927
2023-09-13,186.167,-0.2452841296876193,1.2323878942794415,0.37629274,-2.347651203671563,3.580039097951005,0.3857481802998161
2023-09-14,191.72,5.331961833637095,1.254066883914566,0.4200853,-2.309870235108537,3.563937119023103,0.3935606493943602
2023-09-15,189.431,3.0672996966285817,1.2763600297024302,0.4564299,-2.2713417429300797,3.547701772632509,0.4012393404240211
2023-09-16,185.104,-1.234972052522867,1.2992677544333766,0.4990297,-2.232087501710762,3.531355256144139,0.4087815023355112
2023-09-17,186.338,0.0243338652998663,1.322789213428328,0.53379977,-2.1921294936491718,3.5149187070774994,0.4161844434219595
2023-09-18,193.21,6.921769167151838,1.3469222969833945,0.56771827,-2.1514898961176745,3.4984121931010685,0.4234455325130801
2023-09-19,188.983,2.720297743333488,1.3716636343641349,0.6110051,-2.110191069155332,3.4818547035194665,0.4305622001279912
2023-09-20,191.467,5.230454726306789,1.397008599336846,0.63837904,-2.068255542912082,3.465264142248928,0.4375319395899017
2023-09-21,187.229,1.0187093246536827,1.422951317222072,0.6370418,-2.0257060050521787,3.4486573222742507,0.444352308101909
2023-09-22,190.755,4.571136330607544,1.4494846734540123,0.6413819,-1.982565288124984,3.432049961578996,0.4510209277831861
2023-09-23,192.612,6.454652941582732,1.4766003236278429,0.65815514,-1.9388563569113504,3.4154566805391937,0.4575354866648694
2023-09-24,183.158,-2.9727459211310894,1.5042887050151923,0.6660776,-1.894602295753823,3.398891000769016,0.4638937396449843
2023-09-25,192.092,5.988024839400989,1.5325390495264577,0.55083853,-1.8498262958788687,3.382365345405326,0.4700935094017937
2023-09-26,181.23,-4.8471275807514616,1.561339398097105,0.4200932,-1.8045516427195825,3.3658910408166878,0.4761326872649704
2023-09-27,185.695,-0.3551590493987471,1.590676616473411,0.39686593,-1.7588017032470644,3.3494783197204754,0.4820092340440494
2023-09-28,187.952,1.9290166083484173,1.6205364123717385,0.41777468,-1.7125999133190113,3.3331363256907496,0.4877211808136332
2023-09-29,189.789,3.7934491582660463,1.6509033539838642,0.37004626,-1.665969765053756,3.31687311903762,0.4932666296548741
2023-09-30,190.375,4.406947003784515,1.6817608897995178,0.22273137,-1.618934794238293,3.3006956840378106,0.4986437543527851
2023-10-01,199.876,13.935505136203522,1.7130913697157513,0.20854568,-1.5715185677785932,3.2846099374943445,0.5038508010489737
2023-10-02,190.805,4.892118546822696,1.744876067401662,0.20689212,-1.5237446712006644,3.2686207386023263,0.5088860888494259
2023-10-03,191.673,5.787782226941678,1.7770952038854428,0.15815787,-1.475636696210726,3.252731900096169,0.5137480103870123
2023-10-04,192.629,6.771491167860118,1.809727972329644,0.2001674,-1.427218228322853,3.236946200652497,0.5184350323384173
2023-10-05,179.88199999999998,-5.947759639122332,1.8427525639592168,0.23403394,-1.3785128345624134,3.2212653985216297,0.522945695895245
2023-10-06,183.136,-2.665253945576434,1.8761461951058584,0.28381133,-1.3295440512536347,3.205690246359493,0.5272786171890768
2023-10-07,195.416,9.643316565684287,1.9098851353309525,0.3424542,-1.28033537189946,3.1902205072304124,0.5314324876703165
2023-10-08,197.465,11.720931171910642,1.9439447365885036,0.39928812,-1.2309102351620105,3.1748549717505137,0.5354060744406727
2023-10-09,190.74,5.024584973715183,1.9782994633882345,0.35904628,-1.1812920129516309,3.159591476339865,0.5391982205391992
2023-10-10,191.326,5.639273071710568,2.012922923918367,0.20479715,-1.1315039986327189,3.144426922551085,0.5428078451818212
2023-10-11,195.392,9.73399056650934,2.047787902086358,0.06763963,-1.0815693953541905,3.1293572974405484,0.5462339439543452
2023-10-12,190.966,5.3367325587241154,2.082866390435425,0.06275119,-1.0315113045125708,3.114377694947996,0.549475588958964
2023-10-13,189.652,4.051494148967436,2.118129623893521,0.076261625,-0.9813527143554248,3.099482338248946,0.5525319289143373
2023-10-14,189.97,4.398270437851961,2.153548114311004,0.104063734,-0.9311164887328544,3.084664603043858,0.5554021892093339
2023-10-15,190.584,5.041056525990242,2.1890916857423663,0.14616773,-0.8808253560046098,3.069917041746976,0.5580856719105989
2023-10-16,192.029,6.514847513994865,2.224729510426917,0.06276855,-0.830501898110286,3.055231408537203,0.5605817557241155
2023-10-17,186.587,1.101638502478432,2.2604301454227222,0.07994813,-0.7801685398099111,3.040598685232633,0.5628898959110025
2023-10-18,189.488,4.031640556554485,2.296161569847511,0.09825899,-0.7298475381021049,3.026009107949616,0.565009624157794
2023-10-19,194.272,8.844638680935214,2.3318912226799946,0.13473162,-0.6795609718268529,3.0114521945068478,0.5669405484015236
2023-10-20,190.313,4.914628008214736,2.367586041074579,0.19108136,-0.6293307314597738,2.9969167725343526,0.5686823526099417
2023-10-21,199.572,14.202603670987044,2.4032124991420685,0.23953353,-0.5791785091045781,2.9823910082466467,0.5702347965172601
2023-10-22,187.406,2.065560801846236,2.4387366471488656,0.20915803,-0.5291257886903262,2.967862435839192,0.5715977153158377
2023-10-23,191.269,5.9575178745520345,2.474124151086825,0.21741395,-0.4791938363797691,2.953317987466594,0.5727710193042705
2023-10-24,189.205,3.922447314803639,2.509340332565804,0.21529794,-0.429403691195036,2.93874402376084,0.5737546934923815
2023-10-25,187.663,2.4093209140686023,2.544350208981065,0.023491656,-0.3797761558666386,2.9241263648477034,0.5745487971636426
2023-10-26,188.14,2.915427998274978,2.579118533907237,0.009320077,-0.330331787911541,2.909450321818778,0.575153463395604
2023-10-27,186.526,1.3305298295141137,2.6136098376711683,0.044750847,-0.2810908909459754,2.894700728617144,0.575568898538939
2023-10-28,186.3,1.1337125686433789,2.6477884680554644,0.08074508,-0.2320735062382936,2.879861974293758,0.5757953816557373
2023-10-29,185.337,0.1999762560725666,2.6816186310852235,0.11119448,-0.1832994045070441,2.864918035592268,0.5758332639177419
2023-10-30,187.328,2.220256672095157,2.7150644318502755,0.1506462,-0.1347880779692077,2.849852509819484,0.5756829679652198
2023-10-31,187.98,2.9015585690175296,2.748089915315707,0.2000622,-0.0865587326432684,2.8346486479589754,0.5753449872272363
2023-11-01,188.389,3.3400306578006007,2.780659107073836,0.24931401,-0.0386302809116066,2.819289387985443,0.5748198852040908
2023-11-02,188.628,3.608490480367791,2.8127360539908044,0.1485443,0.0089786656536301,2.8037573883371745,0.5741082947127368
2023-11-03,181.266,-3.724090008308656,2.844284864702002,0.16915947,0.0562498031971382,2.788035061504864,0.5732109170960242
2023-11-04,182.977,-1.9833870114926857,2.8752697499103426,0.07195762,0.1031651422159239,2.7721046076944185,0.5721285213966358
2023-11-05,177.164,-7.7666812436106945,2.905655062442517,-0.035533115,0.1497070139201149,2.7559480485224017,0.5708619434966208
2023-11-06,185.992,1.091214235745559,2.935405337018533,-0.51073813,0.1958580763159953,2.7395472607025377,0.5694120852234541
2023-11-07,188.758,3.887343115873797,2.964485329690788,-0.5821337,0.2416013200082924,2.7228840096824958,0.5677799134235796
2023-11-08,186.802,1.961423226159262,2.9928600569093518,-0.5640567,0.2869200737191156,2.705939983190236,0.5659664590044247
2023-11-09,187.878,3.0675257146392063,3.0204948341710893,-0.55258846,0.3317980095211899,2.6886968246499,0.5639728159458902
2023-11-10,184.58,-0.2001732866200435,3.047355314210861,-0.5563408,0.3762191477832792,2.6711361664275817,0.5618001402823561
2023-11-11,186.079,1.3291262395350727,3.07340752469402,-0.585984,0.420167861826047,2.653239662867972,0.5594496490562563
2023-11-12,190.946,6.226469298129625,3.098617905370179,-0.57336456,0.4636288822867936,2.634989023083385,0.5569226192443079
2023-11-13,181.996,-2.693246165458628,3.122953344649193,-0.6120974,0.5065873011918911,2.6163660434573024,0.5542203866574885
2023-11-14,180.969,-3.689764162720632,3.146381215561226,-0.62294644,0.549028575736005,2.597352639825221,0.5513443448158933
2023-11-15,176.573,-8.055265448692833,3.16886941106383,-0.6175475,0.5909385317674188,2.577930879296411,0.5482959437996043
2023-11-16,187.649,3.051657105340449,3.190386378659953,-0.6635899,0.6323033669791742,2.558083011680779,0.545076689076733
2023-11-17,185.638,1.0715202478272894,3.210901154291817,-0.6404681,0.6731096538059788,2.537791500485838,0.5416881403098113
2023-11-18,181.149,-3.386412279913568,3.230383395476835,-0.91978407,0.7133443420271364,2.5170390534496985,0.5381319101417209
2023-11-19,193.262,8.75797804150807,3.2488034136527517,-1.1561545,0.7529947610760578,2.4958086525766934,0.5344096629623608
2023-11-20,184.119,-0.3537173583816491,3.266132205700546,-1.1228611,0.7920486220571981,2.474083583643348,0.5305231136572777
2023-11-21,183.587,-0.8544892496746476,3.282341484614511,-1.1058867,0.8304940194716297,2.451847465142881,0.5264740263394785
2023-11-22,184.355,-0.0556039980137937,3.2974037092905744,-1.0894731,0.8683194326526276,2.429084276637947,0.5222642130656667
2023-11-23,188.93,4.549961179030435,3.311292113404856,-1.0745473,0.905513726913078,2.405778386491778,0.517895532538153
2023-11-24,188.322,3.972392647552868,3.3239807333559237,-1.0360454,0.942066154406728,2.381914578949196,0.5133698887936845
2023-11-25,184.929,0.6097413692562292,3.335444435245325,-0.99392885,0.977966354705644,2.357478080539681,0.5086892298804645
2023-11-26,188.175,3.8863155307901622,3.34565894087272,-0.9526419,1.0132043550964418,2.3324545857762784,0.5038555465246186
2023-11-27,186.804,2.545669226354167,3.354600852722626,-0.91582793,1.0477705705983276,2.3068302821242983,0.4988708707873809
2023-11-28,189.723,5.4949910782125135,3.3622476779218347,-0.88267285,1.0816558037060264,2.2805918742158084,0.4937372747142665
2023-11-29,193.052,8.854226437178964,3.3685778511475064,-0.8566569,1.1148512438611922,2.253726607286314,0.4884568689775075
2023-11-30,192.421,8.253370957928151,3.373570756467468,-0.92316985,1.1473484666560234,2.226222289811444,0.4830318015130136
2023-12-01,194.543,10.405420295134531,3.3772067480957646,-1.0911217,1.1791394327731053,2.1980673153226595,0.4774642561531357
2023-12-02,193.648,9.54033740600182,3.379467170047653,-1.3761159,1.210216486665893,2.16925068338176,0.4717564512564892
2023-12-03,183.328,-0.7502607979693041,3.38033437468005,-1.9152492,1.2405723549842895,2.1397620196957603,0.4659106383360994
2023-12-04,191.014,6.964513261419322,3.379791740104491,-1.9735187,1.2702001447502833,2.109591595354208,0.4599291006871277
2023-12-05,185.682,1.6609058844818927,3.3778236864613618,-2.0278578,1.2990933412886707,2.078730345172691,0.4538141520154145
2023-12-06,186.839,2.846328171886825,3.374415691045475,-2.261093,1.3272458059182637,2.047169885127212,0.4475681350680848
2023-12-07,190.616,6.652301623468911,3.369554302274617,-2.5743852,1.3546517734091332,2.014902528865484,0.4411934202674402
2023-12-08,194.61,10.675007399713024,3.3632271524939226,-2.5845444,1.3813058492118104,1.981921303282112,0.4346924043493522
2023-12-09,183.744,-0.1623502504850723,3.3554229696107485,-2.57347,1.4072030064643826,1.948219963146366,0.4280675090073604
2023-12-10,184.952,1.074333559945308,3.3461315875556426,-2.6396952,1.432338582783938,1.9137930047717049,0.4213211795436629
2023-12-11,188.397,4.547989555562218,3.335343955566992,-2.6432755,1.456708276848687,1.8786356787183047,0.4144558835281712
2023-12-12,187.472,3.650215898559724,3.323052146297837,-2.613261,1.4803081447776767,1.8427440015201608,0.4074741094667873
2023-12-13,190.048,6.253553863799132,3.3092493627452244,-2.5864563,1.5031345963148126,1.806114766430412,0.4003783654800393
2023-12-14,190.002,6.234854591741089,3.29392994400336,-2.5543685,1.5251843908244942,1.7687455531788656,0.3931711779931939
2023-12-15,187.348,3.6081134576338174,3.277089369843782,-2.510503,1.54645463310599,1.730634736737792,0.3858550904389458
2023-12-16,190.186,6.473256549245345,3.2587242641266205,-2.462548,1.5669427690341573,1.6917814950924632,0.3784326619737549
2023-12-17,184.227,0.5413248428378457,3.2388323970486983,-2.433341,1.5866465810340622,1.652185816014636,0.3709064662088934
2023-12-18,177.083,-6.575050856039162,3.21741268623545,-2.611056,1.6055641833973169,1.611848502838134,0.3632790899572231
2023-12-19,177.014,-6.616389442565611,3.1944651966849014,-3.091767,1.6236940174480805,1.5707711792368209,0.355553131996711
2023-12-20,164.80700000000002,-18.795569676302097,3.1699911395734075,-3.2222838,1.6410348465667983,1.528956293006609,0.3477312018516639
2023-12-21,183.874,0.2993128737028887,3.143992869933854,-3.183071,1.6575857510798884,1.4864071188539658,0.3398159185926251
2023-12-22,187.329,3.78160293897508,3.1164738832186045,-3.1929483,1.6733461230236504,1.443127760194954,0.3318099096558623
2023-12-23,189.961,6.44046844609195,3.08743881076037,-3.1793869,1.688315660790916,1.399123149969454,0.3237158096833339
2023-12-24,189.077,5.583263362757624,3.0568934141456445,-3.174005,1.702494363668848,1.3543990504767969,0.3155362593840001
2023-12-25,183.08,-0.3870472989247902,3.024844578516235,-3.196242,1.715882526276587,1.3089620522396477,0.307273904417306
2023-12-26,189.088,5.647911539031287,2.9913003048159026,-3.2083533,1.7284807329113652,1.2628195719045374,0.2989313942996371
2023-12-27,160.86700000000002,-22.546154645059744,2.9562697009998,-3.3763394,1.7402898518118373,1.215979849187962,0.2905113813345143
2023-12-28,184.556,1.169828313110443,2.919762972225899,-3.441934,1.75131102934745,1.168451942878449,0.2820165195672551
2023-12-29,163.08100000000002,-20.277855278346955,2.8817914100482467,-3.522978,1.7615456841426158,1.1202457259056309,0.2734494637648031
2023-12-30,177.616,-5.715485706389481,2.8423673806331884,-3.7883525,1.77099550114461,1.0713718794885785,0.2648128684213822
2023-12-31,185.625,2.3209009325020338,2.801504312020503,-3.739349,1.779662425643995,1.0218418863765082,0.2561093867906059
