date,gps_raw_up_mm,gps_detrended_mm,gps_seasonal_mm,hydl_original_up_mm,hydl_seasonal_mm,gps_minus_hydl_mm,poroelastic_mm
2021-01-01,166.53,0.6237182106779607,-0.1919978212069702,-2.112227,1.5194835551568335,-1.7114813763638037,-0.1009423547891068
2021-01-02,168.50699999999998,2.5942687226862944,-0.2877185628288077,-2.2205803,1.5705442856917486,-1.8582628485205563,-0.111174416709008
2021-01-03,166.21099999999998,0.2915608296315647,-0.3837901635682502,-2.3883557,1.6210999439045355,-2.004890107472786,-0.1213320724793312
2021-01-04,170.995,5.068844972064568,-0.4801616527645356,-2.7083018,1.671129399165712,-2.1512910519302477,-0.1314109513474481
2021-01-05,168.30700000000002,2.373837765054028,-0.5767815608499299,-2.707683,1.7206117550855444,-2.2973933159354742,-0.1414067637163409
2021-01-06,169.109,3.168558457468174,-0.6735979641722483,-2.8600082,1.7695263613838756,-2.443124325556124,-0.1513153038063417
2021-01-07,164.609,-1.3389072824382784,-0.770558530313893,-2.8384542,1.8178528255613515,-2.5884113558752446,-0.1611324522156482
2021-01-08,160.86800000000002,-5.087294238535341,-0.8676105638560508,-2.958557,1.8655710243627253,-2.7331815882187764,-0.1708541783773506
2021-01-09,165.08999999999995,-0.8724766174001772,-0.9647010525365348,-2.8997715,1.9126611150231403,-2.877362167559675,-0.1804765429108474
2021-01-10,164.906,-1.063763023778679,-1.0617767137492513,-2.9196982,1.9591035462886044,-3.020880260037856,-0.1899956998656576
2021-01-11,163.323,-2.654060736386425,-1.1587840413330035,-2.890906,2.0048790692020617,-3.163663110535065,-0.1994078988557611
2021-01-12,167.567,1.582634476579793,-1.2556693525971268,-3.1239896,2.049968747646762,-3.305638100243889,-0.2087094870827462
2021-01-13,162.578,-3.4137034270475595,-1.3523788355313302,-3.325491,2.0943539686389543,-3.4467328041702845,-0.217896911246172
2021-01-14,164.67000000000002,-1.3290450914836165,-1.448858596146828,-3.2466943,2.1380164523621272,-3.586875048508955,-0.2269667193396983
2021-01-15,164.827,-1.1793884825495795,-1.545054705896059,-3.203879,2.180938261935376,-3.725992967831435,-0.2359155623316641
2021-01-16,165.72899999999998,-0.2847315660664539,-1.6409132491181289,-3.1297803,2.2231018129087707,-3.8640150620268994,-0.244740195728956
2021-01-17,165.03,-0.9910723078553406,-1.7363803704571812,-3.0653942,2.2644898824788684,-4.00087025293605,-0.2534374810231274
2021-01-18,165.972,-0.0564165227900553,-1.8314023222012588,-2.9926248,2.305085618417888,-4.136487940619146,-0.2620043870178968
2021-01-19,163.029,-3.006815718621946,-1.9259255114891352,-2.9418235,2.3448725477103154,-4.270798059199451,-0.2704379910372769
2021-01-20,166.93099999999998,0.8877916529216642,-2.0198965473331003,-2.875741,2.383834584891099,-4.403731132224199,-0.2787354800137419
2021-01-21,168.47400000000002,2.423154958381386,-2.1132622874058966,-2.8229947,2.421956040079861,-4.535218327485758,-0.2868941514559849
2021-01-22,163.522,-2.536866389258596,-2.205969884540446,-2.8004026,2.459221626705957,-4.665191511246403,-0.2949114142959599
2021-01-23,165.237,-0.8298828965954537,-2.2979668328914458,-2.760261,2.4956164689194766,-4.793583301810923,-0.3027847896150455
2021-01-24,164.33700000000002,-1.737892635329677,-2.389201013708411,-2.803378,2.531126108683714,-4.920327122392125,-0.3105119112493265
2021-01-25,170.043,3.960282580083536,-2.479620740670354,-2.8421316,2.565736512544861,-5.045357253215215,-0.3180905262741089
2021-01-26,171.36399999999998,5.27311780810297,-2.569174804732905,-2.855711,2.5994340780751872,-5.168608882808092,-0.3255184953679611
2021-01-27,169.35,3.250878684081326,-2.65781251843934,-3.262176,2.632205639986136,-5.290018158425476,-0.3327937930566824
2021-01-28,163.27,-2.837467146834422,-2.745483759647798,-3.4798915,2.6640384759083293,-5.409522235556127,-0.3399145078377772
2021-01-29,163.895,-2.2208011108823,-2.832139014627701,-3.4991262,2.6949203118356078,-5.527059326463308,-0.3468788421861265
2021-01-30,167.107,0.9828786656050336,-2.917729420479271,-3.5077949,2.724839327230792,-5.642568747710063,-0.3536851124417065
2021-01-31,168.692,2.559471186188276,-3.002206806830984,-3.6632047,2.753784159791087,-5.755990966622071,-0.360331748580336
2021-02-01,169.854,3.712916529574832,-3.0855237367707145,-3.818383,2.781743909871454,-5.867267646642168,-0.3668172938685776
2021-02-02,164.614,-1.5357766490563185,-3.167633546967316,-3.9856057,2.8087081445646103,-5.976341691531926,-0.3731404044040409
2021-02-03,161.36700000000002,-4.791455602351701,-3.24849038694059,-4.1078696,2.8346669014367363,-6.083157288377326,-0.3792998485424904
2021-02-04,160.917,-5.250118518486593,-3.328049257438452,-4.0391526,2.859610691918238,-6.187659949356689,-0.3852945062132717
2021-02-05,160.54299999999998,-5.6327635856360825,-3.4062660478815325,-3.9828036,2.8835305043493538,-6.289796552230886,-0.391123368124717
2021-02-06,160.59799999999998,-5.586377117178468,-3.4830975728364524,-3.9143944,2.9064178066807083,-6.38951537951716,-0.3967855348613031
2021-02-07,164.08,-2.11296885340106,-3.558501607480358,-3.8440046,2.928264548829271,-6.4867661563096295,-0.4022802158744746
2021-02-08,161.836,-4.3655369807206,-3.632436922020513,-3.7590551,2.949063164690522,-6.581500086711035,-0.4076067283691543
2021-02-09,164.059,-2.151079685553774,-3.7048633150342014,-3.6663675,2.968806573808029,-6.673669888842231,-0.4127644960880925
2021-02-10,162.274,-3.944595154317157,-3.775741645695376,-3.5838425,2.987488182701911,-6.763229828397288,-0.4177530479963177
2021-02-11,161.281,-4.946081573427491,-3.845033864856003,-3.6887097,3.00510188585804,-6.850135750714044,-0.4225720168680635
2021-02-12,165.866,-0.3695371293013849,-3.912703044951577,-3.7600758,3.0216420663802035,-6.934345111331781,-0.4272211377786665
2021-02-13,167.20399999999998,0.9600281168475052,-3.97871340870142,-4.063159,3.037103596307695,-7.015817005009115,-0.431700246504018
2021-02-14,166.632,0.3795897659271354,-4.043030356576315,-4.111765,3.05148183660122,-7.094512193177535,-0.4360092778302795
2021-02-15,169.896,3.635162441626076,-4.10562049300723,-4.2759223,3.064772636800289,-7.170393129807519,-0.4401482637766493
2021-02-16,166.022,-0.2475395002522289,-4.166451651310535,-4.2539153,3.076972334355566,-7.243423985666101,-0.4441173317340833
2021-02-17,163.259,-3.01958670307602,-4.225492917306696,-4.1825027,3.088077753639967,-7.313570670946664,-0.4479167025229394
2021-02-18,162.529,-3.758603447348816,-4.282714651611167,-4.192805,3.09808620464264,-7.380800856253806,-0.4515466883726404
2021-02-19,162.957,-3.3395880340485364,-4.338088510577513,-4.3147335,3.1069954813502165,-7.44508399192773,-0.4550076908264935
2021-02-20,159.635,-6.670538764153149,-4.391587465874758,-4.40913,3.114803859819998,-7.506391325694755,-0.4583001985749137
2021-02-21,160.38,-5.934277288494462,-4.443185822682441,-4.3849006,3.1215100959500863,-7.564695918632527,-0.4614247852203616
2021-02-22,162.095,-4.22798343803483,-4.492859236488566,-4.3534794,3.1271134229516875,-7.619972659440253,-0.4643821069773757
2021-02-23,154.57199999999995,-11.759576415039383,-4.5405847284773575,-4.2942524,3.131613548529125,-7.672198277006482,-0.46717290031116
2021-02-24,157.54999999999998,-8.790135749731144,-4.586340699495372,-4.2160125,3.135010651773296,-7.721351351268668,-0.4697979795182256
2021-02-25,160.411,-5.93765970416721,-4.630106942586284,-4.172754,3.1373053797746566,-7.767412322360941,-0.4722582342526667
2021-02-26,162.177,-4.180146540404701,-4.671864654086344,-4.154453,3.138498843961928,-7.810363498048272,-0.4745546270016915
2021-02-27,163.95100000000002,-2.414594520500548,-4.711596443274188,-4.09671,3.138592616173108,-7.850189059447296,-0.4766881905140814
2021-02-28,163.999,-2.3750019065119528,-4.749286340570523,-4.037784,3.1375887244654117,-7.886875065035934,-0.4786600251852863
2021-03-01,163.04,-3.3423669604958324,-4.7849198042847725,-3.9583278,3.135489648671175,-7.920409452955948,-0.4804712964029225
2021-03-02,164.482,-1.908588628291592,-4.818483725907571,-3.874716,3.132298315706762,-7.950782041614333,-0.4821232318564438
2021-03-03,165.737,-0.6617672317159471,-4.849966433949747,-3.793924,3.12801809464188,-7.977984528591627,-0.4836171188148195
2021-03-04,161.45999999999998,-4.946742495707224,-4.8793576963300325,-3.717903,3.122652791536769,-8.002010487866801,-0.4849543013760466
2021-03-05,162.352,-4.062676540129907,-4.906648721315563,-3.7757325,3.116206644054965,-8.022855365370528,-0.4861361776923614
2021-03-06,163.547,-2.8755675877251226,-4.931832157020756,-3.9252644,3.108684315859489,-8.040516472880245,-0.4871641971750192
2021-03-07,159.621,-6.8094138612339865,-4.954902089472031,-3.8803556,3.10009089080042,-8.054992980272452,-0.488039857682531
2021-03-08,161.98299999999998,-4.455213583397619,-4.975854039247361,-3.8391027,3.090431866902048,-8.066285906149409,-0.4887647026962351
2021-03-09,162.993,-3.452964976957059,-4.994684956701299,-3.8602192,3.079713150157806,-8.074398106859105,-0.4893403184870931
2021-03-10,164.275,-2.178565549673817,-5.011393215787762,-3.8879755,3.0679410481413942,-8.079334263929155,-0.4897683312775894
2021-03-11,159.40699999999998,-7.054030997001691,-5.025978606494606,-3.8377774,3.0551222634425845,-8.08110086993719,-0.4900504044026016
2021-03-12,158.34300000000002,-8.125447927167649,-5.038442325905266,-3.7690194,3.0412638869362563,-8.079706212841522,-0.4901882354730897
2021-03-13,158.198,-8.277469817704604,-5.04878696790468,-3.71984,3.026373390893358,-8.075160358798037,-0.4901835535464407
2021-03-14,165.082,-1.399585614119553,-5.057016511548024,-3.8291552,3.0104586219425107,-8.067475133490534,-0.490038116307276
2021-03-15,158.745,-7.742904379465469,-5.063136308112294,-3.9082692,2.99352779389103,-8.056664102003325,-0.4897537072624823
2021-03-16,163.091,-3.4032066199368094,-5.067153066852359,-3.8458648,2.975589480414257,-8.042742547266617,-0.4893321329542256
2021-03-17,159.105,-7.395490379073316,-5.069074839484509,-3.78379,2.9566526076220145,-8.025727447106524,-0.4887752201946306
2021-03-18,161.677,-4.829753700414589,-5.068911003421767,-3.8404484,2.936726446511124,-8.005637449932891,-0.488084813325787
2021-03-19,158.93699999999998,-7.575994627500417,-5.066672243786992,-3.8804562,2.915820605312911,-7.982492849099903,-0.4872627715086863
2021-03-20,159.666,-6.852972975983453,-5.062370534230694,-3.865467,2.893945021744582,-7.9563155559752765,-0.4863109660446397
2021-03-21,160.20499999999998,-6.3199315981712845,-5.056019116582099,-3.7979968,2.871109955173388,-7.927129071755487,-0.485231277732667
2021-03-22,160.684,-5.846868501345291,-5.047632479363162,-3.8016863,2.847325978702495,-7.894958458065657,-0.4840255942662869
2021-03-23,151.958,-14.578781692786858,-5.037226335196435,-3.7603197,2.8226039711873625,-7.859830306383797,-0.4826958076730703
2021-03-24,160.195,-6.347669179777439,-5.024817597138855,-3.7371423,2.7969551091914786,-7.821772706330334,-0.4812438118002435
2021-03-25,160.61800000000002,-5.9305289695983365,-5.010424353974752,-3.730505,2.7703908588901816,-7.780815212864933,-0.4796714998495585
2021-03-26,158.75400000000002,-7.800010150427569,-4.994065844502336,-3.6728036,2.74292296793128,-7.736988812433616,-0.4779807619645596
2021-03-27,159.0,-7.559469287299297,-4.975762430849112,-3.606493,2.7145634572610597,-7.690325888110171,-0.4761734828733038
2021-03-28,160.227,-6.33776874428317,-4.9555355708524855,-3.5645947,2.685324612924209,-7.640860183776695,-0.4742515395894871
2021-03-29,158.445,-8.124829517913183,-4.933407789543017,-3.510293,2.655218977846105,-7.588626767389123,-0.472216799174858
2021-03-30,157.588,-8.986871810013426,-4.909402649768382,-3.431956,2.6242593436057504,-7.533661993374133,-0.4700711165656863
2021-03-31,160.808,-5.771893521203158,-4.883544721997247,-3.3577626,2.592458742207576,-7.4760034642048225,-0.4678163324659685
2021-04-01,165.31799999999998,-1.2668925521016388,-4.855859553342841,-3.2798057,2.559830437860179,-7.41568999120302,-0.4654542713099474
2021-04-02,164.836,-1.7538952385875086,-4.826373635846849,-3.1972353,2.5263879187699367,-7.3527615546167855,-0.4629867392964091
2021-04-03,159.614,-6.980886733988958,-4.795114374064934,-3.1285806,2.4921448889572364,-7.28725926302217,-0.4604155224971283
2021-04-04,163.297,-3.30285043317118,-4.76211005199587,-3.054212,2.4571152601030244,-7.219225312098894,-0.4577423850417103
2021-04-05,163.031,-3.573783314685735,-4.727389799396725,-2.9858708,2.421313143433056,-7.148702942829781,-0.4549690673809653
2021-04-06,161.477,-5.132684239707611,-4.690983557527241,-2.9221265,2.384752841647187,-7.075736399174428,-0.4520972846308385
2021-04-07,163.315,-3.299551115134377,-4.652922044366888,-2.8913007,2.3474488409007805,-7.000370885267669,-0.4491287249988006
2021-04-08,166.515,-0.1043818478635993,-4.613236719348561,-2.8655188,2.309415802845157,-6.922652522193719,-0.446065048294474
2021-04-09,165.50400000000002,-1.120235265321292,-4.57195974765322,-2.8279586,2.2706685567337845,-6.842628304387004,-0.4429078845261568
2021-04-10,164.97500000000002,-1.654075685541203,-4.529123964110129,-2.791961,2.231222091600718,-6.760346055710847,-0.4396588325847763
2021-04-11,165.418,-1.215949801751522,-4.484762836747526,-2.728416,2.1910915485175946,-6.67585438526512,-0.4363194590166762
2021-04-12,163.97500000000002,-2.664057819740697,-4.438910430038798,-2.6724079,2.150292212935225,-6.589202642974023,-0.4328912968865114
2021-04-13,165.732,-0.9120748808184618,-4.391601367889368,-2.6241243,2.1088395071156416,-6.500440875005009,-0.4293758447314007
2021-04-14,163.635,-3.0141697977965896,-4.342870796409562,-2.5836473,2.0667489826602097,-6.409619779069772,-0.4257745656073459
2021-04-15,159.654,-7.00023278064888,-4.292754346518764,-2.5328836,2.02403631313916,-6.316790659657924,-0.4220888862287986
2021-04-16,164.666,-1.993261807934196,-4.241288096426134,-2.4713762,1.9807172868276868,-6.222005383253821,-0.418320196202126
2021-04-17,163.39999999999998,-3.2642548582115025,-4.188508534033053,-2.395917,1.936807799553448,-6.1253163335865,-0.4144698473535809
2021-04-18,165.97899999999998,-0.6902099100395944,-4.134452519302303,-2.3244557,1.892323847660117,-6.02677636696242,-0.4105391531522527
2021-04-19,165.653,-1.0211480853212611,-4.079157246638905,-2.2586598,1.8472815210913311,-5.926438767730236,-0.4065293882283466
2021-04-20,165.015,-1.6641659187867743,-4.022660207327021,-2.21039,1.8016969965991183,-5.824357203926139,-0.402441787986982
2021-04-21,165.962,-0.7221397248740271,-3.9649991520673904,-2.1486185,1.7555865310806698,-5.720585683148061,-0.3982775483175928
2021-04-22,170.116,3.4268080101899656,-3.906212053658986,-2.0976667,1.7089664550469423,-5.615178508705928,-0.3940378253988431
2021-04-23,167.47600000000003,0.7817667824228203,-3.8463370698684898,-2.0416138,1.6618531662264509,-5.508190236094941,-0.3897237355988694
2021-04-24,165.335,-1.3642327583950131,-3.785412506530576,-2.0742006,1.614263123307208,-5.399675629837784,-0.3853363554704968
2021-04-25,167.25,0.5457306355721414,-3.723476780921425,-2.206746,1.5662128398195585,-5.289689620740983,-0.3808767218409581
2021-04-26,171.691,4.981578838645097,-3.660568385447397,-2.1980565,1.517718878162346,-5.178287263609743,-0.3763458319955023
2021-04-27,166.327,-0.3875898780518407,-3.596725851690163,-2.1375558,1.4687978437746152,-5.065523695464778,-0.3717446439541532
2021-04-28,164.025,-2.694713491931832,-3.5319877148488064,-2.0838268,1.4194663794546722,-4.951454094303479,-0.3670740768407335
2021-04-29,162.62699999999998,-4.097790069043221,-3.4663924786188685,-2.031968,1.3697411598281917,-4.83613363844706,-0.3623350113431535
2021-04-30,162.408,-4.321817675434247,-3.399978580547361,-1.9842675,1.319638885966625,-4.719617466513986,-0.3575282902638259
2021-05-01,162.816,-3.918794377153145,-3.3327843579020264,-1.9724171,1.2691762801569904,-4.601960638059017,-0.3526547191589353
2021-05-02,168.167,1.4273402244417523,-3.2648480140923164,-1.9188052,1.2183700808237956,-4.483218094916112,-0.3477150670651802
2021-05-03,161.536,-5.208627900269327,-3.196207585678528,-1.8579181,1.167237037603589,-4.363444623282117,-0.3427100673124617
2021-05-04,165.491,-1.2585419568142204,-3.1269009100046925,-1.7950921,1.115793906572319,-4.242694816577012,-0.3376404184208876
2021-05-05,163.34099999999998,-3.41343098760029,-3.0569655934897826,-1.7106267,1.064057445625463,-4.121023039115245,-0.3325067850803294
2021-05-06,167.063,0.3037680094062009,-2.9864389806107408,-1.638141,1.0120444100105614,-3.998483390621302,-0.3273097992106574
2021-05-07,158.01299999999998,-8.751004133363132,-2.915358123609827,-1.585785,0.9597715480115512,-3.8751296716213774,-0.3220500611006613
2021-05-08,158.463,-8.305715375807111,-2.8437597529576237,-1.5392163,0.9072555967840256,-3.7510153497416487,-0.3167281406235598
2021-05-09,161.916,-4.85736380298564,-2.7716802486018968,-1.4958904,0.854513278340264,-3.626193526942161,-0.3113445785268722
2021-05-10,164.522,-2.2559474999584643,-2.699155612031414,-1.4384875,0.8015612956826432,-3.500716907714058,-0.3058998877943516
2021-05-11,164.446,-2.336464551785424,-2.626221439182434,-1.3769046,0.7484163290837459,-3.37463776826618,-0.3003945550775378
2021-05-12,163.835,-2.951913043526276,-2.552912894214591,-1.3097202,0.695095032511305,-3.248007926725896,-0.2948290421944243
2021-05-13,161.65099999999998,-5.1402910602408936,-2.479264684181393,-1.2351117,0.6416140301957768,-3.12087871437717,-0.2892037876926076
2021-05-14,163.412,-3.3835966869890246,-2.405311034619414,-1.1695943,0.587989913338193,-2.993300947957608,-0.2835192084742174
2021-05-15,161.84799999999998,-4.951828008830512,-2.3310856660788515,-1.1162487,0.5342392369556296,-2.865324903034481,-0.2777757014798152
2021-05-16,166.72500000000002,-0.0789831108251131,-2.256621771616867,-1.0689701,0.4803785168614717,-2.737000288478338,-0.2719736454283832
2021-05-17,167.859,1.05076240890771,-2.1819519952736,-1.027788,0.4264242267773548,-2.608376222050955,-0.2661134026104323
2021-05-18,166.118,-0.6945996820155318,-2.1071084115495933,-1.0138696,0.3723927955735491,-2.4795012071231426,-0.260195320731179
2021-05-19,163.50799999999998,-3.308983378546976,-2.0321225059017345,-0.9870448,0.3183006046342208,-2.350423110535955,-0.254219734800678
2021-05-20,156.158,-10.663293410277063,-1.9570251562735008,-0.99519545,0.2641639853439164,-2.221189141617417,-0.248186969067712
2021-05-21,157.107,-9.71852793001782,-1.881846615673932,-0.9942744,0.2099992166913709,-2.091845832365303,-0.2420973389941924
2021-05-22,160.18699999999998,-6.642685090581167,-1.806616495818117,-0.9660266,0.1558225229865425,-1.96243901880466,-0.2359511532667524
2021-05-23,162.278,-4.555763044779029,-1.7313637518407123,-0.9333037,0.1016500716866447,-1.8330138235273568,-0.2297487158421604
2021-05-24,165.58999999999995,-1.2477599454234358,-1.6561166680924244,-0.9141388,0.0474979713267368,-1.7036146394191611,-0.2234903280231261
2021-05-25,165.244,-1.597703310597928,-1.5809028450279334,-0.8983551,-0.0066177304497066,-1.5742851145782268,-0.2171762905610404
2021-05-26,164.556,-2.2896621702261646,-1.505749187192323,-0.8351276,-0.0606810487649693,-1.4450681384273536,-0.2108069057821229
2021-05-27,162.257,-4.592537939348534,-1.4306818923114712,-0.8162965,-0.1146760632908917,-1.3160058290205794,-0.204382479733433
2021-05-28,165.315,-1.5382293454380251,-1.3557264414905077,-0.7790507,-0.1685869199472985,-1.1871395215432088,-0.1979033243451597
2021-05-29,163.353,-3.503930746915686,-1.2809075905228413,-0.7248854,-0.2223978325201978,-1.0585097580026437,-0.1913697596055781
2021-05-30,163.34099999999998,-3.5194441144079893,-1.206249362310884,-0.6697169,-0.2760930842049439,-0.9301562781059404,-0.1847821157450349
2021-05-31,165.773,-1.0908349966502553,-1.131775040398028,-0.6129781,-0.3296570290797855,-0.8021180113182425,-0.1781407354253117
2021-06-01,166.27100000000002,-0.596159483377122,-1.0575071636100235,-0.55644023,-0.3830740935151563,-0.6744330700948671,-0.1714459759306981
2021-06-02,170.852,3.981513395487777,-0.9834675218024042,-0.5141037,-0.4363287775242949,-0.5471387442781093,-0.1646982113570961
2021-06-03,167.86200000000002,0.9880892295681378,-0.9096771527092,-0.45842505,-0.4894056560607372,-0.4202714966484626,-0.157897834795478
2021-06-04,166.972,0.0947576487538732,-0.8361563398866908,-0.40503892,-0.5422893802683647,-0.2938669596183261,-0.1510452605060236
2021-06-05,169.593,2.712429357620773,-0.7629246117445188,-0.37396616,-0.5949646786897066,-0.1679599330548121,-0.1441409260792522
2021-06-06,168.005,1.120747486820567,-0.6900007416551439,-0.3461294,-0.6474163584382456,-0.0425843832168982,-0.1371852945805042
2021-06-07,172.03199999999998,5.14354860959253,-0.617402749131147,-0.32158193,-0.6996293063404959,0.0822265572093489,-0.130178856674117
2021-06-08,164.713,-2.179616602804721,-0.5451479020585481,-0.27946123,-0.7515884900536717,0.2064405879951235,-0.1231221327236735
2021-06-09,163.613,-3.283484567169313,-0.4732527199729519,-0.2475359,-0.8032789591647349,0.330026239191783,-0.1160156748647283
2021-06-10,166.767,-0.1332759287207454,-0.4017329783639911,-0.23830608,-0.8546858462766477,0.4529528679126566,-0.1088600690464434
2021-06-11,172.709,5.804586345606055,-0.3306037139922557,-0.27729058,-0.905794368087588,0.5751906540953324,-0.1016559370386016
2021-06-12,168.577,1.668508828081257,-0.2598792312015915,-0.31412697,-0.956589826468954,0.6967105952673625,-0.0944039384005087
2021-06-13,168.104,1.1915010592092408,-0.1895731092083801,-0.30471823,-1.0070576095478545,0.8174845003394742,-0.0871047724083401
2021-06-14,166.739,-0.1777001701043006,-0.1196982103482385,-0.29598677,-1.0571831927997837,0.9374849824515452,-0.0797591799375316
2021-06-15,165.09699999999998,-1.8236075168183867,-0.0502666892593406,-0.24460375,-1.1069521401571394,1.0566854508977988,-0.0723679452968819
2021-06-16,164.362,-2.562440768931596,0.0187099970195872,-0.17830689,-1.1563501051391456,1.1750601021587328,-0.0649318980110798
2021-06-17,168.392,1.4638420616126409,0.0872210780596612,-0.107060894,-1.2053628320086678,1.292583910068329,-0.0574519145484392
2021-06-18,168.146,1.2141587022554483,0.1552564581848236,-0.041506283,-1.2539761569613732,1.409232615146197,-0.0499289199906928
2021-06-19,165.127,-1.8084538877224965,0.2228067037726165,0.011553053,-1.3021760093525043,1.5249827131251208,-0.0423638896417704
2021-06-20,166.517,-0.4219871345611787,0.2898630297390062,0.057079,-1.3499484129665058,1.6398114427055122,-0.0347578505725559
2021-06-21,169.46900000000002,2.526524388285245,0.3564172852345095,0.10172329,-1.3972794873346102,1.7536967725691197,-0.0271118830987071
2021-06-22,171.674,4.7280854061179,0.4224619385797711,0.14583483,-1.4441554491053237,1.8666173876850949,-0.019427122188704
2021-06-23,165.77,-1.1792865961078842,0.4879900614696826,0.19738464,-1.4905626134726626,1.9785526749423448,-0.0117047587993767
2021-06-24,168.608,1.6553116991536403,0.5529953124759814,0.23430581,-1.5364873956668483,2.08948270814283,-0.0039460411362616
2021-06-25,169.61200000000002,2.655676849288656,0.6174719198791149,0.27079073,-1.581916312511964,2.1993882323910787,0.0038477241637701
2021-06-26,170.639,3.6790402311080106,0.6814146638608236,0.30746973,-1.6268359840549769,2.3082506479158003,0.0116751709300713
2021-06-27,171.296,4.332353991227646,0.7448188580897722,0.35065454,-1.6712331352703105,2.4160519933600826,0.0195348724383142
2021-06-28,172.377,5.409378350928376,0.8076803307331691,0.39943534,-1.715094597844018,2.522774928577187,0.0274253404753748
2021-06-29,169.827,2.8552643706716743,0.8699954049278719,0.44501036,-1.7584073120413626,2.6284027169692346,0.035345024491139
2021-06-30,165.28,-1.6962948216676108,0.9317608787452388,0.48784065,-1.8011583286614627,2.732919207406701,0.043292310839252
2021-07-01,174.489,7.508032533768851,0.9929740046843912,0.52314156,-1.8433348110824408,2.836308815766832,0.0512655221087258
2021-07-02,172.394,5.408475699499675,1.053632468729075,0.556372,-1.8849240374003071,2.938556506129382,0.0592629165481868
2021-07-03,177.927,10.937035899945752,1.1137343690037862,0.59251916,-1.925913402664572,3.039647771668358,0.0672826875844343
2021-07-04,169.05,2.0551145072898453,1.1732781940652075,0.6313991,-1.9662904212133765,3.139568615278584,0.0753229634368524
2021-07-05,162.59799999999998,-4.401764106426243,1.2322628008653116,0.6618274,-2.00604272911072,3.2383055299760315,0.0833818068290932
2021-07-06,172.095,5.091019714163668,1.290687392422857,0.67702055,-2.045158086688079,3.335845479110936,0.0914572147993228
2021-07-07,173.166,6.157389858297228,1.3485514952401196,0.7005385,-2.0836243811924726,3.4321758764325923,0.0995471186101785
2021-07-08,169.49800000000002,2.484738756522742,1.4058549365021156,0.74213123,-2.121429629542867,3.5272845660449827,0.1076493837594837
2021-07-09,172.283,5.265162094038537,1.462597821095412,0.7918542,-2.158561981196423,3.621159802291835,0.1157618100925869
2021-07-10,164.096,-2.926576725786671,1.5187805084840358,0.8238738,-2.1950097211259414,3.713790229609977,0.1238821320171081
2021-07-11,169.638,2.6108196676655693,1.5744035894797628,0.8537146,-2.230761272909556,3.805164862389319,0.1320080188206923
2021-07-12,171.11,4.078243979453254,1.6294678629442472,0.8936143,-2.2658052019334574,3.895273064877705,0.1401370750922655
2021-07-13,168.402,1.3656748557386296,1.6839743124603193,0.9465743,-2.300130218708168,3.9841045311684864,0.1482668412471331
2021-07-14,166.122,-0.9188462163318968,1.7379240830096094,0.9885296,-2.3337251822986183,4.071649265308228,0.1563947941561247
2021-07-15,169.09099999999998,2.0458103072839706,1.7913184576936392,1.0194587,-2.366579103867995,4.157897561561634,0.1645183478788481
2021-07-16,167.08,0.0305282710348517,1.84415883453522,1.0433365,-2.398681150335055,4.242839984870274,0.17263485450098
2021-07-17,165.79,-1.263726869613858,1.8964467033966768,1.0629594,-2.430020648144329,4.326467351541006,0.1807416050753713
2021-07-18,171.19699999999995,4.139158201225608,1.9481836230513283,1.1026088,-2.4605870871483373,4.408770710199666,0.1888358306666146
2021-07-19,168.22,1.157704460725086,1.9993711984439972,1.129562,-2.490370124600669,4.489741323044666,0.1969147034985643
2021-07-20,165.296,-1.7707619128131946,2.0500110581762208,1.1448685,-2.5193595892585225,4.569370647434743,0.2049753382041826
2021-07-21,171.011,3.940012145366514,2.1001048322511378,1.1651348,-2.5475454855929627,4.6476503178441,0.2130147931769184
2021-07-22,164.947,-2.1281311454025933,2.149654130112696,1.1808591,-2.5749179981049224,4.724572128217618,0.2210300720227103
2021-07-23,165.069,-2.0099028583019853,2.198660519013197,1.2001874,-2.6014674957446524,4.800128014757849,0.2290181251115467
2021-07-24,168.094,1.0114617053397557,2.247125502742644,1.2221385,-2.627184536432098,4.874310039174741,0.2369758512273929
2021-07-25,173.00799999999998,5.9217872474603706,2.2950505007526707,1.2522488,-2.6520598716753305,4.947110372428002,0.2449000993151484
2021-07-26,167.93800000000002,0.8482558534732672,2.3424368277072785,1.2727718,-2.676084451283947,5.0185212789912255,0.2527876703231738
2021-07-27,175.66899999999998,8.57581181758708,2.3892856734917256,1.3013486,-2.699249428174035,5.0885351016657605,0.260635319139773
2021-07-28,165.375,-1.721488828773158,2.4355980837102877,1.3299346,-2.7215461632610567,5.157144246971344,0.2684397566219147
2021-07-29,168.578,1.478587733755718,2.4813749407027714,1.3614031,-2.742966230436726,5.224341171139498,0.2761976517143141
2021-07-30,167.38500000000002,0.2828062038449994,2.52661694510878,1.3902292,-2.7635014216256635,5.290118366734443,0.2839056336568952
2021-07-31,166.796,-0.30906535471571,2.571324598007928,1.4056222,-2.7831437519174123,5.354468349925341,0.2915602942785095
2021-08-01,166.463,-0.6450712921082835,2.6154981836632416,1.4285182,-2.801885464769074,5.417383648432315,0.2991581903746744
2021-08-02,166.971,-0.1400162396028652,2.659137752894047,1.440491,-2.819719037273625,5.478856790167672,0.3066958461669699
2021-08-03,164.77100000000002,-2.342819344337678,2.7022431071036963,1.4600527,-2.836637185488695,5.538880292592392,0.3141697558416148
2021-08-04,168.756,1.6395722298741862,2.74481378298643,1.4805301,-2.852632869820348,5.597446652806778,0.3215763861646235
2021-08-05,172.294,5.17508598731268,2.7868490379366166,1.496342,-2.867699300456226,5.654548338392843,0.328912179170844
2021-08-06,163.844,-3.2772771852913385,2.828347836182653,1.4989034,-2.881829942842088,5.7101777790247406,0.3361735549240561
2021-08-07,171.262,4.138514000749282,2.869308835666528,1.4967291,-2.895018523195664,5.764327358862191,0.3433569143452085
2021-08-08,170.768,3.6424001340833954,2.909730375689056,1.5016214,-2.9072590340514237,5.816989409740479,0.3504586421057705
2021-08-09,170.078,2.9504120020940947,2.9496104653396427,1.5092965,-2.91854573982977,5.868156205169413,0.3574751095830794
2021-08-10,169.159,2.029550491512389,2.9889467727281502,1.5139619,-2.928873182423857,5.917819955152007,0.3644026778744611
2021-08-11,165.602,-1.5292408863545792,3.0277366150353284,1.5385379,-2.9382361867971127,5.965972801832441,0.3712377008668136
2021-08-12,169.443,2.3100079161133737,3.065976949397084,1.5738643,-2.9466298665843342,6.012606815981418,0.3779765283582643
2021-08-13,172.172,5.037326192074754,3.1036643646364896,1.608487,-2.954049629689066,6.057713994325556,0.3846155092284117
2021-08-14,164.077,-3.059332932902272,3.1407950738563417,1.6396176,-2.960491183869808,6.10128625772615,0.391150994653601
2021-08-15,167.267,0.1292358157961599,3.177364907903679,1.6484036,-2.965950542307401,6.14331545021108,0.3975793413635912
2021-08-16,168.41,1.270930884676472,3.2133693097164637,1.6678252,-2.970424029145906,6.183793338862369,0.4038969149359216
2021-08-17,168.034,0.8937531304117825,3.248803329561314,1.672483,-2.9739082849989984,6.222711614560312,0.4101000931241966
2021-08-18,165.67499999999998,-1.466296590324866,3.2836616211698724,1.6791421,-2.9764002724139265,6.260061893583799,0.4161852692164644
2021-08-19,166.77700000000002,-0.3652115755975842,3.3179384387800197,1.6738118,-2.977897281284859,6.295835720064878,0.4221488554197984
2021-08-20,171.475,4.331908919406869,3.3516276350869623,1.6600181,-2.9783969342074323,6.330024569294395,0.4279872862671461
2021-08-21,170.79,3.645962788895147,3.3847226601077827,1.66145,-2.977897191766136,6.362619851873919,0.4336970220424564
2021-08-22,174.561,7.416140377493415,3.4172165609617164,1.6673173,-2.976396357746156,6.3936129187078725,0.4392745522200554
2021-08-23,168.514,1.3684425015205113,3.4491019825671514,1.6882349,-2.973893084261186,6.422995066828337,0.4447163989142094
2021-08-24,167.733,0.5868564387113437,3.4803711692549832,1.7208502,-2.9703863767886944,6.450757546043677,0.4500191203347737
2021-08-25,170.074,2.92739617607255,3.5110159672966423,1.7658987,-2.965875599104072,6.476891566400715,0.4551793142448064
2021-08-26,166.907,-0.2399374720819365,3.541027828343722,1.7855572,-2.9603604781050192,6.501388306448741,0.4601936214159927
2021-08-27,168.634,1.48704071471006,3.570397813774964,1.7959611,-2.953841108517594,6.524238922292559,0.4650587290777304
2021-08-28,170.64399999999998,3.496957644373777,3.599116599944902,1.8062297,-2.946317957475256,6.545434557420158,0.4697713743556862
2021-08-29,165.791,-1.3559963404694115,3.627174484327232,1.8189071,-2.937791868962249,6.564966353289481,0.4743283476956516
2021-08-30,167.91,0.7633639806424952,3.654561392544666,1.8352317,-2.9282640681127634,6.582825460657429,0.4787264962685127
2021-08-31,168.573,1.4268499217829311,3.6812668862758255,1.8365831,-2.917736165357226,6.599003051633051,0.482962727352158
2021-09-01,168.291,1.1454623253325598,3.7072801720283017,1.823561,-2.9062101604071966,6.613490332435498,0.4870340116861457
2021-09-02,166.006,-1.1387979663280032,3.73259011076597,1.8182923,-2.893688446070397,6.626278556836367,0.4909373867949956
2021-09-03,170.631,3.487179175605457,3.757185228377221,1.837671,-2.8801738118873765,6.637359040264597,0.4946699602759464
2021-09-04,170.487,3.344282288128009,3.781053726969721,1.8468688,-2.8656694475815403,6.646723174551262,0.4982289130470908
2021-09-05,170.537,3.39540294383023,3.804183496976022,1.8530431,-2.8501789463142164,6.654362443290239,0.5016115025517928
2021-09-06,168.556,1.4155486841593263,3.8265621300532144,1.8765848,-2.833706307736652,6.660268437789866,0.5048150659153552
2021-09-07,168.125,0.9858231042592696,3.848176932758665,1.9019461,-2.816255940830851,6.664432873589516,0.5078370230499231
2021-09-08,167.323,0.185227030869437,3.869014940982781,1.9228055,-2.7978326665314084,6.666847607514189,0.5106748797036779
2021-09-09,172.453,5.316746871192192,3.889062935118616,1.9448755,-2.7784417201204774,6.667504655239093,0.5133262304504003
2021-09-10,164.752,-2.382632778953117,3.908307455947109,1.8821393,-2.7580887533883565,6.666396209335465,0.5157887616155619
2021-09-11,164.312,-2.820772372162603,3.926734821215665,1.892268,-2.7367798365521496,6.663514657767815,0.5180602541351526
2021-09-12,167.39499999999998,0.2643304939734325,3.944331142886869,1.9122484,-2.714521459925311,6.65885260281218,0.5201385863435122
2021-09-13,166.306,-0.8224527965906767,3.9610823450330352,1.9260092,-2.6913205353309078,6.652402880363942,0.5220217366865186
2021-09-14,170.019,2.89282173275795,3.976974182351473,1.9302213,-2.6671843972517904,6.644158579603264,0.5237077863565461
2021-09-15,171.601,4.477198173044157,3.991992259274376,1.9457929,-2.642120803710952,6.634113062985328,0.5251949218457007
2021-09-16,171.967,4.845457930058648,4.00612204964637,1.9657248,-2.6161379368756488,6.622259986522019,0.5264814374139037
2021-09-17,171.526,4.406513787954406,4.019348916942039,1.9671274,-2.5892444033790745,6.608593320321113,0.5275657374685128
2021-09-18,172.737,5.619624121256379,4.031658134994733,1.7033579,-2.5614492343536197,6.593107369348353,0.5284463388522288
2021-09-19,165.827,-1.2881528460110625,4.043034909207505,1.5958586,-2.53276188517,6.575796794377505,0.5291218730361618
2021-09-20,169.27800000000002,2.165161731649646,4.0534643982160095,1.606811,-2.503192234876833,6.556656633092842,0.529591088215016
2021-09-21,170.19799999999998,3.0873502503962063,4.062931735972767,1.6213201,-2.472750585335484,6.535682321308251,0.5298528513014589
2021-09-22,170.63,3.521646616661399,4.071422054221415,1.6485535,-2.4414476600453088,6.512869714266724,0.5299061498168633
2021-09-23,170.413,3.3070515448428357,4.078920505329066,1.6809013,-2.409294602654726,6.488215107983792,0.5297500936757014
2021-09-24,167.844,0.740412530137049,4.085412285444301,1.7015024,-2.3763029751538385,6.461715260598139,0.5293839168610053
2021-09-25,169.62,2.518879342577512,4.090882657947836,1.7369016,-2.342484755744646,6.433367413692482,0.5288069789884222
2021-09-26,169.108,2.009338786199781,4.095316977162481,1.7457103,-2.3078523363852232,6.403169313547704,0.5280187667565122
2021-09-27,178.54,11.44390858645232,4.098700712288511,1.5982774,-2.272418520004549,6.37111923229306,0.5270188952810666
2021-09-28,169.236,2.14258239435167,4.101019471530359,1.5360669,-2.236196517385052,6.3372159889154105,0.5258071093113612
2021-09-29,170.78199999999998,3.691367716777475,4.102259026380003,1.5399668,-2.1991999437102288,6.301458970090232,0.5243832843263727
2021-09-30,171.3,4.212265227063945,4.102405336022423,1.5098934,-2.161442814775099,6.263848150797522,0.5227474275091495
2021-10-01,173.123,6.03812934744384,4.10144457182794,1.5109286,-2.122939542857571,6.224384114685512,0.5208996785976275
2021-10-02,169.022,1.9400606076194595,4.099363141896464,1.5122032,-2.0837049322492334,6.183068074145697,0.518840310610376
2021-10-03,166.698,-0.3810403688195718,4.096147715618179,1.542881,-2.043754174444368,6.139901890062547,0.5165697304458375
2021-10-04,167.80200000000002,0.7259567802232838,4.091785248215354,1.5804064,-2.0031028429864306,6.094888091201785,0.5140884793538254
2021-10-05,172.22799999999998,5.155029025758497,4.086263005229808,1.5961379,-1.961766887971587,6.048029893201395,0.5113972332781551
2021-10-06,168.87099999999998,1.8008770753493444,4.0795685869207166,1.5972208,-1.9197626302093345,5.999331217130051,0.508496803069451
2021-10-07,168.346,1.2787575168269032,4.071689952537217,1.6078482,-1.8771067550405365,5.9487967075777535,0.5053881345673076
2021-10-08,167.857,0.792372419160809,4.062615444430764,1.5784783,-1.8338163058136985,5.896431750244463,0.5020723085511478
2021-10-09,171.49800000000002,4.4358750658708015,4.052333811972006,1.5754113,-1.7899086770206436,5.84224248899265,0.4985505405592635
2021-10-10,169.858,2.7984545889450256,4.040834235237349,1.5714985,-1.7454016070931724,5.786235842330521,0.4948241805756833
2021-10-11,165.116,-1.9408885297958116,4.028106348430529,1.557634,-1.700313170862683,5.728419519293212,0.4908947125846576
2021-10-12,170.033,2.9791543128092326,4.014140263004905,1.5271976,-1.654661771685164,5.668802034690069,0.4867637539927198
2021-10-13,174.613,7.5622669656013555,3.998926590452362,1.4619313,-1.60846613323432,5.607392723686682,0.4824330549184243
2021-10-14,173.434,6.386396090590166,3.982456464725296,1.4547708,-1.5617452909660672,5.544201755691363,0.4779044973500224
2021-10-15,172.315,5.270594619430356,3.964721564258439,1.4667372,-1.5145185832579942,5.479240147516434,0.473180094171498
2021-10-16,173.071,6.029579643022616,3.945714133557802,1.4816064,-1.4668056422277918,5.412519775785594,0.4682619880575273
2021-10-17,174.65200000000002,7.613627410048135,3.925427004324553,1.4058473,-1.418626384235086,5.344053388559639,0.4631524502380951
2021-10-18,177.22299999999998,10.187695061140811,3.9038536160822295,1.3588389,-1.370001000071532,5.273854616153762,0.4578538791336494
2021-10-19,177.425,10.392825235535362,3.8809880362761335,1.390657,-1.3209499448443218,5.201937981120455,0.4523687988618213
2021-10-20,170.384,3.355018405581498,3.856824979814673,1.2402531,-1.2714939275587989,5.128318907373472,0.4466998576169089
2021-10-21,173.66799999999998,6.642275043628999,3.8313598280228462,1.1268411,-1.221653900406208,5.053013728429054,0.4408498259234546
2021-10-22,174.498,7.475499603835408,3.804588646978944,0.5804283,-1.1714510477629476,4.976039694741892,0.4348215947654146
2021-10-23,177.708,10.688776876594025,3.7765082052062193,0.44954327,-1.1209067749081696,4.897414980114389,0.4286181735925479
2021-10-24,177.56900000000002,10.552862129854036,3.7471159906921785,-0.33950338,-1.070042696466943,4.817158687159122,0.4222426882058222
2021-10-25,175.015,8.002002951402853,3.716410227208877,-0.68785506,-1.0188806245865007,4.735290851795377,0.41569837852376
2021-10-26,176.54,9.530081865041211,3.684389889908532,-0.82549345,-0.9674425568535634,4.651832446762095,0.4089885962318021
2021-10-27,173.777,6.770185430176047,3.651054720169725,-0.9167156,-0.9157506639610418,4.566805384130767,0.4021168023169043
2021-10-28,173.12900000000002,6.125286862140456,3.616405239670268,-0.9271957,-0.8638272771327871,4.480232516803055,0.3950865644897195
2021-10-29,174.05100000000002,7.050423875866785,3.5804427636639446,-0.9349605,-0.8116948753154665,4.392137638979412,0.3879015544968627
2021-10-30,177.485,10.48701760214126,3.543169413439256,-0.98081595,-0.7593760721468912,4.302545485586148,0.3805655453258729
2021-10-31,171.487,4.491647230877797,3.5045881279392788,-0.9488127,-0.7068936027105469,4.211481730649826,0.3730824083056349
2021-11-01,176.59900000000002,9.606313060916913,3.464702674522981,-1.0896982,-0.654270310086407,4.118972984609388,0.3654561101051405
2021-11-02,169.564,2.574015391099085,3.423517658849239,-1.070037,-0.601529131708347,4.025046790557586,0.3576907096335965
2021-11-03,172.59,5.602754520264883,3.3810385338660627,-1.0454144,-0.5486930855389043,3.929731619404967,0.3497903548450066
2021-11-04,181.871,14.886530747254756,3.3372716078885234,-1.3573278,-0.4957852560723444,3.833056863960868,0.3417592794504733
2021-11-05,174.93800000000002,7.956344370909275,3.2922240517502623,-1.4281992,-0.4428287801773377,3.7350528319276,0.3336017995415806
2021-11-06,174.141,7.162113418565983,3.245903905014362,-1.4876775,-0.389846832790803,3.635750737805165,0.3253223101283217
2021-11-07,165.52700000000002,-1.4490817750702498,3.198320081230798,-1.4512815,-0.3368626124747619,3.53518269370556,0.3169252815951537
2021-11-08,168.167,1.193853743893197,3.1494823722287757,-1.3935957,-0.2838993268483203,3.433381699077096,0.3084152560788499
2021-11-09,174.846,7.875822979761006,3.099401451433551,-1.6823907,-0.2309801779070897,3.3303816293406405,0.2997968437719315
2021-11-10,167.7,0.7328262335987534,3.048088876198538,-1.6598823,-0.178128347242679,3.226217223441217,0.2910747191555391
2021-11-11,165.692,-1.2721361935280124,2.9955570891448207,-1.672953,-0.1253669811750276,3.120924070319848,0.2822536171657099
2021-11-12,169.457,2.496613241595869,2.94181941850139,-1.696025,-0.0727191758106092,3.014538594312,0.2733383292970928
2021-11-13,169.002,2.045321333970119,2.886890077440815,-1.654951,-0.0202079620397405,2.9070980394805552,0.2643336996482335
2021-11-14,168.95,1.9970857673033064,2.830784162406179,-1.6528138,0.0321437095136373,2.798640452892542,0.2552446209126129
2021-11-15,167.429,0.4795988072030601,2.7735176504266468,-1.6757907,0.0843129835761144,2.6892046668505323,0.246076030319719
2021-11-16,170.84199999999998,3.8960635859242903,2.7151073954200475,-1.667394,0.136277115329189,2.5788302800908585,0.2368329055304693
2021-11-17,170.133,3.190504357502695,2.6555711234824324,-1.6116562,0.1880134855199796,2.467557637962453,0.2275202604913856
2021-11-18,165.867,-1.0719990298851636,2.594927427165674,-1.5787629,0.2394996155643397,2.3554278116013343,0.2181431412519593
2021-11-19,171.153,4.217602663211462,2.533195758745571,-1.6282502,0.2907131826281851,2.2424825761173857,0.20870662174971
2021-11-20,167.15,0.2182774175238151,2.4703964224842108,-1.5731689,0.3416320346729065,2.1287643878113043,0.1992157995674665
2021-11-21,167.64200000000002,0.7140093930099618,2.4065505658916138,-1.5365523,0.3922342054505705,2.0143163604410432,0.1896757916674574
2021-11-22,170.519,3.5948146127002643,2.34168016999303,-1.4987043,0.4424979294345367,1.8991822405584933,0.1800917301068191
2021-11-23,170.06199999999998,3.141016142990229,2.275808038609481,-1.4846914,0.4924016566711238,1.7834063819383572,0.1704687577391621
2021-11-24,166.481,-0.4367268687445822,2.2089577866604304,-1.4368665,0.5419240675379096,1.6670337191225209,0.1608120239068545
2021-11-25,166.201,-0.7134142142496693,2.141153827498796,-1.4371393,0.591044087394188,1.5501097401046071,0.1511266801287065
2021-11-26,169.769,2.858507851186812,2.0724213592896943,-1.4366059,0.6397409011091385,1.4326804581805557,0.1414178757877447
2021-11-27,169.14399999999998,2.2374959383165782,2.002786350445529,-1.4169587,0.6879939674533466,1.3147923829921828,0.1316907538237679
2021-11-28,168.182,1.2795503377486566,1.932275524131378,-1.4180477,0.7357830333391643,1.1964924907922136,0.1219504464353891
2021-11-29,168.985,2.086671340092051,1.8609163418557368,-1.3733642,0.7830881478956634,1.0778281939600736,0.1122020707962501
2021-11-30,171.657,4.762859235955751,1.788736986162848,-1.3473122,0.8298896763638507,0.9588473097989972,0.1024507247900848
2021-12-01,167.352,0.4621143159487548,1.7157663424441365,-1.327737,0.8761683137979189,0.8395980286462174,0.0927014827693062
2021-12-02,167.12,0.2344368706800748,1.6420339798872745,-1.2803054,0.9219050985585002,0.7201288813287743,0.0829593913417437
2021-12-03,162.686,-4.1951728092413205,1.5675701315826485,-1.223973,0.9670814255838512,0.6004887059987972,0.0732294651901588
2021-12-04,168.043,1.1666162799148312,1.4924056738079403,-1.1793299,1.01167905942517,0.4807266143827704,0.0635166829291054
2021-12-05,167.133,0.2614764615638787,1.4165721045128647,-1.1323779,1.0556801470322794,0.3608919574805853,0.053825983003689
2021-12-06,166.219,-0.6478087496914386,1.340101521026806,-1.1220137,1.0990672302761908,0.2410342907506153,0.0441622596347108
2021-12-07,172.83599999999998,5.974280040993901,1.263026597013469,-1.1396797,1.1418232581950991,0.1212033388183697,0.0345303588146548
2021-12-08,173.3,6.443426508583112,1.1853805586973665,-1.1367877,1.183931598950719,0.0014489597466473,0.0249350743588963
2021-12-09,170.377,3.5256310079149817,1.1071971603880573,-1.1717552,1.225376051481936,-0.1181788910938788,0.0153811440164804
2021-12-10,168.125,1.2786492507092273,1.0285106593289832,-1.1776356,1.2661408568430506,-0.2376301975140673,0.0058732456447232
2021-12-11,173.869,7.027503813431324,0.9493557898985696,-1.3256507,1.306210709214172,-0.3568549193156024,-0.0035840065481636
2021-12-12,169.65,2.8133367852659337,0.8697677371921404,-1.7087579,1.3455707665714547,-0.4758030293793143,-0.0129860656883043
2021-12-13,176.4,9.5677607660197,0.7897821100140496,-2.1578562,1.3842066610052837,-0.594424550991234,-0.0223284558452092
2021-12-14,173.113,6.285234555314453,0.7094349133101623,-2.3519983,1.422104508674696,-0.7126695953645337,-0.0316067755606903
2021-12-15,167.22699999999998,0.4037583612217048,0.6287625200715824,-2.5987098,1.4592509193867051,-0.8304883993151227,-0.0408167012937822
2021-12-16,167.52100000000002,0.7020909425599302,0.5478016427412465,-2.789975,1.4956330057894691,-0.9478313630482228,-0.0499539907778971
2021-12-17,160.42600000000002,-6.388619483381833,0.4665893041556253,-2.7434864,1.5312383921685753,-1.06464908801295,-0.0590144862865515
2021-12-18,166.13,-0.6800563712926468,0.3851628080544699,-2.7373426,1.5660552228361106,-1.1808924147816406,-0.0679941178040959
2021-12-19,168.884,2.078674536815396,0.3035597091919994,-2.763878,1.6000721701024656,-1.296512460910466,-0.0768889060980029
2021-12-20,171.10500000000002,4.304328836358515,0.2218177830836392,-2.7618585,1.63327844182129,-1.4114606587376508,-0.0856949656893618
2021-12-21,171.147,4.351030830642035,0.1399749954227264,-2.7791698,1.6656637884982997,-1.5256887930755734,-0.0944085077183641
2021-12-22,171.66799999999998,4.876694393533446,0.058069471202229,-2.8828127,1.69721850995514,-1.639149038752911,-0.1030258427016739
2021-12-23,176.647,9.860222127132673,-0.0238605364232101,-3.2765374,1.7279334615398296,-1.7517939979630397,-0.1115433831787064
2021-12-24,176.421,9.63869626513287,-0.1057766774991027,-3.5217266,1.7578000598757784,-1.863576737374881,-0.1199576462439604
2021-12-25,174.27100000000002,7.493007017233788,-0.1876405368208607,-3.7399988,1.7868102881418335,-1.9744508249626944,-0.128265255962698
2021-12-26,172.131,5.357264068833016,-0.269413665634984,-3.971888,1.8149567008761671,-2.084370366511151,-0.1364629456673771
2021-12-27,169.19400000000002,2.4245632170848808,-0.3510576134552586,-4.19769,1.8422324282973617,-2.19329004175262,-0.1445475601324018
2021-12-28,169.628,2.8627233997887767,-0.4325339599571641,-4.2117805,1.868631180136484,-2.301165140093648,-0.1525160576248884
2021-12-29,171.822,5.060920938219628,-0.513804346913568,-4.2838154,1.894147248974358,-2.4079515958879263,-0.1603655118292841
2021-12-30,165.36,-1.396947616083239,-0.5948305101348549,-4.2678905,1.918775513078864,-2.5136060232137187,-0.1680931136438362
2021-12-31,168.421,1.6683116203171124,-0.6755743113763797,-4.275965,1.9425114387374156,-2.618085750113795,-0.1756961728470466
2022-01-01,163.776,-2.972396996004183,-0.7559977701762662,-4.2588153,1.965351082080416,-2.7213488522566824,-0.1831721196324055
2022-01-02,162.999,-3.7450734021736194,-0.8360630955866168,-4.2210393,1.9872910903919,-2.8233541859785167,-0.190518506009851
2022-01-03,165.988,-0.7515134329551123,-0.915732717761282,-4.579375,2.008328702904137,-2.924061420665419,-0.1977330070725549
2022-01-04,163.562,-3.172907795924056,-0.9949693193634156,-4.826394,2.0284617510734755,-3.023431070436891,-0.2048134221277994
2022-01-05,162.977,-3.7527807883141016,-1.07373586675638,-4.916631,2.0476886583352143,-3.1214245250915944,-0.2117576756908591
2022-01-06,164.046,-2.6784284358767,-1.15199564094167,-4.9812155,2.066008439335874,-3.2180040802775443,-0.2185638183409752
2022-01-07,171.101,4.382086615709325,-1.229712268207844,-5.1510086,2.0834206986417168,-3.313132966849561,-0.2252300274386629
2022-01-08,167.47500000000002,0.7614977862810752,-1.3068497504548404,-5.068913,2.099925628922926,-3.406775379377766,-0.2317546077037574
2022-01-09,159.93099999999998,-6.777163769800188,-1.383372495158313,-5.0011396,2.1155240086134226,-3.498896503771736,-0.2381359916537724
2022-01-10,166.951,0.2482539477009822,-1.4592453449391678,-4.928301,2.130217199046801,-3.5894625439859684,-0.2443727399023007
2022-01-11,163.53500000000005,-3.162483981241837,-1.5344336067038404,-4.8753257,2.1440071410694657,-3.678440747773306,-0.250463541317369
2022-01-12,160.906,-5.785682505862527,-1.6089030803214328,-4.8165164,2.1568963511325374,-3.76579943145397,-0.2564072130397994
2022-01-13,162.062,-4.623874416779026,-1.6826200868043004,-4.778373,2.1688879168647075,-3.851508003669008,-0.2622027003618167
2022-01-14,164.021,-2.6590594702249626,-1.7555514959593643,-4.714225,2.179985492128739,-3.935536988088104,-0.2678490764662987
2022-01-15,164.583,-2.09093645016601,-1.8276647534779735,-4.643179,2.190193291564873,-4.017858045042846,-0.2733455420272264
2022-01-16,163.965,-2.702788119181709,-1.8989279074328709,-4.5762825,2.1995160846249497,-4.09844399205782,-0.2786914246720623
2022-01-17,162.497,-4.16445238279319,-1.9693096341514524,-4.51248,2.207959189101585,-4.177268823253037,-0.2838861783069459
2022-01-18,164.352,-2.3031229741447734,-2.038779263435417,-4.443524,2.215528464157343,-4.25430772759276,-0.2889293823057581
2022-01-19,161.14100000000002,-5.507799570925124,-2.107306803097446,-4.3810463,2.2222303028593164,-4.329537105956762,-0.2938207405642659
2022-01-20,162.30700000000002,-4.335397939594854,-2.174862962786673,-4.3647413,2.228071624225108,-4.4029345870117815,-0.2985600804207214
2022-01-21,157.28400000000002,-9.35200398706064,-2.2414191770752496,-4.307435,2.233059864786761,-4.474479041862011,-0.3031473514444439
2022-01-22,162.613,-4.016436225183533,-2.3069476277795595,-4.2340508,2.2372029696796774,-4.544150597459237,-0.3075826240940803
2022-01-23,165.845,-0.777870549300077,-2.3714212654901687,-4.163336,2.240509383264108,-4.611930648754276,-0.311866088247372
2022-01-24,167.666,1.0498645465182754,-2.434813830285953,-4.1029596,2.2429880392873143,-4.677801869573267,-0.315998051604439
2022-01-25,164.47,-2.139758744650733,-2.497099871608522,-4.0323725,2.244648350595055,-4.741748222203578,-0.3199789379667155
2022-01-26,167.30800000000002,0.7047932203805343,-2.558254767274308,-3.9508085,2.2455001984014613,-4.803754965675769,-0.3238092853938335
2022-01-27,161.696,-4.9007393649528685,-2.6182547416025064,-3.8663485,2.24555392112699,-4.863808662729497,-0.3274897442408896
2022-01-28,160.08,-6.510167834648376,-2.6770768826384908,-3.790216,2.244820302814538,-4.9218971854530285,-0.3310210750786809
2022-01-29,165.595,-0.9885911406702474,-2.734699158452967,-3.716566,2.243310561134314,-4.978009719587281,-0.3344041464996199
2022-01-30,164.335,-2.2420089187649346,-2.7911004324986752,-3.6713781,2.241036334988558,-5.032136767487233,-0.3376399328121895
2022-01-31,167.928,1.3575791953211014,-2.8462604780073315,-3.6666918,2.238009671727625,-5.084270149734957,-0.3407295116269208
2022-02-01,158.947,-7.617015245105064,-2.9001599914108733,-3.6165822,2.2342430139894573,-5.134403005400331,-0.3436740613370175
2022-02-02,159.265,-7.292327769958946,-2.952780604771996,-3.5919151,2.229749186174792,-5.182529790946788,-0.3464748584968508
2022-02-03,163.889,-2.661631130234453,-3.004104897210584,-3.5739875,2.224541380571084,-5.228646277781667,-0.349133275101711
2022-02-04,161.12,-5.423924949643424,-3.054116405313383,-3.554526,2.21863314313829,-5.2727495484516735,-0.3516507757722724
2022-02-05,161.629,-4.908124940669259,-3.102799632515987,-3.5037506,2.2120383589703,-5.314837991486287,-0.3540289148473811
2022-02-06,162.43099999999998,-4.09931695624173,-3.150140057447058,-3.4368978,2.204771237446006,-5.354911294893064,-0.3562693333888533
2022-02-07,163.276,-3.2475006073011974,-3.196124141226268,-3.3849964,2.1968462970845173,-5.392970438310785,-0.3583737561021062
2022-02-08,160.623,-5.893675504788218,-3.240739333708596,-3.3366733,2.188278350119292,-5.4290176838278885,-0.3603439881765082
2022-02-09,160.667,-5.842841259643187,-3.2839740786688787,-3.2987761,2.1790824868063656,-5.463056565475244,-0.362181912049465
2022-02-10,164.68,-1.8229974828065256,-3.325817817921935,-3.2569056,2.1692740594821656,-5.4950918774041,-0.3638894840983259
2022-02-11,161.406,-5.089972641199116,-3.3662609943747537,-3.2045794,2.1588686663867143,-5.525129660761468,-0.365468731264283
2022-02-12,163.493,-2.9959422175163244,-3.4052950540086484,-3.140659,2.1478821352683566,-5.5531771892770045,-0.3669217476125312
2022-02-13,163.653,-2.828905796650475,-3.442912446790498,-3.0753577,2.136330506786372,-5.57924295357687,-0.3682506908330066
2022-02-14,163.50799999999998,-2.9668629634939307,-3.4791066265136417,-3.0557487,2.124230017728189,-5.603336644241831,-0.3694577786861187
2022-02-15,154.89,-11.577813302938928,-3.513872049570108,-3.034311,2.1115970840580727,-5.62546913362818,-0.3705452853979336
2022-02-16,154.754,-11.70657484300724,-3.547204172657385,-2.997186,2.098448283814464,-5.645652456471849,-0.3715155380093377
2022-02-17,158.01100000000002,-8.442323791851102,-3.579099449424086,-2.9698977,2.084800339873351,-5.663899789297437,-0.3723709126837639
2022-02-18,161.765,-4.681059707476822,-3.609555326060205,-2.9189548,2.0706701025951992,-5.680225428655405,-0.3731138309781002
2022-02-19,162.27700000000002,-4.161782147890362,-3.638570235838998,-2.8742292,2.0560745323732457,-5.694644768212244,-0.3737467560814603
2022-02-20,167.75699999999998,1.3255093289019615,-3.666143592618781,-2.8521929,2.041030682101004,-5.707174274719785,-0.3742721890265202
2022-02-21,163.639,-2.785537535996137,-3.6922757833141095,-2.8815346,2.0255556795770944,-5.717831462891204,-0.3746926648781549
2022-02-22,167.71800000000002,1.3004301944241203,-3.7169681593472585,-2.9126277,2.0096667098655043,-5.726634869212763,-0.3750107489041449
2022-02-23,164.63,-1.7807522701721168,-3.740223027091993,-2.8940856,1.9933809976296364,-5.733604024721629,-0.3752290327327361
2022-02-24,164.767,-1.6369192517151867,-3.762043637322958,-2.85479,1.9767157894584384,-5.738759426781397,-0.375350130501846
2022-02-25,161.086,-5.311070385951629,-3.7824341736851617,-2.8115819,1.959688336203078,-5.74212250988824,-0.3753766750047287
2022-02-26,160.235,-6.15520530862792,-3.8013997401992174,-2.7717543,1.9423158753426255,-5.743715615541844,-0.3753113138368966
2022-02-27,164.303,-2.0803236554904827,-3.818946347819361,-2.8016953,1.9246156133972447,-5.7435619612166064,-0.3751567055491158
2022-02-28,165.987,-0.389341151057613,-3.835080900062047,-2.8473985,1.906604708407388,-5.741685608469434,-0.3749155158112587
2022-03-01,168.607,2.2376563397063007,-3.849811177724468,-2.8565285,1.8883002524974888,-5.738111430221957,-0.3745904135917967
2022-03-02,165.503,-0.8595167922777791,-3.863145822713183,-2.8466742,1.8697192545425976,-5.732865077255781,-0.3741840673576929
2022-03-03,167.276,0.920325360334736,-3.875094321004211,-2.8786385,1.8508786229563536,-5.725972943960565,-0.3736991412994238
2022-03-04,160.584,-5.765186817321494,-3.885666984756949,-2.8675895,1.8317951486186188,-5.717462133375568,-0.3731382915858258
2022-03-05,158.51000000000002,-7.832682718971364,-3.8948749336054336,-2.8545058,1.812485487961002,-5.707360421566436,-0.3725041626534308
2022-03-06,160.389,-5.947162051040671,-3.9027300751512497,-2.8063004,1.7929661462283484,-5.695696221379598,-0.3717993835348997
2022-03-07,160.296,-6.033624519955263,-3.909245084683559,-2.7526393,1.7732534609342103,-5.682498545617769,-0.3710265642311255
2022-03-08,157.266,-9.05706983214086,-3.914433384152527,-2.703083,1.75336358552808,-5.667796969680607,-0.3701882921315073
2022-03-09,168.512,2.1955023059766954,-3.918309120423365,-2.6738331,1.7333124732920242,-5.651621593715389,-0.3692871284868533
2022-03-10,166.679,0.3689623954081527,-3.9208871428390624,-2.6284301,1.713115861484184,-5.634003004323247,-0.3683256049392847
2022-03-11,161.972,-4.331787765218578,-3.922182980120785,-2.5795758,1.692789255746339,-5.614972235867125,-0.3673062201134576
2022-03-12,168.89399999999998,2.5964797026926214,-3.922212816635501,-2.551,1.6723479147925229,-5.594560731428024,-0.3662314362733295
2022-03-13,170.089,3.797247561971448,-3.920993468061457,-2.6693747,1.6518068353954682,-5.572800303456925,-0.3651036760486255
2022-03-14,163.853,-2.433940104666479,-3.9185423564826016,-2.6302273,1.6311807376872884,-5.54972309416989,-0.363925319235064
2022-03-15,162.385,-3.897136496502835,-3.914877484943778,-2.8542423,1.6104840507905955,-5.5253615357343735,-0.3626986996723096
2022-03-16,163.28599999999997,-2.9913415944164257,-3.910017411499237,-2.8063552,1.589730898795905,-5.499748310295142,-0.3614261022035268
2022-03-17,161.197,-5.075555379286143,-3.903981222787568,-2.781122,1.5689350871008605,-5.472916309888428,-0.3601097597203101
2022-03-18,163.487,-2.780777831990907,-3.8967885071666193,-2.7356482,1.5481100891264528,-5.444898596293072,-0.3587518502966396
2022-03-19,166.81799999999998,0.5549910665903748,-3.888459327442632,-2.8004506,1.5272690334250498,-5.415728360867682,-0.3573544944154274
2022-03-20,164.881,-1.3779310957755313,-3.879014193228204,-2.752868,1.506424691194693,-5.385438884422896,-0.3559197522910828
2022-03-21,163.267,-2.987856433990485,-3.86847403296409,-2.7346718,1.4855894642136611,-5.354063497177751,-0.3544496212914109
2022-03-22,162.35,-3.900785031792336,-3.856860165640338,-2.7233608,1.464775373208938,-5.321635538849276,-0.3529460334620389
2022-03-23,165.836,-0.4107169729188542,-3.844194272252482,-2.683716,1.4439940466718089,-5.288188318924291,-0.3514108531564306
2022-03-24,166.14,-0.1026523411079818,-3.830498367028883,-2.6061013,1.4232567101332383,-5.253755077162121,-0.3498458747744173
2022-03-25,168.86499999999998,2.6264087799024765,-3.815794768465498,-2.5197716,1.402574175911423,-5.2183689443769214,-0.348252820612044
2022-03-26,162.643,-3.5919448048343594,-3.800106070204651,-2.4397774,1.3819568333432084,-5.182062903547859,-0.3466333388253839
2022-03-27,167.714,1.4826896375783654,-3.783455111794386,-2.3752542,1.3614146395107796,-5.1448697513051656,-0.3449890015108297
2022-03-28,171.844,5.616077938745175,-3.7658649493652714,-2.425743,1.3409571104743516,-5.106822059839622,-0.3433213029042383
2022-03-29,165.714,-0.5110776168911948,-3.747358826261388,-2.3975217,1.320593313021202,-5.06795213928259,-0.3416316577011355
2022-03-30,163.14,-3.082244315818929,-3.727960143662493,-2.3753269,1.3003318569407627,-5.028292000603256,-0.3399213995000553
2022-03-31,164.084,-2.1354224177331544,-3.7076924312340336,-2.3234744,1.2801808878350025,-4.987873319069036,-0.3381917793709229
2022-04-01,166.306,0.0893878176712092,-3.6865793178419017,-2.260221,1.260148080472768,-4.946727398314669,-0.3364439645502364
2022-04-02,163.988,-2.225827167100881,-3.6646445023684606,-2.2092354,1.2402406326961444,-4.904885135064605,-0.3346790372646465
2022-04-03,164.197,-2.0140539666019586,-3.6419117246663473,-2.1740658,1.2204652598863623,-4.86237698455271,-0.3328979936843673
2022-04-04,169.079,2.8707071574490683,-3.61840473668631,-2.3916764,1.2008281899961954,-4.819232926682505,-0.3311017430076919
2022-04-05,164.856,-1.349645600816598,-3.594147273815021,-2.3869822,1.1813351591551542,-4.775482432970176,-0.3292911066777234
2022-04-06,165.735,-0.4680082061737645,-3.5691630264586163,-2.3335087,1.161991407853229,-4.731154434311845,-0.3274668177322623
2022-04-07,161.678,-4.522380935792492,-3.543475611907241,-2.2678862,1.14280167770828,-4.686277289615521,-0.3256295202876253
2022-04-08,163.59,-2.6077640668428903,-3.5171085465155785,-2.226525,1.1237702088215695,-4.640878755337148,-0.3237797691570048
2022-04-09,160.678,-5.517157876494961,-3.4900852182338507,-2.1830478,1.1049007377253302,-4.594985955959181,-0.3219180296038078
2022-04-10,164.932,-1.2605626419188043,-3.462428859523351,-2.172207,1.0861964959255843,-4.548625355448936,-0.3200446772302376
2022-04-11,167.088,0.8980213597156053,-3.434162520689959,-2.4343238,1.067660209042821,-4.50182272973278,-0.3181599980012275
2022-04-12,170.80100000000002,4.613458225241482,-3.405309043668624,-2.5067313,1.0492940965524984,-4.454603140221122,-0.3162641884036423
2022-04-13,164.761,-1.424191534508454,-3.3758910362911405,-2.6497557,1.03109987212668,-4.4069909084178205,-0.3143573557405154
2022-04-14,164.58,-1.6028531481199535,-3.345930847068934,-2.8353,1.0130787445774694,-4.359009591646403,-0.3124395185599067
2022-04-15,164.396,-1.784526924589546,-3.315450540521738,-2.8066638,0.9952314194022532,-4.310681959923991,-0.310510607217793
2022-04-16,163.076,-3.102213172913485,-3.2844718730826616,-3.0404284,0.9775581009301264,-4.262029974012788,-0.3085704645742519
2022-04-17,163.013,-3.1629122020882496,-3.253016269608933,-2.9908304,0.9600584950681852,-4.213074764677119,-0.3066188468220082
2022-04-18,166.11200000000002,-0.0616243211101679,-3.221104800527221,-3.0573668,0.942731812645759,-4.16383661317298,-0.3046554244462633
2022-04-19,163.219,-2.9525342451238075,-3.188758159641294,-3.1944292,0.9255767733539672,-4.114334932995261,-0.3026797833145517
2022-04-20,168.466,2.2965472171150862,-3.15599664262913,-3.2784243,0.9085916102773516,-4.064588252906481,-0.3006914258952093
2022-04-21,165.782,-0.3853957829355208,-3.1228401262554986,-3.4634447,0.8917740750136598,-4.014614201269159,-0.2986897726028703
2022-04-22,165.626,-0.5393481720572488,-3.0893080483253006,-3.4518523,0.8751214433772675,-3.964429491702568,-0.2966741632692538
2022-04-23,157.858,-8.305300623417914,-3.0554193884017486,-3.4142478,0.8586305216809643,-3.914049910082713,-0.294643858737337
2022-04-24,157.655,-8.506262879948977,-3.0211926493127472,-3.3422928,0.8422976535903494,-3.863490302903097,-0.2925980425768615
2022-04-25,161.549,-4.610235279603037,-2.986645839467521,-3.2778082,0.8261187275442801,-3.812764567011801,-0.2905358229189537
2022-04-26,160.469,-5.688218160332816,-2.951796456004752,-3.212737,0.8100891847343118,-3.761885640739064,-0.2884562344075038
2022-04-27,163.865,-2.290151771455921,-2.916661468792185,-3.1324353,0.7942040276353535,-3.710865496427539,-0.2863582402647819
2022-04-28,165.11,-1.0430949067166946,-2.881257305296749,-3.0980194,0.7784578290792395,-3.659715134375989,-0.2842407344686403
2022-04-29,165.451,-0.7000478951695408,-2.845599836342906,-3.0375028,0.7628447418621748,-3.6084445782050807,-0.2821025440384925
2022-04-30,165.476,-0.6730110658686907,-2.8097043627760256,-3.0868928,0.7473585088765589,-3.5570628716525845,-0.2799424314271344
2022-05-01,167.322,1.1750152521314643,-2.7735856030462367,-3.0479393,0.731992473756973,-3.50557807680321,-0.2777590970153235
2022-05-02,161.586,-4.559086734282273,-2.737257681727016,-3.0969477,0.7167395920296046,-3.4539972737566207,-0.2755511817059111
2022-05-03,163.382,-2.7611398493572104,-2.700734118981747,-3.0628753,0.7015924427537951,-3.402326561735542,-0.273317269614188
2022-05-04,161.717,-4.424202895570273,-2.6640278209900763,-2.9934711,0.6865432406438061,-3.3505710616338824,-0.2710558908509795
2022-05-05,160.802,-5.337276210708328,-2.6271510713446644,-3.0587869,0.6715838486583631,-3.298734920003028,-0.2687655243949078
2022-05-06,162.676,-3.4613601325582364,-2.590115523427837,-3.1710398,0.6567057910450357,-3.246821314472873,-0.2664446010501222
2022-05-07,160.30700000000002,-5.828454998906889,-2.5529321937762406,-3.2670333,0.6419002668259107,-3.1948324606021514,-0.2640915064856876
2022-05-08,165.80700000000002,-0.3265611475411654,-2.5156114564402823,-3.3828046,0.6271581637105541,-3.1427696201508364,-0.2617045843527113
2022-05-09,165.772,-0.3596789162480003,-2.4781630383441087,-3.4280658,0.6124700724217501,-3.0906331107658587,-0.2592821394751919
2022-05-10,160.175,-5.954808642814145,-2.4405960156503035,-3.4010282,0.5978263014190153,-3.038422317069319,-0.256822441110473
2022-05-11,160.477,-5.650950665026578,-2.402918811132314,-3.3331933,0.5832168920043875,-2.9861357031367013,-0.254323726275084
2022-05-12,158.863,-7.263105320672176,-2.365139192556414,-3.3290105,0.5686316337946045,-2.9337708263510187,-0.2517842031316896
2022-05-13,160.311,-5.813272947537751,-2.327264272073556,-3.3240018,0.55406008054328,-2.8813243526168364,-0.2492020544327496
2022-05-14,160.01299999999998,-6.109453883410289,-2.2893005066202083,-3.3127337,0.5394915662962891,-2.8287920729164977,-0.246575441016448
2022-05-15,160.239,-5.881648466076513,-2.2512536993261034,-3.2377825,0.5249152218631711,-2.7761689211892744,-0.2439025053503588
2022-05-16,160.531,-5.587857033323446,-2.213129001925348,-3.167698,0.5103199915869969,-2.7234489935123447,-0.2411813751182599
2022-05-17,158.331,-7.786079922937901,-2.1749309181661727,-3.0725029,0.495694650394709,-2.6706255685608817,-0.2384101668454387
2022-05-18,159.156,-6.959274966466664,-2.136663308213306,-3.0056295,0.481027821109678,-2.617691129322984,-0.2355869895577894
2022-05-19,158.207,-7.906483852875901,-2.098329394035636,-2.9569066,0.4663079920078119,-2.5646373860434477,-0.2327099484699399
2022-05-20,154.28,-11.831706913657776,-2.059931765770625,-2.890674,0.4515235345983107,-2.511455300368936,-0.2297771486976172
2022-05-21,156.338,-9.771944480304647,-2.0214723890556368,-2.8116357,0.436662721609804,-2.4581351106654408,-0.2267866989894116
2022-05-22,160.342,-5.766196884308686,-1.982952613315112,-2.723714,0.4217137451623879,-2.4046663584775,-0.2237367154730757
2022-05-23,161.719,-4.387464457162281,-1.9443731809913247,-2.6561353,0.4066647351058002,-2.351037916097125,-0.2206253254114664
2022-05-24,159.463,-6.64174753035759,-1.9057342377051965,-2.6107621,0.3915037775037187,-2.297238015208915,-0.2174506709632211
2022-05-25,163.61700000000002,-2.486046435386899,-1.867035343332529,-2.5515234,0.3762189332440597,-2.2432542765765886,-0.2142109129432457
2022-05-26,162.51399999999998,-3.5873615037425983,-1.828275483979724,-2.4760003,0.3607982567547978,-2.1890737407345218,-0.2109042345780793
2022-05-27,164.94500000000002,-1.1546930669167563,-1.7894530848420347,-2.4415882,0.3452298148048278,-2.1346828996468625,-0.2075288452512128
2022-05-28,164.244,-1.8540414564018397,-1.750566023926172,-2.5197513,0.3295017053691459,-2.080067729295318,-0.2040829842334253
2022-05-29,162.841,-3.2554070036899647,-1.7116116466180065,-2.5566025,0.3136020765375216,-2.0252137231555283,-0.2005649243932344
2022-05-30,162.232,-3.86279004027348,-1.6725867810750408,-2.5314956,0.2975191454457652,-1.970105926520806,-0.1969729758825548
2022-05-31,165.249,-0.8441908976446579,-1.6334877544222417,-2.4612288,0.2812412172085758,-1.9147289716308176,-0.1933054897926934
2022-06-01,164.409,-1.6826099072957144,-1.59431040972879,-2.3843317,0.2647567038329186,-1.8590671135617087,-0.1895608617758383
2022-06-02,162.188,-3.902047400718977,-1.5550501237423326,-2.3059752,0.2480541430908461,-1.8031042668331787,-0.1857375356272293
2022-06-03,169.179,3.090497244870836,-1.5157018253563077,-2.252767,0.2311222173306768,-1.7468240426869843,-0.1818340068232432
2022-06-04,168.138,2.050706850590714,-1.4762600147850111,-2.302282,0.2139497722054213,-1.690209786990433,-0.17784882601067
2022-06-05,165.113,-0.9735733037244616,-1.4367187834200967,-2.5711799,0.1965258352974342,-1.633244618717531,-0.1737806024425204
2022-06-06,164.78300000000002,-1.3028504276110442,-1.3970718343414597,-2.5336819,0.1788396346182804,-1.5759114689597402,-0.1696280073557419
2022-06-07,167.178,1.0935744800774785,-1.3573125034543552,-2.4603055,0.1608806169628928,-1.518193120417248,-0.1653897772863104
2022-06-08,170.254,4.17099341945822,-1.3174337812241703,-2.3985233,0.1426384660972632,-1.4600722473214338,-0.1610647173172189
2022-06-09,165.614,-0.4678162571877808,-1.2774283349790794,-2.3073251,0.1241031207589007,-1.40153145573798,-0.156651704254962
2022-06-10,168.286,2.205361364036757,-1.237288531750408,-2.2552521,0.105264792449608,-1.3425533242000158,-0.1521496897302053
2022-06-11,163.217,-2.862953131206161,-1.19700646161967,-2.2567394,0.0861139830001404,-1.2831204446198106,-0.1475577032183984
2022-06-12,168.961,2.8822111281737,-1.156573961540594,-2.4050798,0.0666415018866238,-1.2232154634272177,-0.1428748549762075
2022-06-13,162.938,-3.1396385257826065,-1.1159826396038872,-2.3848908,0.0468384832787395,-1.1628211228826268,-0.1381003388897109
2022-06-14,166.43099999999998,0.3547198286960111,-1.075223899711886,-2.3581245,0.02669640279997,-1.101920302511856,-0.1332334352304268
2022-06-15,171.11,5.034369169932729,-1.0342889666297022,-2.305684,0.0062070939804616,-1.040496060610164,-0.1282735133153431
2022-06-16,166.503,0.4278309457724205,-0.9931689113789232,-2.2457778,-0.014637235616732,-0.9785316757621912,-0.1232200340672176
2022-06-17,162.83100000000002,-3.243839726378198,-0.9518546769396188,-2.2190468,-0.0358439886148558,-0.916010688324763,-0.1180725524715576
2022-06-18,165.377,-0.6974641507347434,-0.9103371042258211,-2.1779227,-0.0574201624066851,-0.8529169418191361,-0.1128307199267914
2022-06-19,162.811,-3.262990468580196,-0.8686069582994244,-2.1173728,-0.0793723341200215,-0.7892346241794028,-0.1074942864842711
2022-06-20,167.485,1.411484578325855,-0.8266549547870121,-2.0412354,-0.1017066459832873,-0.7249483088037247,-0.1020631029748845
2022-06-21,161.96099999999998,-4.112133201114666,-0.7844717864639235,-1.9638816,-0.1244287911086964,-0.660042995355227,-0.0965371230191855
2022-06-22,170.66899999999998,4.596252914228177,-0.7420481499696563,-1.8915893,-0.1475439997100746,-0.5945041502595817,-0.0909164049180796
2022-06-23,166.31099999999998,0.2384876429792903,-0.6993747726183379,-1.8141143,-0.1710570257719957,-0.5283177468463423,-0.0852011134212587
2022-06-24,162.19400000000002,-3.878406990729856,-0.6564424392681403,-1.7259375,-0.1949721341864189,-0.4614703050817214,-0.0793915213707152
2022-06-25,162.741,-3.331156109853421,-0.6132420192131489,-1.637081,-0.2192930883726068,-0.3939489308405421,-0.0734880112168136
2022-06-26,162.235,-3.836806372852247,-0.5697644930613113,-1.5500728,-0.2440231383955779,-0.3257413546657333,-0.0674910764045558
2022-06-27,165.095,-0.9763028402044692,-0.5260009795620049,-1.4507977,-0.2691650095979217,-0.2568359699640831,-0.0614013226278277
2022-06-28,165.22899999999998,-0.8414229760971801,-0.4819427623468071,-1.3653978,-0.2947208917591967,-0.1872218705876104,-0.0552194689495678
2022-06-29,162.747,-3.322271286441328,-0.4375813165472175,-1.3163241,-0.3206924287967153,-0.1168888877505021,-0.0489463487859739
2022-06-30,165.207,-0.8604789293066797,-0.392908335253085,-1.253479,-0.3470807090209098,-0.0458276262321751,-0.0425829107530079
2022-07-01,172.03099999999998,5.965355311453859,-0.3479157557757246,-1.1906445,-0.3738862559579077,0.025970500182183,-0.0361302193736391
2022-07-02,170.02200000000002,3.9580955406742064,-0.3025957856799969,-1.1381714,-0.4011090197514544,0.0985132340714575,-0.0295894556444294
2022-07-03,164.932,-1.1305302138070443,-0.2569409285497565,-1.0943791,-0.4287483691556283,0.1718074406058719,-0.0229619174602295
2022-07-04,166.203,0.1424461317407406,-0.2109440094514765,-1.0804886,-0.4568030841292945,0.2458590746778179,-0.0162490198959308
2022-07-05,169.791,3.73217736494432,-0.1645982000611757,-1.0801674,-0.4852713490425528,0.3206731489813771,-0.0094522953443912
2022-07-06,164.732,-1.3256498565096213,-0.1178970434201792,-1.0397763,-0.5141507465048929,0.3962537030847136,-0.0025733935098224
2022-07-07,170.25799999999998,4.202135211873102,-0.070834478285686,-0.9959514,-0.5434382518240304,0.4726037735383443,0.0043859187438961
2022-07-08,167.798,1.7438388326743692,-0.0234048630425787,-0.9333084,-0.5731302281038761,0.5497253650612974,0.0114237576903306
2022-07-09,163.408,-2.6445510293394827,0.0243970008565809,-0.86436355,-0.6032224219893404,0.6276194228459213,0.0185381231832257
2022-07-10,164.616,-1.4346277929435334,0.0725758459557781,-0.81292284,-0.6337099600650489,0.706285806020827,0.0257268992448493
2022-07-11,165.828,-0.2206096331497584,0.121135916395897,-0.74708885,-0.6645873459143719,0.7857232623102689,0.0329878547997886
2022-07-12,164.13,-1.9169081311340403,0.17008094608243,-0.6773656,-0.695848457844495,0.865929403926925,0.0403186445538416
2022-07-13,163.712,-2.333056040751842,0.2194141374510467,-0.60931224,-0.7274865472825431,0.94690068473359,0.0477168100174787
2022-07-14,165.743,-0.3000543375367734,0.2691381408608735,-0.5505393,-0.7594942378471028,1.0286323787079763,0.0551797806731763
2022-07-15,165.28799999999998,-0.753025041234721,0.3192550346445131,-0.50504106,-0.791863525098799,1.1111185597433122,0.0627048752857334
2022-07-16,161.703,-4.336304555629755,0.3697663058431122,-0.4658881,-0.8245857769728164,1.1943520828159286,0.0702893033545298
2022-07-17,163.86100000000002,-2.176360766061022,0.4206728316538771,-0.41433182,-0.8576517348956372,1.2783245665495144,0.0779301667064876
2022-07-18,161.615,-4.420294884918867,0.4719748616166279,-0.36554083,-0.8910515155874583,1.3630263772040865,0.08562446122834
2022-07-19,159.409,-6.6239262565573,0.5236720005650917,-0.31069264,-0.9247746135511208,1.4484466141162124,0.0933690787366361
2022-07-20,167.52700000000002,1.496670466069558,0.5757631923676573,-0.24650541,-0.9588099042476036,1.534573096615261,0.1011608089837365
2022-07-21,167.495,1.467280930432644,0.628246704481418,-0.18627833,-0.993145647957464,1.6213923524388818,0.1089963417978934
2022-07-22,167.923,1.8977021349616368,0.6811201133422689,-0.1376201,-1.0277694943268236,1.7088896076690925,0.1168722693553399
2022-07-23,165.158,-0.865134780340751,0.7343802906129111,-0.08683417,-1.0626684875958774,1.7970487782087885,0.1247850885821474
2022-07-24,160.94400000000002,-5.077157389065704,0.7880233903094458,-0.050357547,-1.0978290725070896,1.8858524628165356,0.13273120368346
2022-07-25,167.212,1.1931434433134904,0.8420448368262956,-0.027771292,-1.1332371008895683,1.975281937715864,0.1407069287975363
2022-07-26,167.19,1.173435845422521,0.896439313878027,0.012460473,-1.1688778389154169,2.065317152793444,0.1487084907719029
2022-07-27,168.22899999999998,2.214253042521013,0.9512007543754952,0.057807177,-1.2047359750231013,2.1559367293985963,0.1567320320587396
2022-07-28,170.117,4.10404285786189,1.00632233125272,0.08735986,-1.2407956285022144,2.2471179597549344,0.1647736137264962
2022-07-29,166.541,0.5297353521431436,1.0617964492596452,0.10907659,-1.2770403587332873,2.3388368079929327,0.1728292185845765
2022-07-30,162.488,-3.5214059446102493,1.1176147377347214,0.13571809,-1.3134531750756209,2.4310679128103425,0.1808947544177898
2022-07-31,168.064,2.056803603601093,1.1737680443702367,0.16297844,-1.350016547395406,2.5237845917656427,0.1889660573271377
2022-08-01,169.259,3.2540015507464544,1.2302464299818507,0.1873636,-1.386712417225738,2.616958847207589,0.1970388951733592
2022-08-02,173.005,7.002250529290087,1.28703916429282,0.19538666,-1.4235222095494495,2.71056137384227,0.2051089711195395
2022-08-03,167.33999999999995,1.3396189223748252,1.344134722741978,0.2278551,-1.4604268451950138,2.804561567936992,0.2131719272689482
2022-08-04,166.71800000000002,0.7200021406202461,1.4015207843233697,0.26056117,-1.4974067538351277,2.8989275381584974,0.2212233483941707
2022-08-05,165.663,-0.3324993851325861,1.459184230464199,0.2768357,-1.5344418875769523,2.993626118041152,0.2292587657534613
2022-08-06,169.416,3.4230645418836945,1.5171111449463677,0.29944918,-1.5715117351322836,3.088622880078651,0.2372736609901458
2022-08-07,165.64,-0.3504070572485913,1.5752868148757837,0.3371635,-1.608595336555437,3.183882151431221,0.245263470110795
2022-08-08,167.006,1.01823716776953,1.6336957327021928,0.37099904,-1.645671298535858,3.279367031238051,0.2532235875377871
2022-08-09,165.989,0.0040486449555876,1.6923215992910492,0.4065882,-1.6827178102320142,3.375039409523064,0.2611493702317725
2022-08-10,161.111,-4.870973520093124,1.7511473280476766,0.43145943,-1.7197126596324357,3.4708599876801123,0.2690361418794817
2022-08-11,166.541,0.5622287473334651,1.8101550500926933,0.46095785,-1.7566332504292883,3.566788300521982,0.2768791971422135
2022-08-12,165.83700000000002,-0.1385885217784084,1.869326120486342,0.49727646,-1.793456619389221,3.662782739875563,0.2846738059602718
2022-08-13,163.993,-1.9792386482311757,1.9286411254981064,0.5295489,-1.8301594542057589,3.758800579703865,0.2924152179085376
2022-08-14,167.052,1.0833365079525628,1.9880798909167752,0.55904156,-1.866718111816961,3.854798002733736,0.3000986665983013
2022-08-15,167.47400000000002,1.5090196544156114,2.0476214913947057,0.57058126,-1.903108637171548,3.9507301285662537,0.3077193741204072
2022-08-16,167.429,1.467867211186806,2.1072442608189714,0.58630854,-1.939306782426218,4.04655104324519,0.3152725555247211
2022-08-17,166.569,0.6118783074283409,2.166925803700611,0.5994815,-1.9752880265564168,4.142213830257028,0.3227534233308566
2022-08-18,168.742,2.7889653322367107,2.2266430075721293,0.6214476,-2.011027595362336,4.2376706029344655,0.3301571920650806
2022-08-19,170.883,4.934036348091099,2.2863720563820507,0.6545794,-2.0465004818515093,4.33287253823356,0.3374790828182492
2022-08-20,165.396,-0.549073237674579,2.346088444874189,0.6781507,-2.081681466978932,4.427769911853121,0.3447143278196151
2022-08-21,167.56099999999998,1.6201017622949665,2.405766993937988,0.70189106,-2.1165451407252656,4.522312134663254,0.3518581750213098
2022-08-22,170.973,5.036448980266063,2.4653818669152274,0.7253784,-2.151065923493253,4.616447790408481,0.358905892688283
2022-08-23,167.56099999999998,1.6286625141339752,2.5249065868471576,0.7383603,-2.185218087802204,4.710124674649361,0.3658527739884764
2022-08-24,166.881,0.9529293879791264,2.5843140546449166,0.7586296,-2.218975780259937,4.803289834904854,0.3726941415779826
2022-08-25,166.11999999999998,0.1962791356352613,2.6435765681650407,0.7772453,-2.252313043791433,4.895889611956473,0.3794253521759668
2022-08-26,169.234,3.314543384313224,2.702665842170775,0.7981885,-2.285203840102927,4.987869682273702,0.386041801124095
2022-08-27,164.244,-1.6711928078615443,2.7615530291587445,0.81210935,-2.31762207236015,5.079175101518894,0.3925389269252686
2022-08-28,169.958,4.0474433549604365,2.8202087410294454,0.8221762,-2.3495416080589533,5.169750349088399,0.3989122157564341
2022-08-29,172.40800000000002,6.50218992704132,2.878603071579199,0.8464263,-2.380936302066455,5.259539373645654,0.4051572059503026
2022-08-30,165.67100000000002,-0.2300651901149746,2.9367056197898957,0.86637414,-2.411780019810607,5.348485639600503,0.4112694924408126
2022-08-31,166.92000000000002,1.0238612594012988,2.994485513892168,0.88638836,-2.442046660595893,5.436532174488061,0.4172447311672268
2022-09-01,167.703,1.81183602310424,3.051911436176419,0.91119766,-2.4717101810226687,5.523621617199088,0.4230786434317724
2022-09-02,168.262,2.3757465994408955,3.108951648525478,0.9440577,-2.5007446184876225,5.609696267013101,0.4287670202058117
2022-09-03,166.34199999999998,0.4607334248877719,3.165574018641516,0.96802884,-2.529124114742604,5.6946981333841205,0.434305726379555
2022-09-04,165.272,-0.6040954387183324,3.221746046939197,0.9793652,-2.5568229394890287,5.778568986428226,0.4396907049504046
2022-09-05,168.083,2.212371106054703,3.2774348940761064,0.99426484,-2.5838155139850314,5.861250408061138,0.4449179811450863
2022-09-06,170.516,4.6510225648300345,3.33260740909073,1.02033,-2.610076434642425,5.942683843733155,0.4499836664707764
2022-09-07,166.732,0.8728577296542883,3.387230158117576,1.0361978,-2.635580496590576,6.022810654708152,0.4548839626905412
2022-09-08,165.75,-0.1035240447980552,3.4412694536482067,1.0444213,-2.660302717184227,6.1015721708324335,0.4596151657184595
2022-09-09,170.22,4.372219260427157,3.4946913843063463,1.0387241,-2.68421835943242,6.178909743738766,0.4641736694299034
2022-09-10,171.838,5.99610828210975,3.547461845104616,1.0524703,-2.7073029553256487,6.254764800430264,0.4685559693825457
2022-09-11,169.36399999999998,3.527913978033125,3.5995465681497367,1.0736539,-2.72953232903847,6.329078897188207,0.4727586664437567
2022-09-12,172.147,6.316795751220946,3.6509111537626193,1.0787418,-2.750882619984904,6.401793773747523,0.4767784703201627
2022-09-13,170.597,4.772866144260711,3.701521101979122,1.0847194,-2.771330305704088,6.47285140768321,0.4806122029852448
2022-09-14,170.977,5.158807132192001,3.751341844396861,1.0960747,-2.7908522245537197,6.54219406895058,0.4842568020009746
2022-09-15,168.585,2.772925444374325,3.8003387763329752,1.1220497,-2.809425598189139,6.609764374522115,0.4877093237296017
2022-09-16,165.55700000000002,-0.2487803111732178,3.8484772892574086,1.1473727,-2.8270280538059094,6.6755053430633176,0.4909669464318343
2022-09-17,170.858,5.058967855601416,3.895722803465768,1.1609089,-2.8436376461241024,6.73936044958987,0.4940269732477779
2022-09-18,170.672,4.87946320822782,3.942040800955768,1.071916,-2.8592328790926804,6.801273680048448,0.4968868350571393
2022-09-19,164.749,-1.0368479727404043,3.9873968584707447,1.0257095,-2.873792727292632,6.861189585763377,0.4995440932153345
2022-09-20,172.92,7.141032895637228,4.0317566806736265,0.9743505,-2.8872966570177705,6.9190533376913965,0.5019964421622795
2022-09-21,169.493,3.721104396301119,4.0750861334145885,0.94744533,-2.89972464701246,6.974810780427048,0.5042417119007961
2022-09-22,167.68,1.915118104348608,4.1173512770553895,0.9611269,-2.911057208845812,7.028408485901202,0.506277870341712
2022-09-23,168.66400000000002,2.9063264339843218,4.1585183998133886,1.0049727,-2.921275406902238,7.079793806715626,0.5081030255128766
2022-09-24,166.39499999999998,0.6447279305540214,4.1985540510881405,1.0570327,-2.9303608779686456,7.128914929056786,0.5097154276294921
2022-09-25,162.991,-2.7516788605963245,4.237425074733455,1.1030046,-2.9382958503989105,7.1757209251323655,0.5111134710232962
2022-09-26,167.678,1.9434686647964063,4.275098642237884,1.1370564,-2.9450631628366684,7.220161805074552,0.5122956959283138
2022-09-27,169.398,3.6718013504753344,4.3115422857766665,1.168974,-2.950646282477927,7.262188568254594,0.5132607901210481
2022-09-28,169.654,3.936317796714593,4.346723931098247,1.1920434,-2.95502932285537,7.301753253953617,0.5140075904131561
2022-09-29,171.005,5.296016603788295,4.380611930208768,1.2036434,-2.958197061126779,7.338808991335547,0.5145350839948252
2022-09-30,170.356,4.65589637197065,4.413175093817948,1.2265816,-2.960134954850371,7.373310048668319,0.5148424096272323
2022-10-01,169.179,3.487955701535751,4.444382723510276,1.2360787,-2.9608291582304664,7.405211881740742,0.5149288586826514
2022-10-02,173.254,7.571946184914637,4.4742046436055,1.2601589,-2.960266537817266,7.434471181422766,0.5147938760309463
2022-10-03,167.441,1.7681202536456904,4.502611232672884,1.2839575,-2.958434687645217,7.461045920318101,0.5144370607713656
2022-10-04,169.66600000000005,4.002359419334173,4.5295734546640825,1.3057451,-2.95532194379482,7.484895398458903,0.5138581668087345
2022-10-05,170.876,5.2217761149981525,4.555062889629756,1.3309118,-2.9509173983634382,7.505980287993195,0.5130571032733215
2022-10-06,168.836,3.191368885983473,4.579051763985776,1.369725,-2.945210912831113,7.524262676816889,0.5120339347838366
2022-10-07,169.876,4.241136277635979,4.601512980295093,1.4014846,-2.938193130808109,7.539706111103202,0.5107888815532047
2022-10-08,167.957,2.332076835301458,4.622420146532065,1.4234661,-2.9298554901513785,7.552275636683444,0.5093223193369333
2022-10-09,169.78099999999998,4.1661891043257935,4.64174760479657,1.4447738,-2.9201902344378623,7.561937839234432,0.5076347792240837
2022-10-10,174.744,9.139471630054834,4.659470459445908,1.4631983,-2.909190423783116,7.568660883229024,0.5057269472710371
2022-10-11,172.74,7.145922957834326,4.675564604612899,1.4837121,-2.896849944994359,7.572414549607258,0.5035996639784203
2022-10-12,172.685,7.101224953134577,4.690006751079745,1.4956751,-2.883163521047785,7.57317027212753,0.5012539236117587
2022-10-13,172.952,7.378684235745555,4.702774452477479,1.497333,-2.868126719880535,7.570901172358014,0.4986908733665819
2022-10-14,176.393,10.830299304117071,4.713846130781826,1.5250789,-2.851735962488437,7.565582093270263,0.495911812378907
2022-10-15,177.489,11.937068656698813,4.723201101077109,1.5417116,-2.8339885303213213,7.55718963139843,0.4929181905821944
2022-10-16,171.868,6.3269907919405615,4.730819595560591,1.5451193,-2.8148825719683472,7.545702167528939,0.4897116074120599
2022-10-17,167.667,2.13706420829207,4.736682786760441,1.557358,-2.794417109126525,7.531099895886966,0.4862938103601843
2022-10-18,170.889,5.37028740420304,4.740772809941624,1.5864435,-2.772592041846252,7.513364851787876,0.482666693379068
2022-10-19,175.28199999999998,9.77465887812324,4.74307278467467,1.6109734,-2.749408153048459,7.492480937723129,0.478832295139419
2022-10-20,176.881,11.38517712850244,4.74356683554338,1.6384205,-2.7248671123085844,7.468433947851964,0.4747927971421597
2022-10-21,173.239,7.754840653790385,4.742240111968536,1.6441383,-2.69897147890339,7.441211590871926,0.4705505216871932
2022-10-22,171.55599999999998,6.083647952436781,4.739078807125466,1.5199505,-2.6717247041172856,7.410803511242752,0.4661079297012411
2022-10-23,168.624,3.163597522891406,4.734070175934664,1.4990002,-2.643131132805561,7.377201308740226,0.4614676184272279
2022-10-24,167.163,1.7146878636040332,4.72720255210538,1.426927,-2.6131960042126785,7.340398556318059,0.45663231897785
2022-10-25,172.322,6.8859174730243256,4.718465364213378,1.4070902,-2.581925452044442,7.30039081625782,0.4516048937561224
2022-10-26,168.963,3.5392848496021085,4.70784915079515,1.3594916,-2.549326503793631,7.257175654588781,0.4463883337458531
2022-10-27,171.773,6.361788491787115,4.69534557444177,1.3375281,-2.5154070793193672,7.210752653761137,0.4409857556751432
2022-10-28,174.976,9.57742689802905,4.680947434877024,1.3334491,-2.4801759886812373,7.161123423558261,0.4354003990561622
2022-10-29,175.62900000000002,10.242892207459697,4.664648681005296,1.3284763,-2.443642929229888,7.1082916102351845,0.4296356231045932
2022-10-30,174.329,8.955379966348865,4.646444421916005,1.296159,-2.40581848195651,7.052262903872515,0.4236949035422669
2022-10-31,175.027,9.666009654419122,4.626330936832555,1.2776192,-2.3667141071044044,6.993045043936959,0.4175818292866624
2022-11-01,176.116,10.767779705567031,4.604305683994903,1.0627656,-2.326342139046434,6.930647823041337,0.411300099031067
2022-11-02,176.602,11.266688553689132,4.580367308466027,0.95720536,-2.284715780432965,6.865083088898992,0.404853517719314
2022-11-03,174.982,9.659734632681996,4.554515648853854,0.9352106,-2.241849095615508,6.796364744469361,0.3982459929191488
2022-11-04,169.016,3.706845977042706,4.526751742941357,0.7971601,-2.197757003352037,6.724508746293395,0.3914815310983816
2022-11-05,173.39,8.094093364802125,4.497077832218752,0.39999264,-2.1524552688005905,6.649533101019342,0.3845642338080992
2022-11-06,170.72,5.437475219141984,4.465497365313003,0.28062323,-2.105960494808462,6.571457860121464,0.3774982937773184
2022-11-07,169.263,3.993989963244084,4.432015000311012,-0.07686327,-2.058290112504954,6.490305112815967,0.3702879909235585
2022-11-08,171.446,6.190538723529263,4.396636605974071,-0.30778897,-2.0094623712063053,6.406098977180376,0.3629376882839114
2022-11-09,172.982,7.740214576006467,4.359369261842545,-0.38368246,-1.9594963276420716,6.318865589484616,0.3554518278712791
2022-11-10,168.77800000000002,3.5500159294491733,4.320221257230729,-0.38355663,-1.908411834512877,6.228633091743607,0.3478349264605286
2022-11-11,164.30700000000002,-0.9070588073693036,4.279202089113337,-0.3931487,-1.8562295283900625,6.135431617503399,0.3400915713093949
2022-11-12,164.55800000000002,-0.6420112256754602,4.236322458905963,-0.43301874,-1.8029708169683565,6.03929327587432,0.3322264158190409
2022-11-13,170.409,5.223254380064915,4.19159426814348,-0.40821984,-1.7486578656833844,5.940252133826864,0.3242441751392425
2022-11-14,164.696,-0.4753582342018139,4.145030613061165,-0.38722053,-1.6933135837062812,5.838344196767446,0.3161496217232398
2022-11-15,163.803,-1.3535339654183685,4.096645778084741,-0.3486088,-1.6369616093283557,5.733607387413096,0.3079475808373343
2022-11-16,163.603,-1.5384654137729306,4.046455228236773,-0.30525634,-1.5796262947492987,5.626081522986072,0.2996429260303798
2022-11-17,162.441,-2.685172273227702,3.994475600467835,-0.27374175,-1.5213326902829163,5.515808290750751,0.2912405745683442
2022-11-18,165.989,0.87826745376552,3.940724693922197,-0.23917738,-1.4621065279949752,5.402831221917173,0.2827454828391634
2022-11-19,168.854,3.758819488864378,3.885221459148896,-0.2070581,-1.401974204788178,5.287195663937074,0.2741626417331354
2022-11-20,167.381,2.30149850032011,3.827985986270153,-0.18132214,-1.3409627649499216,5.168948751220075,0.2654970720041329
2022-11-21,171.829,6.76530298971713,3.769039492120298,-0.15251361,-1.2790998821787751,5.0481393742990734,0.2567538196169183
2022-11-22,166.446,1.3982272919943417,3.708404306369321,-0.1532842,-1.216413841106256,4.924818147475577,0.2479379510858707
2022-11-23,167.78799999999998,2.7561118083259,3.646103856646505,-0.13626303,-1.1529335183308682,4.799037374977373,0.239054548810436
2022-11-24,164.18,-0.836117296594272,3.582162652680388,-0.13929121,-1.0886883629817432,4.67085101566213,0.2301087064126008
2022-11-25,167.625,2.6247293006558903,3.516606269472504,-0.1444046,-1.0237083768296995,4.540314646302203,0.221105524081692
2022-11-26,168.203,3.218610816740074,3.449461329523387,-0.17614652,-0.9580240939639392,4.407485423487326,0.2120501039317951
2022-11-27,170.226,5.257618788705267,3.380755484130218,-0.19574343,-0.8916665600528773,4.272422044183095,0.2029475453770458
2022-11-28,173.679,8.726751633841731,3.310517393776524,-0.252477,-0.8246673112080575,4.135184704984582,0.1938029405300427
2022-11-29,171.033,6.097007769439815,3.238776707635336,-0.24464436,-0.7570583524703915,3.995835060105727,0.1846213696285821
2022-11-30,176.32,11.400385612789837,3.165564042208029,-0.38268504,-0.6888721359382669,3.854436178146296,0.1754078964958869
2022-12-01,173.307,8.403883581182045,3.09091095912201,-0.8261391,-0.6201415385573549,3.711052497679365,0.1661675640394426
2022-12-02,172.029,7.142500091906833,3.0148499421113164,-0.8270384,-0.5508998395922596,3.565749781703576,0.1569053897935207
2022-12-03,168.646,3.7762335622544234,2.9374143732049447,-0.8328862,-0.4811806978003486,3.418595071005293,0.14762636151039
2022-12-04,170.97,6.116965358440982,2.8586385081486028,-1.0308596,-0.4110181283283705,3.269656636476973,0.1383354328051732
2022-12-05,171.403,6.566807768095248,2.778557451086283,-1.182601,-0.3404464793526582,3.119003930438941,0.1290375188592234
2022-12-06,166.482,1.662759191173913,2.69720712852882,-1.1910716,-0.2695004084838634,2.966707537012683,0.1197374921868197
2022-12-07,166.656,1.8535013477579505,2.6146242626373306,-1.1892685,-0.1982148589574319,2.8128391215947626,0.1104401784699115
2022-12-08,171.384,6.598329765821467,2.530846343850055,-1.3660132,-0.1266250356310421,2.6574713794810974,0.1011503524655341
2022-12-09,170.22,5.451254047239138,2.4459116028817225,-1.458327,-0.0547663808104578,2.50067798369218,0.0918727339904509
2022-12-10,167.30100000000002,2.549216769224972,2.35985898212528,-2.006814,0.017325450074739,2.3425335320505414,0.0826119839874503
2022-12-11,170.736,6.001273598077097,2.2727281064862623,-2.2211785,0.0896146129239191,2.183113493562343,0.0733727006776504
2022-12-12,161.576,-3.1416201237184533,2.1845592536806384,-2.2519784,0.1620650995251004,2.022494154155538,0.0641594158030328
2022-12-13,166.72899999999998,2.0289378153156856,2.0953933240275284,-2.2539139,0.2346407621998506,1.860752561827678,0.0549765909633281
2022-12-14,167.47400000000002,2.7915934888198173,2.0052718097685136,-2.251402,0.3073053385117543,1.6979664712567593,0.0458286140512493
2022-12-15,164.823,0.1583452865955483,1.914236763945777,-2.2397673,0.3800224760168182,1.5342142879289589,0.0367197957899482
2022-12-16,162.11700000000002,-2.5296913504810417,1.8223307688716024,-2.1993496,0.452755757034128,1.3695750118374743,0.0276543663764393
2022-12-17,165.582,0.9535195775320228,1.7295969042221897,-2.1593297,0.5254687234152225,1.204128180806967,0.0186364722346127
2022-12-18,167.957,3.3467303509843727,1.6360787147889084,-2.1205971,0.5981249012907348,1.0379538134981736,0.0096701728812977
2022-12-19,165.816,1.2239154541826296,1.541820177920518,-2.0788696,0.6706878257728395,0.8711323521476786,0.0007594379087314
2022-12-20,166.948,2.374187173089538,1.4468656706899237,-2.1067638,0.7431210655922963,0.7037446050976274,-0.0080918559133944
2022-12-21,166.702,2.146543905995698,1.3512599368194036,-2.1316044,0.8153882476489456,0.535871689170458,-0.016879927413256
2022-12-22,167.33100000000002,2.793928277011193,1.2550480533982065,-2.1129217,0.8874530814546921,0.3675949719435143,-0.0256010936667064
2022-12-23,165.242,0.7233529989106171,1.1582753974266164,-2.170862,0.9592793834482072,0.1989960139784092,-0.034251772518838
2022-12-24,162.425,-2.0751256830613216,1.0609876122206092,-2.2231474,1.0308311011607725,0.0301565110598369,-0.0428284849747228
2022-12-25,164.02700000000002,-0.4543762970962368,0.9632305737112444,-2.2366698,1.102072337212905,-0.1388417635016609,-0.0513278574569233
2022-12-26,165.92000000000002,1.457550485546342,0.8650503566728711,-2.3166404,1.172967373121692,-0.3079170164488207,-0.0597466239275291
2022-12-27,166.265,1.8215599664179565,0.7664932009142514,-3.2209878,1.2434806928989464,-0.4769874919846949,-0.068081627872639
2022-12-28,168.648,4.223607566407375,0.6676054774664866,-3.2985764,1.3135770064206642,-0.6459715289541776,-0.0763298241473856
2022-12-29,166.563,2.157735895099289,0.5684336548016203,-3.4167333,1.383221272548501,-0.8147876177468806,-0.0844882806797653
2022-12-30,169.435,5.048943367257307,0.4690242651154829,-4.173983,1.4523787219843474,-0.9833544568688644,-0.0925541800317195
2022-12-31,168.109,3.742132691346612,0.3694238707081943,-4.44763,1.5210148798393803,-1.151591009131186,-0.1005248208160781
2023-01-01,163.629,-0.7186810056646185,0.269679030495504,-4.456132,1.5890955878993676,-1.3194165574038634,-0.1083976189681669
2023-01-02,170.017,5.688579180507977,0.1698362666837885,-4.4424653,1.6565870265683298,-1.4867507598845413,-0.1161701088710503
2023-01-03,167.97799999999998,3.668808254920161,0.0699420316411992,-4.4191055,1.723455736473106,-1.6535137048319068,-0.1238399443335677
2023-01-04,170.808,6.517975769284903,-0.029957325002792,-4.512583,1.7896686397116954,-1.8196259647144877,-0.1314048994205011
2023-01-05,171.537,7.265895655169344,-0.1298155889978197,-4.9552903,1.8551930607287648,-1.985008649726584,-0.1388628691343918
2023-01-06,167.00799999999998,2.7557770442703307,-0.2295867138216596,-4.9539475,1.9199967468020604,-2.1495834606237203,-0.1462118699487127
2023-01-07,163.75500000000002,-0.4783410620945372,-0.3292248527070043,-5.1057296,1.9840478881239672,-2.3132727408309712,-0.1534500401922798
2023-01-08,169.523,5.30864607977129,-0.428684390315753,-5.40094,2.047315137462912,-2.475999527778665,-0.1605756402849753
2023-01-09,168.886,4.6906842622263545,-0.5279199740309505,-5.6760554,2.109767629389756,-2.6376876034207064,-0.167587052825033
2023-01-10,166.06199999999998,1.885717819352456,-0.6268865448371919,-5.807297,2.1713749990548474,-2.798261543892039,-0.1744827825283201
2023-01-11,167.785,3.627797536219136,-0.7255393677609099,-5.934694,2.232107400501897,-2.9576467682628067,-0.1812614560202376
2023-01-12,162.28500000000005,-1.8536113368393312,-0.8238340618425668,-5.992762,2.291935524505356,-3.1157695863479224,-0.1879218214810323
2023-01-13,159.831,-4.288876220703184,-0.9217266296134368,-6.2218604,2.3508306159184693,-3.272557245531906,-0.194462748145505
2023-01-14,166.519,2.4179585417773817,-1.019173486050427,-6.5571284,2.408764490519798,-3.4279379765702247,-0.2008832256582677
2023-01-15,171.34,7.257503338081449,-1.1161314869829635,-6.6504135,2.4657095513464165,-3.58184103832938,-0.2071823632858871
2023-01-16,165.937,1.8730303196539493,-1.2125579569269405,-6.603064,2.521638804502697,-3.734196761429637,-0.2133593889874264
2023-01-17,165.373,1.327293502952236,-1.3084107163212388,-6.479951,2.576525874434044,-3.884936590755282,-0.2194136483450667
2023-01-18,163.445,-0.582557385548774,-1.403648108143406,-6.533365,2.630345018655571,-4.033993126798977,-0.2253446033566691
2023-01-19,165.74800000000002,1.738594741018635,-1.4982290238816314,-6.4641848,2.6830711419262467,-4.181300165807878,-0.2311518310922946
2023-01-20,157.398,-6.593338232096484,-1.5921129288412412,-6.3216796,2.734679809859692,-4.326792738700933,-0.2368350222168826
2023-01-21,161.149,-2.824158534551647,-1.6852598867646518,-6.206025,2.785147261963336,-4.470407148727988,-0.242393979381437
2023-01-22,161.887,-2.067910600513445,-1.777630583744693,-6.094228,2.834450424098261,-4.612081007842954,-0.2478286154852397
2023-01-23,165.872,1.9353681988277245,-1.869186351412008,-5.981112,2.882566920352671,-4.751753271764679,-0.2531389518117636
2023-01-24,159.09400000000002,-4.824544078897041,-1.9598891893784027,-5.8770003,2.929475084322538,-4.889364273700941,-0.2583251160411143
2023-01-25,157.446,-6.454246493477599,-2.049701786918637,-5.7751803,2.975153969793545,-5.024855756712182,-0.263387340141981
2023-01-26,162.65699999999998,-1.2249693535818635,-2.1385875438743644,-5.66498,3.019583360819115,-5.158170904693479,-0.2683259581462188
2023-01-27,159.091,-4.772628258476458,-2.2265105907648164,-5.578353,3.062743781189876,-5.2892543719546925,-0.2731414038093336
2023-01-28,161.745,-2.10029800144771,-2.313435808089785,-5.4844007,3.1046165032905706,-5.418052311380356,-0.2778342081602811
2023-01-29,159.001,-4.82599165979427,-2.3993288448114622,-5.402547,3.1451835563409998,-5.544512401152462,-0.2824049969441115
2023-01-30,164.747,0.9383266660801566,-2.484156136002813,-5.2911935,3.184427734018232,-5.668583870021045,-0.2868544879611481
2023-01-31,162.433,-1.3573836192240571,-2.567884919650977,-5.1999345,3.222332601457921,-5.790217521108898,-0.2911834883064816
2023-02-01,166.05,2.278086957026572,-2.650483252605414,-5.1149907,3.2588825016331464,-5.909365754238561,-0.2953928915137143
2023-02-02,163.407,-0.3466639784616798,-2.7319200256614224,-5.0325255,3.294062561109894,-6.025982586771317,-0.2994836746069749
2023-02-03,164.048,0.312550566804644,-2.81216497777078,-5.0356264,3.327858695178797,-6.140023672949576,-0.3034568950653631
2023-02-04,166.446,2.7287115360180696,-2.8911887093721718,-4.98037,3.360257612363441,-6.251446321735612,-0.3073136877040621
2023-02-05,163.248,-0.4512514167113979,-2.9689626948353385,-5.2289834,3.39124681830611,-6.360209513141449,-0.3110552614764836
2023-02-06,160.07299999999998,-3.60825621400343,-3.0454592940136256,-5.1872106,3.420814619032415,-6.466273913046041,-0.3146828962018789
2023-02-07,156.172,-7.491287451351225,-3.1206517629009864,-5.1473346,3.4489501235969344,-6.569601886497921,-0.3181979392229646
2023-02-08,159.391,-4.254218563163443,-3.194514263390244,-5.081563,3.475643246112448,-6.670157509502692,-0.3216018019981685
2023-02-09,158.68699999999998,-4.940201530953943,-3.267021872130688,-5.012794,3.500884707166043,-6.767906579296732,-0.3248959566332071
2023-02-10,169.291,5.681854926407754,-3.3381505884839764,-4.961644,3.524666034625874,-6.86281662310985,-0.3280819323567502
2023-02-11,159.85,-3.741415649649657,-3.4078773415784283,-4.9328403,3.546979563842951,-6.954856905421379,-0.3311613119450191
2023-02-12,165.33700000000002,1.7632517256943971,-3.4761799964627857,-4.8655505,3.567818437252861,-7.043998433715647,-0.3341357281002032
2023-02-13,159.458,-4.098290896585609,-3.5430373593615485,-4.834776,3.5871766033829307,-7.130213962744479,-0.3370068597876514
2023-02-14,164.855,1.3161047987663568,-3.608429182035042,-4.8773336,3.60504881527079,-7.213477997305832,-0.3397764285368294
2023-02-15,160.41,-3.1115630455220837,-3.672336165248264,-4.818584,3.621430628300903,-7.293766793549167,-0.3424461947110833
2023-02-16,159.508,-3.9962962867233154,-3.734739961353761,-4.7572274,3.636318397466101,-7.371058358819862,-0.3450179537512791
2023-02-17,163.025,-0.4620967821096589,-3.795623175994474,-4.6787653,3.6497092740617,-7.445332450056174,-0.3474935323984212
2023-02-18,163.599,0.129033611046484,-3.854969368933782,-4.5974092,3.6616012018202064,-7.516570570753988,-0.3498747849003723
2023-02-19,158.09599999999998,-5.35692420288178,-3.912763054020608,-4.529027,3.6719929124952047,-7.584755966515813,-0.3521635892078147
2023-02-20,158.941,-4.494937128259925,-3.968989698298696,-4.472279,3.680883920903388,-7.649873619202083,-0.3543618431645985
2023-02-21,164.059,0.64029727225837,-4.023635720269778,-4.5301847,3.6882745194341946,-7.711910239703972,-0.3564714606976317
2023-02-22,156.775,-6.626690240851959,-4.0766884873215465,-4.6125894,3.694165772036997,-7.770854259358543,-0.3584943680114569
2023-02-23,156.977,-6.407518970306054,-4.128136312332004,-4.6853094,3.6985595076961184,-7.826695820028123,-0.3604324997926542
2023-02-24,159.002,-4.365331705958598,-4.177968449462714,-4.8417377,3.701458313404468,-7.879426762867181,-0.3622877954291894
2023-02-25,159.124,-4.226225905690335,-4.226175089154405,-4.859481,3.702865526646944,-7.929040615801349,-0.3640621952498106
2023-02-26,161.06799999999998,-2.2652033515473247,-4.272747352338975,-5.006491,3.702785227405109,-7.975532579744083,-0.3657576367885535
2023-02-27,169.95499999999998,6.638896556580856,-4.317677283883009,-5.2448115,3.701222229695098,-8.018899513578107,-0.3673760510793999
2023-02-28,161.722,-1.5771810731925082,-4.360957845278464,-5.558794,3.698182072650963,-8.059139917929427,-0.3689193589860685
2023-03-01,161.846,-1.4363540997419295,-4.402582906597111,-5.589598,3.693671011166112,-8.096253917763223,-0.3703894675718945
2023-03-02,162.693,-0.5725338845353964,-4.442547237725883,-5.5790377,3.687696006105726,-8.13024324383161,-0.3717882665146726
2023-03-03,164.355,1.1061896221211471,-4.480846498901133,-5.560912,3.680264714103412,-8.161111213004546,-0.3731176245713036
2023-03-04,163.492,0.2600087189858495,-4.5174772305603295,-5.6991453,3.671385476955591,-8.18886270751592,-0.3743793860969969
2023-03-05,160.964,-2.2512671328479565,-4.552436842530496,-5.8791327,3.66106731062746,-8.213504153157956,-0.3755753676237224
2023-03-06,153.484,-9.714464707904686,-4.585723602573181,-5.893425,3.649319893884496,-8.235043496457678,-0.3767073545025194
2023-03-07,159.40699999999998,-3.774765520548425,-4.6173366243065015,-5.941639,3.636153556563893,-8.253490180870395,-0.3777770976141893
2023-03-08,150.154,-13.011158051685404,-4.6472758545251365,-6.0524826,3.621579267500353,-8.268855122025489,-0.3787863101528049
2023-03-09,160.029,-3.119657588279222,-4.6755420599399065,-6.128349,3.605608622121002,-8.281150682060908,-0.3797366644863784
2023-03-10,160.549,-2.583238819608191,-4.702136813358913,-6.590391,3.5882538297242954,-8.290390643083208,-0.3806297890989241
2023-03-11,154.73700000000002,-8.378788107099824,-4.727062479332724,-6.5935106,3.5695277004579964,-8.29659017979072,-0.3814672656180501
2023-03-12,162.15699999999998,-0.9424322867910766,-4.750322199286567,-6.737229,3.5494436320114326,-8.299765831298,-0.3822506259320936
2023-03-13,161.526,-1.557018288572115,-4.771919876162807,-7.1112647,3.528015596037379,-8.299935472200186,-0.3829813494007072
2023-03-14,163.026,-0.0406276521350759,-4.791860158597449,-7.5881724,3.505258124319036,-8.297118282916484,-0.3836608601626766
2023-03-15,160.702,-2.3483556801413306,-4.8101484246547015,-7.6038914,3.481186294697641,-8.291334719352342,-0.3842905245446193
2023-03-16,159.93699999999998,-3.0971910340450397,-4.826790765143887,-7.4997277,3.455815716776369,-8.282606481920256,-0.384871648574092
2023-03-17,156.15,-6.868135351023924,-4.841793966543396,-7.369976,3.429162517416184,-8.27095648395958,-0.3854054756004905
2023-03-18,156.16299999999998,-6.839190268255745,-4.855165493556476,-7.2213917,3.4012433260394155,-8.256408819595892,-0.3858931840269913
2023-03-19,157.45899999999995,-5.527357422918231,-4.8669134713239455,-7.2864976,3.372075259756771,-8.238988731080717,-0.3863358851566321
2023-03-20,160.261,-2.709188711239934,-4.877046667319036,-7.3204103,3.3416759083335887,-8.218722575652624,-0.3867346211554913
2023-03-21,162.80800000000002,-0.1461232901263081,-4.88557447294981,-7.2580075,3.3100633190110527,-8.195637791960863,-0.387090363135764
2023-03-22,162.435,-0.5031759505805022,-4.892506884894494,-7.209783,3.2772559811981026,-8.169762866092597,-0.3874040093613813
2023-03-23,163.499,0.5766653224516642,-4.897854486195479,-7.2087617,3.2432728110497155,-8.141127297245195,-0.3876763835786638
2023-03-24,153.608,-9.298775997054983,-4.901628427137383,-7.169901,3.208133135947169,-8.109761563084552,-0.3879082334743253
2023-03-25,156.114,-6.7773216952858935,-4.903840405934894,-7.0859714,3.1718566788957863,-8.075697084830681,-0.3881002292629958
2023-03-26,153.53300000000002,-9.342919412830916,-4.904502649255958,-6.959788,3.13446354285566,-8.03896619211162,-0.3882529624062498
2023-03-27,155.948,-6.912623241267506,-4.903627892605794,-6.8330555,3.095974195020581,-7.999602087626375,-0.3883669444649564
2023-03-28,160.11800000000002,-2.7273374750612502,-4.901229360597166,-7.1944604,3.056409451060434,-7.9576388116576,-0.3884426060866091
2023-03-29,161.548,-1.281841678390451,-4.897320747132307,-7.2124815,3.0157904593420564,-7.913111206474364,-0.3884802961290962
2023-03-30,158.802,-4.01244550251741,-4.891916195521444,-7.1256638,2.974138685143444,-7.866054880664887,-0.3884802809222119
2023-03-31,158.12300000000002,-4.676150477364308,-4.885030278563157,-7.04834,2.931475894875991,-7.816506173439148,-0.3884427436680238
2023-04-01,161.266,-1.5179581328533216,-4.876677978611087,-7.0822306,2.8878241403292826,-7.76450211894037,-0.3883677839810261
2023-04-02,158.497,-4.271856331740165,-4.866874667651617,-7.0739727,2.84320574295272,-7.710080410604336,-0.3882554175688407
2023-04-03,158.61700000000002,-4.136859899722929,-4.855636087416753,-7.0436754,2.7976432781880454,-7.653279365604797,-0.388105576054027
2023-04-04,154.465,-8.273970364699949,-4.842978329556057,-6.9703913,2.7511595598666005,-7.594137889422657,-0.3879181069373897
2023-04-05,157.962,-4.762085870661596,-4.828917815891293,-6.8760467,2.703777624684919,-7.532695440576212,-0.3876927737029909
2023-04-06,159.84300000000002,-2.8663085200684963,-4.813471278776967,-6.8515043,2.65552071677193,-7.468991995548897,-0.3874292560648746
2023-04-07,152.96,-9.73463982550922,-4.796655741589581,-7.018374,2.606412272360843,-7.403068013950424,-0.3871271503553422
2023-04-08,155.921,-6.75908129957212,-4.778488499368074,-6.924308,2.5564759045784524,-7.334964403946527,-0.386785970054423
2023-04-09,163.48399999999998,0.8183655451543559,-4.75898709962737,-6.8512497,2.505735388364312,-7.264722487991682,-0.3864051464600039
2023-04-10,157.965,-4.686467352720147,-4.738169323366538,-6.7984977,2.4542146455318994,-7.1923839688984375,-0.3859840294978916
2023-04-11,153.87,-8.76741035618651,-4.716053166292613,-6.844384,2.401937729983592,-7.117990896276204,-0.3855218886709088
2023-04-12,157.244,-5.379369296883507,-4.692656820280532,-6.755212,2.3489288130909243,-7.041585633371456,-0.3850179141459318
2023-04-13,153.259,-9.350422202611558,-4.667998655089142,-6.649764,2.2952121692512404,-6.963210824340383,-0.3844712179775998
2023-04-14,155.181,-7.414586761341402,-4.6420972003527,-6.526791,2.240812161631529,-6.88290936198423,-0.3838808354672555
2023-04-15,159.19,-3.3918644943768324,-4.614971127866632,-6.416657,2.1857532281098284,-6.80072435597646,-0.3832457266554757
2023-04-16,160.773,-1.7952569230215407,-4.586639234185761,-6.3456473,2.130059867424258,-6.716699101610019,-0.3825647779464062
2023-04-17,160.97,-1.584765568579365,-4.557120423552612,-6.3483367,2.0737566255392856,-6.630877049091898,-0.3818368038619084
2023-04-18,157.86,-4.681391952354011,-4.526433691172691,-6.3697453,2.0168680822385365,-6.543301773411227,-0.3810605489233805
2023-04-19,155.529,-6.99894806734212,-4.494598106853025,-6.344199,1.9594188379529716,-6.454016944805996,-0.380234689658927
2023-04-20,157.448,-5.066619812928895,-4.461632799019588,-6.2733765,1.9014335008329148,-6.363066299852503,-0.3793578367333966
2023-04-21,154.672,-7.829402674727678,-4.427556939128456,-6.2014027,1.842936674071957,-6.270493613200413,-0.3784285371986399
2023-04-22,155.501,-6.987303990348787,-4.392389726484995,-6.0933304,1.7839529434904229,-6.176342669975418,-0.3774452768611748
2023-04-23,157.901,-4.574325252139682,-4.356150373484464,-6.030692,1.7245068653855269,-6.080657238869991,-0.3764064827642993
2023-04-24,159.509,-2.9534679524478897,-4.318858091286808,-5.949368,1.664622954655108,-5.983481045941916,-0.375310525781528
2023-04-25,160.633,-1.8167335836209435,-4.280532075937707,-5.8314357,1.6043256732012268,-5.884857749138933,-0.3741557233180848
2023-04-26,157.993,-4.4441236380062845,-4.241191494947041,-5.736844,1.5436394186196016,-5.784830913566643,-0.3729403421170391
2023-04-27,157.149,-5.275639607951438,-4.200855474335331,-5.6365247,1.4825885131803649,-5.683443987515696,-0.3716626011665283
2023-04-28,159.002,-3.4102829858038604,-4.159543086157835,-5.512127,1.421197193105192,-5.5807402792630265,-0.3703206747043695
2023-04-29,158.28,-4.120055263911127,-4.11727333651523,-5.3789115,1.3594895981454302,-5.47676293466066,-0.3689126953162389
2023-04-30,156.024,-6.363957934620655,-4.0740651540590855,-5.280758,1.2974897614654035,-5.37155491552449,-0.3674367571234597
2023-05-01,158.949,-3.426992490279993,-4.029937378999416,-5.223461,1.235221599834666,-5.265158978834082,-0.3658909190563265
2023-05-02,163.297,0.9328985458761848,-3.984908752620981,-5.222639,1.1727089041324454,-5.157617656753426,-0.364273208208759
2023-05-03,157.663,-4.689436775307003,-3.9389979073139743,-5.151986,1.1099753301671975,-5.048973237481172,-0.3625816232699882
2023-05-04,159.371,-2.969904275778267,-3.892223357124248,-5.1114554,1.0470443898136594,-4.939267746937908,-0.3608141380288429
2023-05-05,158.414,-3.915505453320829,-3.844603488827089,-5.127695,0.9839394424694168,-4.828542931296505,-0.3589687049461276
2023-05-06,156.259,-6.059241805717952,-3.7961565535280632,-5.193981,0.9206836868325105,-4.716840240360574,-0.3570432587904684
2023-05-07,156.916,-5.39111483075295,-3.746900658793412,-5.1398444,0.8573001530012251,-4.6042008117946365,-0.3550357203329132
2023-05-08,155.644,-6.652126026209055,-3.6968537613118966,-5.215263,0.7938116948967604,-4.4906654562086565,-0.3529440000955034
2023-05-09,155.614,-6.671276889869607,-3.64603366008899,-5.116352,0.7302409830090103,-4.376274643098,-0.3507660021489239
2023-05-10,156.509,-5.765568919517804,-3.594457990173738,-5.0010576,0.6666104974653828,-4.261068487639121,-0.3484996279543027
2023-05-11,158.334,-3.930003612937012,-3.5421442169176864,-4.9128494,0.6029425214219877,-4.145086738339674,-0.3461427802441257
2023-05-12,161.159,-1.0945824679104272,-3.4891096307645344,-4.8190184,0.5392591347763218,-4.028368765540856,-0.3436933669372
2023-05-13,157.483,-4.760213892105182,-3.435371342568489,-4.7230062,0.4755822082000028,-3.910953550768492,-0.3411493050825268
2023-05-14,158.801,-3.43199504497095,-3.380946279438404,-4.6035776,0.4119333974897982,-3.792879676928202,-0.3385085248269022
2023-05-15,150.63899999999998,-11.583927410122593,-3.325851181104184,-4.4902177,0.3483341382347811,-3.6741853193389655,-0.3357689734010225
2023-05-16,155.116,-7.097012471175092,-3.2701025968010944,-4.357805,0.2848056407970631,-3.5549082375981573,-0.3329286191188282
2023-05-17,154.347,-7.856251711743424,-3.213716882666964,-4.2268624,0.2213688856031697,-3.4350857682701337,-0.3299854553848044
2023-05-18,161.086,-1.1076466154425235,-3.156710199646533,-4.1139803,0.1580446187427615,-3.3147548183892943,-0.3269375047039122
2023-05-19,155.718,-6.466198665887412,-3.099098511896464,-4.0012097,0.0948533478710578,-3.193951859767522,-0.3237828226888294
2023-05-20,157.84799999999998,-4.326742797891021,-3.0408975856840144,-3.882134,0.0318153384109431,-3.0727129240949576,-0.3205195020591611
2023-05-21,155.73000000000002,-6.435451644665897,-2.9821229887714287,-3.76817,-0.0310493899496031,-2.951073598821825,-0.3171456766272655
2023-05-22,157.882,-4.274326664478286,-2.9227900902777533,-3.6817138,-0.0937210664693909,-2.8290690238083624,-0.31365952526537
2023-05-23,156.559,-5.5881943621584815,-2.862914061008968,-3.599324,-0.1561801722802615,-2.7067338887287065,-0.3100592758486378
2023-05-24,157.887,-4.251222761950471,-2.8025098742467214,-3.5068274,-0.2184074430329911,-2.58410243121373,-0.3063432091688738
2023-05-25,159.42000000000002,-2.7094268811236293,-2.7415923069855124,-3.406655,-0.2803838712684444,-2.461208435717068,-0.3025096628135819
2023-05-26,161.054,-1.0668081493042032,-2.680175941607353,-3.3205519,-0.3420907085199214,-2.3380852330874315,-0.2985570350051126
2023-05-27,158.287,-3.825355371074297,-2.6182751679826426,-3.2459214,-0.4035094671528293,-2.214765700829813,-0.2944837883946815
2023-05-28,162.188,0.083917050137786,-2.5559041859852094,-3.1809835,-0.4646219219481775,-2.091282264037032,-0.2902884538060677
2023-05-29,163.70299999999995,1.607301420901614,-2.4930770084091924,-3.087746,-0.5254101114365677,-1.9676668969726248,-0.285969633923878
2023-05-30,156.26000000000002,-5.827799269242097,-2.429807464274772,-3.0049977,-0.5858563389896122,-1.8439511252851597,-0.2815260069212887
2023-05-31,160.762,-1.318084554811088,-2.366109202509392,-2.9247139,-0.6459431736759899,-1.7201660288334022,-0.2769563300222598
2023-06-01,158.363,-3.7095558635099226,-2.3019956959905783,-2.8506994,-0.7056534508895073,-1.596342245101071,-0.2722594429932768
2023-06-02,161.103,-0.9622146230432512,-2.2374802459361973,-2.7867038,-0.7649702727567631,-1.4725099731794342,-0.2674342715597533
2023-06-03,162.745,0.686937738884345,-2.172575986627409,-2.7229874,-0.8238770083322039,-1.348698978295205,-0.2624798307423045
2023-06-04,162.12099999999998,0.0702244887411793,-2.107295890449318,-2.6557052,-0.88235729358855,-1.224938596860768,-0.2573952281081939
2023-06-05,162.828,0.785113422172891,-2.0416527732340173,-2.5818756,-0.9403950312106912,-1.101257742023326,-0.2521796669333477
2023-06-06,168.33,6.294823303214246,-1.9756592998901916,-2.5175145,-0.9979743902013744,-0.9776849096888168,-0.2468324492704257
2023-06-07,167.329,5.300567775401858,-1.9093279903034728,-2.4794683,-1.055079805307067,-0.8542481849964056,-0.2413529789185489
2023-06-08,169.617,7.595112807883826,-1.84267122549109,-2.4220877,-1.1116959762725624,-0.7309752492185275,-0.2357407642903902
2023-06-09,158.81799999999998,-3.197543225585547,-1.7757012539945194,-2.395184,-1.1678078669329688,-0.6078933870615506,-0.2299954211724495
2023-06-10,158.275,-3.7343749004923,-1.7084301984932375,-2.3496034,-1.2234007041518504,-0.4850294943413871,-0.2241166753744616
2023-06-11,165.33700000000002,3.3340941740147616,-1.640870062622764,-2.3025806,-1.2784599766143168,-0.3624100860084474,-0.2181043652640049
2023-06-12,170.93800000000002,8.94089324849169,-1.5730327379799014,-2.2571113,-1.332971433484014,-0.2400613044958872,-0.2119584441825112
2023-06-13,161.049,-0.9425141984039468,-1.5049300112979442,-2.193268,-1.3869210829329328,-0.1180089283650114,-0.205678982739022
2023-06-14,160.40099999999998,-1.5851159625843274,-1.4365735717745256,-2.1297882,-1.440295190553052,0.0037216187785262,-0.1992661709781635
2023-06-15,159.81,-2.1704220675669355,-1.3679750185347272,-2.0557303,-1.493080277658834,0.1251052591241066,-0.1927203204189669
2023-06-16,164.179,2.2042780273512053,-1.299145868211945,-2.0042355,-1.5452631194896178,0.2461172512776728,-0.1860418659613168
2023-06-17,162.45399999999998,0.4848935734042843,-1.2300975626290285,-1.9495709,-1.596830743320942,0.3667331806919136,-0.1792313676569451
2023-06-18,165.68099999999998,3.71733054554846,-1.160841476562199,-1.9292783,-1.647770426493827,0.4869289499316283,-0.1722895123420675
2023-06-19,161.094,-0.8645076577119932,-1.0913889255702236,-1.9677128,-1.6980696943710132,0.6066807688007896,-0.1652171151289098
2023-06-20,159.797,-2.156529562545702,-1.0217511738714713,-1.9404584,-1.747716318229093,0.7259651443576216,-0.1580151207535399
2023-06-21,155.767,-6.181641118669662,-0.9519394422514448,-1.8885688,-1.7966983130954717,0.8447588708440267,-0.1506846047775869
2023-06-22,156.449,-5.494923130701827,-0.8819649159835142,-1.82369,-1.8450039355389676,0.9630390195554532,-0.1432267746416132
2023-06-23,159.982,-1.957219695680333,-0.8118387527457641,-1.7791339,-1.892621681422797,1.0807829286770327,-0.1356429705680625
2023-06-24,159.525,-2.4095595326453605,-0.741572090516938,-1.7520565,-1.9395402836286328,1.197968193111695,-0.1279346663119048
2023-06-25,161.333,-0.5970794522628172,-0.6711760554346415,-1.7065775,-1.9857487097602693,1.314572654325628,-0.1201034697572634
2023-06-26,157.797,-4.128780675092512,-0.6006617695992498,-1.6526295,-2.0312361598353257,1.430574390236076,-0.1121511233585032
2023-06-27,163.019,1.0973355783058474,-0.5300403588070726,-1.5965688,-2.0759920639733287,1.545951705166256,-0.1040795044244432
2023-06-28,161.56400000000002,-0.3537319126275716,-0.4593229601966513,-1.5425684,-2.1200060800882934,1.660683119891642,-0.0958906252445351
2023-06-29,164.718,2.804309365821562,-0.3885207297923446,-1.4785299,-2.1632680915938334,1.7747473618014888,-0.0875866330560593
2023-06-30,163.80800000000002,1.8980169882869695,-0.3176448499295572,-1.4182137,-2.205768205128657,1.8881233551991,-0.0791698098515521
2023-07-01,154.263,-7.643768385889649,-0.2467065365463996,-1.3673265,-2.2474967483101103,2.000790211763711,-0.0706425720258954
2023-07-02,161.66,-0.243606748391811,-0.1757170463268106,-1.3068165,-2.2884442675232246,2.112727221196414,-0.0620074698626805
2023-07-03,157.002,-4.898212490872185,-0.1046876836805887,-1.2450591,-2.328601525752599,2.2239138420720104,-0.0532671868596538
2023-07-04,155.79000000000002,-6.106997774126277,-0.0336298075461091,-1.1828389,-2.3679595004641643,2.3343296929180557,-0.0444245388932445
2023-07-05,161.406,-0.4876393800787667,0.0374451619980672,-1.1307561,-2.4065093815436924,2.44395454354176,-0.0354824732223771
2023-07-06,160.427,-1.4633601819738162,0.1085257373260651,-1.0858237,-2.444242569298697,2.552768306624763,-0.0264440673319536
2023-07-07,161.626,-0.2612525858842474,0.1796003570750534,-1.0355742,-2.48115067253012,2.660751029605173,-0.0173125276166016
2023-07-08,163.06,1.1758488865913104,0.250657380185547,-0.98401785,-2.51722550667995,2.7678828868654968,-0.0080911879054588
2023-07-09,162.865,0.9839516322724956,0.3216850801837246,-0.9468134,-2.552459092060694,2.8741441722444185,0.0012164921710223
2023-07-10,160.50400000000002,-1.3741106350367371,0.3926716397172956,-0.9031724,-2.58684365217232,2.979515291889616,0.010606928971084
2023-07-11,161.895,0.0196736635059281,0.4636051453560346,-0.86706454,-2.6203716121120766,3.083976757468111,0.0200764167871313
2023-07-12,158.905,-2.967286877381204,0.5344735826674322,-0.8202354,-2.653035597082248,3.1875091797496804,0.0296211299451013
2023-07-13,160.947,-0.9221106983302764,0.6052648315776035,-0.77798015,-2.6848284310007218,3.290093262578325,0.0392371250560022
2023-07-14,159.703,-2.163100629518222,0.6759666620268623,-0.7244096,-2.715743135218832,3.391709797245694,0.0489203434176866
2023-07-15,156.224,-5.63922051599469,0.7465667299289115,-0.67664653,-2.745772927350787,3.4923396572796985,0.0586666135647567
2023-07-16,162.297,0.4369638970067188,0.817052573442062,-0.6432123,-2.7749112202185504,3.5919637936606126,0.0684716539642994
2023-07-17,162.93099999999998,1.0736994743576245,0.8874116095602472,-0.6244837,-2.8031516209158918,3.690563230476138,0.0783310758549826
2023-07-18,158.317,-3.537712797168939,0.9576311310311084,-0.5985879,-2.830487929994844,3.788119061025952,0.0882403862268532
2023-07-19,156.225,-5.627273823986895,1.0276983036077243,-0.56333995,-2.8569141407776804,3.8846124443854047,0.0981949909390154
2023-07-20,157.03300000000002,-4.816984512510109,1.097600163640125,-0.52709246,-2.88242443879704,3.980024602437165,0.1081901979721859
2023-07-21,161.888,0.0404608184611726,1.167323616011954,-0.49564943,-2.9070132013666243,4.074336817378578,0.1182212208129604
2023-07-22,161.20100000000002,-0.6439296501617545,1.2368554324271783,-0.44876584,-2.930674997284508,4.167530429711686,0.1282831819664554
2023-07-23,159.67000000000002,-2.172254952033257,1.3061822500510682,-0.41270658,-2.953404586670837,4.259586836721906,0.1383711165938373
2023-07-24,158.943,-2.8958824995267145,1.375290570509026,-0.38539362,-2.975196920941281,4.350487491450307,0.1484799762710808
2023-07-25,160.56699999999998,-1.2684945871463609,1.4441667592463567,-0.3770524,-2.996047142917393,4.44021390216375,0.1586046328651577
2023-07-26,146.994,-14.838092256191835,1.5127970452512507,-0.35927022,-3.015950587074568,4.5287476323258185,0.1687398825236997
2023-07-27,158.873,-2.955201346884127,1.5811675211428715,-0.3240381,-3.03490277992812,4.616070301070992,0.1788804497740403
2023-07-28,161.353,-0.4712440136237831,1.6492641436256028,-0.27390704,-3.052899440557526,4.702163584183129,0.1890209917273974
2023-07-29,160.272,-1.5483236075146185,1.7170727343100478,-0.22347061,-3.069936481268655,4.787009215578703,0.199156102383827
2023-07-30,164.06699999999998,2.2504825948199074,1.7845789809006956,-0.18599293,-3.0860100083934525,4.8705889892941485,0.2092803170334432
2023-07-31,160.31300000000002,-1.499844938197306,1.851768438749534,-0.16232337,-3.1011163232261936,4.952884761975728,0.2193881167492848
2023-08-01,161.188,-0.6213023935600075,1.918626532774363,-0.1360231,-3.115251923095152,5.033878455869515,0.2294739329670757
2023-08-02,170.461,8.655149588232211,1.985138559739897,-0.112730324,-3.128413502568188,5.113552062308085,0.2395321521470295
2023-08-03,160.904,-0.8985620089786873,2.051289690899123,-0.10162316,-3.14059795479042,5.191887645689543,0.2495571205127231
2023-08-04,159.079,-2.720301998534106,2.1170649749919224,-0.10161437,-3.1518023729519,5.2688673479438215,0.2595431488619791
2023-08-05,162.80800000000002,1.0120526309055105,2.1824493415972026,-0.09125901,-3.1620240518828115,5.344473393480014,0.2694845174445844
2023-08-06,159.919,-1.8736317369860425,2.2474276048343773,-0.08238166,-3.1712604897735224,5.4186880946079,0.2793754809015927
2023-08-07,160.395,-1.3942534212601154,2.311984467409352,-0.07391658,-3.1795093900164,5.491493857425752,0.2892102732608743
2023-08-08,165.509,3.723063921621865,2.376104524999715,-0.07317543,-3.1867686631661205,5.562873188165836,0.298983112983491
2023-08-09,163.296,1.5132426661241385,2.439772270973168,-0.071675524,-3.193036429014821,5.632808699987989,0.3086882080554086
2023-08-10,158.012,-3.767707063862416,2.5029721014328614,-0.061233923,-3.1983110187782504,5.701283120211112,0.3183197611189937
2023-08-11,161.79399999999998,0.0172245723354356,2.565688320582645,-0.044663604,-3.2025909773887,5.768279297971345,0.3278719746386825
2023-08-12,159.81799999999998,-1.955842999699242,2.6279051464048035,-0.015788356,-3.205875065890348,5.833780212295151,0.3373390560951529
2023-08-13,162.816,1.0449631893054727,2.689606716642323,0.007317208,-3.20816226393226,5.897768980574583,0.3467152232022952
2023-08-14,167.47899999999998,5.710642720010714,2.7507770950773485,0.038260404,-3.2094517723541647,5.960228867431513,0.3559947091412288
2023-08-15,160.94,-0.8258047006627723,2.81140027809687,0.071522914,-3.209743015859737,6.021143293956607,0.3651717678055839
2023-08-16,165.034,3.2706206353638763,2.871460201536411,0.09301895,-3.209035645772068,6.080495847308479,0.374240679052247
2023-08-17,159.296,-2.4650816483872244,2.930940747791937,0.10273918,-3.207329542865562,6.138270290657498,0.3831957539517415
2023-08-18,159.152,-2.606806483535855,2.989825753189827,0.12260959,-3.204624820268451,6.194450573458278,0.3920313400324089
2023-08-19,158.42899999999997,-3.3274606923799714,3.0480990156044108,0.14395434,-3.200921826429817,6.249020842034228,0.4007418265125556
2023-08-20,158.85399999999998,-2.9000537463947227,3.1057443023121376,0.1075698,-3.1962211481448635,6.301965450457001,0.409321649514725
2023-08-21,165.806,4.054405340106641,3.162745358071092,-0.012954799,-3.190523613631925,6.353268971703017,0.417765297256265
2023-08-22,160.883,-0.8662552325333271,3.219085913414276,-0.044299986,-3.1838302956545834,6.402916209068859,0.4260673152103881
2023-08-23,158.705,-3.041709961744007,3.274749693144767,-0.024716286,-3.176142514682065,6.450892207826832,0.4342223112319287
2023-08-24,162.39,0.6458521540192588,3.3297204250204606,0.010354713,-3.1674618420809213,6.4971822671013815,0.4422249606420448
2023-08-25,160.326,-1.4155934343076455,3.3839818486160143,0.04484396,-3.157790103330861,6.541771951946876,0.4500700112661416
2023-08-26,165.821,4.082459876877732,3.4375177243492083,0.089580946,-3.1471293812574808,6.584647105606689,0.4577522884193459
2023-08-27,167.38500000000002,5.6494053556122665,3.4903118426587096,0.13551022,-3.13548201927444,6.62579386193315,0.4652666998338948
2023-08-28,160.456,-1.2767570617668371,3.5423480333201702,0.18215972,-3.1228506246276497,6.66519865794782,0.4726082405228856
2023-08-29,163.70000000000002,1.970705462994956,3.5936101748871927,0.21123074,-3.109238071633766,6.702848246520959,0.4797719975748704
2023-08-30,164.165,2.4390440229174417,3.6440822042437095,0.22593887,-3.094647504905324,6.738729709149034,0.4867531548738664
2023-08-31,162.188,0.4652586655626566,3.693748126254064,0.21347103,-3.0790823425547416,6.772830468808806,0.493546997739429
2023-09-01,160.584,-1.135460075365828,3.742592023496995,0.10719842,-3.0625462793692493,6.805138302866244,0.500148917481508
2023-09-02,168.153,6.437442753622083,3.790598066069701,0.044280335,-3.045043289948919,6.83564135601862,0.5065544158649115
2023-09-03,164.952,3.240217400579827,3.837750521447919,0.011008721,-3.026577631799764,6.864328153247683,0.512759109478283
2023-09-04,167.976,6.2678640535753285,3.8840337643881138,0.018670077,-3.0071538483739526,6.891187612762066,0.518758734002615
2023-09-05,168.43800000000002,6.733382900676672,3.929432286857669,0.03797496,-2.986776772049082,6.91620905890675,0.5245491483744179
2023-09-06,165.438,3.73677412995177,3.973930707979006,0.070846684,-2.965451527038523,6.939382235017529,0.5301263388387787
2023-09-07,162.11,0.4120379294686977,4.017513783973741,0.118010566,-2.943183532224791,6.960697316198532,0.5354864228876798
2023-09-08,160.373,-1.3213456109422308,4.060166418092678,0.16300435,-2.919978503907947,6.980144922000625,0.5406256530790428
2023-09-09,161.925,0.2343730707332347,4.101873670517892,0.20518705,-2.895842458461041,6.997716128978933,0.5455404207321255
2023-09-10,160.895,-0.791836025096362,4.142620768222994,0.238691,-2.8707817148846906,7.013402483107685,0.5502272594950162
2023-09-11,163.907,2.224339414152633,4.182393114777798,0.2578592,-2.844802897252856,7.027196012030654,0.5546828487801132
2023-09-12,166.721,5.042388209264225,4.221176300083868,0.27069014,-2.8179129370420632,7.039089237125931,0.5589040170636344
2023-09-13,168.41500000000002,6.740310758329598,4.258956110027422,0.29395068,-2.7901190753362783,7.049075185363701,0.5628877450453379
2023-09-14,163.424,1.753107459439735,4.295718536036354,0.3198459,-2.761428864899785,7.057147400936139,0.5666311686648
2023-09-15,165.869,4.201778710685823,4.331449784528264,0.3377483,-2.7318501721105592,7.063299956638823,0.570131581970758
2023-09-16,158.478,-3.1856750898410606,4.366136286236635,0.36265573,-2.701391178746629,7.0675274649832645,0.5733864398401786
2023-09-17,161.03799999999998,-0.6220131672833462,4.399764705402511,0.38115188,-2.670060383618168,7.069825089020679,0.5763933605438967
2023-09-18,165.03,3.374002437855309,4.432321948819295,0.4005536,-2.637866604038088,7.070188552857383,0.579150128155827
2023-09-19,166.385,4.732900887224141,4.4637951747185705,0.4277176,-2.604818977124131,7.068614151842701,0.5816546948029347
2023-09-20,164.095,2.4466826869335567,4.494171801485123,0.44267577,-2.5709269609255667,7.06509876241069,0.583905182753334
2023-09-21,161.805,0.1603483430939227,4.523439516189662,0.44031912,-2.536200335367776,7.059639851557438,0.5858998863400532
2023-09-22,165.534,3.893183611911368,4.551586282928058,0.4352265,-2.500649203008198,7.052235485936256,0.587637273718202
2023-09-23,167.72400000000002,6.086909781125872,4.578600350956344,0.43938392,-2.464283989597307,7.042884340553651,0.5891159884534657
2023-09-24,168.14399999999998,6.510527399218575,4.604470262610913,0.4376278,-2.427115444438449,7.031585707049361,0.5903348509400314
2023-09-25,171.571,9.941037014670796,4.629184861003919,0.26489785,-2.389154640540609,7.018339501544528,0.591292859646252
2023-09-26,166.902,5.275185307104802,4.652733297484212,0.15202199,-2.3504129745584077,7.003146272042619,0.5919891921865521
2023-09-27,166.73399999999998,5.1102197952504405,4.675105038854442,0.11269667,-2.3109021665138227,6.9860072053682645,0.5924232062182676
2023-09-28,169.704,8.083140989994295,4.696289874335654,0.120381944,-2.2706342592943733,6.966924133630027,0.5925944401623211
2023-09-29,171.661,10.042949402222968,4.716277922270801,0.07668181,-2.229621617922773,6.945899540193574,0.5925026137468241
2023-09-30,169.054,7.4386455428230835,4.735059636559357,0.020534657,-2.1878769285932838,6.92293656515264,0.5921476283729081
2023-10-01,160.497,-1.11577007731877,4.752625812815536,0.0078115417,-2.1454131974702912,6.898039010285827,0.5915295673022823
2023-10-02,167.936,6.325956921542875,4.768967594242996,-0.0038461518,-2.102243749244865,6.871211343487861,0.5906486956662251
2023-10-03,172.046,10.438548698809086,4.784076477219696,-0.04062149,-2.0583822254453463,6.842458702665041,0.5895054602959128
2023-10-04,168.267,6.662038051083127,4.797944316586737,-0.015951995,-2.013842582498328,6.811786899085064,0.588100489374197
2023-10-05,165.367,3.764425522069936,4.810563330635752,-0.00030078643,-1.9686390895366277,6.779202420172379,0.5864345919091519
2023-10-06,164.36100000000002,2.760711655474521,4.8219261057898,0.029936658,-1.922786325951172,6.744712431740973,0.5845087570298947
2023-10-07,167.66,6.061896995001846,4.832025600973333,0.06952725,-1.8762991786840484,6.7083247796573815,0.5823241531054227
2023-10-08,170.484,8.887982084356931,4.840855151667249,0.10853322,-1.829192839260212,6.67004799092746,0.5798821266873658
2023-10-09,174.013,12.418967467244778,4.8484084736456285,0.035272107,-1.7814828005557262,6.629891274201355,0.5771842012777976
2023-10-10,172.47899999999998,10.88685368737035,4.854679666391272,-0.09668229,-1.7331848533006926,6.587864519691965,0.5742320759234192
2023-10-11,171.174,9.583641288438669,4.859663216187718,-0.20633362,-1.6843150823153286,6.543978298503046,0.5710276236376458
2023-10-12,165.885,4.296330814154704,4.863353998885901,-0.21516448,-1.6348898624780352,6.498243861363936,0.5675728896523047
2023-10-13,167.334,5.746922808223458,4.865747282344303,-0.21526295,-1.5849258544245917,6.450673136768895,0.563870089500873
2023-10-14,174.944,13.358417814349924,4.8668387285417705,-0.19808596,-1.5344399999778893,6.40127872851966,0.5599216069353489
2023-10-15,165.708,4.123816376239123,4.86662439536295,-0.17206769,-1.4834495173081002,6.35007391267105,0.5557299916790611
2023-10-16,171.672,10.089119037595978,4.86510073805671,-0.30210626,-1.4319718958233418,6.297072633880052,0.5512979570178966
2023-10-17,167.19899999999998,5.617326342125512,4.8622646103684914,-0.2949673,-1.380024890791357,6.242289501159848,0.5466283772326199
2023-10-18,163.888,2.307438833532792,4.858113265348058,-0.29014352,-1.3276265176930102,6.185739783041068,0.5417242848751277
2023-10-19,167.803,6.223457055522719,4.852644355834715,-0.2672613,-1.2747950463087774,6.127439402143493,0.5365888678916731
2023-10-20,164.491,2.912381551800282,4.845855934622527,-0.22334744,-1.2215489945396798,6.067404929162207,0.531225466596258
2023-10-21,167.646,6.068212866070548,4.837746454308652,-0.18752816,-1.1679071219645742,6.005653576273226,0.5256375704975709
2023-10-22,174.601,13.023916761864436,4.828314766828408,-0.24495383,-1.113888423135904,5.942203189964312,0.5198288149830084
2023-10-23,167.594,6.017327480919319,4.817560122681201,-0.24055758,-1.059512120616464,5.877072243297665,0.5138029778634849
2023-10-24,163.409,1.8323795527791995,4.805482169851977,-0.2480117,-1.0047976577600417,5.810279827612019,0.5075639757828927
2023-10-25,164.064,2.4872900697264035,4.792080952433335,-0.38835913,-0.9497646912390936,5.741845643672429,0.5011158604962248
2023-10-26,164.17000000000002,2.5930275262741462,4.777356908953975,-0.3927556,-0.8944330833229922,5.671789992276968,0.4944628150205305
2023-10-27,164.646,3.068693459451162,4.761310870419576,-0.36546785,-0.8388228939107208,5.600133764330297,0.4876091496630135
2023-10-28,159.19,-2.3877116895330595,4.743944058072703,-0.33607665,-0.7829543723221412,5.526898430394844,0.480559297930707
2023-10-29,159.258,-2.319774246937252,4.725258080878841,-0.31230146,-0.7268479488523909,5.452106029731231,0.4733178123263321
2023-10-30,165.199,3.621284488121729,4.705254932745969,-0.28161985,-0.6705242260942029,5.375779158840173,0.4658893600350264
2023-10-31,162.77700000000002,1.199280869793899,4.683936989485765,-0.24228768,-0.6140039700332935,5.2979409595190585,0.4582787185067932
2023-11-01,166.913,5.335215428645913,4.661307005524617,-0.2021714,-0.5573081009222652,5.218615106446882,0.4504907709396113
2023-11-02,169.376,7.798088695244553,4.637368110373331,-0.30969864,-0.5004576839387785,5.13782579431211,0.4425305016682753
2023-11-03,160.806,-0.7720987998434745,4.612123804864648,-0.29798505,-0.4434739196340427,5.055597724498691,0.4344029914641312
2023-11-04,166.932,5.3539994618810285,4.585577957168088,-0.3822318,-0.3863781341779745,4.971956091346062,0.4261134127509725
2023-11-05,162.603,1.0247587972082584,4.557734798591991,-0.48854372,-0.3291917694076542,4.8869265679996445,0.4176670247424619
2023-11-06,174.661,13.082460981075046,4.528598919183024,-0.8794629,-0.2719363726859957,4.80053529186902,0.4090691685065188
2023-11-07,165.503,3.9241065547630103,4.498175263133606,-0.9270871,-0.2146335865778019,4.712808849711408,0.400325261962208
2023-11-08,164.20299999999995,2.62369605955356,4.466469124008204,-0.9183616,-0.1573051383506814,4.623774262358885,0.3914407948147226
2023-11-09,163.05700000000002,1.477230036728313,4.433486139799529,-0.9158278,-0.099972829308512,4.5334589691080405,0.3824213234341365
2023-11-10,165.798,4.2177090275687,4.399232287826075,-0.92913884,-0.042658523965419,4.4418908117914935,0.3732724656836482
2023-11-11,164.517,2.936133573356241,4.363713879482603,-0.96193266,0.0146158609315435,4.349098018551059,0.3639998957031051
2023-11-12,163.271,1.6895042153724922,4.326937554855486,-0.9571089,0.0718283675225483,4.255109187332938,0.3546093386536302
2023-11-13,173.079,11.49682149489897,4.288910277214867,-1.0238876,0.1289570080893909,4.159953269125476,0.3451065654292267
2023-11-14,164.339,2.7560859532171005,4.249639327395965,-1.065588,0.1859797764351932,4.063659550960772,0.3354973873412572
2023-11-15,165.907,4.323298131608472,4.20913229808191,-1.0737004,0.2428746593803917,3.966257638701518,0.3257876507817276
2023-11-16,169.21800000000002,7.633458571354599,4.167397088000567,-1.103347,0.2996196483657392,3.867777439634828,0.3159832318713241
2023-11-17,161.388,-0.1974321862630494,4.124441896048112,-1.0867642,0.3561927511528462,3.768249144895266,0.3060900310981563
2023-11-18,167.47600000000003,5.889626400037065,4.08027521535202,-1.288804,0.4125720036126877,3.667703211739332,0.2961139679531753
2023-11-19,165.016,3.428634871536416,4.034905827286268,-1.4559147,0.4687354815922511,3.566170345694017,0.2860609755682246
2023-11-20,161.586,-0.002406230483424,3.988342795451699,-1.4303887,0.5246613128494219,3.463681482602277,0.2759369953626768
2023-11-21,159.938,-1.6512227316574697,3.940595459634335,-1.421517,0.5803276890460081,3.360267770588327,0.265747971704591
2023-11-22,160.86700000000002,-0.7229448923716212,3.8916734297545306,-1.4062454,0.635712877788745,3.255960551965785,0.2554998465923008
2023-11-23,161.291,-0.2995036122757597,3.841586579819898,-1.3821458,0.6907952347079072,3.1507913451119904,0.2451985543623176
2023-11-24,161.408,-0.182837494598348,3.790345041894727,-1.344947,0.7455532155631466,3.04479182633158,0.2348500164293919
2023-11-25,166.614,5.022835682534522,3.737959200098667,-1.3066995,0.7999653883660264,2.937993811732641,0.224460136064528
2023-11-26,162.707,1.115461643447548,3.684439684647341,-1.2696774,0.8540104455086497,2.830429239138692,0.2140347932167092
2023-11-27,164.605,3.013006297060943,3.6297973659474136,-1.2371235,0.907667215887694,2.72213015005972,0.2035798393840128
2023-11-28,169.69600000000003,8.103506073421238,3.57404334875845,-1.207669,0.9609146770132,2.61312867174525,0.1931010925397512
2023-11-29,166.11999999999998,4.5269057213697055,3.5171889664338947,-1.1869578,1.0137319670912244,2.5034569993426703,0.1826043321191855
2023-11-30,168.226,6.632236898667119,3.45924577525309,-1.2479551,1.0660983970696838,2.3931473781834063,0.1720952940722898
2023-12-01,171.09199999999998,9.497407917182594,3.4002255488563,-1.3716257,1.1179934626364527,2.282232086219847,0.1615796659879591
2023-12-02,169.682,8.086268720799453,3.3401402727942013,-1.6475091,1.1693968561589765,2.170743416635225,0.1510630822949602
2023-12-03,166.30800000000002,4.711036547189266,3.2790021392033126,-2.1159606,1.2202884785544967,2.058713660648816,0.1405511195448291
2023-12-04,166.629,5.030680036254365,3.216823541618377,-2.1784112,1.2706484510801284,1.9461750905382489,0.1300492917818169
2023-12-05,167.427,5.827300870412885,3.153617069932463,-2.22531,1.3204571270319876,1.8331599429004757,0.1195630460048705
2023-12-06,167.123,5.521854439233466,3.08939550551529,-2.4300795,1.3696951033426483,1.7197004021726423,0.1090977577265289
2023-12-07,160.88,-0.72261222511865,3.024171816499888,-2.6704683,1.418343232066205,1.605828584433683,0.0986587266334885
2023-12-08,166.907,5.302912707556263,2.957959153247316,-2.6566694,1.466382631740376,1.49157652150694,0.088251172353462
2023-12-09,160.195,-1.4107320515354338,2.890770843998928,-2.642383,1.5137946986150603,1.3769761453838676,0.0778802303328319
2023-12-10,164.056,2.448666495301475,2.82262039072504,-2.6819866,1.560561117736941,1.2620592729880986,0.0675509478294532
2023-12-11,161.31799999999998,-0.291016228623839,2.753521465178702,-2.6679108,1.6066638738797572,1.1468575912989447,0.0572682800248249
2023-12-12,166.203,4.592335824110089,2.683487905162659,-2.6382024,1.6520852623100268,1.0314026428526322,0.0470370862596957
2023-12-13,163.095,1.4821467735251406,2.6125337110171887,-2.612395,1.6968078993781484,0.9157258116390404,0.0368621263970239
2023-12-14,162.66,1.0449629391423705,2.54067304233606,-2.5799546,1.740814732924847,0.799858309411213,0.026748057316048
2023-12-15,164.085,2.467784802844135,2.467920214917378,-2.537115,1.7840890524932245,0.6838311624241535,0.0166994295410696
2023-12-16,164.166,2.5466128465126823,2.394289697955486,-2.4902294,1.8266144993367277,0.5676751986187587,0.0067206840083782
2023-12-17,164.145,2.523335514083114,2.3197961114797416,-2.4731216,1.8683750762135511,0.4514210352661905,-0.0031838510254144
2023-12-18,167.585,5.960919569592529,2.244454224045329,-2.5989833,1.9093551569581924,0.3350990670871367,-0.0130099629305416
2023-12-19,167.22,5.593006572384866,2.1682789506807283,-2.9194908,1.949539495821065,0.2187394548596632,-0.0227535575038418
2023-12-20,166.386,4.755790380453869,2.09128535109607,-3.0245826,1.9889132365672435,0.1023721145288267,-0.0324106616183657
2023-12-21,160.48299999999998,-1.1504026258261555,2.013488628155774,-2.9887388,2.0274619213257075,-0.0139732931699336,-0.0419774257202976
2023-12-22,158.975,-2.661502109093545,1.9349041266185725,-2.9909875,2.06517149918058,-0.1302673725620076,-0.0514501261708089
2023-12-23,164.773,3.133480673258469,1.855547332147208,-2.9737203,2.1020283344961936,-0.246481002348986,-0.0608251674306854
2023-12-24,162.272,0.6294052569726449,1.775433870589667,-2.9652302,2.138019214967964,-0.3625853443782971,-0.0700990840857349
2023-12-25,164.707,3.0613081562804005,1.6945795075331067,-2.982091,2.1731313593913844,-0.4785518518582776,-0.0792685427111875
2023-12-26,165.985,4.336235347518538,1.613000148131048,-2.9933114,2.2073524251416585,-0.5943522770106107,-0.088330343573499
2023-12-27,159.433,-2.218810665826893,1.5307118372038573,-3.152852,2.2406705153568254,-0.7099586781529681,-0.0972814221681572
2023-12-28,167.441,5.786247658172733,1.4477307596118028,-3.1769419,2.273074185817423,-0.8253434262056203,-0.1061188505922958
2023-12-29,175.818,14.160334578616876,1.3640732408994256,-3.2797441,2.304552451516113,-0.9404792106166876,-0.1148398387511184
2023-12-30,164.58,2.919275935782645,1.279755748209377,-3.3790338,2.335094792910933,-1.055339044701556,-0.1234417353973413
2023-12-31,160.83,-0.8337533068201722,1.1947948914631263,-3.3320048,2.364691161856148,-1.1698962703930218,-0.1319220290030542
